subject_id,group_name,trial_ind_congrtest,pathpair_congrtest,acc_congrtest,rt_congrtest,response,consc_confratings_congrtest,clar_confratings_congrtest,diff_confratings_congrtest,conf_confratings_congrtest,freeeval_congrtest
Q1gq5kxl69j044m8bx2fry24aQ,rotational,0.0,"[[5, 6, 7, 1], [4, 1, 7]]",1.0,8.535,1,Fully conscious/deliberative,Fully clear,Easy,Rather confident,Thinking of flower combinations that the bee went to.
Q1gq5kxl69j044m8bx2fry24aQ,rotational,1.0,"[[6, 5, 3], [6, 7, 1, 4]]",1.0,5.677,0,Fully conscious/deliberative,Fully clear,Easy,Rather confident,Thinking of flower combinations that the bee went to.
Q1gq5kxl69j044m8bx2fry24aQ,rotational,2.0,"[[4, 1, 7, 6], [2, 6, 7]]",0.0,5.886,0,Fully conscious/deliberative,Fully clear,Easy,Rather confident,Thinking of flower combinations that the bee went to.
Q1gq5kxl69j044m8bx2fry24aQ,rotational,3.0,"[[2, 6, 7], [6, 7, 1, 4]]",0.0,3.082,1,Fully conscious/deliberative,Fully clear,Easy,Rather confident,Thinking of flower combinations that the bee went to.
Q1gq5kxl69j044m8bx2fry24aQ,rotational,4.0,"[[6, 7, 1, 4], [6, 5, 3]]",1.0,3.041,1,Fully conscious/deliberative,Fully clear,Easy,Rather confident,Thinking of flower combinations that the bee went to.
Q1gq5kxl69j044m8bx2fry24aQ,rotational,5.0,"[[0, 7, 1, 4], [5, 6, 7]]",0.0,6.172,0,Fully conscious/deliberative,Fully clear,Easy,Rather confident,Thinking of flower combinations that the bee went to.
Q1gq5kxl69j044m8bx2fry24aQ,rotational,6.0,"[[1, 7, 0], [1, 7, 6, 5]]",1.0,4.041,0,Fully conscious/deliberative,Fully clear,Easy,Rather confident,Thinking of flower combinations that the bee went to.
Q1gq5kxl69j044m8bx2fry24aQ,rotational,7.0,"[[1, 7, 6, 5, 3], [2, 6, 7, 1]]",1.0,3.867,1,Fully conscious/deliberative,Fully clear,Easy,Rather confident,Thinking of flower combinations that the bee went to.
Q1gq5kxl69j044m8bx2fry24aQ,rotational,8.0,"[[2, 6, 7, 1], [0, 7, 1]]",1.0,3.367,1,Fully conscious/deliberative,Fully clear,Easy,Rather confident,Thinking of flower combinations that the bee went to.
Q1gq5kxl69j044m8bx2fry24aQ,rotational,9.0,"[[0, 7, 1], [0, 7, 6, 2]]",1.0,4.02,0,Fully conscious/deliberative,Fully clear,Easy,Rather confident,Thinking of flower combinations that the bee went to.
Q1gq5kxl69j044m8bx2fry24aQ,rotational,10.0,"[[3, 5, 6, 7, 1], [3, 5, 6, 2]]",1.0,5.213,1,Fully conscious/deliberative,Fully clear,Easy,Rather confident,Thinking of flower combinations that the bee went to.
Q1gq5kxl69j044m8bx2fry24aQ,rotational,11.0,"[[5, 6, 7, 0], [7, 1, 4]]",1.0,5.045,1,Fully conscious/deliberative,Fully clear,Easy,Rather confident,Thinking of flower combinations that the bee went to.
Q1gq5kxl69j044m8bx2fry24aQ,rotational,12.0,"[[0, 7, 6, 5, 3], [4, 1, 7, 6]]",1.0,1.975,1,Fully conscious/deliberative,Fully clear,Easy,Rather confident,Thinking of flower combinations that the bee went to.
Q1gq5kxl69j044m8bx2fry24aQ,rotational,13.0,"[[5, 6, 7, 1], [2, 6, 7]]",1.0,2.602,1,Fully conscious/deliberative,Fully clear,Easy,Rather confident,Thinking of flower combinations that the bee went to.
Q1gq5kxl69j044m8bx2fry24aQ,rotational,14.0,"[[0, 7, 6, 2], [6, 5, 3]]",1.0,3.247,1,Fully conscious/deliberative,Fully clear,Easy,Rather confident,Thinking of flower combinations that the bee went to.
Q1gq5kxl69j044m8bx2fry24aQ,rotational,15.0,"[[2, 6, 7, 1], [5, 6, 2]]",0.0,4.598,0,Fully conscious/deliberative,Fully clear,Easy,Rather confident,Thinking of flower combinations that the bee went to.
Q1gq5kxl69j044m8bx2fry24aQ,rotational,16.0,"[[2, 6, 7], [2, 6, 7, 1]]",0.0,13.954,1,Fully conscious/deliberative,Fully clear,Easy,Rather confident,Thinking of flower combinations that the bee went to.
Q1gq5kxl69j044m8bx2fry24aQ,rotational,17.0,"[[0, 7, 6, 5, 3], [0, 7, 6, 2]]",1.0,1.657,1,Fully conscious/deliberative,Fully clear,Easy,Rather confident,Thinking of flower combinations that the bee went to.
Q1gq5kxl69j044m8bx2fry24aQ,rotational,18.0,"[[5, 6, 7, 1, 4], [4, 1, 7, 6]]",1.0,1.061,1,Fully conscious/deliberative,Fully clear,Easy,Rather confident,Thinking of flower combinations that the bee went to.
Q1gq5kxl69j044m8bx2fry24aQ,rotational,19.0,"[[1, 7, 6], [3, 5, 6, 2]]",0.0,2.626,1,Fully conscious/deliberative,Fully clear,Easy,Rather confident,Thinking of flower combinations that the bee went to.
Q1gq5kxl69j044m8bx2fry24aQ,rotational,20.0,"[[2, 6, 5, 3], [2, 6, 5]]",1.0,3.431,1,Fully conscious/deliberative,Fully clear,Easy,Rather confident,Thinking of flower combinations that the bee went to.
Q1gq5kxl69j044m8bx2fry24aQ,rotational,21.0,"[[2, 6, 7, 1], [4, 1, 7]]",1.0,2.582,1,Fully conscious/deliberative,Fully clear,Easy,Rather confident,Thinking of flower combinations that the bee went to.
Q1gq5kxl69j044m8bx2fry24aQ,rotational,22.0,"[[1, 7, 6, 2], [0, 7, 1]]",1.0,1.362,1,Fully conscious/deliberative,Fully clear,Easy,Rather confident,Thinking of flower combinations that the bee went to.
Q1gq5kxl69j044m8bx2fry24aQ,rotational,23.0,"[[6, 7, 1], [0, 7, 1, 4]]",1.0,2.638,0,Fully conscious/deliberative,Fully clear,Easy,Rather confident,Thinking of flower combinations that the bee went to.
Q1gq5kxl69j044m8bx2fry24aQ,rotational,24.0,"[[7, 6, 5, 3], [4, 1, 7, 6, 2]]",1.0,2.788,0,Fully conscious/deliberative,Fully clear,Easy,Rather confident,Thinking of flower combinations that the bee went to.
Q1gq5kxl69j044m8bx2fry24aQ,rotational,25.0,"[[0, 7, 6], [5, 6, 7, 0]]",1.0,2.351,0,Fully conscious/deliberative,Fully clear,Easy,Rather confident,Thinking of flower combinations that the bee went to.
Q1gq5kxl69j044m8bx2fry24aQ,rotational,26.0,"[[2, 6, 5, 3], [7, 6, 5]]",0.0,1.594,0,Fully conscious/deliberative,Fully clear,Easy,Rather confident,Thinking of flower combinations that the bee went to.
Q1gq5kxl69j044m8bx2fry24aQ,rotational,27.0,"[[5, 6, 7], [0, 7, 6, 2]]",0.0,2.935,1,Fully conscious/deliberative,Fully clear,Easy,Rather confident,Thinking of flower combinations that the bee went to.
Q1gq5kxl69j044m8bx2fry24aQ,rotational,28.0,"[[4, 1, 7, 6, 2], [5, 6, 7, 0]]",0.0,4.031,0,Fully conscious/deliberative,Fully clear,Easy,Rather confident,Thinking of flower combinations that the bee went to.
Q1gq5kxl69j044m8bx2fry24aQ,rotational,29.0,"[[5, 6, 7, 1, 4], [7, 6, 5, 3]]",0.0,1.392,0,Fully conscious/deliberative,Fully clear,Easy,Rather confident,Thinking of flower combinations that the bee went to.
Q1gq5kxl69j044m8bx2fry24aQ,rotational,30.0,"[[1, 7, 6, 2], [5, 6, 7]]",0.0,2.04,0,Fully conscious/deliberative,Fully clear,Easy,Rather confident,Thinking of flower combinations that the bee went to.
Q1gq5kxl69j044m8bx2fry24aQ,rotational,31.0,"[[7, 6, 5], [6, 7, 1, 4]]",0.0,1.49,1,Fully conscious/deliberative,Fully clear,Easy,Rather confident,Thinking of flower combinations that the bee went to.
Q1gq5kxl69j044m8bx2fry24aQ,rotational,32.0,"[[7, 6, 2], [0, 7, 1, 4]]",1.0,2.996,0,Fully conscious/deliberative,Fully clear,Easy,Rather confident,Thinking of flower combinations that the bee went to.
Q1gq5kxl69j044m8bx2fry24aQ,rotational,33.0,"[[4, 1, 7], [2, 6, 7, 1]]",1.0,3.293,0,Fully conscious/deliberative,Fully clear,Easy,Rather confident,Thinking of flower combinations that the bee went to.
Q1gq5kxl69j044m8bx2fry24aQ,rotational,34.0,"[[2, 6, 5, 3], [6, 7, 0]]",1.0,5.832,1,Fully conscious/deliberative,Fully clear,Easy,Rather confident,Thinking of flower combinations that the bee went to.
Q1gq5kxl69j044m8bx2fry24aQ,rotational,35.0,"[[4, 1, 7, 6, 2], [2, 6, 5, 3]]",1.0,5.69,1,Fully conscious/deliberative,Fully clear,Easy,Rather confident,Thinking of flower combinations that the bee went to.
Q1gq5kxl69j044m8bx2fry24aQ,rotational,36.0,"[[2, 6, 5, 3], [1, 7, 0]]",1.0,1.21,1,Fully conscious/deliberative,Fully clear,Easy,Rather confident,Thinking of flower combinations that the bee went to.
Q1gq5kxl69j044m8bx2fry24aQ,rotational,37.0,"[[6, 7, 0], [4, 1, 7, 0]]",1.0,1.949,0,Fully conscious/deliberative,Fully clear,Easy,Rather confident,Thinking of flower combinations that the bee went to.
Q1gq5kxl69j044m8bx2fry24aQ,rotational,38.0,"[[4, 1, 7, 0], [5, 6, 7, 1, 4]]",1.0,1.949,0,Fully conscious/deliberative,Fully clear,Easy,Rather confident,Thinking of flower combinations that the bee went to.
Q1gq5kxl69j044m8bx2fry24aQ,rotational,39.0,"[[2, 6, 7, 1], [6, 5, 3]]",1.0,2.37,1,Fully conscious/deliberative,Fully clear,Easy,Rather confident,Thinking of flower combinations that the bee went to.
Q1gq5kxl69j044m8bx2fry24aQ,rotational,40.0,"[[0, 7, 6, 5], [2, 6, 5]]",1.0,7.61,1,Fully conscious/deliberative,Fully clear,Easy,Rather confident,Thinking of flower combinations that the bee went to.
Q1gq5kxl69j044m8bx2fry24aQ,rotational,41.0,"[[4, 1, 7, 6], [5, 6, 2]]",0.0,1.222,0,Fully conscious/deliberative,Fully clear,Easy,Rather confident,Thinking of flower combinations that the bee went to.
Q1gq5kxl69j044m8bx2fry24aQ,rotational,42.0,"[[0, 7, 1, 4], [3, 5, 6]]",0.0,2.15,0,Fully conscious/deliberative,Fully clear,Easy,Rather confident,Thinking of flower combinations that the bee went to.
Q1gq5kxl69j044m8bx2fry24aQ,rotational,43.0,"[[4, 1, 7, 6], [3, 5, 6, 7, 1]]",1.0,1.316,0,Fully conscious/deliberative,Fully clear,Easy,Rather confident,Thinking of flower combinations that the bee went to.
Q1gq5kxl69j044m8bx2fry24aQ,rotational,44.0,"[[5, 6, 7, 0], [1, 7, 0]]",1.0,2.399,1,Fully conscious/deliberative,Fully clear,Easy,Rather confident,Thinking of flower combinations that the bee went to.
Q1gq5kxl69j044m8bx2fry24aQ,rotational,45.0,"[[3, 5, 6, 7, 1], [1, 7, 6, 5]]",0.0,2.598,0,Fully conscious/deliberative,Fully clear,Easy,Rather confident,Thinking of flower combinations that the bee went to.
Q1gq5kxl69j044m8bx2fry24aQ,rotational,46.0,"[[1, 7, 6, 2], [1, 7, 6]]",0.0,0.956,0,Fully conscious/deliberative,Fully clear,Easy,Rather confident,Thinking of flower combinations that the bee went to.
Q1gq5kxl69j044m8bx2fry24aQ,rotational,47.0,"[[2, 6, 5], [7, 6, 5, 3]]",1.0,2.968,0,Fully conscious/deliberative,Fully clear,Easy,Rather confident,Thinking of flower combinations that the bee went to.
Q1gq5kxl69j044m8bx2fry24aQ,rotational,48.0,"[[1, 7, 6, 5], [2, 6, 5]]",1.0,3.2,1,Fully conscious/deliberative,Fully clear,Easy,Rather confident,Thinking of flower combinations that the bee went to.
Q1gq5kxl69j044m8bx2fry24aQ,rotational,49.0,"[[5, 6, 7], [5, 6, 7, 1]]",1.0,3.764,0,Fully conscious/deliberative,Fully clear,Easy,Rather confident,Thinking of flower combinations that the bee went to.
Q1gq5kxl69j044m8bx2fry24aQ,rotational,50.0,"[[2, 6, 7], [0, 7, 1, 4]]",1.0,2.021,0,Fully conscious/deliberative,Fully clear,Easy,Rather confident,Thinking of flower combinations that the bee went to.
Q1gq5kxl69j044m8bx2fry24aQ,rotational,51.0,"[[1, 7, 6, 2], [3, 5, 6, 7, 0]]",1.0,1.371,0,Fully conscious/deliberative,Fully clear,Easy,Rather confident,Thinking of flower combinations that the bee went to.
Q1gq5kxl69j044m8bx2fry24aQ,rotational,52.0,"[[6, 7, 1, 4], [0, 7, 1]]",0.0,1.125,0,Fully conscious/deliberative,Fully clear,Easy,Rather confident,Thinking of flower combinations that the bee went to.
Q1gq5kxl69j044m8bx2fry24aQ,rotational,53.0,"[[4, 1, 7, 0], [2, 6, 7, 1, 4]]",0.0,5.021,1,Fully conscious/deliberative,Fully clear,Easy,Rather confident,Thinking of flower combinations that the bee went to.
Q1gq5kxl69j044m8bx2fry24aQ,rotational,54.0,"[[5, 6, 7], [0, 7, 6, 5]]",1.0,2.876,0,Fully conscious/deliberative,Fully clear,Easy,Rather confident,Thinking of flower combinations that the bee went to.
Q1gq5kxl69j044m8bx2fry24aQ,rotational,55.0,"[[1, 7, 6], [5, 6, 7, 0]]",1.0,1.151,0,Fully conscious/deliberative,Fully clear,Easy,Rather confident,Thinking of flower combinations that the bee went to.
Q1gq5kxl69j044m8bx2fry24aQ,rotational,56.0,"[[7, 1, 4], [0, 7, 6, 2]]",1.0,1.927,0,Fully conscious/deliberative,Fully clear,Easy,Rather confident,Thinking of flower combinations that the bee went to.
Q1gq5kxl69j044m8bx2fry24aQ,rotational,57.0,"[[1, 7, 6, 5], [6, 5, 3]]",1.0,2.085,1,Fully conscious/deliberative,Fully clear,Easy,Rather confident,Thinking of flower combinations that the bee went to.
Q1gq5kxl69j044m8bx2fry24aQ,rotational,58.0,"[[5, 6, 7, 1], [4, 1, 7]]",1.0,2.493,1,Fully conscious/deliberative,Fully clear,Easy,Rather confident,Thinking of flower combinations that the bee went to.
Q1gq5kxl69j044m8bx2fry24aQ,rotational,59.0,"[[2, 6, 5, 3], [4, 1, 7]]",1.0,2.709,1,Fully conscious/deliberative,Fully clear,Easy,Rather confident,Thinking of flower combinations that the bee went to.
Q1gq5kxl69j044m8bx2fry24aQ,rotational,60.0,"[[7, 6, 5, 3], [7, 6, 2]]",1.0,5.064,1,Fully conscious/deliberative,Fully clear,Easy,Rather confident,Thinking of flower combinations that the bee went to.
Q1gq5kxl69j044m8bx2fry24aQ,rotational,61.0,"[[7, 6, 5, 3], [5, 6, 7, 1, 4]]",0.0,1.845,1,Fully conscious/deliberative,Fully clear,Easy,Rather confident,Thinking of flower combinations that the bee went to.
Q1gq5kxl69j044m8bx2fry24aQ,rotational,62.0,"[[3, 5, 6, 7, 1, 4], [2, 6, 7, 1, 4]]",0.0,6.341,0,Fully conscious/deliberative,Fully clear,Easy,Rather confident,Thinking of flower combinations that the bee went to.
Q1gq5kxl69j044m8bx2fry24aQ,rotational,63.0,"[[6, 7, 1], [5, 6, 7, 1]]",1.0,1.232,0,Fully conscious/deliberative,Fully clear,Easy,Rather confident,Thinking of flower combinations that the bee went to.
Q1gq5kxl69j044m8bx2fry24aQ,rotational,64.0,"[[4, 1, 7, 0], [2, 6, 5]]",0.0,2.477,0,Fully conscious/deliberative,Fully clear,Easy,Rather confident,Thinking of flower combinations that the bee went to.
Q1mkm11viqoktk5gj9hzrdcstQ,rotational,0.0,"[[5, 6, 7, 0], [5, 6, 7]]",1.0,48.678,1,Fully conscious/deliberative,Somewhat clear,Hard,Rather confident,"I imagined where the bee will be moving from.
It would help to indicate where the bee is moving from"
Q1mkm11viqoktk5gj9hzrdcstQ,rotational,1.0,"[[2, 6, 7, 1, 4], [3, 5, 6, 2]]",0.0,39.372,0,Fully conscious/deliberative,Somewhat clear,Hard,Rather confident,"I imagined where the bee will be moving from.
It would help to indicate where the bee is moving from"
Q1mkm11viqoktk5gj9hzrdcstQ,rotational,2.0,"[[0, 7, 6, 2], [0, 7, 6, 5, 3]]",1.0,17.618,0,Fully conscious/deliberative,Somewhat clear,Hard,Rather confident,"I imagined where the bee will be moving from.
It would help to indicate where the bee is moving from"
Q1mkm11viqoktk5gj9hzrdcstQ,rotational,3.0,"[[4, 1, 7, 6, 5], [3, 5, 6, 7]]",0.0,5.886,0,Fully conscious/deliberative,Somewhat clear,Hard,Rather confident,"I imagined where the bee will be moving from.
It would help to indicate where the bee is moving from"
Q1mkm11viqoktk5gj9hzrdcstQ,rotational,4.0,"[[4, 1, 7, 0], [2, 6, 7, 1, 4]]",0.0,9.892,1,Fully conscious/deliberative,Somewhat clear,Hard,Rather confident,"I imagined where the bee will be moving from.
It would help to indicate where the bee is moving from"
Q1mkm11viqoktk5gj9hzrdcstQ,rotational,5.0,"[[0, 7, 1, 4], [7, 6, 5]]",0.0,8.703,0,Fully conscious/deliberative,Somewhat clear,Hard,Rather confident,"I imagined where the bee will be moving from.
It would help to indicate where the bee is moving from"
Q1mkm11viqoktk5gj9hzrdcstQ,rotational,6.0,"[[0, 7, 1], [3, 5, 6, 2]]",1.0,5.47,0,Fully conscious/deliberative,Somewhat clear,Hard,Rather confident,"I imagined where the bee will be moving from.
It would help to indicate where the bee is moving from"
Q1mkm11viqoktk5gj9hzrdcstQ,rotational,7.0,"[[6, 5, 3], [2, 6, 7, 1]]",1.0,7.466,0,Fully conscious/deliberative,Somewhat clear,Hard,Rather confident,"I imagined where the bee will be moving from.
It would help to indicate where the bee is moving from"
Q1mkm11viqoktk5gj9hzrdcstQ,rotational,8.0,"[[4, 1, 7, 6, 2], [3, 5, 6, 7]]",1.0,11.145,1,Fully conscious/deliberative,Somewhat clear,Hard,Rather confident,"I imagined where the bee will be moving from.
It would help to indicate where the bee is moving from"
Q1mkm11viqoktk5gj9hzrdcstQ,rotational,9.0,"[[5, 6, 7], [2, 6, 7, 0]]",0.0,2.922,1,Fully conscious/deliberative,Somewhat clear,Hard,Rather confident,"I imagined where the bee will be moving from.
It would help to indicate where the bee is moving from"
Q1mkm11viqoktk5gj9hzrdcstQ,rotational,10.0,"[[0, 7, 1, 4], [5, 6, 7, 1, 4]]",1.0,8.573,0,Fully conscious/deliberative,Somewhat clear,Hard,Rather confident,"I imagined where the bee will be moving from.
It would help to indicate where the bee is moving from"
Q1mkm11viqoktk5gj9hzrdcstQ,rotational,11.0,"[[7, 1, 4], [0, 7, 6, 2]]",0.0,5.031,1,Fully conscious/deliberative,Somewhat clear,Hard,Rather confident,"I imagined where the bee will be moving from.
It would help to indicate where the bee is moving from"
Q1mkm11viqoktk5gj9hzrdcstQ,rotational,12.0,"[[2, 6, 7, 0], [0, 7, 1]]",1.0,4.09,1,Fully conscious/deliberative,Somewhat clear,Hard,Rather confident,"I imagined where the bee will be moving from.
It would help to indicate where the bee is moving from"
Q1mkm11viqoktk5gj9hzrdcstQ,rotational,13.0,"[[2, 6, 7, 1], [4, 1, 7]]",1.0,8.495,1,Fully conscious/deliberative,Somewhat clear,Hard,Rather confident,"I imagined where the bee will be moving from.
It would help to indicate where the bee is moving from"
Q1mkm11viqoktk5gj9hzrdcstQ,rotational,14.0,"[[1, 7, 6, 5, 3], [6, 7, 1, 4]]",1.0,2.877,1,Fully conscious/deliberative,Somewhat clear,Hard,Rather confident,"I imagined where the bee will be moving from.
It would help to indicate where the bee is moving from"
Q1mkm11viqoktk5gj9hzrdcstQ,rotational,15.0,"[[7, 6, 5, 3], [2, 6, 7]]",0.0,9.289,0,Fully conscious/deliberative,Somewhat clear,Hard,Rather confident,"I imagined where the bee will be moving from.
It would help to indicate where the bee is moving from"
Q1mkm11viqoktk5gj9hzrdcstQ,rotational,16.0,"[[1, 7, 0], [1, 7, 6, 2]]",1.0,6.962,0,Fully conscious/deliberative,Somewhat clear,Hard,Rather confident,"I imagined where the bee will be moving from.
It would help to indicate where the bee is moving from"
Q1mkm11viqoktk5gj9hzrdcstQ,rotational,17.0,"[[0, 7, 1, 4], [2, 6, 7]]",1.0,3.882,1,Fully conscious/deliberative,Somewhat clear,Hard,Rather confident,"I imagined where the bee will be moving from.
It would help to indicate where the bee is moving from"
Q1mkm11viqoktk5gj9hzrdcstQ,rotational,18.0,"[[2, 6, 7, 1, 4], [0, 7, 6, 5]]",1.0,8.818,1,Fully conscious/deliberative,Somewhat clear,Hard,Rather confident,"I imagined where the bee will be moving from.
It would help to indicate where the bee is moving from"
Q1mkm11viqoktk5gj9hzrdcstQ,rotational,19.0,"[[1, 7, 6], [0, 7, 1, 4]]",1.0,2.562,0,Fully conscious/deliberative,Somewhat clear,Hard,Rather confident,"I imagined where the bee will be moving from.
It would help to indicate where the bee is moving from"
Q1mkm11viqoktk5gj9hzrdcstQ,rotational,20.0,"[[0, 7, 6, 5], [1, 7, 6]]",0.0,4.577,0,Fully conscious/deliberative,Somewhat clear,Hard,Rather confident,"I imagined where the bee will be moving from.
It would help to indicate where the bee is moving from"
Q1mkm11viqoktk5gj9hzrdcstQ,rotational,21.0,"[[1, 7, 6, 2], [1, 7, 0]]",1.0,3.482,1,Fully conscious/deliberative,Somewhat clear,Hard,Rather confident,"I imagined where the bee will be moving from.
It would help to indicate where the bee is moving from"
Q1mkm11viqoktk5gj9hzrdcstQ,rotational,22.0,"[[2, 6, 7, 0], [6, 5, 3]]",1.0,4.821,1,Fully conscious/deliberative,Somewhat clear,Hard,Rather confident,"I imagined where the bee will be moving from.
It would help to indicate where the bee is moving from"
Q1mkm11viqoktk5gj9hzrdcstQ,rotational,23.0,"[[3, 5, 6, 7, 0], [2, 6, 7, 1]]",1.0,4.194,1,Fully conscious/deliberative,Somewhat clear,Hard,Rather confident,"I imagined where the bee will be moving from.
It would help to indicate where the bee is moving from"
Q1mkm11viqoktk5gj9hzrdcstQ,rotational,24.0,"[[2, 6, 7, 1], [5, 6, 2]]",0.0,3.093,0,Fully conscious/deliberative,Somewhat clear,Hard,Rather confident,"I imagined where the bee will be moving from.
It would help to indicate where the bee is moving from"
Q1mkm11viqoktk5gj9hzrdcstQ,rotational,25.0,"[[2, 6, 7], [4, 1, 7, 6]]",1.0,4.561,0,Fully conscious/deliberative,Somewhat clear,Hard,Rather confident,"I imagined where the bee will be moving from.
It would help to indicate where the bee is moving from"
Q1mkm11viqoktk5gj9hzrdcstQ,rotational,26.0,"[[3, 5, 6], [4, 1, 7, 6]]",1.0,6.795,0,Fully conscious/deliberative,Somewhat clear,Hard,Rather confident,"I imagined where the bee will be moving from.
It would help to indicate where the bee is moving from"
Q1mkm11viqoktk5gj9hzrdcstQ,rotational,27.0,"[[1, 7, 6, 5], [1, 7, 6]]",1.0,4.222,1,Fully conscious/deliberative,Somewhat clear,Hard,Rather confident,"I imagined where the bee will be moving from.
It would help to indicate where the bee is moving from"
Q1mkm11viqoktk5gj9hzrdcstQ,rotational,28.0,"[[4, 1, 7, 6, 2], [4, 1, 7, 6, 5, 3]]",1.0,4.711,0,Fully conscious/deliberative,Somewhat clear,Hard,Rather confident,"I imagined where the bee will be moving from.
It would help to indicate where the bee is moving from"
Q1mkm11viqoktk5gj9hzrdcstQ,rotational,29.0,"[[5, 6, 7], [1, 7, 6, 2]]",0.0,3.149,1,Fully conscious/deliberative,Somewhat clear,Hard,Rather confident,"I imagined where the bee will be moving from.
It would help to indicate where the bee is moving from"
Q1mkm11viqoktk5gj9hzrdcstQ,rotational,30.0,"[[6, 7, 1], [3, 5, 6, 2]]",1.0,3.279,0,Fully conscious/deliberative,Somewhat clear,Hard,Rather confident,"I imagined where the bee will be moving from.
It would help to indicate where the bee is moving from"
Q1mkm11viqoktk5gj9hzrdcstQ,rotational,31.0,"[[6, 7, 0], [2, 6, 5, 3]]",0.0,3.49,1,Fully conscious/deliberative,Somewhat clear,Hard,Rather confident,"I imagined where the bee will be moving from.
It would help to indicate where the bee is moving from"
Q1mkm11viqoktk5gj9hzrdcstQ,rotational,32.0,"[[0, 7, 6, 5], [0, 7, 1]]",0.0,2.629,0,Fully conscious/deliberative,Somewhat clear,Hard,Rather confident,"I imagined where the bee will be moving from.
It would help to indicate where the bee is moving from"
Q1mkm11viqoktk5gj9hzrdcstQ,rotational,33.0,"[[6, 7, 1, 4], [7, 6, 5]]",1.0,4.119,1,Fully conscious/deliberative,Somewhat clear,Hard,Rather confident,"I imagined where the bee will be moving from.
It would help to indicate where the bee is moving from"
Q1mkm11viqoktk5gj9hzrdcstQ,rotational,34.0,"[[7, 1, 4], [3, 5, 6, 2]]",1.0,3.882,0,Fully conscious/deliberative,Somewhat clear,Hard,Rather confident,"I imagined where the bee will be moving from.
It would help to indicate where the bee is moving from"
Q1mkm11viqoktk5gj9hzrdcstQ,rotational,35.0,"[[5, 6, 2], [0, 7, 1, 4]]",0.0,3.705,1,Fully conscious/deliberative,Somewhat clear,Hard,Rather confident,"I imagined where the bee will be moving from.
It would help to indicate where the bee is moving from"
Q1mkm11viqoktk5gj9hzrdcstQ,rotational,36.0,"[[4, 1, 7, 6, 5], [4, 1, 7, 6]]",1.0,3.514,1,Fully conscious/deliberative,Somewhat clear,Hard,Rather confident,"I imagined where the bee will be moving from.
It would help to indicate where the bee is moving from"
Q1mkm11viqoktk5gj9hzrdcstQ,rotational,37.0,"[[4, 1, 7], [1, 7, 6, 2]]",1.0,2.646,0,Fully conscious/deliberative,Somewhat clear,Hard,Rather confident,"I imagined where the bee will be moving from.
It would help to indicate where the bee is moving from"
Q1mkm11viqoktk5gj9hzrdcstQ,rotational,38.0,"[[5, 6, 7, 0], [6, 7, 0]]",1.0,2.263,1,Fully conscious/deliberative,Somewhat clear,Hard,Rather confident,"I imagined where the bee will be moving from.
It would help to indicate where the bee is moving from"
Q1mkm11viqoktk5gj9hzrdcstQ,rotational,39.0,"[[0, 7, 6, 5], [5, 6, 2]]",0.0,4.942,0,Fully conscious/deliberative,Somewhat clear,Hard,Rather confident,"I imagined where the bee will be moving from.
It would help to indicate where the bee is moving from"
Q1mkm11viqoktk5gj9hzrdcstQ,rotational,40.0,"[[6, 7, 1, 4], [1, 7, 0]]",1.0,3.298,1,Fully conscious/deliberative,Somewhat clear,Hard,Rather confident,"I imagined where the bee will be moving from.
It would help to indicate where the bee is moving from"
Q1mkm11viqoktk5gj9hzrdcstQ,rotational,41.0,"[[6, 7, 1], [2, 6, 7, 1]]",0.0,3.177,1,Fully conscious/deliberative,Somewhat clear,Hard,Rather confident,"I imagined where the bee will be moving from.
It would help to indicate where the bee is moving from"
Q1mkm11viqoktk5gj9hzrdcstQ,rotational,42.0,"[[5, 6, 7, 1], [4, 1, 7]]",0.0,3.351,0,Fully conscious/deliberative,Somewhat clear,Hard,Rather confident,"I imagined where the bee will be moving from.
It would help to indicate where the bee is moving from"
Q1mkm11viqoktk5gj9hzrdcstQ,rotational,43.0,"[[5, 6, 7, 1], [5, 6, 2]]",1.0,2.938,1,Fully conscious/deliberative,Somewhat clear,Hard,Rather confident,"I imagined where the bee will be moving from.
It would help to indicate where the bee is moving from"
Q1mkm11viqoktk5gj9hzrdcstQ,rotational,44.0,"[[3, 5, 6, 2], [5, 6, 2]]",0.0,3.441,0,Fully conscious/deliberative,Somewhat clear,Hard,Rather confident,"I imagined where the bee will be moving from.
It would help to indicate where the bee is moving from"
Q1mkm11viqoktk5gj9hzrdcstQ,rotational,45.0,"[[1, 7, 6, 2], [3, 5, 6, 7, 1]]",0.0,2.754,1,Fully conscious/deliberative,Somewhat clear,Hard,Rather confident,"I imagined where the bee will be moving from.
It would help to indicate where the bee is moving from"
Q1mkm11viqoktk5gj9hzrdcstQ,rotational,46.0,"[[0, 7, 6], [4, 1, 7, 0]]",0.0,4.206,1,Fully conscious/deliberative,Somewhat clear,Hard,Rather confident,"I imagined where the bee will be moving from.
It would help to indicate where the bee is moving from"
Q1mkm11viqoktk5gj9hzrdcstQ,rotational,47.0,"[[3, 5, 6, 2], [3, 5, 6, 7, 1]]",1.0,4.395,0,Fully conscious/deliberative,Somewhat clear,Hard,Rather confident,"I imagined where the bee will be moving from.
It would help to indicate where the bee is moving from"
Q1mkm11viqoktk5gj9hzrdcstQ,rotational,48.0,"[[0, 7, 6, 5], [4, 1, 7]]",1.0,3.03,1,Fully conscious/deliberative,Somewhat clear,Hard,Rather confident,"I imagined where the bee will be moving from.
It would help to indicate where the bee is moving from"
Q1mkm11viqoktk5gj9hzrdcstQ,rotational,49.0,"[[4, 1, 7, 6], [3, 5, 6]]",0.0,2.822,0,Fully conscious/deliberative,Somewhat clear,Hard,Rather confident,"I imagined where the bee will be moving from.
It would help to indicate where the bee is moving from"
Q1mkm11viqoktk5gj9hzrdcstQ,rotational,50.0,"[[2, 6, 5], [6, 7, 1, 4]]",0.0,2.509,1,Fully conscious/deliberative,Somewhat clear,Hard,Rather confident,"I imagined where the bee will be moving from.
It would help to indicate where the bee is moving from"
Q1mkm11viqoktk5gj9hzrdcstQ,rotational,51.0,"[[7, 6, 2], [1, 7, 6, 2]]",0.0,3.031,1,Fully conscious/deliberative,Somewhat clear,Hard,Rather confident,"I imagined where the bee will be moving from.
It would help to indicate where the bee is moving from"
Q1mkm11viqoktk5gj9hzrdcstQ,rotational,52.0,"[[2, 6, 7], [1, 7, 6, 5]]",0.0,2.069,1,Fully conscious/deliberative,Somewhat clear,Hard,Rather confident,"I imagined where the bee will be moving from.
It would help to indicate where the bee is moving from"
Q1mkm11viqoktk5gj9hzrdcstQ,rotational,53.0,"[[3, 5, 6, 7, 0], [4, 1, 7, 6]]",0.0,3.73,0,Fully conscious/deliberative,Somewhat clear,Hard,Rather confident,"I imagined where the bee will be moving from.
It would help to indicate where the bee is moving from"
Q1mkm11viqoktk5gj9hzrdcstQ,rotational,54.0,"[[6, 5, 3], [5, 6, 7, 1]]",1.0,1.957,0,Fully conscious/deliberative,Somewhat clear,Hard,Rather confident,"I imagined where the bee will be moving from.
It would help to indicate where the bee is moving from"
Q1mkm11viqoktk5gj9hzrdcstQ,rotational,55.0,"[[7, 6, 5], [3, 5, 6, 2]]",0.0,5.242,1,Fully conscious/deliberative,Somewhat clear,Hard,Rather confident,"I imagined where the bee will be moving from.
It would help to indicate where the bee is moving from"
Q1mkm11viqoktk5gj9hzrdcstQ,rotational,56.0,"[[7, 1, 4], [5, 6, 7, 1]]",1.0,6.39,0,Fully conscious/deliberative,Somewhat clear,Hard,Rather confident,"I imagined where the bee will be moving from.
It would help to indicate where the bee is moving from"
Q1mkm11viqoktk5gj9hzrdcstQ,rotational,57.0,"[[1, 7, 6, 5], [1, 7, 6, 5, 3]]",0.0,4.094,1,Fully conscious/deliberative,Somewhat clear,Hard,Rather confident,"I imagined where the bee will be moving from.
It would help to indicate where the bee is moving from"
Q1mkm11viqoktk5gj9hzrdcstQ,rotational,58.0,"[[5, 6, 7, 1], [7, 6, 5]]",0.0,3.653,0,Fully conscious/deliberative,Somewhat clear,Hard,Rather confident,"I imagined where the bee will be moving from.
It would help to indicate where the bee is moving from"
Q1mkm11viqoktk5gj9hzrdcstQ,rotational,59.0,"[[3, 5, 6, 7], [2, 6, 5]]",1.0,5.806,1,Fully conscious/deliberative,Somewhat clear,Hard,Rather confident,"I imagined where the bee will be moving from.
It would help to indicate where the bee is moving from"
Q1mkm11viqoktk5gj9hzrdcstQ,rotational,60.0,"[[4, 1, 7, 0], [7, 6, 2]]",0.0,2.791,0,Fully conscious/deliberative,Somewhat clear,Hard,Rather confident,"I imagined where the bee will be moving from.
It would help to indicate where the bee is moving from"
Q1mkm11viqoktk5gj9hzrdcstQ,rotational,61.0,"[[4, 1, 7, 6], [2, 6, 7]]",0.0,3.625,0,Fully conscious/deliberative,Somewhat clear,Hard,Rather confident,"I imagined where the bee will be moving from.
It would help to indicate where the bee is moving from"
Q1mkm11viqoktk5gj9hzrdcstQ,rotational,62.0,"[[5, 6, 7, 1, 4], [3, 5, 6, 7]]",0.0,3.783,0,Fully conscious/deliberative,Somewhat clear,Hard,Rather confident,"I imagined where the bee will be moving from.
It would help to indicate where the bee is moving from"
Q1mkm11viqoktk5gj9hzrdcstQ,rotational,63.0,"[[0, 7, 1, 4], [3, 5, 6]]",1.0,2.718,1,Fully conscious/deliberative,Somewhat clear,Hard,Rather confident,"I imagined where the bee will be moving from.
It would help to indicate where the bee is moving from"
Q1mkm11viqoktk5gj9hzrdcstQ,rotational,64.0,"[[5, 6, 7, 1], [0, 7, 1]]",1.0,2.464,1,Fully conscious/deliberative,Somewhat clear,Hard,Rather confident,"I imagined where the bee will be moving from.
It would help to indicate where the bee is moving from"
Q2xhb444nihaa9r0moudvrc38Q,rotational,0.0,"[[3, 5, 6, 7, 0], [6, 7, 1, 4]]",0.0,15.869,0,Fairly intuitive/unconscious,Somewhat clear,Hard,Rather unconfident,"I was asked to select the shortest route from pairs of flowers using the fewest number of stop overs involving new connections. I would suggest you give some actual running examples like yesterday before the actual test begins, for clarity."
Q2xhb444nihaa9r0moudvrc38Q,rotational,1.0,"[[2, 6, 5, 3], [4, 1, 7]]",0.0,14.938,0,Fairly intuitive/unconscious,Somewhat clear,Hard,Rather unconfident,"I was asked to select the shortest route from pairs of flowers using the fewest number of stop overs involving new connections. I would suggest you give some actual running examples like yesterday before the actual test begins, for clarity."
Q2xhb444nihaa9r0moudvrc38Q,rotational,2.0,"[[2, 6, 7, 0], [0, 7, 1]]",1.0,22.0,1,Fairly intuitive/unconscious,Somewhat clear,Hard,Rather unconfident,"I was asked to select the shortest route from pairs of flowers using the fewest number of stop overs involving new connections. I would suggest you give some actual running examples like yesterday before the actual test begins, for clarity."
Q2xhb444nihaa9r0moudvrc38Q,rotational,3.0,"[[2, 6, 5], [7, 6, 5, 3]]",0.0,13.247,1,Fairly intuitive/unconscious,Somewhat clear,Hard,Rather unconfident,"I was asked to select the shortest route from pairs of flowers using the fewest number of stop overs involving new connections. I would suggest you give some actual running examples like yesterday before the actual test begins, for clarity."
Q2xhb444nihaa9r0moudvrc38Q,rotational,4.0,"[[5, 6, 2], [2, 6, 7, 1]]",1.0,16.72,0,Fairly intuitive/unconscious,Somewhat clear,Hard,Rather unconfident,"I was asked to select the shortest route from pairs of flowers using the fewest number of stop overs involving new connections. I would suggest you give some actual running examples like yesterday before the actual test begins, for clarity."
Q2xhb444nihaa9r0moudvrc38Q,rotational,5.0,"[[0, 7, 6, 5], [5, 6, 7]]",1.0,14.649,1,Fairly intuitive/unconscious,Somewhat clear,Hard,Rather unconfident,"I was asked to select the shortest route from pairs of flowers using the fewest number of stop overs involving new connections. I would suggest you give some actual running examples like yesterday before the actual test begins, for clarity."
Q2xhb444nihaa9r0moudvrc38Q,rotational,6.0,"[[7, 6, 5], [4, 1, 7, 0]]",1.0,18.151,0,Fairly intuitive/unconscious,Somewhat clear,Hard,Rather unconfident,"I was asked to select the shortest route from pairs of flowers using the fewest number of stop overs involving new connections. I would suggest you give some actual running examples like yesterday before the actual test begins, for clarity."
Q2xhb444nihaa9r0moudvrc38Q,rotational,7.0,"[[4, 1, 7, 6, 2], [3, 5, 6, 7]]",0.0,5.438,0,Fairly intuitive/unconscious,Somewhat clear,Hard,Rather unconfident,"I was asked to select the shortest route from pairs of flowers using the fewest number of stop overs involving new connections. I would suggest you give some actual running examples like yesterday before the actual test begins, for clarity."
Q2xhb444nihaa9r0moudvrc38Q,rotational,8.0,"[[0, 7, 6, 5], [5, 6, 2]]",0.0,12.357,0,Fairly intuitive/unconscious,Somewhat clear,Hard,Rather unconfident,"I was asked to select the shortest route from pairs of flowers using the fewest number of stop overs involving new connections. I would suggest you give some actual running examples like yesterday before the actual test begins, for clarity."
Q2xhb444nihaa9r0moudvrc38Q,rotational,9.0,"[[1, 7, 6, 2], [1, 7, 0]]",1.0,7.932,1,Fairly intuitive/unconscious,Somewhat clear,Hard,Rather unconfident,"I was asked to select the shortest route from pairs of flowers using the fewest number of stop overs involving new connections. I would suggest you give some actual running examples like yesterday before the actual test begins, for clarity."
Q2xhb444nihaa9r0moudvrc38Q,rotational,10.0,"[[4, 1, 7, 6, 5], [4, 1, 7, 0]]",0.0,13.447,0,Fairly intuitive/unconscious,Somewhat clear,Hard,Rather unconfident,"I was asked to select the shortest route from pairs of flowers using the fewest number of stop overs involving new connections. I would suggest you give some actual running examples like yesterday before the actual test begins, for clarity."
Q2xhb444nihaa9r0moudvrc38Q,rotational,11.0,"[[3, 5, 6], [1, 7, 6, 5]]",0.0,2.391,1,Fairly intuitive/unconscious,Somewhat clear,Hard,Rather unconfident,"I was asked to select the shortest route from pairs of flowers using the fewest number of stop overs involving new connections. I would suggest you give some actual running examples like yesterday before the actual test begins, for clarity."
Q2xhb444nihaa9r0moudvrc38Q,rotational,12.0,"[[2, 6, 5, 3], [0, 7, 1]]",1.0,8.265,1,Fairly intuitive/unconscious,Somewhat clear,Hard,Rather unconfident,"I was asked to select the shortest route from pairs of flowers using the fewest number of stop overs involving new connections. I would suggest you give some actual running examples like yesterday before the actual test begins, for clarity."
Q2xhb444nihaa9r0moudvrc38Q,rotational,13.0,"[[0, 7, 6, 5], [4, 1, 7]]",1.0,16.722,1,Fairly intuitive/unconscious,Somewhat clear,Hard,Rather unconfident,"I was asked to select the shortest route from pairs of flowers using the fewest number of stop overs involving new connections. I would suggest you give some actual running examples like yesterday before the actual test begins, for clarity."
Q2xhb444nihaa9r0moudvrc38Q,rotational,14.0,"[[4, 1, 7, 0], [7, 6, 2]]",1.0,3.603,1,Fairly intuitive/unconscious,Somewhat clear,Hard,Rather unconfident,"I was asked to select the shortest route from pairs of flowers using the fewest number of stop overs involving new connections. I would suggest you give some actual running examples like yesterday before the actual test begins, for clarity."
Q2xhb444nihaa9r0moudvrc38Q,rotational,15.0,"[[2, 6, 7, 0], [3, 5, 6]]",0.0,7.925,0,Fairly intuitive/unconscious,Somewhat clear,Hard,Rather unconfident,"I was asked to select the shortest route from pairs of flowers using the fewest number of stop overs involving new connections. I would suggest you give some actual running examples like yesterday before the actual test begins, for clarity."
Q2xhb444nihaa9r0moudvrc38Q,rotational,16.0,"[[4, 1, 7, 6], [4, 1, 7, 6, 5]]",0.0,2.098,1,Fairly intuitive/unconscious,Somewhat clear,Hard,Rather unconfident,"I was asked to select the shortest route from pairs of flowers using the fewest number of stop overs involving new connections. I would suggest you give some actual running examples like yesterday before the actual test begins, for clarity."
Q2xhb444nihaa9r0moudvrc38Q,rotational,17.0,"[[4, 1, 7, 6], [3, 5, 6]]",1.0,8.787,1,Fairly intuitive/unconscious,Somewhat clear,Hard,Rather unconfident,"I was asked to select the shortest route from pairs of flowers using the fewest number of stop overs involving new connections. I would suggest you give some actual running examples like yesterday before the actual test begins, for clarity."
Q2xhb444nihaa9r0moudvrc38Q,rotational,18.0,"[[5, 6, 7, 0], [4, 1, 7, 6, 2]]",0.0,5.068,1,Fairly intuitive/unconscious,Somewhat clear,Hard,Rather unconfident,"I was asked to select the shortest route from pairs of flowers using the fewest number of stop overs involving new connections. I would suggest you give some actual running examples like yesterday before the actual test begins, for clarity."
Q2xhb444nihaa9r0moudvrc38Q,rotational,19.0,"[[5, 6, 7], [4, 1, 7, 6]]",1.0,7.695,0,Fairly intuitive/unconscious,Somewhat clear,Hard,Rather unconfident,"I was asked to select the shortest route from pairs of flowers using the fewest number of stop overs involving new connections. I would suggest you give some actual running examples like yesterday before the actual test begins, for clarity."
Q2xhb444nihaa9r0moudvrc38Q,rotational,20.0,"[[6, 5, 3], [4, 1, 7, 0]]",1.0,8.899,0,Fairly intuitive/unconscious,Somewhat clear,Hard,Rather unconfident,"I was asked to select the shortest route from pairs of flowers using the fewest number of stop overs involving new connections. I would suggest you give some actual running examples like yesterday before the actual test begins, for clarity."
Q2xhb444nihaa9r0moudvrc38Q,rotational,21.0,"[[3, 5, 6, 2], [0, 7, 6]]",1.0,6.67,1,Fairly intuitive/unconscious,Somewhat clear,Hard,Rather unconfident,"I was asked to select the shortest route from pairs of flowers using the fewest number of stop overs involving new connections. I would suggest you give some actual running examples like yesterday before the actual test begins, for clarity."
Q2xhb444nihaa9r0moudvrc38Q,rotational,22.0,"[[3, 5, 6, 7, 1], [1, 7, 6, 5]]",0.0,15.633,0,Fairly intuitive/unconscious,Somewhat clear,Hard,Rather unconfident,"I was asked to select the shortest route from pairs of flowers using the fewest number of stop overs involving new connections. I would suggest you give some actual running examples like yesterday before the actual test begins, for clarity."
Q2xhb444nihaa9r0moudvrc38Q,rotational,23.0,"[[5, 6, 7, 0], [1, 7, 6]]",1.0,11.185,1,Fairly intuitive/unconscious,Somewhat clear,Hard,Rather unconfident,"I was asked to select the shortest route from pairs of flowers using the fewest number of stop overs involving new connections. I would suggest you give some actual running examples like yesterday before the actual test begins, for clarity."
Q2xhb444nihaa9r0moudvrc38Q,rotational,24.0,"[[7, 1, 4], [1, 7, 6, 5]]",1.0,22.971,0,Fairly intuitive/unconscious,Somewhat clear,Hard,Rather unconfident,"I was asked to select the shortest route from pairs of flowers using the fewest number of stop overs involving new connections. I would suggest you give some actual running examples like yesterday before the actual test begins, for clarity."
Q2xhb444nihaa9r0moudvrc38Q,rotational,25.0,"[[6, 7, 1, 4], [3, 5, 6, 7, 1]]",0.0,4.113,1,Fairly intuitive/unconscious,Somewhat clear,Hard,Rather unconfident,"I was asked to select the shortest route from pairs of flowers using the fewest number of stop overs involving new connections. I would suggest you give some actual running examples like yesterday before the actual test begins, for clarity."
Q2xhb444nihaa9r0moudvrc38Q,rotational,26.0,"[[1, 7, 6], [5, 6, 7, 1]]",0.0,2.844,1,Fairly intuitive/unconscious,Somewhat clear,Hard,Rather unconfident,"I was asked to select the shortest route from pairs of flowers using the fewest number of stop overs involving new connections. I would suggest you give some actual running examples like yesterday before the actual test begins, for clarity."
Q2xhb444nihaa9r0moudvrc38Q,rotational,27.0,"[[7, 6, 2], [2, 6, 7, 1]]",1.0,17.469,0,Fairly intuitive/unconscious,Somewhat clear,Hard,Rather unconfident,"I was asked to select the shortest route from pairs of flowers using the fewest number of stop overs involving new connections. I would suggest you give some actual running examples like yesterday before the actual test begins, for clarity."
Q2xhb444nihaa9r0moudvrc38Q,rotational,28.0,"[[2, 6, 7, 1, 4], [4, 1, 7, 6, 5, 3]]",1.0,8.471,0,Fairly intuitive/unconscious,Somewhat clear,Hard,Rather unconfident,"I was asked to select the shortest route from pairs of flowers using the fewest number of stop overs involving new connections. I would suggest you give some actual running examples like yesterday before the actual test begins, for clarity."
Q2xhb444nihaa9r0moudvrc38Q,rotational,29.0,"[[6, 7, 0], [5, 6, 7, 0]]",1.0,14.578,0,Fairly intuitive/unconscious,Somewhat clear,Hard,Rather unconfident,"I was asked to select the shortest route from pairs of flowers using the fewest number of stop overs involving new connections. I would suggest you give some actual running examples like yesterday before the actual test begins, for clarity."
Q2xhb444nihaa9r0moudvrc38Q,rotational,30.0,"[[2, 6, 7, 1, 4], [0, 7, 1, 4]]",0.0,5.58,0,Fairly intuitive/unconscious,Somewhat clear,Hard,Rather unconfident,"I was asked to select the shortest route from pairs of flowers using the fewest number of stop overs involving new connections. I would suggest you give some actual running examples like yesterday before the actual test begins, for clarity."
Q2xhb444nihaa9r0moudvrc38Q,rotational,31.0,"[[1, 7, 0], [0, 7, 6, 5]]",1.0,23.163,0,Fairly intuitive/unconscious,Somewhat clear,Hard,Rather unconfident,"I was asked to select the shortest route from pairs of flowers using the fewest number of stop overs involving new connections. I would suggest you give some actual running examples like yesterday before the actual test begins, for clarity."
Q2xhb444nihaa9r0moudvrc38Q,rotational,32.0,"[[0, 7, 1, 4], [7, 6, 2]]",1.0,10.734,1,Fairly intuitive/unconscious,Somewhat clear,Hard,Rather unconfident,"I was asked to select the shortest route from pairs of flowers using the fewest number of stop overs involving new connections. I would suggest you give some actual running examples like yesterday before the actual test begins, for clarity."
Q2xhb444nihaa9r0moudvrc38Q,rotational,33.0,"[[0, 7, 1], [4, 1, 7, 6]]",0.0,14.453,1,Fairly intuitive/unconscious,Somewhat clear,Hard,Rather unconfident,"I was asked to select the shortest route from pairs of flowers using the fewest number of stop overs involving new connections. I would suggest you give some actual running examples like yesterday before the actual test begins, for clarity."
Q2xhb444nihaa9r0moudvrc38Q,rotational,34.0,"[[2, 6, 7, 1], [5, 6, 7]]",0.0,12.115,0,Fairly intuitive/unconscious,Somewhat clear,Hard,Rather unconfident,"I was asked to select the shortest route from pairs of flowers using the fewest number of stop overs involving new connections. I would suggest you give some actual running examples like yesterday before the actual test begins, for clarity."
Q2xhb444nihaa9r0moudvrc38Q,rotational,35.0,"[[6, 7, 1, 4], [7, 6, 2]]",0.0,10.101,0,Fairly intuitive/unconscious,Somewhat clear,Hard,Rather unconfident,"I was asked to select the shortest route from pairs of flowers using the fewest number of stop overs involving new connections. I would suggest you give some actual running examples like yesterday before the actual test begins, for clarity."
Q2xhb444nihaa9r0moudvrc38Q,rotational,36.0,"[[2, 6, 7, 1], [4, 1, 7]]",1.0,26.858,1,Fairly intuitive/unconscious,Somewhat clear,Hard,Rather unconfident,"I was asked to select the shortest route from pairs of flowers using the fewest number of stop overs involving new connections. I would suggest you give some actual running examples like yesterday before the actual test begins, for clarity."
Q2xhb444nihaa9r0moudvrc38Q,rotational,37.0,"[[4, 1, 7], [2, 6, 7, 0]]",1.0,1.993,0,Fairly intuitive/unconscious,Somewhat clear,Hard,Rather unconfident,"I was asked to select the shortest route from pairs of flowers using the fewest number of stop overs involving new connections. I would suggest you give some actual running examples like yesterday before the actual test begins, for clarity."
Q2xhb444nihaa9r0moudvrc38Q,rotational,38.0,"[[5, 6, 7], [5, 6, 7, 1]]",0.0,7.863,1,Fairly intuitive/unconscious,Somewhat clear,Hard,Rather unconfident,"I was asked to select the shortest route from pairs of flowers using the fewest number of stop overs involving new connections. I would suggest you give some actual running examples like yesterday before the actual test begins, for clarity."
Q2xhb444nihaa9r0moudvrc38Q,rotational,39.0,"[[7, 1, 4], [2, 6, 7, 1]]",1.0,16.481,0,Fairly intuitive/unconscious,Somewhat clear,Hard,Rather unconfident,"I was asked to select the shortest route from pairs of flowers using the fewest number of stop overs involving new connections. I would suggest you give some actual running examples like yesterday before the actual test begins, for clarity."
Q2xhb444nihaa9r0moudvrc38Q,rotational,40.0,"[[2, 6, 5, 3], [6, 7, 1]]",0.0,1.48,0,Fairly intuitive/unconscious,Somewhat clear,Hard,Rather unconfident,"I was asked to select the shortest route from pairs of flowers using the fewest number of stop overs involving new connections. I would suggest you give some actual running examples like yesterday before the actual test begins, for clarity."
Q2xhb444nihaa9r0moudvrc38Q,rotational,41.0,"[[7, 6, 5, 3], [7, 6, 2]]",1.0,3.284,1,Fairly intuitive/unconscious,Somewhat clear,Hard,Rather unconfident,"I was asked to select the shortest route from pairs of flowers using the fewest number of stop overs involving new connections. I would suggest you give some actual running examples like yesterday before the actual test begins, for clarity."
Q2xhb444nihaa9r0moudvrc38Q,rotational,42.0,"[[0, 7, 1], [1, 7, 6, 5]]",0.0,9.667,1,Fairly intuitive/unconscious,Somewhat clear,Hard,Rather unconfident,"I was asked to select the shortest route from pairs of flowers using the fewest number of stop overs involving new connections. I would suggest you give some actual running examples like yesterday before the actual test begins, for clarity."
Q2xhb444nihaa9r0moudvrc38Q,rotational,43.0,"[[5, 6, 2], [4, 1, 7, 0]]",0.0,2.259,1,Fairly intuitive/unconscious,Somewhat clear,Hard,Rather unconfident,"I was asked to select the shortest route from pairs of flowers using the fewest number of stop overs involving new connections. I would suggest you give some actual running examples like yesterday before the actual test begins, for clarity."
Q2xhb444nihaa9r0moudvrc38Q,rotational,44.0,"[[4, 1, 7, 6, 5], [3, 5, 6, 7]]",0.0,11.977,0,Fairly intuitive/unconscious,Somewhat clear,Hard,Rather unconfident,"I was asked to select the shortest route from pairs of flowers using the fewest number of stop overs involving new connections. I would suggest you give some actual running examples like yesterday before the actual test begins, for clarity."
Q2xhb444nihaa9r0moudvrc38Q,rotational,45.0,"[[2, 6, 5, 3], [7, 6, 5]]",1.0,4.876,1,Fairly intuitive/unconscious,Somewhat clear,Hard,Rather unconfident,"I was asked to select the shortest route from pairs of flowers using the fewest number of stop overs involving new connections. I would suggest you give some actual running examples like yesterday before the actual test begins, for clarity."
Q2xhb444nihaa9r0moudvrc38Q,rotational,46.0,"[[0, 7, 6, 5, 3], [1, 7, 6, 2]]",1.0,3.268,1,Fairly intuitive/unconscious,Somewhat clear,Hard,Rather unconfident,"I was asked to select the shortest route from pairs of flowers using the fewest number of stop overs involving new connections. I would suggest you give some actual running examples like yesterday before the actual test begins, for clarity."
Q2xhb444nihaa9r0moudvrc38Q,rotational,47.0,"[[5, 6, 2], [2, 6, 5, 3]]",0.0,1.448,1,Fairly intuitive/unconscious,Somewhat clear,Hard,Rather unconfident,"I was asked to select the shortest route from pairs of flowers using the fewest number of stop overs involving new connections. I would suggest you give some actual running examples like yesterday before the actual test begins, for clarity."
Q2xhb444nihaa9r0moudvrc38Q,rotational,48.0,"[[5, 6, 7], [0, 7, 6, 2]]",0.0,7.512,1,Fairly intuitive/unconscious,Somewhat clear,Hard,Rather unconfident,"I was asked to select the shortest route from pairs of flowers using the fewest number of stop overs involving new connections. I would suggest you give some actual running examples like yesterday before the actual test begins, for clarity."
Q2xhb444nihaa9r0moudvrc38Q,rotational,49.0,"[[5, 6, 7, 1], [7, 1, 4]]",0.0,3.7,0,Fairly intuitive/unconscious,Somewhat clear,Hard,Rather unconfident,"I was asked to select the shortest route from pairs of flowers using the fewest number of stop overs involving new connections. I would suggest you give some actual running examples like yesterday before the actual test begins, for clarity."
Q2xhb444nihaa9r0moudvrc38Q,rotational,50.0,"[[5, 6, 2], [1, 7, 6, 5]]",0.0,1.296,1,Fairly intuitive/unconscious,Somewhat clear,Hard,Rather unconfident,"I was asked to select the shortest route from pairs of flowers using the fewest number of stop overs involving new connections. I would suggest you give some actual running examples like yesterday before the actual test begins, for clarity."
Q2xhb444nihaa9r0moudvrc38Q,rotational,51.0,"[[2, 6, 7, 1], [1, 7, 6]]",0.0,7.198,0,Fairly intuitive/unconscious,Somewhat clear,Hard,Rather unconfident,"I was asked to select the shortest route from pairs of flowers using the fewest number of stop overs involving new connections. I would suggest you give some actual running examples like yesterday before the actual test begins, for clarity."
Q2xhb444nihaa9r0moudvrc38Q,rotational,52.0,"[[3, 5, 6, 7, 1], [2, 6, 5, 3]]",1.0,10.722,1,Fairly intuitive/unconscious,Somewhat clear,Hard,Rather unconfident,"I was asked to select the shortest route from pairs of flowers using the fewest number of stop overs involving new connections. I would suggest you give some actual running examples like yesterday before the actual test begins, for clarity."
Q2xhb444nihaa9r0moudvrc38Q,rotational,53.0,"[[6, 7, 0], [0, 7, 1, 4]]",0.0,1.869,1,Fairly intuitive/unconscious,Somewhat clear,Hard,Rather unconfident,"I was asked to select the shortest route from pairs of flowers using the fewest number of stop overs involving new connections. I would suggest you give some actual running examples like yesterday before the actual test begins, for clarity."
Q2xhb444nihaa9r0moudvrc38Q,rotational,54.0,"[[6, 7, 1, 4], [5, 6, 2]]",0.0,2.387,0,Fairly intuitive/unconscious,Somewhat clear,Hard,Rather unconfident,"I was asked to select the shortest route from pairs of flowers using the fewest number of stop overs involving new connections. I would suggest you give some actual running examples like yesterday before the actual test begins, for clarity."
Q2xhb444nihaa9r0moudvrc38Q,rotational,55.0,"[[1, 7, 6, 2], [3, 5, 6, 7, 1]]",1.0,6.471,0,Fairly intuitive/unconscious,Somewhat clear,Hard,Rather unconfident,"I was asked to select the shortest route from pairs of flowers using the fewest number of stop overs involving new connections. I would suggest you give some actual running examples like yesterday before the actual test begins, for clarity."
Q2xhb444nihaa9r0moudvrc38Q,rotational,56.0,"[[2, 6, 7, 1, 4], [3, 5, 6, 2]]",0.0,7.768,0,Fairly intuitive/unconscious,Somewhat clear,Hard,Rather unconfident,"I was asked to select the shortest route from pairs of flowers using the fewest number of stop overs involving new connections. I would suggest you give some actual running examples like yesterday before the actual test begins, for clarity."
Q2xhb444nihaa9r0moudvrc38Q,rotational,57.0,"[[3, 5, 6, 7], [4, 1, 7, 6, 5]]",0.0,1.926,1,Fairly intuitive/unconscious,Somewhat clear,Hard,Rather unconfident,"I was asked to select the shortest route from pairs of flowers using the fewest number of stop overs involving new connections. I would suggest you give some actual running examples like yesterday before the actual test begins, for clarity."
Q2xhb444nihaa9r0moudvrc38Q,rotational,58.0,"[[2, 6, 7], [6, 7, 1, 4]]",1.0,4.435,0,Fairly intuitive/unconscious,Somewhat clear,Hard,Rather unconfident,"I was asked to select the shortest route from pairs of flowers using the fewest number of stop overs involving new connections. I would suggest you give some actual running examples like yesterday before the actual test begins, for clarity."
Q2xhb444nihaa9r0moudvrc38Q,rotational,59.0,"[[2, 6, 7, 0], [0, 7, 6, 5, 3]]",0.0,3.472,1,Fairly intuitive/unconscious,Somewhat clear,Hard,Rather unconfident,"I was asked to select the shortest route from pairs of flowers using the fewest number of stop overs involving new connections. I would suggest you give some actual running examples like yesterday before the actual test begins, for clarity."
Q2xhb444nihaa9r0moudvrc38Q,rotational,60.0,"[[0, 7, 1], [1, 7, 6, 2]]",1.0,7.935,0,Fairly intuitive/unconscious,Somewhat clear,Hard,Rather unconfident,"I was asked to select the shortest route from pairs of flowers using the fewest number of stop overs involving new connections. I would suggest you give some actual running examples like yesterday before the actual test begins, for clarity."
Q2xhb444nihaa9r0moudvrc38Q,rotational,61.0,"[[2, 6, 7], [5, 6, 7, 1]]",1.0,5.852,0,Fairly intuitive/unconscious,Somewhat clear,Hard,Rather unconfident,"I was asked to select the shortest route from pairs of flowers using the fewest number of stop overs involving new connections. I would suggest you give some actual running examples like yesterday before the actual test begins, for clarity."
Q2xhb444nihaa9r0moudvrc38Q,rotational,62.0,"[[3, 5, 6], [4, 1, 7, 6]]",0.0,21.159,1,Fairly intuitive/unconscious,Somewhat clear,Hard,Rather unconfident,"I was asked to select the shortest route from pairs of flowers using the fewest number of stop overs involving new connections. I would suggest you give some actual running examples like yesterday before the actual test begins, for clarity."
Q2xhb444nihaa9r0moudvrc38Q,rotational,63.0,"[[4, 1, 7, 0], [1, 7, 6]]",1.0,7.379,1,Fairly intuitive/unconscious,Somewhat clear,Hard,Rather unconfident,"I was asked to select the shortest route from pairs of flowers using the fewest number of stop overs involving new connections. I would suggest you give some actual running examples like yesterday before the actual test begins, for clarity."
Q2xhb444nihaa9r0moudvrc38Q,rotational,64.0,"[[2, 6, 7, 1], [3, 5, 6]]",1.0,10.413,1,Fairly intuitive/unconscious,Somewhat clear,Hard,Rather unconfident,"I was asked to select the shortest route from pairs of flowers using the fewest number of stop overs involving new connections. I would suggest you give some actual running examples like yesterday before the actual test begins, for clarity."
Q37ags082twl5esx0j12xnfh1Q,rotational,0.0,"[[1, 7, 6, 2], [4, 1, 7]]",1.0,22.721,1,Fully conscious/deliberative,Fully clear,Easy,Confident,I checked the distance between each route of the flower and determined which one will have a less stopover.
Q37ags082twl5esx0j12xnfh1Q,rotational,1.0,"[[6, 7, 1, 4], [0, 7, 1]]",1.0,11.096,1,Fully conscious/deliberative,Fully clear,Easy,Confident,I checked the distance between each route of the flower and determined which one will have a less stopover.
Q37ags082twl5esx0j12xnfh1Q,rotational,2.0,"[[5, 6, 2], [0, 7, 1, 4]]",1.0,2.553,0,Fully conscious/deliberative,Fully clear,Easy,Confident,I checked the distance between each route of the flower and determined which one will have a less stopover.
Q37ags082twl5esx0j12xnfh1Q,rotational,3.0,"[[2, 6, 7, 1], [4, 1, 7]]",0.0,1.417,0,Fully conscious/deliberative,Fully clear,Easy,Confident,I checked the distance between each route of the flower and determined which one will have a less stopover.
Q37ags082twl5esx0j12xnfh1Q,rotational,4.0,"[[5, 6, 2], [6, 7, 1, 4]]",0.0,6.976,1,Fully conscious/deliberative,Fully clear,Easy,Confident,I checked the distance between each route of the flower and determined which one will have a less stopover.
Q37ags082twl5esx0j12xnfh1Q,rotational,5.0,"[[4, 1, 7, 0], [2, 6, 7, 1, 4]]",0.0,4.76,1,Fully conscious/deliberative,Fully clear,Easy,Confident,I checked the distance between each route of the flower and determined which one will have a less stopover.
Q37ags082twl5esx0j12xnfh1Q,rotational,6.0,"[[3, 5, 6, 7, 0], [0, 7, 6, 2]]",1.0,5.618,1,Fully conscious/deliberative,Fully clear,Easy,Confident,I checked the distance between each route of the flower and determined which one will have a less stopover.
Q37ags082twl5esx0j12xnfh1Q,rotational,7.0,"[[0, 7, 6, 5], [4, 1, 7, 6, 2]]",1.0,2.488,0,Fully conscious/deliberative,Fully clear,Easy,Confident,I checked the distance between each route of the flower and determined which one will have a less stopover.
Q37ags082twl5esx0j12xnfh1Q,rotational,8.0,"[[2, 6, 7, 1], [2, 6, 7]]",0.0,30.732,0,Fully conscious/deliberative,Fully clear,Easy,Confident,I checked the distance between each route of the flower and determined which one will have a less stopover.
Q37ags082twl5esx0j12xnfh1Q,rotational,9.0,"[[0, 7, 6, 2], [7, 1, 4]]",0.0,3.695,0,Fully conscious/deliberative,Fully clear,Easy,Confident,I checked the distance between each route of the flower and determined which one will have a less stopover.
Q37ags082twl5esx0j12xnfh1Q,rotational,10.0,"[[2, 6, 5, 3], [4, 1, 7, 6, 2]]",0.0,19.609,1,Fully conscious/deliberative,Fully clear,Easy,Confident,I checked the distance between each route of the flower and determined which one will have a less stopover.
Q37ags082twl5esx0j12xnfh1Q,rotational,11.0,"[[0, 7, 1], [2, 6, 7, 0]]",0.0,12.416,1,Fully conscious/deliberative,Fully clear,Easy,Confident,I checked the distance between each route of the flower and determined which one will have a less stopover.
Q37ags082twl5esx0j12xnfh1Q,rotational,12.0,"[[0, 7, 1, 4], [3, 5, 6]]",0.0,1.423,0,Fully conscious/deliberative,Fully clear,Easy,Confident,I checked the distance between each route of the flower and determined which one will have a less stopover.
Q37ags082twl5esx0j12xnfh1Q,rotational,13.0,"[[6, 7, 0], [4, 1, 7, 0]]",0.0,1.757,1,Fully conscious/deliberative,Fully clear,Easy,Confident,I checked the distance between each route of the flower and determined which one will have a less stopover.
Q37ags082twl5esx0j12xnfh1Q,rotational,14.0,"[[6, 5, 3], [4, 1, 7, 6]]",0.0,2.433,1,Fully conscious/deliberative,Fully clear,Easy,Confident,I checked the distance between each route of the flower and determined which one will have a less stopover.
Q37ags082twl5esx0j12xnfh1Q,rotational,15.0,"[[3, 5, 6, 7, 0], [6, 7, 1, 4]]",1.0,2.772,1,Fully conscious/deliberative,Fully clear,Easy,Confident,I checked the distance between each route of the flower and determined which one will have a less stopover.
Q37ags082twl5esx0j12xnfh1Q,rotational,16.0,"[[3, 5, 6, 2], [2, 6, 5]]",0.0,2.537,0,Fully conscious/deliberative,Fully clear,Easy,Confident,I checked the distance between each route of the flower and determined which one will have a less stopover.
Q37ags082twl5esx0j12xnfh1Q,rotational,17.0,"[[6, 7, 1], [0, 7, 6, 5]]",0.0,1.633,1,Fully conscious/deliberative,Fully clear,Easy,Confident,I checked the distance between each route of the flower and determined which one will have a less stopover.
Q37ags082twl5esx0j12xnfh1Q,rotational,18.0,"[[7, 1, 4], [3, 5, 6, 2]]",0.0,0.811,1,Fully conscious/deliberative,Fully clear,Easy,Confident,I checked the distance between each route of the flower and determined which one will have a less stopover.
Q37ags082twl5esx0j12xnfh1Q,rotational,19.0,"[[3, 5, 6, 2], [3, 5, 6, 7, 1]]",1.0,1.289,0,Fully conscious/deliberative,Fully clear,Easy,Confident,I checked the distance between each route of the flower and determined which one will have a less stopover.
Q37ags082twl5esx0j12xnfh1Q,rotational,20.0,"[[4, 1, 7, 6], [6, 5, 3]]",1.0,7.365,1,Fully conscious/deliberative,Fully clear,Easy,Confident,I checked the distance between each route of the flower and determined which one will have a less stopover.
Q37ags082twl5esx0j12xnfh1Q,rotational,21.0,"[[3, 5, 6, 2], [5, 6, 7]]",0.0,1.566,0,Fully conscious/deliberative,Fully clear,Easy,Confident,I checked the distance between each route of the flower and determined which one will have a less stopover.
Q37ags082twl5esx0j12xnfh1Q,rotational,22.0,"[[6, 5, 3], [1, 7, 6, 2]]",0.0,1.254,1,Fully conscious/deliberative,Fully clear,Easy,Confident,I checked the distance between each route of the flower and determined which one will have a less stopover.
Q37ags082twl5esx0j12xnfh1Q,rotational,23.0,"[[6, 7, 0], [3, 5, 6, 2]]",0.0,0.85,1,Fully conscious/deliberative,Fully clear,Easy,Confident,I checked the distance between each route of the flower and determined which one will have a less stopover.
Q37ags082twl5esx0j12xnfh1Q,rotational,24.0,"[[1, 7, 6, 5], [5, 6, 7]]",0.0,1.748,0,Fully conscious/deliberative,Fully clear,Easy,Confident,I checked the distance between each route of the flower and determined which one will have a less stopover.
Q37ags082twl5esx0j12xnfh1Q,rotational,25.0,"[[5, 6, 7, 0], [0, 7, 6]]",0.0,1.304,0,Fully conscious/deliberative,Fully clear,Easy,Confident,I checked the distance between each route of the flower and determined which one will have a less stopover.
Q37ags082twl5esx0j12xnfh1Q,rotational,26.0,"[[0, 7, 1, 4], [7, 6, 5]]",0.0,0.925,0,Fully conscious/deliberative,Fully clear,Easy,Confident,I checked the distance between each route of the flower and determined which one will have a less stopover.
Q37ags082twl5esx0j12xnfh1Q,rotational,27.0,"[[6, 5, 3], [2, 6, 7, 0]]",0.0,1.198,1,Fully conscious/deliberative,Fully clear,Easy,Confident,I checked the distance between each route of the flower and determined which one will have a less stopover.
Q37ags082twl5esx0j12xnfh1Q,rotational,28.0,"[[5, 6, 7, 0], [7, 6, 5]]",0.0,3.228,0,Fully conscious/deliberative,Fully clear,Easy,Confident,I checked the distance between each route of the flower and determined which one will have a less stopover.
Q37ags082twl5esx0j12xnfh1Q,rotational,29.0,"[[4, 1, 7], [5, 6, 7, 1]]",1.0,1.053,0,Fully conscious/deliberative,Fully clear,Easy,Confident,I checked the distance between each route of the flower and determined which one will have a less stopover.
Q37ags082twl5esx0j12xnfh1Q,rotational,30.0,"[[3, 5, 6, 7], [4, 1, 7, 6, 5]]",0.0,1.809,1,Fully conscious/deliberative,Fully clear,Easy,Confident,I checked the distance between each route of the flower and determined which one will have a less stopover.
Q37ags082twl5esx0j12xnfh1Q,rotational,31.0,"[[1, 7, 6], [4, 1, 7, 0]]",0.0,2.705,1,Fully conscious/deliberative,Fully clear,Easy,Confident,I checked the distance between each route of the flower and determined which one will have a less stopover.
Q37ags082twl5esx0j12xnfh1Q,rotational,32.0,"[[1, 7, 0], [5, 6, 7, 1]]",1.0,2.665,0,Fully conscious/deliberative,Fully clear,Easy,Confident,I checked the distance between each route of the flower and determined which one will have a less stopover.
Q37ags082twl5esx0j12xnfh1Q,rotational,33.0,"[[3, 5, 6, 7], [5, 6, 7, 1, 4]]",0.0,1.418,1,Fully conscious/deliberative,Fully clear,Easy,Confident,I checked the distance between each route of the flower and determined which one will have a less stopover.
Q37ags082twl5esx0j12xnfh1Q,rotational,34.0,"[[2, 6, 7], [5, 6, 7, 1]]",1.0,1.03,0,Fully conscious/deliberative,Fully clear,Easy,Confident,I checked the distance between each route of the flower and determined which one will have a less stopover.
Q37ags082twl5esx0j12xnfh1Q,rotational,35.0,"[[4, 1, 7, 6], [7, 6, 5]]",0.0,0.632,0,Fully conscious/deliberative,Fully clear,Easy,Confident,I checked the distance between each route of the flower and determined which one will have a less stopover.
Q37ags082twl5esx0j12xnfh1Q,rotational,36.0,"[[0, 7, 6, 5], [7, 1, 4]]",1.0,1.092,1,Fully conscious/deliberative,Fully clear,Easy,Confident,I checked the distance between each route of the flower and determined which one will have a less stopover.
Q37ags082twl5esx0j12xnfh1Q,rotational,37.0,"[[4, 1, 7, 6, 2], [3, 5, 6, 7, 1, 4]]",1.0,1.543,0,Fully conscious/deliberative,Fully clear,Easy,Confident,I checked the distance between each route of the flower and determined which one will have a less stopover.
Q37ags082twl5esx0j12xnfh1Q,rotational,38.0,"[[7, 6, 5, 3], [4, 1, 7, 6, 2]]",0.0,1.124,1,Fully conscious/deliberative,Fully clear,Easy,Confident,I checked the distance between each route of the flower and determined which one will have a less stopover.
Q37ags082twl5esx0j12xnfh1Q,rotational,39.0,"[[6, 7, 1, 4], [4, 1, 7, 6, 5]]",0.0,0.996,1,Fully conscious/deliberative,Fully clear,Easy,Confident,I checked the distance between each route of the flower and determined which one will have a less stopover.
Q37ags082twl5esx0j12xnfh1Q,rotational,40.0,"[[1, 7, 6, 2], [0, 7, 6, 5, 3]]",1.0,1.089,0,Fully conscious/deliberative,Fully clear,Easy,Confident,I checked the distance between each route of the flower and determined which one will have a less stopover.
Q37ags082twl5esx0j12xnfh1Q,rotational,41.0,"[[2, 6, 7, 1], [1, 7, 6, 5, 3]]",1.0,1.239,0,Fully conscious/deliberative,Fully clear,Easy,Confident,I checked the distance between each route of the flower and determined which one will have a less stopover.
Q37ags082twl5esx0j12xnfh1Q,rotational,42.0,"[[2, 6, 7], [0, 7, 1, 4]]",1.0,0.972,0,Fully conscious/deliberative,Fully clear,Easy,Confident,I checked the distance between each route of the flower and determined which one will have a less stopover.
Q37ags082twl5esx0j12xnfh1Q,rotational,43.0,"[[5, 6, 7, 1], [5, 6, 2]]",1.0,1.261,1,Fully conscious/deliberative,Fully clear,Easy,Confident,I checked the distance between each route of the flower and determined which one will have a less stopover.
Q37ags082twl5esx0j12xnfh1Q,rotational,44.0,"[[2, 6, 7, 1], [0, 7, 1]]",0.0,1.437,0,Fully conscious/deliberative,Fully clear,Easy,Confident,I checked the distance between each route of the flower and determined which one will have a less stopover.
Q37ags082twl5esx0j12xnfh1Q,rotational,45.0,"[[1, 7, 6, 2], [5, 6, 2]]",0.0,1.095,0,Fully conscious/deliberative,Fully clear,Easy,Confident,I checked the distance between each route of the flower and determined which one will have a less stopover.
Q37ags082twl5esx0j12xnfh1Q,rotational,46.0,"[[0, 7, 6, 5], [5, 6, 2]]",1.0,1.241,1,Fully conscious/deliberative,Fully clear,Easy,Confident,I checked the distance between each route of the flower and determined which one will have a less stopover.
Q37ags082twl5esx0j12xnfh1Q,rotational,47.0,"[[5, 6, 7, 1], [1, 7, 6]]",0.0,1.427,0,Fully conscious/deliberative,Fully clear,Easy,Confident,I checked the distance between each route of the flower and determined which one will have a less stopover.
Q37ags082twl5esx0j12xnfh1Q,rotational,48.0,"[[3, 5, 6, 2], [0, 7, 1]]",0.0,1.445,0,Fully conscious/deliberative,Fully clear,Easy,Confident,I checked the distance between each route of the flower and determined which one will have a less stopover.
Q37ags082twl5esx0j12xnfh1Q,rotational,49.0,"[[7, 6, 5, 3], [2, 6, 7]]",1.0,1.393,1,Fully conscious/deliberative,Fully clear,Easy,Confident,I checked the distance between each route of the flower and determined which one will have a less stopover.
Q37ags082twl5esx0j12xnfh1Q,rotational,50.0,"[[4, 1, 7, 0], [7, 6, 2]]",0.0,1.31,0,Fully conscious/deliberative,Fully clear,Easy,Confident,I checked the distance between each route of the flower and determined which one will have a less stopover.
Q37ags082twl5esx0j12xnfh1Q,rotational,51.0,"[[4, 1, 7, 6], [7, 6, 2]]",1.0,2.153,1,Fully conscious/deliberative,Fully clear,Easy,Confident,I checked the distance between each route of the flower and determined which one will have a less stopover.
Q37ags082twl5esx0j12xnfh1Q,rotational,52.0,"[[5, 6, 7, 1], [3, 5, 6]]",0.0,1.125,0,Fully conscious/deliberative,Fully clear,Easy,Confident,I checked the distance between each route of the flower and determined which one will have a less stopover.
Q37ags082twl5esx0j12xnfh1Q,rotational,53.0,"[[7, 6, 5], [1, 7, 6, 2]]",0.0,1.224,1,Fully conscious/deliberative,Fully clear,Easy,Confident,I checked the distance between each route of the flower and determined which one will have a less stopover.
Q37ags082twl5esx0j12xnfh1Q,rotational,54.0,"[[0, 7, 6, 2], [5, 6, 7]]",0.0,1.304,0,Fully conscious/deliberative,Fully clear,Easy,Confident,I checked the distance between each route of the flower and determined which one will have a less stopover.
Q37ags082twl5esx0j12xnfh1Q,rotational,55.0,"[[5, 6, 7, 1, 4], [4, 1, 7, 0]]",1.0,2.392,1,Fully conscious/deliberative,Fully clear,Easy,Confident,I checked the distance between each route of the flower and determined which one will have a less stopover.
Q37ags082twl5esx0j12xnfh1Q,rotational,56.0,"[[1, 7, 6], [3, 5, 6, 2]]",1.0,5.347,0,Fully conscious/deliberative,Fully clear,Easy,Confident,I checked the distance between each route of the flower and determined which one will have a less stopover.
Q37ags082twl5esx0j12xnfh1Q,rotational,57.0,"[[3, 5, 6, 7, 1], [5, 6, 7, 1]]",1.0,3.113,1,Fully conscious/deliberative,Fully clear,Easy,Confident,I checked the distance between each route of the flower and determined which one will have a less stopover.
Q37ags082twl5esx0j12xnfh1Q,rotational,58.0,"[[1, 7, 6, 2], [0, 7, 1]]",0.0,1.213,0,Fully conscious/deliberative,Fully clear,Easy,Confident,I checked the distance between each route of the flower and determined which one will have a less stopover.
Q37ags082twl5esx0j12xnfh1Q,rotational,59.0,"[[1, 7, 6], [1, 7, 6, 2]]",0.0,1.196,1,Fully conscious/deliberative,Fully clear,Easy,Confident,I checked the distance between each route of the flower and determined which one will have a less stopover.
Q37ags082twl5esx0j12xnfh1Q,rotational,60.0,"[[3, 5, 6, 7], [2, 6, 5]]",1.0,0.813,1,Fully conscious/deliberative,Fully clear,Easy,Confident,I checked the distance between each route of the flower and determined which one will have a less stopover.
Q37ags082twl5esx0j12xnfh1Q,rotational,61.0,"[[7, 6, 2], [4, 1, 7, 6]]",1.0,1.45,0,Fully conscious/deliberative,Fully clear,Easy,Confident,I checked the distance between each route of the flower and determined which one will have a less stopover.
Q37ags082twl5esx0j12xnfh1Q,rotational,62.0,"[[4, 1, 7, 6], [1, 7, 6, 5, 3]]",1.0,0.85,0,Fully conscious/deliberative,Fully clear,Easy,Confident,I checked the distance between each route of the flower and determined which one will have a less stopover.
Q37ags082twl5esx0j12xnfh1Q,rotational,63.0,"[[0, 7, 6, 5], [1, 7, 0]]",0.0,1.254,0,Fully conscious/deliberative,Fully clear,Easy,Confident,I checked the distance between each route of the flower and determined which one will have a less stopover.
Q37ags082twl5esx0j12xnfh1Q,rotational,64.0,"[[7, 1, 4], [1, 7, 6, 5]]",1.0,0.763,0,Fully conscious/deliberative,Fully clear,Easy,Confident,I checked the distance between each route of the flower and determined which one will have a less stopover.
Q3uhntu7arr154uufp5whnp5fQ,rotational,0.0,"[[4, 1, 7], [1, 7, 6, 2]]",0.0,10.017,1,Fully conscious/deliberative,Somewhat clear,Hard,Rather unconfident,"I just tried my best to remember the flower pairs from yesterday, but it was difficult and I'm not very confident that I got many right. Nothing was unclear or misleading."
Q3uhntu7arr154uufp5whnp5fQ,rotational,1.0,"[[2, 6, 5], [2, 6, 5, 3]]",1.0,21.967,0,Fully conscious/deliberative,Somewhat clear,Hard,Rather unconfident,"I just tried my best to remember the flower pairs from yesterday, but it was difficult and I'm not very confident that I got many right. Nothing was unclear or misleading."
Q3uhntu7arr154uufp5whnp5fQ,rotational,2.0,"[[5, 6, 7], [0, 7, 1, 4]]",1.0,22.714,0,Fully conscious/deliberative,Somewhat clear,Hard,Rather unconfident,"I just tried my best to remember the flower pairs from yesterday, but it was difficult and I'm not very confident that I got many right. Nothing was unclear or misleading."
Q3uhntu7arr154uufp5whnp5fQ,rotational,3.0,"[[6, 7, 1, 4], [0, 7, 6, 5, 3]]",0.0,17.862,1,Fully conscious/deliberative,Somewhat clear,Hard,Rather unconfident,"I just tried my best to remember the flower pairs from yesterday, but it was difficult and I'm not very confident that I got many right. Nothing was unclear or misleading."
Q3uhntu7arr154uufp5whnp5fQ,rotational,4.0,"[[2, 6, 7], [7, 6, 5, 3]]",1.0,21.891,0,Fully conscious/deliberative,Somewhat clear,Hard,Rather unconfident,"I just tried my best to remember the flower pairs from yesterday, but it was difficult and I'm not very confident that I got many right. Nothing was unclear or misleading."
Q3uhntu7arr154uufp5whnp5fQ,rotational,5.0,"[[2, 6, 5], [5, 6, 7, 1]]",0.0,38.896,1,Fully conscious/deliberative,Somewhat clear,Hard,Rather unconfident,"I just tried my best to remember the flower pairs from yesterday, but it was difficult and I'm not very confident that I got many right. Nothing was unclear or misleading."
Q3uhntu7arr154uufp5whnp5fQ,rotational,6.0,"[[6, 5, 3], [5, 6, 7, 1]]",0.0,11.308,1,Fully conscious/deliberative,Somewhat clear,Hard,Rather unconfident,"I just tried my best to remember the flower pairs from yesterday, but it was difficult and I'm not very confident that I got many right. Nothing was unclear or misleading."
Q3uhntu7arr154uufp5whnp5fQ,rotational,7.0,"[[6, 7, 1], [1, 7, 6, 2]]",0.0,8.859,1,Fully conscious/deliberative,Somewhat clear,Hard,Rather unconfident,"I just tried my best to remember the flower pairs from yesterday, but it was difficult and I'm not very confident that I got many right. Nothing was unclear or misleading."
Q3uhntu7arr154uufp5whnp5fQ,rotational,8.0,"[[3, 5, 6, 2], [4, 1, 7, 6, 2]]",0.0,22.577,1,Fully conscious/deliberative,Somewhat clear,Hard,Rather unconfident,"I just tried my best to remember the flower pairs from yesterday, but it was difficult and I'm not very confident that I got many right. Nothing was unclear or misleading."
Q3uhntu7arr154uufp5whnp5fQ,rotational,9.0,"[[5, 6, 7], [5, 6, 7, 1]]",1.0,6.58,0,Fully conscious/deliberative,Somewhat clear,Hard,Rather unconfident,"I just tried my best to remember the flower pairs from yesterday, but it was difficult and I'm not very confident that I got many right. Nothing was unclear or misleading."
Q3uhntu7arr154uufp5whnp5fQ,rotational,10.0,"[[0, 7, 6, 2], [5, 6, 7]]",1.0,7.72,1,Fully conscious/deliberative,Somewhat clear,Hard,Rather unconfident,"I just tried my best to remember the flower pairs from yesterday, but it was difficult and I'm not very confident that I got many right. Nothing was unclear or misleading."
Q3uhntu7arr154uufp5whnp5fQ,rotational,11.0,"[[3, 5, 6], [0, 7, 1, 4]]",1.0,20.081,0,Fully conscious/deliberative,Somewhat clear,Hard,Rather unconfident,"I just tried my best to remember the flower pairs from yesterday, but it was difficult and I'm not very confident that I got many right. Nothing was unclear or misleading."
Q3uhntu7arr154uufp5whnp5fQ,rotational,12.0,"[[0, 7, 1], [5, 6, 7, 0]]",1.0,10.899,0,Fully conscious/deliberative,Somewhat clear,Hard,Rather unconfident,"I just tried my best to remember the flower pairs from yesterday, but it was difficult and I'm not very confident that I got many right. Nothing was unclear or misleading."
Q3uhntu7arr154uufp5whnp5fQ,rotational,13.0,"[[5, 6, 7], [4, 1, 7, 6]]",1.0,4.635,0,Fully conscious/deliberative,Somewhat clear,Hard,Rather unconfident,"I just tried my best to remember the flower pairs from yesterday, but it was difficult and I'm not very confident that I got many right. Nothing was unclear or misleading."
Q3uhntu7arr154uufp5whnp5fQ,rotational,14.0,"[[7, 1, 4], [5, 6, 7, 1]]",0.0,3.753,1,Fully conscious/deliberative,Somewhat clear,Hard,Rather unconfident,"I just tried my best to remember the flower pairs from yesterday, but it was difficult and I'm not very confident that I got many right. Nothing was unclear or misleading."
Q3uhntu7arr154uufp5whnp5fQ,rotational,15.0,"[[4, 1, 7, 0], [2, 6, 5]]",0.0,15.829,0,Fully conscious/deliberative,Somewhat clear,Hard,Rather unconfident,"I just tried my best to remember the flower pairs from yesterday, but it was difficult and I'm not very confident that I got many right. Nothing was unclear or misleading."
Q3uhntu7arr154uufp5whnp5fQ,rotational,16.0,"[[6, 7, 1], [0, 7, 6, 5]]",1.0,4.677,0,Fully conscious/deliberative,Somewhat clear,Hard,Rather unconfident,"I just tried my best to remember the flower pairs from yesterday, but it was difficult and I'm not very confident that I got many right. Nothing was unclear or misleading."
Q3uhntu7arr154uufp5whnp5fQ,rotational,17.0,"[[6, 7, 1], [3, 5, 6, 2]]",0.0,21.793,1,Fully conscious/deliberative,Somewhat clear,Hard,Rather unconfident,"I just tried my best to remember the flower pairs from yesterday, but it was difficult and I'm not very confident that I got many right. Nothing was unclear or misleading."
Q3uhntu7arr154uufp5whnp5fQ,rotational,18.0,"[[7, 6, 2], [6, 7, 1, 4]]",1.0,8.433,0,Fully conscious/deliberative,Somewhat clear,Hard,Rather unconfident,"I just tried my best to remember the flower pairs from yesterday, but it was difficult and I'm not very confident that I got many right. Nothing was unclear or misleading."
Q3uhntu7arr154uufp5whnp5fQ,rotational,19.0,"[[2, 6, 7, 0], [0, 7, 1]]",1.0,3.247,1,Fully conscious/deliberative,Somewhat clear,Hard,Rather unconfident,"I just tried my best to remember the flower pairs from yesterday, but it was difficult and I'm not very confident that I got many right. Nothing was unclear or misleading."
Q3uhntu7arr154uufp5whnp5fQ,rotational,20.0,"[[5, 6, 7], [0, 7, 6, 5]]",1.0,2.953,0,Fully conscious/deliberative,Somewhat clear,Hard,Rather unconfident,"I just tried my best to remember the flower pairs from yesterday, but it was difficult and I'm not very confident that I got many right. Nothing was unclear or misleading."
Q3uhntu7arr154uufp5whnp5fQ,rotational,21.0,"[[0, 7, 1, 4], [2, 6, 7]]",1.0,26.667,1,Fully conscious/deliberative,Somewhat clear,Hard,Rather unconfident,"I just tried my best to remember the flower pairs from yesterday, but it was difficult and I'm not very confident that I got many right. Nothing was unclear or misleading."
Q3uhntu7arr154uufp5whnp5fQ,rotational,22.0,"[[1, 7, 6, 5, 3], [2, 6, 5, 3]]",0.0,15.307,0,Fully conscious/deliberative,Somewhat clear,Hard,Rather unconfident,"I just tried my best to remember the flower pairs from yesterday, but it was difficult and I'm not very confident that I got many right. Nothing was unclear or misleading."
Q3uhntu7arr154uufp5whnp5fQ,rotational,23.0,"[[7, 1, 4], [2, 6, 7, 0]]",0.0,26.478,1,Fully conscious/deliberative,Somewhat clear,Hard,Rather unconfident,"I just tried my best to remember the flower pairs from yesterday, but it was difficult and I'm not very confident that I got many right. Nothing was unclear or misleading."
Q3uhntu7arr154uufp5whnp5fQ,rotational,24.0,"[[1, 7, 6, 5, 3], [1, 7, 6, 2]]",1.0,45.202,1,Fully conscious/deliberative,Somewhat clear,Hard,Rather unconfident,"I just tried my best to remember the flower pairs from yesterday, but it was difficult and I'm not very confident that I got many right. Nothing was unclear or misleading."
Q3uhntu7arr154uufp5whnp5fQ,rotational,25.0,"[[0, 7, 1, 4], [6, 7, 0]]",1.0,2.832,1,Fully conscious/deliberative,Somewhat clear,Hard,Rather unconfident,"I just tried my best to remember the flower pairs from yesterday, but it was difficult and I'm not very confident that I got many right. Nothing was unclear or misleading."
Q3uhntu7arr154uufp5whnp5fQ,rotational,26.0,"[[4, 1, 7, 6, 2], [4, 1, 7, 0]]",1.0,6.978,1,Fully conscious/deliberative,Somewhat clear,Hard,Rather unconfident,"I just tried my best to remember the flower pairs from yesterday, but it was difficult and I'm not very confident that I got many right. Nothing was unclear or misleading."
Q3uhntu7arr154uufp5whnp5fQ,rotational,27.0,"[[4, 1, 7, 6], [5, 6, 2]]",0.0,31.605,0,Fully conscious/deliberative,Somewhat clear,Hard,Rather unconfident,"I just tried my best to remember the flower pairs from yesterday, but it was difficult and I'm not very confident that I got many right. Nothing was unclear or misleading."
Q3uhntu7arr154uufp5whnp5fQ,rotational,28.0,"[[1, 7, 6, 5, 3], [1, 7, 6, 5]]",1.0,2.526,1,Fully conscious/deliberative,Somewhat clear,Hard,Rather unconfident,"I just tried my best to remember the flower pairs from yesterday, but it was difficult and I'm not very confident that I got many right. Nothing was unclear or misleading."
Q3uhntu7arr154uufp5whnp5fQ,rotational,29.0,"[[2, 6, 7, 1], [0, 7, 6, 5, 3]]",1.0,10.654,0,Fully conscious/deliberative,Somewhat clear,Hard,Rather unconfident,"I just tried my best to remember the flower pairs from yesterday, but it was difficult and I'm not very confident that I got many right. Nothing was unclear or misleading."
Q3uhntu7arr154uufp5whnp5fQ,rotational,30.0,"[[1, 7, 0], [3, 5, 6, 2]]",1.0,2.921,0,Fully conscious/deliberative,Somewhat clear,Hard,Rather unconfident,"I just tried my best to remember the flower pairs from yesterday, but it was difficult and I'm not very confident that I got many right. Nothing was unclear or misleading."
Q3uhntu7arr154uufp5whnp5fQ,rotational,31.0,"[[3, 5, 6, 2], [6, 7, 0]]",1.0,2.627,1,Fully conscious/deliberative,Somewhat clear,Hard,Rather unconfident,"I just tried my best to remember the flower pairs from yesterday, but it was difficult and I'm not very confident that I got many right. Nothing was unclear or misleading."
Q3uhntu7arr154uufp5whnp5fQ,rotational,32.0,"[[7, 1, 4], [1, 7, 6, 5]]",0.0,92.346,1,Fully conscious/deliberative,Somewhat clear,Hard,Rather unconfident,"I just tried my best to remember the flower pairs from yesterday, but it was difficult and I'm not very confident that I got many right. Nothing was unclear or misleading."
Q3uhntu7arr154uufp5whnp5fQ,rotational,33.0,"[[3, 5, 6], [4, 1, 7, 6]]",1.0,38.14,0,Fully conscious/deliberative,Somewhat clear,Hard,Rather unconfident,"I just tried my best to remember the flower pairs from yesterday, but it was difficult and I'm not very confident that I got many right. Nothing was unclear or misleading."
Q3uhntu7arr154uufp5whnp5fQ,rotational,34.0,"[[6, 7, 1, 4], [0, 7, 1]]",1.0,4.001,1,Fully conscious/deliberative,Somewhat clear,Hard,Rather unconfident,"I just tried my best to remember the flower pairs from yesterday, but it was difficult and I'm not very confident that I got many right. Nothing was unclear or misleading."
Q3uhntu7arr154uufp5whnp5fQ,rotational,35.0,"[[1, 7, 6], [4, 1, 7, 0]]",1.0,14.776,0,Fully conscious/deliberative,Somewhat clear,Hard,Rather unconfident,"I just tried my best to remember the flower pairs from yesterday, but it was difficult and I'm not very confident that I got many right. Nothing was unclear or misleading."
Q3uhntu7arr154uufp5whnp5fQ,rotational,36.0,"[[2, 6, 7, 1, 4], [0, 7, 6, 5]]",0.0,4.333,0,Fully conscious/deliberative,Somewhat clear,Hard,Rather unconfident,"I just tried my best to remember the flower pairs from yesterday, but it was difficult and I'm not very confident that I got many right. Nothing was unclear or misleading."
Q3uhntu7arr154uufp5whnp5fQ,rotational,37.0,"[[6, 5, 3], [4, 1, 7, 6]]",1.0,23.185,0,Fully conscious/deliberative,Somewhat clear,Hard,Rather unconfident,"I just tried my best to remember the flower pairs from yesterday, but it was difficult and I'm not very confident that I got many right. Nothing was unclear or misleading."
Q3uhntu7arr154uufp5whnp5fQ,rotational,38.0,"[[4, 1, 7, 6, 5, 3], [4, 1, 7, 6, 2]]",1.0,5.577,1,Fully conscious/deliberative,Somewhat clear,Hard,Rather unconfident,"I just tried my best to remember the flower pairs from yesterday, but it was difficult and I'm not very confident that I got many right. Nothing was unclear or misleading."
Q3uhntu7arr154uufp5whnp5fQ,rotational,39.0,"[[3, 5, 6, 2], [5, 6, 7]]",1.0,2.885,1,Fully conscious/deliberative,Somewhat clear,Hard,Rather unconfident,"I just tried my best to remember the flower pairs from yesterday, but it was difficult and I'm not very confident that I got many right. Nothing was unclear or misleading."
Q3uhntu7arr154uufp5whnp5fQ,rotational,40.0,"[[2, 6, 7], [1, 7, 6, 5]]",0.0,10.41,1,Fully conscious/deliberative,Somewhat clear,Hard,Rather unconfident,"I just tried my best to remember the flower pairs from yesterday, but it was difficult and I'm not very confident that I got many right. Nothing was unclear or misleading."
Q3uhntu7arr154uufp5whnp5fQ,rotational,41.0,"[[1, 7, 6, 2], [6, 5, 3]]",0.0,4.18,0,Fully conscious/deliberative,Somewhat clear,Hard,Rather unconfident,"I just tried my best to remember the flower pairs from yesterday, but it was difficult and I'm not very confident that I got many right. Nothing was unclear or misleading."
Q3uhntu7arr154uufp5whnp5fQ,rotational,42.0,"[[0, 7, 6, 5], [0, 7, 6]]",1.0,2.623,1,Fully conscious/deliberative,Somewhat clear,Hard,Rather unconfident,"I just tried my best to remember the flower pairs from yesterday, but it was difficult and I'm not very confident that I got many right. Nothing was unclear or misleading."
Q3uhntu7arr154uufp5whnp5fQ,rotational,43.0,"[[3, 5, 6, 7], [5, 6, 2]]",1.0,36.47,1,Fully conscious/deliberative,Somewhat clear,Hard,Rather unconfident,"I just tried my best to remember the flower pairs from yesterday, but it was difficult and I'm not very confident that I got many right. Nothing was unclear or misleading."
Q3uhntu7arr154uufp5whnp5fQ,rotational,44.0,"[[7, 6, 2], [0, 7, 1, 4]]",1.0,7.649,0,Fully conscious/deliberative,Somewhat clear,Hard,Rather unconfident,"I just tried my best to remember the flower pairs from yesterday, but it was difficult and I'm not very confident that I got many right. Nothing was unclear or misleading."
Q3uhntu7arr154uufp5whnp5fQ,rotational,45.0,"[[2, 6, 7], [2, 6, 7, 1]]",0.0,58.689,1,Fully conscious/deliberative,Somewhat clear,Hard,Rather unconfident,"I just tried my best to remember the flower pairs from yesterday, but it was difficult and I'm not very confident that I got many right. Nothing was unclear or misleading."
Q3uhntu7arr154uufp5whnp5fQ,rotational,46.0,"[[3, 5, 6, 7], [5, 6, 7, 1, 4]]",1.0,11.316,0,Fully conscious/deliberative,Somewhat clear,Hard,Rather unconfident,"I just tried my best to remember the flower pairs from yesterday, but it was difficult and I'm not very confident that I got many right. Nothing was unclear or misleading."
Q3uhntu7arr154uufp5whnp5fQ,rotational,47.0,"[[2, 6, 7, 1], [0, 7, 1]]",1.0,3.467,1,Fully conscious/deliberative,Somewhat clear,Hard,Rather unconfident,"I just tried my best to remember the flower pairs from yesterday, but it was difficult and I'm not very confident that I got many right. Nothing was unclear or misleading."
Q3uhntu7arr154uufp5whnp5fQ,rotational,48.0,"[[1, 7, 6, 5, 3], [6, 7, 1, 4]]",0.0,10.086,0,Fully conscious/deliberative,Somewhat clear,Hard,Rather unconfident,"I just tried my best to remember the flower pairs from yesterday, but it was difficult and I'm not very confident that I got many right. Nothing was unclear or misleading."
Q3uhntu7arr154uufp5whnp5fQ,rotational,49.0,"[[2, 6, 5, 3], [4, 1, 7]]",0.0,7.755,0,Fully conscious/deliberative,Somewhat clear,Hard,Rather unconfident,"I just tried my best to remember the flower pairs from yesterday, but it was difficult and I'm not very confident that I got many right. Nothing was unclear or misleading."
Q3uhntu7arr154uufp5whnp5fQ,rotational,50.0,"[[5, 6, 7], [1, 7, 6, 2]]",0.0,5.37,1,Fully conscious/deliberative,Somewhat clear,Hard,Rather unconfident,"I just tried my best to remember the flower pairs from yesterday, but it was difficult and I'm not very confident that I got many right. Nothing was unclear or misleading."
Q3uhntu7arr154uufp5whnp5fQ,rotational,51.0,"[[7, 6, 5, 3], [2, 6, 7, 1, 4]]",1.0,34.629,0,Fully conscious/deliberative,Somewhat clear,Hard,Rather unconfident,"I just tried my best to remember the flower pairs from yesterday, but it was difficult and I'm not very confident that I got many right. Nothing was unclear or misleading."
Q3uhntu7arr154uufp5whnp5fQ,rotational,52.0,"[[1, 7, 0], [2, 6, 7, 1]]",0.0,9.459,1,Fully conscious/deliberative,Somewhat clear,Hard,Rather unconfident,"I just tried my best to remember the flower pairs from yesterday, but it was difficult and I'm not very confident that I got many right. Nothing was unclear or misleading."
Q3uhntu7arr154uufp5whnp5fQ,rotational,53.0,"[[5, 6, 7, 0], [2, 6, 5]]",1.0,20.534,1,Fully conscious/deliberative,Somewhat clear,Hard,Rather unconfident,"I just tried my best to remember the flower pairs from yesterday, but it was difficult and I'm not very confident that I got many right. Nothing was unclear or misleading."
Q3uhntu7arr154uufp5whnp5fQ,rotational,54.0,"[[7, 1, 4], [0, 7, 6, 5]]",1.0,4.016,0,Fully conscious/deliberative,Somewhat clear,Hard,Rather unconfident,"I just tried my best to remember the flower pairs from yesterday, but it was difficult and I'm not very confident that I got many right. Nothing was unclear or misleading."
Q3uhntu7arr154uufp5whnp5fQ,rotational,55.0,"[[5, 6, 7, 1], [6, 7, 1]]",0.0,8.734,0,Fully conscious/deliberative,Somewhat clear,Hard,Rather unconfident,"I just tried my best to remember the flower pairs from yesterday, but it was difficult and I'm not very confident that I got many right. Nothing was unclear or misleading."
Q3uhntu7arr154uufp5whnp5fQ,rotational,56.0,"[[4, 1, 7, 6], [4, 1, 7, 6, 5]]",1.0,7.249,0,Fully conscious/deliberative,Somewhat clear,Hard,Rather unconfident,"I just tried my best to remember the flower pairs from yesterday, but it was difficult and I'm not very confident that I got many right. Nothing was unclear or misleading."
Q3uhntu7arr154uufp5whnp5fQ,rotational,57.0,"[[4, 1, 7, 0], [4, 1, 7, 6, 5]]",0.0,13.956,1,Fully conscious/deliberative,Somewhat clear,Hard,Rather unconfident,"I just tried my best to remember the flower pairs from yesterday, but it was difficult and I'm not very confident that I got many right. Nothing was unclear or misleading."
Q3uhntu7arr154uufp5whnp5fQ,rotational,58.0,"[[0, 7, 6, 2], [3, 5, 6]]",1.0,9.165,1,Fully conscious/deliberative,Somewhat clear,Hard,Rather unconfident,"I just tried my best to remember the flower pairs from yesterday, but it was difficult and I'm not very confident that I got many right. Nothing was unclear or misleading."
Q3uhntu7arr154uufp5whnp5fQ,rotational,59.0,"[[7, 6, 2], [6, 7, 1, 4]]",1.0,8.121,0,Fully conscious/deliberative,Somewhat clear,Hard,Rather unconfident,"I just tried my best to remember the flower pairs from yesterday, but it was difficult and I'm not very confident that I got many right. Nothing was unclear or misleading."
Q3uhntu7arr154uufp5whnp5fQ,rotational,60.0,"[[5, 6, 2], [2, 6, 7, 1]]",0.0,10.674,1,Fully conscious/deliberative,Somewhat clear,Hard,Rather unconfident,"I just tried my best to remember the flower pairs from yesterday, but it was difficult and I'm not very confident that I got many right. Nothing was unclear or misleading."
Q3uhntu7arr154uufp5whnp5fQ,rotational,61.0,"[[5, 6, 7, 1], [1, 7, 0]]",1.0,6.379,1,Fully conscious/deliberative,Somewhat clear,Hard,Rather unconfident,"I just tried my best to remember the flower pairs from yesterday, but it was difficult and I'm not very confident that I got many right. Nothing was unclear or misleading."
Q3uhntu7arr154uufp5whnp5fQ,rotational,62.0,"[[0, 7, 6, 2], [0, 7, 6, 5, 3]]",1.0,50.026,0,Fully conscious/deliberative,Somewhat clear,Hard,Rather unconfident,"I just tried my best to remember the flower pairs from yesterday, but it was difficult and I'm not very confident that I got many right. Nothing was unclear or misleading."
Q3uhntu7arr154uufp5whnp5fQ,rotational,63.0,"[[1, 7, 6, 2], [7, 1, 4]]",0.0,15.594,0,Fully conscious/deliberative,Somewhat clear,Hard,Rather unconfident,"I just tried my best to remember the flower pairs from yesterday, but it was difficult and I'm not very confident that I got many right. Nothing was unclear or misleading."
Q3uhntu7arr154uufp5whnp5fQ,rotational,64.0,"[[4, 1, 7, 6, 5], [7, 6, 5, 3]]",1.0,19.096,1,Fully conscious/deliberative,Somewhat clear,Hard,Rather unconfident,"I just tried my best to remember the flower pairs from yesterday, but it was difficult and I'm not very confident that I got many right. Nothing was unclear or misleading."
Q3z17elg6xn5l0xwgak6825edQ,rotational,0.0,"[[0, 7, 1, 4], [6, 5, 3]]",1.0,13.18,1,Fully conscious/deliberative,Somewhat clear,Quite hard,Rather unconfident,"Well, the strategy i used was i remembered the flowers that the bee was going to in the previous study and thought that is where the bee will take long. It then gave me the chance to other pair."
Q3z17elg6xn5l0xwgak6825edQ,rotational,1.0,"[[4, 1, 7, 6, 5, 3], [2, 6, 7, 1, 4]]",0.0,12.903,0,Fully conscious/deliberative,Somewhat clear,Quite hard,Rather unconfident,"Well, the strategy i used was i remembered the flowers that the bee was going to in the previous study and thought that is where the bee will take long. It then gave me the chance to other pair."
Q3z17elg6xn5l0xwgak6825edQ,rotational,2.0,"[[7, 1, 4], [2, 6, 7, 1]]",1.0,9.336,0,Fully conscious/deliberative,Somewhat clear,Quite hard,Rather unconfident,"Well, the strategy i used was i remembered the flowers that the bee was going to in the previous study and thought that is where the bee will take long. It then gave me the chance to other pair."
Q3z17elg6xn5l0xwgak6825edQ,rotational,3.0,"[[7, 6, 2], [6, 7, 1, 4]]",1.0,4.729,0,Fully conscious/deliberative,Somewhat clear,Quite hard,Rather unconfident,"Well, the strategy i used was i remembered the flowers that the bee was going to in the previous study and thought that is where the bee will take long. It then gave me the chance to other pair."
Q3z17elg6xn5l0xwgak6825edQ,rotational,4.0,"[[5, 6, 7, 1], [1, 7, 6, 5, 3]]",1.0,13.615,0,Fully conscious/deliberative,Somewhat clear,Quite hard,Rather unconfident,"Well, the strategy i used was i remembered the flowers that the bee was going to in the previous study and thought that is where the bee will take long. It then gave me the chance to other pair."
Q3z17elg6xn5l0xwgak6825edQ,rotational,5.0,"[[1, 7, 6, 5, 3], [2, 6, 5, 3]]",0.0,9.001,0,Fully conscious/deliberative,Somewhat clear,Quite hard,Rather unconfident,"Well, the strategy i used was i remembered the flowers that the bee was going to in the previous study and thought that is where the bee will take long. It then gave me the chance to other pair."
Q3z17elg6xn5l0xwgak6825edQ,rotational,6.0,"[[7, 6, 2], [4, 1, 7, 0]]",0.0,4.169,1,Fully conscious/deliberative,Somewhat clear,Quite hard,Rather unconfident,"Well, the strategy i used was i remembered the flowers that the bee was going to in the previous study and thought that is where the bee will take long. It then gave me the chance to other pair."
Q3z17elg6xn5l0xwgak6825edQ,rotational,7.0,"[[4, 1, 7, 6], [5, 6, 7]]",1.0,6.19,1,Fully conscious/deliberative,Somewhat clear,Quite hard,Rather unconfident,"Well, the strategy i used was i remembered the flowers that the bee was going to in the previous study and thought that is where the bee will take long. It then gave me the chance to other pair."
Q3z17elg6xn5l0xwgak6825edQ,rotational,8.0,"[[7, 6, 5, 3], [5, 6, 2]]",0.0,10.654,0,Fully conscious/deliberative,Somewhat clear,Quite hard,Rather unconfident,"Well, the strategy i used was i remembered the flowers that the bee was going to in the previous study and thought that is where the bee will take long. It then gave me the chance to other pair."
Q3z17elg6xn5l0xwgak6825edQ,rotational,9.0,"[[5, 6, 7, 1, 4], [4, 1, 7, 0]]",1.0,5.366,1,Fully conscious/deliberative,Somewhat clear,Quite hard,Rather unconfident,"Well, the strategy i used was i remembered the flowers that the bee was going to in the previous study and thought that is where the bee will take long. It then gave me the chance to other pair."
Q3z17elg6xn5l0xwgak6825edQ,rotational,10.0,"[[7, 1, 4], [5, 6, 7, 1]]",1.0,7.338,0,Fully conscious/deliberative,Somewhat clear,Quite hard,Rather unconfident,"Well, the strategy i used was i remembered the flowers that the bee was going to in the previous study and thought that is where the bee will take long. It then gave me the chance to other pair."
Q3z17elg6xn5l0xwgak6825edQ,rotational,11.0,"[[0, 7, 6, 5], [4, 1, 7, 6, 2]]",0.0,31.934,1,Fully conscious/deliberative,Somewhat clear,Quite hard,Rather unconfident,"Well, the strategy i used was i remembered the flowers that the bee was going to in the previous study and thought that is where the bee will take long. It then gave me the chance to other pair."
Q3z17elg6xn5l0xwgak6825edQ,rotational,12.0,"[[4, 1, 7, 6], [4, 1, 7, 6, 5]]",1.0,14.405,0,Fully conscious/deliberative,Somewhat clear,Quite hard,Rather unconfident,"Well, the strategy i used was i remembered the flowers that the bee was going to in the previous study and thought that is where the bee will take long. It then gave me the chance to other pair."
Q3z17elg6xn5l0xwgak6825edQ,rotational,13.0,"[[0, 7, 6, 5], [7, 1, 4]]",0.0,10.969,0,Fully conscious/deliberative,Somewhat clear,Quite hard,Rather unconfident,"Well, the strategy i used was i remembered the flowers that the bee was going to in the previous study and thought that is where the bee will take long. It then gave me the chance to other pair."
Q3z17elg6xn5l0xwgak6825edQ,rotational,14.0,"[[5, 6, 7, 1, 4], [7, 6, 5, 3]]",1.0,23.665,1,Fully conscious/deliberative,Somewhat clear,Quite hard,Rather unconfident,"Well, the strategy i used was i remembered the flowers that the bee was going to in the previous study and thought that is where the bee will take long. It then gave me the chance to other pair."
Q3z17elg6xn5l0xwgak6825edQ,rotational,15.0,"[[3, 5, 6, 7, 0], [0, 7, 6, 2]]",0.0,5.155,0,Fully conscious/deliberative,Somewhat clear,Quite hard,Rather unconfident,"Well, the strategy i used was i remembered the flowers that the bee was going to in the previous study and thought that is where the bee will take long. It then gave me the chance to other pair."
Q3z17elg6xn5l0xwgak6825edQ,rotational,16.0,"[[1, 7, 0], [3, 5, 6, 2]]",0.0,4.809,1,Fully conscious/deliberative,Somewhat clear,Quite hard,Rather unconfident,"Well, the strategy i used was i remembered the flowers that the bee was going to in the previous study and thought that is where the bee will take long. It then gave me the chance to other pair."
Q3z17elg6xn5l0xwgak6825edQ,rotational,17.0,"[[4, 1, 7, 6, 2], [3, 5, 6, 2]]",1.0,6.788,1,Fully conscious/deliberative,Somewhat clear,Quite hard,Rather unconfident,"Well, the strategy i used was i remembered the flowers that the bee was going to in the previous study and thought that is where the bee will take long. It then gave me the chance to other pair."
Q3z17elg6xn5l0xwgak6825edQ,rotational,18.0,"[[0, 7, 6, 5], [2, 6, 5]]",0.0,15.873,0,Fully conscious/deliberative,Somewhat clear,Quite hard,Rather unconfident,"Well, the strategy i used was i remembered the flowers that the bee was going to in the previous study and thought that is where the bee will take long. It then gave me the chance to other pair."
Q3z17elg6xn5l0xwgak6825edQ,rotational,19.0,"[[5, 6, 7], [2, 6, 7, 0]]",1.0,6.999,0,Fully conscious/deliberative,Somewhat clear,Quite hard,Rather unconfident,"Well, the strategy i used was i remembered the flowers that the bee was going to in the previous study and thought that is where the bee will take long. It then gave me the chance to other pair."
Q3z17elg6xn5l0xwgak6825edQ,rotational,20.0,"[[2, 6, 7, 1, 4], [4, 1, 7, 0]]",0.0,12.709,0,Fully conscious/deliberative,Somewhat clear,Quite hard,Rather unconfident,"Well, the strategy i used was i remembered the flowers that the bee was going to in the previous study and thought that is where the bee will take long. It then gave me the chance to other pair."
Q3z17elg6xn5l0xwgak6825edQ,rotational,21.0,"[[0, 7, 6], [0, 7, 1, 4]]",0.0,3.937,1,Fully conscious/deliberative,Somewhat clear,Quite hard,Rather unconfident,"Well, the strategy i used was i remembered the flowers that the bee was going to in the previous study and thought that is where the bee will take long. It then gave me the chance to other pair."
Q3z17elg6xn5l0xwgak6825edQ,rotational,22.0,"[[6, 7, 1], [0, 7, 1, 4]]",0.0,27.516,1,Fully conscious/deliberative,Somewhat clear,Quite hard,Rather unconfident,"Well, the strategy i used was i remembered the flowers that the bee was going to in the previous study and thought that is where the bee will take long. It then gave me the chance to other pair."
Q3z17elg6xn5l0xwgak6825edQ,rotational,23.0,"[[2, 6, 7], [5, 6, 7, 1]]",0.0,12.157,1,Fully conscious/deliberative,Somewhat clear,Quite hard,Rather unconfident,"Well, the strategy i used was i remembered the flowers that the bee was going to in the previous study and thought that is where the bee will take long. It then gave me the chance to other pair."
Q3z17elg6xn5l0xwgak6825edQ,rotational,24.0,"[[7, 6, 2], [2, 6, 7, 1]]",1.0,6.04,0,Fully conscious/deliberative,Somewhat clear,Quite hard,Rather unconfident,"Well, the strategy i used was i remembered the flowers that the bee was going to in the previous study and thought that is where the bee will take long. It then gave me the chance to other pair."
Q3z17elg6xn5l0xwgak6825edQ,rotational,25.0,"[[5, 6, 7, 1], [7, 1, 4]]",0.0,10.539,0,Fully conscious/deliberative,Somewhat clear,Quite hard,Rather unconfident,"Well, the strategy i used was i remembered the flowers that the bee was going to in the previous study and thought that is where the bee will take long. It then gave me the chance to other pair."
Q3z17elg6xn5l0xwgak6825edQ,rotational,26.0,"[[4, 1, 7], [1, 7, 6, 2]]",0.0,13.469,1,Fully conscious/deliberative,Somewhat clear,Quite hard,Rather unconfident,"Well, the strategy i used was i remembered the flowers that the bee was going to in the previous study and thought that is where the bee will take long. It then gave me the chance to other pair."
Q3z17elg6xn5l0xwgak6825edQ,rotational,27.0,"[[0, 7, 6, 5, 3], [6, 7, 1, 4]]",1.0,1.985,1,Fully conscious/deliberative,Somewhat clear,Quite hard,Rather unconfident,"Well, the strategy i used was i remembered the flowers that the bee was going to in the previous study and thought that is where the bee will take long. It then gave me the chance to other pair."
Q3z17elg6xn5l0xwgak6825edQ,rotational,28.0,"[[7, 6, 5], [2, 6, 7, 1]]",1.0,5.093,0,Fully conscious/deliberative,Somewhat clear,Quite hard,Rather unconfident,"Well, the strategy i used was i remembered the flowers that the bee was going to in the previous study and thought that is where the bee will take long. It then gave me the chance to other pair."
Q3z17elg6xn5l0xwgak6825edQ,rotational,29.0,"[[2, 6, 7, 1], [1, 7, 0]]",0.0,14.072,0,Fully conscious/deliberative,Somewhat clear,Quite hard,Rather unconfident,"Well, the strategy i used was i remembered the flowers that the bee was going to in the previous study and thought that is where the bee will take long. It then gave me the chance to other pair."
Q3z17elg6xn5l0xwgak6825edQ,rotational,30.0,"[[0, 7, 1], [5, 6, 7, 0]]",0.0,11.924,1,Fully conscious/deliberative,Somewhat clear,Quite hard,Rather unconfident,"Well, the strategy i used was i remembered the flowers that the bee was going to in the previous study and thought that is where the bee will take long. It then gave me the chance to other pair."
Q3z17elg6xn5l0xwgak6825edQ,rotational,31.0,"[[2, 6, 5, 3], [7, 6, 5]]",0.0,10.546,0,Fully conscious/deliberative,Somewhat clear,Quite hard,Rather unconfident,"Well, the strategy i used was i remembered the flowers that the bee was going to in the previous study and thought that is where the bee will take long. It then gave me the chance to other pair."
Q3z17elg6xn5l0xwgak6825edQ,rotational,32.0,"[[5, 6, 7, 1], [5, 6, 2]]",1.0,11.043,1,Fully conscious/deliberative,Somewhat clear,Quite hard,Rather unconfident,"Well, the strategy i used was i remembered the flowers that the bee was going to in the previous study and thought that is where the bee will take long. It then gave me the chance to other pair."
Q3z17elg6xn5l0xwgak6825edQ,rotational,33.0,"[[0, 7, 1], [2, 6, 7, 1]]",0.0,3.075,1,Fully conscious/deliberative,Somewhat clear,Quite hard,Rather unconfident,"Well, the strategy i used was i remembered the flowers that the bee was going to in the previous study and thought that is where the bee will take long. It then gave me the chance to other pair."
Q3z17elg6xn5l0xwgak6825edQ,rotational,34.0,"[[3, 5, 6, 7, 1], [4, 1, 7, 6]]",1.0,5.318,1,Fully conscious/deliberative,Somewhat clear,Quite hard,Rather unconfident,"Well, the strategy i used was i remembered the flowers that the bee was going to in the previous study and thought that is where the bee will take long. It then gave me the chance to other pair."
Q3z17elg6xn5l0xwgak6825edQ,rotational,35.0,"[[5, 6, 7, 0], [6, 7, 1]]",0.0,6.177,0,Fully conscious/deliberative,Somewhat clear,Quite hard,Rather unconfident,"Well, the strategy i used was i remembered the flowers that the bee was going to in the previous study and thought that is where the bee will take long. It then gave me the chance to other pair."
Q3z17elg6xn5l0xwgak6825edQ,rotational,36.0,"[[0, 7, 1], [6, 7, 1, 4]]",0.0,2.47,1,Fully conscious/deliberative,Somewhat clear,Quite hard,Rather unconfident,"Well, the strategy i used was i remembered the flowers that the bee was going to in the previous study and thought that is where the bee will take long. It then gave me the chance to other pair."
Q3z17elg6xn5l0xwgak6825edQ,rotational,37.0,"[[2, 6, 7, 0], [0, 7, 1]]",0.0,14.407,0,Fully conscious/deliberative,Somewhat clear,Quite hard,Rather unconfident,"Well, the strategy i used was i remembered the flowers that the bee was going to in the previous study and thought that is where the bee will take long. It then gave me the chance to other pair."
Q3z17elg6xn5l0xwgak6825edQ,rotational,38.0,"[[2, 6, 7, 0], [6, 5, 3]]",0.0,10.777,0,Fully conscious/deliberative,Somewhat clear,Quite hard,Rather unconfident,"Well, the strategy i used was i remembered the flowers that the bee was going to in the previous study and thought that is where the bee will take long. It then gave me the chance to other pair."
Q3z17elg6xn5l0xwgak6825edQ,rotational,39.0,"[[4, 1, 7, 6], [2, 6, 7]]",0.0,3.055,0,Fully conscious/deliberative,Somewhat clear,Quite hard,Rather unconfident,"Well, the strategy i used was i remembered the flowers that the bee was going to in the previous study and thought that is where the bee will take long. It then gave me the chance to other pair."
Q3z17elg6xn5l0xwgak6825edQ,rotational,40.0,"[[7, 1, 4], [3, 5, 6, 2]]",0.0,3.453,1,Fully conscious/deliberative,Somewhat clear,Quite hard,Rather unconfident,"Well, the strategy i used was i remembered the flowers that the bee was going to in the previous study and thought that is where the bee will take long. It then gave me the chance to other pair."
Q3z17elg6xn5l0xwgak6825edQ,rotational,41.0,"[[1, 7, 6, 5], [1, 7, 6]]",0.0,16.078,0,Fully conscious/deliberative,Somewhat clear,Quite hard,Rather unconfident,"Well, the strategy i used was i remembered the flowers that the bee was going to in the previous study and thought that is where the bee will take long. It then gave me the chance to other pair."
Q3z17elg6xn5l0xwgak6825edQ,rotational,42.0,"[[2, 6, 5, 3], [6, 7, 1]]",0.0,2.752,0,Fully conscious/deliberative,Somewhat clear,Quite hard,Rather unconfident,"Well, the strategy i used was i remembered the flowers that the bee was going to in the previous study and thought that is where the bee will take long. It then gave me the chance to other pair."
Q3z17elg6xn5l0xwgak6825edQ,rotational,43.0,"[[4, 1, 7, 0], [2, 6, 5]]",1.0,3.885,1,Fully conscious/deliberative,Somewhat clear,Quite hard,Rather unconfident,"Well, the strategy i used was i remembered the flowers that the bee was going to in the previous study and thought that is where the bee will take long. It then gave me the chance to other pair."
Q3z17elg6xn5l0xwgak6825edQ,rotational,44.0,"[[6, 5, 3], [6, 7, 1, 4]]",0.0,2.721,1,Fully conscious/deliberative,Somewhat clear,Quite hard,Rather unconfident,"Well, the strategy i used was i remembered the flowers that the bee was going to in the previous study and thought that is where the bee will take long. It then gave me the chance to other pair."
Q3z17elg6xn5l0xwgak6825edQ,rotational,45.0,"[[2, 6, 7, 1], [3, 5, 6, 7, 0]]",0.0,3.215,1,Fully conscious/deliberative,Somewhat clear,Quite hard,Rather unconfident,"Well, the strategy i used was i remembered the flowers that the bee was going to in the previous study and thought that is where the bee will take long. It then gave me the chance to other pair."
Q3z17elg6xn5l0xwgak6825edQ,rotational,46.0,"[[2, 6, 7, 0], [4, 1, 7]]",0.0,3.064,0,Fully conscious/deliberative,Somewhat clear,Quite hard,Rather unconfident,"Well, the strategy i used was i remembered the flowers that the bee was going to in the previous study and thought that is where the bee will take long. It then gave me the chance to other pair."
Q3z17elg6xn5l0xwgak6825edQ,rotational,47.0,"[[5, 6, 7, 1], [0, 7, 1]]",0.0,7.017,0,Fully conscious/deliberative,Somewhat clear,Quite hard,Rather unconfident,"Well, the strategy i used was i remembered the flowers that the bee was going to in the previous study and thought that is where the bee will take long. It then gave me the chance to other pair."
Q3z17elg6xn5l0xwgak6825edQ,rotational,48.0,"[[3, 5, 6, 7], [5, 6, 7, 1, 4]]",1.0,2.923,0,Fully conscious/deliberative,Somewhat clear,Quite hard,Rather unconfident,"Well, the strategy i used was i remembered the flowers that the bee was going to in the previous study and thought that is where the bee will take long. It then gave me the chance to other pair."
Q3z17elg6xn5l0xwgak6825edQ,rotational,49.0,"[[6, 5, 3], [4, 1, 7, 6]]",0.0,2.869,1,Fully conscious/deliberative,Somewhat clear,Quite hard,Rather unconfident,"Well, the strategy i used was i remembered the flowers that the bee was going to in the previous study and thought that is where the bee will take long. It then gave me the chance to other pair."
Q3z17elg6xn5l0xwgak6825edQ,rotational,50.0,"[[2, 6, 7], [3, 5, 6, 7]]",0.0,2.88,1,Fully conscious/deliberative,Somewhat clear,Quite hard,Rather unconfident,"Well, the strategy i used was i remembered the flowers that the bee was going to in the previous study and thought that is where the bee will take long. It then gave me the chance to other pair."
Q3z17elg6xn5l0xwgak6825edQ,rotational,51.0,"[[1, 7, 6, 2], [6, 7, 1]]",0.0,4.611,0,Fully conscious/deliberative,Somewhat clear,Quite hard,Rather unconfident,"Well, the strategy i used was i remembered the flowers that the bee was going to in the previous study and thought that is where the bee will take long. It then gave me the chance to other pair."
Q3z17elg6xn5l0xwgak6825edQ,rotational,52.0,"[[0, 7, 6], [5, 6, 7, 0]]",0.0,16.401,1,Fully conscious/deliberative,Somewhat clear,Quite hard,Rather unconfident,"Well, the strategy i used was i remembered the flowers that the bee was going to in the previous study and thought that is where the bee will take long. It then gave me the chance to other pair."
Q3z17elg6xn5l0xwgak6825edQ,rotational,53.0,"[[2, 6, 7, 1], [2, 6, 5]]",1.0,9.588,1,Fully conscious/deliberative,Somewhat clear,Quite hard,Rather unconfident,"Well, the strategy i used was i remembered the flowers that the bee was going to in the previous study and thought that is where the bee will take long. It then gave me the chance to other pair."
Q3z17elg6xn5l0xwgak6825edQ,rotational,54.0,"[[3, 5, 6], [2, 6, 7, 1]]",0.0,2.517,1,Fully conscious/deliberative,Somewhat clear,Quite hard,Rather unconfident,"Well, the strategy i used was i remembered the flowers that the bee was going to in the previous study and thought that is where the bee will take long. It then gave me the chance to other pair."
Q3z17elg6xn5l0xwgak6825edQ,rotational,55.0,"[[5, 6, 7], [5, 6, 7, 0]]",0.0,14.344,1,Fully conscious/deliberative,Somewhat clear,Quite hard,Rather unconfident,"Well, the strategy i used was i remembered the flowers that the bee was going to in the previous study and thought that is where the bee will take long. It then gave me the chance to other pair."
Q3z17elg6xn5l0xwgak6825edQ,rotational,56.0,"[[2, 6, 7], [4, 1, 7, 0]]",0.0,17.277,1,Fully conscious/deliberative,Somewhat clear,Quite hard,Rather unconfident,"Well, the strategy i used was i remembered the flowers that the bee was going to in the previous study and thought that is where the bee will take long. It then gave me the chance to other pair."
Q3z17elg6xn5l0xwgak6825edQ,rotational,57.0,"[[5, 6, 2], [4, 1, 7, 6]]",0.0,7.133,1,Fully conscious/deliberative,Somewhat clear,Quite hard,Rather unconfident,"Well, the strategy i used was i remembered the flowers that the bee was going to in the previous study and thought that is where the bee will take long. It then gave me the chance to other pair."
Q3z17elg6xn5l0xwgak6825edQ,rotational,58.0,"[[1, 7, 6, 5], [7, 6, 5]]",1.0,20.211,1,Fully conscious/deliberative,Somewhat clear,Quite hard,Rather unconfident,"Well, the strategy i used was i remembered the flowers that the bee was going to in the previous study and thought that is where the bee will take long. It then gave me the chance to other pair."
Q3z17elg6xn5l0xwgak6825edQ,rotational,59.0,"[[3, 5, 6, 2], [2, 6, 5]]",1.0,9.708,1,Fully conscious/deliberative,Somewhat clear,Quite hard,Rather unconfident,"Well, the strategy i used was i remembered the flowers that the bee was going to in the previous study and thought that is where the bee will take long. It then gave me the chance to other pair."
Q3z17elg6xn5l0xwgak6825edQ,rotational,60.0,"[[7, 6, 5], [4, 1, 7, 0]]",0.0,15.17,1,Fully conscious/deliberative,Somewhat clear,Quite hard,Rather unconfident,"Well, the strategy i used was i remembered the flowers that the bee was going to in the previous study and thought that is where the bee will take long. It then gave me the chance to other pair."
Q3z17elg6xn5l0xwgak6825edQ,rotational,61.0,"[[2, 6, 5, 3], [0, 7, 6]]",0.0,5.104,0,Fully conscious/deliberative,Somewhat clear,Quite hard,Rather unconfident,"Well, the strategy i used was i remembered the flowers that the bee was going to in the previous study and thought that is where the bee will take long. It then gave me the chance to other pair."
Q3z17elg6xn5l0xwgak6825edQ,rotational,62.0,"[[7, 6, 5, 3], [2, 6, 7, 1, 4]]",0.0,17.003,1,Fully conscious/deliberative,Somewhat clear,Quite hard,Rather unconfident,"Well, the strategy i used was i remembered the flowers that the bee was going to in the previous study and thought that is where the bee will take long. It then gave me the chance to other pair."
Q3z17elg6xn5l0xwgak6825edQ,rotational,63.0,"[[3, 5, 6, 7, 1], [2, 6, 7, 1]]",1.0,7.169,1,Fully conscious/deliberative,Somewhat clear,Quite hard,Rather unconfident,"Well, the strategy i used was i remembered the flowers that the bee was going to in the previous study and thought that is where the bee will take long. It then gave me the chance to other pair."
Q3z17elg6xn5l0xwgak6825edQ,rotational,64.0,"[[5, 6, 7, 1], [3, 5, 6]]",0.0,6.298,0,Fully conscious/deliberative,Somewhat clear,Quite hard,Rather unconfident,"Well, the strategy i used was i remembered the flowers that the bee was going to in the previous study and thought that is where the bee will take long. It then gave me the chance to other pair."
Q4825xcmdogwqhuuu5oxsrhe0Q,rotational,0.0,"[[5, 6, 7, 0], [5, 6, 7]]",1.0,4.509,1,Fully conscious/deliberative,Fully clear,Quite easy,Rather confident,"I tried to remember the connections of the bee of yesterday, that way, it might be easier to make selections but it was not that easy to recall as there are no reminders to the stop overs. I plead that next time, to make it well easy, we should have a reminder to it."
Q4825xcmdogwqhuuu5oxsrhe0Q,rotational,1.0,"[[5, 6, 7, 0], [6, 7, 0]]",1.0,2.841,1,Fully conscious/deliberative,Fully clear,Quite easy,Rather confident,"I tried to remember the connections of the bee of yesterday, that way, it might be easier to make selections but it was not that easy to recall as there are no reminders to the stop overs. I plead that next time, to make it well easy, we should have a reminder to it."
Q4825xcmdogwqhuuu5oxsrhe0Q,rotational,2.0,"[[6, 5, 3], [1, 7, 6, 5]]",1.0,2.88,0,Fully conscious/deliberative,Fully clear,Quite easy,Rather confident,"I tried to remember the connections of the bee of yesterday, that way, it might be easier to make selections but it was not that easy to recall as there are no reminders to the stop overs. I plead that next time, to make it well easy, we should have a reminder to it."
Q4825xcmdogwqhuuu5oxsrhe0Q,rotational,3.0,"[[5, 6, 2], [0, 7, 1, 4]]",0.0,10.18,1,Fully conscious/deliberative,Fully clear,Quite easy,Rather confident,"I tried to remember the connections of the bee of yesterday, that way, it might be easier to make selections but it was not that easy to recall as there are no reminders to the stop overs. I plead that next time, to make it well easy, we should have a reminder to it."
Q4825xcmdogwqhuuu5oxsrhe0Q,rotational,4.0,"[[0, 7, 1, 4], [5, 6, 7, 1, 4]]",0.0,4.019,1,Fully conscious/deliberative,Fully clear,Quite easy,Rather confident,"I tried to remember the connections of the bee of yesterday, that way, it might be easier to make selections but it was not that easy to recall as there are no reminders to the stop overs. I plead that next time, to make it well easy, we should have a reminder to it."
Q4825xcmdogwqhuuu5oxsrhe0Q,rotational,5.0,"[[5, 6, 7], [5, 6, 7, 1]]",0.0,3.271,1,Fully conscious/deliberative,Fully clear,Quite easy,Rather confident,"I tried to remember the connections of the bee of yesterday, that way, it might be easier to make selections but it was not that easy to recall as there are no reminders to the stop overs. I plead that next time, to make it well easy, we should have a reminder to it."
Q4825xcmdogwqhuuu5oxsrhe0Q,rotational,6.0,"[[1, 7, 0], [5, 6, 7, 0]]",1.0,1.98,0,Fully conscious/deliberative,Fully clear,Quite easy,Rather confident,"I tried to remember the connections of the bee of yesterday, that way, it might be easier to make selections but it was not that easy to recall as there are no reminders to the stop overs. I plead that next time, to make it well easy, we should have a reminder to it."
Q4825xcmdogwqhuuu5oxsrhe0Q,rotational,7.0,"[[3, 5, 6, 2], [5, 6, 2]]",1.0,3.065,1,Fully conscious/deliberative,Fully clear,Quite easy,Rather confident,"I tried to remember the connections of the bee of yesterday, that way, it might be easier to make selections but it was not that easy to recall as there are no reminders to the stop overs. I plead that next time, to make it well easy, we should have a reminder to it."
Q4825xcmdogwqhuuu5oxsrhe0Q,rotational,8.0,"[[7, 6, 5], [2, 6, 7, 0]]",1.0,4.198,0,Fully conscious/deliberative,Fully clear,Quite easy,Rather confident,"I tried to remember the connections of the bee of yesterday, that way, it might be easier to make selections but it was not that easy to recall as there are no reminders to the stop overs. I plead that next time, to make it well easy, we should have a reminder to it."
Q4825xcmdogwqhuuu5oxsrhe0Q,rotational,9.0,"[[4, 1, 7], [2, 6, 5, 3]]",0.0,4.825,1,Fully conscious/deliberative,Fully clear,Quite easy,Rather confident,"I tried to remember the connections of the bee of yesterday, that way, it might be easier to make selections but it was not that easy to recall as there are no reminders to the stop overs. I plead that next time, to make it well easy, we should have a reminder to it."
Q4825xcmdogwqhuuu5oxsrhe0Q,rotational,10.0,"[[4, 1, 7, 6, 5], [6, 7, 1, 4]]",0.0,2.967,0,Fully conscious/deliberative,Fully clear,Quite easy,Rather confident,"I tried to remember the connections of the bee of yesterday, that way, it might be easier to make selections but it was not that easy to recall as there are no reminders to the stop overs. I plead that next time, to make it well easy, we should have a reminder to it."
Q4825xcmdogwqhuuu5oxsrhe0Q,rotational,11.0,"[[2, 6, 5], [0, 7, 6, 5]]",0.0,21.116,1,Fully conscious/deliberative,Fully clear,Quite easy,Rather confident,"I tried to remember the connections of the bee of yesterday, that way, it might be easier to make selections but it was not that easy to recall as there are no reminders to the stop overs. I plead that next time, to make it well easy, we should have a reminder to it."
Q4825xcmdogwqhuuu5oxsrhe0Q,rotational,21.0,"[[0, 7, 6, 2], [3, 5, 6]]",1.0,721.449,1,Fully conscious/deliberative,Fully clear,Quite easy,Rather confident,"I tried to remember the connections of the bee of yesterday, that way, it might be easier to make selections but it was not that easy to recall as there are no reminders to the stop overs. I plead that next time, to make it well easy, we should have a reminder to it."
Q4825xcmdogwqhuuu5oxsrhe0Q,rotational,22.0,"[[4, 1, 7, 0], [7, 6, 5]]",0.0,1.714,0,Fully conscious/deliberative,Fully clear,Quite easy,Rather confident,"I tried to remember the connections of the bee of yesterday, that way, it might be easier to make selections but it was not that easy to recall as there are no reminders to the stop overs. I plead that next time, to make it well easy, we should have a reminder to it."
Q4825xcmdogwqhuuu5oxsrhe0Q,rotational,23.0,"[[2, 6, 7], [5, 6, 7, 1]]",1.0,41.427,0,Fully conscious/deliberative,Fully clear,Quite easy,Rather confident,"I tried to remember the connections of the bee of yesterday, that way, it might be easier to make selections but it was not that easy to recall as there are no reminders to the stop overs. I plead that next time, to make it well easy, we should have a reminder to it."
Q4825xcmdogwqhuuu5oxsrhe0Q,rotational,24.0,"[[0, 7, 6, 5], [7, 1, 4]]",1.0,3.485,1,Fully conscious/deliberative,Fully clear,Quite easy,Rather confident,"I tried to remember the connections of the bee of yesterday, that way, it might be easier to make selections but it was not that easy to recall as there are no reminders to the stop overs. I plead that next time, to make it well easy, we should have a reminder to it."
Q4825xcmdogwqhuuu5oxsrhe0Q,rotational,25.0,"[[0, 7, 1, 4], [3, 5, 6]]",1.0,3.8,1,Fully conscious/deliberative,Fully clear,Quite easy,Rather confident,"I tried to remember the connections of the bee of yesterday, that way, it might be easier to make selections but it was not that easy to recall as there are no reminders to the stop overs. I plead that next time, to make it well easy, we should have a reminder to it."
Q4825xcmdogwqhuuu5oxsrhe0Q,rotational,26.0,"[[0, 7, 1], [3, 5, 6, 2]]",1.0,3.931,0,Fully conscious/deliberative,Fully clear,Quite easy,Rather confident,"I tried to remember the connections of the bee of yesterday, that way, it might be easier to make selections but it was not that easy to recall as there are no reminders to the stop overs. I plead that next time, to make it well easy, we should have a reminder to it."
Q4825xcmdogwqhuuu5oxsrhe0Q,rotational,27.0,"[[1, 7, 6, 5, 3], [2, 6, 7, 1]]",1.0,2.738,1,Fully conscious/deliberative,Fully clear,Quite easy,Rather confident,"I tried to remember the connections of the bee of yesterday, that way, it might be easier to make selections but it was not that easy to recall as there are no reminders to the stop overs. I plead that next time, to make it well easy, we should have a reminder to it."
Q4825xcmdogwqhuuu5oxsrhe0Q,rotational,28.0,"[[2, 6, 7], [4, 1, 7, 6]]",0.0,2.416,1,Fully conscious/deliberative,Fully clear,Quite easy,Rather confident,"I tried to remember the connections of the bee of yesterday, that way, it might be easier to make selections but it was not that easy to recall as there are no reminders to the stop overs. I plead that next time, to make it well easy, we should have a reminder to it."
Q4825xcmdogwqhuuu5oxsrhe0Q,rotational,29.0,"[[6, 7, 0], [4, 1, 7, 0]]",1.0,2.011,0,Fully conscious/deliberative,Fully clear,Quite easy,Rather confident,"I tried to remember the connections of the bee of yesterday, that way, it might be easier to make selections but it was not that easy to recall as there are no reminders to the stop overs. I plead that next time, to make it well easy, we should have a reminder to it."
Q4825xcmdogwqhuuu5oxsrhe0Q,rotational,30.0,"[[6, 7, 1, 4], [7, 6, 5]]",1.0,4.922,1,Fully conscious/deliberative,Fully clear,Quite easy,Rather confident,"I tried to remember the connections of the bee of yesterday, that way, it might be easier to make selections but it was not that easy to recall as there are no reminders to the stop overs. I plead that next time, to make it well easy, we should have a reminder to it."
Q4825xcmdogwqhuuu5oxsrhe0Q,rotational,31.0,"[[2, 6, 7, 1], [5, 6, 7]]",1.0,3.023,1,Fully conscious/deliberative,Fully clear,Quite easy,Rather confident,"I tried to remember the connections of the bee of yesterday, that way, it might be easier to make selections but it was not that easy to recall as there are no reminders to the stop overs. I plead that next time, to make it well easy, we should have a reminder to it."
Q4825xcmdogwqhuuu5oxsrhe0Q,rotational,32.0,"[[1, 7, 6, 2], [1, 7, 0]]",1.0,2.955,1,Fully conscious/deliberative,Fully clear,Quite easy,Rather confident,"I tried to remember the connections of the bee of yesterday, that way, it might be easier to make selections but it was not that easy to recall as there are no reminders to the stop overs. I plead that next time, to make it well easy, we should have a reminder to it."
Q4825xcmdogwqhuuu5oxsrhe0Q,rotational,33.0,"[[4, 1, 7, 6], [2, 6, 7]]",1.0,4.455,1,Fully conscious/deliberative,Fully clear,Quite easy,Rather confident,"I tried to remember the connections of the bee of yesterday, that way, it might be easier to make selections but it was not that easy to recall as there are no reminders to the stop overs. I plead that next time, to make it well easy, we should have a reminder to it."
Q4825xcmdogwqhuuu5oxsrhe0Q,rotational,34.0,"[[2, 6, 7, 0], [0, 7, 1]]",1.0,2.825,1,Fully conscious/deliberative,Fully clear,Quite easy,Rather confident,"I tried to remember the connections of the bee of yesterday, that way, it might be easier to make selections but it was not that easy to recall as there are no reminders to the stop overs. I plead that next time, to make it well easy, we should have a reminder to it."
Q4825xcmdogwqhuuu5oxsrhe0Q,rotational,35.0,"[[5, 6, 7, 1], [1, 7, 6, 5, 3]]",1.0,4.755,0,Fully conscious/deliberative,Fully clear,Quite easy,Rather confident,"I tried to remember the connections of the bee of yesterday, that way, it might be easier to make selections but it was not that easy to recall as there are no reminders to the stop overs. I plead that next time, to make it well easy, we should have a reminder to it."
Q4825xcmdogwqhuuu5oxsrhe0Q,rotational,36.0,"[[2, 6, 7, 1], [4, 1, 7]]",1.0,3.272,1,Fully conscious/deliberative,Fully clear,Quite easy,Rather confident,"I tried to remember the connections of the bee of yesterday, that way, it might be easier to make selections but it was not that easy to recall as there are no reminders to the stop overs. I plead that next time, to make it well easy, we should have a reminder to it."
Q4825xcmdogwqhuuu5oxsrhe0Q,rotational,37.0,"[[7, 1, 4], [5, 6, 7, 1]]",0.0,2.828,1,Fully conscious/deliberative,Fully clear,Quite easy,Rather confident,"I tried to remember the connections of the bee of yesterday, that way, it might be easier to make selections but it was not that easy to recall as there are no reminders to the stop overs. I plead that next time, to make it well easy, we should have a reminder to it."
Q4825xcmdogwqhuuu5oxsrhe0Q,rotational,38.0,"[[6, 7, 1], [0, 7, 6, 5]]",0.0,6.176,1,Fully conscious/deliberative,Fully clear,Quite easy,Rather confident,"I tried to remember the connections of the bee of yesterday, that way, it might be easier to make selections but it was not that easy to recall as there are no reminders to the stop overs. I plead that next time, to make it well easy, we should have a reminder to it."
Q4825xcmdogwqhuuu5oxsrhe0Q,rotational,39.0,"[[1, 7, 6, 2], [6, 7, 1]]",1.0,2.389,1,Fully conscious/deliberative,Fully clear,Quite easy,Rather confident,"I tried to remember the connections of the bee of yesterday, that way, it might be easier to make selections but it was not that easy to recall as there are no reminders to the stop overs. I plead that next time, to make it well easy, we should have a reminder to it."
Q4825xcmdogwqhuuu5oxsrhe0Q,rotational,40.0,"[[1, 7, 6, 2], [7, 1, 4]]",1.0,4.97,1,Fully conscious/deliberative,Fully clear,Quite easy,Rather confident,"I tried to remember the connections of the bee of yesterday, that way, it might be easier to make selections but it was not that easy to recall as there are no reminders to the stop overs. I plead that next time, to make it well easy, we should have a reminder to it."
Q4825xcmdogwqhuuu5oxsrhe0Q,rotational,41.0,"[[2, 6, 7, 1], [0, 7, 6, 5, 3]]",0.0,5.305,1,Fully conscious/deliberative,Fully clear,Quite easy,Rather confident,"I tried to remember the connections of the bee of yesterday, that way, it might be easier to make selections but it was not that easy to recall as there are no reminders to the stop overs. I plead that next time, to make it well easy, we should have a reminder to it."
Q4825xcmdogwqhuuu5oxsrhe0Q,rotational,42.0,"[[4, 1, 7, 6, 5], [7, 6, 5, 3]]",1.0,1.136,1,Fully conscious/deliberative,Fully clear,Quite easy,Rather confident,"I tried to remember the connections of the bee of yesterday, that way, it might be easier to make selections but it was not that easy to recall as there are no reminders to the stop overs. I plead that next time, to make it well easy, we should have a reminder to it."
Q4825xcmdogwqhuuu5oxsrhe0Q,rotational,43.0,"[[2, 6, 7], [0, 7, 1, 4]]",0.0,3.887,1,Fully conscious/deliberative,Fully clear,Quite easy,Rather confident,"I tried to remember the connections of the bee of yesterday, that way, it might be easier to make selections but it was not that easy to recall as there are no reminders to the stop overs. I plead that next time, to make it well easy, we should have a reminder to it."
Q4825xcmdogwqhuuu5oxsrhe0Q,rotational,44.0,"[[3, 5, 6], [6, 7, 1, 4]]",0.0,2.273,1,Fully conscious/deliberative,Fully clear,Quite easy,Rather confident,"I tried to remember the connections of the bee of yesterday, that way, it might be easier to make selections but it was not that easy to recall as there are no reminders to the stop overs. I plead that next time, to make it well easy, we should have a reminder to it."
Q4825xcmdogwqhuuu5oxsrhe0Q,rotational,45.0,"[[3, 5, 6, 7, 1, 4], [4, 1, 7, 6, 2]]",1.0,3.118,1,Fully conscious/deliberative,Fully clear,Quite easy,Rather confident,"I tried to remember the connections of the bee of yesterday, that way, it might be easier to make selections but it was not that easy to recall as there are no reminders to the stop overs. I plead that next time, to make it well easy, we should have a reminder to it."
Q4825xcmdogwqhuuu5oxsrhe0Q,rotational,46.0,"[[2, 6, 5, 3], [1, 7, 6]]",1.0,1.369,1,Fully conscious/deliberative,Fully clear,Quite easy,Rather confident,"I tried to remember the connections of the bee of yesterday, that way, it might be easier to make selections but it was not that easy to recall as there are no reminders to the stop overs. I plead that next time, to make it well easy, we should have a reminder to it."
Q4825xcmdogwqhuuu5oxsrhe0Q,rotational,47.0,"[[0, 7, 6, 2], [0, 7, 6, 5, 3]]",0.0,6.258,1,Fully conscious/deliberative,Fully clear,Quite easy,Rather confident,"I tried to remember the connections of the bee of yesterday, that way, it might be easier to make selections but it was not that easy to recall as there are no reminders to the stop overs. I plead that next time, to make it well easy, we should have a reminder to it."
Q4825xcmdogwqhuuu5oxsrhe0Q,rotational,48.0,"[[2, 6, 5, 3], [6, 7, 0]]",1.0,5.953,1,Fully conscious/deliberative,Fully clear,Quite easy,Rather confident,"I tried to remember the connections of the bee of yesterday, that way, it might be easier to make selections but it was not that easy to recall as there are no reminders to the stop overs. I plead that next time, to make it well easy, we should have a reminder to it."
Q4825xcmdogwqhuuu5oxsrhe0Q,rotational,49.0,"[[4, 1, 7], [0, 7, 6, 2]]",1.0,3.205,0,Fully conscious/deliberative,Fully clear,Quite easy,Rather confident,"I tried to remember the connections of the bee of yesterday, that way, it might be easier to make selections but it was not that easy to recall as there are no reminders to the stop overs. I plead that next time, to make it well easy, we should have a reminder to it."
Q4825xcmdogwqhuuu5oxsrhe0Q,rotational,50.0,"[[5, 6, 2], [4, 1, 7, 6]]",0.0,3.641,1,Fully conscious/deliberative,Fully clear,Quite easy,Rather confident,"I tried to remember the connections of the bee of yesterday, that way, it might be easier to make selections but it was not that easy to recall as there are no reminders to the stop overs. I plead that next time, to make it well easy, we should have a reminder to it."
Q4825xcmdogwqhuuu5oxsrhe0Q,rotational,51.0,"[[3, 5, 6, 7], [2, 6, 7]]",0.0,6.657,0,Fully conscious/deliberative,Fully clear,Quite easy,Rather confident,"I tried to remember the connections of the bee of yesterday, that way, it might be easier to make selections but it was not that easy to recall as there are no reminders to the stop overs. I plead that next time, to make it well easy, we should have a reminder to it."
Q4825xcmdogwqhuuu5oxsrhe0Q,rotational,52.0,"[[5, 6, 7, 1], [0, 7, 1]]",1.0,4.437,1,Fully conscious/deliberative,Fully clear,Quite easy,Rather confident,"I tried to remember the connections of the bee of yesterday, that way, it might be easier to make selections but it was not that easy to recall as there are no reminders to the stop overs. I plead that next time, to make it well easy, we should have a reminder to it."
Q4825xcmdogwqhuuu5oxsrhe0Q,rotational,53.0,"[[3, 5, 6, 7], [4, 1, 7, 6, 2]]",1.0,5.237,0,Fully conscious/deliberative,Fully clear,Quite easy,Rather confident,"I tried to remember the connections of the bee of yesterday, that way, it might be easier to make selections but it was not that easy to recall as there are no reminders to the stop overs. I plead that next time, to make it well easy, we should have a reminder to it."
Q4825xcmdogwqhuuu5oxsrhe0Q,rotational,54.0,"[[2, 6, 7, 1, 4], [4, 1, 7, 0]]",1.0,4.228,1,Fully conscious/deliberative,Fully clear,Quite easy,Rather confident,"I tried to remember the connections of the bee of yesterday, that way, it might be easier to make selections but it was not that easy to recall as there are no reminders to the stop overs. I plead that next time, to make it well easy, we should have a reminder to it."
Q4825xcmdogwqhuuu5oxsrhe0Q,rotational,55.0,"[[3, 5, 6, 7, 1], [2, 6, 5, 3]]",0.0,4.004,0,Fully conscious/deliberative,Fully clear,Quite easy,Rather confident,"I tried to remember the connections of the bee of yesterday, that way, it might be easier to make selections but it was not that easy to recall as there are no reminders to the stop overs. I plead that next time, to make it well easy, we should have a reminder to it."
Q4825xcmdogwqhuuu5oxsrhe0Q,rotational,56.0,"[[2, 6, 7, 1, 4], [2, 6, 5, 3]]",0.0,6.386,0,Fully conscious/deliberative,Fully clear,Quite easy,Rather confident,"I tried to remember the connections of the bee of yesterday, that way, it might be easier to make selections but it was not that easy to recall as there are no reminders to the stop overs. I plead that next time, to make it well easy, we should have a reminder to it."
Q4825xcmdogwqhuuu5oxsrhe0Q,rotational,57.0,"[[5, 6, 7], [2, 6, 5, 3]]",1.0,8.034,0,Fully conscious/deliberative,Fully clear,Quite easy,Rather confident,"I tried to remember the connections of the bee of yesterday, that way, it might be easier to make selections but it was not that easy to recall as there are no reminders to the stop overs. I plead that next time, to make it well easy, we should have a reminder to it."
Q4825xcmdogwqhuuu5oxsrhe0Q,rotational,58.0,"[[2, 6, 7, 1], [6, 5, 3]]",1.0,2.945,1,Fully conscious/deliberative,Fully clear,Quite easy,Rather confident,"I tried to remember the connections of the bee of yesterday, that way, it might be easier to make selections but it was not that easy to recall as there are no reminders to the stop overs. I plead that next time, to make it well easy, we should have a reminder to it."
Q4825xcmdogwqhuuu5oxsrhe0Q,rotational,59.0,"[[5, 6, 2], [3, 5, 6, 7]]",0.0,4.071,1,Fully conscious/deliberative,Fully clear,Quite easy,Rather confident,"I tried to remember the connections of the bee of yesterday, that way, it might be easier to make selections but it was not that easy to recall as there are no reminders to the stop overs. I plead that next time, to make it well easy, we should have a reminder to it."
Q4825xcmdogwqhuuu5oxsrhe0Q,rotational,60.0,"[[2, 6, 5], [5, 6, 7, 1]]",1.0,1.681,0,Fully conscious/deliberative,Fully clear,Quite easy,Rather confident,"I tried to remember the connections of the bee of yesterday, that way, it might be easier to make selections but it was not that easy to recall as there are no reminders to the stop overs. I plead that next time, to make it well easy, we should have a reminder to it."
Q4825xcmdogwqhuuu5oxsrhe0Q,rotational,61.0,"[[3, 5, 6, 7, 1], [4, 1, 7, 6]]",1.0,2.087,1,Fully conscious/deliberative,Fully clear,Quite easy,Rather confident,"I tried to remember the connections of the bee of yesterday, that way, it might be easier to make selections but it was not that easy to recall as there are no reminders to the stop overs. I plead that next time, to make it well easy, we should have a reminder to it."
Q4825xcmdogwqhuuu5oxsrhe0Q,rotational,62.0,"[[0, 7, 1, 4], [7, 6, 2]]",1.0,4.314,1,Fully conscious/deliberative,Fully clear,Quite easy,Rather confident,"I tried to remember the connections of the bee of yesterday, that way, it might be easier to make selections but it was not that easy to recall as there are no reminders to the stop overs. I plead that next time, to make it well easy, we should have a reminder to it."
Q4825xcmdogwqhuuu5oxsrhe0Q,rotational,63.0,"[[4, 1, 7, 6], [3, 5, 6]]",1.0,2.429,1,Fully conscious/deliberative,Fully clear,Quite easy,Rather confident,"I tried to remember the connections of the bee of yesterday, that way, it might be easier to make selections but it was not that easy to recall as there are no reminders to the stop overs. I plead that next time, to make it well easy, we should have a reminder to it."
Q4825xcmdogwqhuuu5oxsrhe0Q,rotational,64.0,"[[6, 7, 1], [1, 7, 6, 5]]",1.0,8.005,0,Fully conscious/deliberative,Fully clear,Quite easy,Rather confident,"I tried to remember the connections of the bee of yesterday, that way, it might be easier to make selections but it was not that easy to recall as there are no reminders to the stop overs. I plead that next time, to make it well easy, we should have a reminder to it."
Q4meg9r829ocabntv6kyypnk6Q,rotational,0.0,"[[0, 7, 6, 5, 3], [2, 6, 7, 1]]",0.0,5.603,0,Fully conscious/deliberative,Fully clear,Quite hard,Rather unconfident,Its more of remembering how the bee flue yesterday so the person with the best memory wins. 
Q4meg9r829ocabntv6kyypnk6Q,rotational,1.0,"[[6, 7, 1], [1, 7, 6, 2]]",0.0,1.4,1,Fully conscious/deliberative,Fully clear,Quite hard,Rather unconfident,Its more of remembering how the bee flue yesterday so the person with the best memory wins. 
Q4meg9r829ocabntv6kyypnk6Q,rotational,2.0,"[[5, 6, 7], [4, 1, 7, 0]]",0.0,0.838,1,Fully conscious/deliberative,Fully clear,Quite hard,Rather unconfident,Its more of remembering how the bee flue yesterday so the person with the best memory wins. 
Q4meg9r829ocabntv6kyypnk6Q,rotational,3.0,"[[7, 6, 2], [6, 7, 1, 4]]",0.0,1.896,1,Fully conscious/deliberative,Fully clear,Quite hard,Rather unconfident,Its more of remembering how the bee flue yesterday so the person with the best memory wins. 
Q4meg9r829ocabntv6kyypnk6Q,rotational,4.0,"[[2, 6, 5, 3], [1, 7, 6]]",0.0,0.961,0,Fully conscious/deliberative,Fully clear,Quite hard,Rather unconfident,Its more of remembering how the bee flue yesterday so the person with the best memory wins. 
Q4meg9r829ocabntv6kyypnk6Q,rotational,5.0,"[[0, 7, 6, 5], [7, 1, 4]]",1.0,1.213,1,Fully conscious/deliberative,Fully clear,Quite hard,Rather unconfident,Its more of remembering how the bee flue yesterday so the person with the best memory wins. 
Q4meg9r829ocabntv6kyypnk6Q,rotational,6.0,"[[3, 5, 6, 7], [5, 6, 7, 1, 4]]",1.0,0.916,0,Fully conscious/deliberative,Fully clear,Quite hard,Rather unconfident,Its more of remembering how the bee flue yesterday so the person with the best memory wins. 
Q4meg9r829ocabntv6kyypnk6Q,rotational,7.0,"[[2, 6, 7, 1, 4], [2, 6, 5, 3]]",1.0,2.169,1,Fully conscious/deliberative,Fully clear,Quite hard,Rather unconfident,Its more of remembering how the bee flue yesterday so the person with the best memory wins. 
Q4meg9r829ocabntv6kyypnk6Q,rotational,8.0,"[[0, 7, 6, 2], [7, 1, 4]]",0.0,1.112,0,Fully conscious/deliberative,Fully clear,Quite hard,Rather unconfident,Its more of remembering how the bee flue yesterday so the person with the best memory wins. 
Q4meg9r829ocabntv6kyypnk6Q,rotational,9.0,"[[2, 6, 7, 1], [2, 6, 5]]",1.0,1.931,1,Fully conscious/deliberative,Fully clear,Quite hard,Rather unconfident,Its more of remembering how the bee flue yesterday so the person with the best memory wins. 
Q4meg9r829ocabntv6kyypnk6Q,rotational,10.0,"[[7, 6, 2], [7, 6, 5, 3]]",1.0,0.978,0,Fully conscious/deliberative,Fully clear,Quite hard,Rather unconfident,Its more of remembering how the bee flue yesterday so the person with the best memory wins. 
Q4meg9r829ocabntv6kyypnk6Q,rotational,11.0,"[[3, 5, 6, 7], [2, 6, 7, 1, 4]]",0.0,1.11,1,Fully conscious/deliberative,Fully clear,Quite hard,Rather unconfident,Its more of remembering how the bee flue yesterday so the person with the best memory wins. 
Q4meg9r829ocabntv6kyypnk6Q,rotational,12.0,"[[0, 7, 6, 2], [3, 5, 6, 7, 0]]",0.0,2.607,1,Fully conscious/deliberative,Fully clear,Quite hard,Rather unconfident,Its more of remembering how the bee flue yesterday so the person with the best memory wins. 
Q4meg9r829ocabntv6kyypnk6Q,rotational,13.0,"[[0, 7, 1], [2, 6, 7, 0]]",1.0,2.24,0,Fully conscious/deliberative,Fully clear,Quite hard,Rather unconfident,Its more of remembering how the bee flue yesterday so the person with the best memory wins. 
Q4meg9r829ocabntv6kyypnk6Q,rotational,14.0,"[[3, 5, 6, 7, 1], [1, 7, 6, 2]]",1.0,2.136,1,Fully conscious/deliberative,Fully clear,Quite hard,Rather unconfident,Its more of remembering how the bee flue yesterday so the person with the best memory wins. 
Q4meg9r829ocabntv6kyypnk6Q,rotational,15.0,"[[1, 7, 6, 2], [3, 5, 6]]",0.0,2.083,0,Fully conscious/deliberative,Fully clear,Quite hard,Rather unconfident,Its more of remembering how the bee flue yesterday so the person with the best memory wins. 
Q4meg9r829ocabntv6kyypnk6Q,rotational,16.0,"[[3, 5, 6, 7, 1], [5, 6, 7, 1]]",0.0,2.406,0,Fully conscious/deliberative,Fully clear,Quite hard,Rather unconfident,Its more of remembering how the bee flue yesterday so the person with the best memory wins. 
Q4meg9r829ocabntv6kyypnk6Q,rotational,17.0,"[[1, 7, 6, 5], [1, 7, 6]]",1.0,1.0,1,Fully conscious/deliberative,Fully clear,Quite hard,Rather unconfident,Its more of remembering how the bee flue yesterday so the person with the best memory wins. 
Q4meg9r829ocabntv6kyypnk6Q,rotational,18.0,"[[5, 6, 2], [7, 6, 5, 3]]",1.0,1.636,0,Fully conscious/deliberative,Fully clear,Quite hard,Rather unconfident,Its more of remembering how the bee flue yesterday so the person with the best memory wins. 
Q4meg9r829ocabntv6kyypnk6Q,rotational,19.0,"[[0, 7, 1, 4], [2, 6, 7]]",1.0,1.141,1,Fully conscious/deliberative,Fully clear,Quite hard,Rather unconfident,Its more of remembering how the bee flue yesterday so the person with the best memory wins. 
Q4meg9r829ocabntv6kyypnk6Q,rotational,20.0,"[[6, 7, 1, 4], [7, 6, 2]]",1.0,1.224,1,Fully conscious/deliberative,Fully clear,Quite hard,Rather unconfident,Its more of remembering how the bee flue yesterday so the person with the best memory wins. 
Q4meg9r829ocabntv6kyypnk6Q,rotational,21.0,"[[4, 1, 7], [5, 6, 7, 1]]",1.0,0.986,0,Fully conscious/deliberative,Fully clear,Quite hard,Rather unconfident,Its more of remembering how the bee flue yesterday so the person with the best memory wins. 
Q4meg9r829ocabntv6kyypnk6Q,rotational,22.0,"[[1, 7, 6, 2], [0, 7, 1]]",1.0,1.942,1,Fully conscious/deliberative,Fully clear,Quite hard,Rather unconfident,Its more of remembering how the bee flue yesterday so the person with the best memory wins. 
Q4meg9r829ocabntv6kyypnk6Q,rotational,23.0,"[[0, 7, 6], [5, 6, 7, 0]]",0.0,2.673,1,Fully conscious/deliberative,Fully clear,Quite hard,Rather unconfident,Its more of remembering how the bee flue yesterday so the person with the best memory wins. 
Q4meg9r829ocabntv6kyypnk6Q,rotational,24.0,"[[4, 1, 7], [3, 5, 6, 2]]",1.0,0.961,0,Fully conscious/deliberative,Fully clear,Quite hard,Rather unconfident,Its more of remembering how the bee flue yesterday so the person with the best memory wins. 
Q4meg9r829ocabntv6kyypnk6Q,rotational,25.0,"[[7, 1, 4], [2, 6, 7, 1]]",0.0,2.646,1,Fully conscious/deliberative,Fully clear,Quite hard,Rather unconfident,Its more of remembering how the bee flue yesterday so the person with the best memory wins. 
Q4meg9r829ocabntv6kyypnk6Q,rotational,26.0,"[[6, 5, 3], [4, 1, 7, 6]]",1.0,1.123,0,Fully conscious/deliberative,Fully clear,Quite hard,Rather unconfident,Its more of remembering how the bee flue yesterday so the person with the best memory wins. 
Q4meg9r829ocabntv6kyypnk6Q,rotational,27.0,"[[6, 7, 1, 4], [2, 6, 5]]",1.0,1.77,1,Fully conscious/deliberative,Fully clear,Quite hard,Rather unconfident,Its more of remembering how the bee flue yesterday so the person with the best memory wins. 
Q4meg9r829ocabntv6kyypnk6Q,rotational,28.0,"[[3, 5, 6, 7], [4, 1, 7, 6, 5]]",1.0,1.478,0,Fully conscious/deliberative,Fully clear,Quite hard,Rather unconfident,Its more of remembering how the bee flue yesterday so the person with the best memory wins. 
Q4meg9r829ocabntv6kyypnk6Q,rotational,29.0,"[[0, 7, 1], [1, 7, 6, 5]]",1.0,1.896,0,Fully conscious/deliberative,Fully clear,Quite hard,Rather unconfident,Its more of remembering how the bee flue yesterday so the person with the best memory wins. 
Q4meg9r829ocabntv6kyypnk6Q,rotational,30.0,"[[2, 6, 7, 1, 4], [4, 1, 7, 6, 5, 3]]",1.0,1.853,0,Fully conscious/deliberative,Fully clear,Quite hard,Rather unconfident,Its more of remembering how the bee flue yesterday so the person with the best memory wins. 
Q4meg9r829ocabntv6kyypnk6Q,rotational,31.0,"[[5, 6, 7, 1], [4, 1, 7]]",1.0,2.832,1,Fully conscious/deliberative,Fully clear,Quite hard,Rather unconfident,Its more of remembering how the bee flue yesterday so the person with the best memory wins. 
Q4meg9r829ocabntv6kyypnk6Q,rotational,32.0,"[[1, 7, 0], [6, 7, 1, 4]]",1.0,1.153,0,Fully conscious/deliberative,Fully clear,Quite hard,Rather unconfident,Its more of remembering how the bee flue yesterday so the person with the best memory wins. 
Q4meg9r829ocabntv6kyypnk6Q,rotational,33.0,"[[7, 6, 5], [2, 6, 7, 1]]",1.0,1.23,0,Fully conscious/deliberative,Fully clear,Quite hard,Rather unconfident,Its more of remembering how the bee flue yesterday so the person with the best memory wins. 
Q4meg9r829ocabntv6kyypnk6Q,rotational,34.0,"[[5, 6, 7, 0], [1, 7, 6]]",0.0,1.113,0,Fully conscious/deliberative,Fully clear,Quite hard,Rather unconfident,Its more of remembering how the bee flue yesterday so the person with the best memory wins. 
Q4meg9r829ocabntv6kyypnk6Q,rotational,35.0,"[[2, 6, 7, 1, 4], [5, 6, 7, 0]]",0.0,1.295,0,Fully conscious/deliberative,Fully clear,Quite hard,Rather unconfident,Its more of remembering how the bee flue yesterday so the person with the best memory wins. 
Q4meg9r829ocabntv6kyypnk6Q,rotational,36.0,"[[2, 6, 7], [1, 7, 6, 2]]",0.0,1.197,1,Fully conscious/deliberative,Fully clear,Quite hard,Rather unconfident,Its more of remembering how the bee flue yesterday so the person with the best memory wins. 
Q4meg9r829ocabntv6kyypnk6Q,rotational,37.0,"[[0, 7, 6, 5], [0, 7, 1]]",1.0,2.005,1,Fully conscious/deliberative,Fully clear,Quite hard,Rather unconfident,Its more of remembering how the bee flue yesterday so the person with the best memory wins. 
Q4meg9r829ocabntv6kyypnk6Q,rotational,38.0,"[[6, 7, 1, 4], [5, 6, 7]]",0.0,2.234,0,Fully conscious/deliberative,Fully clear,Quite hard,Rather unconfident,Its more of remembering how the bee flue yesterday so the person with the best memory wins. 
Q4meg9r829ocabntv6kyypnk6Q,rotational,39.0,"[[4, 1, 7, 0], [2, 6, 7]]",0.0,2.476,0,Fully conscious/deliberative,Fully clear,Quite hard,Rather unconfident,Its more of remembering how the bee flue yesterday so the person with the best memory wins. 
Q4meg9r829ocabntv6kyypnk6Q,rotational,40.0,"[[4, 1, 7, 0], [4, 1, 7, 6, 2]]",0.0,7.888,1,Fully conscious/deliberative,Fully clear,Quite hard,Rather unconfident,Its more of remembering how the bee flue yesterday so the person with the best memory wins. 
Q4meg9r829ocabntv6kyypnk6Q,rotational,41.0,"[[1, 7, 6, 5], [2, 6, 7]]",1.0,1.323,1,Fully conscious/deliberative,Fully clear,Quite hard,Rather unconfident,Its more of remembering how the bee flue yesterday so the person with the best memory wins. 
Q4meg9r829ocabntv6kyypnk6Q,rotational,42.0,"[[2, 6, 7, 0], [5, 6, 7]]",1.0,1.269,1,Fully conscious/deliberative,Fully clear,Quite hard,Rather unconfident,Its more of remembering how the bee flue yesterday so the person with the best memory wins. 
Q4meg9r829ocabntv6kyypnk6Q,rotational,43.0,"[[3, 5, 6, 2], [3, 5, 6, 7, 1]]",1.0,1.024,0,Fully conscious/deliberative,Fully clear,Quite hard,Rather unconfident,Its more of remembering how the bee flue yesterday so the person with the best memory wins. 
Q4meg9r829ocabntv6kyypnk6Q,rotational,44.0,"[[1, 7, 0], [3, 5, 6, 2]]",1.0,0.686,0,Fully conscious/deliberative,Fully clear,Quite hard,Rather unconfident,Its more of remembering how the bee flue yesterday so the person with the best memory wins. 
Q4meg9r829ocabntv6kyypnk6Q,rotational,45.0,"[[1, 7, 0], [2, 6, 7, 1]]",0.0,1.13,1,Fully conscious/deliberative,Fully clear,Quite hard,Rather unconfident,Its more of remembering how the bee flue yesterday so the person with the best memory wins. 
Q4meg9r829ocabntv6kyypnk6Q,rotational,46.0,"[[0, 7, 1, 4], [4, 1, 7, 6, 5]]",1.0,2.351,0,Fully conscious/deliberative,Fully clear,Quite hard,Rather unconfident,Its more of remembering how the bee flue yesterday so the person with the best memory wins. 
Q4meg9r829ocabntv6kyypnk6Q,rotational,47.0,"[[0, 7, 6, 5], [5, 6, 7]]",1.0,1.496,1,Fully conscious/deliberative,Fully clear,Quite hard,Rather unconfident,Its more of remembering how the bee flue yesterday so the person with the best memory wins. 
Q4meg9r829ocabntv6kyypnk6Q,rotational,48.0,"[[4, 1, 7], [2, 6, 7, 1]]",1.0,0.922,0,Fully conscious/deliberative,Fully clear,Quite hard,Rather unconfident,Its more of remembering how the bee flue yesterday so the person with the best memory wins. 
Q4meg9r829ocabntv6kyypnk6Q,rotational,49.0,"[[4, 1, 7, 6], [3, 5, 6, 7, 0]]",0.0,1.181,1,Fully conscious/deliberative,Fully clear,Quite hard,Rather unconfident,Its more of remembering how the bee flue yesterday so the person with the best memory wins. 
Q4meg9r829ocabntv6kyypnk6Q,rotational,50.0,"[[4, 1, 7, 6, 5], [4, 1, 7, 6]]",0.0,1.465,0,Fully conscious/deliberative,Fully clear,Quite hard,Rather unconfident,Its more of remembering how the bee flue yesterday so the person with the best memory wins. 
Q4meg9r829ocabntv6kyypnk6Q,rotational,51.0,"[[7, 6, 5], [1, 7, 6, 5]]",0.0,1.385,1,Fully conscious/deliberative,Fully clear,Quite hard,Rather unconfident,Its more of remembering how the bee flue yesterday so the person with the best memory wins. 
Q4meg9r829ocabntv6kyypnk6Q,rotational,52.0,"[[6, 5, 3], [0, 7, 6, 2]]",0.0,0.852,1,Fully conscious/deliberative,Fully clear,Quite hard,Rather unconfident,Its more of remembering how the bee flue yesterday so the person with the best memory wins. 
Q4meg9r829ocabntv6kyypnk6Q,rotational,53.0,"[[2, 6, 5], [3, 5, 6, 2]]",0.0,1.065,1,Fully conscious/deliberative,Fully clear,Quite hard,Rather unconfident,Its more of remembering how the bee flue yesterday so the person with the best memory wins. 
Q4meg9r829ocabntv6kyypnk6Q,rotational,54.0,"[[6, 7, 1], [0, 7, 1, 4]]",1.0,1.463,0,Fully conscious/deliberative,Fully clear,Quite hard,Rather unconfident,Its more of remembering how the bee flue yesterday so the person with the best memory wins. 
Q4meg9r829ocabntv6kyypnk6Q,rotational,55.0,"[[5, 6, 2], [1, 7, 6, 5]]",1.0,1.04,0,Fully conscious/deliberative,Fully clear,Quite hard,Rather unconfident,Its more of remembering how the bee flue yesterday so the person with the best memory wins. 
Q4meg9r829ocabntv6kyypnk6Q,rotational,56.0,"[[1, 7, 6, 5, 3], [4, 1, 7, 6]]",0.0,0.641,0,Fully conscious/deliberative,Fully clear,Quite hard,Rather unconfident,Its more of remembering how the bee flue yesterday so the person with the best memory wins. 
Q4meg9r829ocabntv6kyypnk6Q,rotational,57.0,"[[0, 7, 1, 4], [0, 7, 6]]",1.0,0.696,1,Fully conscious/deliberative,Fully clear,Quite hard,Rather unconfident,Its more of remembering how the bee flue yesterday so the person with the best memory wins. 
Q4meg9r829ocabntv6kyypnk6Q,rotational,58.0,"[[2, 6, 5], [0, 7, 1, 4]]",1.0,1.394,0,Fully conscious/deliberative,Fully clear,Quite hard,Rather unconfident,Its more of remembering how the bee flue yesterday so the person with the best memory wins. 
Q4meg9r829ocabntv6kyypnk6Q,rotational,59.0,"[[2, 6, 5, 3], [0, 7, 6]]",0.0,1.143,0,Fully conscious/deliberative,Fully clear,Quite hard,Rather unconfident,Its more of remembering how the bee flue yesterday so the person with the best memory wins. 
Q4meg9r829ocabntv6kyypnk6Q,rotational,60.0,"[[6, 5, 3], [0, 7, 1, 4]]",1.0,0.742,0,Fully conscious/deliberative,Fully clear,Quite hard,Rather unconfident,Its more of remembering how the bee flue yesterday so the person with the best memory wins. 
Q4meg9r829ocabntv6kyypnk6Q,rotational,61.0,"[[7, 6, 5], [3, 5, 6, 2]]",1.0,1.221,0,Fully conscious/deliberative,Fully clear,Quite hard,Rather unconfident,Its more of remembering how the bee flue yesterday so the person with the best memory wins. 
Q4meg9r829ocabntv6kyypnk6Q,rotational,62.0,"[[6, 5, 3], [4, 1, 7, 6]]",1.0,1.013,0,Fully conscious/deliberative,Fully clear,Quite hard,Rather unconfident,Its more of remembering how the bee flue yesterday so the person with the best memory wins. 
Q4meg9r829ocabntv6kyypnk6Q,rotational,63.0,"[[5, 6, 2], [0, 7, 6, 5]]",0.0,1.579,1,Fully conscious/deliberative,Fully clear,Quite hard,Rather unconfident,Its more of remembering how the bee flue yesterday so the person with the best memory wins. 
Q4meg9r829ocabntv6kyypnk6Q,rotational,64.0,"[[6, 5, 3], [5, 6, 7, 1]]",1.0,1.047,0,Fully conscious/deliberative,Fully clear,Quite hard,Rather unconfident,Its more of remembering how the bee flue yesterday so the person with the best memory wins. 
Qao576mbcllxrpbpnqm3htos8Q,rotational,0.0,"[[3, 5, 6, 2], [7, 1, 4]]",0.0,23.465,0,Fully conscious/deliberative,Fully clear,Quite hard,Rather confident,I tried to remember flowers that were always close to each other and which one were always in the middle
Qao576mbcllxrpbpnqm3htos8Q,rotational,1.0,"[[7, 6, 2], [0, 7, 1, 4]]",1.0,14.384,0,Fully conscious/deliberative,Fully clear,Quite hard,Rather confident,I tried to remember flowers that were always close to each other and which one were always in the middle
Qao576mbcllxrpbpnqm3htos8Q,rotational,2.0,"[[6, 5, 3], [0, 7, 6, 2]]",0.0,6.63,1,Fully conscious/deliberative,Fully clear,Quite hard,Rather confident,I tried to remember flowers that were always close to each other and which one were always in the middle
Qao576mbcllxrpbpnqm3htos8Q,rotational,3.0,"[[6, 7, 1, 4], [3, 5, 6]]",0.0,17.214,0,Fully conscious/deliberative,Fully clear,Quite hard,Rather confident,I tried to remember flowers that were always close to each other and which one were always in the middle
Qao576mbcllxrpbpnqm3htos8Q,rotational,4.0,"[[1, 7, 6, 5], [1, 7, 6]]",1.0,5.149,1,Fully conscious/deliberative,Fully clear,Quite hard,Rather confident,I tried to remember flowers that were always close to each other and which one were always in the middle
Qao576mbcllxrpbpnqm3htos8Q,rotational,5.0,"[[1, 7, 0], [1, 7, 6, 2]]",0.0,7.509,1,Fully conscious/deliberative,Fully clear,Quite hard,Rather confident,I tried to remember flowers that were always close to each other and which one were always in the middle
Qao576mbcllxrpbpnqm3htos8Q,rotational,6.0,"[[3, 5, 6], [0, 7, 1, 4]]",1.0,12.914,0,Fully conscious/deliberative,Fully clear,Quite hard,Rather confident,I tried to remember flowers that were always close to each other and which one were always in the middle
Qao576mbcllxrpbpnqm3htos8Q,rotational,7.0,"[[5, 6, 7, 1, 4], [3, 5, 6, 7]]",1.0,4.817,1,Fully conscious/deliberative,Fully clear,Quite hard,Rather confident,I tried to remember flowers that were always close to each other and which one were always in the middle
Qao576mbcllxrpbpnqm3htos8Q,rotational,8.0,"[[2, 6, 7, 1], [0, 7, 6, 5, 3]]",1.0,13.392,0,Fully conscious/deliberative,Fully clear,Quite hard,Rather confident,I tried to remember flowers that were always close to each other and which one were always in the middle
Qao576mbcllxrpbpnqm3htos8Q,rotational,9.0,"[[7, 6, 2], [4, 1, 7, 6]]",1.0,5.635,0,Fully conscious/deliberative,Fully clear,Quite hard,Rather confident,I tried to remember flowers that were always close to each other and which one were always in the middle
Qao576mbcllxrpbpnqm3htos8Q,rotational,10.0,"[[5, 6, 7], [4, 1, 7, 0]]",1.0,13.039,0,Fully conscious/deliberative,Fully clear,Quite hard,Rather confident,I tried to remember flowers that were always close to each other and which one were always in the middle
Qao576mbcllxrpbpnqm3htos8Q,rotational,11.0,"[[0, 7, 6, 2], [0, 7, 6, 5, 3]]",0.0,16.686,1,Fully conscious/deliberative,Fully clear,Quite hard,Rather confident,I tried to remember flowers that were always close to each other and which one were always in the middle
Qao576mbcllxrpbpnqm3htos8Q,rotational,12.0,"[[2, 6, 7, 0], [0, 7, 1]]",0.0,8.941,0,Fully conscious/deliberative,Fully clear,Quite hard,Rather confident,I tried to remember flowers that were always close to each other and which one were always in the middle
Qao576mbcllxrpbpnqm3htos8Q,rotational,13.0,"[[0, 7, 6, 2], [7, 6, 5]]",1.0,3.434,1,Fully conscious/deliberative,Fully clear,Quite hard,Rather confident,I tried to remember flowers that were always close to each other and which one were always in the middle
Qao576mbcllxrpbpnqm3htos8Q,rotational,14.0,"[[0, 7, 6, 2], [7, 1, 4]]",1.0,15.239,1,Fully conscious/deliberative,Fully clear,Quite hard,Rather confident,I tried to remember flowers that were always close to each other and which one were always in the middle
Qao576mbcllxrpbpnqm3htos8Q,rotational,15.0,"[[4, 1, 7, 6, 2], [3, 5, 6, 2]]",0.0,5.948,0,Fully conscious/deliberative,Fully clear,Quite hard,Rather confident,I tried to remember flowers that were always close to each other and which one were always in the middle
Qao576mbcllxrpbpnqm3htos8Q,rotational,16.0,"[[2, 6, 7], [2, 6, 7, 1]]",0.0,1.898,1,Fully conscious/deliberative,Fully clear,Quite hard,Rather confident,I tried to remember flowers that were always close to each other and which one were always in the middle
Qao576mbcllxrpbpnqm3htos8Q,rotational,17.0,"[[7, 6, 2], [4, 1, 7, 0]]",1.0,9.454,0,Fully conscious/deliberative,Fully clear,Quite hard,Rather confident,I tried to remember flowers that were always close to each other and which one were always in the middle
Qao576mbcllxrpbpnqm3htos8Q,rotational,18.0,"[[5, 6, 7, 1], [7, 6, 2]]",1.0,15.774,1,Fully conscious/deliberative,Fully clear,Quite hard,Rather confident,I tried to remember flowers that were always close to each other and which one were always in the middle
Qao576mbcllxrpbpnqm3htos8Q,rotational,19.0,"[[4, 1, 7, 6, 5], [6, 7, 1, 4]]",1.0,9.588,1,Fully conscious/deliberative,Fully clear,Quite hard,Rather confident,I tried to remember flowers that were always close to each other and which one were always in the middle
Qao576mbcllxrpbpnqm3htos8Q,rotational,20.0,"[[6, 5, 3], [1, 7, 6, 2]]",0.0,3.947,1,Fully conscious/deliberative,Fully clear,Quite hard,Rather confident,I tried to remember flowers that were always close to each other and which one were always in the middle
Qao576mbcllxrpbpnqm3htos8Q,rotational,21.0,"[[6, 7, 1, 4], [6, 5, 3]]",0.0,5.298,0,Fully conscious/deliberative,Fully clear,Quite hard,Rather confident,I tried to remember flowers that were always close to each other and which one were always in the middle
Qao576mbcllxrpbpnqm3htos8Q,rotational,22.0,"[[7, 6, 5, 3], [5, 6, 2]]",1.0,3.589,1,Fully conscious/deliberative,Fully clear,Quite hard,Rather confident,I tried to remember flowers that were always close to each other and which one were always in the middle
Qao576mbcllxrpbpnqm3htos8Q,rotational,23.0,"[[7, 6, 5, 3], [2, 6, 7, 1, 4]]",1.0,2.238,0,Fully conscious/deliberative,Fully clear,Quite hard,Rather confident,I tried to remember flowers that were always close to each other and which one were always in the middle
Qao576mbcllxrpbpnqm3htos8Q,rotational,24.0,"[[4, 1, 7], [2, 6, 7, 1]]",0.0,18.31,1,Fully conscious/deliberative,Fully clear,Quite hard,Rather confident,I tried to remember flowers that were always close to each other and which one were always in the middle
Qao576mbcllxrpbpnqm3htos8Q,rotational,25.0,"[[0, 7, 6, 5], [6, 7, 1]]",1.0,4.564,1,Fully conscious/deliberative,Fully clear,Quite hard,Rather confident,I tried to remember flowers that were always close to each other and which one were always in the middle
Qao576mbcllxrpbpnqm3htos8Q,rotational,26.0,"[[4, 1, 7], [5, 6, 7, 1]]",0.0,2.069,1,Fully conscious/deliberative,Fully clear,Quite hard,Rather confident,I tried to remember flowers that were always close to each other and which one were always in the middle
Qao576mbcllxrpbpnqm3htos8Q,rotational,27.0,"[[0, 7, 6, 5], [0, 7, 1]]",0.0,5.025,0,Fully conscious/deliberative,Fully clear,Quite hard,Rather confident,I tried to remember flowers that were always close to each other and which one were always in the middle
Qao576mbcllxrpbpnqm3htos8Q,rotational,28.0,"[[4, 1, 7, 6, 5], [4, 1, 7, 0]]",1.0,7.876,1,Fully conscious/deliberative,Fully clear,Quite hard,Rather confident,I tried to remember flowers that were always close to each other and which one were always in the middle
Qao576mbcllxrpbpnqm3htos8Q,rotational,29.0,"[[5, 6, 2], [2, 6, 5, 3]]",1.0,16.75,0,Fully conscious/deliberative,Fully clear,Quite hard,Rather confident,I tried to remember flowers that were always close to each other and which one were always in the middle
Qao576mbcllxrpbpnqm3htos8Q,rotational,30.0,"[[2, 6, 5], [0, 7, 1, 4]]",1.0,3.188,0,Fully conscious/deliberative,Fully clear,Quite hard,Rather confident,I tried to remember flowers that were always close to each other and which one were always in the middle
Qao576mbcllxrpbpnqm3htos8Q,rotational,31.0,"[[1, 7, 6], [2, 6, 7, 1]]",1.0,2.985,0,Fully conscious/deliberative,Fully clear,Quite hard,Rather confident,I tried to remember flowers that were always close to each other and which one were always in the middle
Qao576mbcllxrpbpnqm3htos8Q,rotational,32.0,"[[3, 5, 6, 2], [1, 7, 0]]",1.0,4.96,1,Fully conscious/deliberative,Fully clear,Quite hard,Rather confident,I tried to remember flowers that were always close to each other and which one were always in the middle
Qao576mbcllxrpbpnqm3htos8Q,rotational,33.0,"[[4, 1, 7, 6], [1, 7, 6, 5, 3]]",0.0,5.925,1,Fully conscious/deliberative,Fully clear,Quite hard,Rather confident,I tried to remember flowers that were always close to each other and which one were always in the middle
Qao576mbcllxrpbpnqm3htos8Q,rotational,34.0,"[[1, 7, 6, 5, 3], [1, 7, 6, 5]]",1.0,7.561,1,Fully conscious/deliberative,Fully clear,Quite hard,Rather confident,I tried to remember flowers that were always close to each other and which one were always in the middle
Qao576mbcllxrpbpnqm3htos8Q,rotational,35.0,"[[0, 7, 1, 4], [2, 6, 7, 1, 4]]",0.0,2.349,1,Fully conscious/deliberative,Fully clear,Quite hard,Rather confident,I tried to remember flowers that were always close to each other and which one were always in the middle
Qao576mbcllxrpbpnqm3htos8Q,rotational,36.0,"[[5, 6, 2], [1, 7, 6, 5]]",1.0,2.852,0,Fully conscious/deliberative,Fully clear,Quite hard,Rather confident,I tried to remember flowers that were always close to each other and which one were always in the middle
Qao576mbcllxrpbpnqm3htos8Q,rotational,37.0,"[[0, 7, 6, 5], [6, 7, 0]]",0.0,7.93,0,Fully conscious/deliberative,Fully clear,Quite hard,Rather confident,I tried to remember flowers that were always close to each other and which one were always in the middle
Qao576mbcllxrpbpnqm3htos8Q,rotational,38.0,"[[7, 6, 5], [6, 7, 1, 4]]",1.0,2.008,0,Fully conscious/deliberative,Fully clear,Quite hard,Rather confident,I tried to remember flowers that were always close to each other and which one were always in the middle
Qao576mbcllxrpbpnqm3htos8Q,rotational,39.0,"[[1, 7, 6, 2], [1, 7, 6, 5, 3]]",1.0,5.673,0,Fully conscious/deliberative,Fully clear,Quite hard,Rather confident,I tried to remember flowers that were always close to each other and which one were always in the middle
Qao576mbcllxrpbpnqm3htos8Q,rotational,40.0,"[[0, 7, 1, 4], [0, 7, 6]]",1.0,2.469,1,Fully conscious/deliberative,Fully clear,Quite hard,Rather confident,I tried to remember flowers that were always close to each other and which one were always in the middle
Qao576mbcllxrpbpnqm3htos8Q,rotational,41.0,"[[1, 7, 6, 5], [7, 6, 5]]",1.0,1.582,1,Fully conscious/deliberative,Fully clear,Quite hard,Rather confident,I tried to remember flowers that were always close to each other and which one were always in the middle
Qao576mbcllxrpbpnqm3htos8Q,rotational,42.0,"[[0, 7, 1], [6, 7, 1, 4]]",0.0,8.572,1,Fully conscious/deliberative,Fully clear,Quite hard,Rather confident,I tried to remember flowers that were always close to each other and which one were always in the middle
Qao576mbcllxrpbpnqm3htos8Q,rotational,43.0,"[[5, 6, 7, 0], [4, 1, 7, 6, 2]]",1.0,3.577,0,Fully conscious/deliberative,Fully clear,Quite hard,Rather confident,I tried to remember flowers that were always close to each other and which one were always in the middle
Qao576mbcllxrpbpnqm3htos8Q,rotational,44.0,"[[4, 1, 7], [1, 7, 6, 5]]",0.0,3.645,1,Fully conscious/deliberative,Fully clear,Quite hard,Rather confident,I tried to remember flowers that were always close to each other and which one were always in the middle
Qao576mbcllxrpbpnqm3htos8Q,rotational,45.0,"[[6, 5, 3], [5, 6, 7, 1]]",0.0,3.555,1,Fully conscious/deliberative,Fully clear,Quite hard,Rather confident,I tried to remember flowers that were always close to each other and which one were always in the middle
Qao576mbcllxrpbpnqm3htos8Q,rotational,46.0,"[[2, 6, 7, 1, 4], [4, 1, 7, 6, 5, 3]]",1.0,3.851,0,Fully conscious/deliberative,Fully clear,Quite hard,Rather confident,I tried to remember flowers that were always close to each other and which one were always in the middle
Qao576mbcllxrpbpnqm3htos8Q,rotational,47.0,"[[0, 7, 6, 5], [5, 6, 2]]",1.0,2.566,1,Fully conscious/deliberative,Fully clear,Quite hard,Rather confident,I tried to remember flowers that were always close to each other and which one were always in the middle
Qao576mbcllxrpbpnqm3htos8Q,rotational,48.0,"[[0, 7, 1], [2, 6, 7, 1]]",0.0,3.835,1,Fully conscious/deliberative,Fully clear,Quite hard,Rather confident,I tried to remember flowers that were always close to each other and which one were always in the middle
Qao576mbcllxrpbpnqm3htos8Q,rotational,49.0,"[[0, 7, 6, 5], [7, 1, 4]]",1.0,4.652,1,Fully conscious/deliberative,Fully clear,Quite hard,Rather confident,I tried to remember flowers that were always close to each other and which one were always in the middle
Qao576mbcllxrpbpnqm3htos8Q,rotational,50.0,"[[2, 6, 7, 1], [2, 6, 5]]",1.0,4.692,1,Fully conscious/deliberative,Fully clear,Quite hard,Rather confident,I tried to remember flowers that were always close to each other and which one were always in the middle
Qao576mbcllxrpbpnqm3htos8Q,rotational,51.0,"[[5, 6, 2], [6, 7, 1, 4]]",1.0,1.504,0,Fully conscious/deliberative,Fully clear,Quite hard,Rather confident,I tried to remember flowers that were always close to each other and which one were always in the middle
Qao576mbcllxrpbpnqm3htos8Q,rotational,52.0,"[[2, 6, 5, 3], [1, 7, 6]]",1.0,6.233,1,Fully conscious/deliberative,Fully clear,Quite hard,Rather confident,I tried to remember flowers that were always close to each other and which one were always in the middle
Qao576mbcllxrpbpnqm3htos8Q,rotational,53.0,"[[4, 1, 7, 6], [2, 6, 7]]",1.0,2.477,1,Fully conscious/deliberative,Fully clear,Quite hard,Rather confident,I tried to remember flowers that were always close to each other and which one were always in the middle
Qao576mbcllxrpbpnqm3htos8Q,rotational,54.0,"[[0, 7, 1], [5, 6, 7, 1]]",0.0,2.501,1,Fully conscious/deliberative,Fully clear,Quite hard,Rather confident,I tried to remember flowers that were always close to each other and which one were always in the middle
Qao576mbcllxrpbpnqm3htos8Q,rotational,55.0,"[[5, 6, 7], [0, 7, 6, 5]]",1.0,2.285,0,Fully conscious/deliberative,Fully clear,Quite hard,Rather confident,I tried to remember flowers that were always close to each other and which one were always in the middle
Qao576mbcllxrpbpnqm3htos8Q,rotational,56.0,"[[6, 7, 0], [3, 5, 6, 2]]",1.0,5.955,0,Fully conscious/deliberative,Fully clear,Quite hard,Rather confident,I tried to remember flowers that were always close to each other and which one were always in the middle
Qao576mbcllxrpbpnqm3htos8Q,rotational,57.0,"[[1, 7, 6, 5, 3], [2, 6, 5, 3]]",1.0,3.317,1,Fully conscious/deliberative,Fully clear,Quite hard,Rather confident,I tried to remember flowers that were always close to each other and which one were always in the middle
Qao576mbcllxrpbpnqm3htos8Q,rotational,58.0,"[[5, 6, 7], [2, 6, 7, 1]]",1.0,0.94,0,Fully conscious/deliberative,Fully clear,Quite hard,Rather confident,I tried to remember flowers that were always close to each other and which one were always in the middle
Qao576mbcllxrpbpnqm3htos8Q,rotational,59.0,"[[0, 7, 6, 5, 3], [4, 1, 7, 6]]",0.0,3.708,0,Fully conscious/deliberative,Fully clear,Quite hard,Rather confident,I tried to remember flowers that were always close to each other and which one were always in the middle
Qao576mbcllxrpbpnqm3htos8Q,rotational,60.0,"[[4, 1, 7], [2, 6, 7, 1]]",1.0,1.017,0,Fully conscious/deliberative,Fully clear,Quite hard,Rather confident,I tried to remember flowers that were always close to each other and which one were always in the middle
Qao576mbcllxrpbpnqm3htos8Q,rotational,61.0,"[[7, 6, 5, 3], [5, 6, 7, 1, 4]]",1.0,4.195,0,Fully conscious/deliberative,Fully clear,Quite hard,Rather confident,I tried to remember flowers that were always close to each other and which one were always in the middle
Qao576mbcllxrpbpnqm3htos8Q,rotational,62.0,"[[3, 5, 6, 2], [5, 6, 7]]",1.0,2.571,1,Fully conscious/deliberative,Fully clear,Quite hard,Rather confident,I tried to remember flowers that were always close to each other and which one were always in the middle
Qao576mbcllxrpbpnqm3htos8Q,rotational,63.0,"[[2, 6, 7], [3, 5, 6, 7]]",1.0,4.011,0,Fully conscious/deliberative,Fully clear,Quite hard,Rather confident,I tried to remember flowers that were always close to each other and which one were always in the middle
Qao576mbcllxrpbpnqm3htos8Q,rotational,64.0,"[[1, 7, 6], [0, 7, 1, 4]]",1.0,5.101,0,Fully conscious/deliberative,Fully clear,Quite hard,Rather confident,I tried to remember flowers that were always close to each other and which one were always in the middle
Qb8kcps9ofobn16pf2ixilskbQ,rotational,0.0,"[[2, 6, 7, 1], [5, 6, 2]]",1.0,59.688,1,Fairly conscious/deliberative,Somewhat unclear,Quite hard,Rather unconfident,"I wish there was a page just showing one example of a bee flying a unknown route using an indirect known route. My strategy was to remember the hot spots, so the flowers that had two points of contact between other flowers and used that as the basis of the bee route foundation."
Qb8kcps9ofobn16pf2ixilskbQ,rotational,1.0,"[[6, 7, 1], [2, 6, 5, 3]]",0.0,11.291,1,Fairly conscious/deliberative,Somewhat unclear,Quite hard,Rather unconfident,"I wish there was a page just showing one example of a bee flying a unknown route using an indirect known route. My strategy was to remember the hot spots, so the flowers that had two points of contact between other flowers and used that as the basis of the bee route foundation."
Qb8kcps9ofobn16pf2ixilskbQ,rotational,2.0,"[[1, 7, 0], [2, 6, 5, 3]]",0.0,11.191,1,Fairly conscious/deliberative,Somewhat unclear,Quite hard,Rather unconfident,"I wish there was a page just showing one example of a bee flying a unknown route using an indirect known route. My strategy was to remember the hot spots, so the flowers that had two points of contact between other flowers and used that as the basis of the bee route foundation."
Qb8kcps9ofobn16pf2ixilskbQ,rotational,3.0,"[[4, 1, 7, 6], [7, 6, 2]]",0.0,19.707,0,Fairly conscious/deliberative,Somewhat unclear,Quite hard,Rather unconfident,"I wish there was a page just showing one example of a bee flying a unknown route using an indirect known route. My strategy was to remember the hot spots, so the flowers that had two points of contact between other flowers and used that as the basis of the bee route foundation."
Qb8kcps9ofobn16pf2ixilskbQ,rotational,4.0,"[[0, 7, 1, 4], [2, 6, 5]]",1.0,10.935,1,Fairly conscious/deliberative,Somewhat unclear,Quite hard,Rather unconfident,"I wish there was a page just showing one example of a bee flying a unknown route using an indirect known route. My strategy was to remember the hot spots, so the flowers that had two points of contact between other flowers and used that as the basis of the bee route foundation."
Qb8kcps9ofobn16pf2ixilskbQ,rotational,5.0,"[[5, 6, 7], [0, 7, 6, 2]]",1.0,8.673,0,Fairly conscious/deliberative,Somewhat unclear,Quite hard,Rather unconfident,"I wish there was a page just showing one example of a bee flying a unknown route using an indirect known route. My strategy was to remember the hot spots, so the flowers that had two points of contact between other flowers and used that as the basis of the bee route foundation."
Qb8kcps9ofobn16pf2ixilskbQ,rotational,6.0,"[[5, 6, 7, 1], [7, 6, 5]]",1.0,4.641,1,Fairly conscious/deliberative,Somewhat unclear,Quite hard,Rather unconfident,"I wish there was a page just showing one example of a bee flying a unknown route using an indirect known route. My strategy was to remember the hot spots, so the flowers that had two points of contact between other flowers and used that as the basis of the bee route foundation."
Qb8kcps9ofobn16pf2ixilskbQ,rotational,7.0,"[[1, 7, 6, 2], [0, 7, 1]]",1.0,9.701,1,Fairly conscious/deliberative,Somewhat unclear,Quite hard,Rather unconfident,"I wish there was a page just showing one example of a bee flying a unknown route using an indirect known route. My strategy was to remember the hot spots, so the flowers that had two points of contact between other flowers and used that as the basis of the bee route foundation."
Qb8kcps9ofobn16pf2ixilskbQ,rotational,8.0,"[[3, 5, 6, 7, 0], [0, 7, 6, 2]]",0.0,10.245,0,Fairly conscious/deliberative,Somewhat unclear,Quite hard,Rather unconfident,"I wish there was a page just showing one example of a bee flying a unknown route using an indirect known route. My strategy was to remember the hot spots, so the flowers that had two points of contact between other flowers and used that as the basis of the bee route foundation."
Qb8kcps9ofobn16pf2ixilskbQ,rotational,9.0,"[[2, 6, 7], [0, 7, 1, 4]]",0.0,12.173,1,Fairly conscious/deliberative,Somewhat unclear,Quite hard,Rather unconfident,"I wish there was a page just showing one example of a bee flying a unknown route using an indirect known route. My strategy was to remember the hot spots, so the flowers that had two points of contact between other flowers and used that as the basis of the bee route foundation."
Qb8kcps9ofobn16pf2ixilskbQ,rotational,10.0,"[[3, 5, 6, 7], [5, 6, 2]]",1.0,10.005,1,Fairly conscious/deliberative,Somewhat unclear,Quite hard,Rather unconfident,"I wish there was a page just showing one example of a bee flying a unknown route using an indirect known route. My strategy was to remember the hot spots, so the flowers that had two points of contact between other flowers and used that as the basis of the bee route foundation."
Qb8kcps9ofobn16pf2ixilskbQ,rotational,11.0,"[[5, 6, 7, 1], [7, 1, 4]]",1.0,15.685,1,Fairly conscious/deliberative,Somewhat unclear,Quite hard,Rather unconfident,"I wish there was a page just showing one example of a bee flying a unknown route using an indirect known route. My strategy was to remember the hot spots, so the flowers that had two points of contact between other flowers and used that as the basis of the bee route foundation."
Qb8kcps9ofobn16pf2ixilskbQ,rotational,12.0,"[[3, 5, 6], [6, 7, 1, 4]]",0.0,40.187,1,Fairly conscious/deliberative,Somewhat unclear,Quite hard,Rather unconfident,"I wish there was a page just showing one example of a bee flying a unknown route using an indirect known route. My strategy was to remember the hot spots, so the flowers that had two points of contact between other flowers and used that as the basis of the bee route foundation."
Qb8kcps9ofobn16pf2ixilskbQ,rotational,13.0,"[[5, 6, 7], [6, 7, 1, 4]]",1.0,14.053,0,Fairly conscious/deliberative,Somewhat unclear,Quite hard,Rather unconfident,"I wish there was a page just showing one example of a bee flying a unknown route using an indirect known route. My strategy was to remember the hot spots, so the flowers that had two points of contact between other flowers and used that as the basis of the bee route foundation."
Qb8kcps9ofobn16pf2ixilskbQ,rotational,14.0,"[[7, 1, 4], [2, 6, 7, 1]]",1.0,7.941,0,Fairly conscious/deliberative,Somewhat unclear,Quite hard,Rather unconfident,"I wish there was a page just showing one example of a bee flying a unknown route using an indirect known route. My strategy was to remember the hot spots, so the flowers that had two points of contact between other flowers and used that as the basis of the bee route foundation."
Qb8kcps9ofobn16pf2ixilskbQ,rotational,15.0,"[[5, 6, 7, 0], [0, 7, 6]]",1.0,22.551,1,Fairly conscious/deliberative,Somewhat unclear,Quite hard,Rather unconfident,"I wish there was a page just showing one example of a bee flying a unknown route using an indirect known route. My strategy was to remember the hot spots, so the flowers that had two points of contact between other flowers and used that as the basis of the bee route foundation."
Qb8kcps9ofobn16pf2ixilskbQ,rotational,16.0,"[[2, 6, 5], [1, 7, 6, 5]]",1.0,12.337,0,Fairly conscious/deliberative,Somewhat unclear,Quite hard,Rather unconfident,"I wish there was a page just showing one example of a bee flying a unknown route using an indirect known route. My strategy was to remember the hot spots, so the flowers that had two points of contact between other flowers and used that as the basis of the bee route foundation."
Qb8kcps9ofobn16pf2ixilskbQ,rotational,17.0,"[[2, 6, 7, 1], [6, 5, 3]]",1.0,17.515,1,Fairly conscious/deliberative,Somewhat unclear,Quite hard,Rather unconfident,"I wish there was a page just showing one example of a bee flying a unknown route using an indirect known route. My strategy was to remember the hot spots, so the flowers that had two points of contact between other flowers and used that as the basis of the bee route foundation."
Qb8kcps9ofobn16pf2ixilskbQ,rotational,18.0,"[[3, 5, 6], [6, 7, 1, 4]]",0.0,16.599,1,Fairly conscious/deliberative,Somewhat unclear,Quite hard,Rather unconfident,"I wish there was a page just showing one example of a bee flying a unknown route using an indirect known route. My strategy was to remember the hot spots, so the flowers that had two points of contact between other flowers and used that as the basis of the bee route foundation."
Qb8kcps9ofobn16pf2ixilskbQ,rotational,19.0,"[[5, 6, 7, 1], [7, 6, 2]]",1.0,28.785,1,Fairly conscious/deliberative,Somewhat unclear,Quite hard,Rather unconfident,"I wish there was a page just showing one example of a bee flying a unknown route using an indirect known route. My strategy was to remember the hot spots, so the flowers that had two points of contact between other flowers and used that as the basis of the bee route foundation."
Qb8kcps9ofobn16pf2ixilskbQ,rotational,20.0,"[[4, 1, 7, 6], [2, 6, 7]]",0.0,6.753,0,Fairly conscious/deliberative,Somewhat unclear,Quite hard,Rather unconfident,"I wish there was a page just showing one example of a bee flying a unknown route using an indirect known route. My strategy was to remember the hot spots, so the flowers that had two points of contact between other flowers and used that as the basis of the bee route foundation."
Qb8kcps9ofobn16pf2ixilskbQ,rotational,21.0,"[[7, 6, 5, 3], [2, 6, 7]]",0.0,4.297,0,Fairly conscious/deliberative,Somewhat unclear,Quite hard,Rather unconfident,"I wish there was a page just showing one example of a bee flying a unknown route using an indirect known route. My strategy was to remember the hot spots, so the flowers that had two points of contact between other flowers and used that as the basis of the bee route foundation."
Qb8kcps9ofobn16pf2ixilskbQ,rotational,22.0,"[[6, 7, 1], [2, 6, 7, 1]]",0.0,15.041,1,Fairly conscious/deliberative,Somewhat unclear,Quite hard,Rather unconfident,"I wish there was a page just showing one example of a bee flying a unknown route using an indirect known route. My strategy was to remember the hot spots, so the flowers that had two points of contact between other flowers and used that as the basis of the bee route foundation."
Qb8kcps9ofobn16pf2ixilskbQ,rotational,23.0,"[[5, 6, 7], [3, 5, 6, 2]]",0.0,7.257,1,Fairly conscious/deliberative,Somewhat unclear,Quite hard,Rather unconfident,"I wish there was a page just showing one example of a bee flying a unknown route using an indirect known route. My strategy was to remember the hot spots, so the flowers that had two points of contact between other flowers and used that as the basis of the bee route foundation."
Qb8kcps9ofobn16pf2ixilskbQ,rotational,24.0,"[[5, 6, 7, 1, 4], [3, 5, 6, 7]]",0.0,10.295,0,Fairly conscious/deliberative,Somewhat unclear,Quite hard,Rather unconfident,"I wish there was a page just showing one example of a bee flying a unknown route using an indirect known route. My strategy was to remember the hot spots, so the flowers that had two points of contact between other flowers and used that as the basis of the bee route foundation."
Qb8kcps9ofobn16pf2ixilskbQ,rotational,25.0,"[[4, 1, 7, 6, 2], [0, 7, 6, 5]]",1.0,15.677,1,Fairly conscious/deliberative,Somewhat unclear,Quite hard,Rather unconfident,"I wish there was a page just showing one example of a bee flying a unknown route using an indirect known route. My strategy was to remember the hot spots, so the flowers that had two points of contact between other flowers and used that as the basis of the bee route foundation."
Qb8kcps9ofobn16pf2ixilskbQ,rotational,0.0,"[[0, 7, 6, 5, 3], [2, 6, 7, 1]]",0.0,219.431,0,Fairly conscious/deliberative,Somewhat unclear,Quite hard,Rather unconfident,"I wish there was a page just showing one example of a bee flying a unknown route using an indirect known route. My strategy was to remember the hot spots, so the flowers that had two points of contact between other flowers and used that as the basis of the bee route foundation."
Qb8kcps9ofobn16pf2ixilskbQ,rotational,1.0,"[[4, 1, 7, 0], [6, 7, 1]]",1.0,39.038,1,Fairly conscious/deliberative,Somewhat unclear,Quite hard,Rather unconfident,"I wish there was a page just showing one example of a bee flying a unknown route using an indirect known route. My strategy was to remember the hot spots, so the flowers that had two points of contact between other flowers and used that as the basis of the bee route foundation."
Qb8kcps9ofobn16pf2ixilskbQ,rotational,2.0,"[[6, 7, 0], [4, 1, 7, 0]]",1.0,59.667,0,Fairly conscious/deliberative,Somewhat unclear,Quite hard,Rather unconfident,"I wish there was a page just showing one example of a bee flying a unknown route using an indirect known route. My strategy was to remember the hot spots, so the flowers that had two points of contact between other flowers and used that as the basis of the bee route foundation."
Qb8kcps9ofobn16pf2ixilskbQ,rotational,3.0,"[[1, 7, 0], [1, 7, 6, 2]]",1.0,12.465,0,Fairly conscious/deliberative,Somewhat unclear,Quite hard,Rather unconfident,"I wish there was a page just showing one example of a bee flying a unknown route using an indirect known route. My strategy was to remember the hot spots, so the flowers that had two points of contact between other flowers and used that as the basis of the bee route foundation."
Qb8kcps9ofobn16pf2ixilskbQ,rotational,4.0,"[[4, 1, 7, 0], [5, 6, 2]]",1.0,21.403,1,Fairly conscious/deliberative,Somewhat unclear,Quite hard,Rather unconfident,"I wish there was a page just showing one example of a bee flying a unknown route using an indirect known route. My strategy was to remember the hot spots, so the flowers that had two points of contact between other flowers and used that as the basis of the bee route foundation."
Qb8kcps9ofobn16pf2ixilskbQ,rotational,5.0,"[[2, 6, 5, 3], [4, 1, 7]]",1.0,18.263,1,Fairly conscious/deliberative,Somewhat unclear,Quite hard,Rather unconfident,"I wish there was a page just showing one example of a bee flying a unknown route using an indirect known route. My strategy was to remember the hot spots, so the flowers that had two points of contact between other flowers and used that as the basis of the bee route foundation."
Qb8kcps9ofobn16pf2ixilskbQ,rotational,6.0,"[[1, 7, 6, 2], [0, 7, 1]]",1.0,8.739,1,Fairly conscious/deliberative,Somewhat unclear,Quite hard,Rather unconfident,"I wish there was a page just showing one example of a bee flying a unknown route using an indirect known route. My strategy was to remember the hot spots, so the flowers that had two points of contact between other flowers and used that as the basis of the bee route foundation."
Qb8kcps9ofobn16pf2ixilskbQ,rotational,7.0,"[[2, 6, 7], [1, 7, 6, 2]]",1.0,25.521,0,Fairly conscious/deliberative,Somewhat unclear,Quite hard,Rather unconfident,"I wish there was a page just showing one example of a bee flying a unknown route using an indirect known route. My strategy was to remember the hot spots, so the flowers that had two points of contact between other flowers and used that as the basis of the bee route foundation."
Qb8kcps9ofobn16pf2ixilskbQ,rotational,8.0,"[[6, 5, 3], [4, 1, 7, 6]]",1.0,15.417,0,Fairly conscious/deliberative,Somewhat unclear,Quite hard,Rather unconfident,"I wish there was a page just showing one example of a bee flying a unknown route using an indirect known route. My strategy was to remember the hot spots, so the flowers that had two points of contact between other flowers and used that as the basis of the bee route foundation."
Qb8kcps9ofobn16pf2ixilskbQ,rotational,9.0,"[[1, 7, 6, 5], [5, 6, 7]]",1.0,12.863,1,Fairly conscious/deliberative,Somewhat unclear,Quite hard,Rather unconfident,"I wish there was a page just showing one example of a bee flying a unknown route using an indirect known route. My strategy was to remember the hot spots, so the flowers that had two points of contact between other flowers and used that as the basis of the bee route foundation."
Qb8kcps9ofobn16pf2ixilskbQ,rotational,10.0,"[[0, 7, 6, 5], [4, 1, 7, 6, 2]]",1.0,66.685,0,Fairly conscious/deliberative,Somewhat unclear,Quite hard,Rather unconfident,"I wish there was a page just showing one example of a bee flying a unknown route using an indirect known route. My strategy was to remember the hot spots, so the flowers that had two points of contact between other flowers and used that as the basis of the bee route foundation."
Qb8kcps9ofobn16pf2ixilskbQ,rotational,11.0,"[[5, 6, 7], [2, 6, 7, 0]]",1.0,8.423,0,Fairly conscious/deliberative,Somewhat unclear,Quite hard,Rather unconfident,"I wish there was a page just showing one example of a bee flying a unknown route using an indirect known route. My strategy was to remember the hot spots, so the flowers that had two points of contact between other flowers and used that as the basis of the bee route foundation."
Qb8kcps9ofobn16pf2ixilskbQ,rotational,12.0,"[[1, 7, 6], [5, 6, 7, 1]]",1.0,13.511,0,Fairly conscious/deliberative,Somewhat unclear,Quite hard,Rather unconfident,"I wish there was a page just showing one example of a bee flying a unknown route using an indirect known route. My strategy was to remember the hot spots, so the flowers that had two points of contact between other flowers and used that as the basis of the bee route foundation."
Qb8kcps9ofobn16pf2ixilskbQ,rotational,13.0,"[[2, 6, 5], [3, 5, 6, 7]]",1.0,12.043,0,Fairly conscious/deliberative,Somewhat unclear,Quite hard,Rather unconfident,"I wish there was a page just showing one example of a bee flying a unknown route using an indirect known route. My strategy was to remember the hot spots, so the flowers that had two points of contact between other flowers and used that as the basis of the bee route foundation."
Qb8kcps9ofobn16pf2ixilskbQ,rotational,14.0,"[[7, 6, 2], [4, 1, 7, 0]]",1.0,10.263,0,Fairly conscious/deliberative,Somewhat unclear,Quite hard,Rather unconfident,"I wish there was a page just showing one example of a bee flying a unknown route using an indirect known route. My strategy was to remember the hot spots, so the flowers that had two points of contact between other flowers and used that as the basis of the bee route foundation."
Qb8kcps9ofobn16pf2ixilskbQ,rotational,15.0,"[[2, 6, 5, 3], [5, 6, 7]]",1.0,16.315,1,Fairly conscious/deliberative,Somewhat unclear,Quite hard,Rather unconfident,"I wish there was a page just showing one example of a bee flying a unknown route using an indirect known route. My strategy was to remember the hot spots, so the flowers that had two points of contact between other flowers and used that as the basis of the bee route foundation."
Qb8kcps9ofobn16pf2ixilskbQ,rotational,16.0,"[[4, 1, 7, 6, 2], [4, 1, 7, 6, 5, 3]]",1.0,32.929,0,Fairly conscious/deliberative,Somewhat unclear,Quite hard,Rather unconfident,"I wish there was a page just showing one example of a bee flying a unknown route using an indirect known route. My strategy was to remember the hot spots, so the flowers that had two points of contact between other flowers and used that as the basis of the bee route foundation."
Qb8kcps9ofobn16pf2ixilskbQ,rotational,17.0,"[[0, 7, 1], [0, 7, 6, 5]]",1.0,25.521,0,Fairly conscious/deliberative,Somewhat unclear,Quite hard,Rather unconfident,"I wish there was a page just showing one example of a bee flying a unknown route using an indirect known route. My strategy was to remember the hot spots, so the flowers that had two points of contact between other flowers and used that as the basis of the bee route foundation."
Qb8kcps9ofobn16pf2ixilskbQ,rotational,18.0,"[[0, 7, 6], [2, 6, 5, 3]]",1.0,7.643,0,Fairly conscious/deliberative,Somewhat unclear,Quite hard,Rather unconfident,"I wish there was a page just showing one example of a bee flying a unknown route using an indirect known route. My strategy was to remember the hot spots, so the flowers that had two points of contact between other flowers and used that as the basis of the bee route foundation."
Qb8kcps9ofobn16pf2ixilskbQ,rotational,19.0,"[[0, 7, 6, 5], [2, 6, 5]]",1.0,11.373,1,Fairly conscious/deliberative,Somewhat unclear,Quite hard,Rather unconfident,"I wish there was a page just showing one example of a bee flying a unknown route using an indirect known route. My strategy was to remember the hot spots, so the flowers that had two points of contact between other flowers and used that as the basis of the bee route foundation."
Qb8kcps9ofobn16pf2ixilskbQ,rotational,20.0,"[[0, 7, 6], [0, 7, 6, 5]]",1.0,14.883,0,Fairly conscious/deliberative,Somewhat unclear,Quite hard,Rather unconfident,"I wish there was a page just showing one example of a bee flying a unknown route using an indirect known route. My strategy was to remember the hot spots, so the flowers that had two points of contact between other flowers and used that as the basis of the bee route foundation."
Qb8kcps9ofobn16pf2ixilskbQ,rotational,21.0,"[[1, 7, 6, 5], [1, 7, 6, 5, 3]]",1.0,15.405,0,Fairly conscious/deliberative,Somewhat unclear,Quite hard,Rather unconfident,"I wish there was a page just showing one example of a bee flying a unknown route using an indirect known route. My strategy was to remember the hot spots, so the flowers that had two points of contact between other flowers and used that as the basis of the bee route foundation."
Qb8kcps9ofobn16pf2ixilskbQ,rotational,22.0,"[[6, 7, 1], [0, 7, 6, 5]]",1.0,17.109,0,Fairly conscious/deliberative,Somewhat unclear,Quite hard,Rather unconfident,"I wish there was a page just showing one example of a bee flying a unknown route using an indirect known route. My strategy was to remember the hot spots, so the flowers that had two points of contact between other flowers and used that as the basis of the bee route foundation."
Qb8kcps9ofobn16pf2ixilskbQ,rotational,23.0,"[[1, 7, 0], [5, 6, 7, 1]]",1.0,7.199,0,Fairly conscious/deliberative,Somewhat unclear,Quite hard,Rather unconfident,"I wish there was a page just showing one example of a bee flying a unknown route using an indirect known route. My strategy was to remember the hot spots, so the flowers that had two points of contact between other flowers and used that as the basis of the bee route foundation."
Qb8kcps9ofobn16pf2ixilskbQ,rotational,24.0,"[[3, 5, 6], [2, 6, 7, 0]]",1.0,14.767,0,Fairly conscious/deliberative,Somewhat unclear,Quite hard,Rather unconfident,"I wish there was a page just showing one example of a bee flying a unknown route using an indirect known route. My strategy was to remember the hot spots, so the flowers that had two points of contact between other flowers and used that as the basis of the bee route foundation."
Qb8kcps9ofobn16pf2ixilskbQ,rotational,25.0,"[[6, 5, 3], [4, 1, 7, 0]]",1.0,3.199,0,Fairly conscious/deliberative,Somewhat unclear,Quite hard,Rather unconfident,"I wish there was a page just showing one example of a bee flying a unknown route using an indirect known route. My strategy was to remember the hot spots, so the flowers that had two points of contact between other flowers and used that as the basis of the bee route foundation."
Qb8kcps9ofobn16pf2ixilskbQ,rotational,26.0,"[[5, 6, 2], [2, 6, 7, 1]]",1.0,14.995,0,Fairly conscious/deliberative,Somewhat unclear,Quite hard,Rather unconfident,"I wish there was a page just showing one example of a bee flying a unknown route using an indirect known route. My strategy was to remember the hot spots, so the flowers that had two points of contact between other flowers and used that as the basis of the bee route foundation."
Qb8kcps9ofobn16pf2ixilskbQ,rotational,27.0,"[[7, 6, 5, 3], [7, 6, 2]]",1.0,6.439,1,Fairly conscious/deliberative,Somewhat unclear,Quite hard,Rather unconfident,"I wish there was a page just showing one example of a bee flying a unknown route using an indirect known route. My strategy was to remember the hot spots, so the flowers that had two points of contact between other flowers and used that as the basis of the bee route foundation."
Qb8kcps9ofobn16pf2ixilskbQ,rotational,28.0,"[[2, 6, 5], [6, 7, 1, 4]]",1.0,6.571,0,Fairly conscious/deliberative,Somewhat unclear,Quite hard,Rather unconfident,"I wish there was a page just showing one example of a bee flying a unknown route using an indirect known route. My strategy was to remember the hot spots, so the flowers that had two points of contact between other flowers and used that as the basis of the bee route foundation."
Qb8kcps9ofobn16pf2ixilskbQ,rotational,29.0,"[[1, 7, 6, 2], [5, 6, 7]]",1.0,3.949,1,Fairly conscious/deliberative,Somewhat unclear,Quite hard,Rather unconfident,"I wish there was a page just showing one example of a bee flying a unknown route using an indirect known route. My strategy was to remember the hot spots, so the flowers that had two points of contact between other flowers and used that as the basis of the bee route foundation."
Qb8kcps9ofobn16pf2ixilskbQ,rotational,30.0,"[[4, 1, 7], [2, 6, 7, 0]]",1.0,17.863,0,Fairly conscious/deliberative,Somewhat unclear,Quite hard,Rather unconfident,"I wish there was a page just showing one example of a bee flying a unknown route using an indirect known route. My strategy was to remember the hot spots, so the flowers that had two points of contact between other flowers and used that as the basis of the bee route foundation."
Qb8kcps9ofobn16pf2ixilskbQ,rotational,31.0,"[[0, 7, 6, 2], [0, 7, 6, 5, 3]]",1.0,36.057,0,Fairly conscious/deliberative,Somewhat unclear,Quite hard,Rather unconfident,"I wish there was a page just showing one example of a bee flying a unknown route using an indirect known route. My strategy was to remember the hot spots, so the flowers that had two points of contact between other flowers and used that as the basis of the bee route foundation."
Qb8kcps9ofobn16pf2ixilskbQ,rotational,32.0,"[[4, 1, 7, 6], [2, 6, 7]]",1.0,10.549,1,Fairly conscious/deliberative,Somewhat unclear,Quite hard,Rather unconfident,"I wish there was a page just showing one example of a bee flying a unknown route using an indirect known route. My strategy was to remember the hot spots, so the flowers that had two points of contact between other flowers and used that as the basis of the bee route foundation."
Qb8kcps9ofobn16pf2ixilskbQ,rotational,33.0,"[[4, 1, 7, 6, 5], [3, 5, 6, 7]]",1.0,12.161,1,Fairly conscious/deliberative,Somewhat unclear,Quite hard,Rather unconfident,"I wish there was a page just showing one example of a bee flying a unknown route using an indirect known route. My strategy was to remember the hot spots, so the flowers that had two points of contact between other flowers and used that as the basis of the bee route foundation."
Qb8kcps9ofobn16pf2ixilskbQ,rotational,34.0,"[[1, 7, 6, 5], [5, 6, 2]]",1.0,10.673,1,Fairly conscious/deliberative,Somewhat unclear,Quite hard,Rather unconfident,"I wish there was a page just showing one example of a bee flying a unknown route using an indirect known route. My strategy was to remember the hot spots, so the flowers that had two points of contact between other flowers and used that as the basis of the bee route foundation."
Qb8kcps9ofobn16pf2ixilskbQ,rotational,35.0,"[[2, 6, 5], [2, 6, 5, 3]]",1.0,2.259,0,Fairly conscious/deliberative,Somewhat unclear,Quite hard,Rather unconfident,"I wish there was a page just showing one example of a bee flying a unknown route using an indirect known route. My strategy was to remember the hot spots, so the flowers that had two points of contact between other flowers and used that as the basis of the bee route foundation."
Qb8kcps9ofobn16pf2ixilskbQ,rotational,36.0,"[[6, 7, 1, 4], [3, 5, 6]]",1.0,11.307,1,Fairly conscious/deliberative,Somewhat unclear,Quite hard,Rather unconfident,"I wish there was a page just showing one example of a bee flying a unknown route using an indirect known route. My strategy was to remember the hot spots, so the flowers that had two points of contact between other flowers and used that as the basis of the bee route foundation."
Qb8kcps9ofobn16pf2ixilskbQ,rotational,37.0,"[[3, 5, 6, 7, 1], [2, 6, 7, 1]]",1.0,16.149,1,Fairly conscious/deliberative,Somewhat unclear,Quite hard,Rather unconfident,"I wish there was a page just showing one example of a bee flying a unknown route using an indirect known route. My strategy was to remember the hot spots, so the flowers that had two points of contact between other flowers and used that as the basis of the bee route foundation."
Qb8kcps9ofobn16pf2ixilskbQ,rotational,38.0,"[[3, 5, 6, 2], [1, 7, 0]]",1.0,10.259,1,Fairly conscious/deliberative,Somewhat unclear,Quite hard,Rather unconfident,"I wish there was a page just showing one example of a bee flying a unknown route using an indirect known route. My strategy was to remember the hot spots, so the flowers that had two points of contact between other flowers and used that as the basis of the bee route foundation."
Qb8kcps9ofobn16pf2ixilskbQ,rotational,39.0,"[[4, 1, 7], [5, 6, 7, 1]]",1.0,7.831,0,Fairly conscious/deliberative,Somewhat unclear,Quite hard,Rather unconfident,"I wish there was a page just showing one example of a bee flying a unknown route using an indirect known route. My strategy was to remember the hot spots, so the flowers that had two points of contact between other flowers and used that as the basis of the bee route foundation."
Qb8kcps9ofobn16pf2ixilskbQ,rotational,40.0,"[[4, 1, 7, 6, 5], [4, 1, 7, 0]]",1.0,14.123,1,Fairly conscious/deliberative,Somewhat unclear,Quite hard,Rather unconfident,"I wish there was a page just showing one example of a bee flying a unknown route using an indirect known route. My strategy was to remember the hot spots, so the flowers that had two points of contact between other flowers and used that as the basis of the bee route foundation."
Qb8kcps9ofobn16pf2ixilskbQ,rotational,41.0,"[[2, 6, 7], [0, 7, 1, 4]]",1.0,8.417,0,Fairly conscious/deliberative,Somewhat unclear,Quite hard,Rather unconfident,"I wish there was a page just showing one example of a bee flying a unknown route using an indirect known route. My strategy was to remember the hot spots, so the flowers that had two points of contact between other flowers and used that as the basis of the bee route foundation."
Qb8kcps9ofobn16pf2ixilskbQ,rotational,42.0,"[[7, 6, 5, 3], [5, 6, 7, 1, 4]]",1.0,30.549,0,Fairly conscious/deliberative,Somewhat unclear,Quite hard,Rather unconfident,"I wish there was a page just showing one example of a bee flying a unknown route using an indirect known route. My strategy was to remember the hot spots, so the flowers that had two points of contact between other flowers and used that as the basis of the bee route foundation."
Qb8kcps9ofobn16pf2ixilskbQ,rotational,43.0,"[[3, 5, 6, 7, 1], [3, 5, 6, 2]]",1.0,10.697,1,Fairly conscious/deliberative,Somewhat unclear,Quite hard,Rather unconfident,"I wish there was a page just showing one example of a bee flying a unknown route using an indirect known route. My strategy was to remember the hot spots, so the flowers that had two points of contact between other flowers and used that as the basis of the bee route foundation."
Qb8kcps9ofobn16pf2ixilskbQ,rotational,44.0,"[[7, 6, 2], [4, 1, 7, 6]]",1.0,4.509,0,Fairly conscious/deliberative,Somewhat unclear,Quite hard,Rather unconfident,"I wish there was a page just showing one example of a bee flying a unknown route using an indirect known route. My strategy was to remember the hot spots, so the flowers that had two points of contact between other flowers and used that as the basis of the bee route foundation."
Qb8kcps9ofobn16pf2ixilskbQ,rotational,45.0,"[[4, 1, 7, 0], [7, 6, 5]]",1.0,5.363,1,Fairly conscious/deliberative,Somewhat unclear,Quite hard,Rather unconfident,"I wish there was a page just showing one example of a bee flying a unknown route using an indirect known route. My strategy was to remember the hot spots, so the flowers that had two points of contact between other flowers and used that as the basis of the bee route foundation."
Qb8kcps9ofobn16pf2ixilskbQ,rotational,46.0,"[[5, 6, 7, 1, 4], [4, 1, 7, 6]]",1.0,16.723,1,Fairly conscious/deliberative,Somewhat unclear,Quite hard,Rather unconfident,"I wish there was a page just showing one example of a bee flying a unknown route using an indirect known route. My strategy was to remember the hot spots, so the flowers that had two points of contact between other flowers and used that as the basis of the bee route foundation."
Qb8kcps9ofobn16pf2ixilskbQ,rotational,47.0,"[[3, 5, 6, 2], [4, 1, 7, 6, 2]]",1.0,10.783,0,Fairly conscious/deliberative,Somewhat unclear,Quite hard,Rather unconfident,"I wish there was a page just showing one example of a bee flying a unknown route using an indirect known route. My strategy was to remember the hot spots, so the flowers that had two points of contact between other flowers and used that as the basis of the bee route foundation."
Qb8kcps9ofobn16pf2ixilskbQ,rotational,48.0,"[[7, 6, 5], [0, 7, 6, 5]]",1.0,3.635,0,Fairly conscious/deliberative,Somewhat unclear,Quite hard,Rather unconfident,"I wish there was a page just showing one example of a bee flying a unknown route using an indirect known route. My strategy was to remember the hot spots, so the flowers that had two points of contact between other flowers and used that as the basis of the bee route foundation."
Qb8kcps9ofobn16pf2ixilskbQ,rotational,49.0,"[[1, 7, 6], [1, 7, 6, 2]]",1.0,10.571,0,Fairly conscious/deliberative,Somewhat unclear,Quite hard,Rather unconfident,"I wish there was a page just showing one example of a bee flying a unknown route using an indirect known route. My strategy was to remember the hot spots, so the flowers that had two points of contact between other flowers and used that as the basis of the bee route foundation."
Qb8kcps9ofobn16pf2ixilskbQ,rotational,50.0,"[[0, 7, 1, 4], [2, 6, 7, 1, 4]]",1.0,12.993,0,Fairly conscious/deliberative,Somewhat unclear,Quite hard,Rather unconfident,"I wish there was a page just showing one example of a bee flying a unknown route using an indirect known route. My strategy was to remember the hot spots, so the flowers that had two points of contact between other flowers and used that as the basis of the bee route foundation."
Qb8kcps9ofobn16pf2ixilskbQ,rotational,51.0,"[[7, 1, 4], [2, 6, 7, 1]]",1.0,6.693,0,Fairly conscious/deliberative,Somewhat unclear,Quite hard,Rather unconfident,"I wish there was a page just showing one example of a bee flying a unknown route using an indirect known route. My strategy was to remember the hot spots, so the flowers that had two points of contact between other flowers and used that as the basis of the bee route foundation."
Qb8kcps9ofobn16pf2ixilskbQ,rotational,52.0,"[[4, 1, 7, 6], [1, 7, 0]]",1.0,6.787,1,Fairly conscious/deliberative,Somewhat unclear,Quite hard,Rather unconfident,"I wish there was a page just showing one example of a bee flying a unknown route using an indirect known route. My strategy was to remember the hot spots, so the flowers that had two points of contact between other flowers and used that as the basis of the bee route foundation."
Qb8kcps9ofobn16pf2ixilskbQ,rotational,53.0,"[[6, 7, 1, 4], [7, 6, 5]]",1.0,3.595,1,Fairly conscious/deliberative,Somewhat unclear,Quite hard,Rather unconfident,"I wish there was a page just showing one example of a bee flying a unknown route using an indirect known route. My strategy was to remember the hot spots, so the flowers that had two points of contact between other flowers and used that as the basis of the bee route foundation."
Qb8kcps9ofobn16pf2ixilskbQ,rotational,54.0,"[[4, 1, 7], [1, 7, 6, 5]]",1.0,8.107,0,Fairly conscious/deliberative,Somewhat unclear,Quite hard,Rather unconfident,"I wish there was a page just showing one example of a bee flying a unknown route using an indirect known route. My strategy was to remember the hot spots, so the flowers that had two points of contact between other flowers and used that as the basis of the bee route foundation."
Qb8kcps9ofobn16pf2ixilskbQ,rotational,55.0,"[[6, 7, 1, 4], [1, 7, 6, 5, 3]]",1.0,19.773,0,Fairly conscious/deliberative,Somewhat unclear,Quite hard,Rather unconfident,"I wish there was a page just showing one example of a bee flying a unknown route using an indirect known route. My strategy was to remember the hot spots, so the flowers that had two points of contact between other flowers and used that as the basis of the bee route foundation."
Qb8kcps9ofobn16pf2ixilskbQ,rotational,56.0,"[[7, 6, 2], [1, 7, 6, 5]]",1.0,2.703,0,Fairly conscious/deliberative,Somewhat unclear,Quite hard,Rather unconfident,"I wish there was a page just showing one example of a bee flying a unknown route using an indirect known route. My strategy was to remember the hot spots, so the flowers that had two points of contact between other flowers and used that as the basis of the bee route foundation."
Qb8kcps9ofobn16pf2ixilskbQ,rotational,57.0,"[[7, 1, 4], [2, 6, 7, 1]]",1.0,9.151,0,Fairly conscious/deliberative,Somewhat unclear,Quite hard,Rather unconfident,"I wish there was a page just showing one example of a bee flying a unknown route using an indirect known route. My strategy was to remember the hot spots, so the flowers that had two points of contact between other flowers and used that as the basis of the bee route foundation."
Qb8kcps9ofobn16pf2ixilskbQ,rotational,58.0,"[[4, 1, 7], [5, 6, 7, 0]]",1.0,1.131,0,Fairly conscious/deliberative,Somewhat unclear,Quite hard,Rather unconfident,"I wish there was a page just showing one example of a bee flying a unknown route using an indirect known route. My strategy was to remember the hot spots, so the flowers that had two points of contact between other flowers and used that as the basis of the bee route foundation."
Qb8kcps9ofobn16pf2ixilskbQ,rotational,59.0,"[[3, 5, 6, 2], [1, 7, 6]]",1.0,6.741,1,Fairly conscious/deliberative,Somewhat unclear,Quite hard,Rather unconfident,"I wish there was a page just showing one example of a bee flying a unknown route using an indirect known route. My strategy was to remember the hot spots, so the flowers that had two points of contact between other flowers and used that as the basis of the bee route foundation."
Qb8kcps9ofobn16pf2ixilskbQ,rotational,60.0,"[[6, 7, 1, 4], [3, 5, 6, 7, 0]]",1.0,15.239,0,Fairly conscious/deliberative,Somewhat unclear,Quite hard,Rather unconfident,"I wish there was a page just showing one example of a bee flying a unknown route using an indirect known route. My strategy was to remember the hot spots, so the flowers that had two points of contact between other flowers and used that as the basis of the bee route foundation."
Qb8kcps9ofobn16pf2ixilskbQ,rotational,61.0,"[[3, 5, 6], [5, 6, 7, 1]]",1.0,10.761,0,Fairly conscious/deliberative,Somewhat unclear,Quite hard,Rather unconfident,"I wish there was a page just showing one example of a bee flying a unknown route using an indirect known route. My strategy was to remember the hot spots, so the flowers that had two points of contact between other flowers and used that as the basis of the bee route foundation."
Qb8kcps9ofobn16pf2ixilskbQ,rotational,62.0,"[[4, 1, 7, 6, 2], [7, 6, 5, 3]]",1.0,17.253,1,Fairly conscious/deliberative,Somewhat unclear,Quite hard,Rather unconfident,"I wish there was a page just showing one example of a bee flying a unknown route using an indirect known route. My strategy was to remember the hot spots, so the flowers that had two points of contact between other flowers and used that as the basis of the bee route foundation."
Qb8kcps9ofobn16pf2ixilskbQ,rotational,63.0,"[[1, 7, 0], [0, 7, 6, 2]]",1.0,7.765,0,Fairly conscious/deliberative,Somewhat unclear,Quite hard,Rather unconfident,"I wish there was a page just showing one example of a bee flying a unknown route using an indirect known route. My strategy was to remember the hot spots, so the flowers that had two points of contact between other flowers and used that as the basis of the bee route foundation."
Qb8kcps9ofobn16pf2ixilskbQ,rotational,64.0,"[[3, 5, 6], [1, 7, 6, 2]]",1.0,5.067,0,Fairly conscious/deliberative,Somewhat unclear,Quite hard,Rather unconfident,"I wish there was a page just showing one example of a bee flying a unknown route using an indirect known route. My strategy was to remember the hot spots, so the flowers that had two points of contact between other flowers and used that as the basis of the bee route foundation."
Qbcga2qvv1sic3amq7v3953hfQ,rotational,0.0,"[[1, 7, 6, 2], [0, 7, 1]]",0.0,6.654,0,Fully intuitive/unconscious,Fully unclear,Quite hard,Rather unconfident,"i tried to remember the sequinces from yesterdays task,thinking of which flowers were chosen on the first task,not sure this is the correct stratergy but thats how i tried to imagine it."
Qbcga2qvv1sic3amq7v3953hfQ,rotational,1.0,"[[3, 5, 6, 2], [6, 7, 1]]",1.0,5.615,1,Fully intuitive/unconscious,Fully unclear,Quite hard,Rather unconfident,"i tried to remember the sequinces from yesterdays task,thinking of which flowers were chosen on the first task,not sure this is the correct stratergy but thats how i tried to imagine it."
Qbcga2qvv1sic3amq7v3953hfQ,rotational,2.0,"[[1, 7, 6, 5], [7, 1, 4]]",0.0,6.062,0,Fully intuitive/unconscious,Fully unclear,Quite hard,Rather unconfident,"i tried to remember the sequinces from yesterdays task,thinking of which flowers were chosen on the first task,not sure this is the correct stratergy but thats how i tried to imagine it."
Qbcga2qvv1sic3amq7v3953hfQ,rotational,3.0,"[[5, 6, 2], [1, 7, 6, 5]]",0.0,1.302,1,Fully intuitive/unconscious,Fully unclear,Quite hard,Rather unconfident,"i tried to remember the sequinces from yesterdays task,thinking of which flowers were chosen on the first task,not sure this is the correct stratergy but thats how i tried to imagine it."
Qbcga2qvv1sic3amq7v3953hfQ,rotational,4.0,"[[0, 7, 1, 4], [0, 7, 6]]",1.0,2.294,1,Fully intuitive/unconscious,Fully unclear,Quite hard,Rather unconfident,"i tried to remember the sequinces from yesterdays task,thinking of which flowers were chosen on the first task,not sure this is the correct stratergy but thats how i tried to imagine it."
Qbcga2qvv1sic3amq7v3953hfQ,rotational,5.0,"[[2, 6, 7], [6, 7, 1, 4]]",1.0,1.046,0,Fully intuitive/unconscious,Fully unclear,Quite hard,Rather unconfident,"i tried to remember the sequinces from yesterdays task,thinking of which flowers were chosen on the first task,not sure this is the correct stratergy but thats how i tried to imagine it."
Qbcga2qvv1sic3amq7v3953hfQ,rotational,6.0,"[[3, 5, 6, 7], [5, 6, 2]]",0.0,1.471,0,Fully intuitive/unconscious,Fully unclear,Quite hard,Rather unconfident,"i tried to remember the sequinces from yesterdays task,thinking of which flowers were chosen on the first task,not sure this is the correct stratergy but thats how i tried to imagine it."
Qbcga2qvv1sic3amq7v3953hfQ,rotational,7.0,"[[4, 1, 7, 0], [7, 6, 5]]",1.0,2.054,1,Fully intuitive/unconscious,Fully unclear,Quite hard,Rather unconfident,"i tried to remember the sequinces from yesterdays task,thinking of which flowers were chosen on the first task,not sure this is the correct stratergy but thats how i tried to imagine it."
Qbcga2qvv1sic3amq7v3953hfQ,rotational,8.0,"[[2, 6, 7, 1], [1, 7, 6, 5, 3]]",1.0,3.262,0,Fully intuitive/unconscious,Fully unclear,Quite hard,Rather unconfident,"i tried to remember the sequinces from yesterdays task,thinking of which flowers were chosen on the first task,not sure this is the correct stratergy but thats how i tried to imagine it."
Qbcga2qvv1sic3amq7v3953hfQ,rotational,9.0,"[[1, 7, 6, 5], [0, 7, 1]]",1.0,1.367,1,Fully intuitive/unconscious,Fully unclear,Quite hard,Rather unconfident,"i tried to remember the sequinces from yesterdays task,thinking of which flowers were chosen on the first task,not sure this is the correct stratergy but thats how i tried to imagine it."
Qbcga2qvv1sic3amq7v3953hfQ,rotational,10.0,"[[5, 6, 7], [1, 7, 6, 2]]",1.0,1.358,0,Fully intuitive/unconscious,Fully unclear,Quite hard,Rather unconfident,"i tried to remember the sequinces from yesterdays task,thinking of which flowers were chosen on the first task,not sure this is the correct stratergy but thats how i tried to imagine it."
Qbcga2qvv1sic3amq7v3953hfQ,rotational,11.0,"[[2, 6, 7, 1], [2, 6, 5]]",0.0,1.031,0,Fully intuitive/unconscious,Fully unclear,Quite hard,Rather unconfident,"i tried to remember the sequinces from yesterdays task,thinking of which flowers were chosen on the first task,not sure this is the correct stratergy but thats how i tried to imagine it."
Qbcga2qvv1sic3amq7v3953hfQ,rotational,12.0,"[[2, 6, 7], [1, 7, 6, 2]]",1.0,1.135,0,Fully intuitive/unconscious,Fully unclear,Quite hard,Rather unconfident,"i tried to remember the sequinces from yesterdays task,thinking of which flowers were chosen on the first task,not sure this is the correct stratergy but thats how i tried to imagine it."
Qbcga2qvv1sic3amq7v3953hfQ,rotational,13.0,"[[5, 6, 7, 0], [4, 1, 7, 6, 2]]",1.0,1.174,0,Fully intuitive/unconscious,Fully unclear,Quite hard,Rather unconfident,"i tried to remember the sequinces from yesterdays task,thinking of which flowers were chosen on the first task,not sure this is the correct stratergy but thats how i tried to imagine it."
Qbcga2qvv1sic3amq7v3953hfQ,rotational,14.0,"[[5, 6, 7, 1, 4], [7, 6, 5, 3]]",1.0,0.966,1,Fully intuitive/unconscious,Fully unclear,Quite hard,Rather unconfident,"i tried to remember the sequinces from yesterdays task,thinking of which flowers were chosen on the first task,not sure this is the correct stratergy but thats how i tried to imagine it."
Qbcga2qvv1sic3amq7v3953hfQ,rotational,15.0,"[[2, 6, 5], [5, 6, 7, 0]]",0.0,3.687,1,Fully intuitive/unconscious,Fully unclear,Quite hard,Rather unconfident,"i tried to remember the sequinces from yesterdays task,thinking of which flowers were chosen on the first task,not sure this is the correct stratergy but thats how i tried to imagine it."
Qbcga2qvv1sic3amq7v3953hfQ,rotational,16.0,"[[3, 5, 6, 7, 1], [1, 7, 6, 5]]",1.0,2.303,1,Fully intuitive/unconscious,Fully unclear,Quite hard,Rather unconfident,"i tried to remember the sequinces from yesterdays task,thinking of which flowers were chosen on the first task,not sure this is the correct stratergy but thats how i tried to imagine it."
Qbcga2qvv1sic3amq7v3953hfQ,rotational,17.0,"[[5, 6, 7, 0], [0, 7, 1]]",0.0,1.03,0,Fully intuitive/unconscious,Fully unclear,Quite hard,Rather unconfident,"i tried to remember the sequinces from yesterdays task,thinking of which flowers were chosen on the first task,not sure this is the correct stratergy but thats how i tried to imagine it."
Qbcga2qvv1sic3amq7v3953hfQ,rotational,18.0,"[[5, 6, 7], [6, 7, 1, 4]]",1.0,0.959,0,Fully intuitive/unconscious,Fully unclear,Quite hard,Rather unconfident,"i tried to remember the sequinces from yesterdays task,thinking of which flowers were chosen on the first task,not sure this is the correct stratergy but thats how i tried to imagine it."
Qbcga2qvv1sic3amq7v3953hfQ,rotational,19.0,"[[2, 6, 7, 1], [0, 7, 1]]",1.0,1.526,1,Fully intuitive/unconscious,Fully unclear,Quite hard,Rather unconfident,"i tried to remember the sequinces from yesterdays task,thinking of which flowers were chosen on the first task,not sure this is the correct stratergy but thats how i tried to imagine it."
Qbcga2qvv1sic3amq7v3953hfQ,rotational,20.0,"[[2, 6, 7, 1], [7, 1, 4]]",1.0,1.463,1,Fully intuitive/unconscious,Fully unclear,Quite hard,Rather unconfident,"i tried to remember the sequinces from yesterdays task,thinking of which flowers were chosen on the first task,not sure this is the correct stratergy but thats how i tried to imagine it."
Qbcga2qvv1sic3amq7v3953hfQ,rotational,21.0,"[[2, 6, 5], [0, 7, 1, 4]]",0.0,1.502,1,Fully intuitive/unconscious,Fully unclear,Quite hard,Rather unconfident,"i tried to remember the sequinces from yesterdays task,thinking of which flowers were chosen on the first task,not sure this is the correct stratergy but thats how i tried to imagine it."
Qbcga2qvv1sic3amq7v3953hfQ,rotational,22.0,"[[7, 6, 2], [3, 5, 6, 7]]",0.0,1.71,1,Fully intuitive/unconscious,Fully unclear,Quite hard,Rather unconfident,"i tried to remember the sequinces from yesterdays task,thinking of which flowers were chosen on the first task,not sure this is the correct stratergy but thats how i tried to imagine it."
Qbcga2qvv1sic3amq7v3953hfQ,rotational,23.0,"[[5, 6, 7], [5, 6, 7, 0]]",1.0,2.591,0,Fully intuitive/unconscious,Fully unclear,Quite hard,Rather unconfident,"i tried to remember the sequinces from yesterdays task,thinking of which flowers were chosen on the first task,not sure this is the correct stratergy but thats how i tried to imagine it."
Qbcga2qvv1sic3amq7v3953hfQ,rotational,24.0,"[[2, 6, 5, 3], [5, 6, 2]]",1.0,1.847,1,Fully intuitive/unconscious,Fully unclear,Quite hard,Rather unconfident,"i tried to remember the sequinces from yesterdays task,thinking of which flowers were chosen on the first task,not sure this is the correct stratergy but thats how i tried to imagine it."
Qbcga2qvv1sic3amq7v3953hfQ,rotational,25.0,"[[0, 7, 1, 4], [3, 5, 6]]",1.0,1.887,1,Fully intuitive/unconscious,Fully unclear,Quite hard,Rather unconfident,"i tried to remember the sequinces from yesterdays task,thinking of which flowers were chosen on the first task,not sure this is the correct stratergy but thats how i tried to imagine it."
Qbcga2qvv1sic3amq7v3953hfQ,rotational,26.0,"[[4, 1, 7, 6, 5], [4, 1, 7, 6]]",1.0,1.886,1,Fully intuitive/unconscious,Fully unclear,Quite hard,Rather unconfident,"i tried to remember the sequinces from yesterdays task,thinking of which flowers were chosen on the first task,not sure this is the correct stratergy but thats how i tried to imagine it."
Qbcga2qvv1sic3amq7v3953hfQ,rotational,27.0,"[[5, 6, 7], [2, 6, 5, 3]]",1.0,1.871,0,Fully intuitive/unconscious,Fully unclear,Quite hard,Rather unconfident,"i tried to remember the sequinces from yesterdays task,thinking of which flowers were chosen on the first task,not sure this is the correct stratergy but thats how i tried to imagine it."
Qbcga2qvv1sic3amq7v3953hfQ,rotational,28.0,"[[0, 7, 6], [3, 5, 6, 2]]",1.0,0.855,0,Fully intuitive/unconscious,Fully unclear,Quite hard,Rather unconfident,"i tried to remember the sequinces from yesterdays task,thinking of which flowers were chosen on the first task,not sure this is the correct stratergy but thats how i tried to imagine it."
Qbcga2qvv1sic3amq7v3953hfQ,rotational,29.0,"[[4, 1, 7, 0], [2, 6, 7]]",1.0,2.094,1,Fully intuitive/unconscious,Fully unclear,Quite hard,Rather unconfident,"i tried to remember the sequinces from yesterdays task,thinking of which flowers were chosen on the first task,not sure this is the correct stratergy but thats how i tried to imagine it."
Qbcga2qvv1sic3amq7v3953hfQ,rotational,30.0,"[[1, 7, 6, 5], [5, 6, 7]]",1.0,1.655,1,Fully intuitive/unconscious,Fully unclear,Quite hard,Rather unconfident,"i tried to remember the sequinces from yesterdays task,thinking of which flowers were chosen on the first task,not sure this is the correct stratergy but thats how i tried to imagine it."
Qbcga2qvv1sic3amq7v3953hfQ,rotational,31.0,"[[3, 5, 6, 7, 0], [2, 6, 7, 0]]",0.0,1.943,0,Fully intuitive/unconscious,Fully unclear,Quite hard,Rather unconfident,"i tried to remember the sequinces from yesterdays task,thinking of which flowers were chosen on the first task,not sure this is the correct stratergy but thats how i tried to imagine it."
Qbcga2qvv1sic3amq7v3953hfQ,rotational,32.0,"[[7, 1, 4], [0, 7, 6, 2]]",1.0,1.958,0,Fully intuitive/unconscious,Fully unclear,Quite hard,Rather unconfident,"i tried to remember the sequinces from yesterdays task,thinking of which flowers were chosen on the first task,not sure this is the correct stratergy but thats how i tried to imagine it."
Qbcga2qvv1sic3amq7v3953hfQ,rotational,33.0,"[[1, 7, 6, 2], [3, 5, 6, 7, 0]]",1.0,1.975,0,Fully intuitive/unconscious,Fully unclear,Quite hard,Rather unconfident,"i tried to remember the sequinces from yesterdays task,thinking of which flowers were chosen on the first task,not sure this is the correct stratergy but thats how i tried to imagine it."
Qbcga2qvv1sic3amq7v3953hfQ,rotational,34.0,"[[1, 7, 6, 2], [3, 5, 6]]",1.0,1.046,1,Fully intuitive/unconscious,Fully unclear,Quite hard,Rather unconfident,"i tried to remember the sequinces from yesterdays task,thinking of which flowers were chosen on the first task,not sure this is the correct stratergy but thats how i tried to imagine it."
Qbcga2qvv1sic3amq7v3953hfQ,rotational,35.0,"[[6, 7, 0], [0, 7, 6, 5]]",1.0,2.279,0,Fully intuitive/unconscious,Fully unclear,Quite hard,Rather unconfident,"i tried to remember the sequinces from yesterdays task,thinking of which flowers were chosen on the first task,not sure this is the correct stratergy but thats how i tried to imagine it."
Qbcga2qvv1sic3amq7v3953hfQ,rotational,36.0,"[[4, 1, 7, 6], [1, 7, 6, 5, 3]]",1.0,2.863,0,Fully intuitive/unconscious,Fully unclear,Quite hard,Rather unconfident,"i tried to remember the sequinces from yesterdays task,thinking of which flowers were chosen on the first task,not sure this is the correct stratergy but thats how i tried to imagine it."
Qbcga2qvv1sic3amq7v3953hfQ,rotational,37.0,"[[4, 1, 7, 6, 2], [0, 7, 1, 4]]",1.0,1.478,1,Fully intuitive/unconscious,Fully unclear,Quite hard,Rather unconfident,"i tried to remember the sequinces from yesterdays task,thinking of which flowers were chosen on the first task,not sure this is the correct stratergy but thats how i tried to imagine it."
Qbcga2qvv1sic3amq7v3953hfQ,rotational,38.0,"[[1, 7, 6], [1, 7, 6, 5]]",1.0,1.015,0,Fully intuitive/unconscious,Fully unclear,Quite hard,Rather unconfident,"i tried to remember the sequinces from yesterdays task,thinking of which flowers were chosen on the first task,not sure this is the correct stratergy but thats how i tried to imagine it."
Qbcga2qvv1sic3amq7v3953hfQ,rotational,39.0,"[[3, 5, 6, 7, 0], [4, 1, 7, 6]]",0.0,4.43,0,Fully intuitive/unconscious,Fully unclear,Quite hard,Rather unconfident,"i tried to remember the sequinces from yesterdays task,thinking of which flowers were chosen on the first task,not sure this is the correct stratergy but thats how i tried to imagine it."
Qbcga2qvv1sic3amq7v3953hfQ,rotational,40.0,"[[2, 6, 7, 1, 4], [2, 6, 5, 3]]",0.0,2.431,0,Fully intuitive/unconscious,Fully unclear,Quite hard,Rather unconfident,"i tried to remember the sequinces from yesterdays task,thinking of which flowers were chosen on the first task,not sure this is the correct stratergy but thats how i tried to imagine it."
Qbcga2qvv1sic3amq7v3953hfQ,rotational,41.0,"[[4, 1, 7, 6, 5, 3], [2, 6, 7, 1, 4]]",0.0,1.399,0,Fully intuitive/unconscious,Fully unclear,Quite hard,Rather unconfident,"i tried to remember the sequinces from yesterdays task,thinking of which flowers were chosen on the first task,not sure this is the correct stratergy but thats how i tried to imagine it."
Qbcga2qvv1sic3amq7v3953hfQ,rotational,42.0,"[[5, 6, 7, 1], [3, 5, 6]]",1.0,1.15,1,Fully intuitive/unconscious,Fully unclear,Quite hard,Rather unconfident,"i tried to remember the sequinces from yesterdays task,thinking of which flowers were chosen on the first task,not sure this is the correct stratergy but thats how i tried to imagine it."
Qbcga2qvv1sic3amq7v3953hfQ,rotational,43.0,"[[0, 7, 6, 5], [4, 1, 7]]",1.0,2.375,1,Fully intuitive/unconscious,Fully unclear,Quite hard,Rather unconfident,"i tried to remember the sequinces from yesterdays task,thinking of which flowers were chosen on the first task,not sure this is the correct stratergy but thats how i tried to imagine it."
Qbcga2qvv1sic3amq7v3953hfQ,rotational,44.0,"[[6, 5, 3], [6, 7, 1, 4]]",1.0,0.991,0,Fully intuitive/unconscious,Fully unclear,Quite hard,Rather unconfident,"i tried to remember the sequinces from yesterdays task,thinking of which flowers were chosen on the first task,not sure this is the correct stratergy but thats how i tried to imagine it."
Qbcga2qvv1sic3amq7v3953hfQ,rotational,45.0,"[[5, 6, 2], [6, 7, 1, 4]]",0.0,1.975,1,Fully intuitive/unconscious,Fully unclear,Quite hard,Rather unconfident,"i tried to remember the sequinces from yesterdays task,thinking of which flowers were chosen on the first task,not sure this is the correct stratergy but thats how i tried to imagine it."
Qbcga2qvv1sic3amq7v3953hfQ,rotational,46.0,"[[5, 6, 7, 1, 4], [7, 6, 5, 3]]",1.0,1.422,1,Fully intuitive/unconscious,Fully unclear,Quite hard,Rather unconfident,"i tried to remember the sequinces from yesterdays task,thinking of which flowers were chosen on the first task,not sure this is the correct stratergy but thats how i tried to imagine it."
Qbcga2qvv1sic3amq7v3953hfQ,rotational,47.0,"[[2, 6, 7, 0], [1, 7, 0]]",0.0,3.511,0,Fully intuitive/unconscious,Fully unclear,Quite hard,Rather unconfident,"i tried to remember the sequinces from yesterdays task,thinking of which flowers were chosen on the first task,not sure this is the correct stratergy but thats how i tried to imagine it."
Qbcga2qvv1sic3amq7v3953hfQ,rotational,48.0,"[[1, 7, 6, 2], [1, 7, 6]]",1.0,3.479,1,Fully intuitive/unconscious,Fully unclear,Quite hard,Rather unconfident,"i tried to remember the sequinces from yesterdays task,thinking of which flowers were chosen on the first task,not sure this is the correct stratergy but thats how i tried to imagine it."
Qbcga2qvv1sic3amq7v3953hfQ,rotational,49.0,"[[0, 7, 6, 2], [3, 5, 6]]",0.0,0.981,0,Fully intuitive/unconscious,Fully unclear,Quite hard,Rather unconfident,"i tried to remember the sequinces from yesterdays task,thinking of which flowers were chosen on the first task,not sure this is the correct stratergy but thats how i tried to imagine it."
Qbcga2qvv1sic3amq7v3953hfQ,rotational,50.0,"[[3, 5, 6, 7, 1], [3, 5, 6, 2]]",0.0,1.871,0,Fully intuitive/unconscious,Fully unclear,Quite hard,Rather unconfident,"i tried to remember the sequinces from yesterdays task,thinking of which flowers were chosen on the first task,not sure this is the correct stratergy but thats how i tried to imagine it."
Qbcga2qvv1sic3amq7v3953hfQ,rotational,51.0,"[[5, 6, 7, 1], [2, 6, 7]]",1.0,3.791,1,Fully intuitive/unconscious,Fully unclear,Quite hard,Rather unconfident,"i tried to remember the sequinces from yesterdays task,thinking of which flowers were chosen on the first task,not sure this is the correct stratergy but thats how i tried to imagine it."
Qbcga2qvv1sic3amq7v3953hfQ,rotational,52.0,"[[4, 1, 7, 6], [3, 5, 6]]",1.0,1.982,1,Fully intuitive/unconscious,Fully unclear,Quite hard,Rather unconfident,"i tried to remember the sequinces from yesterdays task,thinking of which flowers were chosen on the first task,not sure this is the correct stratergy but thats how i tried to imagine it."
Qbcga2qvv1sic3amq7v3953hfQ,rotational,53.0,"[[2, 6, 7, 0], [7, 6, 5]]",1.0,1.719,1,Fully intuitive/unconscious,Fully unclear,Quite hard,Rather unconfident,"i tried to remember the sequinces from yesterdays task,thinking of which flowers were chosen on the first task,not sure this is the correct stratergy but thats how i tried to imagine it."
Qbcga2qvv1sic3amq7v3953hfQ,rotational,54.0,"[[1, 7, 6], [0, 7, 6, 5]]",0.0,2.231,1,Fully intuitive/unconscious,Fully unclear,Quite hard,Rather unconfident,"i tried to remember the sequinces from yesterdays task,thinking of which flowers were chosen on the first task,not sure this is the correct stratergy but thats how i tried to imagine it."
Qbcga2qvv1sic3amq7v3953hfQ,rotational,55.0,"[[4, 1, 7, 6], [0, 7, 1]]",0.0,1.374,0,Fully intuitive/unconscious,Fully unclear,Quite hard,Rather unconfident,"i tried to remember the sequinces from yesterdays task,thinking of which flowers were chosen on the first task,not sure this is the correct stratergy but thats how i tried to imagine it."
Qbcga2qvv1sic3amq7v3953hfQ,rotational,56.0,"[[4, 1, 7, 0], [1, 7, 6]]",1.0,1.83,1,Fully intuitive/unconscious,Fully unclear,Quite hard,Rather unconfident,"i tried to remember the sequinces from yesterdays task,thinking of which flowers were chosen on the first task,not sure this is the correct stratergy but thats how i tried to imagine it."
Qbcga2qvv1sic3amq7v3953hfQ,rotational,57.0,"[[7, 1, 4], [1, 7, 6, 5]]",1.0,1.359,0,Fully intuitive/unconscious,Fully unclear,Quite hard,Rather unconfident,"i tried to remember the sequinces from yesterdays task,thinking of which flowers were chosen on the first task,not sure this is the correct stratergy but thats how i tried to imagine it."
Qbcga2qvv1sic3amq7v3953hfQ,rotational,58.0,"[[4, 1, 7, 6, 2], [7, 6, 5, 3]]",1.0,1.126,1,Fully intuitive/unconscious,Fully unclear,Quite hard,Rather unconfident,"i tried to remember the sequinces from yesterdays task,thinking of which flowers were chosen on the first task,not sure this is the correct stratergy but thats how i tried to imagine it."
Qbcga2qvv1sic3amq7v3953hfQ,rotational,59.0,"[[3, 5, 6, 2], [0, 7, 1]]",1.0,2.223,1,Fully intuitive/unconscious,Fully unclear,Quite hard,Rather unconfident,"i tried to remember the sequinces from yesterdays task,thinking of which flowers were chosen on the first task,not sure this is the correct stratergy but thats how i tried to imagine it."
Qbcga2qvv1sic3amq7v3953hfQ,rotational,60.0,"[[0, 7, 1, 4], [4, 1, 7, 6, 5]]",0.0,2.455,1,Fully intuitive/unconscious,Fully unclear,Quite hard,Rather unconfident,"i tried to remember the sequinces from yesterdays task,thinking of which flowers were chosen on the first task,not sure this is the correct stratergy but thats how i tried to imagine it."
Qbcga2qvv1sic3amq7v3953hfQ,rotational,61.0,"[[3, 5, 6, 2], [7, 1, 4]]",1.0,1.559,1,Fully intuitive/unconscious,Fully unclear,Quite hard,Rather unconfident,"i tried to remember the sequinces from yesterdays task,thinking of which flowers were chosen on the first task,not sure this is the correct stratergy but thats how i tried to imagine it."
Qbcga2qvv1sic3amq7v3953hfQ,rotational,62.0,"[[7, 6, 2], [4, 1, 7, 6]]",1.0,3.215,0,Fully intuitive/unconscious,Fully unclear,Quite hard,Rather unconfident,"i tried to remember the sequinces from yesterdays task,thinking of which flowers were chosen on the first task,not sure this is the correct stratergy but thats how i tried to imagine it."
Qbcga2qvv1sic3amq7v3953hfQ,rotational,63.0,"[[4, 1, 7], [1, 7, 6, 2]]",0.0,2.278,1,Fully intuitive/unconscious,Fully unclear,Quite hard,Rather unconfident,"i tried to remember the sequinces from yesterdays task,thinking of which flowers were chosen on the first task,not sure this is the correct stratergy but thats how i tried to imagine it."
Qbcga2qvv1sic3amq7v3953hfQ,rotational,64.0,"[[7, 6, 2], [4, 1, 7, 0]]",1.0,1.159,0,Fully intuitive/unconscious,Fully unclear,Quite hard,Rather unconfident,"i tried to remember the sequinces from yesterdays task,thinking of which flowers were chosen on the first task,not sure this is the correct stratergy but thats how i tried to imagine it."
Qey5hnzukc0bp6a5u55gxbdadQ,rotational,0.0,"[[2, 6, 7, 1, 4], [4, 1, 7, 0]]",1.0,9.217,1,Fairly conscious/deliberative,Somewhat clear,Quite easy,Rather confident,"I'm not sure if I understood correctly the instruction...
Recalling the position of the flowers in the yesterday's task I chose the pair with shorter distance from the first flower to the second. 
"
Qey5hnzukc0bp6a5u55gxbdadQ,rotational,1.0,"[[4, 1, 7, 6], [7, 6, 2]]",1.0,11.068,1,Fairly conscious/deliberative,Somewhat clear,Quite easy,Rather confident,"I'm not sure if I understood correctly the instruction...
Recalling the position of the flowers in the yesterday's task I chose the pair with shorter distance from the first flower to the second. 
"
Qey5hnzukc0bp6a5u55gxbdadQ,rotational,2.0,"[[7, 6, 5, 3], [4, 1, 7, 6, 2]]",1.0,5.9,0,Fairly conscious/deliberative,Somewhat clear,Quite easy,Rather confident,"I'm not sure if I understood correctly the instruction...
Recalling the position of the flowers in the yesterday's task I chose the pair with shorter distance from the first flower to the second. 
"
Qey5hnzukc0bp6a5u55gxbdadQ,rotational,3.0,"[[6, 7, 1], [4, 1, 7, 0]]",0.0,8.818,1,Fairly conscious/deliberative,Somewhat clear,Quite easy,Rather confident,"I'm not sure if I understood correctly the instruction...
Recalling the position of the flowers in the yesterday's task I chose the pair with shorter distance from the first flower to the second. 
"
Qey5hnzukc0bp6a5u55gxbdadQ,rotational,4.0,"[[5, 6, 2], [3, 5, 6, 7]]",1.0,6.918,0,Fairly conscious/deliberative,Somewhat clear,Quite easy,Rather confident,"I'm not sure if I understood correctly the instruction...
Recalling the position of the flowers in the yesterday's task I chose the pair with shorter distance from the first flower to the second. 
"
Qey5hnzukc0bp6a5u55gxbdadQ,rotational,5.0,"[[0, 7, 6, 5], [7, 6, 5]]",1.0,3.249,1,Fairly conscious/deliberative,Somewhat clear,Quite easy,Rather confident,"I'm not sure if I understood correctly the instruction...
Recalling the position of the flowers in the yesterday's task I chose the pair with shorter distance from the first flower to the second. 
"
Qey5hnzukc0bp6a5u55gxbdadQ,rotational,6.0,"[[5, 6, 7, 1], [2, 6, 7]]",1.0,9.918,1,Fairly conscious/deliberative,Somewhat clear,Quite easy,Rather confident,"I'm not sure if I understood correctly the instruction...
Recalling the position of the flowers in the yesterday's task I chose the pair with shorter distance from the first flower to the second. 
"
Qey5hnzukc0bp6a5u55gxbdadQ,rotational,7.0,"[[5, 6, 7, 0], [0, 7, 6]]",0.0,9.268,0,Fairly conscious/deliberative,Somewhat clear,Quite easy,Rather confident,"I'm not sure if I understood correctly the instruction...
Recalling the position of the flowers in the yesterday's task I chose the pair with shorter distance from the first flower to the second. 
"
Qey5hnzukc0bp6a5u55gxbdadQ,rotational,8.0,"[[1, 7, 6, 2], [7, 1, 4]]",1.0,11.768,1,Fairly conscious/deliberative,Somewhat clear,Quite easy,Rather confident,"I'm not sure if I understood correctly the instruction...
Recalling the position of the flowers in the yesterday's task I chose the pair with shorter distance from the first flower to the second. 
"
Qey5hnzukc0bp6a5u55gxbdadQ,rotational,9.0,"[[0, 7, 6, 5], [1, 7, 0]]",1.0,8.718,1,Fairly conscious/deliberative,Somewhat clear,Quite easy,Rather confident,"I'm not sure if I understood correctly the instruction...
Recalling the position of the flowers in the yesterday's task I chose the pair with shorter distance from the first flower to the second. 
"
Qey5hnzukc0bp6a5u55gxbdadQ,rotational,10.0,"[[7, 6, 5], [2, 6, 5, 3]]",0.0,6.284,1,Fairly conscious/deliberative,Somewhat clear,Quite easy,Rather confident,"I'm not sure if I understood correctly the instruction...
Recalling the position of the flowers in the yesterday's task I chose the pair with shorter distance from the first flower to the second. 
"
Qey5hnzukc0bp6a5u55gxbdadQ,rotational,11.0,"[[1, 7, 6, 5, 3], [2, 6, 7, 1]]",0.0,9.185,0,Fairly conscious/deliberative,Somewhat clear,Quite easy,Rather confident,"I'm not sure if I understood correctly the instruction...
Recalling the position of the flowers in the yesterday's task I chose the pair with shorter distance from the first flower to the second. 
"
Qey5hnzukc0bp6a5u55gxbdadQ,rotational,12.0,"[[2, 6, 5, 3], [4, 1, 7, 6, 2]]",1.0,4.933,0,Fairly conscious/deliberative,Somewhat clear,Quite easy,Rather confident,"I'm not sure if I understood correctly the instruction...
Recalling the position of the flowers in the yesterday's task I chose the pair with shorter distance from the first flower to the second. 
"
Qey5hnzukc0bp6a5u55gxbdadQ,rotational,13.0,"[[2, 6, 5], [1, 7, 6, 5]]",1.0,3.249,0,Fairly conscious/deliberative,Somewhat clear,Quite easy,Rather confident,"I'm not sure if I understood correctly the instruction...
Recalling the position of the flowers in the yesterday's task I chose the pair with shorter distance from the first flower to the second. 
"
Qey5hnzukc0bp6a5u55gxbdadQ,rotational,14.0,"[[0, 7, 1, 4], [2, 6, 7]]",1.0,4.217,1,Fairly conscious/deliberative,Somewhat clear,Quite easy,Rather confident,"I'm not sure if I understood correctly the instruction...
Recalling the position of the flowers in the yesterday's task I chose the pair with shorter distance from the first flower to the second. 
"
Qey5hnzukc0bp6a5u55gxbdadQ,rotational,15.0,"[[6, 7, 1, 4], [2, 6, 5]]",1.0,7.551,1,Fairly conscious/deliberative,Somewhat clear,Quite easy,Rather confident,"I'm not sure if I understood correctly the instruction...
Recalling the position of the flowers in the yesterday's task I chose the pair with shorter distance from the first flower to the second. 
"
Qey5hnzukc0bp6a5u55gxbdadQ,rotational,16.0,"[[7, 1, 4], [1, 7, 6, 5]]",1.0,6.2,0,Fairly conscious/deliberative,Somewhat clear,Quite easy,Rather confident,"I'm not sure if I understood correctly the instruction...
Recalling the position of the flowers in the yesterday's task I chose the pair with shorter distance from the first flower to the second. 
"
Qey5hnzukc0bp6a5u55gxbdadQ,rotational,17.0,"[[5, 6, 7, 1, 4], [0, 7, 1, 4]]",1.0,6.219,1,Fairly conscious/deliberative,Somewhat clear,Quite easy,Rather confident,"I'm not sure if I understood correctly the instruction...
Recalling the position of the flowers in the yesterday's task I chose the pair with shorter distance from the first flower to the second. 
"
Qey5hnzukc0bp6a5u55gxbdadQ,rotational,18.0,"[[7, 6, 2], [0, 7, 1, 4]]",1.0,5.167,0,Fairly conscious/deliberative,Somewhat clear,Quite easy,Rather confident,"I'm not sure if I understood correctly the instruction...
Recalling the position of the flowers in the yesterday's task I chose the pair with shorter distance from the first flower to the second. 
"
Qey5hnzukc0bp6a5u55gxbdadQ,rotational,19.0,"[[3, 5, 6, 7, 1, 4], [4, 1, 7, 6, 2]]",0.0,4.884,0,Fairly conscious/deliberative,Somewhat clear,Quite easy,Rather confident,"I'm not sure if I understood correctly the instruction...
Recalling the position of the flowers in the yesterday's task I chose the pair with shorter distance from the first flower to the second. 
"
Qey5hnzukc0bp6a5u55gxbdadQ,rotational,20.0,"[[1, 7, 6, 5], [6, 7, 1]]",0.0,27.874,0,Fairly conscious/deliberative,Somewhat clear,Quite easy,Rather confident,"I'm not sure if I understood correctly the instruction...
Recalling the position of the flowers in the yesterday's task I chose the pair with shorter distance from the first flower to the second. 
"
Qey5hnzukc0bp6a5u55gxbdadQ,rotational,21.0,"[[6, 7, 1, 4], [3, 5, 6, 7, 0]]",1.0,12.136,0,Fairly conscious/deliberative,Somewhat clear,Quite easy,Rather confident,"I'm not sure if I understood correctly the instruction...
Recalling the position of the flowers in the yesterday's task I chose the pair with shorter distance from the first flower to the second. 
"
Qey5hnzukc0bp6a5u55gxbdadQ,rotational,22.0,"[[0, 7, 6], [4, 1, 7, 0]]",0.0,4.183,1,Fairly conscious/deliberative,Somewhat clear,Quite easy,Rather confident,"I'm not sure if I understood correctly the instruction...
Recalling the position of the flowers in the yesterday's task I chose the pair with shorter distance from the first flower to the second. 
"
Qey5hnzukc0bp6a5u55gxbdadQ,rotational,23.0,"[[2, 6, 5, 3], [6, 7, 1]]",0.0,6.251,0,Fairly conscious/deliberative,Somewhat clear,Quite easy,Rather confident,"I'm not sure if I understood correctly the instruction...
Recalling the position of the flowers in the yesterday's task I chose the pair with shorter distance from the first flower to the second. 
"
Qey5hnzukc0bp6a5u55gxbdadQ,rotational,24.0,"[[0, 7, 6, 2], [3, 5, 6, 7, 0]]",0.0,7.417,1,Fairly conscious/deliberative,Somewhat clear,Quite easy,Rather confident,"I'm not sure if I understood correctly the instruction...
Recalling the position of the flowers in the yesterday's task I chose the pair with shorter distance from the first flower to the second. 
"
Qey5hnzukc0bp6a5u55gxbdadQ,rotational,25.0,"[[2, 6, 7], [6, 7, 1, 4]]",1.0,13.953,0,Fairly conscious/deliberative,Somewhat clear,Quite easy,Rather confident,"I'm not sure if I understood correctly the instruction...
Recalling the position of the flowers in the yesterday's task I chose the pair with shorter distance from the first flower to the second. 
"
Qey5hnzukc0bp6a5u55gxbdadQ,rotational,26.0,"[[2, 6, 7], [3, 5, 6, 7]]",0.0,14.954,1,Fairly conscious/deliberative,Somewhat clear,Quite easy,Rather confident,"I'm not sure if I understood correctly the instruction...
Recalling the position of the flowers in the yesterday's task I chose the pair with shorter distance from the first flower to the second. 
"
Qey5hnzukc0bp6a5u55gxbdadQ,rotational,27.0,"[[6, 5, 3], [2, 6, 7, 1]]",1.0,17.772,0,Fairly conscious/deliberative,Somewhat clear,Quite easy,Rather confident,"I'm not sure if I understood correctly the instruction...
Recalling the position of the flowers in the yesterday's task I chose the pair with shorter distance from the first flower to the second. 
"
Qey5hnzukc0bp6a5u55gxbdadQ,rotational,28.0,"[[1, 7, 6, 5, 3], [5, 6, 7, 1]]",0.0,8.667,0,Fairly conscious/deliberative,Somewhat clear,Quite easy,Rather confident,"I'm not sure if I understood correctly the instruction...
Recalling the position of the flowers in the yesterday's task I chose the pair with shorter distance from the first flower to the second. 
"
Qey5hnzukc0bp6a5u55gxbdadQ,rotational,29.0,"[[3, 5, 6], [6, 7, 1, 4]]",1.0,11.769,0,Fairly conscious/deliberative,Somewhat clear,Quite easy,Rather confident,"I'm not sure if I understood correctly the instruction...
Recalling the position of the flowers in the yesterday's task I chose the pair with shorter distance from the first flower to the second. 
"
Qey5hnzukc0bp6a5u55gxbdadQ,rotational,30.0,"[[2, 6, 5], [0, 7, 1, 4]]",1.0,11.485,0,Fairly conscious/deliberative,Somewhat clear,Quite easy,Rather confident,"I'm not sure if I understood correctly the instruction...
Recalling the position of the flowers in the yesterday's task I chose the pair with shorter distance from the first flower to the second. 
"
Qey5hnzukc0bp6a5u55gxbdadQ,rotational,31.0,"[[1, 7, 6, 2], [0, 7, 1]]",1.0,3.017,1,Fairly conscious/deliberative,Somewhat clear,Quite easy,Rather confident,"I'm not sure if I understood correctly the instruction...
Recalling the position of the flowers in the yesterday's task I chose the pair with shorter distance from the first flower to the second. 
"
Qey5hnzukc0bp6a5u55gxbdadQ,rotational,32.0,"[[5, 6, 7, 1], [7, 6, 5]]",1.0,28.557,1,Fairly conscious/deliberative,Somewhat clear,Quite easy,Rather confident,"I'm not sure if I understood correctly the instruction...
Recalling the position of the flowers in the yesterday's task I chose the pair with shorter distance from the first flower to the second. 
"
Qey5hnzukc0bp6a5u55gxbdadQ,rotational,33.0,"[[1, 7, 0], [4, 1, 7, 6]]",1.0,8.134,0,Fairly conscious/deliberative,Somewhat clear,Quite easy,Rather confident,"I'm not sure if I understood correctly the instruction...
Recalling the position of the flowers in the yesterday's task I chose the pair with shorter distance from the first flower to the second. 
"
Qey5hnzukc0bp6a5u55gxbdadQ,rotational,34.0,"[[3, 5, 6], [2, 6, 7, 0]]",1.0,30.925,0,Fairly conscious/deliberative,Somewhat clear,Quite easy,Rather confident,"I'm not sure if I understood correctly the instruction...
Recalling the position of the flowers in the yesterday's task I chose the pair with shorter distance from the first flower to the second. 
"
Qey5hnzukc0bp6a5u55gxbdadQ,rotational,35.0,"[[0, 7, 1], [0, 7, 6, 2]]",1.0,8.402,0,Fairly conscious/deliberative,Somewhat clear,Quite easy,Rather confident,"I'm not sure if I understood correctly the instruction...
Recalling the position of the flowers in the yesterday's task I chose the pair with shorter distance from the first flower to the second. 
"
Qey5hnzukc0bp6a5u55gxbdadQ,rotational,36.0,"[[5, 6, 7], [4, 1, 7, 6]]",1.0,5.683,0,Fairly conscious/deliberative,Somewhat clear,Quite easy,Rather confident,"I'm not sure if I understood correctly the instruction...
Recalling the position of the flowers in the yesterday's task I chose the pair with shorter distance from the first flower to the second. 
"
Qey5hnzukc0bp6a5u55gxbdadQ,rotational,37.0,"[[6, 7, 1], [0, 7, 6, 5]]",0.0,6.7,1,Fairly conscious/deliberative,Somewhat clear,Quite easy,Rather confident,"I'm not sure if I understood correctly the instruction...
Recalling the position of the flowers in the yesterday's task I chose the pair with shorter distance from the first flower to the second. 
"
Qey5hnzukc0bp6a5u55gxbdadQ,rotational,38.0,"[[5, 6, 2], [3, 5, 6, 2]]",0.0,6.368,1,Fairly conscious/deliberative,Somewhat clear,Quite easy,Rather confident,"I'm not sure if I understood correctly the instruction...
Recalling the position of the flowers in the yesterday's task I chose the pair with shorter distance from the first flower to the second. 
"
Qey5hnzukc0bp6a5u55gxbdadQ,rotational,39.0,"[[2, 6, 7, 0], [7, 1, 4]]",1.0,18.104,1,Fairly conscious/deliberative,Somewhat clear,Quite easy,Rather confident,"I'm not sure if I understood correctly the instruction...
Recalling the position of the flowers in the yesterday's task I chose the pair with shorter distance from the first flower to the second. 
"
Qey5hnzukc0bp6a5u55gxbdadQ,rotational,40.0,"[[7, 6, 5, 3], [4, 1, 7, 6, 5]]",1.0,6.201,0,Fairly conscious/deliberative,Somewhat clear,Quite easy,Rather confident,"I'm not sure if I understood correctly the instruction...
Recalling the position of the flowers in the yesterday's task I chose the pair with shorter distance from the first flower to the second. 
"
Qey5hnzukc0bp6a5u55gxbdadQ,rotational,41.0,"[[2, 6, 5, 3], [1, 7, 0]]",0.0,5.183,0,Fairly conscious/deliberative,Somewhat clear,Quite easy,Rather confident,"I'm not sure if I understood correctly the instruction...
Recalling the position of the flowers in the yesterday's task I chose the pair with shorter distance from the first flower to the second. 
"
Qey5hnzukc0bp6a5u55gxbdadQ,rotational,42.0,"[[5, 6, 2], [2, 6, 7, 1]]",1.0,10.753,0,Fairly conscious/deliberative,Somewhat clear,Quite easy,Rather confident,"I'm not sure if I understood correctly the instruction...
Recalling the position of the flowers in the yesterday's task I chose the pair with shorter distance from the first flower to the second. 
"
Qey5hnzukc0bp6a5u55gxbdadQ,rotational,43.0,"[[5, 6, 7], [1, 7, 6, 2]]",1.0,2.666,0,Fairly conscious/deliberative,Somewhat clear,Quite easy,Rather confident,"I'm not sure if I understood correctly the instruction...
Recalling the position of the flowers in the yesterday's task I chose the pair with shorter distance from the first flower to the second. 
"
Qey5hnzukc0bp6a5u55gxbdadQ,rotational,44.0,"[[0, 7, 6], [3, 5, 6, 2]]",0.0,3.6,1,Fairly conscious/deliberative,Somewhat clear,Quite easy,Rather confident,"I'm not sure if I understood correctly the instruction...
Recalling the position of the flowers in the yesterday's task I chose the pair with shorter distance from the first flower to the second. 
"
Qey5hnzukc0bp6a5u55gxbdadQ,rotational,45.0,"[[5, 6, 7], [2, 6, 7, 0]]",1.0,2.516,0,Fairly conscious/deliberative,Somewhat clear,Quite easy,Rather confident,"I'm not sure if I understood correctly the instruction...
Recalling the position of the flowers in the yesterday's task I chose the pair with shorter distance from the first flower to the second. 
"
Qey5hnzukc0bp6a5u55gxbdadQ,rotational,46.0,"[[4, 1, 7], [5, 6, 7, 0]]",1.0,13.653,0,Fairly conscious/deliberative,Somewhat clear,Quite easy,Rather confident,"I'm not sure if I understood correctly the instruction...
Recalling the position of the flowers in the yesterday's task I chose the pair with shorter distance from the first flower to the second. 
"
Qey5hnzukc0bp6a5u55gxbdadQ,rotational,47.0,"[[2, 6, 7], [1, 7, 6, 2]]",1.0,4.4,0,Fairly conscious/deliberative,Somewhat clear,Quite easy,Rather confident,"I'm not sure if I understood correctly the instruction...
Recalling the position of the flowers in the yesterday's task I chose the pair with shorter distance from the first flower to the second. 
"
Qey5hnzukc0bp6a5u55gxbdadQ,rotational,48.0,"[[3, 5, 6, 2], [4, 1, 7]]",0.0,1.466,0,Fairly conscious/deliberative,Somewhat clear,Quite easy,Rather confident,"I'm not sure if I understood correctly the instruction...
Recalling the position of the flowers in the yesterday's task I chose the pair with shorter distance from the first flower to the second. 
"
Qey5hnzukc0bp6a5u55gxbdadQ,rotational,49.0,"[[5, 6, 7, 1, 4], [6, 7, 1, 4]]",0.0,5.634,0,Fairly conscious/deliberative,Somewhat clear,Quite easy,Rather confident,"I'm not sure if I understood correctly the instruction...
Recalling the position of the flowers in the yesterday's task I chose the pair with shorter distance from the first flower to the second. 
"
Qey5hnzukc0bp6a5u55gxbdadQ,rotational,50.0,"[[1, 7, 6, 5], [7, 1, 4]]",1.0,8.052,1,Fairly conscious/deliberative,Somewhat clear,Quite easy,Rather confident,"I'm not sure if I understood correctly the instruction...
Recalling the position of the flowers in the yesterday's task I chose the pair with shorter distance from the first flower to the second. 
"
Qey5hnzukc0bp6a5u55gxbdadQ,rotational,51.0,"[[0, 7, 1], [2, 6, 7, 1]]",1.0,10.219,0,Fairly conscious/deliberative,Somewhat clear,Quite easy,Rather confident,"I'm not sure if I understood correctly the instruction...
Recalling the position of the flowers in the yesterday's task I chose the pair with shorter distance from the first flower to the second. 
"
Qey5hnzukc0bp6a5u55gxbdadQ,rotational,52.0,"[[5, 6, 7, 0], [2, 6, 7, 1, 4]]",0.0,9.885,1,Fairly conscious/deliberative,Somewhat clear,Quite easy,Rather confident,"I'm not sure if I understood correctly the instruction...
Recalling the position of the flowers in the yesterday's task I chose the pair with shorter distance from the first flower to the second. 
"
Qey5hnzukc0bp6a5u55gxbdadQ,rotational,53.0,"[[3, 5, 6, 7, 0], [2, 6, 7, 1]]",0.0,7.367,0,Fairly conscious/deliberative,Somewhat clear,Quite easy,Rather confident,"I'm not sure if I understood correctly the instruction...
Recalling the position of the flowers in the yesterday's task I chose the pair with shorter distance from the first flower to the second. 
"
Qey5hnzukc0bp6a5u55gxbdadQ,rotational,54.0,"[[3, 5, 6, 7, 1], [3, 5, 6, 2]]",1.0,2.217,1,Fairly conscious/deliberative,Somewhat clear,Quite easy,Rather confident,"I'm not sure if I understood correctly the instruction...
Recalling the position of the flowers in the yesterday's task I chose the pair with shorter distance from the first flower to the second. 
"
Qey5hnzukc0bp6a5u55gxbdadQ,rotational,55.0,"[[3, 5, 6, 7], [4, 1, 7, 6, 5]]",1.0,14.936,0,Fairly conscious/deliberative,Somewhat clear,Quite easy,Rather confident,"I'm not sure if I understood correctly the instruction...
Recalling the position of the flowers in the yesterday's task I chose the pair with shorter distance from the first flower to the second. 
"
Qey5hnzukc0bp6a5u55gxbdadQ,rotational,56.0,"[[1, 7, 6, 5], [6, 5, 3]]",1.0,9.468,1,Fairly conscious/deliberative,Somewhat clear,Quite easy,Rather confident,"I'm not sure if I understood correctly the instruction...
Recalling the position of the flowers in the yesterday's task I chose the pair with shorter distance from the first flower to the second. 
"
Qey5hnzukc0bp6a5u55gxbdadQ,rotational,57.0,"[[7, 1, 4], [1, 7, 6, 2]]",1.0,8.568,0,Fairly conscious/deliberative,Somewhat clear,Quite easy,Rather confident,"I'm not sure if I understood correctly the instruction...
Recalling the position of the flowers in the yesterday's task I chose the pair with shorter distance from the first flower to the second. 
"
Qey5hnzukc0bp6a5u55gxbdadQ,rotational,58.0,"[[4, 1, 7, 6], [6, 5, 3]]",1.0,3.848,1,Fairly conscious/deliberative,Somewhat clear,Quite easy,Rather confident,"I'm not sure if I understood correctly the instruction...
Recalling the position of the flowers in the yesterday's task I chose the pair with shorter distance from the first flower to the second. 
"
Qey5hnzukc0bp6a5u55gxbdadQ,rotational,59.0,"[[5, 6, 7], [4, 1, 7, 0]]",1.0,7.885,0,Fairly conscious/deliberative,Somewhat clear,Quite easy,Rather confident,"I'm not sure if I understood correctly the instruction...
Recalling the position of the flowers in the yesterday's task I chose the pair with shorter distance from the first flower to the second. 
"
Qey5hnzukc0bp6a5u55gxbdadQ,rotational,60.0,"[[4, 1, 7, 0], [6, 5, 3]]",1.0,6.334,1,Fairly conscious/deliberative,Somewhat clear,Quite easy,Rather confident,"I'm not sure if I understood correctly the instruction...
Recalling the position of the flowers in the yesterday's task I chose the pair with shorter distance from the first flower to the second. 
"
Qey5hnzukc0bp6a5u55gxbdadQ,rotational,61.0,"[[5, 6, 7, 0], [5, 6, 2]]",1.0,4.15,1,Fairly conscious/deliberative,Somewhat clear,Quite easy,Rather confident,"I'm not sure if I understood correctly the instruction...
Recalling the position of the flowers in the yesterday's task I chose the pair with shorter distance from the first flower to the second. 
"
Qey5hnzukc0bp6a5u55gxbdadQ,rotational,62.0,"[[3, 5, 6, 7, 1], [4, 1, 7, 6]]",1.0,7.217,1,Fairly conscious/deliberative,Somewhat clear,Quite easy,Rather confident,"I'm not sure if I understood correctly the instruction...
Recalling the position of the flowers in the yesterday's task I chose the pair with shorter distance from the first flower to the second. 
"
Qey5hnzukc0bp6a5u55gxbdadQ,rotational,63.0,"[[6, 7, 1], [1, 7, 6, 2]]",0.0,5.501,1,Fairly conscious/deliberative,Somewhat clear,Quite easy,Rather confident,"I'm not sure if I understood correctly the instruction...
Recalling the position of the flowers in the yesterday's task I chose the pair with shorter distance from the first flower to the second. 
"
Qey5hnzukc0bp6a5u55gxbdadQ,rotational,64.0,"[[1, 7, 0], [1, 7, 6, 5]]",1.0,4.649,0,Fairly conscious/deliberative,Somewhat clear,Quite easy,Rather confident,"I'm not sure if I understood correctly the instruction...
Recalling the position of the flowers in the yesterday's task I chose the pair with shorter distance from the first flower to the second. 
"
Qgf8fzzv6gm2r22lcowi5tkunQ,rotational,0.0,"[[2, 6, 7, 1], [7, 1, 4]]",1.0,0.934,1,Fully conscious/deliberative,Fully clear,Quite easy,Rather confident,Matching the flowers was a bit easy for me because i could remember some of the matching by the bees yesterday. I followed suit to match them today while having the instruction in mind.
Qgf8fzzv6gm2r22lcowi5tkunQ,rotational,1.0,"[[0, 7, 1], [5, 6, 7, 0]]",0.0,1.738,1,Fully conscious/deliberative,Fully clear,Quite easy,Rather confident,Matching the flowers was a bit easy for me because i could remember some of the matching by the bees yesterday. I followed suit to match them today while having the instruction in mind.
Qgf8fzzv6gm2r22lcowi5tkunQ,rotational,2.0,"[[7, 6, 5, 3], [7, 6, 2]]",1.0,16.546,1,Fully conscious/deliberative,Fully clear,Quite easy,Rather confident,Matching the flowers was a bit easy for me because i could remember some of the matching by the bees yesterday. I followed suit to match them today while having the instruction in mind.
Qgf8fzzv6gm2r22lcowi5tkunQ,rotational,3.0,"[[2, 6, 5, 3], [5, 6, 2]]",0.0,0.919,0,Fully conscious/deliberative,Fully clear,Quite easy,Rather confident,Matching the flowers was a bit easy for me because i could remember some of the matching by the bees yesterday. I followed suit to match them today while having the instruction in mind.
Qgf8fzzv6gm2r22lcowi5tkunQ,rotational,4.0,"[[6, 7, 1], [5, 6, 7, 1]]",0.0,0.911,1,Fully conscious/deliberative,Fully clear,Quite easy,Rather confident,Matching the flowers was a bit easy for me because i could remember some of the matching by the bees yesterday. I followed suit to match them today while having the instruction in mind.
Qgf8fzzv6gm2r22lcowi5tkunQ,rotational,5.0,"[[6, 5, 3], [0, 7, 6, 2]]",0.0,1.297,1,Fully conscious/deliberative,Fully clear,Quite easy,Rather confident,Matching the flowers was a bit easy for me because i could remember some of the matching by the bees yesterday. I followed suit to match them today while having the instruction in mind.
Qgf8fzzv6gm2r22lcowi5tkunQ,rotational,6.0,"[[2, 6, 7, 1], [7, 1, 4]]",0.0,0.952,0,Fully conscious/deliberative,Fully clear,Quite easy,Rather confident,Matching the flowers was a bit easy for me because i could remember some of the matching by the bees yesterday. I followed suit to match them today while having the instruction in mind.
Qgf8fzzv6gm2r22lcowi5tkunQ,rotational,7.0,"[[5, 6, 7], [0, 7, 1, 4]]",1.0,1.063,0,Fully conscious/deliberative,Fully clear,Quite easy,Rather confident,Matching the flowers was a bit easy for me because i could remember some of the matching by the bees yesterday. I followed suit to match them today while having the instruction in mind.
Qgf8fzzv6gm2r22lcowi5tkunQ,rotational,8.0,"[[1, 7, 6, 2], [1, 7, 6]]",1.0,0.948,1,Fully conscious/deliberative,Fully clear,Quite easy,Rather confident,Matching the flowers was a bit easy for me because i could remember some of the matching by the bees yesterday. I followed suit to match them today while having the instruction in mind.
Qgf8fzzv6gm2r22lcowi5tkunQ,rotational,9.0,"[[2, 6, 7, 1], [1, 7, 6, 5, 3]]",0.0,1.232,1,Fully conscious/deliberative,Fully clear,Quite easy,Rather confident,Matching the flowers was a bit easy for me because i could remember some of the matching by the bees yesterday. I followed suit to match them today while having the instruction in mind.
Qgf8fzzv6gm2r22lcowi5tkunQ,rotational,10.0,"[[3, 5, 6, 2], [6, 7, 0]]",1.0,1.162,1,Fully conscious/deliberative,Fully clear,Quite easy,Rather confident,Matching the flowers was a bit easy for me because i could remember some of the matching by the bees yesterday. I followed suit to match them today while having the instruction in mind.
Qgf8fzzv6gm2r22lcowi5tkunQ,rotational,11.0,"[[4, 1, 7, 6, 5], [0, 7, 1, 4]]",0.0,0.977,0,Fully conscious/deliberative,Fully clear,Quite easy,Rather confident,Matching the flowers was a bit easy for me because i could remember some of the matching by the bees yesterday. I followed suit to match them today while having the instruction in mind.
Qgf8fzzv6gm2r22lcowi5tkunQ,rotational,12.0,"[[5, 6, 7], [2, 6, 7, 1]]",0.0,3.94,1,Fully conscious/deliberative,Fully clear,Quite easy,Rather confident,Matching the flowers was a bit easy for me because i could remember some of the matching by the bees yesterday. I followed suit to match them today while having the instruction in mind.
Qgf8fzzv6gm2r22lcowi5tkunQ,rotational,13.0,"[[5, 6, 7], [0, 7, 6, 5]]",1.0,220.977,0,Fully conscious/deliberative,Fully clear,Quite easy,Rather confident,Matching the flowers was a bit easy for me because i could remember some of the matching by the bees yesterday. I followed suit to match them today while having the instruction in mind.
Qgf8fzzv6gm2r22lcowi5tkunQ,rotational,14.0,"[[1, 7, 6, 5, 3], [3, 5, 6, 2]]",1.0,1.442,1,Fully conscious/deliberative,Fully clear,Quite easy,Rather confident,Matching the flowers was a bit easy for me because i could remember some of the matching by the bees yesterday. I followed suit to match them today while having the instruction in mind.
Qgf8fzzv6gm2r22lcowi5tkunQ,rotational,15.0,"[[5, 6, 7, 0], [2, 6, 7, 1, 4]]",1.0,1.368,0,Fully conscious/deliberative,Fully clear,Quite easy,Rather confident,Matching the flowers was a bit easy for me because i could remember some of the matching by the bees yesterday. I followed suit to match them today while having the instruction in mind.
Qgf8fzzv6gm2r22lcowi5tkunQ,rotational,16.0,"[[4, 1, 7, 6, 5], [4, 1, 7, 6]]",1.0,1.63,1,Fully conscious/deliberative,Fully clear,Quite easy,Rather confident,Matching the flowers was a bit easy for me because i could remember some of the matching by the bees yesterday. I followed suit to match them today while having the instruction in mind.
Qgf8fzzv6gm2r22lcowi5tkunQ,rotational,17.0,"[[7, 6, 2], [4, 1, 7, 6]]",0.0,1.836,1,Fully conscious/deliberative,Fully clear,Quite easy,Rather confident,Matching the flowers was a bit easy for me because i could remember some of the matching by the bees yesterday. I followed suit to match them today while having the instruction in mind.
Qgf8fzzv6gm2r22lcowi5tkunQ,rotational,18.0,"[[1, 7, 6, 2], [0, 7, 1]]",1.0,2.545,1,Fully conscious/deliberative,Fully clear,Quite easy,Rather confident,Matching the flowers was a bit easy for me because i could remember some of the matching by the bees yesterday. I followed suit to match them today while having the instruction in mind.
Qgf8fzzv6gm2r22lcowi5tkunQ,rotational,19.0,"[[6, 7, 1, 4], [3, 5, 6, 7, 0]]",1.0,1.42,0,Fully conscious/deliberative,Fully clear,Quite easy,Rather confident,Matching the flowers was a bit easy for me because i could remember some of the matching by the bees yesterday. I followed suit to match them today while having the instruction in mind.
Qgf8fzzv6gm2r22lcowi5tkunQ,rotational,20.0,"[[1, 7, 6, 5, 3], [1, 7, 6, 5]]",1.0,1.076,1,Fully conscious/deliberative,Fully clear,Quite easy,Rather confident,Matching the flowers was a bit easy for me because i could remember some of the matching by the bees yesterday. I followed suit to match them today while having the instruction in mind.
Qgf8fzzv6gm2r22lcowi5tkunQ,rotational,21.0,"[[2, 6, 7, 1], [0, 7, 6, 5, 3]]",0.0,25.666,1,Fully conscious/deliberative,Fully clear,Quite easy,Rather confident,Matching the flowers was a bit easy for me because i could remember some of the matching by the bees yesterday. I followed suit to match them today while having the instruction in mind.
Qgf8fzzv6gm2r22lcowi5tkunQ,rotational,22.0,"[[5, 6, 7], [6, 7, 1, 4]]",0.0,26.758,1,Fully conscious/deliberative,Fully clear,Quite easy,Rather confident,Matching the flowers was a bit easy for me because i could remember some of the matching by the bees yesterday. I followed suit to match them today while having the instruction in mind.
Qgf8fzzv6gm2r22lcowi5tkunQ,rotational,23.0,"[[1, 7, 6, 5], [7, 6, 5]]",0.0,91.952,0,Fully conscious/deliberative,Fully clear,Quite easy,Rather confident,Matching the flowers was a bit easy for me because i could remember some of the matching by the bees yesterday. I followed suit to match them today while having the instruction in mind.
Qgf8fzzv6gm2r22lcowi5tkunQ,rotational,24.0,"[[2, 6, 7, 1, 4], [2, 6, 5, 3]]",1.0,1.561,1,Fully conscious/deliberative,Fully clear,Quite easy,Rather confident,Matching the flowers was a bit easy for me because i could remember some of the matching by the bees yesterday. I followed suit to match them today while having the instruction in mind.
Qgf8fzzv6gm2r22lcowi5tkunQ,rotational,25.0,"[[2, 6, 5], [7, 6, 5, 3]]",1.0,2.626,0,Fully conscious/deliberative,Fully clear,Quite easy,Rather confident,Matching the flowers was a bit easy for me because i could remember some of the matching by the bees yesterday. I followed suit to match them today while having the instruction in mind.
Qgf8fzzv6gm2r22lcowi5tkunQ,rotational,26.0,"[[4, 1, 7, 0], [4, 1, 7, 6, 2]]",0.0,100.808,1,Fully conscious/deliberative,Fully clear,Quite easy,Rather confident,Matching the flowers was a bit easy for me because i could remember some of the matching by the bees yesterday. I followed suit to match them today while having the instruction in mind.
Qgf8fzzv6gm2r22lcowi5tkunQ,rotational,27.0,"[[6, 7, 0], [0, 7, 6, 5]]",1.0,2.197,0,Fully conscious/deliberative,Fully clear,Quite easy,Rather confident,Matching the flowers was a bit easy for me because i could remember some of the matching by the bees yesterday. I followed suit to match them today while having the instruction in mind.
Qgf8fzzv6gm2r22lcowi5tkunQ,rotational,28.0,"[[3, 5, 6, 2], [4, 1, 7]]",1.0,2.486,1,Fully conscious/deliberative,Fully clear,Quite easy,Rather confident,Matching the flowers was a bit easy for me because i could remember some of the matching by the bees yesterday. I followed suit to match them today while having the instruction in mind.
Qgf8fzzv6gm2r22lcowi5tkunQ,rotational,29.0,"[[5, 6, 7, 1], [2, 6, 5]]",0.0,4.402,0,Fully conscious/deliberative,Fully clear,Quite easy,Rather confident,Matching the flowers was a bit easy for me because i could remember some of the matching by the bees yesterday. I followed suit to match them today while having the instruction in mind.
Qgf8fzzv6gm2r22lcowi5tkunQ,rotational,30.0,"[[0, 7, 6, 2], [1, 7, 0]]",1.0,1.965,1,Fully conscious/deliberative,Fully clear,Quite easy,Rather confident,Matching the flowers was a bit easy for me because i could remember some of the matching by the bees yesterday. I followed suit to match them today while having the instruction in mind.
Qgf8fzzv6gm2r22lcowi5tkunQ,rotational,31.0,"[[1, 7, 6, 2], [3, 5, 6]]",1.0,6.228,1,Fully conscious/deliberative,Fully clear,Quite easy,Rather confident,Matching the flowers was a bit easy for me because i could remember some of the matching by the bees yesterday. I followed suit to match them today while having the instruction in mind.
Qgf8fzzv6gm2r22lcowi5tkunQ,rotational,32.0,"[[5, 6, 7], [2, 6, 5, 3]]",1.0,6.885,0,Fully conscious/deliberative,Fully clear,Quite easy,Rather confident,Matching the flowers was a bit easy for me because i could remember some of the matching by the bees yesterday. I followed suit to match them today while having the instruction in mind.
Qgf8fzzv6gm2r22lcowi5tkunQ,rotational,33.0,"[[4, 1, 7, 6], [6, 5, 3]]",0.0,2.328,0,Fully conscious/deliberative,Fully clear,Quite easy,Rather confident,Matching the flowers was a bit easy for me because i could remember some of the matching by the bees yesterday. I followed suit to match them today while having the instruction in mind.
Qgf8fzzv6gm2r22lcowi5tkunQ,rotational,34.0,"[[2, 6, 5], [4, 1, 7, 6]]",1.0,3.305,0,Fully conscious/deliberative,Fully clear,Quite easy,Rather confident,Matching the flowers was a bit easy for me because i could remember some of the matching by the bees yesterday. I followed suit to match them today while having the instruction in mind.
Qgf8fzzv6gm2r22lcowi5tkunQ,rotational,35.0,"[[0, 7, 1, 4], [6, 7, 1]]",0.0,6.299,0,Fully conscious/deliberative,Fully clear,Quite easy,Rather confident,Matching the flowers was a bit easy for me because i could remember some of the matching by the bees yesterday. I followed suit to match them today while having the instruction in mind.
Qgf8fzzv6gm2r22lcowi5tkunQ,rotational,36.0,"[[7, 1, 4], [5, 6, 7, 0]]",1.0,31.841,0,Fully conscious/deliberative,Fully clear,Quite easy,Rather confident,Matching the flowers was a bit easy for me because i could remember some of the matching by the bees yesterday. I followed suit to match them today while having the instruction in mind.
Qgf8fzzv6gm2r22lcowi5tkunQ,rotational,37.0,"[[6, 7, 1], [5, 6, 7, 0]]",0.0,12.799,1,Fully conscious/deliberative,Fully clear,Quite easy,Rather confident,Matching the flowers was a bit easy for me because i could remember some of the matching by the bees yesterday. I followed suit to match them today while having the instruction in mind.
Qgf8fzzv6gm2r22lcowi5tkunQ,rotational,38.0,"[[7, 6, 5, 3], [4, 1, 7, 6, 5]]",1.0,3.099,0,Fully conscious/deliberative,Fully clear,Quite easy,Rather confident,Matching the flowers was a bit easy for me because i could remember some of the matching by the bees yesterday. I followed suit to match them today while having the instruction in mind.
Qgf8fzzv6gm2r22lcowi5tkunQ,rotational,39.0,"[[3, 5, 6], [4, 1, 7, 6]]",1.0,6.162,0,Fully conscious/deliberative,Fully clear,Quite easy,Rather confident,Matching the flowers was a bit easy for me because i could remember some of the matching by the bees yesterday. I followed suit to match them today while having the instruction in mind.
Qgf8fzzv6gm2r22lcowi5tkunQ,rotational,40.0,"[[4, 1, 7, 0], [2, 6, 7]]",1.0,2.288,1,Fully conscious/deliberative,Fully clear,Quite easy,Rather confident,Matching the flowers was a bit easy for me because i could remember some of the matching by the bees yesterday. I followed suit to match them today while having the instruction in mind.
Qgf8fzzv6gm2r22lcowi5tkunQ,rotational,41.0,"[[7, 6, 5, 3], [4, 1, 7, 6, 2]]",0.0,26.682,1,Fully conscious/deliberative,Fully clear,Quite easy,Rather confident,Matching the flowers was a bit easy for me because i could remember some of the matching by the bees yesterday. I followed suit to match them today while having the instruction in mind.
Qgf8fzzv6gm2r22lcowi5tkunQ,rotational,42.0,"[[1, 7, 6, 5, 3], [4, 1, 7, 6]]",1.0,8.891,1,Fully conscious/deliberative,Fully clear,Quite easy,Rather confident,Matching the flowers was a bit easy for me because i could remember some of the matching by the bees yesterday. I followed suit to match them today while having the instruction in mind.
Qgf8fzzv6gm2r22lcowi5tkunQ,rotational,43.0,"[[2, 6, 7], [0, 7, 1, 4]]",0.0,1.331,1,Fully conscious/deliberative,Fully clear,Quite easy,Rather confident,Matching the flowers was a bit easy for me because i could remember some of the matching by the bees yesterday. I followed suit to match them today while having the instruction in mind.
Qgf8fzzv6gm2r22lcowi5tkunQ,rotational,44.0,"[[0, 7, 1, 4], [6, 7, 0]]",0.0,1.384,0,Fully conscious/deliberative,Fully clear,Quite easy,Rather confident,Matching the flowers was a bit easy for me because i could remember some of the matching by the bees yesterday. I followed suit to match them today while having the instruction in mind.
Qgf8fzzv6gm2r22lcowi5tkunQ,rotational,45.0,"[[5, 6, 7, 1], [7, 1, 4]]",1.0,6.8,1,Fully conscious/deliberative,Fully clear,Quite easy,Rather confident,Matching the flowers was a bit easy for me because i could remember some of the matching by the bees yesterday. I followed suit to match them today while having the instruction in mind.
Qgf8fzzv6gm2r22lcowi5tkunQ,rotational,46.0,"[[2, 6, 7], [1, 7, 6, 2]]",0.0,13.394,1,Fully conscious/deliberative,Fully clear,Quite easy,Rather confident,Matching the flowers was a bit easy for me because i could remember some of the matching by the bees yesterday. I followed suit to match them today while having the instruction in mind.
Qgf8fzzv6gm2r22lcowi5tkunQ,rotational,47.0,"[[0, 7, 6, 2], [7, 6, 5]]",1.0,2.511,1,Fully conscious/deliberative,Fully clear,Quite easy,Rather confident,Matching the flowers was a bit easy for me because i could remember some of the matching by the bees yesterday. I followed suit to match them today while having the instruction in mind.
Qgf8fzzv6gm2r22lcowi5tkunQ,rotational,48.0,"[[7, 6, 5, 3], [5, 6, 7, 1, 4]]",1.0,2.241,0,Fully conscious/deliberative,Fully clear,Quite easy,Rather confident,Matching the flowers was a bit easy for me because i could remember some of the matching by the bees yesterday. I followed suit to match them today while having the instruction in mind.
Qgf8fzzv6gm2r22lcowi5tkunQ,rotational,49.0,"[[6, 7, 1, 4], [2, 6, 7]]",0.0,38.575,0,Fully conscious/deliberative,Fully clear,Quite easy,Rather confident,Matching the flowers was a bit easy for me because i could remember some of the matching by the bees yesterday. I followed suit to match them today while having the instruction in mind.
Qgf8fzzv6gm2r22lcowi5tkunQ,rotational,50.0,"[[5, 6, 2], [4, 1, 7, 0]]",1.0,23.804,0,Fully conscious/deliberative,Fully clear,Quite easy,Rather confident,Matching the flowers was a bit easy for me because i could remember some of the matching by the bees yesterday. I followed suit to match them today while having the instruction in mind.
Qgf8fzzv6gm2r22lcowi5tkunQ,rotational,51.0,"[[5, 6, 7, 1], [7, 6, 2]]",1.0,2.359,1,Fully conscious/deliberative,Fully clear,Quite easy,Rather confident,Matching the flowers was a bit easy for me because i could remember some of the matching by the bees yesterday. I followed suit to match them today while having the instruction in mind.
Qgf8fzzv6gm2r22lcowi5tkunQ,rotational,52.0,"[[0, 7, 6, 5], [2, 6, 5]]",0.0,1.806,0,Fully conscious/deliberative,Fully clear,Quite easy,Rather confident,Matching the flowers was a bit easy for me because i could remember some of the matching by the bees yesterday. I followed suit to match them today while having the instruction in mind.
Qgf8fzzv6gm2r22lcowi5tkunQ,rotational,53.0,"[[2, 6, 7, 0], [4, 1, 7]]",1.0,1.759,1,Fully conscious/deliberative,Fully clear,Quite easy,Rather confident,Matching the flowers was a bit easy for me because i could remember some of the matching by the bees yesterday. I followed suit to match them today while having the instruction in mind.
Qgf8fzzv6gm2r22lcowi5tkunQ,rotational,54.0,"[[3, 5, 6, 2], [1, 7, 0]]",0.0,1.429,0,Fully conscious/deliberative,Fully clear,Quite easy,Rather confident,Matching the flowers was a bit easy for me because i could remember some of the matching by the bees yesterday. I followed suit to match them today while having the instruction in mind.
Qgf8fzzv6gm2r22lcowi5tkunQ,rotational,55.0,"[[2, 6, 5], [2, 6, 7, 1]]",1.0,2.025,0,Fully conscious/deliberative,Fully clear,Quite easy,Rather confident,Matching the flowers was a bit easy for me because i could remember some of the matching by the bees yesterday. I followed suit to match them today while having the instruction in mind.
Qgf8fzzv6gm2r22lcowi5tkunQ,rotational,56.0,"[[7, 1, 4], [1, 7, 6, 5]]",1.0,1.395,0,Fully conscious/deliberative,Fully clear,Quite easy,Rather confident,Matching the flowers was a bit easy for me because i could remember some of the matching by the bees yesterday. I followed suit to match them today while having the instruction in mind.
Qgf8fzzv6gm2r22lcowi5tkunQ,rotational,57.0,"[[0, 7, 6, 5, 3], [0, 7, 6, 2]]",1.0,2.117,1,Fully conscious/deliberative,Fully clear,Quite easy,Rather confident,Matching the flowers was a bit easy for me because i could remember some of the matching by the bees yesterday. I followed suit to match them today while having the instruction in mind.
Qgf8fzzv6gm2r22lcowi5tkunQ,rotational,58.0,"[[5, 6, 7, 1], [6, 5, 3]]",0.0,1.53,0,Fully conscious/deliberative,Fully clear,Quite easy,Rather confident,Matching the flowers was a bit easy for me because i could remember some of the matching by the bees yesterday. I followed suit to match them today while having the instruction in mind.
Qgf8fzzv6gm2r22lcowi5tkunQ,rotational,59.0,"[[4, 1, 7, 0], [3, 5, 6]]",1.0,1.367,1,Fully conscious/deliberative,Fully clear,Quite easy,Rather confident,Matching the flowers was a bit easy for me because i could remember some of the matching by the bees yesterday. I followed suit to match them today while having the instruction in mind.
Qgf8fzzv6gm2r22lcowi5tkunQ,rotational,60.0,"[[1, 7, 6, 5], [1, 7, 0]]",0.0,1.975,0,Fully conscious/deliberative,Fully clear,Quite easy,Rather confident,Matching the flowers was a bit easy for me because i could remember some of the matching by the bees yesterday. I followed suit to match them today while having the instruction in mind.
Qgf8fzzv6gm2r22lcowi5tkunQ,rotational,61.0,"[[6, 7, 1], [3, 5, 6, 2]]",1.0,0.579,0,Fully conscious/deliberative,Fully clear,Quite easy,Rather confident,Matching the flowers was a bit easy for me because i could remember some of the matching by the bees yesterday. I followed suit to match them today while having the instruction in mind.
Qgf8fzzv6gm2r22lcowi5tkunQ,rotational,62.0,"[[0, 7, 1], [2, 6, 7, 1]]",1.0,1.246,0,Fully conscious/deliberative,Fully clear,Quite easy,Rather confident,Matching the flowers was a bit easy for me because i could remember some of the matching by the bees yesterday. I followed suit to match them today while having the instruction in mind.
Qgf8fzzv6gm2r22lcowi5tkunQ,rotational,63.0,"[[2, 6, 7, 1, 4], [3, 5, 6, 7, 1, 4]]",0.0,1.31,1,Fully conscious/deliberative,Fully clear,Quite easy,Rather confident,Matching the flowers was a bit easy for me because i could remember some of the matching by the bees yesterday. I followed suit to match them today while having the instruction in mind.
Qgf8fzzv6gm2r22lcowi5tkunQ,rotational,64.0,"[[1, 7, 0], [4, 1, 7, 6]]",1.0,0.976,0,Fully conscious/deliberative,Fully clear,Quite easy,Rather confident,Matching the flowers was a bit easy for me because i could remember some of the matching by the bees yesterday. I followed suit to match them today while having the instruction in mind.
Qjprh0fplk6izv5grn327rvqdQ,rotational,0.0,"[[7, 6, 5], [2, 6, 7, 1]]",1.0,7.518,0,Fairly intuitive/unconscious,Somewhat clear,Hard,Rather unconfident,I memorized the connections by saying them out load during the first test and now I plus minus intuitively solved the task by also using the mentioned strategy
Qjprh0fplk6izv5grn327rvqdQ,rotational,1.0,"[[2, 6, 7, 0], [0, 7, 1]]",1.0,28.887,1,Fairly intuitive/unconscious,Somewhat clear,Hard,Rather unconfident,I memorized the connections by saying them out load during the first test and now I plus minus intuitively solved the task by also using the mentioned strategy
Qjprh0fplk6izv5grn327rvqdQ,rotational,2.0,"[[1, 7, 6, 5], [3, 5, 6, 7, 1]]",0.0,8.88,1,Fairly intuitive/unconscious,Somewhat clear,Hard,Rather unconfident,I memorized the connections by saying them out load during the first test and now I plus minus intuitively solved the task by also using the mentioned strategy
Qjprh0fplk6izv5grn327rvqdQ,rotational,3.0,"[[3, 5, 6], [2, 6, 7, 1]]",1.0,3.017,0,Fairly intuitive/unconscious,Somewhat clear,Hard,Rather unconfident,I memorized the connections by saying them out load during the first test and now I plus minus intuitively solved the task by also using the mentioned strategy
Qjprh0fplk6izv5grn327rvqdQ,rotational,0.0,"[[5, 6, 2], [5, 6, 7, 0]]",0.0,22.397,1,Fairly intuitive/unconscious,Somewhat clear,Hard,Rather unconfident,I memorized the connections by saying them out load during the first test and now I plus minus intuitively solved the task by also using the mentioned strategy
Qjprh0fplk6izv5grn327rvqdQ,rotational,1.0,"[[1, 7, 6, 2], [0, 7, 1]]",1.0,5.015,1,Fairly intuitive/unconscious,Somewhat clear,Hard,Rather unconfident,I memorized the connections by saying them out load during the first test and now I plus minus intuitively solved the task by also using the mentioned strategy
Qjprh0fplk6izv5grn327rvqdQ,rotational,2.0,"[[0, 7, 1, 4], [2, 6, 7, 1, 4]]",1.0,2.188,0,Fairly intuitive/unconscious,Somewhat clear,Hard,Rather unconfident,I memorized the connections by saying them out load during the first test and now I plus minus intuitively solved the task by also using the mentioned strategy
Qjprh0fplk6izv5grn327rvqdQ,rotational,3.0,"[[0, 7, 1, 4], [5, 6, 7]]",1.0,5.024,1,Fairly intuitive/unconscious,Somewhat clear,Hard,Rather unconfident,I memorized the connections by saying them out load during the first test and now I plus minus intuitively solved the task by also using the mentioned strategy
Qjprh0fplk6izv5grn327rvqdQ,rotational,4.0,"[[4, 1, 7], [1, 7, 6, 2]]",1.0,4.609,0,Fairly intuitive/unconscious,Somewhat clear,Hard,Rather unconfident,I memorized the connections by saying them out load during the first test and now I plus minus intuitively solved the task by also using the mentioned strategy
Qjprh0fplk6izv5grn327rvqdQ,rotational,5.0,"[[0, 7, 1], [4, 1, 7, 6]]",1.0,5.052,0,Fairly intuitive/unconscious,Somewhat clear,Hard,Rather unconfident,I memorized the connections by saying them out load during the first test and now I plus minus intuitively solved the task by also using the mentioned strategy
Qjprh0fplk6izv5grn327rvqdQ,rotational,6.0,"[[4, 1, 7, 6, 2], [0, 7, 6, 5]]",1.0,56.259,1,Fairly intuitive/unconscious,Somewhat clear,Hard,Rather unconfident,I memorized the connections by saying them out load during the first test and now I plus minus intuitively solved the task by also using the mentioned strategy
Qjprh0fplk6izv5grn327rvqdQ,rotational,7.0,"[[2, 6, 5], [3, 5, 6, 2]]",1.0,3.134,0,Fairly intuitive/unconscious,Somewhat clear,Hard,Rather unconfident,I memorized the connections by saying them out load during the first test and now I plus minus intuitively solved the task by also using the mentioned strategy
Qjprh0fplk6izv5grn327rvqdQ,rotational,8.0,"[[0, 7, 6], [3, 5, 6, 2]]",0.0,51.934,1,Fairly intuitive/unconscious,Somewhat clear,Hard,Rather unconfident,I memorized the connections by saying them out load during the first test and now I plus minus intuitively solved the task by also using the mentioned strategy
Qjprh0fplk6izv5grn327rvqdQ,rotational,9.0,"[[2, 6, 7, 1], [6, 7, 1]]",1.0,2.91,1,Fairly intuitive/unconscious,Somewhat clear,Hard,Rather unconfident,I memorized the connections by saying them out load during the first test and now I plus minus intuitively solved the task by also using the mentioned strategy
Qjprh0fplk6izv5grn327rvqdQ,rotational,10.0,"[[1, 7, 6, 2], [3, 5, 6, 7, 0]]",0.0,56.121,1,Fairly intuitive/unconscious,Somewhat clear,Hard,Rather unconfident,I memorized the connections by saying them out load during the first test and now I plus minus intuitively solved the task by also using the mentioned strategy
Qjprh0fplk6izv5grn327rvqdQ,rotational,11.0,"[[0, 7, 1], [3, 5, 6, 2]]",1.0,92.516,0,Fairly intuitive/unconscious,Somewhat clear,Hard,Rather unconfident,I memorized the connections by saying them out load during the first test and now I plus minus intuitively solved the task by also using the mentioned strategy
Qjprh0fplk6izv5grn327rvqdQ,rotational,12.0,"[[7, 1, 4], [5, 6, 7, 1]]",1.0,21.381,0,Fairly intuitive/unconscious,Somewhat clear,Hard,Rather unconfident,I memorized the connections by saying them out load during the first test and now I plus minus intuitively solved the task by also using the mentioned strategy
Qjprh0fplk6izv5grn327rvqdQ,rotational,13.0,"[[1, 7, 0], [1, 7, 6, 2]]",1.0,32.209,0,Fairly intuitive/unconscious,Somewhat clear,Hard,Rather unconfident,I memorized the connections by saying them out load during the first test and now I plus minus intuitively solved the task by also using the mentioned strategy
Qjprh0fplk6izv5grn327rvqdQ,rotational,14.0,"[[1, 7, 6, 2], [7, 6, 2]]",1.0,15.277,1,Fairly intuitive/unconscious,Somewhat clear,Hard,Rather unconfident,I memorized the connections by saying them out load during the first test and now I plus minus intuitively solved the task by also using the mentioned strategy
Qjprh0fplk6izv5grn327rvqdQ,rotational,15.0,"[[1, 7, 6, 5, 3], [6, 7, 1, 4]]",1.0,36.429,1,Fairly intuitive/unconscious,Somewhat clear,Hard,Rather unconfident,I memorized the connections by saying them out load during the first test and now I plus minus intuitively solved the task by also using the mentioned strategy
Qjprh0fplk6izv5grn327rvqdQ,rotational,16.0,"[[2, 6, 5, 3], [5, 6, 7]]",0.0,38.357,0,Fairly intuitive/unconscious,Somewhat clear,Hard,Rather unconfident,I memorized the connections by saying them out load during the first test and now I plus minus intuitively solved the task by also using the mentioned strategy
Qjprh0fplk6izv5grn327rvqdQ,rotational,17.0,"[[4, 1, 7], [5, 6, 7, 1]]",1.0,60.209,0,Fairly intuitive/unconscious,Somewhat clear,Hard,Rather unconfident,I memorized the connections by saying them out load during the first test and now I plus minus intuitively solved the task by also using the mentioned strategy
Qjprh0fplk6izv5grn327rvqdQ,rotational,18.0,"[[4, 1, 7, 0], [7, 6, 2]]",1.0,59.247,1,Fairly intuitive/unconscious,Somewhat clear,Hard,Rather unconfident,I memorized the connections by saying them out load during the first test and now I plus minus intuitively solved the task by also using the mentioned strategy
Qjprh0fplk6izv5grn327rvqdQ,rotational,19.0,"[[7, 6, 5, 3], [4, 1, 7, 6, 2]]",1.0,167.302,0,Fairly intuitive/unconscious,Somewhat clear,Hard,Rather unconfident,I memorized the connections by saying them out load during the first test and now I plus minus intuitively solved the task by also using the mentioned strategy
Qjprh0fplk6izv5grn327rvqdQ,rotational,20.0,"[[3, 5, 6], [5, 6, 7, 1]]",1.0,21.454,0,Fairly intuitive/unconscious,Somewhat clear,Hard,Rather unconfident,I memorized the connections by saying them out load during the first test and now I plus minus intuitively solved the task by also using the mentioned strategy
Qjprh0fplk6izv5grn327rvqdQ,rotational,21.0,"[[4, 1, 7, 6], [7, 6, 2]]",1.0,21.483,1,Fairly intuitive/unconscious,Somewhat clear,Hard,Rather unconfident,I memorized the connections by saying them out load during the first test and now I plus minus intuitively solved the task by also using the mentioned strategy
Qjprh0fplk6izv5grn327rvqdQ,rotational,22.0,"[[1, 7, 6, 2], [1, 7, 6, 5, 3]]",1.0,43.523,0,Fairly intuitive/unconscious,Somewhat clear,Hard,Rather unconfident,I memorized the connections by saying them out load during the first test and now I plus minus intuitively solved the task by also using the mentioned strategy
Qjprh0fplk6izv5grn327rvqdQ,rotational,23.0,"[[0, 7, 6, 2], [6, 5, 3]]",1.0,22.032,1,Fairly intuitive/unconscious,Somewhat clear,Hard,Rather unconfident,I memorized the connections by saying them out load during the first test and now I plus minus intuitively solved the task by also using the mentioned strategy
Qjprh0fplk6izv5grn327rvqdQ,rotational,24.0,"[[3, 5, 6, 2], [1, 7, 6]]",1.0,12.964,1,Fairly intuitive/unconscious,Somewhat clear,Hard,Rather unconfident,I memorized the connections by saying them out load during the first test and now I plus minus intuitively solved the task by also using the mentioned strategy
Qjprh0fplk6izv5grn327rvqdQ,rotational,25.0,"[[7, 6, 5], [5, 6, 7, 1]]",1.0,35.051,0,Fairly intuitive/unconscious,Somewhat clear,Hard,Rather unconfident,I memorized the connections by saying them out load during the first test and now I plus minus intuitively solved the task by also using the mentioned strategy
Qjprh0fplk6izv5grn327rvqdQ,rotational,26.0,"[[2, 6, 7, 0], [7, 6, 5]]",1.0,22.217,1,Fairly intuitive/unconscious,Somewhat clear,Hard,Rather unconfident,I memorized the connections by saying them out load during the first test and now I plus minus intuitively solved the task by also using the mentioned strategy
Qjprh0fplk6izv5grn327rvqdQ,rotational,27.0,"[[5, 6, 7, 1, 4], [3, 5, 6, 7]]",1.0,42.406,1,Fairly intuitive/unconscious,Somewhat clear,Hard,Rather unconfident,I memorized the connections by saying them out load during the first test and now I plus minus intuitively solved the task by also using the mentioned strategy
Qjprh0fplk6izv5grn327rvqdQ,rotational,28.0,"[[2, 6, 5], [5, 6, 7, 1]]",1.0,10.149,0,Fairly intuitive/unconscious,Somewhat clear,Hard,Rather unconfident,I memorized the connections by saying them out load during the first test and now I plus minus intuitively solved the task by also using the mentioned strategy
Qjprh0fplk6izv5grn327rvqdQ,rotational,29.0,"[[6, 7, 1], [5, 6, 7, 0]]",1.0,15.474,0,Fairly intuitive/unconscious,Somewhat clear,Hard,Rather unconfident,I memorized the connections by saying them out load during the first test and now I plus minus intuitively solved the task by also using the mentioned strategy
Qjprh0fplk6izv5grn327rvqdQ,rotational,30.0,"[[3, 5, 6, 7, 1], [5, 6, 7, 1]]",1.0,38.679,1,Fairly intuitive/unconscious,Somewhat clear,Hard,Rather unconfident,I memorized the connections by saying them out load during the first test and now I plus minus intuitively solved the task by also using the mentioned strategy
Qjprh0fplk6izv5grn327rvqdQ,rotational,31.0,"[[7, 6, 5, 3], [2, 6, 7]]",0.0,80.496,0,Fairly intuitive/unconscious,Somewhat clear,Hard,Rather unconfident,I memorized the connections by saying them out load during the first test and now I plus minus intuitively solved the task by also using the mentioned strategy
Qjprh0fplk6izv5grn327rvqdQ,rotational,32.0,"[[5, 6, 2], [4, 1, 7, 0]]",1.0,10.197,0,Fairly intuitive/unconscious,Somewhat clear,Hard,Rather unconfident,I memorized the connections by saying them out load during the first test and now I plus minus intuitively solved the task by also using the mentioned strategy
Qjprh0fplk6izv5grn327rvqdQ,rotational,33.0,"[[5, 6, 7, 0], [6, 7, 0]]",1.0,6.977,1,Fairly intuitive/unconscious,Somewhat clear,Hard,Rather unconfident,I memorized the connections by saying them out load during the first test and now I plus minus intuitively solved the task by also using the mentioned strategy
Qjprh0fplk6izv5grn327rvqdQ,rotational,34.0,"[[1, 7, 0], [2, 6, 7, 0]]",1.0,52.467,0,Fairly intuitive/unconscious,Somewhat clear,Hard,Rather unconfident,I memorized the connections by saying them out load during the first test and now I plus minus intuitively solved the task by also using the mentioned strategy
Qjprh0fplk6izv5grn327rvqdQ,rotational,35.0,"[[6, 7, 1, 4], [4, 1, 7, 6, 5]]",0.0,25.518,1,Fairly intuitive/unconscious,Somewhat clear,Hard,Rather unconfident,I memorized the connections by saying them out load during the first test and now I plus minus intuitively solved the task by also using the mentioned strategy
Qjprh0fplk6izv5grn327rvqdQ,rotational,36.0,"[[5, 6, 7, 1], [2, 6, 7]]",1.0,0.627,1,Fairly intuitive/unconscious,Somewhat clear,Hard,Rather unconfident,I memorized the connections by saying them out load during the first test and now I plus minus intuitively solved the task by also using the mentioned strategy
Qjprh0fplk6izv5grn327rvqdQ,rotational,37.0,"[[1, 7, 6, 2], [7, 1, 4]]",0.0,0.891,0,Fairly intuitive/unconscious,Somewhat clear,Hard,Rather unconfident,I memorized the connections by saying them out load during the first test and now I plus minus intuitively solved the task by also using the mentioned strategy
Qjprh0fplk6izv5grn327rvqdQ,rotational,38.0,"[[0, 7, 1, 4], [6, 7, 1]]",1.0,23.119,1,Fairly intuitive/unconscious,Somewhat clear,Hard,Rather unconfident,I memorized the connections by saying them out load during the first test and now I plus minus intuitively solved the task by also using the mentioned strategy
Qjprh0fplk6izv5grn327rvqdQ,rotational,39.0,"[[7, 6, 5, 3], [5, 6, 2]]",0.0,1.492,0,Fairly intuitive/unconscious,Somewhat clear,Hard,Rather unconfident,I memorized the connections by saying them out load during the first test and now I plus minus intuitively solved the task by also using the mentioned strategy
Qjprh0fplk6izv5grn327rvqdQ,rotational,40.0,"[[0, 7, 6], [4, 1, 7, 0]]",1.0,0.807,0,Fairly intuitive/unconscious,Somewhat clear,Hard,Rather unconfident,I memorized the connections by saying them out load during the first test and now I plus minus intuitively solved the task by also using the mentioned strategy
Qjprh0fplk6izv5grn327rvqdQ,rotational,41.0,"[[3, 5, 6, 2], [7, 1, 4]]",0.0,0.526,0,Fairly intuitive/unconscious,Somewhat clear,Hard,Rather unconfident,I memorized the connections by saying them out load during the first test and now I plus minus intuitively solved the task by also using the mentioned strategy
Qjprh0fplk6izv5grn327rvqdQ,rotational,42.0,"[[0, 7, 6, 2], [0, 7, 6, 5, 3]]",1.0,0.639,0,Fairly intuitive/unconscious,Somewhat clear,Hard,Rather unconfident,I memorized the connections by saying them out load during the first test and now I plus minus intuitively solved the task by also using the mentioned strategy
Qjprh0fplk6izv5grn327rvqdQ,rotational,43.0,"[[1, 7, 6, 2], [6, 5, 3]]",1.0,1.365,1,Fairly intuitive/unconscious,Somewhat clear,Hard,Rather unconfident,I memorized the connections by saying them out load during the first test and now I plus minus intuitively solved the task by also using the mentioned strategy
Qjprh0fplk6izv5grn327rvqdQ,rotational,44.0,"[[4, 1, 7, 6, 2], [2, 6, 5, 3]]",0.0,1.715,0,Fairly intuitive/unconscious,Somewhat clear,Hard,Rather unconfident,I memorized the connections by saying them out load during the first test and now I plus minus intuitively solved the task by also using the mentioned strategy
Qjprh0fplk6izv5grn327rvqdQ,rotational,45.0,"[[4, 1, 7, 6, 5], [4, 1, 7, 0]]",1.0,1.328,1,Fairly intuitive/unconscious,Somewhat clear,Hard,Rather unconfident,I memorized the connections by saying them out load during the first test and now I plus minus intuitively solved the task by also using the mentioned strategy
Qjprh0fplk6izv5grn327rvqdQ,rotational,46.0,"[[5, 6, 7, 1], [1, 7, 6]]",1.0,1.491,1,Fairly intuitive/unconscious,Somewhat clear,Hard,Rather unconfident,I memorized the connections by saying them out load during the first test and now I plus minus intuitively solved the task by also using the mentioned strategy
Qjprh0fplk6izv5grn327rvqdQ,rotational,47.0,"[[2, 6, 7], [0, 7, 1, 4]]",0.0,1.583,1,Fairly intuitive/unconscious,Somewhat clear,Hard,Rather unconfident,I memorized the connections by saying them out load during the first test and now I plus minus intuitively solved the task by also using the mentioned strategy
Qjprh0fplk6izv5grn327rvqdQ,rotational,48.0,"[[7, 6, 2], [4, 1, 7, 6]]",1.0,2.048,0,Fairly intuitive/unconscious,Somewhat clear,Hard,Rather unconfident,I memorized the connections by saying them out load during the first test and now I plus minus intuitively solved the task by also using the mentioned strategy
Qjprh0fplk6izv5grn327rvqdQ,rotational,49.0,"[[3, 5, 6], [4, 1, 7, 6]]",1.0,2.213,0,Fairly intuitive/unconscious,Somewhat clear,Hard,Rather unconfident,I memorized the connections by saying them out load during the first test and now I plus minus intuitively solved the task by also using the mentioned strategy
Qjprh0fplk6izv5grn327rvqdQ,rotational,50.0,"[[5, 6, 7, 1, 4], [3, 5, 6, 7]]",0.0,2.087,0,Fairly intuitive/unconscious,Somewhat clear,Hard,Rather unconfident,I memorized the connections by saying them out load during the first test and now I plus minus intuitively solved the task by also using the mentioned strategy
Qjprh0fplk6izv5grn327rvqdQ,rotational,51.0,"[[1, 7, 0], [1, 7, 6, 5]]",1.0,15.225,0,Fairly intuitive/unconscious,Somewhat clear,Hard,Rather unconfident,I memorized the connections by saying them out load during the first test and now I plus minus intuitively solved the task by also using the mentioned strategy
Qjprh0fplk6izv5grn327rvqdQ,rotational,52.0,"[[6, 7, 1, 4], [0, 7, 6, 5, 3]]",0.0,6.159,1,Fairly intuitive/unconscious,Somewhat clear,Hard,Rather unconfident,I memorized the connections by saying them out load during the first test and now I plus minus intuitively solved the task by also using the mentioned strategy
Qjprh0fplk6izv5grn327rvqdQ,rotational,53.0,"[[7, 6, 5], [5, 6, 7, 0]]",0.0,1.879,1,Fairly intuitive/unconscious,Somewhat clear,Hard,Rather unconfident,I memorized the connections by saying them out load during the first test and now I plus minus intuitively solved the task by also using the mentioned strategy
Qjprh0fplk6izv5grn327rvqdQ,rotational,54.0,"[[5, 6, 2], [2, 6, 7, 1]]",1.0,1.637,0,Fairly intuitive/unconscious,Somewhat clear,Hard,Rather unconfident,I memorized the connections by saying them out load during the first test and now I plus minus intuitively solved the task by also using the mentioned strategy
Qjprh0fplk6izv5grn327rvqdQ,rotational,55.0,"[[7, 1, 4], [0, 7, 6, 5]]",1.0,0.948,0,Fairly intuitive/unconscious,Somewhat clear,Hard,Rather unconfident,I memorized the connections by saying them out load during the first test and now I plus minus intuitively solved the task by also using the mentioned strategy
Qjprh0fplk6izv5grn327rvqdQ,rotational,56.0,"[[5, 6, 7], [4, 1, 7, 6]]",0.0,2.232,1,Fairly intuitive/unconscious,Somewhat clear,Hard,Rather unconfident,I memorized the connections by saying them out load during the first test and now I plus minus intuitively solved the task by also using the mentioned strategy
Qjprh0fplk6izv5grn327rvqdQ,rotational,57.0,"[[0, 7, 6, 2], [4, 1, 7]]",0.0,1.287,0,Fairly intuitive/unconscious,Somewhat clear,Hard,Rather unconfident,I memorized the connections by saying them out load during the first test and now I plus minus intuitively solved the task by also using the mentioned strategy
Qjprh0fplk6izv5grn327rvqdQ,rotational,58.0,"[[6, 5, 3], [0, 7, 1, 4]]",1.0,1.759,0,Fairly intuitive/unconscious,Somewhat clear,Hard,Rather unconfident,I memorized the connections by saying them out load during the first test and now I plus minus intuitively solved the task by also using the mentioned strategy
Qjprh0fplk6izv5grn327rvqdQ,rotational,59.0,"[[2, 6, 5, 3], [3, 5, 6, 7, 1]]",0.0,1.587,1,Fairly intuitive/unconscious,Somewhat clear,Hard,Rather unconfident,I memorized the connections by saying them out load during the first test and now I plus minus intuitively solved the task by also using the mentioned strategy
Qjprh0fplk6izv5grn327rvqdQ,rotational,60.0,"[[4, 1, 7, 6, 2], [4, 1, 7, 6, 5, 3]]",1.0,1.212,0,Fairly intuitive/unconscious,Somewhat clear,Hard,Rather unconfident,I memorized the connections by saying them out load during the first test and now I plus minus intuitively solved the task by also using the mentioned strategy
Qjprh0fplk6izv5grn327rvqdQ,rotational,61.0,"[[0, 7, 1], [5, 6, 7, 0]]",1.0,0.849,0,Fairly intuitive/unconscious,Somewhat clear,Hard,Rather unconfident,I memorized the connections by saying them out load during the first test and now I plus minus intuitively solved the task by also using the mentioned strategy
Qjprh0fplk6izv5grn327rvqdQ,rotational,62.0,"[[4, 1, 7, 6], [2, 6, 5]]",0.0,0.879,0,Fairly intuitive/unconscious,Somewhat clear,Hard,Rather unconfident,I memorized the connections by saying them out load during the first test and now I plus minus intuitively solved the task by also using the mentioned strategy
Qjprh0fplk6izv5grn327rvqdQ,rotational,63.0,"[[5, 6, 7], [2, 6, 7, 1]]",1.0,0.82,0,Fairly intuitive/unconscious,Somewhat clear,Hard,Rather unconfident,I memorized the connections by saying them out load during the first test and now I plus minus intuitively solved the task by also using the mentioned strategy
Qjprh0fplk6izv5grn327rvqdQ,rotational,64.0,"[[6, 7, 1, 4], [6, 5, 3]]",1.0,1.027,1,Fairly intuitive/unconscious,Somewhat clear,Hard,Rather unconfident,I memorized the connections by saying them out load during the first test and now I plus minus intuitively solved the task by also using the mentioned strategy
Qkazkzg0kqtgpufn4k4ccnex3Q,rotational,0.0,"[[5, 6, 7, 1], [7, 6, 2]]",1.0,23.017,1,Fairly intuitive/unconscious,Somewhat clear,Quite hard,Rather unconfident,"I chose the colours with the most combinations, f.e. yellow and purple have more combinations than the other colours, so statistically seem, they are more likely to have easier combinations."
Qkazkzg0kqtgpufn4k4ccnex3Q,rotational,1.0,"[[0, 7, 6, 5, 3], [2, 6, 7, 1]]",1.0,9.381,1,Fairly intuitive/unconscious,Somewhat clear,Quite hard,Rather unconfident,"I chose the colours with the most combinations, f.e. yellow and purple have more combinations than the other colours, so statistically seem, they are more likely to have easier combinations."
Qkazkzg0kqtgpufn4k4ccnex3Q,rotational,2.0,"[[2, 6, 5, 3], [2, 6, 7, 1, 4]]",1.0,22.078,0,Fairly intuitive/unconscious,Somewhat clear,Quite hard,Rather unconfident,"I chose the colours with the most combinations, f.e. yellow and purple have more combinations than the other colours, so statistically seem, they are more likely to have easier combinations."
Qkazkzg0kqtgpufn4k4ccnex3Q,rotational,3.0,"[[3, 5, 6], [4, 1, 7, 6]]",1.0,8.76,0,Fairly intuitive/unconscious,Somewhat clear,Quite hard,Rather unconfident,"I chose the colours with the most combinations, f.e. yellow and purple have more combinations than the other colours, so statistically seem, they are more likely to have easier combinations."
Qkazkzg0kqtgpufn4k4ccnex3Q,rotational,4.0,"[[6, 7, 1, 4], [4, 1, 7, 6, 5]]",0.0,1.686,1,Fairly intuitive/unconscious,Somewhat clear,Quite hard,Rather unconfident,"I chose the colours with the most combinations, f.e. yellow and purple have more combinations than the other colours, so statistically seem, they are more likely to have easier combinations."
Qkazkzg0kqtgpufn4k4ccnex3Q,rotational,5.0,"[[5, 6, 7], [4, 1, 7, 0]]",1.0,6.787,0,Fairly intuitive/unconscious,Somewhat clear,Quite hard,Rather unconfident,"I chose the colours with the most combinations, f.e. yellow and purple have more combinations than the other colours, so statistically seem, they are more likely to have easier combinations."
Qkazkzg0kqtgpufn4k4ccnex3Q,rotational,6.0,"[[7, 1, 4], [2, 6, 7, 1]]",0.0,1.095,1,Fairly intuitive/unconscious,Somewhat clear,Quite hard,Rather unconfident,"I chose the colours with the most combinations, f.e. yellow and purple have more combinations than the other colours, so statistically seem, they are more likely to have easier combinations."
Qkazkzg0kqtgpufn4k4ccnex3Q,rotational,7.0,"[[4, 1, 7, 6], [7, 6, 2]]",1.0,1.679,1,Fairly intuitive/unconscious,Somewhat clear,Quite hard,Rather unconfident,"I chose the colours with the most combinations, f.e. yellow and purple have more combinations than the other colours, so statistically seem, they are more likely to have easier combinations."
Qkazkzg0kqtgpufn4k4ccnex3Q,rotational,8.0,"[[1, 7, 6, 5], [0, 7, 1]]",0.0,2.881,0,Fairly intuitive/unconscious,Somewhat clear,Quite hard,Rather unconfident,"I chose the colours with the most combinations, f.e. yellow and purple have more combinations than the other colours, so statistically seem, they are more likely to have easier combinations."
Qkazkzg0kqtgpufn4k4ccnex3Q,rotational,9.0,"[[0, 7, 6], [0, 7, 6, 5]]",1.0,3.006,0,Fairly intuitive/unconscious,Somewhat clear,Quite hard,Rather unconfident,"I chose the colours with the most combinations, f.e. yellow and purple have more combinations than the other colours, so statistically seem, they are more likely to have easier combinations."
Qkazkzg0kqtgpufn4k4ccnex3Q,rotational,10.0,"[[7, 1, 4], [1, 7, 6, 2]]",0.0,1.759,1,Fairly intuitive/unconscious,Somewhat clear,Quite hard,Rather unconfident,"I chose the colours with the most combinations, f.e. yellow and purple have more combinations than the other colours, so statistically seem, they are more likely to have easier combinations."
Qkazkzg0kqtgpufn4k4ccnex3Q,rotational,11.0,"[[5, 6, 7, 1], [7, 1, 4]]",0.0,1.918,0,Fairly intuitive/unconscious,Somewhat clear,Quite hard,Rather unconfident,"I chose the colours with the most combinations, f.e. yellow and purple have more combinations than the other colours, so statistically seem, they are more likely to have easier combinations."
Qkazkzg0kqtgpufn4k4ccnex3Q,rotational,12.0,"[[0, 7, 6, 5], [7, 6, 5]]",1.0,4.515,1,Fairly intuitive/unconscious,Somewhat clear,Quite hard,Rather unconfident,"I chose the colours with the most combinations, f.e. yellow and purple have more combinations than the other colours, so statistically seem, they are more likely to have easier combinations."
Qkazkzg0kqtgpufn4k4ccnex3Q,rotational,13.0,"[[1, 7, 6, 2], [0, 7, 1]]",0.0,2.139,0,Fairly intuitive/unconscious,Somewhat clear,Quite hard,Rather unconfident,"I chose the colours with the most combinations, f.e. yellow and purple have more combinations than the other colours, so statistically seem, they are more likely to have easier combinations."
Qkazkzg0kqtgpufn4k4ccnex3Q,rotational,14.0,"[[0, 7, 6, 5, 3], [2, 6, 7, 0]]",1.0,1.607,1,Fairly intuitive/unconscious,Somewhat clear,Quite hard,Rather unconfident,"I chose the colours with the most combinations, f.e. yellow and purple have more combinations than the other colours, so statistically seem, they are more likely to have easier combinations."
Qkazkzg0kqtgpufn4k4ccnex3Q,rotational,15.0,"[[5, 6, 2], [4, 1, 7, 0]]",1.0,3.537,0,Fairly intuitive/unconscious,Somewhat clear,Quite hard,Rather unconfident,"I chose the colours with the most combinations, f.e. yellow and purple have more combinations than the other colours, so statistically seem, they are more likely to have easier combinations."
Qkazkzg0kqtgpufn4k4ccnex3Q,rotational,16.0,"[[2, 6, 7], [0, 7, 1, 4]]",1.0,1.112,0,Fairly intuitive/unconscious,Somewhat clear,Quite hard,Rather unconfident,"I chose the colours with the most combinations, f.e. yellow and purple have more combinations than the other colours, so statistically seem, they are more likely to have easier combinations."
Qkazkzg0kqtgpufn4k4ccnex3Q,rotational,17.0,"[[2, 6, 5, 3], [0, 7, 1]]",1.0,1.389,1,Fairly intuitive/unconscious,Somewhat clear,Quite hard,Rather unconfident,"I chose the colours with the most combinations, f.e. yellow and purple have more combinations than the other colours, so statistically seem, they are more likely to have easier combinations."
Qkazkzg0kqtgpufn4k4ccnex3Q,rotational,18.0,"[[5, 6, 7, 1, 4], [3, 5, 6, 7]]",1.0,1.14,1,Fairly intuitive/unconscious,Somewhat clear,Quite hard,Rather unconfident,"I chose the colours with the most combinations, f.e. yellow and purple have more combinations than the other colours, so statistically seem, they are more likely to have easier combinations."
Qkazkzg0kqtgpufn4k4ccnex3Q,rotational,19.0,"[[3, 5, 6, 7, 1], [2, 6, 5, 3]]",1.0,5.091,1,Fairly intuitive/unconscious,Somewhat clear,Quite hard,Rather unconfident,"I chose the colours with the most combinations, f.e. yellow and purple have more combinations than the other colours, so statistically seem, they are more likely to have easier combinations."
Qkazkzg0kqtgpufn4k4ccnex3Q,rotational,20.0,"[[4, 1, 7, 0], [2, 6, 7]]",1.0,1.243,1,Fairly intuitive/unconscious,Somewhat clear,Quite hard,Rather unconfident,"I chose the colours with the most combinations, f.e. yellow and purple have more combinations than the other colours, so statistically seem, they are more likely to have easier combinations."
Qkazkzg0kqtgpufn4k4ccnex3Q,rotational,21.0,"[[3, 5, 6, 7], [7, 6, 2]]",0.0,1.672,0,Fairly intuitive/unconscious,Somewhat clear,Quite hard,Rather unconfident,"I chose the colours with the most combinations, f.e. yellow and purple have more combinations than the other colours, so statistically seem, they are more likely to have easier combinations."
Qkazkzg0kqtgpufn4k4ccnex3Q,rotational,22.0,"[[3, 5, 6, 7, 0], [4, 1, 7, 6]]",0.0,1.834,0,Fairly intuitive/unconscious,Somewhat clear,Quite hard,Rather unconfident,"I chose the colours with the most combinations, f.e. yellow and purple have more combinations than the other colours, so statistically seem, they are more likely to have easier combinations."
Qkazkzg0kqtgpufn4k4ccnex3Q,rotational,23.0,"[[7, 1, 4], [5, 6, 7, 0]]",1.0,3.898,0,Fairly intuitive/unconscious,Somewhat clear,Quite hard,Rather unconfident,"I chose the colours with the most combinations, f.e. yellow and purple have more combinations than the other colours, so statistically seem, they are more likely to have easier combinations."
Qkazkzg0kqtgpufn4k4ccnex3Q,rotational,24.0,"[[7, 1, 4], [2, 6, 7, 0]]",1.0,1.632,0,Fairly intuitive/unconscious,Somewhat clear,Quite hard,Rather unconfident,"I chose the colours with the most combinations, f.e. yellow and purple have more combinations than the other colours, so statistically seem, they are more likely to have easier combinations."
Qkazkzg0kqtgpufn4k4ccnex3Q,rotational,25.0,"[[5, 6, 7, 1], [4, 1, 7]]",0.0,3.446,0,Fairly intuitive/unconscious,Somewhat clear,Quite hard,Rather unconfident,"I chose the colours with the most combinations, f.e. yellow and purple have more combinations than the other colours, so statistically seem, they are more likely to have easier combinations."
Qkazkzg0kqtgpufn4k4ccnex3Q,rotational,26.0,"[[6, 7, 1, 4], [2, 6, 5]]",1.0,1.084,1,Fairly intuitive/unconscious,Somewhat clear,Quite hard,Rather unconfident,"I chose the colours with the most combinations, f.e. yellow and purple have more combinations than the other colours, so statistically seem, they are more likely to have easier combinations."
Qkazkzg0kqtgpufn4k4ccnex3Q,rotational,27.0,"[[1, 7, 6, 2], [2, 6, 5]]",0.0,2.667,0,Fairly intuitive/unconscious,Somewhat clear,Quite hard,Rather unconfident,"I chose the colours with the most combinations, f.e. yellow and purple have more combinations than the other colours, so statistically seem, they are more likely to have easier combinations."
Qkazkzg0kqtgpufn4k4ccnex3Q,rotational,28.0,"[[6, 5, 3], [4, 1, 7, 6]]",1.0,1.316,0,Fairly intuitive/unconscious,Somewhat clear,Quite hard,Rather unconfident,"I chose the colours with the most combinations, f.e. yellow and purple have more combinations than the other colours, so statistically seem, they are more likely to have easier combinations."
Qkazkzg0kqtgpufn4k4ccnex3Q,rotational,29.0,"[[1, 7, 6, 5, 3], [2, 6, 7, 1]]",0.0,1.383,0,Fairly intuitive/unconscious,Somewhat clear,Quite hard,Rather unconfident,"I chose the colours with the most combinations, f.e. yellow and purple have more combinations than the other colours, so statistically seem, they are more likely to have easier combinations."
Qkazkzg0kqtgpufn4k4ccnex3Q,rotational,30.0,"[[1, 7, 6], [1, 7, 6, 2]]",1.0,1.849,0,Fairly intuitive/unconscious,Somewhat clear,Quite hard,Rather unconfident,"I chose the colours with the most combinations, f.e. yellow and purple have more combinations than the other colours, so statistically seem, they are more likely to have easier combinations."
Qkazkzg0kqtgpufn4k4ccnex3Q,rotational,31.0,"[[5, 6, 7], [1, 7, 6, 2]]",0.0,1.776,1,Fairly intuitive/unconscious,Somewhat clear,Quite hard,Rather unconfident,"I chose the colours with the most combinations, f.e. yellow and purple have more combinations than the other colours, so statistically seem, they are more likely to have easier combinations."
Qkazkzg0kqtgpufn4k4ccnex3Q,rotational,32.0,"[[0, 7, 6, 5], [1, 7, 6]]",1.0,1.28,1,Fairly intuitive/unconscious,Somewhat clear,Quite hard,Rather unconfident,"I chose the colours with the most combinations, f.e. yellow and purple have more combinations than the other colours, so statistically seem, they are more likely to have easier combinations."
Qkazkzg0kqtgpufn4k4ccnex3Q,rotational,33.0,"[[0, 7, 6, 2], [3, 5, 6]]",1.0,1.44,1,Fairly intuitive/unconscious,Somewhat clear,Quite hard,Rather unconfident,"I chose the colours with the most combinations, f.e. yellow and purple have more combinations than the other colours, so statistically seem, they are more likely to have easier combinations."
Qkazkzg0kqtgpufn4k4ccnex3Q,rotational,34.0,"[[1, 7, 0], [2, 6, 7, 1]]",0.0,3.853,1,Fairly intuitive/unconscious,Somewhat clear,Quite hard,Rather unconfident,"I chose the colours with the most combinations, f.e. yellow and purple have more combinations than the other colours, so statistically seem, they are more likely to have easier combinations."
Qkazkzg0kqtgpufn4k4ccnex3Q,rotational,35.0,"[[6, 7, 0], [2, 6, 5, 3]]",0.0,1.345,1,Fairly intuitive/unconscious,Somewhat clear,Quite hard,Rather unconfident,"I chose the colours with the most combinations, f.e. yellow and purple have more combinations than the other colours, so statistically seem, they are more likely to have easier combinations."
Qkazkzg0kqtgpufn4k4ccnex3Q,rotational,36.0,"[[6, 7, 1, 4], [1, 7, 6, 5, 3]]",0.0,1.154,1,Fairly intuitive/unconscious,Somewhat clear,Quite hard,Rather unconfident,"I chose the colours with the most combinations, f.e. yellow and purple have more combinations than the other colours, so statistically seem, they are more likely to have easier combinations."
Qkazkzg0kqtgpufn4k4ccnex3Q,rotational,37.0,"[[5, 6, 2], [3, 5, 6, 2]]",1.0,2.018,0,Fairly intuitive/unconscious,Somewhat clear,Quite hard,Rather unconfident,"I chose the colours with the most combinations, f.e. yellow and purple have more combinations than the other colours, so statistically seem, they are more likely to have easier combinations."
Qkazkzg0kqtgpufn4k4ccnex3Q,rotational,38.0,"[[4, 1, 7, 6, 5, 3], [2, 6, 7, 1, 4]]",1.0,2.217,1,Fairly intuitive/unconscious,Somewhat clear,Quite hard,Rather unconfident,"I chose the colours with the most combinations, f.e. yellow and purple have more combinations than the other colours, so statistically seem, they are more likely to have easier combinations."
Qkazkzg0kqtgpufn4k4ccnex3Q,rotational,39.0,"[[7, 6, 2], [4, 1, 7, 6]]",1.0,7.032,0,Fairly intuitive/unconscious,Somewhat clear,Quite hard,Rather unconfident,"I chose the colours with the most combinations, f.e. yellow and purple have more combinations than the other colours, so statistically seem, they are more likely to have easier combinations."
Qkazkzg0kqtgpufn4k4ccnex3Q,rotational,40.0,"[[7, 6, 5, 3], [2, 6, 7, 1, 4]]",0.0,3.516,1,Fairly intuitive/unconscious,Somewhat clear,Quite hard,Rather unconfident,"I chose the colours with the most combinations, f.e. yellow and purple have more combinations than the other colours, so statistically seem, they are more likely to have easier combinations."
Qkazkzg0kqtgpufn4k4ccnex3Q,rotational,41.0,"[[1, 7, 6, 5], [1, 7, 6]]",1.0,2.432,1,Fairly intuitive/unconscious,Somewhat clear,Quite hard,Rather unconfident,"I chose the colours with the most combinations, f.e. yellow and purple have more combinations than the other colours, so statistically seem, they are more likely to have easier combinations."
Qkazkzg0kqtgpufn4k4ccnex3Q,rotational,42.0,"[[5, 6, 7, 1], [7, 6, 5]]",0.0,8.563,0,Fairly intuitive/unconscious,Somewhat clear,Quite hard,Rather unconfident,"I chose the colours with the most combinations, f.e. yellow and purple have more combinations than the other colours, so statistically seem, they are more likely to have easier combinations."
Qkazkzg0kqtgpufn4k4ccnex3Q,rotational,43.0,"[[6, 7, 1, 4], [0, 7, 1]]",1.0,1.581,1,Fairly intuitive/unconscious,Somewhat clear,Quite hard,Rather unconfident,"I chose the colours with the most combinations, f.e. yellow and purple have more combinations than the other colours, so statistically seem, they are more likely to have easier combinations."
Qkazkzg0kqtgpufn4k4ccnex3Q,rotational,44.0,"[[4, 1, 7, 0], [4, 1, 7, 6, 2]]",0.0,2.499,1,Fairly intuitive/unconscious,Somewhat clear,Quite hard,Rather unconfident,"I chose the colours with the most combinations, f.e. yellow and purple have more combinations than the other colours, so statistically seem, they are more likely to have easier combinations."
Qkazkzg0kqtgpufn4k4ccnex3Q,rotational,45.0,"[[4, 1, 7, 0], [1, 7, 6]]",1.0,1.948,1,Fairly intuitive/unconscious,Somewhat clear,Quite hard,Rather unconfident,"I chose the colours with the most combinations, f.e. yellow and purple have more combinations than the other colours, so statistically seem, they are more likely to have easier combinations."
Qkazkzg0kqtgpufn4k4ccnex3Q,rotational,46.0,"[[1, 7, 6, 5], [5, 6, 2]]",0.0,2.307,0,Fairly intuitive/unconscious,Somewhat clear,Quite hard,Rather unconfident,"I chose the colours with the most combinations, f.e. yellow and purple have more combinations than the other colours, so statistically seem, they are more likely to have easier combinations."
Qkazkzg0kqtgpufn4k4ccnex3Q,rotational,47.0,"[[6, 5, 3], [1, 7, 6, 2]]",1.0,3.235,0,Fairly intuitive/unconscious,Somewhat clear,Quite hard,Rather unconfident,"I chose the colours with the most combinations, f.e. yellow and purple have more combinations than the other colours, so statistically seem, they are more likely to have easier combinations."
Qkazkzg0kqtgpufn4k4ccnex3Q,rotational,48.0,"[[2, 6, 7, 0], [5, 6, 7]]",0.0,2.264,0,Fairly intuitive/unconscious,Somewhat clear,Quite hard,Rather unconfident,"I chose the colours with the most combinations, f.e. yellow and purple have more combinations than the other colours, so statistically seem, they are more likely to have easier combinations."
Qkazkzg0kqtgpufn4k4ccnex3Q,rotational,49.0,"[[1, 7, 6, 5, 3], [5, 6, 7, 1]]",1.0,1.434,1,Fairly intuitive/unconscious,Somewhat clear,Quite hard,Rather unconfident,"I chose the colours with the most combinations, f.e. yellow and purple have more combinations than the other colours, so statistically seem, they are more likely to have easier combinations."
Qkazkzg0kqtgpufn4k4ccnex3Q,rotational,50.0,"[[3, 5, 6, 2], [1, 7, 6]]",1.0,1.346,1,Fairly intuitive/unconscious,Somewhat clear,Quite hard,Rather unconfident,"I chose the colours with the most combinations, f.e. yellow and purple have more combinations than the other colours, so statistically seem, they are more likely to have easier combinations."
Qkazkzg0kqtgpufn4k4ccnex3Q,rotational,51.0,"[[3, 5, 6, 7], [4, 1, 7, 6, 5]]",1.0,1.486,0,Fairly intuitive/unconscious,Somewhat clear,Quite hard,Rather unconfident,"I chose the colours with the most combinations, f.e. yellow and purple have more combinations than the other colours, so statistically seem, they are more likely to have easier combinations."
Qkazkzg0kqtgpufn4k4ccnex3Q,rotational,52.0,"[[5, 6, 2], [7, 6, 5, 3]]",1.0,9.909,0,Fairly intuitive/unconscious,Somewhat clear,Quite hard,Rather unconfident,"I chose the colours with the most combinations, f.e. yellow and purple have more combinations than the other colours, so statistically seem, they are more likely to have easier combinations."
Qkazkzg0kqtgpufn4k4ccnex3Q,rotational,53.0,"[[2, 6, 5], [0, 7, 6, 5]]",1.0,2.699,0,Fairly intuitive/unconscious,Somewhat clear,Quite hard,Rather unconfident,"I chose the colours with the most combinations, f.e. yellow and purple have more combinations than the other colours, so statistically seem, they are more likely to have easier combinations."
Qkazkzg0kqtgpufn4k4ccnex3Q,rotational,54.0,"[[4, 1, 7, 0], [0, 7, 6]]",1.0,1.488,1,Fairly intuitive/unconscious,Somewhat clear,Quite hard,Rather unconfident,"I chose the colours with the most combinations, f.e. yellow and purple have more combinations than the other colours, so statistically seem, they are more likely to have easier combinations."
Qkazkzg0kqtgpufn4k4ccnex3Q,rotational,55.0,"[[3, 5, 6], [5, 6, 7, 1]]",0.0,2.517,1,Fairly intuitive/unconscious,Somewhat clear,Quite hard,Rather unconfident,"I chose the colours with the most combinations, f.e. yellow and purple have more combinations than the other colours, so statistically seem, they are more likely to have easier combinations."
Qkazkzg0kqtgpufn4k4ccnex3Q,rotational,56.0,"[[0, 7, 6, 5], [0, 7, 1]]",1.0,10.131,1,Fairly intuitive/unconscious,Somewhat clear,Quite hard,Rather unconfident,"I chose the colours with the most combinations, f.e. yellow and purple have more combinations than the other colours, so statistically seem, they are more likely to have easier combinations."
Qkazkzg0kqtgpufn4k4ccnex3Q,rotational,57.0,"[[6, 5, 3], [0, 7, 1, 4]]",1.0,2.456,0,Fairly intuitive/unconscious,Somewhat clear,Quite hard,Rather unconfident,"I chose the colours with the most combinations, f.e. yellow and purple have more combinations than the other colours, so statistically seem, they are more likely to have easier combinations."
Qkazkzg0kqtgpufn4k4ccnex3Q,rotational,58.0,"[[1, 7, 0], [2, 6, 7, 0]]",1.0,2.307,0,Fairly intuitive/unconscious,Somewhat clear,Quite hard,Rather unconfident,"I chose the colours with the most combinations, f.e. yellow and purple have more combinations than the other colours, so statistically seem, they are more likely to have easier combinations."
Qkazkzg0kqtgpufn4k4ccnex3Q,rotational,59.0,"[[4, 1, 7], [3, 5, 6, 2]]",0.0,4.496,1,Fairly intuitive/unconscious,Somewhat clear,Quite hard,Rather unconfident,"I chose the colours with the most combinations, f.e. yellow and purple have more combinations than the other colours, so statistically seem, they are more likely to have easier combinations."
Qkazkzg0kqtgpufn4k4ccnex3Q,rotational,60.0,"[[1, 7, 6, 2], [2, 6, 7]]",1.0,4.121,1,Fairly intuitive/unconscious,Somewhat clear,Quite hard,Rather unconfident,"I chose the colours with the most combinations, f.e. yellow and purple have more combinations than the other colours, so statistically seem, they are more likely to have easier combinations."
Qkazkzg0kqtgpufn4k4ccnex3Q,rotational,61.0,"[[4, 1, 7, 0], [5, 6, 7, 1, 4]]",0.0,2.897,1,Fairly intuitive/unconscious,Somewhat clear,Quite hard,Rather unconfident,"I chose the colours with the most combinations, f.e. yellow and purple have more combinations than the other colours, so statistically seem, they are more likely to have easier combinations."
Qkazkzg0kqtgpufn4k4ccnex3Q,rotational,62.0,"[[7, 6, 5], [4, 1, 7, 6]]",0.0,1.854,1,Fairly intuitive/unconscious,Somewhat clear,Quite hard,Rather unconfident,"I chose the colours with the most combinations, f.e. yellow and purple have more combinations than the other colours, so statistically seem, they are more likely to have easier combinations."
Qkazkzg0kqtgpufn4k4ccnex3Q,rotational,63.0,"[[7, 6, 5], [2, 6, 5, 3]]",1.0,1.645,0,Fairly intuitive/unconscious,Somewhat clear,Quite hard,Rather unconfident,"I chose the colours with the most combinations, f.e. yellow and purple have more combinations than the other colours, so statistically seem, they are more likely to have easier combinations."
Qkazkzg0kqtgpufn4k4ccnex3Q,rotational,64.0,"[[4, 1, 7, 6, 2], [0, 7, 6, 5]]",1.0,1.936,1,Fairly intuitive/unconscious,Somewhat clear,Quite hard,Rather unconfident,"I chose the colours with the most combinations, f.e. yellow and purple have more combinations than the other colours, so statistically seem, they are more likely to have easier combinations."
Qkj4o1bnzet5qookggquvu9w8Q,rotational,0.0,"[[7, 6, 5, 3], [5, 6, 2]]",1.0,28.114,1,Fully conscious/deliberative,Somewhat clear,Quite easy,Rather confident,I made sure to not use navy flowers 
Qkj4o1bnzet5qookggquvu9w8Q,rotational,1.0,"[[7, 6, 2], [5, 6, 7, 1]]",1.0,11.055,0,Fully conscious/deliberative,Somewhat clear,Quite easy,Rather confident,I made sure to not use navy flowers 
Qkj4o1bnzet5qookggquvu9w8Q,rotational,2.0,"[[1, 7, 6, 2], [3, 5, 6]]",0.0,11.135,0,Fully conscious/deliberative,Somewhat clear,Quite easy,Rather confident,I made sure to not use navy flowers 
Qkj4o1bnzet5qookggquvu9w8Q,rotational,3.0,"[[0, 7, 1], [2, 6, 7, 0]]",1.0,5.262,0,Fully conscious/deliberative,Somewhat clear,Quite easy,Rather confident,I made sure to not use navy flowers 
Qkj4o1bnzet5qookggquvu9w8Q,rotational,4.0,"[[0, 7, 1], [2, 6, 5, 3]]",1.0,4.287,0,Fully conscious/deliberative,Somewhat clear,Quite easy,Rather confident,I made sure to not use navy flowers 
Qkj4o1bnzet5qookggquvu9w8Q,rotational,5.0,"[[3, 5, 6, 7, 1], [1, 7, 6, 5]]",1.0,2.013,1,Fully conscious/deliberative,Somewhat clear,Quite easy,Rather confident,I made sure to not use navy flowers 
Qkj4o1bnzet5qookggquvu9w8Q,rotational,6.0,"[[5, 6, 2], [2, 6, 7, 1]]",1.0,3.33,0,Fully conscious/deliberative,Somewhat clear,Quite easy,Rather confident,I made sure to not use navy flowers 
Qkj4o1bnzet5qookggquvu9w8Q,rotational,7.0,"[[0, 7, 1, 4], [0, 7, 6]]",0.0,2.974,0,Fully conscious/deliberative,Somewhat clear,Quite easy,Rather confident,I made sure to not use navy flowers 
Qkj4o1bnzet5qookggquvu9w8Q,rotational,8.0,"[[7, 6, 2], [7, 6, 5, 3]]",1.0,2.669,0,Fully conscious/deliberative,Somewhat clear,Quite easy,Rather confident,I made sure to not use navy flowers 
Qkj4o1bnzet5qookggquvu9w8Q,rotational,9.0,"[[1, 7, 0], [5, 6, 7, 0]]",0.0,2.888,1,Fully conscious/deliberative,Somewhat clear,Quite easy,Rather confident,I made sure to not use navy flowers 
Qkj4o1bnzet5qookggquvu9w8Q,rotational,10.0,"[[2, 6, 7, 1], [3, 5, 6, 7, 0]]",1.0,2.018,0,Fully conscious/deliberative,Somewhat clear,Quite easy,Rather confident,I made sure to not use navy flowers 
Qkj4o1bnzet5qookggquvu9w8Q,rotational,11.0,"[[3, 5, 6, 7, 0], [0, 7, 6, 2]]",0.0,1.887,0,Fully conscious/deliberative,Somewhat clear,Quite easy,Rather confident,I made sure to not use navy flowers 
Qkj4o1bnzet5qookggquvu9w8Q,rotational,12.0,"[[2, 6, 7, 0], [3, 5, 6]]",1.0,2.368,1,Fully conscious/deliberative,Somewhat clear,Quite easy,Rather confident,I made sure to not use navy flowers 
Qkj4o1bnzet5qookggquvu9w8Q,rotational,13.0,"[[2, 6, 7, 0], [5, 6, 7]]",0.0,1.971,0,Fully conscious/deliberative,Somewhat clear,Quite easy,Rather confident,I made sure to not use navy flowers 
Qkj4o1bnzet5qookggquvu9w8Q,rotational,14.0,"[[6, 7, 1, 4], [1, 7, 6, 5, 3]]",1.0,2.234,0,Fully conscious/deliberative,Somewhat clear,Quite easy,Rather confident,I made sure to not use navy flowers 
Qkj4o1bnzet5qookggquvu9w8Q,rotational,15.0,"[[4, 1, 7, 6], [5, 6, 7]]",0.0,3.81,0,Fully conscious/deliberative,Somewhat clear,Quite easy,Rather confident,I made sure to not use navy flowers 
Qkj4o1bnzet5qookggquvu9w8Q,rotational,16.0,"[[1, 7, 0], [1, 7, 6, 5]]",0.0,2.429,1,Fully conscious/deliberative,Somewhat clear,Quite easy,Rather confident,I made sure to not use navy flowers 
Qkj4o1bnzet5qookggquvu9w8Q,rotational,17.0,"[[4, 1, 7, 6, 5], [6, 7, 1, 4]]",0.0,6.542,0,Fully conscious/deliberative,Somewhat clear,Quite easy,Rather confident,I made sure to not use navy flowers 
Qkj4o1bnzet5qookggquvu9w8Q,rotational,18.0,"[[3, 5, 6, 2], [4, 1, 7]]",1.0,3.699,1,Fully conscious/deliberative,Somewhat clear,Quite easy,Rather confident,I made sure to not use navy flowers 
Qkj4o1bnzet5qookggquvu9w8Q,rotational,19.0,"[[6, 5, 3], [1, 7, 6, 5]]",0.0,2.491,1,Fully conscious/deliberative,Somewhat clear,Quite easy,Rather confident,I made sure to not use navy flowers 
Qkj4o1bnzet5qookggquvu9w8Q,rotational,20.0,"[[4, 1, 7, 0], [2, 6, 5]]",1.0,2.605,1,Fully conscious/deliberative,Somewhat clear,Quite easy,Rather confident,I made sure to not use navy flowers 
Qkj4o1bnzet5qookggquvu9w8Q,rotational,21.0,"[[0, 7, 1, 4], [1, 7, 6]]",1.0,3.262,1,Fully conscious/deliberative,Somewhat clear,Quite easy,Rather confident,I made sure to not use navy flowers 
Qkj4o1bnzet5qookggquvu9w8Q,rotational,22.0,"[[0, 7, 1, 4], [2, 6, 7]]",0.0,3.129,0,Fully conscious/deliberative,Somewhat clear,Quite easy,Rather confident,I made sure to not use navy flowers 
Qkj4o1bnzet5qookggquvu9w8Q,rotational,23.0,"[[6, 7, 1], [2, 6, 7, 1]]",1.0,3.19,0,Fully conscious/deliberative,Somewhat clear,Quite easy,Rather confident,I made sure to not use navy flowers 
Qkj4o1bnzet5qookggquvu9w8Q,rotational,24.0,"[[5, 6, 7], [0, 7, 6, 5]]",1.0,2.147,0,Fully conscious/deliberative,Somewhat clear,Quite easy,Rather confident,I made sure to not use navy flowers 
Qkj4o1bnzet5qookggquvu9w8Q,rotational,25.0,"[[2, 6, 5, 3], [5, 6, 7]]",1.0,2.233,1,Fully conscious/deliberative,Somewhat clear,Quite easy,Rather confident,I made sure to not use navy flowers 
Qkj4o1bnzet5qookggquvu9w8Q,rotational,26.0,"[[7, 6, 2], [4, 1, 7, 0]]",1.0,3.293,0,Fully conscious/deliberative,Somewhat clear,Quite easy,Rather confident,I made sure to not use navy flowers 
Qkj4o1bnzet5qookggquvu9w8Q,rotational,27.0,"[[6, 5, 3], [4, 1, 7, 6]]",0.0,2.691,1,Fully conscious/deliberative,Somewhat clear,Quite easy,Rather confident,I made sure to not use navy flowers 
Qkj4o1bnzet5qookggquvu9w8Q,rotational,28.0,"[[6, 7, 0], [5, 6, 7, 0]]",1.0,5.744,0,Fully conscious/deliberative,Somewhat clear,Quite easy,Rather confident,I made sure to not use navy flowers 
Qkj4o1bnzet5qookggquvu9w8Q,rotational,29.0,"[[5, 6, 7, 0], [2, 6, 7, 1, 4]]",1.0,3.03,0,Fully conscious/deliberative,Somewhat clear,Quite easy,Rather confident,I made sure to not use navy flowers 
Qkj4o1bnzet5qookggquvu9w8Q,rotational,30.0,"[[0, 7, 6, 5, 3], [6, 7, 1, 4]]",1.0,3.341,1,Fully conscious/deliberative,Somewhat clear,Quite easy,Rather confident,I made sure to not use navy flowers 
Qkj4o1bnzet5qookggquvu9w8Q,rotational,31.0,"[[1, 7, 0], [2, 6, 7, 1]]",0.0,4.305,1,Fully conscious/deliberative,Somewhat clear,Quite easy,Rather confident,I made sure to not use navy flowers 
Qkj4o1bnzet5qookggquvu9w8Q,rotational,32.0,"[[2, 6, 7, 1, 4], [2, 6, 5, 3]]",0.0,2.053,0,Fully conscious/deliberative,Somewhat clear,Quite easy,Rather confident,I made sure to not use navy flowers 
Qkj4o1bnzet5qookggquvu9w8Q,rotational,33.0,"[[1, 7, 0], [6, 7, 1, 4]]",0.0,4.752,1,Fully conscious/deliberative,Somewhat clear,Quite easy,Rather confident,I made sure to not use navy flowers 
Qkj4o1bnzet5qookggquvu9w8Q,rotational,34.0,"[[5, 6, 7, 0], [5, 6, 2]]",1.0,1.649,1,Fully conscious/deliberative,Somewhat clear,Quite easy,Rather confident,I made sure to not use navy flowers 
Qkj4o1bnzet5qookggquvu9w8Q,rotational,35.0,"[[4, 1, 7], [5, 6, 7, 1]]",1.0,1.535,0,Fully conscious/deliberative,Somewhat clear,Quite easy,Rather confident,I made sure to not use navy flowers 
Qkj4o1bnzet5qookggquvu9w8Q,rotational,36.0,"[[2, 6, 5, 3], [1, 7, 6, 5, 3]]",1.0,2.787,0,Fully conscious/deliberative,Somewhat clear,Quite easy,Rather confident,I made sure to not use navy flowers 
Qkj4o1bnzet5qookggquvu9w8Q,rotational,37.0,"[[7, 6, 5, 3], [4, 1, 7, 6, 5]]",0.0,2.722,1,Fully conscious/deliberative,Somewhat clear,Quite easy,Rather confident,I made sure to not use navy flowers 
Qkj4o1bnzet5qookggquvu9w8Q,rotational,38.0,"[[2, 6, 7, 1, 4], [3, 5, 6, 7, 1, 4]]",1.0,1.798,0,Fully conscious/deliberative,Somewhat clear,Quite easy,Rather confident,I made sure to not use navy flowers 
Qkj4o1bnzet5qookggquvu9w8Q,rotational,39.0,"[[6, 7, 0], [3, 5, 6, 2]]",0.0,2.84,1,Fully conscious/deliberative,Somewhat clear,Quite easy,Rather confident,I made sure to not use navy flowers 
Qkj4o1bnzet5qookggquvu9w8Q,rotational,40.0,"[[5, 6, 7], [1, 7, 6, 2]]",1.0,2.961,0,Fully conscious/deliberative,Somewhat clear,Quite easy,Rather confident,I made sure to not use navy flowers 
Qkj4o1bnzet5qookggquvu9w8Q,rotational,41.0,"[[2, 6, 7, 1], [1, 7, 6, 5, 3]]",1.0,2.916,0,Fully conscious/deliberative,Somewhat clear,Quite easy,Rather confident,I made sure to not use navy flowers 
Qkj4o1bnzet5qookggquvu9w8Q,rotational,42.0,"[[7, 1, 4], [5, 6, 7, 0]]",1.0,2.256,0,Fully conscious/deliberative,Somewhat clear,Quite easy,Rather confident,I made sure to not use navy flowers 
Qkj4o1bnzet5qookggquvu9w8Q,rotational,43.0,"[[0, 7, 1, 4], [5, 6, 7]]",1.0,1.95,1,Fully conscious/deliberative,Somewhat clear,Quite easy,Rather confident,I made sure to not use navy flowers 
Qkj4o1bnzet5qookggquvu9w8Q,rotational,44.0,"[[2, 6, 5], [5, 6, 7, 1]]",1.0,1.868,0,Fully conscious/deliberative,Somewhat clear,Quite easy,Rather confident,I made sure to not use navy flowers 
Qkj4o1bnzet5qookggquvu9w8Q,rotational,45.0,"[[0, 7, 1, 4], [5, 6, 7, 1, 4]]",0.0,3.374,1,Fully conscious/deliberative,Somewhat clear,Quite easy,Rather confident,I made sure to not use navy flowers 
Qkj4o1bnzet5qookggquvu9w8Q,rotational,46.0,"[[0, 7, 1], [1, 7, 6, 2]]",0.0,2.122,1,Fully conscious/deliberative,Somewhat clear,Quite easy,Rather confident,I made sure to not use navy flowers 
Qkj4o1bnzet5qookggquvu9w8Q,rotational,47.0,"[[4, 1, 7, 6], [2, 6, 5]]",0.0,1.617,0,Fully conscious/deliberative,Somewhat clear,Quite easy,Rather confident,I made sure to not use navy flowers 
Qkj4o1bnzet5qookggquvu9w8Q,rotational,48.0,"[[6, 5, 3], [4, 1, 7, 6]]",0.0,2.476,1,Fully conscious/deliberative,Somewhat clear,Quite easy,Rather confident,I made sure to not use navy flowers 
Qkj4o1bnzet5qookggquvu9w8Q,rotational,49.0,"[[2, 6, 7], [4, 1, 7, 6]]",1.0,1.74,0,Fully conscious/deliberative,Somewhat clear,Quite easy,Rather confident,I made sure to not use navy flowers 
Qkj4o1bnzet5qookggquvu9w8Q,rotational,50.0,"[[6, 7, 1], [5, 6, 7, 0]]",1.0,3.697,0,Fully conscious/deliberative,Somewhat clear,Quite easy,Rather confident,I made sure to not use navy flowers 
Qkj4o1bnzet5qookggquvu9w8Q,rotational,51.0,"[[6, 7, 1], [1, 7, 6, 5]]",1.0,2.078,0,Fully conscious/deliberative,Somewhat clear,Quite easy,Rather confident,I made sure to not use navy flowers 
Qkj4o1bnzet5qookggquvu9w8Q,rotational,52.0,"[[4, 1, 7, 0], [2, 6, 7, 1, 4]]",0.0,3.315,1,Fully conscious/deliberative,Somewhat clear,Quite easy,Rather confident,I made sure to not use navy flowers 
Qkj4o1bnzet5qookggquvu9w8Q,rotational,53.0,"[[2, 6, 7, 1], [7, 1, 4]]",0.0,1.931,0,Fully conscious/deliberative,Somewhat clear,Quite easy,Rather confident,I made sure to not use navy flowers 
Qkj4o1bnzet5qookggquvu9w8Q,rotational,54.0,"[[1, 7, 6, 2], [2, 6, 7]]",1.0,3.988,1,Fully conscious/deliberative,Somewhat clear,Quite easy,Rather confident,I made sure to not use navy flowers 
Qkj4o1bnzet5qookggquvu9w8Q,rotational,55.0,"[[7, 6, 2], [6, 7, 1, 4]]",1.0,1.86,0,Fully conscious/deliberative,Somewhat clear,Quite easy,Rather confident,I made sure to not use navy flowers 
Qkj4o1bnzet5qookggquvu9w8Q,rotational,56.0,"[[7, 6, 5, 3], [2, 6, 7, 1, 4]]",0.0,2.604,1,Fully conscious/deliberative,Somewhat clear,Quite easy,Rather confident,I made sure to not use navy flowers 
Qkj4o1bnzet5qookggquvu9w8Q,rotational,57.0,"[[1, 7, 6, 2], [7, 1, 4]]",1.0,4.192,1,Fully conscious/deliberative,Somewhat clear,Quite easy,Rather confident,I made sure to not use navy flowers 
Qkj4o1bnzet5qookggquvu9w8Q,rotational,58.0,"[[6, 7, 1], [2, 6, 5, 3]]",1.0,3.19,0,Fully conscious/deliberative,Somewhat clear,Quite easy,Rather confident,I made sure to not use navy flowers 
Qkj4o1bnzet5qookggquvu9w8Q,rotational,59.0,"[[0, 7, 6, 2], [7, 1, 4]]",1.0,2.946,1,Fully conscious/deliberative,Somewhat clear,Quite easy,Rather confident,I made sure to not use navy flowers 
Qkj4o1bnzet5qookggquvu9w8Q,rotational,60.0,"[[1, 7, 6, 5], [7, 1, 4]]",0.0,2.462,0,Fully conscious/deliberative,Somewhat clear,Quite easy,Rather confident,I made sure to not use navy flowers 
Qkj4o1bnzet5qookggquvu9w8Q,rotational,61.0,"[[0, 7, 1, 4], [3, 5, 6]]",1.0,3.875,1,Fully conscious/deliberative,Somewhat clear,Quite easy,Rather confident,I made sure to not use navy flowers 
Qkj4o1bnzet5qookggquvu9w8Q,rotational,62.0,"[[5, 6, 7], [1, 7, 6, 5]]",0.0,4.017,1,Fully conscious/deliberative,Somewhat clear,Quite easy,Rather confident,I made sure to not use navy flowers 
Qkj4o1bnzet5qookggquvu9w8Q,rotational,63.0,"[[7, 6, 5, 3], [5, 6, 7, 1, 4]]",1.0,2.465,0,Fully conscious/deliberative,Somewhat clear,Quite easy,Rather confident,I made sure to not use navy flowers 
Qkj4o1bnzet5qookggquvu9w8Q,rotational,64.0,"[[2, 6, 5, 3], [5, 6, 2]]",1.0,3.661,1,Fully conscious/deliberative,Somewhat clear,Quite easy,Rather confident,I made sure to not use navy flowers 
Qkyb8s9olpmtq7u2rwwj5ec87Q,rotational,0.0,"[[3, 5, 6, 7, 0], [0, 7, 6, 2]]",1.0,15.072,1,Fully conscious/deliberative,Fully clear,Quite easy,Rather confident,i tried to remember the best i can the shortest routes and apply them
Qkyb8s9olpmtq7u2rwwj5ec87Q,rotational,1.0,"[[5, 6, 2], [2, 6, 7, 1]]",1.0,3.727,0,Fully conscious/deliberative,Fully clear,Quite easy,Rather confident,i tried to remember the best i can the shortest routes and apply them
Qkyb8s9olpmtq7u2rwwj5ec87Q,rotational,2.0,"[[4, 1, 7, 6], [5, 6, 7]]",0.0,3.407,0,Fully conscious/deliberative,Fully clear,Quite easy,Rather confident,i tried to remember the best i can the shortest routes and apply them
Qkyb8s9olpmtq7u2rwwj5ec87Q,rotational,3.0,"[[4, 1, 7], [2, 6, 5, 3]]",1.0,4.991,0,Fully conscious/deliberative,Fully clear,Quite easy,Rather confident,i tried to remember the best i can the shortest routes and apply them
Qkyb8s9olpmtq7u2rwwj5ec87Q,rotational,4.0,"[[2, 6, 7, 1], [3, 5, 6]]",1.0,8.8,1,Fully conscious/deliberative,Fully clear,Quite easy,Rather confident,i tried to remember the best i can the shortest routes and apply them
Qkyb8s9olpmtq7u2rwwj5ec87Q,rotational,5.0,"[[1, 7, 6, 2], [1, 7, 0]]",1.0,10.503,1,Fully conscious/deliberative,Fully clear,Quite easy,Rather confident,i tried to remember the best i can the shortest routes and apply them
Qkyb8s9olpmtq7u2rwwj5ec87Q,rotational,6.0,"[[5, 6, 2], [2, 6, 5, 3]]",1.0,1.87,0,Fully conscious/deliberative,Fully clear,Quite easy,Rather confident,i tried to remember the best i can the shortest routes and apply them
Qkyb8s9olpmtq7u2rwwj5ec87Q,rotational,7.0,"[[2, 6, 7, 1], [4, 1, 7]]",1.0,1.15,1,Fully conscious/deliberative,Fully clear,Quite easy,Rather confident,i tried to remember the best i can the shortest routes and apply them
Qkyb8s9olpmtq7u2rwwj5ec87Q,rotational,8.0,"[[1, 7, 6, 2], [4, 1, 7]]",0.0,1.183,0,Fully conscious/deliberative,Fully clear,Quite easy,Rather confident,i tried to remember the best i can the shortest routes and apply them
Qkyb8s9olpmtq7u2rwwj5ec87Q,rotational,9.0,"[[0, 7, 6], [5, 6, 7, 0]]",1.0,3.287,0,Fully conscious/deliberative,Fully clear,Quite easy,Rather confident,i tried to remember the best i can the shortest routes and apply them
Qkyb8s9olpmtq7u2rwwj5ec87Q,rotational,10.0,"[[4, 1, 7, 6], [6, 5, 3]]",0.0,3.783,0,Fully conscious/deliberative,Fully clear,Quite easy,Rather confident,i tried to remember the best i can the shortest routes and apply them
Qkyb8s9olpmtq7u2rwwj5ec87Q,rotational,11.0,"[[1, 7, 6, 5], [7, 1, 4]]",1.0,7.385,1,Fully conscious/deliberative,Fully clear,Quite easy,Rather confident,i tried to remember the best i can the shortest routes and apply them
Qkyb8s9olpmtq7u2rwwj5ec87Q,rotational,12.0,"[[0, 7, 6, 5], [5, 6, 7]]",1.0,9.198,1,Fully conscious/deliberative,Fully clear,Quite easy,Rather confident,i tried to remember the best i can the shortest routes and apply them
Qkyb8s9olpmtq7u2rwwj5ec87Q,rotational,13.0,"[[1, 7, 6, 5], [6, 5, 3]]",0.0,2.215,0,Fully conscious/deliberative,Fully clear,Quite easy,Rather confident,i tried to remember the best i can the shortest routes and apply them
Qkyb8s9olpmtq7u2rwwj5ec87Q,rotational,14.0,"[[5, 6, 2], [7, 6, 5, 3]]",1.0,1.511,0,Fully conscious/deliberative,Fully clear,Quite easy,Rather confident,i tried to remember the best i can the shortest routes and apply them
Qkyb8s9olpmtq7u2rwwj5ec87Q,rotational,15.0,"[[5, 6, 7], [2, 6, 7, 0]]",1.0,1.222,0,Fully conscious/deliberative,Fully clear,Quite easy,Rather confident,i tried to remember the best i can the shortest routes and apply them
Qkyb8s9olpmtq7u2rwwj5ec87Q,rotational,16.0,"[[6, 7, 1, 4], [7, 6, 2]]",0.0,0.671,0,Fully conscious/deliberative,Fully clear,Quite easy,Rather confident,i tried to remember the best i can the shortest routes and apply them
Qkyb8s9olpmtq7u2rwwj5ec87Q,rotational,17.0,"[[5, 6, 7, 0], [5, 6, 2]]",1.0,0.91,1,Fully conscious/deliberative,Fully clear,Quite easy,Rather confident,i tried to remember the best i can the shortest routes and apply them
Qkyb8s9olpmtq7u2rwwj5ec87Q,rotational,18.0,"[[6, 7, 1, 4], [2, 6, 5]]",0.0,0.712,0,Fully conscious/deliberative,Fully clear,Quite easy,Rather confident,i tried to remember the best i can the shortest routes and apply them
Qkyb8s9olpmtq7u2rwwj5ec87Q,rotational,19.0,"[[1, 7, 6, 2], [1, 7, 6, 5, 3]]",1.0,1.222,0,Fully conscious/deliberative,Fully clear,Quite easy,Rather confident,i tried to remember the best i can the shortest routes and apply them
Qkyb8s9olpmtq7u2rwwj5ec87Q,rotational,20.0,"[[1, 7, 6, 2], [1, 7, 6]]",0.0,0.943,0,Fully conscious/deliberative,Fully clear,Quite easy,Rather confident,i tried to remember the best i can the shortest routes and apply them
Qkyb8s9olpmtq7u2rwwj5ec87Q,rotational,21.0,"[[0, 7, 6], [0, 7, 1, 4]]",1.0,1.038,0,Fully conscious/deliberative,Fully clear,Quite easy,Rather confident,i tried to remember the best i can the shortest routes and apply them
Qkyb8s9olpmtq7u2rwwj5ec87Q,rotational,22.0,"[[5, 6, 7, 1], [1, 7, 6, 5, 3]]",0.0,0.95,1,Fully conscious/deliberative,Fully clear,Quite easy,Rather confident,i tried to remember the best i can the shortest routes and apply them
Qkyb8s9olpmtq7u2rwwj5ec87Q,rotational,23.0,"[[3, 5, 6, 2], [0, 7, 6]]",1.0,2.255,1,Fully conscious/deliberative,Fully clear,Quite easy,Rather confident,i tried to remember the best i can the shortest routes and apply them
Qkyb8s9olpmtq7u2rwwj5ec87Q,rotational,24.0,"[[2, 6, 5], [4, 1, 7, 0]]",0.0,1.559,1,Fully conscious/deliberative,Fully clear,Quite easy,Rather confident,i tried to remember the best i can the shortest routes and apply them
Qkyb8s9olpmtq7u2rwwj5ec87Q,rotational,25.0,"[[2, 6, 5, 3], [2, 6, 7, 1, 4]]",0.0,1.375,1,Fully conscious/deliberative,Fully clear,Quite easy,Rather confident,i tried to remember the best i can the shortest routes and apply them
Qkyb8s9olpmtq7u2rwwj5ec87Q,rotational,26.0,"[[7, 6, 5, 3], [4, 1, 7, 6, 2]]",0.0,1.031,1,Fully conscious/deliberative,Fully clear,Quite easy,Rather confident,i tried to remember the best i can the shortest routes and apply them
Qkyb8s9olpmtq7u2rwwj5ec87Q,rotational,27.0,"[[4, 1, 7, 6, 5], [7, 6, 5, 3]]",0.0,1.647,0,Fully conscious/deliberative,Fully clear,Quite easy,Rather confident,i tried to remember the best i can the shortest routes and apply them
Qkyb8s9olpmtq7u2rwwj5ec87Q,rotational,28.0,"[[5, 6, 7, 1, 4], [7, 6, 5, 3]]",0.0,0.783,0,Fully conscious/deliberative,Fully clear,Quite easy,Rather confident,i tried to remember the best i can the shortest routes and apply them
Qkyb8s9olpmtq7u2rwwj5ec87Q,rotational,29.0,"[[0, 7, 1], [5, 6, 7, 1]]",1.0,2.151,0,Fully conscious/deliberative,Fully clear,Quite easy,Rather confident,i tried to remember the best i can the shortest routes and apply them
Qkyb8s9olpmtq7u2rwwj5ec87Q,rotational,30.0,"[[5, 6, 7, 0], [7, 1, 4]]",1.0,0.943,1,Fully conscious/deliberative,Fully clear,Quite easy,Rather confident,i tried to remember the best i can the shortest routes and apply them
Qkyb8s9olpmtq7u2rwwj5ec87Q,rotational,31.0,"[[2, 6, 7], [0, 7, 1, 4]]",0.0,1.494,1,Fully conscious/deliberative,Fully clear,Quite easy,Rather confident,i tried to remember the best i can the shortest routes and apply them
Qkyb8s9olpmtq7u2rwwj5ec87Q,rotational,32.0,"[[1, 7, 6, 5], [7, 6, 2]]",1.0,0.687,1,Fully conscious/deliberative,Fully clear,Quite easy,Rather confident,i tried to remember the best i can the shortest routes and apply them
Qkyb8s9olpmtq7u2rwwj5ec87Q,rotational,33.0,"[[0, 7, 6, 5, 3], [6, 7, 1, 4]]",1.0,1.295,1,Fully conscious/deliberative,Fully clear,Quite easy,Rather confident,i tried to remember the best i can the shortest routes and apply them
Qkyb8s9olpmtq7u2rwwj5ec87Q,rotational,34.0,"[[4, 1, 7, 6], [5, 6, 7, 1, 4]]",0.0,1.111,1,Fully conscious/deliberative,Fully clear,Quite easy,Rather confident,i tried to remember the best i can the shortest routes and apply them
Qkyb8s9olpmtq7u2rwwj5ec87Q,rotational,35.0,"[[7, 6, 5], [3, 5, 6, 2]]",1.0,1.656,0,Fully conscious/deliberative,Fully clear,Quite easy,Rather confident,i tried to remember the best i can the shortest routes and apply them
Qkyb8s9olpmtq7u2rwwj5ec87Q,rotational,36.0,"[[4, 1, 7, 0], [5, 6, 7]]",0.0,0.878,0,Fully conscious/deliberative,Fully clear,Quite easy,Rather confident,i tried to remember the best i can the shortest routes and apply them
Qkyb8s9olpmtq7u2rwwj5ec87Q,rotational,37.0,"[[4, 1, 7, 0], [4, 1, 7, 6, 5]]",1.0,0.751,0,Fully conscious/deliberative,Fully clear,Quite easy,Rather confident,i tried to remember the best i can the shortest routes and apply them
Qkyb8s9olpmtq7u2rwwj5ec87Q,rotational,38.0,"[[3, 5, 6, 7], [7, 6, 2]]",1.0,1.15,1,Fully conscious/deliberative,Fully clear,Quite easy,Rather confident,i tried to remember the best i can the shortest routes and apply them
Qkyb8s9olpmtq7u2rwwj5ec87Q,rotational,39.0,"[[1, 7, 0], [0, 7, 6, 5]]",0.0,0.935,1,Fully conscious/deliberative,Fully clear,Quite easy,Rather confident,i tried to remember the best i can the shortest routes and apply them
Qkyb8s9olpmtq7u2rwwj5ec87Q,rotational,40.0,"[[4, 1, 7, 6], [6, 5, 3]]",1.0,1.31,1,Fully conscious/deliberative,Fully clear,Quite easy,Rather confident,i tried to remember the best i can the shortest routes and apply them
Qkyb8s9olpmtq7u2rwwj5ec87Q,rotational,41.0,"[[3, 5, 6, 2], [1, 7, 6, 5, 3]]",1.0,2.247,0,Fully conscious/deliberative,Fully clear,Quite easy,Rather confident,i tried to remember the best i can the shortest routes and apply them
Qkyb8s9olpmtq7u2rwwj5ec87Q,rotational,42.0,"[[1, 7, 6, 2], [7, 6, 5]]",1.0,1.054,1,Fully conscious/deliberative,Fully clear,Quite easy,Rather confident,i tried to remember the best i can the shortest routes and apply them
Qkyb8s9olpmtq7u2rwwj5ec87Q,rotational,43.0,"[[3, 5, 6, 7, 1], [6, 7, 1, 4]]",1.0,1.464,1,Fully conscious/deliberative,Fully clear,Quite easy,Rather confident,i tried to remember the best i can the shortest routes and apply them
Qkyb8s9olpmtq7u2rwwj5ec87Q,rotational,44.0,"[[4, 1, 7, 6, 2], [4, 1, 7, 0]]",0.0,1.03,0,Fully conscious/deliberative,Fully clear,Quite easy,Rather confident,i tried to remember the best i can the shortest routes and apply them
Qkyb8s9olpmtq7u2rwwj5ec87Q,rotational,45.0,"[[6, 7, 1], [2, 6, 5, 3]]",1.0,0.959,0,Fully conscious/deliberative,Fully clear,Quite easy,Rather confident,i tried to remember the best i can the shortest routes and apply them
Qkyb8s9olpmtq7u2rwwj5ec87Q,rotational,46.0,"[[0, 7, 6, 5, 3], [2, 6, 7, 1]]",1.0,1.687,1,Fully conscious/deliberative,Fully clear,Quite easy,Rather confident,i tried to remember the best i can the shortest routes and apply them
Qkyb8s9olpmtq7u2rwwj5ec87Q,rotational,47.0,"[[5, 6, 7, 1], [6, 7, 1]]",1.0,0.863,1,Fully conscious/deliberative,Fully clear,Quite easy,Rather confident,i tried to remember the best i can the shortest routes and apply them
Qkyb8s9olpmtq7u2rwwj5ec87Q,rotational,48.0,"[[1, 7, 6, 5], [5, 6, 7]]",1.0,2.439,1,Fully conscious/deliberative,Fully clear,Quite easy,Rather confident,i tried to remember the best i can the shortest routes and apply them
Qkyb8s9olpmtq7u2rwwj5ec87Q,rotational,49.0,"[[5, 6, 7, 1], [4, 1, 7]]",1.0,1.903,1,Fully conscious/deliberative,Fully clear,Quite easy,Rather confident,i tried to remember the best i can the shortest routes and apply them
Qkyb8s9olpmtq7u2rwwj5ec87Q,rotational,50.0,"[[2, 6, 7, 1, 4], [0, 7, 6, 5]]",1.0,2.199,1,Fully conscious/deliberative,Fully clear,Quite easy,Rather confident,i tried to remember the best i can the shortest routes and apply them
Qkyb8s9olpmtq7u2rwwj5ec87Q,rotational,51.0,"[[3, 5, 6], [4, 1, 7, 0]]",1.0,1.391,0,Fully conscious/deliberative,Fully clear,Quite easy,Rather confident,i tried to remember the best i can the shortest routes and apply them
Qkyb8s9olpmtq7u2rwwj5ec87Q,rotational,52.0,"[[2, 6, 7, 1, 4], [4, 1, 7, 6, 5, 3]]",1.0,2.015,0,Fully conscious/deliberative,Fully clear,Quite easy,Rather confident,i tried to remember the best i can the shortest routes and apply them
Qkyb8s9olpmtq7u2rwwj5ec87Q,rotational,53.0,"[[0, 7, 1, 4], [6, 7, 1]]",1.0,1.39,1,Fully conscious/deliberative,Fully clear,Quite easy,Rather confident,i tried to remember the best i can the shortest routes and apply them
Qkyb8s9olpmtq7u2rwwj5ec87Q,rotational,54.0,"[[5, 6, 2], [1, 7, 6, 5]]",0.0,1.974,1,Fully conscious/deliberative,Fully clear,Quite easy,Rather confident,i tried to remember the best i can the shortest routes and apply them
Qkyb8s9olpmtq7u2rwwj5ec87Q,rotational,55.0,"[[4, 1, 7, 6], [7, 6, 2]]",0.0,30.395,0,Fully conscious/deliberative,Fully clear,Quite easy,Rather confident,i tried to remember the best i can the shortest routes and apply them
Qkyb8s9olpmtq7u2rwwj5ec87Q,rotational,56.0,"[[0, 7, 1], [3, 5, 6, 2]]",1.0,1.493,0,Fully conscious/deliberative,Fully clear,Quite easy,Rather confident,i tried to remember the best i can the shortest routes and apply them
Qkyb8s9olpmtq7u2rwwj5ec87Q,rotational,57.0,"[[0, 7, 1], [6, 7, 1, 4]]",0.0,0.943,1,Fully conscious/deliberative,Fully clear,Quite easy,Rather confident,i tried to remember the best i can the shortest routes and apply them
Qkyb8s9olpmtq7u2rwwj5ec87Q,rotational,58.0,"[[2, 6, 7, 0], [7, 1, 4]]",1.0,1.214,1,Fully conscious/deliberative,Fully clear,Quite easy,Rather confident,i tried to remember the best i can the shortest routes and apply them
Qkyb8s9olpmtq7u2rwwj5ec87Q,rotational,59.0,"[[1, 7, 6, 2], [2, 6, 7]]",0.0,1.19,0,Fully conscious/deliberative,Fully clear,Quite easy,Rather confident,i tried to remember the best i can the shortest routes and apply them
Qkyb8s9olpmtq7u2rwwj5ec87Q,rotational,60.0,"[[1, 7, 6], [0, 7, 6, 5]]",1.0,0.863,0,Fully conscious/deliberative,Fully clear,Quite easy,Rather confident,i tried to remember the best i can the shortest routes and apply them
Qkyb8s9olpmtq7u2rwwj5ec87Q,rotational,61.0,"[[2, 6, 7, 0], [1, 7, 0]]",1.0,2.199,1,Fully conscious/deliberative,Fully clear,Quite easy,Rather confident,i tried to remember the best i can the shortest routes and apply them
Qkyb8s9olpmtq7u2rwwj5ec87Q,rotational,62.0,"[[3, 5, 6], [0, 7, 6, 2]]",1.0,1.038,0,Fully conscious/deliberative,Fully clear,Quite easy,Rather confident,i tried to remember the best i can the shortest routes and apply them
Qkyb8s9olpmtq7u2rwwj5ec87Q,rotational,63.0,"[[4, 1, 7, 0], [7, 6, 2]]",0.0,1.615,0,Fully conscious/deliberative,Fully clear,Quite easy,Rather confident,i tried to remember the best i can the shortest routes and apply them
Qkyb8s9olpmtq7u2rwwj5ec87Q,rotational,64.0,"[[0, 7, 1], [2, 6, 7, 1]]",0.0,1.295,1,Fully conscious/deliberative,Fully clear,Quite easy,Rather confident,i tried to remember the best i can the shortest routes and apply them
Qlvic8plyfah94ak285cbmt8uQ,rotational,0.0,"[[2, 6, 7, 1], [1, 7, 6, 5, 3]]",0.0,50.135,1,Fairly conscious/deliberative,Somewhat clear,Quite hard,Rather confident,"I selected the flowers that appeared more from yesterday's task, as the stopover is likely to have less route."
Qlvic8plyfah94ak285cbmt8uQ,rotational,1.0,"[[0, 7, 6, 5], [4, 1, 7, 6, 2]]",1.0,29.642,0,Fairly conscious/deliberative,Somewhat clear,Quite hard,Rather confident,"I selected the flowers that appeared more from yesterday's task, as the stopover is likely to have less route."
Qlvic8plyfah94ak285cbmt8uQ,rotational,2.0,"[[2, 6, 7, 0], [1, 7, 0]]",0.0,10.5,0,Fairly conscious/deliberative,Somewhat clear,Quite hard,Rather confident,"I selected the flowers that appeared more from yesterday's task, as the stopover is likely to have less route."
Qlvic8plyfah94ak285cbmt8uQ,rotational,3.0,"[[7, 6, 2], [1, 7, 6, 2]]",1.0,40.179,0,Fairly conscious/deliberative,Somewhat clear,Quite hard,Rather confident,"I selected the flowers that appeared more from yesterday's task, as the stopover is likely to have less route."
Qlvic8plyfah94ak285cbmt8uQ,rotational,4.0,"[[5, 6, 7], [2, 6, 7, 1]]",1.0,1.897,0,Fairly conscious/deliberative,Somewhat clear,Quite hard,Rather confident,"I selected the flowers that appeared more from yesterday's task, as the stopover is likely to have less route."
Qlvic8plyfah94ak285cbmt8uQ,rotational,5.0,"[[1, 7, 0], [1, 7, 6, 2]]",0.0,4.754,1,Fairly conscious/deliberative,Somewhat clear,Quite hard,Rather confident,"I selected the flowers that appeared more from yesterday's task, as the stopover is likely to have less route."
Qlvic8plyfah94ak285cbmt8uQ,rotational,6.0,"[[7, 6, 5], [0, 7, 1, 4]]",0.0,0.929,1,Fairly conscious/deliberative,Somewhat clear,Quite hard,Rather confident,"I selected the flowers that appeared more from yesterday's task, as the stopover is likely to have less route."
Qlvic8plyfah94ak285cbmt8uQ,rotational,7.0,"[[4, 1, 7, 6], [0, 7, 6, 5, 3]]",1.0,3.069,0,Fairly conscious/deliberative,Somewhat clear,Quite hard,Rather confident,"I selected the flowers that appeared more from yesterday's task, as the stopover is likely to have less route."
Qlvic8plyfah94ak285cbmt8uQ,rotational,8.0,"[[6, 7, 1, 4], [5, 6, 2]]",0.0,1.416,0,Fairly conscious/deliberative,Somewhat clear,Quite hard,Rather confident,"I selected the flowers that appeared more from yesterday's task, as the stopover is likely to have less route."
Qlvic8plyfah94ak285cbmt8uQ,rotational,9.0,"[[0, 7, 6, 5], [1, 7, 0]]",1.0,4.043,1,Fairly conscious/deliberative,Somewhat clear,Quite hard,Rather confident,"I selected the flowers that appeared more from yesterday's task, as the stopover is likely to have less route."
Qlvic8plyfah94ak285cbmt8uQ,rotational,10.0,"[[2, 6, 7, 1, 4], [4, 1, 7, 6, 5, 3]]",0.0,3.858,1,Fairly conscious/deliberative,Somewhat clear,Quite hard,Rather confident,"I selected the flowers that appeared more from yesterday's task, as the stopover is likely to have less route."
Qlvic8plyfah94ak285cbmt8uQ,rotational,11.0,"[[2, 6, 5], [3, 5, 6, 2]]",0.0,1.261,1,Fairly conscious/deliberative,Somewhat clear,Quite hard,Rather confident,"I selected the flowers that appeared more from yesterday's task, as the stopover is likely to have less route."
Qlvic8plyfah94ak285cbmt8uQ,rotational,12.0,"[[0, 7, 6, 5], [2, 6, 5]]",1.0,3.279,1,Fairly conscious/deliberative,Somewhat clear,Quite hard,Rather confident,"I selected the flowers that appeared more from yesterday's task, as the stopover is likely to have less route."
Qlvic8plyfah94ak285cbmt8uQ,rotational,13.0,"[[7, 6, 5], [4, 1, 7, 6]]",1.0,3.088,0,Fairly conscious/deliberative,Somewhat clear,Quite hard,Rather confident,"I selected the flowers that appeared more from yesterday's task, as the stopover is likely to have less route."
Qlvic8plyfah94ak285cbmt8uQ,rotational,14.0,"[[5, 6, 7, 1, 4], [0, 7, 1, 4]]",0.0,3.561,0,Fairly conscious/deliberative,Somewhat clear,Quite hard,Rather confident,"I selected the flowers that appeared more from yesterday's task, as the stopover is likely to have less route."
Qlvic8plyfah94ak285cbmt8uQ,rotational,15.0,"[[1, 7, 6], [5, 6, 7, 0]]",1.0,13.668,0,Fairly conscious/deliberative,Somewhat clear,Quite hard,Rather confident,"I selected the flowers that appeared more from yesterday's task, as the stopover is likely to have less route."
Qlvic8plyfah94ak285cbmt8uQ,rotational,16.0,"[[5, 6, 7, 1], [7, 6, 2]]",1.0,2.576,1,Fairly conscious/deliberative,Somewhat clear,Quite hard,Rather confident,"I selected the flowers that appeared more from yesterday's task, as the stopover is likely to have less route."
Qlvic8plyfah94ak285cbmt8uQ,rotational,17.0,"[[4, 1, 7, 6], [3, 5, 6]]",1.0,5.137,1,Fairly conscious/deliberative,Somewhat clear,Quite hard,Rather confident,"I selected the flowers that appeared more from yesterday's task, as the stopover is likely to have less route."
Qlvic8plyfah94ak285cbmt8uQ,rotational,18.0,"[[5, 6, 2], [3, 5, 6, 7]]",0.0,4.741,1,Fairly conscious/deliberative,Somewhat clear,Quite hard,Rather confident,"I selected the flowers that appeared more from yesterday's task, as the stopover is likely to have less route."
Qlvic8plyfah94ak285cbmt8uQ,rotational,19.0,"[[4, 1, 7, 0], [2, 6, 7]]",0.0,3.772,0,Fairly conscious/deliberative,Somewhat clear,Quite hard,Rather confident,"I selected the flowers that appeared more from yesterday's task, as the stopover is likely to have less route."
Qlvic8plyfah94ak285cbmt8uQ,rotational,20.0,"[[5, 6, 7, 1], [1, 7, 6]]",0.0,56.708,0,Fairly conscious/deliberative,Somewhat clear,Quite hard,Rather confident,"I selected the flowers that appeared more from yesterday's task, as the stopover is likely to have less route."
Qlvic8plyfah94ak285cbmt8uQ,rotational,21.0,"[[7, 6, 2], [3, 5, 6, 7]]",0.0,2.82,1,Fairly conscious/deliberative,Somewhat clear,Quite hard,Rather confident,"I selected the flowers that appeared more from yesterday's task, as the stopover is likely to have less route."
Qlvic8plyfah94ak285cbmt8uQ,rotational,22.0,"[[2, 6, 5, 3], [2, 6, 7, 1, 4]]",1.0,3.637,0,Fairly conscious/deliberative,Somewhat clear,Quite hard,Rather confident,"I selected the flowers that appeared more from yesterday's task, as the stopover is likely to have less route."
Qlvic8plyfah94ak285cbmt8uQ,rotational,23.0,"[[4, 1, 7], [1, 7, 6, 5]]",0.0,60.951,1,Fairly conscious/deliberative,Somewhat clear,Quite hard,Rather confident,"I selected the flowers that appeared more from yesterday's task, as the stopover is likely to have less route."
Qlvic8plyfah94ak285cbmt8uQ,rotational,24.0,"[[0, 7, 6, 2], [3, 5, 6, 7, 0]]",0.0,3.993,1,Fairly conscious/deliberative,Somewhat clear,Quite hard,Rather confident,"I selected the flowers that appeared more from yesterday's task, as the stopover is likely to have less route."
Qlvic8plyfah94ak285cbmt8uQ,rotational,25.0,"[[2, 6, 5], [1, 7, 6, 2]]",1.0,18.246,0,Fairly conscious/deliberative,Somewhat clear,Quite hard,Rather confident,"I selected the flowers that appeared more from yesterday's task, as the stopover is likely to have less route."
Qlvic8plyfah94ak285cbmt8uQ,rotational,26.0,"[[7, 6, 5, 3], [5, 6, 7, 1, 4]]",1.0,6.834,0,Fairly conscious/deliberative,Somewhat clear,Quite hard,Rather confident,"I selected the flowers that appeared more from yesterday's task, as the stopover is likely to have less route."
Qlvic8plyfah94ak285cbmt8uQ,rotational,27.0,"[[7, 6, 5], [5, 6, 7, 0]]",1.0,63.64,0,Fairly conscious/deliberative,Somewhat clear,Quite hard,Rather confident,"I selected the flowers that appeared more from yesterday's task, as the stopover is likely to have less route."
Qlvic8plyfah94ak285cbmt8uQ,rotational,28.0,"[[0, 7, 1], [1, 7, 6, 5]]",0.0,171.359,1,Fairly conscious/deliberative,Somewhat clear,Quite hard,Rather confident,"I selected the flowers that appeared more from yesterday's task, as the stopover is likely to have less route."
Qlvic8plyfah94ak285cbmt8uQ,rotational,29.0,"[[1, 7, 6, 5, 3], [6, 7, 1, 4]]",1.0,0.184,1,Fairly conscious/deliberative,Somewhat clear,Quite hard,Rather confident,"I selected the flowers that appeared more from yesterday's task, as the stopover is likely to have less route."
Qlvic8plyfah94ak285cbmt8uQ,rotational,30.0,"[[1, 7, 6, 5], [4, 1, 7]]",0.0,1.644,0,Fairly conscious/deliberative,Somewhat clear,Quite hard,Rather confident,"I selected the flowers that appeared more from yesterday's task, as the stopover is likely to have less route."
Qlvic8plyfah94ak285cbmt8uQ,rotational,31.0,"[[1, 7, 6], [3, 5, 6, 2]]",1.0,1.848,0,Fairly conscious/deliberative,Somewhat clear,Quite hard,Rather confident,"I selected the flowers that appeared more from yesterday's task, as the stopover is likely to have less route."
Qlvic8plyfah94ak285cbmt8uQ,rotational,32.0,"[[5, 6, 2], [0, 7, 1, 4]]",1.0,21.851,0,Fairly conscious/deliberative,Somewhat clear,Quite hard,Rather confident,"I selected the flowers that appeared more from yesterday's task, as the stopover is likely to have less route."
Qlvic8plyfah94ak285cbmt8uQ,rotational,33.0,"[[6, 7, 1, 4], [6, 5, 3]]",1.0,3.434,1,Fairly conscious/deliberative,Somewhat clear,Quite hard,Rather confident,"I selected the flowers that appeared more from yesterday's task, as the stopover is likely to have less route."
Qlvic8plyfah94ak285cbmt8uQ,rotational,34.0,"[[4, 1, 7, 0], [0, 7, 6]]",1.0,2.165,1,Fairly conscious/deliberative,Somewhat clear,Quite hard,Rather confident,"I selected the flowers that appeared more from yesterday's task, as the stopover is likely to have less route."
Qlvic8plyfah94ak285cbmt8uQ,rotational,35.0,"[[2, 6, 7, 1, 4], [3, 5, 6, 7]]",1.0,3.108,1,Fairly conscious/deliberative,Somewhat clear,Quite hard,Rather confident,"I selected the flowers that appeared more from yesterday's task, as the stopover is likely to have less route."
Qlvic8plyfah94ak285cbmt8uQ,rotational,36.0,"[[1, 7, 6, 5], [3, 5, 6]]",1.0,3.348,1,Fairly conscious/deliberative,Somewhat clear,Quite hard,Rather confident,"I selected the flowers that appeared more from yesterday's task, as the stopover is likely to have less route."
Qlvic8plyfah94ak285cbmt8uQ,rotational,37.0,"[[2, 6, 5, 3], [7, 1, 4]]",1.0,2.867,1,Fairly conscious/deliberative,Somewhat clear,Quite hard,Rather confident,"I selected the flowers that appeared more from yesterday's task, as the stopover is likely to have less route."
Qlvic8plyfah94ak285cbmt8uQ,rotational,38.0,"[[4, 1, 7, 6], [2, 6, 7]]",0.0,2.6,0,Fairly conscious/deliberative,Somewhat clear,Quite hard,Rather confident,"I selected the flowers that appeared more from yesterday's task, as the stopover is likely to have less route."
Qlvic8plyfah94ak285cbmt8uQ,rotational,39.0,"[[4, 1, 7], [2, 6, 7, 1]]",1.0,22.806,0,Fairly conscious/deliberative,Somewhat clear,Quite hard,Rather confident,"I selected the flowers that appeared more from yesterday's task, as the stopover is likely to have less route."
Qlvic8plyfah94ak285cbmt8uQ,rotational,40.0,"[[5, 6, 7, 1], [7, 6, 5]]",1.0,4.104,1,Fairly conscious/deliberative,Somewhat clear,Quite hard,Rather confident,"I selected the flowers that appeared more from yesterday's task, as the stopover is likely to have less route."
Qlvic8plyfah94ak285cbmt8uQ,rotational,41.0,"[[7, 6, 5, 3], [4, 1, 7, 6, 5]]",0.0,1.987,1,Fairly conscious/deliberative,Somewhat clear,Quite hard,Rather confident,"I selected the flowers that appeared more from yesterday's task, as the stopover is likely to have less route."
Qlvic8plyfah94ak285cbmt8uQ,rotational,42.0,"[[6, 5, 3], [2, 6, 7, 0]]",1.0,2.153,0,Fairly conscious/deliberative,Somewhat clear,Quite hard,Rather confident,"I selected the flowers that appeared more from yesterday's task, as the stopover is likely to have less route."
Qlvic8plyfah94ak285cbmt8uQ,rotational,43.0,"[[6, 7, 1], [4, 1, 7, 0]]",1.0,1.638,0,Fairly conscious/deliberative,Somewhat clear,Quite hard,Rather confident,"I selected the flowers that appeared more from yesterday's task, as the stopover is likely to have less route."
Qlvic8plyfah94ak285cbmt8uQ,rotational,44.0,"[[7, 1, 4], [2, 6, 7, 0]]",1.0,1.839,0,Fairly conscious/deliberative,Somewhat clear,Quite hard,Rather confident,"I selected the flowers that appeared more from yesterday's task, as the stopover is likely to have less route."
Qlvic8plyfah94ak285cbmt8uQ,rotational,45.0,"[[4, 1, 7, 0], [4, 1, 7, 6, 2]]",1.0,7.503,0,Fairly conscious/deliberative,Somewhat clear,Quite hard,Rather confident,"I selected the flowers that appeared more from yesterday's task, as the stopover is likely to have less route."
Qlvic8plyfah94ak285cbmt8uQ,rotational,46.0,"[[1, 7, 6], [2, 6, 7, 1]]",1.0,1.417,0,Fairly conscious/deliberative,Somewhat clear,Quite hard,Rather confident,"I selected the flowers that appeared more from yesterday's task, as the stopover is likely to have less route."
Qlvic8plyfah94ak285cbmt8uQ,rotational,47.0,"[[5, 6, 7], [0, 7, 6, 2]]",1.0,1.608,0,Fairly conscious/deliberative,Somewhat clear,Quite hard,Rather confident,"I selected the flowers that appeared more from yesterday's task, as the stopover is likely to have less route."
Qlvic8plyfah94ak285cbmt8uQ,rotational,48.0,"[[3, 5, 6], [2, 6, 7, 1]]",1.0,2.392,0,Fairly conscious/deliberative,Somewhat clear,Quite hard,Rather confident,"I selected the flowers that appeared more from yesterday's task, as the stopover is likely to have less route."
Qlvic8plyfah94ak285cbmt8uQ,rotational,49.0,"[[0, 7, 1], [3, 5, 6, 2]]",1.0,11.165,0,Fairly conscious/deliberative,Somewhat clear,Quite hard,Rather confident,"I selected the flowers that appeared more from yesterday's task, as the stopover is likely to have less route."
Qlvic8plyfah94ak285cbmt8uQ,rotational,50.0,"[[2, 6, 5, 3], [1, 7, 6, 5, 3]]",1.0,3.872,0,Fairly conscious/deliberative,Somewhat clear,Quite hard,Rather confident,"I selected the flowers that appeared more from yesterday's task, as the stopover is likely to have less route."
Qlvic8plyfah94ak285cbmt8uQ,rotational,51.0,"[[5, 6, 7, 1, 4], [4, 1, 7, 6]]",1.0,3.007,1,Fairly conscious/deliberative,Somewhat clear,Quite hard,Rather confident,"I selected the flowers that appeared more from yesterday's task, as the stopover is likely to have less route."
Qlvic8plyfah94ak285cbmt8uQ,rotational,52.0,"[[0, 7, 1, 4], [3, 5, 6]]",1.0,3.439,1,Fairly conscious/deliberative,Somewhat clear,Quite hard,Rather confident,"I selected the flowers that appeared more from yesterday's task, as the stopover is likely to have less route."
Qlvic8plyfah94ak285cbmt8uQ,rotational,53.0,"[[7, 1, 4], [5, 6, 7, 0]]",0.0,57.738,1,Fairly conscious/deliberative,Somewhat clear,Quite hard,Rather confident,"I selected the flowers that appeared more from yesterday's task, as the stopover is likely to have less route."
Qlvic8plyfah94ak285cbmt8uQ,rotational,54.0,"[[0, 7, 6], [3, 5, 6, 2]]",1.0,35.333,0,Fairly conscious/deliberative,Somewhat clear,Quite hard,Rather confident,"I selected the flowers that appeared more from yesterday's task, as the stopover is likely to have less route."
Qlvic8plyfah94ak285cbmt8uQ,rotational,55.0,"[[5, 6, 7, 0], [0, 7, 6]]",1.0,1.794,1,Fairly conscious/deliberative,Somewhat clear,Quite hard,Rather confident,"I selected the flowers that appeared more from yesterday's task, as the stopover is likely to have less route."
Qlvic8plyfah94ak285cbmt8uQ,rotational,56.0,"[[4, 1, 7, 0], [2, 6, 7]]",1.0,34.647,1,Fairly conscious/deliberative,Somewhat clear,Quite hard,Rather confident,"I selected the flowers that appeared more from yesterday's task, as the stopover is likely to have less route."
Qlvic8plyfah94ak285cbmt8uQ,rotational,57.0,"[[7, 6, 5], [3, 5, 6, 2]]",1.0,3.82,0,Fairly conscious/deliberative,Somewhat clear,Quite hard,Rather confident,"I selected the flowers that appeared more from yesterday's task, as the stopover is likely to have less route."
Qlvic8plyfah94ak285cbmt8uQ,rotational,58.0,"[[6, 7, 1, 4], [7, 6, 2]]",0.0,2.08,0,Fairly conscious/deliberative,Somewhat clear,Quite hard,Rather confident,"I selected the flowers that appeared more from yesterday's task, as the stopover is likely to have less route."
Qlvic8plyfah94ak285cbmt8uQ,rotational,59.0,"[[0, 7, 6, 5, 3], [1, 7, 6, 2]]",0.0,2.34,0,Fairly conscious/deliberative,Somewhat clear,Quite hard,Rather confident,"I selected the flowers that appeared more from yesterday's task, as the stopover is likely to have less route."
Qlvic8plyfah94ak285cbmt8uQ,rotational,60.0,"[[0, 7, 1], [2, 6, 7, 1]]",1.0,1.485,0,Fairly conscious/deliberative,Somewhat clear,Quite hard,Rather confident,"I selected the flowers that appeared more from yesterday's task, as the stopover is likely to have less route."
Qlvic8plyfah94ak285cbmt8uQ,rotational,61.0,"[[1, 7, 0], [6, 7, 1, 4]]",0.0,1.491,1,Fairly conscious/deliberative,Somewhat clear,Quite hard,Rather confident,"I selected the flowers that appeared more from yesterday's task, as the stopover is likely to have less route."
Qlvic8plyfah94ak285cbmt8uQ,rotational,62.0,"[[5, 6, 7, 1], [2, 6, 5]]",0.0,3.278,0,Fairly conscious/deliberative,Somewhat clear,Quite hard,Rather confident,"I selected the flowers that appeared more from yesterday's task, as the stopover is likely to have less route."
Qlvic8plyfah94ak285cbmt8uQ,rotational,63.0,"[[4, 1, 7], [2, 6, 7, 1]]",1.0,3.645,0,Fairly conscious/deliberative,Somewhat clear,Quite hard,Rather confident,"I selected the flowers that appeared more from yesterday's task, as the stopover is likely to have less route."
Qlvic8plyfah94ak285cbmt8uQ,rotational,64.0,"[[1, 7, 6, 5], [3, 5, 6, 7, 1]]",1.0,1.919,0,Fairly conscious/deliberative,Somewhat clear,Quite hard,Rather confident,"I selected the flowers that appeared more from yesterday's task, as the stopover is likely to have less route."
Qngbd5j9fz1wwlzoufgnlh221Q,rotational,0.0,"[[3, 5, 6], [0, 7, 6, 2]]",1.0,8.847,0,Fully conscious/deliberative,Fully clear,Quite hard,Rather confident,"Memory, trying to remember the arrangement of the flowers."
Qngbd5j9fz1wwlzoufgnlh221Q,rotational,1.0,"[[4, 1, 7, 0], [1, 7, 6]]",0.0,9.317,0,Fully conscious/deliberative,Fully clear,Quite hard,Rather confident,"Memory, trying to remember the arrangement of the flowers."
Qngbd5j9fz1wwlzoufgnlh221Q,rotational,2.0,"[[1, 7, 6, 5, 3], [1, 7, 6, 2]]",0.0,14.59,0,Fully conscious/deliberative,Fully clear,Quite hard,Rather confident,"Memory, trying to remember the arrangement of the flowers."
Qngbd5j9fz1wwlzoufgnlh221Q,rotational,3.0,"[[3, 5, 6, 7], [4, 1, 7, 6, 5]]",0.0,6.99,1,Fully conscious/deliberative,Fully clear,Quite hard,Rather confident,"Memory, trying to remember the arrangement of the flowers."
Qngbd5j9fz1wwlzoufgnlh221Q,rotational,4.0,"[[2, 6, 7, 0], [7, 1, 4]]",0.0,7.8,0,Fully conscious/deliberative,Fully clear,Quite hard,Rather confident,"Memory, trying to remember the arrangement of the flowers."
Qngbd5j9fz1wwlzoufgnlh221Q,rotational,5.0,"[[3, 5, 6, 2], [1, 7, 6]]",0.0,4.281,0,Fully conscious/deliberative,Fully clear,Quite hard,Rather confident,"Memory, trying to remember the arrangement of the flowers."
Qngbd5j9fz1wwlzoufgnlh221Q,rotational,6.0,"[[4, 1, 7, 6], [1, 7, 0]]",0.0,3.67,0,Fully conscious/deliberative,Fully clear,Quite hard,Rather confident,"Memory, trying to remember the arrangement of the flowers."
Qngbd5j9fz1wwlzoufgnlh221Q,rotational,7.0,"[[0, 7, 6], [4, 1, 7, 0]]",0.0,21.256,1,Fully conscious/deliberative,Fully clear,Quite hard,Rather confident,"Memory, trying to remember the arrangement of the flowers."
Qngbd5j9fz1wwlzoufgnlh221Q,rotational,8.0,"[[2, 6, 7, 1], [7, 6, 2]]",1.0,3.143,1,Fully conscious/deliberative,Fully clear,Quite hard,Rather confident,"Memory, trying to remember the arrangement of the flowers."
Qngbd5j9fz1wwlzoufgnlh221Q,rotational,9.0,"[[6, 7, 1, 4], [5, 6, 7, 1, 4]]",1.0,10.567,0,Fully conscious/deliberative,Fully clear,Quite hard,Rather confident,"Memory, trying to remember the arrangement of the flowers."
Qngbd5j9fz1wwlzoufgnlh221Q,rotational,10.0,"[[7, 6, 2], [1, 7, 6, 5]]",1.0,0.155,0,Fully conscious/deliberative,Fully clear,Quite hard,Rather confident,"Memory, trying to remember the arrangement of the flowers."
Qngbd5j9fz1wwlzoufgnlh221Q,rotational,11.0,"[[4, 1, 7, 6, 5, 3], [2, 6, 7, 1, 4]]",0.0,2.536,0,Fully conscious/deliberative,Fully clear,Quite hard,Rather confident,"Memory, trying to remember the arrangement of the flowers."
Qngbd5j9fz1wwlzoufgnlh221Q,rotational,12.0,"[[3, 5, 6], [6, 7, 1, 4]]",0.0,3.326,1,Fully conscious/deliberative,Fully clear,Quite hard,Rather confident,"Memory, trying to remember the arrangement of the flowers."
Qngbd5j9fz1wwlzoufgnlh221Q,rotational,13.0,"[[3, 5, 6, 7], [5, 6, 2]]",0.0,5.833,0,Fully conscious/deliberative,Fully clear,Quite hard,Rather confident,"Memory, trying to remember the arrangement of the flowers."
Qngbd5j9fz1wwlzoufgnlh221Q,rotational,14.0,"[[5, 6, 7, 1], [1, 7, 0]]",1.0,9.883,1,Fully conscious/deliberative,Fully clear,Quite hard,Rather confident,"Memory, trying to remember the arrangement of the flowers."
Qngbd5j9fz1wwlzoufgnlh221Q,rotational,15.0,"[[5, 6, 7], [6, 7, 1, 4]]",1.0,6.783,0,Fully conscious/deliberative,Fully clear,Quite hard,Rather confident,"Memory, trying to remember the arrangement of the flowers."
Qngbd5j9fz1wwlzoufgnlh221Q,rotational,16.0,"[[5, 6, 2], [0, 7, 1, 4]]",1.0,3.994,0,Fully conscious/deliberative,Fully clear,Quite hard,Rather confident,"Memory, trying to remember the arrangement of the flowers."
Qngbd5j9fz1wwlzoufgnlh221Q,rotational,17.0,"[[5, 6, 7, 0], [7, 1, 4]]",1.0,7.994,1,Fully conscious/deliberative,Fully clear,Quite hard,Rather confident,"Memory, trying to remember the arrangement of the flowers."
Qngbd5j9fz1wwlzoufgnlh221Q,rotational,18.0,"[[6, 5, 3], [1, 7, 6, 5]]",1.0,9.056,0,Fully conscious/deliberative,Fully clear,Quite hard,Rather confident,"Memory, trying to remember the arrangement of the flowers."
Qngbd5j9fz1wwlzoufgnlh221Q,rotational,19.0,"[[2, 6, 5, 3], [7, 6, 5]]",1.0,11.825,1,Fully conscious/deliberative,Fully clear,Quite hard,Rather confident,"Memory, trying to remember the arrangement of the flowers."
Qngbd5j9fz1wwlzoufgnlh221Q,rotational,20.0,"[[3, 5, 6, 7, 0], [4, 1, 7, 6]]",1.0,4.113,1,Fully conscious/deliberative,Fully clear,Quite hard,Rather confident,"Memory, trying to remember the arrangement of the flowers."
Qngbd5j9fz1wwlzoufgnlh221Q,rotational,21.0,"[[6, 7, 1], [0, 7, 6, 5]]",0.0,4.041,1,Fully conscious/deliberative,Fully clear,Quite hard,Rather confident,"Memory, trying to remember the arrangement of the flowers."
Qngbd5j9fz1wwlzoufgnlh221Q,rotational,22.0,"[[1, 7, 6, 2], [6, 5, 3]]",1.0,3.545,1,Fully conscious/deliberative,Fully clear,Quite hard,Rather confident,"Memory, trying to remember the arrangement of the flowers."
Qngbd5j9fz1wwlzoufgnlh221Q,rotational,23.0,"[[0, 7, 6, 5, 3], [0, 7, 6, 2]]",1.0,0.033,1,Fully conscious/deliberative,Fully clear,Quite hard,Rather confident,"Memory, trying to remember the arrangement of the flowers."
Qngbd5j9fz1wwlzoufgnlh221Q,rotational,24.0,"[[2, 6, 5, 3], [5, 6, 2]]",0.0,7.908,0,Fully conscious/deliberative,Fully clear,Quite hard,Rather confident,"Memory, trying to remember the arrangement of the flowers."
Qngbd5j9fz1wwlzoufgnlh221Q,rotational,25.0,"[[2, 6, 5], [1, 7, 6, 5]]",1.0,5.226,0,Fully conscious/deliberative,Fully clear,Quite hard,Rather confident,"Memory, trying to remember the arrangement of the flowers."
Qngbd5j9fz1wwlzoufgnlh221Q,rotational,26.0,"[[1, 7, 0], [1, 7, 6, 2]]",1.0,14.824,0,Fully conscious/deliberative,Fully clear,Quite hard,Rather confident,"Memory, trying to remember the arrangement of the flowers."
Qngbd5j9fz1wwlzoufgnlh221Q,rotational,27.0,"[[1, 7, 6, 5], [5, 6, 7]]",1.0,2.818,1,Fully conscious/deliberative,Fully clear,Quite hard,Rather confident,"Memory, trying to remember the arrangement of the flowers."
Qngbd5j9fz1wwlzoufgnlh221Q,rotational,28.0,"[[5, 6, 7, 0], [1, 7, 0]]",1.0,0.035,1,Fully conscious/deliberative,Fully clear,Quite hard,Rather confident,"Memory, trying to remember the arrangement of the flowers."
Qngbd5j9fz1wwlzoufgnlh221Q,rotational,29.0,"[[0, 7, 1, 4], [6, 5, 3]]",1.0,6.041,1,Fully conscious/deliberative,Fully clear,Quite hard,Rather confident,"Memory, trying to remember the arrangement of the flowers."
Qngbd5j9fz1wwlzoufgnlh221Q,rotational,30.0,"[[5, 6, 7, 1], [7, 1, 4]]",1.0,0.05,1,Fully conscious/deliberative,Fully clear,Quite hard,Rather confident,"Memory, trying to remember the arrangement of the flowers."
Qngbd5j9fz1wwlzoufgnlh221Q,rotational,31.0,"[[4, 1, 7, 0], [7, 6, 5]]",1.0,1.77,1,Fully conscious/deliberative,Fully clear,Quite hard,Rather confident,"Memory, trying to remember the arrangement of the flowers."
Qngbd5j9fz1wwlzoufgnlh221Q,rotational,32.0,"[[7, 1, 4], [2, 6, 7, 1]]",1.0,2.609,0,Fully conscious/deliberative,Fully clear,Quite hard,Rather confident,"Memory, trying to remember the arrangement of the flowers."
Qngbd5j9fz1wwlzoufgnlh221Q,rotational,33.0,"[[0, 7, 6, 5], [5, 6, 2]]",1.0,3.834,1,Fully conscious/deliberative,Fully clear,Quite hard,Rather confident,"Memory, trying to remember the arrangement of the flowers."
Qngbd5j9fz1wwlzoufgnlh221Q,rotational,34.0,"[[2, 6, 7, 1, 4], [2, 6, 5, 3]]",0.0,10.201,0,Fully conscious/deliberative,Fully clear,Quite hard,Rather confident,"Memory, trying to remember the arrangement of the flowers."
Qngbd5j9fz1wwlzoufgnlh221Q,rotational,35.0,"[[3, 5, 6, 2], [0, 7, 6]]",0.0,4.448,0,Fully conscious/deliberative,Fully clear,Quite hard,Rather confident,"Memory, trying to remember the arrangement of the flowers."
Qngbd5j9fz1wwlzoufgnlh221Q,rotational,36.0,"[[7, 6, 5, 3], [7, 6, 2]]",0.0,5.113,0,Fully conscious/deliberative,Fully clear,Quite hard,Rather confident,"Memory, trying to remember the arrangement of the flowers."
Qngbd5j9fz1wwlzoufgnlh221Q,rotational,37.0,"[[3, 5, 6, 7, 1], [3, 5, 6, 2]]",0.0,8.863,0,Fully conscious/deliberative,Fully clear,Quite hard,Rather confident,"Memory, trying to remember the arrangement of the flowers."
Qngbd5j9fz1wwlzoufgnlh221Q,rotational,38.0,"[[0, 7, 6, 2], [7, 6, 5]]",1.0,4.825,1,Fully conscious/deliberative,Fully clear,Quite hard,Rather confident,"Memory, trying to remember the arrangement of the flowers."
Qngbd5j9fz1wwlzoufgnlh221Q,rotational,39.0,"[[1, 7, 6], [5, 6, 7, 1]]",0.0,7.641,1,Fully conscious/deliberative,Fully clear,Quite hard,Rather confident,"Memory, trying to remember the arrangement of the flowers."
Qngbd5j9fz1wwlzoufgnlh221Q,rotational,40.0,"[[2, 6, 7, 0], [1, 7, 0]]",1.0,0.112,1,Fully conscious/deliberative,Fully clear,Quite hard,Rather confident,"Memory, trying to remember the arrangement of the flowers."
Qngbd5j9fz1wwlzoufgnlh221Q,rotational,41.0,"[[1, 7, 6], [1, 7, 6, 2]]",0.0,4.359,1,Fully conscious/deliberative,Fully clear,Quite hard,Rather confident,"Memory, trying to remember the arrangement of the flowers."
Qngbd5j9fz1wwlzoufgnlh221Q,rotational,42.0,"[[2, 6, 5], [4, 1, 7, 6]]",0.0,9.755,1,Fully conscious/deliberative,Fully clear,Quite hard,Rather confident,"Memory, trying to remember the arrangement of the flowers."
Qngbd5j9fz1wwlzoufgnlh221Q,rotational,43.0,"[[0, 7, 1], [2, 6, 5, 3]]",0.0,7.201,1,Fully conscious/deliberative,Fully clear,Quite hard,Rather confident,"Memory, trying to remember the arrangement of the flowers."
Qngbd5j9fz1wwlzoufgnlh221Q,rotational,44.0,"[[2, 6, 5], [2, 6, 7, 1]]",1.0,4.313,0,Fully conscious/deliberative,Fully clear,Quite hard,Rather confident,"Memory, trying to remember the arrangement of the flowers."
Qngbd5j9fz1wwlzoufgnlh221Q,rotational,45.0,"[[7, 1, 4], [1, 7, 6, 5]]",1.0,2.998,0,Fully conscious/deliberative,Fully clear,Quite hard,Rather confident,"Memory, trying to remember the arrangement of the flowers."
Qngbd5j9fz1wwlzoufgnlh221Q,rotational,46.0,"[[4, 1, 7, 6, 2], [0, 7, 6, 5]]",0.0,5.864,0,Fully conscious/deliberative,Fully clear,Quite hard,Rather confident,"Memory, trying to remember the arrangement of the flowers."
Qngbd5j9fz1wwlzoufgnlh221Q,rotational,47.0,"[[0, 7, 6, 5], [0, 7, 6]]",0.0,6.273,0,Fully conscious/deliberative,Fully clear,Quite hard,Rather confident,"Memory, trying to remember the arrangement of the flowers."
Qngbd5j9fz1wwlzoufgnlh221Q,rotational,48.0,"[[3, 5, 6, 7], [2, 6, 7, 1, 4]]",1.0,3.561,0,Fully conscious/deliberative,Fully clear,Quite hard,Rather confident,"Memory, trying to remember the arrangement of the flowers."
Qngbd5j9fz1wwlzoufgnlh221Q,rotational,49.0,"[[7, 6, 5], [5, 6, 7, 0]]",1.0,7.874,0,Fully conscious/deliberative,Fully clear,Quite hard,Rather confident,"Memory, trying to remember the arrangement of the flowers."
Qngbd5j9fz1wwlzoufgnlh221Q,rotational,50.0,"[[2, 6, 7, 1], [0, 7, 1]]",1.0,3.522,1,Fully conscious/deliberative,Fully clear,Quite hard,Rather confident,"Memory, trying to remember the arrangement of the flowers."
Qngbd5j9fz1wwlzoufgnlh221Q,rotational,51.0,"[[0, 7, 1, 4], [4, 1, 7, 6, 5]]",0.0,12.529,1,Fully conscious/deliberative,Fully clear,Quite hard,Rather confident,"Memory, trying to remember the arrangement of the flowers."
Qngbd5j9fz1wwlzoufgnlh221Q,rotational,52.0,"[[4, 1, 7, 6], [7, 6, 2]]",1.0,6.929,1,Fully conscious/deliberative,Fully clear,Quite hard,Rather confident,"Memory, trying to remember the arrangement of the flowers."
Qngbd5j9fz1wwlzoufgnlh221Q,rotational,53.0,"[[2, 6, 7], [4, 1, 7, 6]]",1.0,13.482,0,Fully conscious/deliberative,Fully clear,Quite hard,Rather confident,"Memory, trying to remember the arrangement of the flowers."
Qngbd5j9fz1wwlzoufgnlh221Q,rotational,54.0,"[[1, 7, 6, 2], [7, 1, 4]]",1.0,4.489,1,Fully conscious/deliberative,Fully clear,Quite hard,Rather confident,"Memory, trying to remember the arrangement of the flowers."
Qngbd5j9fz1wwlzoufgnlh221Q,rotational,55.0,"[[7, 6, 5], [2, 6, 7, 1]]",1.0,3.465,0,Fully conscious/deliberative,Fully clear,Quite hard,Rather confident,"Memory, trying to remember the arrangement of the flowers."
Qngbd5j9fz1wwlzoufgnlh221Q,rotational,56.0,"[[3, 5, 6, 7, 0], [2, 6, 7, 1]]",0.0,4.648,0,Fully conscious/deliberative,Fully clear,Quite hard,Rather confident,"Memory, trying to remember the arrangement of the flowers."
Qngbd5j9fz1wwlzoufgnlh221Q,rotational,57.0,"[[1, 7, 6, 5, 3], [1, 7, 6, 5]]",0.0,3.218,0,Fully conscious/deliberative,Fully clear,Quite hard,Rather confident,"Memory, trying to remember the arrangement of the flowers."
Qngbd5j9fz1wwlzoufgnlh221Q,rotational,58.0,"[[0, 7, 1, 4], [7, 6, 2]]",0.0,4.632,0,Fully conscious/deliberative,Fully clear,Quite hard,Rather confident,"Memory, trying to remember the arrangement of the flowers."
Qngbd5j9fz1wwlzoufgnlh221Q,rotational,59.0,"[[4, 1, 7], [3, 5, 6, 2]]",1.0,4.147,0,Fully conscious/deliberative,Fully clear,Quite hard,Rather confident,"Memory, trying to remember the arrangement of the flowers."
Qngbd5j9fz1wwlzoufgnlh221Q,rotational,60.0,"[[6, 7, 1, 4], [3, 5, 6, 7, 1]]",1.0,7.889,0,Fully conscious/deliberative,Fully clear,Quite hard,Rather confident,"Memory, trying to remember the arrangement of the flowers."
Qngbd5j9fz1wwlzoufgnlh221Q,rotational,61.0,"[[5, 6, 7, 1, 4], [3, 5, 6, 7]]",1.0,4.481,1,Fully conscious/deliberative,Fully clear,Quite hard,Rather confident,"Memory, trying to remember the arrangement of the flowers."
Qngbd5j9fz1wwlzoufgnlh221Q,rotational,62.0,"[[0, 7, 1, 4], [4, 1, 7, 6, 2]]",1.0,3.825,0,Fully conscious/deliberative,Fully clear,Quite hard,Rather confident,"Memory, trying to remember the arrangement of the flowers."
Qngbd5j9fz1wwlzoufgnlh221Q,rotational,63.0,"[[0, 7, 1, 4], [2, 6, 7]]",0.0,10.254,0,Fully conscious/deliberative,Fully clear,Quite hard,Rather confident,"Memory, trying to remember the arrangement of the flowers."
Qngbd5j9fz1wwlzoufgnlh221Q,rotational,64.0,"[[6, 5, 3], [6, 7, 1, 4]]",0.0,7.557,1,Fully conscious/deliberative,Fully clear,Quite hard,Rather confident,"Memory, trying to remember the arrangement of the flowers."
Qpfbao8vldl8b519yxjta067zQ,rotational,0.0,"[[1, 7, 6, 2], [1, 7, 6, 5, 3]]",1.0,6.195,0,Fully conscious/deliberative,Fully clear,Hard,Unconfident,I tried to remember the paths from the first part of the study that I knew were regularly used paths.
Qpfbao8vldl8b519yxjta067zQ,rotational,1.0,"[[5, 6, 7, 0], [4, 1, 7, 6, 2]]",0.0,2.897,1,Fully conscious/deliberative,Fully clear,Hard,Unconfident,I tried to remember the paths from the first part of the study that I knew were regularly used paths.
Qpfbao8vldl8b519yxjta067zQ,rotational,2.0,"[[6, 7, 0], [0, 7, 6, 5]]",1.0,3.833,0,Fully conscious/deliberative,Fully clear,Hard,Unconfident,I tried to remember the paths from the first part of the study that I knew were regularly used paths.
Qpfbao8vldl8b519yxjta067zQ,rotational,3.0,"[[0, 7, 1], [2, 6, 7, 1]]",0.0,3.45,1,Fully conscious/deliberative,Fully clear,Hard,Unconfident,I tried to remember the paths from the first part of the study that I knew were regularly used paths.
Qpfbao8vldl8b519yxjta067zQ,rotational,4.0,"[[6, 7, 1, 4], [6, 5, 3]]",0.0,2.928,0,Fully conscious/deliberative,Fully clear,Hard,Unconfident,I tried to remember the paths from the first part of the study that I knew were regularly used paths.
Qpfbao8vldl8b519yxjta067zQ,rotational,5.0,"[[7, 6, 2], [0, 7, 1, 4]]",1.0,3.699,0,Fully conscious/deliberative,Fully clear,Hard,Unconfident,I tried to remember the paths from the first part of the study that I knew were regularly used paths.
Qpfbao8vldl8b519yxjta067zQ,rotational,6.0,"[[1, 7, 6, 5, 3], [3, 5, 6, 2]]",0.0,2.336,0,Fully conscious/deliberative,Fully clear,Hard,Unconfident,I tried to remember the paths from the first part of the study that I knew were regularly used paths.
Qpfbao8vldl8b519yxjta067zQ,rotational,7.0,"[[7, 1, 4], [1, 7, 6, 2]]",1.0,3.944,0,Fully conscious/deliberative,Fully clear,Hard,Unconfident,I tried to remember the paths from the first part of the study that I knew were regularly used paths.
Qpfbao8vldl8b519yxjta067zQ,rotational,8.0,"[[6, 7, 1, 4], [5, 6, 2]]",1.0,1.899,1,Fully conscious/deliberative,Fully clear,Hard,Unconfident,I tried to remember the paths from the first part of the study that I knew were regularly used paths.
Qpfbao8vldl8b519yxjta067zQ,rotational,9.0,"[[0, 7, 1], [3, 5, 6, 2]]",0.0,2.214,1,Fully conscious/deliberative,Fully clear,Hard,Unconfident,I tried to remember the paths from the first part of the study that I knew were regularly used paths.
Qpfbao8vldl8b519yxjta067zQ,rotational,10.0,"[[1, 7, 6, 5, 3], [6, 7, 1, 4]]",0.0,1.751,0,Fully conscious/deliberative,Fully clear,Hard,Unconfident,I tried to remember the paths from the first part of the study that I knew were regularly used paths.
Qpfbao8vldl8b519yxjta067zQ,rotational,11.0,"[[3, 5, 6, 7, 1, 4], [2, 6, 7, 1, 4]]",1.0,3.029,1,Fully conscious/deliberative,Fully clear,Hard,Unconfident,I tried to remember the paths from the first part of the study that I knew were regularly used paths.
Qpfbao8vldl8b519yxjta067zQ,rotational,12.0,"[[1, 7, 6], [3, 5, 6, 2]]",0.0,2.15,1,Fully conscious/deliberative,Fully clear,Hard,Unconfident,I tried to remember the paths from the first part of the study that I knew were regularly used paths.
Qpfbao8vldl8b519yxjta067zQ,rotational,13.0,"[[1, 7, 0], [2, 6, 7, 0]]",1.0,2.662,0,Fully conscious/deliberative,Fully clear,Hard,Unconfident,I tried to remember the paths from the first part of the study that I knew were regularly used paths.
Qpfbao8vldl8b519yxjta067zQ,rotational,14.0,"[[3, 5, 6, 2], [6, 7, 0]]",0.0,2.381,0,Fully conscious/deliberative,Fully clear,Hard,Unconfident,I tried to remember the paths from the first part of the study that I knew were regularly used paths.
Qpfbao8vldl8b519yxjta067zQ,rotational,15.0,"[[7, 6, 5, 3], [5, 6, 7, 1, 4]]",0.0,1.535,1,Fully conscious/deliberative,Fully clear,Hard,Unconfident,I tried to remember the paths from the first part of the study that I knew were regularly used paths.
Qpfbao8vldl8b519yxjta067zQ,rotational,16.0,"[[6, 7, 1, 4], [5, 6, 7]]",1.0,1.228,1,Fully conscious/deliberative,Fully clear,Hard,Unconfident,I tried to remember the paths from the first part of the study that I knew were regularly used paths.
Qpfbao8vldl8b519yxjta067zQ,rotational,17.0,"[[7, 6, 5], [0, 7, 1, 4]]",1.0,1.218,0,Fully conscious/deliberative,Fully clear,Hard,Unconfident,I tried to remember the paths from the first part of the study that I knew were regularly used paths.
Qpfbao8vldl8b519yxjta067zQ,rotational,18.0,"[[5, 6, 7], [5, 6, 7, 0]]",1.0,1.082,0,Fully conscious/deliberative,Fully clear,Hard,Unconfident,I tried to remember the paths from the first part of the study that I knew were regularly used paths.
Qpfbao8vldl8b519yxjta067zQ,rotational,19.0,"[[2, 6, 5, 3], [2, 6, 7, 1, 4]]",0.0,2.748,1,Fully conscious/deliberative,Fully clear,Hard,Unconfident,I tried to remember the paths from the first part of the study that I knew were regularly used paths.
Qpfbao8vldl8b519yxjta067zQ,rotational,20.0,"[[1, 7, 6, 5], [4, 1, 7]]",0.0,2.327,0,Fully conscious/deliberative,Fully clear,Hard,Unconfident,I tried to remember the paths from the first part of the study that I knew were regularly used paths.
Qpfbao8vldl8b519yxjta067zQ,rotational,21.0,"[[5, 6, 7], [1, 7, 6, 2]]",1.0,1.081,0,Fully conscious/deliberative,Fully clear,Hard,Unconfident,I tried to remember the paths from the first part of the study that I knew were regularly used paths.
Qpfbao8vldl8b519yxjta067zQ,rotational,22.0,"[[5, 6, 7, 0], [6, 7, 1]]",0.0,3.667,0,Fully conscious/deliberative,Fully clear,Hard,Unconfident,I tried to remember the paths from the first part of the study that I knew were regularly used paths.
Qpfbao8vldl8b519yxjta067zQ,rotational,23.0,"[[6, 5, 3], [2, 6, 7, 0]]",0.0,1.832,1,Fully conscious/deliberative,Fully clear,Hard,Unconfident,I tried to remember the paths from the first part of the study that I knew were regularly used paths.
Qpfbao8vldl8b519yxjta067zQ,rotational,24.0,"[[3, 5, 6], [0, 7, 1, 4]]",1.0,1.113,0,Fully conscious/deliberative,Fully clear,Hard,Unconfident,I tried to remember the paths from the first part of the study that I knew were regularly used paths.
Qpfbao8vldl8b519yxjta067zQ,rotational,25.0,"[[7, 6, 5, 3], [2, 6, 7, 1, 4]]",0.0,1.899,1,Fully conscious/deliberative,Fully clear,Hard,Unconfident,I tried to remember the paths from the first part of the study that I knew were regularly used paths.
Qpfbao8vldl8b519yxjta067zQ,rotational,26.0,"[[2, 6, 5], [0, 7, 6, 5]]",1.0,1.251,0,Fully conscious/deliberative,Fully clear,Hard,Unconfident,I tried to remember the paths from the first part of the study that I knew were regularly used paths.
Qpfbao8vldl8b519yxjta067zQ,rotational,27.0,"[[1, 7, 6, 5], [6, 5, 3]]",0.0,1.361,0,Fully conscious/deliberative,Fully clear,Hard,Unconfident,I tried to remember the paths from the first part of the study that I knew were regularly used paths.
Qpfbao8vldl8b519yxjta067zQ,rotational,28.0,"[[1, 7, 6, 5], [4, 1, 7]]",0.0,1.235,0,Fully conscious/deliberative,Fully clear,Hard,Unconfident,I tried to remember the paths from the first part of the study that I knew were regularly used paths.
Qpfbao8vldl8b519yxjta067zQ,rotational,29.0,"[[1, 7, 6, 2], [1, 7, 6]]",1.0,2.995,1,Fully conscious/deliberative,Fully clear,Hard,Unconfident,I tried to remember the paths from the first part of the study that I knew were regularly used paths.
Qpfbao8vldl8b519yxjta067zQ,rotational,30.0,"[[0, 7, 6, 2], [5, 6, 7]]",1.0,1.265,1,Fully conscious/deliberative,Fully clear,Hard,Unconfident,I tried to remember the paths from the first part of the study that I knew were regularly used paths.
Qpfbao8vldl8b519yxjta067zQ,rotational,31.0,"[[5, 6, 2], [4, 1, 7, 0]]",1.0,1.146,0,Fully conscious/deliberative,Fully clear,Hard,Unconfident,I tried to remember the paths from the first part of the study that I knew were regularly used paths.
Qpfbao8vldl8b519yxjta067zQ,rotational,32.0,"[[6, 7, 1, 4], [3, 5, 6, 7, 0]]",0.0,4.102,1,Fully conscious/deliberative,Fully clear,Hard,Unconfident,I tried to remember the paths from the first part of the study that I knew were regularly used paths.
Qpfbao8vldl8b519yxjta067zQ,rotational,33.0,"[[1, 7, 6, 2], [0, 7, 6, 5, 3]]",1.0,1.411,0,Fully conscious/deliberative,Fully clear,Hard,Unconfident,I tried to remember the paths from the first part of the study that I knew were regularly used paths.
Qpfbao8vldl8b519yxjta067zQ,rotational,34.0,"[[6, 7, 1, 4], [6, 5, 3]]",1.0,1.503,1,Fully conscious/deliberative,Fully clear,Hard,Unconfident,I tried to remember the paths from the first part of the study that I knew were regularly used paths.
Qpfbao8vldl8b519yxjta067zQ,rotational,35.0,"[[0, 7, 1], [0, 7, 6, 5]]",1.0,0.91,0,Fully conscious/deliberative,Fully clear,Hard,Unconfident,I tried to remember the paths from the first part of the study that I knew were regularly used paths.
Qpfbao8vldl8b519yxjta067zQ,rotational,36.0,"[[4, 1, 7], [5, 6, 7, 0]]",0.0,2.382,1,Fully conscious/deliberative,Fully clear,Hard,Unconfident,I tried to remember the paths from the first part of the study that I knew were regularly used paths.
Qpfbao8vldl8b519yxjta067zQ,rotational,37.0,"[[2, 6, 7, 1, 4], [4, 1, 7, 0]]",1.0,2.519,1,Fully conscious/deliberative,Fully clear,Hard,Unconfident,I tried to remember the paths from the first part of the study that I knew were regularly used paths.
Qpfbao8vldl8b519yxjta067zQ,rotational,38.0,"[[1, 7, 6], [1, 7, 6, 5]]",0.0,1.878,1,Fully conscious/deliberative,Fully clear,Hard,Unconfident,I tried to remember the paths from the first part of the study that I knew were regularly used paths.
Qpfbao8vldl8b519yxjta067zQ,rotational,39.0,"[[7, 6, 5], [1, 7, 6, 5]]",1.0,0.948,0,Fully conscious/deliberative,Fully clear,Hard,Unconfident,I tried to remember the paths from the first part of the study that I knew were regularly used paths.
Qpfbao8vldl8b519yxjta067zQ,rotational,40.0,"[[7, 1, 4], [3, 5, 6, 2]]",0.0,2.515,1,Fully conscious/deliberative,Fully clear,Hard,Unconfident,I tried to remember the paths from the first part of the study that I knew were regularly used paths.
Qpfbao8vldl8b519yxjta067zQ,rotational,41.0,"[[2, 6, 7], [3, 5, 6, 7]]",1.0,1.132,0,Fully conscious/deliberative,Fully clear,Hard,Unconfident,I tried to remember the paths from the first part of the study that I knew were regularly used paths.
Qpfbao8vldl8b519yxjta067zQ,rotational,42.0,"[[1, 7, 6, 2], [1, 7, 0]]",1.0,3.731,1,Fully conscious/deliberative,Fully clear,Hard,Unconfident,I tried to remember the paths from the first part of the study that I knew were regularly used paths.
Qpfbao8vldl8b519yxjta067zQ,rotational,43.0,"[[2, 6, 5, 3], [7, 6, 5]]",1.0,1.535,1,Fully conscious/deliberative,Fully clear,Hard,Unconfident,I tried to remember the paths from the first part of the study that I knew were regularly used paths.
Qpfbao8vldl8b519yxjta067zQ,rotational,44.0,"[[4, 1, 7], [2, 6, 7, 1]]",0.0,1.713,1,Fully conscious/deliberative,Fully clear,Hard,Unconfident,I tried to remember the paths from the first part of the study that I knew were regularly used paths.
Qpfbao8vldl8b519yxjta067zQ,rotational,45.0,"[[0, 7, 1, 4], [6, 7, 0]]",1.0,3.0,1,Fully conscious/deliberative,Fully clear,Hard,Unconfident,I tried to remember the paths from the first part of the study that I knew were regularly used paths.
Qpfbao8vldl8b519yxjta067zQ,rotational,46.0,"[[1, 7, 6, 2], [2, 6, 5]]",1.0,1.199,1,Fully conscious/deliberative,Fully clear,Hard,Unconfident,I tried to remember the paths from the first part of the study that I knew were regularly used paths.
Qpfbao8vldl8b519yxjta067zQ,rotational,47.0,"[[1, 7, 6, 5], [0, 7, 1]]",0.0,1.828,0,Fully conscious/deliberative,Fully clear,Hard,Unconfident,I tried to remember the paths from the first part of the study that I knew were regularly used paths.
Qpfbao8vldl8b519yxjta067zQ,rotational,48.0,"[[4, 1, 7, 6, 5], [4, 1, 7, 6]]",0.0,2.798,0,Fully conscious/deliberative,Fully clear,Hard,Unconfident,I tried to remember the paths from the first part of the study that I knew were regularly used paths.
Qpfbao8vldl8b519yxjta067zQ,rotational,49.0,"[[2, 6, 5], [2, 6, 5, 3]]",1.0,1.916,0,Fully conscious/deliberative,Fully clear,Hard,Unconfident,I tried to remember the paths from the first part of the study that I knew were regularly used paths.
Qpfbao8vldl8b519yxjta067zQ,rotational,50.0,"[[1, 7, 6, 5], [1, 7, 6, 5, 3]]",0.0,1.65,1,Fully conscious/deliberative,Fully clear,Hard,Unconfident,I tried to remember the paths from the first part of the study that I knew were regularly used paths.
Qpfbao8vldl8b519yxjta067zQ,rotational,51.0,"[[4, 1, 7, 6], [1, 7, 0]]",0.0,1.913,0,Fully conscious/deliberative,Fully clear,Hard,Unconfident,I tried to remember the paths from the first part of the study that I knew were regularly used paths.
Qpfbao8vldl8b519yxjta067zQ,rotational,52.0,"[[2, 6, 7, 0], [0, 7, 6, 5, 3]]",1.0,1.565,0,Fully conscious/deliberative,Fully clear,Hard,Unconfident,I tried to remember the paths from the first part of the study that I knew were regularly used paths.
Qpfbao8vldl8b519yxjta067zQ,rotational,53.0,"[[3, 5, 6, 7], [5, 6, 7, 1, 4]]",0.0,2.947,1,Fully conscious/deliberative,Fully clear,Hard,Unconfident,I tried to remember the paths from the first part of the study that I knew were regularly used paths.
Qpfbao8vldl8b519yxjta067zQ,rotational,54.0,"[[4, 1, 7, 0], [4, 1, 7, 6, 5]]",0.0,1.399,1,Fully conscious/deliberative,Fully clear,Hard,Unconfident,I tried to remember the paths from the first part of the study that I knew were regularly used paths.
Qpfbao8vldl8b519yxjta067zQ,rotational,55.0,"[[0, 7, 6, 2], [4, 1, 7]]",1.0,2.364,1,Fully conscious/deliberative,Fully clear,Hard,Unconfident,I tried to remember the paths from the first part of the study that I knew were regularly used paths.
Qpfbao8vldl8b519yxjta067zQ,rotational,56.0,"[[5, 6, 2], [3, 5, 6, 7]]",1.0,0.982,0,Fully conscious/deliberative,Fully clear,Hard,Unconfident,I tried to remember the paths from the first part of the study that I knew were regularly used paths.
Qpfbao8vldl8b519yxjta067zQ,rotational,57.0,"[[2, 6, 7], [5, 6, 7, 1]]",1.0,1.168,0,Fully conscious/deliberative,Fully clear,Hard,Unconfident,I tried to remember the paths from the first part of the study that I knew were regularly used paths.
Qpfbao8vldl8b519yxjta067zQ,rotational,58.0,"[[2, 6, 7], [1, 7, 6, 2]]",1.0,1.061,0,Fully conscious/deliberative,Fully clear,Hard,Unconfident,I tried to remember the paths from the first part of the study that I knew were regularly used paths.
Qpfbao8vldl8b519yxjta067zQ,rotational,59.0,"[[6, 5, 3], [2, 6, 7, 1]]",0.0,3.8,1,Fully conscious/deliberative,Fully clear,Hard,Unconfident,I tried to remember the paths from the first part of the study that I knew were regularly used paths.
Qpfbao8vldl8b519yxjta067zQ,rotational,60.0,"[[2, 6, 7], [4, 1, 7, 6]]",1.0,1.051,0,Fully conscious/deliberative,Fully clear,Hard,Unconfident,I tried to remember the paths from the first part of the study that I knew were regularly used paths.
Qpfbao8vldl8b519yxjta067zQ,rotational,61.0,"[[5, 6, 7, 1], [5, 6, 2]]",1.0,1.082,1,Fully conscious/deliberative,Fully clear,Hard,Unconfident,I tried to remember the paths from the first part of the study that I knew were regularly used paths.
Qpfbao8vldl8b519yxjta067zQ,rotational,62.0,"[[6, 7, 1], [4, 1, 7, 0]]",0.0,1.877,1,Fully conscious/deliberative,Fully clear,Hard,Unconfident,I tried to remember the paths from the first part of the study that I knew were regularly used paths.
Qpfbao8vldl8b519yxjta067zQ,rotational,63.0,"[[2, 6, 7], [6, 7, 1, 4]]",1.0,3.182,0,Fully conscious/deliberative,Fully clear,Hard,Unconfident,I tried to remember the paths from the first part of the study that I knew were regularly used paths.
Qpfbao8vldl8b519yxjta067zQ,rotational,64.0,"[[7, 6, 2], [4, 1, 7, 0]]",1.0,3.25,0,Fully conscious/deliberative,Fully clear,Hard,Unconfident,I tried to remember the paths from the first part of the study that I knew were regularly used paths.
Qqbd4h2ipvi4e1dhj1o4fzj7nQ,rotational,0.0,"[[5, 6, 7, 1], [2, 6, 5]]",0.0,14.483,0,Fully conscious/deliberative,Fully unclear,Hard,Unconfident,I really could not figure out the easiest route without drawing. I tried to remember the unknown matches of the bees however I was not getting it.
Qqbd4h2ipvi4e1dhj1o4fzj7nQ,rotational,1.0,"[[4, 1, 7], [5, 6, 7, 0]]",1.0,5.993,0,Fully conscious/deliberative,Fully unclear,Hard,Unconfident,I really could not figure out the easiest route without drawing. I tried to remember the unknown matches of the bees however I was not getting it.
Qqbd4h2ipvi4e1dhj1o4fzj7nQ,rotational,2.0,"[[4, 1, 7, 6], [1, 7, 6, 5, 3]]",0.0,6.469,1,Fully conscious/deliberative,Fully unclear,Hard,Unconfident,I really could not figure out the easiest route without drawing. I tried to remember the unknown matches of the bees however I was not getting it.
Qqbd4h2ipvi4e1dhj1o4fzj7nQ,rotational,3.0,"[[2, 6, 7], [4, 1, 7, 6]]",0.0,2.914,1,Fully conscious/deliberative,Fully unclear,Hard,Unconfident,I really could not figure out the easiest route without drawing. I tried to remember the unknown matches of the bees however I was not getting it.
Qqbd4h2ipvi4e1dhj1o4fzj7nQ,rotational,4.0,"[[1, 7, 6], [0, 7, 1, 4]]",0.0,6.407,1,Fully conscious/deliberative,Fully unclear,Hard,Unconfident,I really could not figure out the easiest route without drawing. I tried to remember the unknown matches of the bees however I was not getting it.
Qqbd4h2ipvi4e1dhj1o4fzj7nQ,rotational,5.0,"[[0, 7, 1, 4], [7, 6, 2]]",0.0,2.861,0,Fully conscious/deliberative,Fully unclear,Hard,Unconfident,I really could not figure out the easiest route without drawing. I tried to remember the unknown matches of the bees however I was not getting it.
Qqbd4h2ipvi4e1dhj1o4fzj7nQ,rotational,6.0,"[[2, 6, 7, 1], [1, 7, 6, 5, 3]]",1.0,3.738,0,Fully conscious/deliberative,Fully unclear,Hard,Unconfident,I really could not figure out the easiest route without drawing. I tried to remember the unknown matches of the bees however I was not getting it.
Qqbd4h2ipvi4e1dhj1o4fzj7nQ,rotational,7.0,"[[2, 6, 7, 1], [3, 5, 6, 7, 0]]",0.0,2.43,1,Fully conscious/deliberative,Fully unclear,Hard,Unconfident,I really could not figure out the easiest route without drawing. I tried to remember the unknown matches of the bees however I was not getting it.
Qqbd4h2ipvi4e1dhj1o4fzj7nQ,rotational,8.0,"[[2, 6, 7, 0], [7, 6, 5]]",0.0,6.221,0,Fully conscious/deliberative,Fully unclear,Hard,Unconfident,I really could not figure out the easiest route without drawing. I tried to remember the unknown matches of the bees however I was not getting it.
Qqbd4h2ipvi4e1dhj1o4fzj7nQ,rotational,9.0,"[[7, 1, 4], [5, 6, 7, 1]]",0.0,2.638,1,Fully conscious/deliberative,Fully unclear,Hard,Unconfident,I really could not figure out the easiest route without drawing. I tried to remember the unknown matches of the bees however I was not getting it.
Qqbd4h2ipvi4e1dhj1o4fzj7nQ,rotational,10.0,"[[4, 1, 7, 6], [6, 5, 3]]",1.0,5.567,1,Fully conscious/deliberative,Fully unclear,Hard,Unconfident,I really could not figure out the easiest route without drawing. I tried to remember the unknown matches of the bees however I was not getting it.
Qqbd4h2ipvi4e1dhj1o4fzj7nQ,rotational,11.0,"[[4, 1, 7], [3, 5, 6, 2]]",1.0,2.527,0,Fully conscious/deliberative,Fully unclear,Hard,Unconfident,I really could not figure out the easiest route without drawing. I tried to remember the unknown matches of the bees however I was not getting it.
Qqbd4h2ipvi4e1dhj1o4fzj7nQ,rotational,12.0,"[[1, 7, 6, 5], [1, 7, 6, 5, 3]]",0.0,7.347,1,Fully conscious/deliberative,Fully unclear,Hard,Unconfident,I really could not figure out the easiest route without drawing. I tried to remember the unknown matches of the bees however I was not getting it.
Qqbd4h2ipvi4e1dhj1o4fzj7nQ,rotational,13.0,"[[5, 6, 7, 1, 4], [4, 1, 7, 6]]",0.0,3.419,0,Fully conscious/deliberative,Fully unclear,Hard,Unconfident,I really could not figure out the easiest route without drawing. I tried to remember the unknown matches of the bees however I was not getting it.
Qqbd4h2ipvi4e1dhj1o4fzj7nQ,rotational,14.0,"[[3, 5, 6], [4, 1, 7, 6]]",0.0,3.141,1,Fully conscious/deliberative,Fully unclear,Hard,Unconfident,I really could not figure out the easiest route without drawing. I tried to remember the unknown matches of the bees however I was not getting it.
Qqbd4h2ipvi4e1dhj1o4fzj7nQ,rotational,15.0,"[[5, 6, 7, 1], [1, 7, 6]]",0.0,2.71,0,Fully conscious/deliberative,Fully unclear,Hard,Unconfident,I really could not figure out the easiest route without drawing. I tried to remember the unknown matches of the bees however I was not getting it.
Qqbd4h2ipvi4e1dhj1o4fzj7nQ,rotational,16.0,"[[5, 6, 7], [0, 7, 6, 5]]",0.0,4.783,1,Fully conscious/deliberative,Fully unclear,Hard,Unconfident,I really could not figure out the easiest route without drawing. I tried to remember the unknown matches of the bees however I was not getting it.
Qqbd4h2ipvi4e1dhj1o4fzj7nQ,rotational,17.0,"[[2, 6, 7, 1, 4], [0, 7, 6, 5]]",0.0,3.384,0,Fully conscious/deliberative,Fully unclear,Hard,Unconfident,I really could not figure out the easiest route without drawing. I tried to remember the unknown matches of the bees however I was not getting it.
Qqbd4h2ipvi4e1dhj1o4fzj7nQ,rotational,18.0,"[[4, 1, 7, 6, 5, 3], [4, 1, 7, 6, 2]]",0.0,3.333,0,Fully conscious/deliberative,Fully unclear,Hard,Unconfident,I really could not figure out the easiest route without drawing. I tried to remember the unknown matches of the bees however I was not getting it.
Qqbd4h2ipvi4e1dhj1o4fzj7nQ,rotational,19.0,"[[0, 7, 6], [0, 7, 6, 5]]",1.0,4.441,0,Fully conscious/deliberative,Fully unclear,Hard,Unconfident,I really could not figure out the easiest route without drawing. I tried to remember the unknown matches of the bees however I was not getting it.
Qqbd4h2ipvi4e1dhj1o4fzj7nQ,rotational,20.0,"[[2, 6, 7, 1], [7, 6, 2]]",1.0,4.207,1,Fully conscious/deliberative,Fully unclear,Hard,Unconfident,I really could not figure out the easiest route without drawing. I tried to remember the unknown matches of the bees however I was not getting it.
Qqbd4h2ipvi4e1dhj1o4fzj7nQ,rotational,21.0,"[[6, 7, 1], [5, 6, 7, 0]]",1.0,3.026,0,Fully conscious/deliberative,Fully unclear,Hard,Unconfident,I really could not figure out the easiest route without drawing. I tried to remember the unknown matches of the bees however I was not getting it.
Qqbd4h2ipvi4e1dhj1o4fzj7nQ,rotational,22.0,"[[3, 5, 6], [5, 6, 7, 1]]",0.0,5.19,1,Fully conscious/deliberative,Fully unclear,Hard,Unconfident,I really could not figure out the easiest route without drawing. I tried to remember the unknown matches of the bees however I was not getting it.
Qqbd4h2ipvi4e1dhj1o4fzj7nQ,rotational,23.0,"[[1, 7, 0], [5, 6, 7, 0]]",1.0,2.939,0,Fully conscious/deliberative,Fully unclear,Hard,Unconfident,I really could not figure out the easiest route without drawing. I tried to remember the unknown matches of the bees however I was not getting it.
Qqbd4h2ipvi4e1dhj1o4fzj7nQ,rotational,24.0,"[[2, 6, 7, 1], [3, 5, 6]]",1.0,3.119,1,Fully conscious/deliberative,Fully unclear,Hard,Unconfident,I really could not figure out the easiest route without drawing. I tried to remember the unknown matches of the bees however I was not getting it.
Qqbd4h2ipvi4e1dhj1o4fzj7nQ,rotational,25.0,"[[2, 6, 7, 0], [6, 5, 3]]",0.0,2.334,0,Fully conscious/deliberative,Fully unclear,Hard,Unconfident,I really could not figure out the easiest route without drawing. I tried to remember the unknown matches of the bees however I was not getting it.
Qqbd4h2ipvi4e1dhj1o4fzj7nQ,rotational,26.0,"[[6, 5, 3], [0, 7, 1, 4]]",1.0,2.024,0,Fully conscious/deliberative,Fully unclear,Hard,Unconfident,I really could not figure out the easiest route without drawing. I tried to remember the unknown matches of the bees however I was not getting it.
Qqbd4h2ipvi4e1dhj1o4fzj7nQ,rotational,27.0,"[[4, 1, 7], [2, 6, 7, 1]]",0.0,1.671,1,Fully conscious/deliberative,Fully unclear,Hard,Unconfident,I really could not figure out the easiest route without drawing. I tried to remember the unknown matches of the bees however I was not getting it.
Qqbd4h2ipvi4e1dhj1o4fzj7nQ,rotational,28.0,"[[3, 5, 6, 2], [1, 7, 0]]",0.0,0.843,0,Fully conscious/deliberative,Fully unclear,Hard,Unconfident,I really could not figure out the easiest route without drawing. I tried to remember the unknown matches of the bees however I was not getting it.
Qqbd4h2ipvi4e1dhj1o4fzj7nQ,rotational,29.0,"[[0, 7, 1], [5, 6, 7, 1]]",1.0,5.162,0,Fully conscious/deliberative,Fully unclear,Hard,Unconfident,I really could not figure out the easiest route without drawing. I tried to remember the unknown matches of the bees however I was not getting it.
Qqbd4h2ipvi4e1dhj1o4fzj7nQ,rotational,30.0,"[[1, 7, 6, 2], [1, 7, 0]]",0.0,1.828,0,Fully conscious/deliberative,Fully unclear,Hard,Unconfident,I really could not figure out the easiest route without drawing. I tried to remember the unknown matches of the bees however I was not getting it.
Qqbd4h2ipvi4e1dhj1o4fzj7nQ,rotational,31.0,"[[1, 7, 6, 2], [7, 6, 5]]",0.0,1.563,0,Fully conscious/deliberative,Fully unclear,Hard,Unconfident,I really could not figure out the easiest route without drawing. I tried to remember the unknown matches of the bees however I was not getting it.
Qqbd4h2ipvi4e1dhj1o4fzj7nQ,rotational,32.0,"[[0, 7, 1], [2, 6, 7, 0]]",0.0,1.369,1,Fully conscious/deliberative,Fully unclear,Hard,Unconfident,I really could not figure out the easiest route without drawing. I tried to remember the unknown matches of the bees however I was not getting it.
Qqbd4h2ipvi4e1dhj1o4fzj7nQ,rotational,33.0,"[[2, 6, 7, 0], [0, 7, 6, 5, 3]]",1.0,1.397,0,Fully conscious/deliberative,Fully unclear,Hard,Unconfident,I really could not figure out the easiest route without drawing. I tried to remember the unknown matches of the bees however I was not getting it.
Qqbd4h2ipvi4e1dhj1o4fzj7nQ,rotational,34.0,"[[5, 6, 7, 1], [7, 1, 4]]",0.0,2.562,0,Fully conscious/deliberative,Fully unclear,Hard,Unconfident,I really could not figure out the easiest route without drawing. I tried to remember the unknown matches of the bees however I was not getting it.
Qqbd4h2ipvi4e1dhj1o4fzj7nQ,rotational,35.0,"[[6, 7, 0], [3, 5, 6, 2]]",1.0,2.8,0,Fully conscious/deliberative,Fully unclear,Hard,Unconfident,I really could not figure out the easiest route without drawing. I tried to remember the unknown matches of the bees however I was not getting it.
Qqbd4h2ipvi4e1dhj1o4fzj7nQ,rotational,36.0,"[[0, 7, 1, 4], [5, 6, 2]]",0.0,2.282,0,Fully conscious/deliberative,Fully unclear,Hard,Unconfident,I really could not figure out the easiest route without drawing. I tried to remember the unknown matches of the bees however I was not getting it.
Qqbd4h2ipvi4e1dhj1o4fzj7nQ,rotational,37.0,"[[7, 1, 4], [1, 7, 6, 2]]",1.0,2.18,0,Fully conscious/deliberative,Fully unclear,Hard,Unconfident,I really could not figure out the easiest route without drawing. I tried to remember the unknown matches of the bees however I was not getting it.
Qqbd4h2ipvi4e1dhj1o4fzj7nQ,rotational,38.0,"[[7, 6, 2], [6, 7, 1, 4]]",0.0,1.717,1,Fully conscious/deliberative,Fully unclear,Hard,Unconfident,I really could not figure out the easiest route without drawing. I tried to remember the unknown matches of the bees however I was not getting it.
Qqbd4h2ipvi4e1dhj1o4fzj7nQ,rotational,39.0,"[[4, 1, 7, 6, 5], [7, 6, 5, 3]]",1.0,4.521,1,Fully conscious/deliberative,Fully unclear,Hard,Unconfident,I really could not figure out the easiest route without drawing. I tried to remember the unknown matches of the bees however I was not getting it.
Qqbd4h2ipvi4e1dhj1o4fzj7nQ,rotational,40.0,"[[0, 7, 1, 4], [4, 1, 7, 6, 2]]",1.0,3.121,0,Fully conscious/deliberative,Fully unclear,Hard,Unconfident,I really could not figure out the easiest route without drawing. I tried to remember the unknown matches of the bees however I was not getting it.
Qqbd4h2ipvi4e1dhj1o4fzj7nQ,rotational,41.0,"[[3, 5, 6, 7], [5, 6, 2]]",0.0,1.753,0,Fully conscious/deliberative,Fully unclear,Hard,Unconfident,I really could not figure out the easiest route without drawing. I tried to remember the unknown matches of the bees however I was not getting it.
Qqbd4h2ipvi4e1dhj1o4fzj7nQ,rotational,42.0,"[[5, 6, 7], [5, 6, 7, 1]]",0.0,4.231,1,Fully conscious/deliberative,Fully unclear,Hard,Unconfident,I really could not figure out the easiest route without drawing. I tried to remember the unknown matches of the bees however I was not getting it.
Qqbd4h2ipvi4e1dhj1o4fzj7nQ,rotational,43.0,"[[2, 6, 7, 1, 4], [3, 5, 6, 7]]",1.0,2.939,1,Fully conscious/deliberative,Fully unclear,Hard,Unconfident,I really could not figure out the easiest route without drawing. I tried to remember the unknown matches of the bees however I was not getting it.
Qqbd4h2ipvi4e1dhj1o4fzj7nQ,rotational,44.0,"[[2, 6, 7, 0], [4, 1, 7]]",0.0,3.493,0,Fully conscious/deliberative,Fully unclear,Hard,Unconfident,I really could not figure out the easiest route without drawing. I tried to remember the unknown matches of the bees however I was not getting it.
Qqbd4h2ipvi4e1dhj1o4fzj7nQ,rotational,45.0,"[[1, 7, 6, 5, 3], [3, 5, 6, 2]]",1.0,1.436,1,Fully conscious/deliberative,Fully unclear,Hard,Unconfident,I really could not figure out the easiest route without drawing. I tried to remember the unknown matches of the bees however I was not getting it.
Qqbd4h2ipvi4e1dhj1o4fzj7nQ,rotational,46.0,"[[5, 6, 2], [1, 7, 6, 2]]",1.0,2.882,0,Fully conscious/deliberative,Fully unclear,Hard,Unconfident,I really could not figure out the easiest route without drawing. I tried to remember the unknown matches of the bees however I was not getting it.
Qqbd4h2ipvi4e1dhj1o4fzj7nQ,rotational,47.0,"[[0, 7, 1, 4], [6, 7, 0]]",1.0,2.231,1,Fully conscious/deliberative,Fully unclear,Hard,Unconfident,I really could not figure out the easiest route without drawing. I tried to remember the unknown matches of the bees however I was not getting it.
Qqbd4h2ipvi4e1dhj1o4fzj7nQ,rotational,48.0,"[[5, 6, 7], [2, 6, 5, 3]]",0.0,1.878,1,Fully conscious/deliberative,Fully unclear,Hard,Unconfident,I really could not figure out the easiest route without drawing. I tried to remember the unknown matches of the bees however I was not getting it.
Qqbd4h2ipvi4e1dhj1o4fzj7nQ,rotational,49.0,"[[2, 6, 7, 1], [1, 7, 0]]",0.0,1.95,0,Fully conscious/deliberative,Fully unclear,Hard,Unconfident,I really could not figure out the easiest route without drawing. I tried to remember the unknown matches of the bees however I was not getting it.
Qqbd4h2ipvi4e1dhj1o4fzj7nQ,rotational,50.0,"[[2, 6, 7], [3, 5, 6, 7]]",1.0,1.473,0,Fully conscious/deliberative,Fully unclear,Hard,Unconfident,I really could not figure out the easiest route without drawing. I tried to remember the unknown matches of the bees however I was not getting it.
Qqbd4h2ipvi4e1dhj1o4fzj7nQ,rotational,51.0,"[[3, 5, 6, 2], [1, 7, 6]]",0.0,1.555,0,Fully conscious/deliberative,Fully unclear,Hard,Unconfident,I really could not figure out the easiest route without drawing. I tried to remember the unknown matches of the bees however I was not getting it.
Qqbd4h2ipvi4e1dhj1o4fzj7nQ,rotational,52.0,"[[0, 7, 1, 4], [7, 6, 2]]",1.0,1.42,1,Fully conscious/deliberative,Fully unclear,Hard,Unconfident,I really could not figure out the easiest route without drawing. I tried to remember the unknown matches of the bees however I was not getting it.
Qqbd4h2ipvi4e1dhj1o4fzj7nQ,rotational,53.0,"[[5, 6, 7, 1], [2, 6, 7]]",1.0,0.954,1,Fully conscious/deliberative,Fully unclear,Hard,Unconfident,I really could not figure out the easiest route without drawing. I tried to remember the unknown matches of the bees however I was not getting it.
Qqbd4h2ipvi4e1dhj1o4fzj7nQ,rotational,54.0,"[[4, 1, 7, 6, 5], [0, 7, 1, 4]]",1.0,3.663,1,Fully conscious/deliberative,Fully unclear,Hard,Unconfident,I really could not figure out the easiest route without drawing. I tried to remember the unknown matches of the bees however I was not getting it.
Qqbd4h2ipvi4e1dhj1o4fzj7nQ,rotational,55.0,"[[2, 6, 7, 1, 4], [2, 6, 5, 3]]",1.0,3.199,1,Fully conscious/deliberative,Fully unclear,Hard,Unconfident,I really could not figure out the easiest route without drawing. I tried to remember the unknown matches of the bees however I was not getting it.
Qqbd4h2ipvi4e1dhj1o4fzj7nQ,rotational,56.0,"[[0, 7, 6, 5, 3], [4, 1, 7, 6]]",0.0,3.332,0,Fully conscious/deliberative,Fully unclear,Hard,Unconfident,I really could not figure out the easiest route without drawing. I tried to remember the unknown matches of the bees however I was not getting it.
Qqbd4h2ipvi4e1dhj1o4fzj7nQ,rotational,57.0,"[[2, 6, 5], [3, 5, 6, 2]]",1.0,3.978,0,Fully conscious/deliberative,Fully unclear,Hard,Unconfident,I really could not figure out the easiest route without drawing. I tried to remember the unknown matches of the bees however I was not getting it.
Qqbd4h2ipvi4e1dhj1o4fzj7nQ,rotational,58.0,"[[0, 7, 1, 4], [7, 6, 5]]",1.0,4.369,1,Fully conscious/deliberative,Fully unclear,Hard,Unconfident,I really could not figure out the easiest route without drawing. I tried to remember the unknown matches of the bees however I was not getting it.
Qqbd4h2ipvi4e1dhj1o4fzj7nQ,rotational,59.0,"[[2, 6, 5], [6, 7, 1, 4]]",1.0,1.435,0,Fully conscious/deliberative,Fully unclear,Hard,Unconfident,I really could not figure out the easiest route without drawing. I tried to remember the unknown matches of the bees however I was not getting it.
Qqbd4h2ipvi4e1dhj1o4fzj7nQ,rotational,60.0,"[[6, 7, 1], [2, 6, 7, 1]]",0.0,1.369,1,Fully conscious/deliberative,Fully unclear,Hard,Unconfident,I really could not figure out the easiest route without drawing. I tried to remember the unknown matches of the bees however I was not getting it.
Qqbd4h2ipvi4e1dhj1o4fzj7nQ,rotational,61.0,"[[4, 1, 7, 6], [7, 6, 5]]",1.0,2.017,1,Fully conscious/deliberative,Fully unclear,Hard,Unconfident,I really could not figure out the easiest route without drawing. I tried to remember the unknown matches of the bees however I was not getting it.
Qqbd4h2ipvi4e1dhj1o4fzj7nQ,rotational,62.0,"[[2, 6, 5], [0, 7, 6, 5]]",1.0,1.036,0,Fully conscious/deliberative,Fully unclear,Hard,Unconfident,I really could not figure out the easiest route without drawing. I tried to remember the unknown matches of the bees however I was not getting it.
Qqbd4h2ipvi4e1dhj1o4fzj7nQ,rotational,63.0,"[[1, 7, 0], [6, 7, 1, 4]]",0.0,1.227,1,Fully conscious/deliberative,Fully unclear,Hard,Unconfident,I really could not figure out the easiest route without drawing. I tried to remember the unknown matches of the bees however I was not getting it.
Qqbd4h2ipvi4e1dhj1o4fzj7nQ,rotational,64.0,"[[4, 1, 7, 6, 5], [3, 5, 6, 7]]",0.0,1.864,0,Fully conscious/deliberative,Fully unclear,Hard,Unconfident,I really could not figure out the easiest route without drawing. I tried to remember the unknown matches of the bees however I was not getting it.
Qtxqkyh0q83pg2f83jmcn3z1uQ,rotational,0.0,"[[0, 7, 6, 5, 3], [0, 7, 6, 2]]",1.0,9.053,1,Fairly conscious/deliberative,Fully clear,Quite hard,Rather unconfident,"I remembered some pairings much clearer than others, and those sprang to mind easier and helped me remember some of the routes. Others were much harder, and I had to think quite hard and try and recall. For some the route was a confident choice but others involved a lot more thought and wasn't 100% certain. The instructions were clear and I fully understood, but it was very tricky to recall the pairs needed for shortest routes. I hope I will find out how I did, I really want to know how well I remembered and applied that to the correct shortest routes. My stragegy was mostly to try hard to recall the colour pairs so I could work out the route. I had to go with intuition for some of them - especially light yellow and light blue, but felt I remembered better with the other colours."
Qtxqkyh0q83pg2f83jmcn3z1uQ,rotational,1.0,"[[0, 7, 6, 5], [4, 1, 7]]",1.0,9.851,1,Fairly conscious/deliberative,Fully clear,Quite hard,Rather unconfident,"I remembered some pairings much clearer than others, and those sprang to mind easier and helped me remember some of the routes. Others were much harder, and I had to think quite hard and try and recall. For some the route was a confident choice but others involved a lot more thought and wasn't 100% certain. The instructions were clear and I fully understood, but it was very tricky to recall the pairs needed for shortest routes. I hope I will find out how I did, I really want to know how well I remembered and applied that to the correct shortest routes. My stragegy was mostly to try hard to recall the colour pairs so I could work out the route. I had to go with intuition for some of them - especially light yellow and light blue, but felt I remembered better with the other colours."
Qtxqkyh0q83pg2f83jmcn3z1uQ,rotational,2.0,"[[5, 6, 2], [5, 6, 7, 0]]",1.0,18.479,0,Fairly conscious/deliberative,Fully clear,Quite hard,Rather unconfident,"I remembered some pairings much clearer than others, and those sprang to mind easier and helped me remember some of the routes. Others were much harder, and I had to think quite hard and try and recall. For some the route was a confident choice but others involved a lot more thought and wasn't 100% certain. The instructions were clear and I fully understood, but it was very tricky to recall the pairs needed for shortest routes. I hope I will find out how I did, I really want to know how well I remembered and applied that to the correct shortest routes. My stragegy was mostly to try hard to recall the colour pairs so I could work out the route. I had to go with intuition for some of them - especially light yellow and light blue, but felt I remembered better with the other colours."
Qtxqkyh0q83pg2f83jmcn3z1uQ,rotational,3.0,"[[0, 7, 6, 5], [5, 6, 7]]",1.0,6.24,1,Fairly conscious/deliberative,Fully clear,Quite hard,Rather unconfident,"I remembered some pairings much clearer than others, and those sprang to mind easier and helped me remember some of the routes. Others were much harder, and I had to think quite hard and try and recall. For some the route was a confident choice but others involved a lot more thought and wasn't 100% certain. The instructions were clear and I fully understood, but it was very tricky to recall the pairs needed for shortest routes. I hope I will find out how I did, I really want to know how well I remembered and applied that to the correct shortest routes. My stragegy was mostly to try hard to recall the colour pairs so I could work out the route. I had to go with intuition for some of them - especially light yellow and light blue, but felt I remembered better with the other colours."
Qtxqkyh0q83pg2f83jmcn3z1uQ,rotational,4.0,"[[4, 1, 7, 6, 2], [5, 6, 7, 0]]",0.0,10.184,0,Fairly conscious/deliberative,Fully clear,Quite hard,Rather unconfident,"I remembered some pairings much clearer than others, and those sprang to mind easier and helped me remember some of the routes. Others were much harder, and I had to think quite hard and try and recall. For some the route was a confident choice but others involved a lot more thought and wasn't 100% certain. The instructions were clear and I fully understood, but it was very tricky to recall the pairs needed for shortest routes. I hope I will find out how I did, I really want to know how well I remembered and applied that to the correct shortest routes. My stragegy was mostly to try hard to recall the colour pairs so I could work out the route. I had to go with intuition for some of them - especially light yellow and light blue, but felt I remembered better with the other colours."
Qtxqkyh0q83pg2f83jmcn3z1uQ,rotational,5.0,"[[7, 6, 5], [0, 7, 6, 2]]",1.0,12.496,0,Fairly conscious/deliberative,Fully clear,Quite hard,Rather unconfident,"I remembered some pairings much clearer than others, and those sprang to mind easier and helped me remember some of the routes. Others were much harder, and I had to think quite hard and try and recall. For some the route was a confident choice but others involved a lot more thought and wasn't 100% certain. The instructions were clear and I fully understood, but it was very tricky to recall the pairs needed for shortest routes. I hope I will find out how I did, I really want to know how well I remembered and applied that to the correct shortest routes. My stragegy was mostly to try hard to recall the colour pairs so I could work out the route. I had to go with intuition for some of them - especially light yellow and light blue, but felt I remembered better with the other colours."
Qtxqkyh0q83pg2f83jmcn3z1uQ,rotational,6.0,"[[3, 5, 6, 2], [0, 7, 1]]",1.0,19.59,1,Fairly conscious/deliberative,Fully clear,Quite hard,Rather unconfident,"I remembered some pairings much clearer than others, and those sprang to mind easier and helped me remember some of the routes. Others were much harder, and I had to think quite hard and try and recall. For some the route was a confident choice but others involved a lot more thought and wasn't 100% certain. The instructions were clear and I fully understood, but it was very tricky to recall the pairs needed for shortest routes. I hope I will find out how I did, I really want to know how well I remembered and applied that to the correct shortest routes. My stragegy was mostly to try hard to recall the colour pairs so I could work out the route. I had to go with intuition for some of them - especially light yellow and light blue, but felt I remembered better with the other colours."
Qtxqkyh0q83pg2f83jmcn3z1uQ,rotational,7.0,"[[1, 7, 6, 2], [3, 5, 6]]",1.0,13.108,1,Fairly conscious/deliberative,Fully clear,Quite hard,Rather unconfident,"I remembered some pairings much clearer than others, and those sprang to mind easier and helped me remember some of the routes. Others were much harder, and I had to think quite hard and try and recall. For some the route was a confident choice but others involved a lot more thought and wasn't 100% certain. The instructions were clear and I fully understood, but it was very tricky to recall the pairs needed for shortest routes. I hope I will find out how I did, I really want to know how well I remembered and applied that to the correct shortest routes. My stragegy was mostly to try hard to recall the colour pairs so I could work out the route. I had to go with intuition for some of them - especially light yellow and light blue, but felt I remembered better with the other colours."
Qtxqkyh0q83pg2f83jmcn3z1uQ,rotational,8.0,"[[2, 6, 7, 1, 4], [4, 1, 7, 0]]",1.0,10.105,1,Fairly conscious/deliberative,Fully clear,Quite hard,Rather unconfident,"I remembered some pairings much clearer than others, and those sprang to mind easier and helped me remember some of the routes. Others were much harder, and I had to think quite hard and try and recall. For some the route was a confident choice but others involved a lot more thought and wasn't 100% certain. The instructions were clear and I fully understood, but it was very tricky to recall the pairs needed for shortest routes. I hope I will find out how I did, I really want to know how well I remembered and applied that to the correct shortest routes. My stragegy was mostly to try hard to recall the colour pairs so I could work out the route. I had to go with intuition for some of them - especially light yellow and light blue, but felt I remembered better with the other colours."
Qtxqkyh0q83pg2f83jmcn3z1uQ,rotational,9.0,"[[7, 6, 2], [3, 5, 6, 7]]",0.0,4.937,1,Fairly conscious/deliberative,Fully clear,Quite hard,Rather unconfident,"I remembered some pairings much clearer than others, and those sprang to mind easier and helped me remember some of the routes. Others were much harder, and I had to think quite hard and try and recall. For some the route was a confident choice but others involved a lot more thought and wasn't 100% certain. The instructions were clear and I fully understood, but it was very tricky to recall the pairs needed for shortest routes. I hope I will find out how I did, I really want to know how well I remembered and applied that to the correct shortest routes. My stragegy was mostly to try hard to recall the colour pairs so I could work out the route. I had to go with intuition for some of them - especially light yellow and light blue, but felt I remembered better with the other colours."
Qtxqkyh0q83pg2f83jmcn3z1uQ,rotational,10.0,"[[1, 7, 6, 5, 3], [5, 6, 7, 1]]",1.0,13.373,1,Fairly conscious/deliberative,Fully clear,Quite hard,Rather unconfident,"I remembered some pairings much clearer than others, and those sprang to mind easier and helped me remember some of the routes. Others were much harder, and I had to think quite hard and try and recall. For some the route was a confident choice but others involved a lot more thought and wasn't 100% certain. The instructions were clear and I fully understood, but it was very tricky to recall the pairs needed for shortest routes. I hope I will find out how I did, I really want to know how well I remembered and applied that to the correct shortest routes. My stragegy was mostly to try hard to recall the colour pairs so I could work out the route. I had to go with intuition for some of them - especially light yellow and light blue, but felt I remembered better with the other colours."
Qtxqkyh0q83pg2f83jmcn3z1uQ,rotational,11.0,"[[2, 6, 7, 1], [4, 1, 7]]",0.0,17.509,0,Fairly conscious/deliberative,Fully clear,Quite hard,Rather unconfident,"I remembered some pairings much clearer than others, and those sprang to mind easier and helped me remember some of the routes. Others were much harder, and I had to think quite hard and try and recall. For some the route was a confident choice but others involved a lot more thought and wasn't 100% certain. The instructions were clear and I fully understood, but it was very tricky to recall the pairs needed for shortest routes. I hope I will find out how I did, I really want to know how well I remembered and applied that to the correct shortest routes. My stragegy was mostly to try hard to recall the colour pairs so I could work out the route. I had to go with intuition for some of them - especially light yellow and light blue, but felt I remembered better with the other colours."
Qtxqkyh0q83pg2f83jmcn3z1uQ,rotational,12.0,"[[2, 6, 5, 3], [1, 7, 6]]",1.0,16.02,1,Fairly conscious/deliberative,Fully clear,Quite hard,Rather unconfident,"I remembered some pairings much clearer than others, and those sprang to mind easier and helped me remember some of the routes. Others were much harder, and I had to think quite hard and try and recall. For some the route was a confident choice but others involved a lot more thought and wasn't 100% certain. The instructions were clear and I fully understood, but it was very tricky to recall the pairs needed for shortest routes. I hope I will find out how I did, I really want to know how well I remembered and applied that to the correct shortest routes. My stragegy was mostly to try hard to recall the colour pairs so I could work out the route. I had to go with intuition for some of them - especially light yellow and light blue, but felt I remembered better with the other colours."
Qtxqkyh0q83pg2f83jmcn3z1uQ,rotational,13.0,"[[4, 1, 7], [1, 7, 6, 5]]",0.0,5.671,1,Fairly conscious/deliberative,Fully clear,Quite hard,Rather unconfident,"I remembered some pairings much clearer than others, and those sprang to mind easier and helped me remember some of the routes. Others were much harder, and I had to think quite hard and try and recall. For some the route was a confident choice but others involved a lot more thought and wasn't 100% certain. The instructions were clear and I fully understood, but it was very tricky to recall the pairs needed for shortest routes. I hope I will find out how I did, I really want to know how well I remembered and applied that to the correct shortest routes. My stragegy was mostly to try hard to recall the colour pairs so I could work out the route. I had to go with intuition for some of them - especially light yellow and light blue, but felt I remembered better with the other colours."
Qtxqkyh0q83pg2f83jmcn3z1uQ,rotational,14.0,"[[6, 7, 1], [1, 7, 6, 5]]",1.0,11.364,0,Fairly conscious/deliberative,Fully clear,Quite hard,Rather unconfident,"I remembered some pairings much clearer than others, and those sprang to mind easier and helped me remember some of the routes. Others were much harder, and I had to think quite hard and try and recall. For some the route was a confident choice but others involved a lot more thought and wasn't 100% certain. The instructions were clear and I fully understood, but it was very tricky to recall the pairs needed for shortest routes. I hope I will find out how I did, I really want to know how well I remembered and applied that to the correct shortest routes. My stragegy was mostly to try hard to recall the colour pairs so I could work out the route. I had to go with intuition for some of them - especially light yellow and light blue, but felt I remembered better with the other colours."
Qtxqkyh0q83pg2f83jmcn3z1uQ,rotational,15.0,"[[1, 7, 6, 2], [4, 1, 7]]",1.0,12.983,1,Fairly conscious/deliberative,Fully clear,Quite hard,Rather unconfident,"I remembered some pairings much clearer than others, and those sprang to mind easier and helped me remember some of the routes. Others were much harder, and I had to think quite hard and try and recall. For some the route was a confident choice but others involved a lot more thought and wasn't 100% certain. The instructions were clear and I fully understood, but it was very tricky to recall the pairs needed for shortest routes. I hope I will find out how I did, I really want to know how well I remembered and applied that to the correct shortest routes. My stragegy was mostly to try hard to recall the colour pairs so I could work out the route. I had to go with intuition for some of them - especially light yellow and light blue, but felt I remembered better with the other colours."
Qtxqkyh0q83pg2f83jmcn3z1uQ,rotational,16.0,"[[2, 6, 5, 3], [2, 6, 5]]",1.0,5.152,1,Fairly conscious/deliberative,Fully clear,Quite hard,Rather unconfident,"I remembered some pairings much clearer than others, and those sprang to mind easier and helped me remember some of the routes. Others were much harder, and I had to think quite hard and try and recall. For some the route was a confident choice but others involved a lot more thought and wasn't 100% certain. The instructions were clear and I fully understood, but it was very tricky to recall the pairs needed for shortest routes. I hope I will find out how I did, I really want to know how well I remembered and applied that to the correct shortest routes. My stragegy was mostly to try hard to recall the colour pairs so I could work out the route. I had to go with intuition for some of them - especially light yellow and light blue, but felt I remembered better with the other colours."
Qtxqkyh0q83pg2f83jmcn3z1uQ,rotational,17.0,"[[0, 7, 1], [1, 7, 6, 2]]",1.0,8.545,0,Fairly conscious/deliberative,Fully clear,Quite hard,Rather unconfident,"I remembered some pairings much clearer than others, and those sprang to mind easier and helped me remember some of the routes. Others were much harder, and I had to think quite hard and try and recall. For some the route was a confident choice but others involved a lot more thought and wasn't 100% certain. The instructions were clear and I fully understood, but it was very tricky to recall the pairs needed for shortest routes. I hope I will find out how I did, I really want to know how well I remembered and applied that to the correct shortest routes. My stragegy was mostly to try hard to recall the colour pairs so I could work out the route. I had to go with intuition for some of them - especially light yellow and light blue, but felt I remembered better with the other colours."
Qtxqkyh0q83pg2f83jmcn3z1uQ,rotational,18.0,"[[5, 6, 2], [1, 7, 6, 2]]",1.0,19.01,0,Fairly conscious/deliberative,Fully clear,Quite hard,Rather unconfident,"I remembered some pairings much clearer than others, and those sprang to mind easier and helped me remember some of the routes. Others were much harder, and I had to think quite hard and try and recall. For some the route was a confident choice but others involved a lot more thought and wasn't 100% certain. The instructions were clear and I fully understood, but it was very tricky to recall the pairs needed for shortest routes. I hope I will find out how I did, I really want to know how well I remembered and applied that to the correct shortest routes. My stragegy was mostly to try hard to recall the colour pairs so I could work out the route. I had to go with intuition for some of them - especially light yellow and light blue, but felt I remembered better with the other colours."
Qtxqkyh0q83pg2f83jmcn3z1uQ,rotational,19.0,"[[0, 7, 1, 4], [6, 7, 0]]",1.0,3.237,1,Fairly conscious/deliberative,Fully clear,Quite hard,Rather unconfident,"I remembered some pairings much clearer than others, and those sprang to mind easier and helped me remember some of the routes. Others were much harder, and I had to think quite hard and try and recall. For some the route was a confident choice but others involved a lot more thought and wasn't 100% certain. The instructions were clear and I fully understood, but it was very tricky to recall the pairs needed for shortest routes. I hope I will find out how I did, I really want to know how well I remembered and applied that to the correct shortest routes. My stragegy was mostly to try hard to recall the colour pairs so I could work out the route. I had to go with intuition for some of them - especially light yellow and light blue, but felt I remembered better with the other colours."
Qtxqkyh0q83pg2f83jmcn3z1uQ,rotational,20.0,"[[2, 6, 7], [2, 6, 7, 1]]",1.0,8.776,0,Fairly conscious/deliberative,Fully clear,Quite hard,Rather unconfident,"I remembered some pairings much clearer than others, and those sprang to mind easier and helped me remember some of the routes. Others were much harder, and I had to think quite hard and try and recall. For some the route was a confident choice but others involved a lot more thought and wasn't 100% certain. The instructions were clear and I fully understood, but it was very tricky to recall the pairs needed for shortest routes. I hope I will find out how I did, I really want to know how well I remembered and applied that to the correct shortest routes. My stragegy was mostly to try hard to recall the colour pairs so I could work out the route. I had to go with intuition for some of them - especially light yellow and light blue, but felt I remembered better with the other colours."
Qtxqkyh0q83pg2f83jmcn3z1uQ,rotational,21.0,"[[6, 5, 3], [1, 7, 6, 5]]",1.0,5.792,0,Fairly conscious/deliberative,Fully clear,Quite hard,Rather unconfident,"I remembered some pairings much clearer than others, and those sprang to mind easier and helped me remember some of the routes. Others were much harder, and I had to think quite hard and try and recall. For some the route was a confident choice but others involved a lot more thought and wasn't 100% certain. The instructions were clear and I fully understood, but it was very tricky to recall the pairs needed for shortest routes. I hope I will find out how I did, I really want to know how well I remembered and applied that to the correct shortest routes. My stragegy was mostly to try hard to recall the colour pairs so I could work out the route. I had to go with intuition for some of them - especially light yellow and light blue, but felt I remembered better with the other colours."
Qtxqkyh0q83pg2f83jmcn3z1uQ,rotational,22.0,"[[3, 5, 6, 7, 1], [4, 1, 7, 6]]",0.0,6.064,0,Fairly conscious/deliberative,Fully clear,Quite hard,Rather unconfident,"I remembered some pairings much clearer than others, and those sprang to mind easier and helped me remember some of the routes. Others were much harder, and I had to think quite hard and try and recall. For some the route was a confident choice but others involved a lot more thought and wasn't 100% certain. The instructions were clear and I fully understood, but it was very tricky to recall the pairs needed for shortest routes. I hope I will find out how I did, I really want to know how well I remembered and applied that to the correct shortest routes. My stragegy was mostly to try hard to recall the colour pairs so I could work out the route. I had to go with intuition for some of them - especially light yellow and light blue, but felt I remembered better with the other colours."
Qtxqkyh0q83pg2f83jmcn3z1uQ,rotational,23.0,"[[4, 1, 7, 0], [5, 6, 7, 1, 4]]",0.0,12.285,1,Fairly conscious/deliberative,Fully clear,Quite hard,Rather unconfident,"I remembered some pairings much clearer than others, and those sprang to mind easier and helped me remember some of the routes. Others were much harder, and I had to think quite hard and try and recall. For some the route was a confident choice but others involved a lot more thought and wasn't 100% certain. The instructions were clear and I fully understood, but it was very tricky to recall the pairs needed for shortest routes. I hope I will find out how I did, I really want to know how well I remembered and applied that to the correct shortest routes. My stragegy was mostly to try hard to recall the colour pairs so I could work out the route. I had to go with intuition for some of them - especially light yellow and light blue, but felt I remembered better with the other colours."
Qtxqkyh0q83pg2f83jmcn3z1uQ,rotational,24.0,"[[4, 1, 7, 6, 2], [7, 6, 5, 3]]",1.0,10.972,1,Fairly conscious/deliberative,Fully clear,Quite hard,Rather unconfident,"I remembered some pairings much clearer than others, and those sprang to mind easier and helped me remember some of the routes. Others were much harder, and I had to think quite hard and try and recall. For some the route was a confident choice but others involved a lot more thought and wasn't 100% certain. The instructions were clear and I fully understood, but it was very tricky to recall the pairs needed for shortest routes. I hope I will find out how I did, I really want to know how well I remembered and applied that to the correct shortest routes. My stragegy was mostly to try hard to recall the colour pairs so I could work out the route. I had to go with intuition for some of them - especially light yellow and light blue, but felt I remembered better with the other colours."
Qtxqkyh0q83pg2f83jmcn3z1uQ,rotational,25.0,"[[1, 7, 6, 5, 3], [1, 7, 6, 2]]",0.0,6.131,0,Fairly conscious/deliberative,Fully clear,Quite hard,Rather unconfident,"I remembered some pairings much clearer than others, and those sprang to mind easier and helped me remember some of the routes. Others were much harder, and I had to think quite hard and try and recall. For some the route was a confident choice but others involved a lot more thought and wasn't 100% certain. The instructions were clear and I fully understood, but it was very tricky to recall the pairs needed for shortest routes. I hope I will find out how I did, I really want to know how well I remembered and applied that to the correct shortest routes. My stragegy was mostly to try hard to recall the colour pairs so I could work out the route. I had to go with intuition for some of them - especially light yellow and light blue, but felt I remembered better with the other colours."
Qtxqkyh0q83pg2f83jmcn3z1uQ,rotational,26.0,"[[0, 7, 6, 5, 3], [6, 7, 1, 4]]",1.0,8.889,1,Fairly conscious/deliberative,Fully clear,Quite hard,Rather unconfident,"I remembered some pairings much clearer than others, and those sprang to mind easier and helped me remember some of the routes. Others were much harder, and I had to think quite hard and try and recall. For some the route was a confident choice but others involved a lot more thought and wasn't 100% certain. The instructions were clear and I fully understood, but it was very tricky to recall the pairs needed for shortest routes. I hope I will find out how I did, I really want to know how well I remembered and applied that to the correct shortest routes. My stragegy was mostly to try hard to recall the colour pairs so I could work out the route. I had to go with intuition for some of them - especially light yellow and light blue, but felt I remembered better with the other colours."
Qtxqkyh0q83pg2f83jmcn3z1uQ,rotational,27.0,"[[5, 6, 7, 1], [5, 6, 7]]",0.0,9.3,0,Fairly conscious/deliberative,Fully clear,Quite hard,Rather unconfident,"I remembered some pairings much clearer than others, and those sprang to mind easier and helped me remember some of the routes. Others were much harder, and I had to think quite hard and try and recall. For some the route was a confident choice but others involved a lot more thought and wasn't 100% certain. The instructions were clear and I fully understood, but it was very tricky to recall the pairs needed for shortest routes. I hope I will find out how I did, I really want to know how well I remembered and applied that to the correct shortest routes. My stragegy was mostly to try hard to recall the colour pairs so I could work out the route. I had to go with intuition for some of them - especially light yellow and light blue, but felt I remembered better with the other colours."
Qtxqkyh0q83pg2f83jmcn3z1uQ,rotational,28.0,"[[4, 1, 7, 0], [7, 6, 5]]",1.0,3.018,1,Fairly conscious/deliberative,Fully clear,Quite hard,Rather unconfident,"I remembered some pairings much clearer than others, and those sprang to mind easier and helped me remember some of the routes. Others were much harder, and I had to think quite hard and try and recall. For some the route was a confident choice but others involved a lot more thought and wasn't 100% certain. The instructions were clear and I fully understood, but it was very tricky to recall the pairs needed for shortest routes. I hope I will find out how I did, I really want to know how well I remembered and applied that to the correct shortest routes. My stragegy was mostly to try hard to recall the colour pairs so I could work out the route. I had to go with intuition for some of them - especially light yellow and light blue, but felt I remembered better with the other colours."
Qtxqkyh0q83pg2f83jmcn3z1uQ,rotational,29.0,"[[7, 6, 5], [4, 1, 7, 6]]",1.0,4.629,0,Fairly conscious/deliberative,Fully clear,Quite hard,Rather unconfident,"I remembered some pairings much clearer than others, and those sprang to mind easier and helped me remember some of the routes. Others were much harder, and I had to think quite hard and try and recall. For some the route was a confident choice but others involved a lot more thought and wasn't 100% certain. The instructions were clear and I fully understood, but it was very tricky to recall the pairs needed for shortest routes. I hope I will find out how I did, I really want to know how well I remembered and applied that to the correct shortest routes. My stragegy was mostly to try hard to recall the colour pairs so I could work out the route. I had to go with intuition for some of them - especially light yellow and light blue, but felt I remembered better with the other colours."
Qtxqkyh0q83pg2f83jmcn3z1uQ,rotational,30.0,"[[7, 6, 5, 3], [4, 1, 7, 6, 5]]",0.0,3.972,1,Fairly conscious/deliberative,Fully clear,Quite hard,Rather unconfident,"I remembered some pairings much clearer than others, and those sprang to mind easier and helped me remember some of the routes. Others were much harder, and I had to think quite hard and try and recall. For some the route was a confident choice but others involved a lot more thought and wasn't 100% certain. The instructions were clear and I fully understood, but it was very tricky to recall the pairs needed for shortest routes. I hope I will find out how I did, I really want to know how well I remembered and applied that to the correct shortest routes. My stragegy was mostly to try hard to recall the colour pairs so I could work out the route. I had to go with intuition for some of them - especially light yellow and light blue, but felt I remembered better with the other colours."
Qtxqkyh0q83pg2f83jmcn3z1uQ,rotational,31.0,"[[6, 7, 0], [2, 6, 5, 3]]",1.0,3.521,0,Fairly conscious/deliberative,Fully clear,Quite hard,Rather unconfident,"I remembered some pairings much clearer than others, and those sprang to mind easier and helped me remember some of the routes. Others were much harder, and I had to think quite hard and try and recall. For some the route was a confident choice but others involved a lot more thought and wasn't 100% certain. The instructions were clear and I fully understood, but it was very tricky to recall the pairs needed for shortest routes. I hope I will find out how I did, I really want to know how well I remembered and applied that to the correct shortest routes. My stragegy was mostly to try hard to recall the colour pairs so I could work out the route. I had to go with intuition for some of them - especially light yellow and light blue, but felt I remembered better with the other colours."
Qtxqkyh0q83pg2f83jmcn3z1uQ,rotational,32.0,"[[5, 6, 7, 1], [2, 6, 5]]",0.0,5.454,0,Fairly conscious/deliberative,Fully clear,Quite hard,Rather unconfident,"I remembered some pairings much clearer than others, and those sprang to mind easier and helped me remember some of the routes. Others were much harder, and I had to think quite hard and try and recall. For some the route was a confident choice but others involved a lot more thought and wasn't 100% certain. The instructions were clear and I fully understood, but it was very tricky to recall the pairs needed for shortest routes. I hope I will find out how I did, I really want to know how well I remembered and applied that to the correct shortest routes. My stragegy was mostly to try hard to recall the colour pairs so I could work out the route. I had to go with intuition for some of them - especially light yellow and light blue, but felt I remembered better with the other colours."
Qtxqkyh0q83pg2f83jmcn3z1uQ,rotational,33.0,"[[0, 7, 6, 5], [1, 7, 0]]",0.0,5.269,0,Fairly conscious/deliberative,Fully clear,Quite hard,Rather unconfident,"I remembered some pairings much clearer than others, and those sprang to mind easier and helped me remember some of the routes. Others were much harder, and I had to think quite hard and try and recall. For some the route was a confident choice but others involved a lot more thought and wasn't 100% certain. The instructions were clear and I fully understood, but it was very tricky to recall the pairs needed for shortest routes. I hope I will find out how I did, I really want to know how well I remembered and applied that to the correct shortest routes. My stragegy was mostly to try hard to recall the colour pairs so I could work out the route. I had to go with intuition for some of them - especially light yellow and light blue, but felt I remembered better with the other colours."
Qtxqkyh0q83pg2f83jmcn3z1uQ,rotational,34.0,"[[7, 6, 2], [5, 6, 7, 1]]",0.0,6.901,1,Fairly conscious/deliberative,Fully clear,Quite hard,Rather unconfident,"I remembered some pairings much clearer than others, and those sprang to mind easier and helped me remember some of the routes. Others were much harder, and I had to think quite hard and try and recall. For some the route was a confident choice but others involved a lot more thought and wasn't 100% certain. The instructions were clear and I fully understood, but it was very tricky to recall the pairs needed for shortest routes. I hope I will find out how I did, I really want to know how well I remembered and applied that to the correct shortest routes. My stragegy was mostly to try hard to recall the colour pairs so I could work out the route. I had to go with intuition for some of them - especially light yellow and light blue, but felt I remembered better with the other colours."
Qtxqkyh0q83pg2f83jmcn3z1uQ,rotational,35.0,"[[1, 7, 0], [2, 6, 7, 1]]",1.0,6.475,0,Fairly conscious/deliberative,Fully clear,Quite hard,Rather unconfident,"I remembered some pairings much clearer than others, and those sprang to mind easier and helped me remember some of the routes. Others were much harder, and I had to think quite hard and try and recall. For some the route was a confident choice but others involved a lot more thought and wasn't 100% certain. The instructions were clear and I fully understood, but it was very tricky to recall the pairs needed for shortest routes. I hope I will find out how I did, I really want to know how well I remembered and applied that to the correct shortest routes. My stragegy was mostly to try hard to recall the colour pairs so I could work out the route. I had to go with intuition for some of them - especially light yellow and light blue, but felt I remembered better with the other colours."
Qtxqkyh0q83pg2f83jmcn3z1uQ,rotational,36.0,"[[2, 6, 7], [4, 1, 7, 0]]",0.0,6.113,1,Fairly conscious/deliberative,Fully clear,Quite hard,Rather unconfident,"I remembered some pairings much clearer than others, and those sprang to mind easier and helped me remember some of the routes. Others were much harder, and I had to think quite hard and try and recall. For some the route was a confident choice but others involved a lot more thought and wasn't 100% certain. The instructions were clear and I fully understood, but it was very tricky to recall the pairs needed for shortest routes. I hope I will find out how I did, I really want to know how well I remembered and applied that to the correct shortest routes. My stragegy was mostly to try hard to recall the colour pairs so I could work out the route. I had to go with intuition for some of them - especially light yellow and light blue, but felt I remembered better with the other colours."
Qtxqkyh0q83pg2f83jmcn3z1uQ,rotational,37.0,"[[6, 7, 1, 4], [5, 6, 2]]",1.0,15.906,1,Fairly conscious/deliberative,Fully clear,Quite hard,Rather unconfident,"I remembered some pairings much clearer than others, and those sprang to mind easier and helped me remember some of the routes. Others were much harder, and I had to think quite hard and try and recall. For some the route was a confident choice but others involved a lot more thought and wasn't 100% certain. The instructions were clear and I fully understood, but it was very tricky to recall the pairs needed for shortest routes. I hope I will find out how I did, I really want to know how well I remembered and applied that to the correct shortest routes. My stragegy was mostly to try hard to recall the colour pairs so I could work out the route. I had to go with intuition for some of them - especially light yellow and light blue, but felt I remembered better with the other colours."
Qtxqkyh0q83pg2f83jmcn3z1uQ,rotational,38.0,"[[5, 6, 2], [4, 1, 7, 0]]",1.0,4.129,0,Fairly conscious/deliberative,Fully clear,Quite hard,Rather unconfident,"I remembered some pairings much clearer than others, and those sprang to mind easier and helped me remember some of the routes. Others were much harder, and I had to think quite hard and try and recall. For some the route was a confident choice but others involved a lot more thought and wasn't 100% certain. The instructions were clear and I fully understood, but it was very tricky to recall the pairs needed for shortest routes. I hope I will find out how I did, I really want to know how well I remembered and applied that to the correct shortest routes. My stragegy was mostly to try hard to recall the colour pairs so I could work out the route. I had to go with intuition for some of them - especially light yellow and light blue, but felt I remembered better with the other colours."
Qtxqkyh0q83pg2f83jmcn3z1uQ,rotational,39.0,"[[0, 7, 6, 5, 3], [1, 7, 6, 2]]",1.0,14.286,1,Fairly conscious/deliberative,Fully clear,Quite hard,Rather unconfident,"I remembered some pairings much clearer than others, and those sprang to mind easier and helped me remember some of the routes. Others were much harder, and I had to think quite hard and try and recall. For some the route was a confident choice but others involved a lot more thought and wasn't 100% certain. The instructions were clear and I fully understood, but it was very tricky to recall the pairs needed for shortest routes. I hope I will find out how I did, I really want to know how well I remembered and applied that to the correct shortest routes. My stragegy was mostly to try hard to recall the colour pairs so I could work out the route. I had to go with intuition for some of them - especially light yellow and light blue, but felt I remembered better with the other colours."
Qtxqkyh0q83pg2f83jmcn3z1uQ,rotational,40.0,"[[5, 6, 7, 1, 4], [7, 6, 5, 3]]",1.0,3.572,1,Fairly conscious/deliberative,Fully clear,Quite hard,Rather unconfident,"I remembered some pairings much clearer than others, and those sprang to mind easier and helped me remember some of the routes. Others were much harder, and I had to think quite hard and try and recall. For some the route was a confident choice but others involved a lot more thought and wasn't 100% certain. The instructions were clear and I fully understood, but it was very tricky to recall the pairs needed for shortest routes. I hope I will find out how I did, I really want to know how well I remembered and applied that to the correct shortest routes. My stragegy was mostly to try hard to recall the colour pairs so I could work out the route. I had to go with intuition for some of them - especially light yellow and light blue, but felt I remembered better with the other colours."
Qtxqkyh0q83pg2f83jmcn3z1uQ,rotational,41.0,"[[5, 6, 7, 0], [6, 7, 0]]",1.0,2.877,1,Fairly conscious/deliberative,Fully clear,Quite hard,Rather unconfident,"I remembered some pairings much clearer than others, and those sprang to mind easier and helped me remember some of the routes. Others were much harder, and I had to think quite hard and try and recall. For some the route was a confident choice but others involved a lot more thought and wasn't 100% certain. The instructions were clear and I fully understood, but it was very tricky to recall the pairs needed for shortest routes. I hope I will find out how I did, I really want to know how well I remembered and applied that to the correct shortest routes. My stragegy was mostly to try hard to recall the colour pairs so I could work out the route. I had to go with intuition for some of them - especially light yellow and light blue, but felt I remembered better with the other colours."
Qtxqkyh0q83pg2f83jmcn3z1uQ,rotational,42.0,"[[5, 6, 7], [2, 6, 5, 3]]",1.0,5.92,0,Fairly conscious/deliberative,Fully clear,Quite hard,Rather unconfident,"I remembered some pairings much clearer than others, and those sprang to mind easier and helped me remember some of the routes. Others were much harder, and I had to think quite hard and try and recall. For some the route was a confident choice but others involved a lot more thought and wasn't 100% certain. The instructions were clear and I fully understood, but it was very tricky to recall the pairs needed for shortest routes. I hope I will find out how I did, I really want to know how well I remembered and applied that to the correct shortest routes. My stragegy was mostly to try hard to recall the colour pairs so I could work out the route. I had to go with intuition for some of them - especially light yellow and light blue, but felt I remembered better with the other colours."
Qtxqkyh0q83pg2f83jmcn3z1uQ,rotational,43.0,"[[4, 1, 7, 6, 2], [3, 5, 6, 7, 1, 4]]",1.0,11.31,0,Fairly conscious/deliberative,Fully clear,Quite hard,Rather unconfident,"I remembered some pairings much clearer than others, and those sprang to mind easier and helped me remember some of the routes. Others were much harder, and I had to think quite hard and try and recall. For some the route was a confident choice but others involved a lot more thought and wasn't 100% certain. The instructions were clear and I fully understood, but it was very tricky to recall the pairs needed for shortest routes. I hope I will find out how I did, I really want to know how well I remembered and applied that to the correct shortest routes. My stragegy was mostly to try hard to recall the colour pairs so I could work out the route. I had to go with intuition for some of them - especially light yellow and light blue, but felt I remembered better with the other colours."
Qtxqkyh0q83pg2f83jmcn3z1uQ,rotational,44.0,"[[6, 5, 3], [6, 7, 1, 4]]",1.0,3.273,0,Fairly conscious/deliberative,Fully clear,Quite hard,Rather unconfident,"I remembered some pairings much clearer than others, and those sprang to mind easier and helped me remember some of the routes. Others were much harder, and I had to think quite hard and try and recall. For some the route was a confident choice but others involved a lot more thought and wasn't 100% certain. The instructions were clear and I fully understood, but it was very tricky to recall the pairs needed for shortest routes. I hope I will find out how I did, I really want to know how well I remembered and applied that to the correct shortest routes. My stragegy was mostly to try hard to recall the colour pairs so I could work out the route. I had to go with intuition for some of them - especially light yellow and light blue, but felt I remembered better with the other colours."
Qtxqkyh0q83pg2f83jmcn3z1uQ,rotational,45.0,"[[4, 1, 7, 0], [2, 6, 7]]",1.0,5.124,1,Fairly conscious/deliberative,Fully clear,Quite hard,Rather unconfident,"I remembered some pairings much clearer than others, and those sprang to mind easier and helped me remember some of the routes. Others were much harder, and I had to think quite hard and try and recall. For some the route was a confident choice but others involved a lot more thought and wasn't 100% certain. The instructions were clear and I fully understood, but it was very tricky to recall the pairs needed for shortest routes. I hope I will find out how I did, I really want to know how well I remembered and applied that to the correct shortest routes. My stragegy was mostly to try hard to recall the colour pairs so I could work out the route. I had to go with intuition for some of them - especially light yellow and light blue, but felt I remembered better with the other colours."
Qtxqkyh0q83pg2f83jmcn3z1uQ,rotational,46.0,"[[6, 7, 1, 4], [7, 6, 2]]",1.0,12.895,1,Fairly conscious/deliberative,Fully clear,Quite hard,Rather unconfident,"I remembered some pairings much clearer than others, and those sprang to mind easier and helped me remember some of the routes. Others were much harder, and I had to think quite hard and try and recall. For some the route was a confident choice but others involved a lot more thought and wasn't 100% certain. The instructions were clear and I fully understood, but it was very tricky to recall the pairs needed for shortest routes. I hope I will find out how I did, I really want to know how well I remembered and applied that to the correct shortest routes. My stragegy was mostly to try hard to recall the colour pairs so I could work out the route. I had to go with intuition for some of them - especially light yellow and light blue, but felt I remembered better with the other colours."
Qtxqkyh0q83pg2f83jmcn3z1uQ,rotational,47.0,"[[7, 1, 4], [3, 5, 6, 2]]",0.0,3.423,1,Fairly conscious/deliberative,Fully clear,Quite hard,Rather unconfident,"I remembered some pairings much clearer than others, and those sprang to mind easier and helped me remember some of the routes. Others were much harder, and I had to think quite hard and try and recall. For some the route was a confident choice but others involved a lot more thought and wasn't 100% certain. The instructions were clear and I fully understood, but it was very tricky to recall the pairs needed for shortest routes. I hope I will find out how I did, I really want to know how well I remembered and applied that to the correct shortest routes. My stragegy was mostly to try hard to recall the colour pairs so I could work out the route. I had to go with intuition for some of them - especially light yellow and light blue, but felt I remembered better with the other colours."
Qtxqkyh0q83pg2f83jmcn3z1uQ,rotational,48.0,"[[0, 7, 1, 4], [3, 5, 6]]",0.0,5.416,0,Fairly conscious/deliberative,Fully clear,Quite hard,Rather unconfident,"I remembered some pairings much clearer than others, and those sprang to mind easier and helped me remember some of the routes. Others were much harder, and I had to think quite hard and try and recall. For some the route was a confident choice but others involved a lot more thought and wasn't 100% certain. The instructions were clear and I fully understood, but it was very tricky to recall the pairs needed for shortest routes. I hope I will find out how I did, I really want to know how well I remembered and applied that to the correct shortest routes. My stragegy was mostly to try hard to recall the colour pairs so I could work out the route. I had to go with intuition for some of them - especially light yellow and light blue, but felt I remembered better with the other colours."
Qtxqkyh0q83pg2f83jmcn3z1uQ,rotational,49.0,"[[3, 5, 6], [2, 6, 7, 0]]",1.0,3.281,0,Fairly conscious/deliberative,Fully clear,Quite hard,Rather unconfident,"I remembered some pairings much clearer than others, and those sprang to mind easier and helped me remember some of the routes. Others were much harder, and I had to think quite hard and try and recall. For some the route was a confident choice but others involved a lot more thought and wasn't 100% certain. The instructions were clear and I fully understood, but it was very tricky to recall the pairs needed for shortest routes. I hope I will find out how I did, I really want to know how well I remembered and applied that to the correct shortest routes. My stragegy was mostly to try hard to recall the colour pairs so I could work out the route. I had to go with intuition for some of them - especially light yellow and light blue, but felt I remembered better with the other colours."
Qtxqkyh0q83pg2f83jmcn3z1uQ,rotational,50.0,"[[4, 1, 7, 6], [5, 6, 7, 1, 4]]",1.0,12.57,0,Fairly conscious/deliberative,Fully clear,Quite hard,Rather unconfident,"I remembered some pairings much clearer than others, and those sprang to mind easier and helped me remember some of the routes. Others were much harder, and I had to think quite hard and try and recall. For some the route was a confident choice but others involved a lot more thought and wasn't 100% certain. The instructions were clear and I fully understood, but it was very tricky to recall the pairs needed for shortest routes. I hope I will find out how I did, I really want to know how well I remembered and applied that to the correct shortest routes. My stragegy was mostly to try hard to recall the colour pairs so I could work out the route. I had to go with intuition for some of them - especially light yellow and light blue, but felt I remembered better with the other colours."
Qtxqkyh0q83pg2f83jmcn3z1uQ,rotational,51.0,"[[5, 6, 7, 1], [1, 7, 0]]",0.0,6.437,0,Fairly conscious/deliberative,Fully clear,Quite hard,Rather unconfident,"I remembered some pairings much clearer than others, and those sprang to mind easier and helped me remember some of the routes. Others were much harder, and I had to think quite hard and try and recall. For some the route was a confident choice but others involved a lot more thought and wasn't 100% certain. The instructions were clear and I fully understood, but it was very tricky to recall the pairs needed for shortest routes. I hope I will find out how I did, I really want to know how well I remembered and applied that to the correct shortest routes. My stragegy was mostly to try hard to recall the colour pairs so I could work out the route. I had to go with intuition for some of them - especially light yellow and light blue, but felt I remembered better with the other colours."
Qtxqkyh0q83pg2f83jmcn3z1uQ,rotational,52.0,"[[4, 1, 7], [5, 6, 7, 1]]",1.0,2.172,0,Fairly conscious/deliberative,Fully clear,Quite hard,Rather unconfident,"I remembered some pairings much clearer than others, and those sprang to mind easier and helped me remember some of the routes. Others were much harder, and I had to think quite hard and try and recall. For some the route was a confident choice but others involved a lot more thought and wasn't 100% certain. The instructions were clear and I fully understood, but it was very tricky to recall the pairs needed for shortest routes. I hope I will find out how I did, I really want to know how well I remembered and applied that to the correct shortest routes. My stragegy was mostly to try hard to recall the colour pairs so I could work out the route. I had to go with intuition for some of them - especially light yellow and light blue, but felt I remembered better with the other colours."
Qtxqkyh0q83pg2f83jmcn3z1uQ,rotational,53.0,"[[6, 7, 1, 4], [1, 7, 0]]",1.0,8.551,1,Fairly conscious/deliberative,Fully clear,Quite hard,Rather unconfident,"I remembered some pairings much clearer than others, and those sprang to mind easier and helped me remember some of the routes. Others were much harder, and I had to think quite hard and try and recall. For some the route was a confident choice but others involved a lot more thought and wasn't 100% certain. The instructions were clear and I fully understood, but it was very tricky to recall the pairs needed for shortest routes. I hope I will find out how I did, I really want to know how well I remembered and applied that to the correct shortest routes. My stragegy was mostly to try hard to recall the colour pairs so I could work out the route. I had to go with intuition for some of them - especially light yellow and light blue, but felt I remembered better with the other colours."
Qtxqkyh0q83pg2f83jmcn3z1uQ,rotational,54.0,"[[2, 6, 7, 1], [6, 7, 1]]",1.0,9.615,1,Fairly conscious/deliberative,Fully clear,Quite hard,Rather unconfident,"I remembered some pairings much clearer than others, and those sprang to mind easier and helped me remember some of the routes. Others were much harder, and I had to think quite hard and try and recall. For some the route was a confident choice but others involved a lot more thought and wasn't 100% certain. The instructions were clear and I fully understood, but it was very tricky to recall the pairs needed for shortest routes. I hope I will find out how I did, I really want to know how well I remembered and applied that to the correct shortest routes. My stragegy was mostly to try hard to recall the colour pairs so I could work out the route. I had to go with intuition for some of them - especially light yellow and light blue, but felt I remembered better with the other colours."
Qtxqkyh0q83pg2f83jmcn3z1uQ,rotational,55.0,"[[7, 6, 5, 3], [5, 6, 2]]",0.0,6.062,0,Fairly conscious/deliberative,Fully clear,Quite hard,Rather unconfident,"I remembered some pairings much clearer than others, and those sprang to mind easier and helped me remember some of the routes. Others were much harder, and I had to think quite hard and try and recall. For some the route was a confident choice but others involved a lot more thought and wasn't 100% certain. The instructions were clear and I fully understood, but it was very tricky to recall the pairs needed for shortest routes. I hope I will find out how I did, I really want to know how well I remembered and applied that to the correct shortest routes. My stragegy was mostly to try hard to recall the colour pairs so I could work out the route. I had to go with intuition for some of them - especially light yellow and light blue, but felt I remembered better with the other colours."
Qtxqkyh0q83pg2f83jmcn3z1uQ,rotational,56.0,"[[1, 7, 0], [2, 6, 7, 0]]",1.0,4.795,0,Fairly conscious/deliberative,Fully clear,Quite hard,Rather unconfident,"I remembered some pairings much clearer than others, and those sprang to mind easier and helped me remember some of the routes. Others were much harder, and I had to think quite hard and try and recall. For some the route was a confident choice but others involved a lot more thought and wasn't 100% certain. The instructions were clear and I fully understood, but it was very tricky to recall the pairs needed for shortest routes. I hope I will find out how I did, I really want to know how well I remembered and applied that to the correct shortest routes. My stragegy was mostly to try hard to recall the colour pairs so I could work out the route. I had to go with intuition for some of them - especially light yellow and light blue, but felt I remembered better with the other colours."
Qtxqkyh0q83pg2f83jmcn3z1uQ,rotational,57.0,"[[0, 7, 1, 4], [1, 7, 6]]",1.0,5.607,1,Fairly conscious/deliberative,Fully clear,Quite hard,Rather unconfident,"I remembered some pairings much clearer than others, and those sprang to mind easier and helped me remember some of the routes. Others were much harder, and I had to think quite hard and try and recall. For some the route was a confident choice but others involved a lot more thought and wasn't 100% certain. The instructions were clear and I fully understood, but it was very tricky to recall the pairs needed for shortest routes. I hope I will find out how I did, I really want to know how well I remembered and applied that to the correct shortest routes. My stragegy was mostly to try hard to recall the colour pairs so I could work out the route. I had to go with intuition for some of them - especially light yellow and light blue, but felt I remembered better with the other colours."
Qtxqkyh0q83pg2f83jmcn3z1uQ,rotational,58.0,"[[5, 6, 7], [2, 6, 7, 1]]",1.0,7.335,0,Fairly conscious/deliberative,Fully clear,Quite hard,Rather unconfident,"I remembered some pairings much clearer than others, and those sprang to mind easier and helped me remember some of the routes. Others were much harder, and I had to think quite hard and try and recall. For some the route was a confident choice but others involved a lot more thought and wasn't 100% certain. The instructions were clear and I fully understood, but it was very tricky to recall the pairs needed for shortest routes. I hope I will find out how I did, I really want to know how well I remembered and applied that to the correct shortest routes. My stragegy was mostly to try hard to recall the colour pairs so I could work out the route. I had to go with intuition for some of them - especially light yellow and light blue, but felt I remembered better with the other colours."
Qtxqkyh0q83pg2f83jmcn3z1uQ,rotational,59.0,"[[3, 5, 6, 2], [3, 5, 6, 7, 1]]",0.0,4.03,1,Fairly conscious/deliberative,Fully clear,Quite hard,Rather unconfident,"I remembered some pairings much clearer than others, and those sprang to mind easier and helped me remember some of the routes. Others were much harder, and I had to think quite hard and try and recall. For some the route was a confident choice but others involved a lot more thought and wasn't 100% certain. The instructions were clear and I fully understood, but it was very tricky to recall the pairs needed for shortest routes. I hope I will find out how I did, I really want to know how well I remembered and applied that to the correct shortest routes. My stragegy was mostly to try hard to recall the colour pairs so I could work out the route. I had to go with intuition for some of them - especially light yellow and light blue, but felt I remembered better with the other colours."
Qtxqkyh0q83pg2f83jmcn3z1uQ,rotational,60.0,"[[2, 6, 5, 3], [4, 1, 7, 6, 2]]",0.0,10.989,1,Fairly conscious/deliberative,Fully clear,Quite hard,Rather unconfident,"I remembered some pairings much clearer than others, and those sprang to mind easier and helped me remember some of the routes. Others were much harder, and I had to think quite hard and try and recall. For some the route was a confident choice but others involved a lot more thought and wasn't 100% certain. The instructions were clear and I fully understood, but it was very tricky to recall the pairs needed for shortest routes. I hope I will find out how I did, I really want to know how well I remembered and applied that to the correct shortest routes. My stragegy was mostly to try hard to recall the colour pairs so I could work out the route. I had to go with intuition for some of them - especially light yellow and light blue, but felt I remembered better with the other colours."
Qtxqkyh0q83pg2f83jmcn3z1uQ,rotational,61.0,"[[2, 6, 7], [4, 1, 7, 6]]",0.0,3.102,1,Fairly conscious/deliberative,Fully clear,Quite hard,Rather unconfident,"I remembered some pairings much clearer than others, and those sprang to mind easier and helped me remember some of the routes. Others were much harder, and I had to think quite hard and try and recall. For some the route was a confident choice but others involved a lot more thought and wasn't 100% certain. The instructions were clear and I fully understood, but it was very tricky to recall the pairs needed for shortest routes. I hope I will find out how I did, I really want to know how well I remembered and applied that to the correct shortest routes. My stragegy was mostly to try hard to recall the colour pairs so I could work out the route. I had to go with intuition for some of them - especially light yellow and light blue, but felt I remembered better with the other colours."
Qtxqkyh0q83pg2f83jmcn3z1uQ,rotational,62.0,"[[1, 7, 6], [0, 7, 6, 5]]",0.0,2.11,1,Fairly conscious/deliberative,Fully clear,Quite hard,Rather unconfident,"I remembered some pairings much clearer than others, and those sprang to mind easier and helped me remember some of the routes. Others were much harder, and I had to think quite hard and try and recall. For some the route was a confident choice but others involved a lot more thought and wasn't 100% certain. The instructions were clear and I fully understood, but it was very tricky to recall the pairs needed for shortest routes. I hope I will find out how I did, I really want to know how well I remembered and applied that to the correct shortest routes. My stragegy was mostly to try hard to recall the colour pairs so I could work out the route. I had to go with intuition for some of them - especially light yellow and light blue, but felt I remembered better with the other colours."
Qtxqkyh0q83pg2f83jmcn3z1uQ,rotational,63.0,"[[4, 1, 7, 6], [6, 5, 3]]",1.0,2.351,1,Fairly conscious/deliberative,Fully clear,Quite hard,Rather unconfident,"I remembered some pairings much clearer than others, and those sprang to mind easier and helped me remember some of the routes. Others were much harder, and I had to think quite hard and try and recall. For some the route was a confident choice but others involved a lot more thought and wasn't 100% certain. The instructions were clear and I fully understood, but it was very tricky to recall the pairs needed for shortest routes. I hope I will find out how I did, I really want to know how well I remembered and applied that to the correct shortest routes. My stragegy was mostly to try hard to recall the colour pairs so I could work out the route. I had to go with intuition for some of them - especially light yellow and light blue, but felt I remembered better with the other colours."
Qtxqkyh0q83pg2f83jmcn3z1uQ,rotational,64.0,"[[2, 6, 7, 0], [4, 1, 7]]",0.0,4.307,0,Fairly conscious/deliberative,Fully clear,Quite hard,Rather unconfident,"I remembered some pairings much clearer than others, and those sprang to mind easier and helped me remember some of the routes. Others were much harder, and I had to think quite hard and try and recall. For some the route was a confident choice but others involved a lot more thought and wasn't 100% certain. The instructions were clear and I fully understood, but it was very tricky to recall the pairs needed for shortest routes. I hope I will find out how I did, I really want to know how well I remembered and applied that to the correct shortest routes. My stragegy was mostly to try hard to recall the colour pairs so I could work out the route. I had to go with intuition for some of them - especially light yellow and light blue, but felt I remembered better with the other colours."
Qu1jvn7v68tjlk35omezu2fg3Q,rotational,0.0,"[[1, 7, 6, 2], [7, 1, 4]]",0.0,5.466,0,Fairly intuitive/unconscious,Somewhat clear,Quite hard,Unconfident,i pictured the bee flying
Qu1jvn7v68tjlk35omezu2fg3Q,rotational,1.0,"[[2, 6, 7, 1, 4], [3, 5, 6, 7, 1, 4]]",1.0,8.74,0,Fairly intuitive/unconscious,Somewhat clear,Quite hard,Unconfident,i pictured the bee flying
Qu1jvn7v68tjlk35omezu2fg3Q,rotational,2.0,"[[2, 6, 7, 1], [1, 7, 6]]",1.0,4.936,1,Fairly intuitive/unconscious,Somewhat clear,Quite hard,Unconfident,i pictured the bee flying
Qu1jvn7v68tjlk35omezu2fg3Q,rotational,3.0,"[[1, 7, 6, 5], [7, 6, 2]]",0.0,3.21,0,Fairly intuitive/unconscious,Somewhat clear,Quite hard,Unconfident,i pictured the bee flying
Qu1jvn7v68tjlk35omezu2fg3Q,rotational,4.0,"[[7, 6, 5, 3], [2, 6, 5]]",0.0,7.352,0,Fairly intuitive/unconscious,Somewhat clear,Quite hard,Unconfident,i pictured the bee flying
Qu1jvn7v68tjlk35omezu2fg3Q,rotational,5.0,"[[2, 6, 5], [2, 6, 5, 3]]",1.0,2.742,0,Fairly intuitive/unconscious,Somewhat clear,Quite hard,Unconfident,i pictured the bee flying
Qu1jvn7v68tjlk35omezu2fg3Q,rotational,6.0,"[[7, 1, 4], [1, 7, 6, 2]]",0.0,3.382,1,Fairly intuitive/unconscious,Somewhat clear,Quite hard,Unconfident,i pictured the bee flying
Qu1jvn7v68tjlk35omezu2fg3Q,rotational,7.0,"[[2, 6, 7, 1], [0, 7, 6, 5, 3]]",1.0,3.312,0,Fairly intuitive/unconscious,Somewhat clear,Quite hard,Unconfident,i pictured the bee flying
Qu1jvn7v68tjlk35omezu2fg3Q,rotational,8.0,"[[5, 6, 7, 1], [6, 7, 1]]",0.0,2.996,0,Fairly intuitive/unconscious,Somewhat clear,Quite hard,Unconfident,i pictured the bee flying
Qu1jvn7v68tjlk35omezu2fg3Q,rotational,9.0,"[[6, 7, 1], [5, 6, 7, 0]]",0.0,2.006,1,Fairly intuitive/unconscious,Somewhat clear,Quite hard,Unconfident,i pictured the bee flying
Qu1jvn7v68tjlk35omezu2fg3Q,rotational,10.0,"[[1, 7, 0], [0, 7, 6, 5]]",1.0,1.487,0,Fairly intuitive/unconscious,Somewhat clear,Quite hard,Unconfident,i pictured the bee flying
Qu1jvn7v68tjlk35omezu2fg3Q,rotational,11.0,"[[1, 7, 0], [1, 7, 6, 5]]",1.0,3.905,0,Fairly intuitive/unconscious,Somewhat clear,Quite hard,Unconfident,i pictured the bee flying
Qu1jvn7v68tjlk35omezu2fg3Q,rotational,12.0,"[[6, 7, 1, 4], [5, 6, 7]]",0.0,3.695,0,Fairly intuitive/unconscious,Somewhat clear,Quite hard,Unconfident,i pictured the bee flying
Qu1jvn7v68tjlk35omezu2fg3Q,rotational,13.0,"[[4, 1, 7, 6, 2], [0, 7, 1, 4]]",1.0,3.242,1,Fairly intuitive/unconscious,Somewhat clear,Quite hard,Unconfident,i pictured the bee flying
Qu1jvn7v68tjlk35omezu2fg3Q,rotational,14.0,"[[6, 7, 0], [3, 5, 6, 2]]",1.0,7.422,0,Fairly intuitive/unconscious,Somewhat clear,Quite hard,Unconfident,i pictured the bee flying
Qu1jvn7v68tjlk35omezu2fg3Q,rotational,15.0,"[[0, 7, 1], [1, 7, 6, 2]]",1.0,5.933,0,Fairly intuitive/unconscious,Somewhat clear,Quite hard,Unconfident,i pictured the bee flying
Qu1jvn7v68tjlk35omezu2fg3Q,rotational,16.0,"[[5, 6, 7, 1], [6, 5, 3]]",1.0,2.783,1,Fairly intuitive/unconscious,Somewhat clear,Quite hard,Unconfident,i pictured the bee flying
Qu1jvn7v68tjlk35omezu2fg3Q,rotational,17.0,"[[7, 6, 2], [2, 6, 7, 1]]",0.0,4.058,1,Fairly intuitive/unconscious,Somewhat clear,Quite hard,Unconfident,i pictured the bee flying
Qu1jvn7v68tjlk35omezu2fg3Q,rotational,18.0,"[[3, 5, 6, 7], [2, 6, 7]]",0.0,2.412,0,Fairly intuitive/unconscious,Somewhat clear,Quite hard,Unconfident,i pictured the bee flying
Qu1jvn7v68tjlk35omezu2fg3Q,rotational,19.0,"[[4, 1, 7, 0], [2, 6, 5]]",1.0,1.948,1,Fairly intuitive/unconscious,Somewhat clear,Quite hard,Unconfident,i pictured the bee flying
Qu1jvn7v68tjlk35omezu2fg3Q,rotational,20.0,"[[6, 5, 3], [6, 7, 1, 4]]",1.0,1.555,0,Fairly intuitive/unconscious,Somewhat clear,Quite hard,Unconfident,i pictured the bee flying
Qu1jvn7v68tjlk35omezu2fg3Q,rotational,21.0,"[[5, 6, 7, 1], [7, 1, 4]]",1.0,12.464,1,Fairly intuitive/unconscious,Somewhat clear,Quite hard,Unconfident,i pictured the bee flying
Qu1jvn7v68tjlk35omezu2fg3Q,rotational,22.0,"[[2, 6, 7, 0], [7, 6, 5]]",1.0,3.628,1,Fairly intuitive/unconscious,Somewhat clear,Quite hard,Unconfident,i pictured the bee flying
Qu1jvn7v68tjlk35omezu2fg3Q,rotational,23.0,"[[7, 6, 5], [1, 7, 6, 5]]",1.0,2.576,0,Fairly intuitive/unconscious,Somewhat clear,Quite hard,Unconfident,i pictured the bee flying
Qu1jvn7v68tjlk35omezu2fg3Q,rotational,24.0,"[[2, 6, 7, 0], [0, 7, 6, 5, 3]]",0.0,2.659,1,Fairly intuitive/unconscious,Somewhat clear,Quite hard,Unconfident,i pictured the bee flying
Qu1jvn7v68tjlk35omezu2fg3Q,rotational,25.0,"[[4, 1, 7, 6], [5, 6, 7, 1, 4]]",0.0,1.64,1,Fairly intuitive/unconscious,Somewhat clear,Quite hard,Unconfident,i pictured the bee flying
Qu1jvn7v68tjlk35omezu2fg3Q,rotational,26.0,"[[6, 7, 1], [0, 7, 1, 4]]",0.0,1.466,1,Fairly intuitive/unconscious,Somewhat clear,Quite hard,Unconfident,i pictured the bee flying
Qu1jvn7v68tjlk35omezu2fg3Q,rotational,27.0,"[[0, 7, 6, 5], [4, 1, 7]]",0.0,2.414,0,Fairly intuitive/unconscious,Somewhat clear,Quite hard,Unconfident,i pictured the bee flying
Qu1jvn7v68tjlk35omezu2fg3Q,rotational,28.0,"[[0, 7, 6, 5], [2, 6, 5]]",0.0,2.068,0,Fairly intuitive/unconscious,Somewhat clear,Quite hard,Unconfident,i pictured the bee flying
Qu1jvn7v68tjlk35omezu2fg3Q,rotational,29.0,"[[0, 7, 6, 2], [0, 7, 1]]",1.0,1.435,1,Fairly intuitive/unconscious,Somewhat clear,Quite hard,Unconfident,i pictured the bee flying
Qu1jvn7v68tjlk35omezu2fg3Q,rotational,30.0,"[[2, 6, 7], [4, 1, 7, 6]]",1.0,1.221,0,Fairly intuitive/unconscious,Somewhat clear,Quite hard,Unconfident,i pictured the bee flying
Qu1jvn7v68tjlk35omezu2fg3Q,rotational,31.0,"[[6, 7, 1, 4], [5, 6, 2]]",0.0,3.749,0,Fairly intuitive/unconscious,Somewhat clear,Quite hard,Unconfident,i pictured the bee flying
Qu1jvn7v68tjlk35omezu2fg3Q,rotational,32.0,"[[0, 7, 6, 5], [7, 6, 5]]",0.0,2.558,0,Fairly intuitive/unconscious,Somewhat clear,Quite hard,Unconfident,i pictured the bee flying
Qu1jvn7v68tjlk35omezu2fg3Q,rotational,33.0,"[[4, 1, 7, 0], [3, 5, 6]]",0.0,1.578,0,Fairly intuitive/unconscious,Somewhat clear,Quite hard,Unconfident,i pictured the bee flying
Qu1jvn7v68tjlk35omezu2fg3Q,rotational,34.0,"[[0, 7, 6, 5], [2, 6, 7, 1, 4]]",0.0,2.882,1,Fairly intuitive/unconscious,Somewhat clear,Quite hard,Unconfident,i pictured the bee flying
Qu1jvn7v68tjlk35omezu2fg3Q,rotational,35.0,"[[1, 7, 6, 5], [3, 5, 6, 7, 1]]",1.0,1.732,0,Fairly intuitive/unconscious,Somewhat clear,Quite hard,Unconfident,i pictured the bee flying
Qu1jvn7v68tjlk35omezu2fg3Q,rotational,36.0,"[[3, 5, 6, 2], [6, 7, 1]]",1.0,1.333,1,Fairly intuitive/unconscious,Somewhat clear,Quite hard,Unconfident,i pictured the bee flying
Qu1jvn7v68tjlk35omezu2fg3Q,rotational,37.0,"[[7, 6, 5, 3], [4, 1, 7, 6, 5]]",0.0,1.404,1,Fairly intuitive/unconscious,Somewhat clear,Quite hard,Unconfident,i pictured the bee flying
Qu1jvn7v68tjlk35omezu2fg3Q,rotational,38.0,"[[3, 5, 6], [2, 6, 7, 0]]",1.0,1.537,0,Fairly intuitive/unconscious,Somewhat clear,Quite hard,Unconfident,i pictured the bee flying
Qu1jvn7v68tjlk35omezu2fg3Q,rotational,39.0,"[[1, 7, 0], [2, 6, 7, 1]]",0.0,3.587,1,Fairly intuitive/unconscious,Somewhat clear,Quite hard,Unconfident,i pictured the bee flying
Qu1jvn7v68tjlk35omezu2fg3Q,rotational,40.0,"[[2, 6, 7, 1], [1, 7, 6, 5, 3]]",1.0,5.186,0,Fairly intuitive/unconscious,Somewhat clear,Quite hard,Unconfident,i pictured the bee flying
Qu1jvn7v68tjlk35omezu2fg3Q,rotational,41.0,"[[4, 1, 7, 6, 5], [0, 7, 1, 4]]",1.0,2.628,1,Fairly intuitive/unconscious,Somewhat clear,Quite hard,Unconfident,i pictured the bee flying
Qu1jvn7v68tjlk35omezu2fg3Q,rotational,42.0,"[[2, 6, 7, 1], [3, 5, 6]]",0.0,2.23,0,Fairly intuitive/unconscious,Somewhat clear,Quite hard,Unconfident,i pictured the bee flying
Qu1jvn7v68tjlk35omezu2fg3Q,rotational,43.0,"[[0, 7, 1, 4], [0, 7, 6]]",0.0,2.832,0,Fairly intuitive/unconscious,Somewhat clear,Quite hard,Unconfident,i pictured the bee flying
Qu1jvn7v68tjlk35omezu2fg3Q,rotational,44.0,"[[5, 6, 7], [2, 6, 5, 3]]",1.0,2.444,0,Fairly intuitive/unconscious,Somewhat clear,Quite hard,Unconfident,i pictured the bee flying
Qu1jvn7v68tjlk35omezu2fg3Q,rotational,45.0,"[[2, 6, 7], [0, 7, 1, 4]]",0.0,3.453,1,Fairly intuitive/unconscious,Somewhat clear,Quite hard,Unconfident,i pictured the bee flying
Qu1jvn7v68tjlk35omezu2fg3Q,rotational,46.0,"[[1, 7, 6, 2], [2, 6, 5]]",1.0,2.862,1,Fairly intuitive/unconscious,Somewhat clear,Quite hard,Unconfident,i pictured the bee flying
Qu1jvn7v68tjlk35omezu2fg3Q,rotational,47.0,"[[5, 6, 7, 1], [2, 6, 5]]",0.0,2.984,0,Fairly intuitive/unconscious,Somewhat clear,Quite hard,Unconfident,i pictured the bee flying
Qu1jvn7v68tjlk35omezu2fg3Q,rotational,48.0,"[[4, 1, 7], [0, 7, 6, 2]]",0.0,3.597,1,Fairly intuitive/unconscious,Somewhat clear,Quite hard,Unconfident,i pictured the bee flying
Qu1jvn7v68tjlk35omezu2fg3Q,rotational,49.0,"[[0, 7, 1], [4, 1, 7, 6]]",1.0,4.199,0,Fairly intuitive/unconscious,Somewhat clear,Quite hard,Unconfident,i pictured the bee flying
Qu1jvn7v68tjlk35omezu2fg3Q,rotational,50.0,"[[6, 7, 0], [0, 7, 6, 5]]",1.0,0.004,0,Fairly intuitive/unconscious,Somewhat clear,Quite hard,Unconfident,i pictured the bee flying
Qu1jvn7v68tjlk35omezu2fg3Q,rotational,51.0,"[[3, 5, 6, 2], [1, 7, 0]]",1.0,3.564,1,Fairly intuitive/unconscious,Somewhat clear,Quite hard,Unconfident,i pictured the bee flying
Qu1jvn7v68tjlk35omezu2fg3Q,rotational,52.0,"[[3, 5, 6, 7], [4, 1, 7, 6, 5]]",0.0,2.779,1,Fairly intuitive/unconscious,Somewhat clear,Quite hard,Unconfident,i pictured the bee flying
Qu1jvn7v68tjlk35omezu2fg3Q,rotational,53.0,"[[7, 1, 4], [5, 6, 7, 1]]",1.0,2.077,0,Fairly intuitive/unconscious,Somewhat clear,Quite hard,Unconfident,i pictured the bee flying
Qu1jvn7v68tjlk35omezu2fg3Q,rotational,54.0,"[[3, 5, 6, 2], [2, 6, 7, 1, 4]]",1.0,3.126,0,Fairly intuitive/unconscious,Somewhat clear,Quite hard,Unconfident,i pictured the bee flying
Qu1jvn7v68tjlk35omezu2fg3Q,rotational,55.0,"[[7, 1, 4], [3, 5, 6, 2]]",0.0,1.374,1,Fairly intuitive/unconscious,Somewhat clear,Quite hard,Unconfident,i pictured the bee flying
Qu1jvn7v68tjlk35omezu2fg3Q,rotational,56.0,"[[3, 5, 6, 7, 1], [4, 1, 7, 6]]",1.0,251.734,1,Fairly intuitive/unconscious,Somewhat clear,Quite hard,Unconfident,i pictured the bee flying
Qu1jvn7v68tjlk35omezu2fg3Q,rotational,57.0,"[[2, 6, 7, 1, 4], [3, 5, 6, 7]]",0.0,3.325,0,Fairly intuitive/unconscious,Somewhat clear,Quite hard,Unconfident,i pictured the bee flying
Qu1jvn7v68tjlk35omezu2fg3Q,rotational,58.0,"[[3, 5, 6, 7, 1], [2, 6, 5, 3]]",0.0,5.506,0,Fairly intuitive/unconscious,Somewhat clear,Quite hard,Unconfident,i pictured the bee flying
Qu1jvn7v68tjlk35omezu2fg3Q,rotational,59.0,"[[4, 1, 7, 6], [0, 7, 6, 5, 3]]",0.0,2.909,1,Fairly intuitive/unconscious,Somewhat clear,Quite hard,Unconfident,i pictured the bee flying
Qu1jvn7v68tjlk35omezu2fg3Q,rotational,60.0,"[[2, 6, 7], [4, 1, 7, 0]]",1.0,1.347,0,Fairly intuitive/unconscious,Somewhat clear,Quite hard,Unconfident,i pictured the bee flying
Qu1jvn7v68tjlk35omezu2fg3Q,rotational,61.0,"[[6, 7, 1, 4], [3, 5, 6]]",1.0,2.27,1,Fairly intuitive/unconscious,Somewhat clear,Quite hard,Unconfident,i pictured the bee flying
Qu1jvn7v68tjlk35omezu2fg3Q,rotational,62.0,"[[0, 7, 1, 4], [5, 6, 7]]",1.0,1.499,1,Fairly intuitive/unconscious,Somewhat clear,Quite hard,Unconfident,i pictured the bee flying
Qu1jvn7v68tjlk35omezu2fg3Q,rotational,63.0,"[[7, 6, 5], [1, 7, 6, 2]]",1.0,9.608,0,Fairly intuitive/unconscious,Somewhat clear,Quite hard,Unconfident,i pictured the bee flying
Qu1jvn7v68tjlk35omezu2fg3Q,rotational,64.0,"[[7, 6, 2], [4, 1, 7, 6]]",0.0,4.806,1,Fairly intuitive/unconscious,Somewhat clear,Quite hard,Unconfident,i pictured the bee flying
Qw6cch8j8hgu253s3709gmg0aQ,rotational,0.0,"[[2, 6, 7, 1, 4], [5, 6, 7, 0]]",0.0,3.71,0,Fully conscious/deliberative,Fully clear,Quite easy,Rather confident,"I focused more on making sure i matched the flowers with less stop overs. I tried to recall the flowers of yesterday and how the bee matched them, i could remember some, so i matched it that way."
Qw6cch8j8hgu253s3709gmg0aQ,rotational,1.0,"[[2, 6, 7, 1], [1, 7, 6]]",1.0,1.325,1,Fully conscious/deliberative,Fully clear,Quite easy,Rather confident,"I focused more on making sure i matched the flowers with less stop overs. I tried to recall the flowers of yesterday and how the bee matched them, i could remember some, so i matched it that way."
Qw6cch8j8hgu253s3709gmg0aQ,rotational,2.0,"[[6, 5, 3], [4, 1, 7, 6]]",0.0,1.718,1,Fully conscious/deliberative,Fully clear,Quite easy,Rather confident,"I focused more on making sure i matched the flowers with less stop overs. I tried to recall the flowers of yesterday and how the bee matched them, i could remember some, so i matched it that way."
Qw6cch8j8hgu253s3709gmg0aQ,rotational,3.0,"[[1, 7, 6, 5], [6, 5, 3]]",1.0,2.158,1,Fully conscious/deliberative,Fully clear,Quite easy,Rather confident,"I focused more on making sure i matched the flowers with less stop overs. I tried to recall the flowers of yesterday and how the bee matched them, i could remember some, so i matched it that way."
Qw6cch8j8hgu253s3709gmg0aQ,rotational,4.0,"[[6, 7, 1, 4], [2, 6, 7]]",0.0,2.449,0,Fully conscious/deliberative,Fully clear,Quite easy,Rather confident,"I focused more on making sure i matched the flowers with less stop overs. I tried to recall the flowers of yesterday and how the bee matched them, i could remember some, so i matched it that way."
Qw6cch8j8hgu253s3709gmg0aQ,rotational,5.0,"[[4, 1, 7, 6, 5], [6, 7, 1, 4]]",1.0,1.673,1,Fully conscious/deliberative,Fully clear,Quite easy,Rather confident,"I focused more on making sure i matched the flowers with less stop overs. I tried to recall the flowers of yesterday and how the bee matched them, i could remember some, so i matched it that way."
Qw6cch8j8hgu253s3709gmg0aQ,rotational,6.0,"[[2, 6, 7, 1], [5, 6, 7]]",1.0,4.554,1,Fully conscious/deliberative,Fully clear,Quite easy,Rather confident,"I focused more on making sure i matched the flowers with less stop overs. I tried to recall the flowers of yesterday and how the bee matched them, i could remember some, so i matched it that way."
Qw6cch8j8hgu253s3709gmg0aQ,rotational,7.0,"[[0, 7, 1, 4], [6, 5, 3]]",0.0,7.245,0,Fully conscious/deliberative,Fully clear,Quite easy,Rather confident,"I focused more on making sure i matched the flowers with less stop overs. I tried to recall the flowers of yesterday and how the bee matched them, i could remember some, so i matched it that way."
Qw6cch8j8hgu253s3709gmg0aQ,rotational,8.0,"[[5, 6, 7, 1, 4], [7, 6, 5, 3]]",1.0,1.899,1,Fully conscious/deliberative,Fully clear,Quite easy,Rather confident,"I focused more on making sure i matched the flowers with less stop overs. I tried to recall the flowers of yesterday and how the bee matched them, i could remember some, so i matched it that way."
Qw6cch8j8hgu253s3709gmg0aQ,rotational,9.0,"[[1, 7, 6, 5, 3], [1, 7, 6, 2]]",0.0,2.269,0,Fully conscious/deliberative,Fully clear,Quite easy,Rather confident,"I focused more on making sure i matched the flowers with less stop overs. I tried to recall the flowers of yesterday and how the bee matched them, i could remember some, so i matched it that way."
Qw6cch8j8hgu253s3709gmg0aQ,rotational,10.0,"[[6, 5, 3], [2, 6, 7, 0]]",1.0,3.248,0,Fully conscious/deliberative,Fully clear,Quite easy,Rather confident,"I focused more on making sure i matched the flowers with less stop overs. I tried to recall the flowers of yesterday and how the bee matched them, i could remember some, so i matched it that way."
Qw6cch8j8hgu253s3709gmg0aQ,rotational,11.0,"[[6, 7, 1, 4], [6, 5, 3]]",0.0,4.77,0,Fully conscious/deliberative,Fully clear,Quite easy,Rather confident,"I focused more on making sure i matched the flowers with less stop overs. I tried to recall the flowers of yesterday and how the bee matched them, i could remember some, so i matched it that way."
Qw6cch8j8hgu253s3709gmg0aQ,rotational,12.0,"[[7, 1, 4], [2, 6, 7, 1]]",1.0,3.81,0,Fully conscious/deliberative,Fully clear,Quite easy,Rather confident,"I focused more on making sure i matched the flowers with less stop overs. I tried to recall the flowers of yesterday and how the bee matched them, i could remember some, so i matched it that way."
Qw6cch8j8hgu253s3709gmg0aQ,rotational,13.0,"[[0, 7, 6, 2], [5, 6, 7]]",1.0,13.904,1,Fully conscious/deliberative,Fully clear,Quite easy,Rather confident,"I focused more on making sure i matched the flowers with less stop overs. I tried to recall the flowers of yesterday and how the bee matched them, i could remember some, so i matched it that way."
Qw6cch8j8hgu253s3709gmg0aQ,rotational,14.0,"[[0, 7, 1, 4], [2, 6, 7]]",0.0,4.914,0,Fully conscious/deliberative,Fully clear,Quite easy,Rather confident,"I focused more on making sure i matched the flowers with less stop overs. I tried to recall the flowers of yesterday and how the bee matched them, i could remember some, so i matched it that way."
Qw6cch8j8hgu253s3709gmg0aQ,rotational,15.0,"[[0, 7, 1], [1, 7, 6, 5]]",1.0,8.255,0,Fully conscious/deliberative,Fully clear,Quite easy,Rather confident,"I focused more on making sure i matched the flowers with less stop overs. I tried to recall the flowers of yesterday and how the bee matched them, i could remember some, so i matched it that way."
Qw6cch8j8hgu253s3709gmg0aQ,rotational,16.0,"[[4, 1, 7, 6], [0, 7, 6, 5, 3]]",1.0,4.464,0,Fully conscious/deliberative,Fully clear,Quite easy,Rather confident,"I focused more on making sure i matched the flowers with less stop overs. I tried to recall the flowers of yesterday and how the bee matched them, i could remember some, so i matched it that way."
Qw6cch8j8hgu253s3709gmg0aQ,rotational,17.0,"[[2, 6, 7, 1], [7, 6, 2]]",1.0,4.599,1,Fully conscious/deliberative,Fully clear,Quite easy,Rather confident,"I focused more on making sure i matched the flowers with less stop overs. I tried to recall the flowers of yesterday and how the bee matched them, i could remember some, so i matched it that way."
Qw6cch8j8hgu253s3709gmg0aQ,rotational,18.0,"[[1, 7, 6, 5], [4, 1, 7]]",0.0,7.355,0,Fully conscious/deliberative,Fully clear,Quite easy,Rather confident,"I focused more on making sure i matched the flowers with less stop overs. I tried to recall the flowers of yesterday and how the bee matched them, i could remember some, so i matched it that way."
Qw6cch8j8hgu253s3709gmg0aQ,rotational,19.0,"[[7, 6, 2], [5, 6, 7, 1]]",0.0,2.305,1,Fully conscious/deliberative,Fully clear,Quite easy,Rather confident,"I focused more on making sure i matched the flowers with less stop overs. I tried to recall the flowers of yesterday and how the bee matched them, i could remember some, so i matched it that way."
Qw6cch8j8hgu253s3709gmg0aQ,rotational,20.0,"[[1, 7, 6, 5], [1, 7, 6, 5, 3]]",1.0,1.28,0,Fully conscious/deliberative,Fully clear,Quite easy,Rather confident,"I focused more on making sure i matched the flowers with less stop overs. I tried to recall the flowers of yesterday and how the bee matched them, i could remember some, so i matched it that way."
Qw6cch8j8hgu253s3709gmg0aQ,rotational,21.0,"[[6, 7, 1], [0, 7, 6, 5]]",1.0,9.494,0,Fully conscious/deliberative,Fully clear,Quite easy,Rather confident,"I focused more on making sure i matched the flowers with less stop overs. I tried to recall the flowers of yesterday and how the bee matched them, i could remember some, so i matched it that way."
Qw6cch8j8hgu253s3709gmg0aQ,rotational,22.0,"[[6, 7, 0], [2, 6, 5, 3]]",1.0,0.041,0,Fully conscious/deliberative,Fully clear,Quite easy,Rather confident,"I focused more on making sure i matched the flowers with less stop overs. I tried to recall the flowers of yesterday and how the bee matched them, i could remember some, so i matched it that way."
Qw6cch8j8hgu253s3709gmg0aQ,rotational,23.0,"[[0, 7, 6, 5], [1, 7, 0]]",1.0,1.665,1,Fully conscious/deliberative,Fully clear,Quite easy,Rather confident,"I focused more on making sure i matched the flowers with less stop overs. I tried to recall the flowers of yesterday and how the bee matched them, i could remember some, so i matched it that way."
Qw6cch8j8hgu253s3709gmg0aQ,rotational,24.0,"[[4, 1, 7], [3, 5, 6, 2]]",1.0,1.191,0,Fully conscious/deliberative,Fully clear,Quite easy,Rather confident,"I focused more on making sure i matched the flowers with less stop overs. I tried to recall the flowers of yesterday and how the bee matched them, i could remember some, so i matched it that way."
Qw6cch8j8hgu253s3709gmg0aQ,rotational,25.0,"[[0, 7, 1, 4], [5, 6, 2]]",0.0,2.709,0,Fully conscious/deliberative,Fully clear,Quite easy,Rather confident,"I focused more on making sure i matched the flowers with less stop overs. I tried to recall the flowers of yesterday and how the bee matched them, i could remember some, so i matched it that way."
Qw6cch8j8hgu253s3709gmg0aQ,rotational,26.0,"[[7, 1, 4], [0, 7, 6, 2]]",1.0,1.809,0,Fully conscious/deliberative,Fully clear,Quite easy,Rather confident,"I focused more on making sure i matched the flowers with less stop overs. I tried to recall the flowers of yesterday and how the bee matched them, i could remember some, so i matched it that way."
Qw6cch8j8hgu253s3709gmg0aQ,rotational,27.0,"[[3, 5, 6, 2], [2, 6, 7, 1, 4]]",0.0,8.763,1,Fully conscious/deliberative,Fully clear,Quite easy,Rather confident,"I focused more on making sure i matched the flowers with less stop overs. I tried to recall the flowers of yesterday and how the bee matched them, i could remember some, so i matched it that way."
Qw6cch8j8hgu253s3709gmg0aQ,rotational,28.0,"[[2, 6, 7], [7, 6, 5, 3]]",1.0,1.211,0,Fully conscious/deliberative,Fully clear,Quite easy,Rather confident,"I focused more on making sure i matched the flowers with less stop overs. I tried to recall the flowers of yesterday and how the bee matched them, i could remember some, so i matched it that way."
Qw6cch8j8hgu253s3709gmg0aQ,rotational,29.0,"[[4, 1, 7], [2, 6, 7, 1]]",1.0,2.113,0,Fully conscious/deliberative,Fully clear,Quite easy,Rather confident,"I focused more on making sure i matched the flowers with less stop overs. I tried to recall the flowers of yesterday and how the bee matched them, i could remember some, so i matched it that way."
Qw6cch8j8hgu253s3709gmg0aQ,rotational,30.0,"[[1, 7, 6, 2], [3, 5, 6, 7, 0]]",0.0,41.841,1,Fully conscious/deliberative,Fully clear,Quite easy,Rather confident,"I focused more on making sure i matched the flowers with less stop overs. I tried to recall the flowers of yesterday and how the bee matched them, i could remember some, so i matched it that way."
Qw6cch8j8hgu253s3709gmg0aQ,rotational,31.0,"[[7, 6, 5], [0, 7, 6, 5]]",1.0,3.16,0,Fully conscious/deliberative,Fully clear,Quite easy,Rather confident,"I focused more on making sure i matched the flowers with less stop overs. I tried to recall the flowers of yesterday and how the bee matched them, i could remember some, so i matched it that way."
Qw6cch8j8hgu253s3709gmg0aQ,rotational,32.0,"[[0, 7, 1], [3, 5, 6, 2]]",0.0,6.963,1,Fully conscious/deliberative,Fully clear,Quite easy,Rather confident,"I focused more on making sure i matched the flowers with less stop overs. I tried to recall the flowers of yesterday and how the bee matched them, i could remember some, so i matched it that way."
Qw6cch8j8hgu253s3709gmg0aQ,rotational,33.0,"[[6, 7, 0], [0, 7, 1, 4]]",0.0,23.012,1,Fully conscious/deliberative,Fully clear,Quite easy,Rather confident,"I focused more on making sure i matched the flowers with less stop overs. I tried to recall the flowers of yesterday and how the bee matched them, i could remember some, so i matched it that way."
Qw6cch8j8hgu253s3709gmg0aQ,rotational,34.0,"[[0, 7, 1], [6, 7, 1, 4]]",0.0,1.539,1,Fully conscious/deliberative,Fully clear,Quite easy,Rather confident,"I focused more on making sure i matched the flowers with less stop overs. I tried to recall the flowers of yesterday and how the bee matched them, i could remember some, so i matched it that way."
Qw6cch8j8hgu253s3709gmg0aQ,rotational,35.0,"[[1, 7, 6, 5], [7, 1, 4]]",1.0,9.189,1,Fully conscious/deliberative,Fully clear,Quite easy,Rather confident,"I focused more on making sure i matched the flowers with less stop overs. I tried to recall the flowers of yesterday and how the bee matched them, i could remember some, so i matched it that way."
Qw6cch8j8hgu253s3709gmg0aQ,rotational,36.0,"[[6, 7, 1, 4], [5, 6, 7]]",0.0,1.865,0,Fully conscious/deliberative,Fully clear,Quite easy,Rather confident,"I focused more on making sure i matched the flowers with less stop overs. I tried to recall the flowers of yesterday and how the bee matched them, i could remember some, so i matched it that way."
Qw6cch8j8hgu253s3709gmg0aQ,rotational,37.0,"[[6, 7, 1, 4], [2, 6, 5]]",0.0,2.337,0,Fully conscious/deliberative,Fully clear,Quite easy,Rather confident,"I focused more on making sure i matched the flowers with less stop overs. I tried to recall the flowers of yesterday and how the bee matched them, i could remember some, so i matched it that way."
Qw6cch8j8hgu253s3709gmg0aQ,rotational,38.0,"[[4, 1, 7, 6, 2], [4, 1, 7, 0]]",1.0,3.598,1,Fully conscious/deliberative,Fully clear,Quite easy,Rather confident,"I focused more on making sure i matched the flowers with less stop overs. I tried to recall the flowers of yesterday and how the bee matched them, i could remember some, so i matched it that way."
Qw6cch8j8hgu253s3709gmg0aQ,rotational,39.0,"[[1, 7, 6], [1, 7, 6, 5]]",0.0,1.606,1,Fully conscious/deliberative,Fully clear,Quite easy,Rather confident,"I focused more on making sure i matched the flowers with less stop overs. I tried to recall the flowers of yesterday and how the bee matched them, i could remember some, so i matched it that way."
Qw6cch8j8hgu253s3709gmg0aQ,rotational,40.0,"[[3, 5, 6, 7, 1], [2, 6, 5, 3]]",1.0,2.101,1,Fully conscious/deliberative,Fully clear,Quite easy,Rather confident,"I focused more on making sure i matched the flowers with less stop overs. I tried to recall the flowers of yesterday and how the bee matched them, i could remember some, so i matched it that way."
Qw6cch8j8hgu253s3709gmg0aQ,rotational,41.0,"[[5, 6, 7], [5, 6, 7, 1]]",0.0,4.036,1,Fully conscious/deliberative,Fully clear,Quite easy,Rather confident,"I focused more on making sure i matched the flowers with less stop overs. I tried to recall the flowers of yesterday and how the bee matched them, i could remember some, so i matched it that way."
Qw6cch8j8hgu253s3709gmg0aQ,rotational,42.0,"[[7, 6, 5], [3, 5, 6, 2]]",1.0,619.845,0,Fully conscious/deliberative,Fully clear,Quite easy,Rather confident,"I focused more on making sure i matched the flowers with less stop overs. I tried to recall the flowers of yesterday and how the bee matched them, i could remember some, so i matched it that way."
Qw6cch8j8hgu253s3709gmg0aQ,rotational,43.0,"[[6, 5, 3], [2, 6, 7, 1]]",1.0,1.279,0,Fully conscious/deliberative,Fully clear,Quite easy,Rather confident,"I focused more on making sure i matched the flowers with less stop overs. I tried to recall the flowers of yesterday and how the bee matched them, i could remember some, so i matched it that way."
Qw6cch8j8hgu253s3709gmg0aQ,rotational,44.0,"[[5, 6, 7, 0], [5, 6, 2]]",1.0,1.168,1,Fully conscious/deliberative,Fully clear,Quite easy,Rather confident,"I focused more on making sure i matched the flowers with less stop overs. I tried to recall the flowers of yesterday and how the bee matched them, i could remember some, so i matched it that way."
Qw6cch8j8hgu253s3709gmg0aQ,rotational,45.0,"[[5, 6, 2], [5, 6, 7, 1]]",0.0,1.437,1,Fully conscious/deliberative,Fully clear,Quite easy,Rather confident,"I focused more on making sure i matched the flowers with less stop overs. I tried to recall the flowers of yesterday and how the bee matched them, i could remember some, so i matched it that way."
Qw6cch8j8hgu253s3709gmg0aQ,rotational,46.0,"[[2, 6, 7], [4, 1, 7, 0]]",1.0,1.359,0,Fully conscious/deliberative,Fully clear,Quite easy,Rather confident,"I focused more on making sure i matched the flowers with less stop overs. I tried to recall the flowers of yesterday and how the bee matched them, i could remember some, so i matched it that way."
Qw6cch8j8hgu253s3709gmg0aQ,rotational,47.0,"[[2, 6, 7, 1], [5, 6, 2]]",1.0,1.314,1,Fully conscious/deliberative,Fully clear,Quite easy,Rather confident,"I focused more on making sure i matched the flowers with less stop overs. I tried to recall the flowers of yesterday and how the bee matched them, i could remember some, so i matched it that way."
Qw6cch8j8hgu253s3709gmg0aQ,rotational,48.0,"[[3, 5, 6, 2], [1, 7, 6]]",1.0,2.181,1,Fully conscious/deliberative,Fully clear,Quite easy,Rather confident,"I focused more on making sure i matched the flowers with less stop overs. I tried to recall the flowers of yesterday and how the bee matched them, i could remember some, so i matched it that way."
Qw6cch8j8hgu253s3709gmg0aQ,rotational,49.0,"[[3, 5, 6, 7, 0], [0, 7, 6, 2]]",1.0,1.358,1,Fully conscious/deliberative,Fully clear,Quite easy,Rather confident,"I focused more on making sure i matched the flowers with less stop overs. I tried to recall the flowers of yesterday and how the bee matched them, i could remember some, so i matched it that way."
Qw6cch8j8hgu253s3709gmg0aQ,rotational,50.0,"[[3, 5, 6, 7, 1, 4], [4, 1, 7, 6, 2]]",0.0,1.067,0,Fully conscious/deliberative,Fully clear,Quite easy,Rather confident,"I focused more on making sure i matched the flowers with less stop overs. I tried to recall the flowers of yesterday and how the bee matched them, i could remember some, so i matched it that way."
Qw6cch8j8hgu253s3709gmg0aQ,rotational,51.0,"[[0, 7, 1, 4], [6, 7, 1]]",1.0,17.65,1,Fully conscious/deliberative,Fully clear,Quite easy,Rather confident,"I focused more on making sure i matched the flowers with less stop overs. I tried to recall the flowers of yesterday and how the bee matched them, i could remember some, so i matched it that way."
Qw6cch8j8hgu253s3709gmg0aQ,rotational,52.0,"[[0, 7, 1], [2, 6, 7, 0]]",0.0,2.227,1,Fully conscious/deliberative,Fully clear,Quite easy,Rather confident,"I focused more on making sure i matched the flowers with less stop overs. I tried to recall the flowers of yesterday and how the bee matched them, i could remember some, so i matched it that way."
Qw6cch8j8hgu253s3709gmg0aQ,rotational,53.0,"[[7, 6, 2], [4, 1, 7, 6]]",0.0,2.99,1,Fully conscious/deliberative,Fully clear,Quite easy,Rather confident,"I focused more on making sure i matched the flowers with less stop overs. I tried to recall the flowers of yesterday and how the bee matched them, i could remember some, so i matched it that way."
Qw6cch8j8hgu253s3709gmg0aQ,rotational,54.0,"[[3, 5, 6, 7], [5, 6, 2]]",0.0,2.754,0,Fully conscious/deliberative,Fully clear,Quite easy,Rather confident,"I focused more on making sure i matched the flowers with less stop overs. I tried to recall the flowers of yesterday and how the bee matched them, i could remember some, so i matched it that way."
Qw6cch8j8hgu253s3709gmg0aQ,rotational,55.0,"[[4, 1, 7, 6, 2], [3, 5, 6, 7]]",0.0,3.158,0,Fully conscious/deliberative,Fully clear,Quite easy,Rather confident,"I focused more on making sure i matched the flowers with less stop overs. I tried to recall the flowers of yesterday and how the bee matched them, i could remember some, so i matched it that way."
Qw6cch8j8hgu253s3709gmg0aQ,rotational,56.0,"[[5, 6, 2], [3, 5, 6, 2]]",0.0,2.405,1,Fully conscious/deliberative,Fully clear,Quite easy,Rather confident,"I focused more on making sure i matched the flowers with less stop overs. I tried to recall the flowers of yesterday and how the bee matched them, i could remember some, so i matched it that way."
Qw6cch8j8hgu253s3709gmg0aQ,rotational,57.0,"[[3, 5, 6, 7], [5, 6, 7, 1, 4]]",0.0,2.317,1,Fully conscious/deliberative,Fully clear,Quite easy,Rather confident,"I focused more on making sure i matched the flowers with less stop overs. I tried to recall the flowers of yesterday and how the bee matched them, i could remember some, so i matched it that way."
Qw6cch8j8hgu253s3709gmg0aQ,rotational,58.0,"[[4, 1, 7, 0], [5, 6, 7]]",0.0,2.011,0,Fully conscious/deliberative,Fully clear,Quite easy,Rather confident,"I focused more on making sure i matched the flowers with less stop overs. I tried to recall the flowers of yesterday and how the bee matched them, i could remember some, so i matched it that way."
Qw6cch8j8hgu253s3709gmg0aQ,rotational,59.0,"[[4, 1, 7, 6], [1, 7, 6, 5, 3]]",1.0,2.821,0,Fully conscious/deliberative,Fully clear,Quite easy,Rather confident,"I focused more on making sure i matched the flowers with less stop overs. I tried to recall the flowers of yesterday and how the bee matched them, i could remember some, so i matched it that way."
Qw6cch8j8hgu253s3709gmg0aQ,rotational,60.0,"[[0, 7, 1], [2, 6, 7, 1]]",1.0,2.779,0,Fully conscious/deliberative,Fully clear,Quite easy,Rather confident,"I focused more on making sure i matched the flowers with less stop overs. I tried to recall the flowers of yesterday and how the bee matched them, i could remember some, so i matched it that way."
Qw6cch8j8hgu253s3709gmg0aQ,rotational,61.0,"[[4, 1, 7, 0], [5, 6, 7, 1, 4]]",0.0,2.247,1,Fully conscious/deliberative,Fully clear,Quite easy,Rather confident,"I focused more on making sure i matched the flowers with less stop overs. I tried to recall the flowers of yesterday and how the bee matched them, i could remember some, so i matched it that way."
Qw6cch8j8hgu253s3709gmg0aQ,rotational,62.0,"[[6, 7, 0], [0, 7, 6, 5]]",0.0,2.844,1,Fully conscious/deliberative,Fully clear,Quite easy,Rather confident,"I focused more on making sure i matched the flowers with less stop overs. I tried to recall the flowers of yesterday and how the bee matched them, i could remember some, so i matched it that way."
Qw6cch8j8hgu253s3709gmg0aQ,rotational,63.0,"[[0, 7, 1], [2, 6, 7, 1]]",1.0,2.867,0,Fully conscious/deliberative,Fully clear,Quite easy,Rather confident,"I focused more on making sure i matched the flowers with less stop overs. I tried to recall the flowers of yesterday and how the bee matched them, i could remember some, so i matched it that way."
Qw6cch8j8hgu253s3709gmg0aQ,rotational,64.0,"[[5, 6, 7, 0], [4, 1, 7]]",1.0,1.291,1,Fully conscious/deliberative,Fully clear,Quite easy,Rather confident,"I focused more on making sure i matched the flowers with less stop overs. I tried to recall the flowers of yesterday and how the bee matched them, i could remember some, so i matched it that way."
Qz0ok7biq3oowh76c5bee68rbQ,rotational,0.0,"[[4, 1, 7], [2, 6, 5, 3]]",1.0,32.528,0,Fully conscious/deliberative,Fully clear,Quite easy,Rather confident,visual momory with previous part in this study
Qz0ok7biq3oowh76c5bee68rbQ,rotational,1.0,"[[6, 5, 3], [4, 1, 7, 0]]",0.0,7.69,1,Fully conscious/deliberative,Fully clear,Quite easy,Rather confident,visual momory with previous part in this study
Qz0ok7biq3oowh76c5bee68rbQ,rotational,2.0,"[[7, 6, 2], [7, 6, 5, 3]]",1.0,3.06,0,Fully conscious/deliberative,Fully clear,Quite easy,Rather confident,visual momory with previous part in this study
Qz0ok7biq3oowh76c5bee68rbQ,rotational,3.0,"[[0, 7, 1], [1, 7, 6, 2]]",0.0,3.476,1,Fully conscious/deliberative,Fully clear,Quite easy,Rather confident,visual momory with previous part in this study
Qz0ok7biq3oowh76c5bee68rbQ,rotational,4.0,"[[0, 7, 6, 2], [1, 7, 0]]",0.0,5.412,0,Fully conscious/deliberative,Fully clear,Quite easy,Rather confident,visual momory with previous part in this study
Qz0ok7biq3oowh76c5bee68rbQ,rotational,5.0,"[[6, 7, 0], [5, 6, 7, 0]]",1.0,2.739,0,Fully conscious/deliberative,Fully clear,Quite easy,Rather confident,visual momory with previous part in this study
Qz0ok7biq3oowh76c5bee68rbQ,rotational,6.0,"[[3, 5, 6, 7, 0], [2, 6, 7, 1]]",1.0,1.452,1,Fully conscious/deliberative,Fully clear,Quite easy,Rather confident,visual momory with previous part in this study
Qz0ok7biq3oowh76c5bee68rbQ,rotational,7.0,"[[5, 6, 7, 1, 4], [6, 7, 1, 4]]",1.0,2.844,1,Fully conscious/deliberative,Fully clear,Quite easy,Rather confident,visual momory with previous part in this study
Qz0ok7biq3oowh76c5bee68rbQ,rotational,8.0,"[[5, 6, 7, 1], [5, 6, 2]]",1.0,25.9,1,Fully conscious/deliberative,Fully clear,Quite easy,Rather confident,visual momory with previous part in this study
Qz0ok7biq3oowh76c5bee68rbQ,rotational,9.0,"[[7, 6, 5, 3], [5, 6, 2]]",1.0,7.94,1,Fully conscious/deliberative,Fully clear,Quite easy,Rather confident,visual momory with previous part in this study
Qz0ok7biq3oowh76c5bee68rbQ,rotational,10.0,"[[2, 6, 7, 1, 4], [3, 5, 6, 7, 1, 4]]",1.0,5.939,0,Fully conscious/deliberative,Fully clear,Quite easy,Rather confident,visual momory with previous part in this study
Qz0ok7biq3oowh76c5bee68rbQ,rotational,11.0,"[[7, 1, 4], [0, 7, 6, 5]]",1.0,2.195,0,Fully conscious/deliberative,Fully clear,Quite easy,Rather confident,visual momory with previous part in this study
Qz0ok7biq3oowh76c5bee68rbQ,rotational,12.0,"[[2, 6, 7, 1, 4], [3, 5, 6, 2]]",0.0,2.788,0,Fully conscious/deliberative,Fully clear,Quite easy,Rather confident,visual momory with previous part in this study
Qz0ok7biq3oowh76c5bee68rbQ,rotational,13.0,"[[4, 1, 7], [2, 6, 7, 0]]",1.0,2.084,0,Fully conscious/deliberative,Fully clear,Quite easy,Rather confident,visual momory with previous part in this study
Qz0ok7biq3oowh76c5bee68rbQ,rotational,14.0,"[[0, 7, 6, 5], [4, 1, 7, 6, 2]]",0.0,3.164,1,Fully conscious/deliberative,Fully clear,Quite easy,Rather confident,visual momory with previous part in this study
Qz0ok7biq3oowh76c5bee68rbQ,rotational,15.0,"[[7, 6, 5], [1, 7, 6, 5]]",1.0,4.444,0,Fully conscious/deliberative,Fully clear,Quite easy,Rather confident,visual momory with previous part in this study
Qz0ok7biq3oowh76c5bee68rbQ,rotational,16.0,"[[0, 7, 1, 4], [2, 6, 7]]",0.0,6.38,0,Fully conscious/deliberative,Fully clear,Quite easy,Rather confident,visual momory with previous part in this study
Qz0ok7biq3oowh76c5bee68rbQ,rotational,17.0,"[[5, 6, 7, 0], [1, 7, 0]]",1.0,4.66,1,Fully conscious/deliberative,Fully clear,Quite easy,Rather confident,visual momory with previous part in this study
Qz0ok7biq3oowh76c5bee68rbQ,rotational,18.0,"[[4, 1, 7, 6], [1, 7, 0]]",0.0,7.22,0,Fully conscious/deliberative,Fully clear,Quite easy,Rather confident,visual momory with previous part in this study
Qz0ok7biq3oowh76c5bee68rbQ,rotational,19.0,"[[2, 6, 7, 1], [1, 7, 6, 5, 3]]",1.0,1.797,0,Fully conscious/deliberative,Fully clear,Quite easy,Rather confident,visual momory with previous part in this study
Qz0ok7biq3oowh76c5bee68rbQ,rotational,20.0,"[[2, 6, 7, 0], [0, 7, 6, 5, 3]]",1.0,6.797,0,Fully conscious/deliberative,Fully clear,Quite easy,Rather confident,visual momory with previous part in this study
Qz0ok7biq3oowh76c5bee68rbQ,rotational,21.0,"[[7, 1, 4], [1, 7, 6, 5]]",1.0,4.477,0,Fully conscious/deliberative,Fully clear,Quite easy,Rather confident,visual momory with previous part in this study
Qz0ok7biq3oowh76c5bee68rbQ,rotational,22.0,"[[3, 5, 6, 2], [2, 6, 5]]",1.0,3.988,1,Fully conscious/deliberative,Fully clear,Quite easy,Rather confident,visual momory with previous part in this study
Qz0ok7biq3oowh76c5bee68rbQ,rotational,23.0,"[[5, 6, 7, 1], [1, 7, 6]]",1.0,5.092,1,Fully conscious/deliberative,Fully clear,Quite easy,Rather confident,visual momory with previous part in this study
Qz0ok7biq3oowh76c5bee68rbQ,rotational,24.0,"[[0, 7, 1, 4], [4, 1, 7, 6, 2]]",1.0,4.78,0,Fully conscious/deliberative,Fully clear,Quite easy,Rather confident,visual momory with previous part in this study
Qz0ok7biq3oowh76c5bee68rbQ,rotational,25.0,"[[7, 6, 2], [1, 7, 6, 2]]",0.0,1.628,1,Fully conscious/deliberative,Fully clear,Quite easy,Rather confident,visual momory with previous part in this study
Qz0ok7biq3oowh76c5bee68rbQ,rotational,26.0,"[[6, 7, 1], [0, 7, 1, 4]]",1.0,3.844,0,Fully conscious/deliberative,Fully clear,Quite easy,Rather confident,visual momory with previous part in this study
Qz0ok7biq3oowh76c5bee68rbQ,rotational,27.0,"[[7, 6, 5, 3], [5, 6, 7, 1, 4]]",0.0,10.812,1,Fully conscious/deliberative,Fully clear,Quite easy,Rather confident,visual momory with previous part in this study
Qz0ok7biq3oowh76c5bee68rbQ,rotational,28.0,"[[3, 5, 6, 7, 0], [6, 7, 1, 4]]",1.0,1.988,1,Fully conscious/deliberative,Fully clear,Quite easy,Rather confident,visual momory with previous part in this study
Qz0ok7biq3oowh76c5bee68rbQ,rotational,29.0,"[[4, 1, 7, 6], [6, 5, 3]]",0.0,1.388,0,Fully conscious/deliberative,Fully clear,Quite easy,Rather confident,visual momory with previous part in this study
Qz0ok7biq3oowh76c5bee68rbQ,rotational,30.0,"[[2, 6, 7, 0], [3, 5, 6]]",1.0,3.126,1,Fully conscious/deliberative,Fully clear,Quite easy,Rather confident,visual momory with previous part in this study
Qz0ok7biq3oowh76c5bee68rbQ,rotational,31.0,"[[2, 6, 7], [0, 7, 1, 4]]",0.0,4.939,1,Fully conscious/deliberative,Fully clear,Quite easy,Rather confident,visual momory with previous part in this study
Qz0ok7biq3oowh76c5bee68rbQ,rotational,32.0,"[[1, 7, 6, 2], [6, 7, 1]]",0.0,6.612,0,Fully conscious/deliberative,Fully clear,Quite easy,Rather confident,visual momory with previous part in this study
Qz0ok7biq3oowh76c5bee68rbQ,rotational,33.0,"[[0, 7, 6, 2], [5, 6, 7]]",0.0,5.061,0,Fully conscious/deliberative,Fully clear,Quite easy,Rather confident,visual momory with previous part in this study
Qz0ok7biq3oowh76c5bee68rbQ,rotational,34.0,"[[3, 5, 6, 7, 1], [1, 7, 6, 5]]",1.0,2.924,1,Fully conscious/deliberative,Fully clear,Quite easy,Rather confident,visual momory with previous part in this study
Qz0ok7biq3oowh76c5bee68rbQ,rotational,35.0,"[[5, 6, 7, 0], [7, 6, 5]]",1.0,5.308,1,Fully conscious/deliberative,Fully clear,Quite easy,Rather confident,visual momory with previous part in this study
Qz0ok7biq3oowh76c5bee68rbQ,rotational,36.0,"[[6, 7, 1, 4], [7, 6, 5]]",0.0,1.877,0,Fully conscious/deliberative,Fully clear,Quite easy,Rather confident,visual momory with previous part in this study
Qz0ok7biq3oowh76c5bee68rbQ,rotational,37.0,"[[3, 5, 6, 7, 1], [3, 5, 6, 2]]",1.0,4.653,1,Fully conscious/deliberative,Fully clear,Quite easy,Rather confident,visual momory with previous part in this study
Qz0ok7biq3oowh76c5bee68rbQ,rotational,38.0,"[[5, 6, 7, 0], [6, 7, 1]]",1.0,6.748,1,Fully conscious/deliberative,Fully clear,Quite easy,Rather confident,visual momory with previous part in this study
Qz0ok7biq3oowh76c5bee68rbQ,rotational,39.0,"[[2, 6, 7], [1, 7, 6, 5]]",1.0,4.884,0,Fully conscious/deliberative,Fully clear,Quite easy,Rather confident,visual momory with previous part in this study
Qz0ok7biq3oowh76c5bee68rbQ,rotational,40.0,"[[6, 7, 0], [4, 1, 7, 0]]",0.0,13.236,1,Fully conscious/deliberative,Fully clear,Quite easy,Rather confident,visual momory with previous part in this study
Qz0ok7biq3oowh76c5bee68rbQ,rotational,41.0,"[[4, 1, 7, 0], [4, 1, 7, 6, 5]]",1.0,7.644,0,Fully conscious/deliberative,Fully clear,Quite easy,Rather confident,visual momory with previous part in this study
Qz0ok7biq3oowh76c5bee68rbQ,rotational,42.0,"[[5, 6, 7, 1], [4, 1, 7]]",1.0,2.292,1,Fully conscious/deliberative,Fully clear,Quite easy,Rather confident,visual momory with previous part in this study
Qz0ok7biq3oowh76c5bee68rbQ,rotational,43.0,"[[2, 6, 5], [4, 1, 7, 6]]",0.0,2.293,1,Fully conscious/deliberative,Fully clear,Quite easy,Rather confident,visual momory with previous part in this study
Qz0ok7biq3oowh76c5bee68rbQ,rotational,44.0,"[[2, 6, 7, 1], [5, 6, 7]]",0.0,1.18,0,Fully conscious/deliberative,Fully clear,Quite easy,Rather confident,visual momory with previous part in this study
Qz0ok7biq3oowh76c5bee68rbQ,rotational,45.0,"[[7, 1, 4], [2, 6, 7, 1]]",0.0,6.276,1,Fully conscious/deliberative,Fully clear,Quite easy,Rather confident,visual momory with previous part in this study
Qz0ok7biq3oowh76c5bee68rbQ,rotational,46.0,"[[7, 6, 2], [6, 7, 1, 4]]",0.0,2.556,1,Fully conscious/deliberative,Fully clear,Quite easy,Rather confident,visual momory with previous part in this study
Qz0ok7biq3oowh76c5bee68rbQ,rotational,47.0,"[[2, 6, 5, 3], [7, 6, 5]]",1.0,1.516,1,Fully conscious/deliberative,Fully clear,Quite easy,Rather confident,visual momory with previous part in this study
Qz0ok7biq3oowh76c5bee68rbQ,rotational,48.0,"[[1, 7, 6, 2], [0, 7, 1]]",0.0,2.764,0,Fully conscious/deliberative,Fully clear,Quite easy,Rather confident,visual momory with previous part in this study
Qz0ok7biq3oowh76c5bee68rbQ,rotational,49.0,"[[4, 1, 7, 6], [7, 6, 2]]",0.0,3.469,0,Fully conscious/deliberative,Fully clear,Quite easy,Rather confident,visual momory with previous part in this study
Qz0ok7biq3oowh76c5bee68rbQ,rotational,50.0,"[[0, 7, 6], [2, 6, 5, 3]]",1.0,4.253,0,Fully conscious/deliberative,Fully clear,Quite easy,Rather confident,visual momory with previous part in this study
Qz0ok7biq3oowh76c5bee68rbQ,rotational,51.0,"[[7, 6, 5, 3], [4, 1, 7, 6, 2]]",1.0,4.716,0,Fully conscious/deliberative,Fully clear,Quite easy,Rather confident,visual momory with previous part in this study
Qz0ok7biq3oowh76c5bee68rbQ,rotational,52.0,"[[5, 6, 7, 0], [2, 6, 5]]",0.0,2.916,0,Fully conscious/deliberative,Fully clear,Quite easy,Rather confident,visual momory with previous part in this study
Qz0ok7biq3oowh76c5bee68rbQ,rotational,53.0,"[[6, 5, 3], [1, 7, 6, 2]]",0.0,2.093,1,Fully conscious/deliberative,Fully clear,Quite easy,Rather confident,visual momory with previous part in this study
Qz0ok7biq3oowh76c5bee68rbQ,rotational,54.0,"[[2, 6, 5, 3], [1, 7, 0]]",1.0,3.86,1,Fully conscious/deliberative,Fully clear,Quite easy,Rather confident,visual momory with previous part in this study
Qz0ok7biq3oowh76c5bee68rbQ,rotational,55.0,"[[6, 5, 3], [5, 6, 7, 1]]",0.0,2.821,1,Fully conscious/deliberative,Fully clear,Quite easy,Rather confident,visual momory with previous part in this study
Qz0ok7biq3oowh76c5bee68rbQ,rotational,56.0,"[[1, 7, 6, 2], [4, 1, 7]]",0.0,2.676,0,Fully conscious/deliberative,Fully clear,Quite easy,Rather confident,visual momory with previous part in this study
Qz0ok7biq3oowh76c5bee68rbQ,rotational,57.0,"[[6, 5, 3], [6, 7, 1, 4]]",0.0,3.94,1,Fully conscious/deliberative,Fully clear,Quite easy,Rather confident,visual momory with previous part in this study
Qz0ok7biq3oowh76c5bee68rbQ,rotational,58.0,"[[4, 1, 7, 6, 5], [7, 6, 5, 3]]",0.0,2.357,0,Fully conscious/deliberative,Fully clear,Quite easy,Rather confident,visual momory with previous part in this study
Qz0ok7biq3oowh76c5bee68rbQ,rotational,59.0,"[[0, 7, 1], [5, 6, 7, 1]]",1.0,2.412,0,Fully conscious/deliberative,Fully clear,Quite easy,Rather confident,visual momory with previous part in this study
Qz0ok7biq3oowh76c5bee68rbQ,rotational,60.0,"[[4, 1, 7, 6], [1, 7, 6, 5, 3]]",1.0,3.997,0,Fully conscious/deliberative,Fully clear,Quite easy,Rather confident,visual momory with previous part in this study
Qz0ok7biq3oowh76c5bee68rbQ,rotational,61.0,"[[5, 6, 7], [0, 7, 1, 4]]",0.0,6.068,1,Fully conscious/deliberative,Fully clear,Quite easy,Rather confident,visual momory with previous part in this study
Qz0ok7biq3oowh76c5bee68rbQ,rotational,62.0,"[[1, 7, 6, 2], [2, 6, 5]]",0.0,1.069,0,Fully conscious/deliberative,Fully clear,Quite easy,Rather confident,visual momory with previous part in this study
Qz0ok7biq3oowh76c5bee68rbQ,rotational,63.0,"[[1, 7, 6], [3, 5, 6, 2]]",1.0,2.548,0,Fully conscious/deliberative,Fully clear,Quite easy,Rather confident,visual momory with previous part in this study
Qz0ok7biq3oowh76c5bee68rbQ,rotational,64.0,"[[0, 7, 1, 4], [5, 6, 2]]",0.0,3.46,0,Fully conscious/deliberative,Fully clear,Quite easy,Rather confident,visual momory with previous part in this study
Qz0ok7biq3oowh76c5bee68rbQ,rotational,0.0,"[[0, 7, 6], [0, 7, 6, 5]]",0.0,9.307,1,Fully conscious/deliberative,Fully clear,Quite easy,Rather confident,visual momory with previous part in this study
Qz0ok7biq3oowh76c5bee68rbQ,rotational,1.0,"[[0, 7, 1, 4], [5, 6, 2]]",0.0,5.501,0,Fully conscious/deliberative,Fully clear,Quite easy,Rather confident,visual momory with previous part in this study
Qz0ok7biq3oowh76c5bee68rbQ,rotational,2.0,"[[1, 7, 6, 5], [0, 7, 1]]",1.0,4.172,1,Fully conscious/deliberative,Fully clear,Quite easy,Rather confident,visual momory with previous part in this study
Qz0ok7biq3oowh76c5bee68rbQ,rotational,3.0,"[[7, 6, 5], [6, 7, 1, 4]]",0.0,1.485,1,Fully conscious/deliberative,Fully clear,Quite easy,Rather confident,visual momory with previous part in this study
Qz0ok7biq3oowh76c5bee68rbQ,rotational,4.0,"[[4, 1, 7, 6, 2], [3, 5, 6, 7]]",0.0,4.508,0,Fully conscious/deliberative,Fully clear,Quite easy,Rather confident,visual momory with previous part in this study
Qz0ok7biq3oowh76c5bee68rbQ,rotational,5.0,"[[2, 6, 7, 1], [4, 1, 7]]",0.0,1.421,0,Fully conscious/deliberative,Fully clear,Quite easy,Rather confident,visual momory with previous part in this study
Qz0ok7biq3oowh76c5bee68rbQ,rotational,6.0,"[[2, 6, 5], [5, 6, 7, 1]]",0.0,9.663,1,Fully conscious/deliberative,Fully clear,Quite easy,Rather confident,visual momory with previous part in this study
Qz0ok7biq3oowh76c5bee68rbQ,rotational,7.0,"[[3, 5, 6], [5, 6, 7, 1]]",0.0,4.148,1,Fully conscious/deliberative,Fully clear,Quite easy,Rather confident,visual momory with previous part in this study
Qz0ok7biq3oowh76c5bee68rbQ,rotational,8.0,"[[6, 7, 1, 4], [7, 6, 2]]",1.0,5.525,1,Fully conscious/deliberative,Fully clear,Quite easy,Rather confident,visual momory with previous part in this study
Qz0ok7biq3oowh76c5bee68rbQ,rotational,9.0,"[[3, 5, 6], [4, 1, 7, 0]]",0.0,4.198,1,Fully conscious/deliberative,Fully clear,Quite easy,Rather confident,visual momory with previous part in this study
Qz0ok7biq3oowh76c5bee68rbQ,rotational,10.0,"[[1, 7, 0], [1, 7, 6, 2]]",0.0,1.749,1,Fully conscious/deliberative,Fully clear,Quite easy,Rather confident,visual momory with previous part in this study
Qz0ok7biq3oowh76c5bee68rbQ,rotational,11.0,"[[6, 7, 1, 4], [0, 7, 6, 5, 3]]",1.0,1.941,0,Fully conscious/deliberative,Fully clear,Quite easy,Rather confident,visual momory with previous part in this study
Qz0ok7biq3oowh76c5bee68rbQ,rotational,12.0,"[[1, 7, 6, 5, 3], [6, 7, 1, 4]]",1.0,6.824,1,Fully conscious/deliberative,Fully clear,Quite easy,Rather confident,visual momory with previous part in this study
Qz0ok7biq3oowh76c5bee68rbQ,rotational,13.0,"[[2, 6, 7, 1], [2, 6, 7]]",0.0,1.511,0,Fully conscious/deliberative,Fully clear,Quite easy,Rather confident,visual momory with previous part in this study
Qz0ok7biq3oowh76c5bee68rbQ,rotational,14.0,"[[0, 7, 6, 5], [4, 1, 7]]",1.0,2.142,1,Fully conscious/deliberative,Fully clear,Quite easy,Rather confident,visual momory with previous part in this study
Qz0ok7biq3oowh76c5bee68rbQ,rotational,15.0,"[[3, 5, 6, 2], [1, 7, 6]]",1.0,2.237,1,Fully conscious/deliberative,Fully clear,Quite easy,Rather confident,visual momory with previous part in this study
Qz0ok7biq3oowh76c5bee68rbQ,rotational,16.0,"[[3, 5, 6, 2], [7, 1, 4]]",1.0,2.038,1,Fully conscious/deliberative,Fully clear,Quite easy,Rather confident,visual momory with previous part in this study
Qz0ok7biq3oowh76c5bee68rbQ,rotational,17.0,"[[5, 6, 7, 1], [7, 1, 4]]",1.0,2.5,1,Fully conscious/deliberative,Fully clear,Quite easy,Rather confident,visual momory with previous part in this study
Qz0ok7biq3oowh76c5bee68rbQ,rotational,18.0,"[[0, 7, 6, 2], [4, 1, 7]]",1.0,2.693,1,Fully conscious/deliberative,Fully clear,Quite easy,Rather confident,visual momory with previous part in this study
Qz0ok7biq3oowh76c5bee68rbQ,rotational,19.0,"[[4, 1, 7], [1, 7, 6, 5]]",1.0,2.373,0,Fully conscious/deliberative,Fully clear,Quite easy,Rather confident,visual momory with previous part in this study
Qz0ok7biq3oowh76c5bee68rbQ,rotational,20.0,"[[3, 5, 6, 2], [7, 6, 5]]",1.0,5.253,1,Fully conscious/deliberative,Fully clear,Quite easy,Rather confident,visual momory with previous part in this study
Qz0ok7biq3oowh76c5bee68rbQ,rotational,21.0,"[[0, 7, 6, 2], [6, 5, 3]]",0.0,2.126,0,Fully conscious/deliberative,Fully clear,Quite easy,Rather confident,visual momory with previous part in this study
Qz0ok7biq3oowh76c5bee68rbQ,rotational,22.0,"[[5, 6, 7, 0], [1, 7, 0]]",1.0,1.619,1,Fully conscious/deliberative,Fully clear,Quite easy,Rather confident,visual momory with previous part in this study
Qz0ok7biq3oowh76c5bee68rbQ,rotational,23.0,"[[5, 6, 7], [0, 7, 1, 4]]",0.0,3.486,1,Fully conscious/deliberative,Fully clear,Quite easy,Rather confident,visual momory with previous part in this study
Qz0ok7biq3oowh76c5bee68rbQ,rotational,24.0,"[[6, 7, 0], [4, 1, 7, 0]]",0.0,4.822,1,Fully conscious/deliberative,Fully clear,Quite easy,Rather confident,visual momory with previous part in this study
Qz0ok7biq3oowh76c5bee68rbQ,rotational,25.0,"[[3, 5, 6, 7, 0], [2, 6, 7, 0]]",1.0,3.029,1,Fully conscious/deliberative,Fully clear,Quite easy,Rather confident,visual momory with previous part in this study
Qz0ok7biq3oowh76c5bee68rbQ,rotational,26.0,"[[0, 7, 1, 4], [2, 6, 7]]",1.0,6.989,1,Fully conscious/deliberative,Fully clear,Quite easy,Rather confident,visual momory with previous part in this study
Qz0ok7biq3oowh76c5bee68rbQ,rotational,27.0,"[[2, 6, 7, 1, 4], [3, 5, 6, 7, 1, 4]]",1.0,1.565,0,Fully conscious/deliberative,Fully clear,Quite easy,Rather confident,visual momory with previous part in this study
Qz0ok7biq3oowh76c5bee68rbQ,rotational,28.0,"[[5, 6, 7, 1, 4], [4, 1, 7, 6]]",1.0,1.365,1,Fully conscious/deliberative,Fully clear,Quite easy,Rather confident,visual momory with previous part in this study
Qz0ok7biq3oowh76c5bee68rbQ,rotational,29.0,"[[0, 7, 1, 4], [4, 1, 7, 6, 2]]",1.0,3.085,0,Fully conscious/deliberative,Fully clear,Quite easy,Rather confident,visual momory with previous part in this study
Qz0ok7biq3oowh76c5bee68rbQ,rotational,30.0,"[[6, 7, 1], [4, 1, 7, 0]]",1.0,3.494,0,Fully conscious/deliberative,Fully clear,Quite easy,Rather confident,visual momory with previous part in this study
Qz0ok7biq3oowh76c5bee68rbQ,rotational,31.0,"[[3, 5, 6, 2], [1, 7, 6, 5, 3]]",1.0,2.327,0,Fully conscious/deliberative,Fully clear,Quite easy,Rather confident,visual momory with previous part in this study
Qz0ok7biq3oowh76c5bee68rbQ,rotational,32.0,"[[5, 6, 7, 1, 4], [0, 7, 1, 4]]",1.0,2.613,1,Fully conscious/deliberative,Fully clear,Quite easy,Rather confident,visual momory with previous part in this study
Qz0ok7biq3oowh76c5bee68rbQ,rotational,33.0,"[[2, 6, 5, 3], [2, 6, 7, 1, 4]]",0.0,2.087,1,Fully conscious/deliberative,Fully clear,Quite easy,Rather confident,visual momory with previous part in this study
Qz0ok7biq3oowh76c5bee68rbQ,rotational,34.0,"[[7, 6, 5], [0, 7, 6, 5]]",0.0,12.26,1,Fully conscious/deliberative,Fully clear,Quite easy,Rather confident,visual momory with previous part in this study
Qz0ok7biq3oowh76c5bee68rbQ,rotational,35.0,"[[7, 6, 2], [4, 1, 7, 6]]",0.0,1.541,1,Fully conscious/deliberative,Fully clear,Quite easy,Rather confident,visual momory with previous part in this study
Qz0ok7biq3oowh76c5bee68rbQ,rotational,36.0,"[[4, 1, 7, 0], [2, 6, 7]]",0.0,2.35,0,Fully conscious/deliberative,Fully clear,Quite easy,Rather confident,visual momory with previous part in this study
Qz0ok7biq3oowh76c5bee68rbQ,rotational,37.0,"[[2, 6, 7, 0], [0, 7, 1]]",1.0,1.614,1,Fully conscious/deliberative,Fully clear,Quite easy,Rather confident,visual momory with previous part in this study
Qz0ok7biq3oowh76c5bee68rbQ,rotational,38.0,"[[3, 5, 6, 7], [5, 6, 7, 1, 4]]",0.0,1.669,1,Fully conscious/deliberative,Fully clear,Quite easy,Rather confident,visual momory with previous part in this study
Qz0ok7biq3oowh76c5bee68rbQ,rotational,39.0,"[[2, 6, 5, 3], [6, 7, 0]]",1.0,1.765,1,Fully conscious/deliberative,Fully clear,Quite easy,Rather confident,visual momory with previous part in this study
Qz0ok7biq3oowh76c5bee68rbQ,rotational,40.0,"[[2, 6, 7, 1], [3, 5, 6, 7, 0]]",1.0,1.381,0,Fully conscious/deliberative,Fully clear,Quite easy,Rather confident,visual momory with previous part in this study
Qz0ok7biq3oowh76c5bee68rbQ,rotational,41.0,"[[7, 1, 4], [2, 6, 7, 1]]",0.0,1.861,1,Fully conscious/deliberative,Fully clear,Quite easy,Rather confident,visual momory with previous part in this study
Qz0ok7biq3oowh76c5bee68rbQ,rotational,42.0,"[[4, 1, 7, 6, 5], [7, 6, 5, 3]]",0.0,3.469,0,Fully conscious/deliberative,Fully clear,Quite easy,Rather confident,visual momory with previous part in this study
Qz0ok7biq3oowh76c5bee68rbQ,rotational,43.0,"[[7, 6, 5, 3], [7, 6, 2]]",1.0,1.422,1,Fully conscious/deliberative,Fully clear,Quite easy,Rather confident,visual momory with previous part in this study
Qz0ok7biq3oowh76c5bee68rbQ,rotational,44.0,"[[6, 7, 1], [0, 7, 6, 5]]",0.0,5.253,1,Fully conscious/deliberative,Fully clear,Quite easy,Rather confident,visual momory with previous part in this study
Qz0ok7biq3oowh76c5bee68rbQ,rotational,45.0,"[[2, 6, 5], [1, 7, 6, 2]]",0.0,1.014,1,Fully conscious/deliberative,Fully clear,Quite easy,Rather confident,visual momory with previous part in this study
Qz0ok7biq3oowh76c5bee68rbQ,rotational,46.0,"[[5, 6, 2], [3, 5, 6, 7]]",1.0,4.198,0,Fully conscious/deliberative,Fully clear,Quite easy,Rather confident,visual momory with previous part in this study
Qz0ok7biq3oowh76c5bee68rbQ,rotational,47.0,"[[6, 7, 1], [2, 6, 7, 1]]",0.0,4.204,1,Fully conscious/deliberative,Fully clear,Quite easy,Rather confident,visual momory with previous part in this study
Qz0ok7biq3oowh76c5bee68rbQ,rotational,48.0,"[[1, 7, 6, 5, 3], [1, 7, 6, 2]]",1.0,2.997,1,Fully conscious/deliberative,Fully clear,Quite easy,Rather confident,visual momory with previous part in this study
Qz0ok7biq3oowh76c5bee68rbQ,rotational,49.0,"[[5, 6, 7, 0], [2, 6, 5]]",0.0,2.646,0,Fully conscious/deliberative,Fully clear,Quite easy,Rather confident,visual momory with previous part in this study
Qz0ok7biq3oowh76c5bee68rbQ,rotational,50.0,"[[4, 1, 7, 6], [2, 6, 5]]",0.0,1.813,0,Fully conscious/deliberative,Fully clear,Quite easy,Rather confident,visual momory with previous part in this study
Qz0ok7biq3oowh76c5bee68rbQ,rotational,51.0,"[[0, 7, 6, 5], [2, 6, 7, 1, 4]]",0.0,1.997,1,Fully conscious/deliberative,Fully clear,Quite easy,Rather confident,visual momory with previous part in this study
Qz0ok7biq3oowh76c5bee68rbQ,rotational,52.0,"[[5, 6, 7, 1], [1, 7, 6, 5, 3]]",1.0,3.006,0,Fully conscious/deliberative,Fully clear,Quite easy,Rather confident,visual momory with previous part in this study
Qz0ok7biq3oowh76c5bee68rbQ,rotational,53.0,"[[7, 6, 5], [2, 6, 7, 0]]",1.0,3.405,0,Fully conscious/deliberative,Fully clear,Quite easy,Rather confident,visual momory with previous part in this study
Qz0ok7biq3oowh76c5bee68rbQ,rotational,54.0,"[[7, 6, 5], [5, 6, 7, 1]]",1.0,9.135,0,Fully conscious/deliberative,Fully clear,Quite easy,Rather confident,visual momory with previous part in this study
Qz0ok7biq3oowh76c5bee68rbQ,rotational,55.0,"[[2, 6, 5, 3], [0, 7, 1]]",1.0,3.862,1,Fully conscious/deliberative,Fully clear,Quite easy,Rather confident,visual momory with previous part in this study
Qz0ok7biq3oowh76c5bee68rbQ,rotational,56.0,"[[2, 6, 7, 1], [5, 6, 7]]",0.0,1.396,0,Fully conscious/deliberative,Fully clear,Quite easy,Rather confident,visual momory with previous part in this study
Qz0ok7biq3oowh76c5bee68rbQ,rotational,57.0,"[[4, 1, 7, 6], [1, 7, 0]]",0.0,2.349,0,Fully conscious/deliberative,Fully clear,Quite easy,Rather confident,visual momory with previous part in this study
Qz0ok7biq3oowh76c5bee68rbQ,rotational,58.0,"[[5, 6, 2], [2, 6, 5, 3]]",1.0,2.461,0,Fully conscious/deliberative,Fully clear,Quite easy,Rather confident,visual momory with previous part in this study
Qz0ok7biq3oowh76c5bee68rbQ,rotational,59.0,"[[6, 7, 1, 4], [6, 5, 3]]",0.0,1.725,0,Fully conscious/deliberative,Fully clear,Quite easy,Rather confident,visual momory with previous part in this study
Qz0ok7biq3oowh76c5bee68rbQ,rotational,60.0,"[[3, 5, 6], [4, 1, 7, 6]]",0.0,1.47,1,Fully conscious/deliberative,Fully clear,Quite easy,Rather confident,visual momory with previous part in this study
Qz0ok7biq3oowh76c5bee68rbQ,rotational,61.0,"[[5, 6, 7, 1], [2, 6, 7]]",1.0,2.253,1,Fully conscious/deliberative,Fully clear,Quite easy,Rather confident,visual momory with previous part in this study
Qz0ok7biq3oowh76c5bee68rbQ,rotational,62.0,"[[1, 7, 6], [1, 7, 6, 5]]",1.0,2.877,0,Fully conscious/deliberative,Fully clear,Quite easy,Rather confident,visual momory with previous part in this study
Qz0ok7biq3oowh76c5bee68rbQ,rotational,63.0,"[[1, 7, 6, 2], [1, 7, 0]]",0.0,1.382,0,Fully conscious/deliberative,Fully clear,Quite easy,Rather confident,visual momory with previous part in this study
Qz0ok7biq3oowh76c5bee68rbQ,rotational,64.0,"[[6, 5, 3], [1, 7, 6, 2]]",0.0,1.196,1,Fully conscious/deliberative,Fully clear,Quite easy,Rather confident,visual momory with previous part in this study
