subject_id,trial_name,known_learnrelquest,pair_learnrelquest,trial_ind_learnrelquest,rt_learnrelquest,response_learnrelquest,acc_learnrelquest,trial_index,type
Q3uhntu7arr154uufp5whnp5fQ,learn_relquest,0.0,"[5, 2]",0.0,4.36,1,1.0,99,first
Q3uhntu7arr154uufp5whnp5fQ,learn_relquest,1.0,"[6, 7]",1.0,4.771,0,1.0,100,first
Q3uhntu7arr154uufp5whnp5fQ,learn_relquest,1.0,"[3, 5]",2.0,5.556,1,0.0,101,first
Q3uhntu7arr154uufp5whnp5fQ,learn_relquest,1.0,"[5, 6]",3.0,5.227,0,1.0,102,first
Q3uhntu7arr154uufp5whnp5fQ,learn_relquest,0.0,"[5, 7]",4.0,6.577,1,1.0,103,first
Q3uhntu7arr154uufp5whnp5fQ,learn_relquest,1.0,"[7, 0]",5.0,4.222,0,1.0,104,first
Q3uhntu7arr154uufp5whnp5fQ,learn_relquest,0.0,"[0, 2]",6.0,5.72,0,0.0,105,first
Q3uhntu7arr154uufp5whnp5fQ,learn_relquest,1.0,"[7, 1]",7.0,1.709,0,1.0,106,first
Q3uhntu7arr154uufp5whnp5fQ,learn_relquest,0.0,"[1, 0]",8.0,3.965,1,1.0,107,first
Q3uhntu7arr154uufp5whnp5fQ,learn_relquest,1.0,"[5, 3]",9.0,3.605,0,1.0,108,first
Q3uhntu7arr154uufp5whnp5fQ,learn_relquest,0.0,"[4, 7]",10.0,2.492,1,1.0,109,first
Q3uhntu7arr154uufp5whnp5fQ,learn_relquest,0.0,"[1, 3]",11.0,6.673,1,1.0,110,first
Q3uhntu7arr154uufp5whnp5fQ,learn_relquest,0.0,"[7, 2]",12.0,4.484,1,1.0,111,first
Q3uhntu7arr154uufp5whnp5fQ,learn_relquest,0.0,"[3, 6]",13.0,2.255,0,0.0,112,first
Q3uhntu7arr154uufp5whnp5fQ,learn_relquest,1.0,"[1, 7]",14.0,2.634,0,1.0,113,first
Q3uhntu7arr154uufp5whnp5fQ,learn_relquest,0.0,"[2, 4]",15.0,5.061,1,1.0,114,first
Q3uhntu7arr154uufp5whnp5fQ,learn_relquest,0.0,"[4, 3]",16.0,5.019,1,1.0,115,first
Q3uhntu7arr154uufp5whnp5fQ,learn_relquest,0.0,"[1, 5]",17.0,3.212,0,0.0,116,first
Q3uhntu7arr154uufp5whnp5fQ,learn_relquest,0.0,"[2, 1]",18.0,2.272,0,0.0,117,first
Q3uhntu7arr154uufp5whnp5fQ,learn_relquest,1.0,"[0, 7]",19.0,9.021,0,1.0,118,first
Q3uhntu7arr154uufp5whnp5fQ,learn_relquest,0.0,"[3, 0]",20.0,6.708,0,0.0,119,first
Q3uhntu7arr154uufp5whnp5fQ,learn_relquest,1.0,"[6, 2]",21.0,6.586,1,0.0,120,first
Q3uhntu7arr154uufp5whnp5fQ,learn_relquest,0.0,"[5, 0]",22.0,4.722,1,1.0,121,first
Q3uhntu7arr154uufp5whnp5fQ,learn_relquest,1.0,"[7, 6]",23.0,2.475,0,1.0,122,first
Q3uhntu7arr154uufp5whnp5fQ,learn_relquest,1.0,"[6, 5]",24.0,3.589,0,1.0,123,first
Q3uhntu7arr154uufp5whnp5fQ,learn_relquest,1.0,"[2, 6]",25.0,5.692,1,0.0,124,first
Q3uhntu7arr154uufp5whnp5fQ,learn_relquest,1.0,"[1, 4]",26.0,5.466,0,1.0,125,first
Q3uhntu7arr154uufp5whnp5fQ,learn_relquest,1.0,"[4, 1]",27.0,3.259,1,0.0,126,first
Q3uhntu7arr154uufp5whnp5fQ,learn_relquest,1.0,"[2, 6]",0.0,4.245,0,1.0,213,second
Q3uhntu7arr154uufp5whnp5fQ,learn_relquest,0.0,"[7, 3]",1.0,4.468,1,1.0,214,second
Q3uhntu7arr154uufp5whnp5fQ,learn_relquest,0.0,"[2, 1]",2.0,8.066,1,1.0,215,second
Q3uhntu7arr154uufp5whnp5fQ,learn_relquest,0.0,"[0, 3]",3.0,1.793,0,0.0,216,second
Q3uhntu7arr154uufp5whnp5fQ,learn_relquest,0.0,"[4, 2]",4.0,4.666,0,0.0,217,second
Q3uhntu7arr154uufp5whnp5fQ,learn_relquest,0.0,"[1, 3]",5.0,4.445,0,0.0,218,second
Q3uhntu7arr154uufp5whnp5fQ,learn_relquest,1.0,"[0, 7]",6.0,1.425,0,1.0,219,second
Q3uhntu7arr154uufp5whnp5fQ,learn_relquest,1.0,"[4, 1]",7.0,2.546,0,1.0,220,second
Q3uhntu7arr154uufp5whnp5fQ,learn_relquest,0.0,"[3, 4]",8.0,2.206,1,1.0,221,second
Q3uhntu7arr154uufp5whnp5fQ,learn_relquest,1.0,"[5, 3]",9.0,3.722,0,1.0,222,second
Q3uhntu7arr154uufp5whnp5fQ,learn_relquest,0.0,"[5, 7]",10.0,5.72,1,1.0,223,second
Q3uhntu7arr154uufp5whnp5fQ,learn_relquest,1.0,"[3, 5]",11.0,4.983,0,1.0,224,second
Q3uhntu7arr154uufp5whnp5fQ,learn_relquest,1.0,"[7, 0]",12.0,1.932,0,1.0,225,second
Q3uhntu7arr154uufp5whnp5fQ,learn_relquest,0.0,"[5, 0]",13.0,3.141,1,1.0,226,second
Q3uhntu7arr154uufp5whnp5fQ,learn_relquest,0.0,"[5, 2]",14.0,2.764,1,1.0,227,second
Q3uhntu7arr154uufp5whnp5fQ,learn_relquest,1.0,"[7, 6]",15.0,1.964,0,1.0,228,second
Q3uhntu7arr154uufp5whnp5fQ,learn_relquest,0.0,"[0, 4]",16.0,3.1,1,1.0,229,second
Q3uhntu7arr154uufp5whnp5fQ,learn_relquest,0.0,"[3, 1]",17.0,2.938,0,0.0,230,second
Q3uhntu7arr154uufp5whnp5fQ,learn_relquest,1.0,"[7, 1]",18.0,2.187,0,1.0,231,second
Q3uhntu7arr154uufp5whnp5fQ,learn_relquest,1.0,"[1, 7]",19.0,2.423,0,1.0,232,second
Q3uhntu7arr154uufp5whnp5fQ,learn_relquest,1.0,"[1, 4]",20.0,1.841,0,1.0,233,second
Q3uhntu7arr154uufp5whnp5fQ,learn_relquest,0.0,"[7, 4]",21.0,2.256,1,1.0,234,second
Q3uhntu7arr154uufp5whnp5fQ,learn_relquest,1.0,"[6, 2]",22.0,5.335,0,1.0,235,second
Q3uhntu7arr154uufp5whnp5fQ,learn_relquest,1.0,"[6, 5]",23.0,2.607,1,0.0,236,second
Q3uhntu7arr154uufp5whnp5fQ,learn_relquest,0.0,"[4, 0]",24.0,2.879,1,1.0,237,second
Q3uhntu7arr154uufp5whnp5fQ,learn_relquest,0.0,"[2, 5]",25.0,3.565,0,0.0,238,second
Q3uhntu7arr154uufp5whnp5fQ,learn_relquest,1.0,"[5, 6]",26.0,5.231,1,0.0,239,second
Q3uhntu7arr154uufp5whnp5fQ,learn_relquest,1.0,"[6, 7]",27.0,2.043,0,1.0,240,second
Q3uhntu7arr154uufp5whnp5fQ,learn_relquest,0.0,"[3, 2]",0.0,3.863,1,1.0,327,third
Q3uhntu7arr154uufp5whnp5fQ,learn_relquest,0.0,"[1, 5]",1.0,7.768,0,0.0,328,third
Q3uhntu7arr154uufp5whnp5fQ,learn_relquest,1.0,"[6, 5]",2.0,2.837,1,0.0,329,third
Q3uhntu7arr154uufp5whnp5fQ,learn_relquest,1.0,"[7, 0]",3.0,1.49,0,1.0,330,third
Q3uhntu7arr154uufp5whnp5fQ,learn_relquest,1.0,"[7, 1]",4.0,3.094,0,1.0,331,third
Q3uhntu7arr154uufp5whnp5fQ,learn_relquest,1.0,"[3, 5]",5.0,5.428,0,1.0,332,third
Q3uhntu7arr154uufp5whnp5fQ,learn_relquest,0.0,"[7, 3]",6.0,2.659,1,1.0,333,third
Q3uhntu7arr154uufp5whnp5fQ,learn_relquest,0.0,"[4, 5]",7.0,2.939,1,1.0,334,third
Q3uhntu7arr154uufp5whnp5fQ,learn_relquest,0.0,"[2, 0]",8.0,2.277,0,0.0,335,third
Q3uhntu7arr154uufp5whnp5fQ,learn_relquest,1.0,"[0, 7]",9.0,1.546,0,1.0,336,third
Q3uhntu7arr154uufp5whnp5fQ,learn_relquest,1.0,"[7, 6]",10.0,2.611,0,1.0,337,third
Q3uhntu7arr154uufp5whnp5fQ,learn_relquest,1.0,"[2, 6]",11.0,2.673,0,1.0,338,third
Q3uhntu7arr154uufp5whnp5fQ,learn_relquest,1.0,"[6, 7]",12.0,3.18,1,0.0,339,third
Q3uhntu7arr154uufp5whnp5fQ,learn_relquest,0.0,"[2, 1]",13.0,5.374,1,1.0,340,third
Q3uhntu7arr154uufp5whnp5fQ,learn_relquest,0.0,"[7, 5]",14.0,1.687,0,0.0,341,third
Q3uhntu7arr154uufp5whnp5fQ,learn_relquest,0.0,"[2, 7]",15.0,2.574,1,1.0,342,third
Q3uhntu7arr154uufp5whnp5fQ,learn_relquest,1.0,"[1, 4]",16.0,1.718,0,1.0,343,third
Q3uhntu7arr154uufp5whnp5fQ,learn_relquest,1.0,"[1, 7]",17.0,2.089,0,1.0,344,third
Q3uhntu7arr154uufp5whnp5fQ,learn_relquest,0.0,"[5, 0]",18.0,2.569,1,1.0,345,third
Q3uhntu7arr154uufp5whnp5fQ,learn_relquest,1.0,"[4, 1]",19.0,2.576,0,1.0,346,third
Q3uhntu7arr154uufp5whnp5fQ,learn_relquest,0.0,"[5, 7]",20.0,3.182,1,1.0,347,third
Q3uhntu7arr154uufp5whnp5fQ,learn_relquest,0.0,"[3, 0]",21.0,3.759,0,0.0,348,third
Q3uhntu7arr154uufp5whnp5fQ,learn_relquest,0.0,"[4, 0]",22.0,3.31,1,1.0,349,third
Q3uhntu7arr154uufp5whnp5fQ,learn_relquest,1.0,"[6, 2]",23.0,2.524,0,1.0,350,third
Q3uhntu7arr154uufp5whnp5fQ,learn_relquest,1.0,"[5, 3]",24.0,2.469,0,1.0,351,third
Q3uhntu7arr154uufp5whnp5fQ,learn_relquest,1.0,"[5, 6]",25.0,2.827,1,0.0,352,third
Q3uhntu7arr154uufp5whnp5fQ,learn_relquest,0.0,"[0, 5]",26.0,3.954,1,1.0,353,third
Q3uhntu7arr154uufp5whnp5fQ,learn_relquest,0.0,"[4, 3]",27.0,5.108,1,1.0,354,third
Q3uhntu7arr154uufp5whnp5fQ,learn_relquest,1.0,"[7, 0]",0.0,2.062,0,1.0,441,fourth
Q3uhntu7arr154uufp5whnp5fQ,learn_relquest,0.0,"[2, 0]",1.0,6.96,1,1.0,442,fourth
Q3uhntu7arr154uufp5whnp5fQ,learn_relquest,1.0,"[1, 7]",2.0,2.176,0,1.0,443,fourth
Q3uhntu7arr154uufp5whnp5fQ,learn_relquest,0.0,"[6, 3]",3.0,4.034,1,1.0,444,fourth
Q3uhntu7arr154uufp5whnp5fQ,learn_relquest,0.0,"[3, 4]",4.0,2.167,1,1.0,445,fourth
Q3uhntu7arr154uufp5whnp5fQ,learn_relquest,1.0,"[0, 7]",5.0,1.36,0,1.0,446,fourth
Q3uhntu7arr154uufp5whnp5fQ,learn_relquest,0.0,"[5, 1]",6.0,2.434,1,1.0,447,fourth
Q3uhntu7arr154uufp5whnp5fQ,learn_relquest,1.0,"[5, 3]",7.0,5.536,1,0.0,448,fourth
Q3uhntu7arr154uufp5whnp5fQ,learn_relquest,0.0,"[7, 2]",8.0,4.636,1,1.0,449,fourth
Q3uhntu7arr154uufp5whnp5fQ,learn_relquest,0.0,"[4, 5]",9.0,3.339,1,1.0,450,fourth
Q3uhntu7arr154uufp5whnp5fQ,learn_relquest,0.0,"[3, 1]",10.0,3.47,0,0.0,451,fourth
Q3uhntu7arr154uufp5whnp5fQ,learn_relquest,1.0,"[4, 1]",11.0,1.839,0,1.0,452,fourth
Q3uhntu7arr154uufp5whnp5fQ,learn_relquest,0.0,"[3, 2]",12.0,3.453,1,1.0,453,fourth
Q3uhntu7arr154uufp5whnp5fQ,learn_relquest,0.0,"[1, 0]",13.0,2.877,0,0.0,454,fourth
Q3uhntu7arr154uufp5whnp5fQ,learn_relquest,0.0,"[6, 0]",14.0,3.632,0,0.0,455,fourth
Q3uhntu7arr154uufp5whnp5fQ,learn_relquest,1.0,"[6, 7]",15.0,2.965,1,0.0,456,fourth
Q3uhntu7arr154uufp5whnp5fQ,learn_relquest,1.0,"[2, 6]",16.0,3.998,0,1.0,457,fourth
Q3uhntu7arr154uufp5whnp5fQ,learn_relquest,0.0,"[2, 1]",17.0,3.421,1,1.0,458,fourth
Q3uhntu7arr154uufp5whnp5fQ,learn_relquest,1.0,"[6, 5]",18.0,3.67,1,0.0,459,fourth
Q3uhntu7arr154uufp5whnp5fQ,learn_relquest,0.0,"[2, 7]",19.0,4.597,1,1.0,460,fourth
Q3uhntu7arr154uufp5whnp5fQ,learn_relquest,1.0,"[7, 1]",20.0,4.788,0,1.0,461,fourth
Q3uhntu7arr154uufp5whnp5fQ,learn_relquest,1.0,"[6, 2]",21.0,2.695,0,1.0,462,fourth
Q3uhntu7arr154uufp5whnp5fQ,learn_relquest,0.0,"[4, 3]",22.0,2.321,1,1.0,463,fourth
Q3uhntu7arr154uufp5whnp5fQ,learn_relquest,1.0,"[7, 6]",23.0,1.973,0,1.0,464,fourth
Q3uhntu7arr154uufp5whnp5fQ,learn_relquest,1.0,"[3, 5]",24.0,6.918,1,0.0,465,fourth
Q3uhntu7arr154uufp5whnp5fQ,learn_relquest,1.0,"[1, 4]",25.0,1.6,0,1.0,466,fourth
Q3uhntu7arr154uufp5whnp5fQ,learn_relquest,0.0,"[4, 0]",26.0,2.458,1,1.0,467,fourth
Q3uhntu7arr154uufp5whnp5fQ,learn_relquest,1.0,"[5, 6]",27.0,1.922,0,1.0,468,fourth
Q3uhntu7arr154uufp5whnp5fQ,learn_relquest,1.0,"[0, 7]",0.0,3.47,0,1.0,555,fifth
Q3uhntu7arr154uufp5whnp5fQ,learn_relquest,1.0,"[1, 4]",1.0,1.222,0,1.0,556,fifth
Q3uhntu7arr154uufp5whnp5fQ,learn_relquest,1.0,"[5, 3]",2.0,5.623,0,1.0,557,fifth
Q3uhntu7arr154uufp5whnp5fQ,learn_relquest,1.0,"[7, 6]",3.0,3.968,1,0.0,558,fifth
Q3uhntu7arr154uufp5whnp5fQ,learn_relquest,1.0,"[7, 1]",4.0,2.812,0,1.0,559,fifth
Q3uhntu7arr154uufp5whnp5fQ,learn_relquest,0.0,"[4, 3]",5.0,3.87,1,1.0,560,fifth
Q3uhntu7arr154uufp5whnp5fQ,learn_relquest,0.0,"[0, 2]",6.0,5.32,0,0.0,561,fifth
Q3uhntu7arr154uufp5whnp5fQ,learn_relquest,0.0,"[0, 1]",7.0,3.906,1,1.0,562,fifth
Q3uhntu7arr154uufp5whnp5fQ,learn_relquest,1.0,"[6, 2]",8.0,1.948,0,1.0,563,fifth
Q3uhntu7arr154uufp5whnp5fQ,learn_relquest,1.0,"[2, 6]",9.0,5.591,0,1.0,564,fifth
Q3uhntu7arr154uufp5whnp5fQ,learn_relquest,0.0,"[5, 7]",10.0,1.534,0,0.0,565,fifth
Q3uhntu7arr154uufp5whnp5fQ,learn_relquest,0.0,"[2, 1]",11.0,3.506,0,0.0,566,fifth
Q3uhntu7arr154uufp5whnp5fQ,learn_relquest,1.0,"[6, 7]",12.0,2.078,0,1.0,567,fifth
Q3uhntu7arr154uufp5whnp5fQ,learn_relquest,0.0,"[6, 4]",13.0,2.247,1,1.0,568,fifth
Q3uhntu7arr154uufp5whnp5fQ,learn_relquest,0.0,"[5, 0]",14.0,1.74,1,1.0,569,fifth
Q3uhntu7arr154uufp5whnp5fQ,learn_relquest,0.0,"[1, 2]",15.0,3.717,1,1.0,570,fifth
Q3uhntu7arr154uufp5whnp5fQ,learn_relquest,0.0,"[7, 5]",16.0,1.51,0,0.0,571,fifth
Q3uhntu7arr154uufp5whnp5fQ,learn_relquest,0.0,"[0, 6]",17.0,3.426,0,0.0,572,fifth
Q3uhntu7arr154uufp5whnp5fQ,learn_relquest,1.0,"[3, 5]",18.0,2.005,0,1.0,573,fifth
Q3uhntu7arr154uufp5whnp5fQ,learn_relquest,1.0,"[6, 5]",19.0,3.952,0,1.0,574,fifth
Q3uhntu7arr154uufp5whnp5fQ,learn_relquest,1.0,"[5, 6]",20.0,2.236,0,1.0,575,fifth
Q3uhntu7arr154uufp5whnp5fQ,learn_relquest,0.0,"[3, 4]",21.0,2.437,1,1.0,576,fifth
Q3uhntu7arr154uufp5whnp5fQ,learn_relquest,1.0,"[1, 7]",22.0,3.178,0,1.0,577,fifth
Q3uhntu7arr154uufp5whnp5fQ,learn_relquest,1.0,"[7, 0]",23.0,7.399,1,0.0,578,fifth
Q3uhntu7arr154uufp5whnp5fQ,learn_relquest,0.0,"[4, 5]",24.0,3.493,1,1.0,579,fifth
Q3uhntu7arr154uufp5whnp5fQ,learn_relquest,0.0,"[2, 4]",25.0,3.808,0,0.0,580,fifth
Q3uhntu7arr154uufp5whnp5fQ,learn_relquest,0.0,"[6, 1]",26.0,2.366,1,1.0,581,fifth
Q3uhntu7arr154uufp5whnp5fQ,learn_relquest,1.0,"[4, 1]",27.0,1.736,0,1.0,582,fifth
Qb8kcps9ofobn16pf2ixilskbQ,learn_relquest,0.0,"[5, 4]",0.0,9.643,1,1.0,99,first
Qb8kcps9ofobn16pf2ixilskbQ,learn_relquest,1.0,"[6, 7]",1.0,4.679,0,1.0,100,first
Qb8kcps9ofobn16pf2ixilskbQ,learn_relquest,0.0,"[1, 5]",2.0,7.753,1,1.0,101,first
Qb8kcps9ofobn16pf2ixilskbQ,learn_relquest,0.0,"[2, 5]",3.0,5.015,0,0.0,102,first
Qb8kcps9ofobn16pf2ixilskbQ,learn_relquest,0.0,"[7, 5]",4.0,2.925,1,1.0,103,first
Qb8kcps9ofobn16pf2ixilskbQ,learn_relquest,1.0,"[7, 6]",5.0,1.561,0,1.0,104,first
Qb8kcps9ofobn16pf2ixilskbQ,learn_relquest,0.0,"[2, 4]",6.0,21.233,1,1.0,105,first
Qb8kcps9ofobn16pf2ixilskbQ,learn_relquest,1.0,"[5, 3]",7.0,1.451,0,1.0,106,first
Qb8kcps9ofobn16pf2ixilskbQ,learn_relquest,1.0,"[5, 6]",8.0,1.385,0,1.0,107,first
Qb8kcps9ofobn16pf2ixilskbQ,learn_relquest,0.0,"[6, 1]",9.0,9.181,1,1.0,108,first
Qb8kcps9ofobn16pf2ixilskbQ,learn_relquest,0.0,"[1, 3]",10.0,4.321,1,1.0,109,first
Qb8kcps9ofobn16pf2ixilskbQ,learn_relquest,1.0,"[7, 0]",11.0,3.637,0,1.0,110,first
Qb8kcps9ofobn16pf2ixilskbQ,learn_relquest,1.0,"[3, 5]",12.0,1.241,0,1.0,111,first
Qb8kcps9ofobn16pf2ixilskbQ,learn_relquest,0.0,"[4, 0]",13.0,14.669,1,1.0,112,first
Qb8kcps9ofobn16pf2ixilskbQ,learn_relquest,0.0,"[4, 5]",14.0,2.543,0,0.0,113,first
Qb8kcps9ofobn16pf2ixilskbQ,learn_relquest,1.0,"[7, 1]",15.0,1.393,0,1.0,114,first
Qb8kcps9ofobn16pf2ixilskbQ,learn_relquest,1.0,"[0, 7]",16.0,1.797,0,1.0,115,first
Qb8kcps9ofobn16pf2ixilskbQ,learn_relquest,0.0,"[3, 2]",17.0,9.153,0,0.0,116,first
Qb8kcps9ofobn16pf2ixilskbQ,learn_relquest,1.0,"[2, 6]",18.0,1.751,0,1.0,117,first
Qb8kcps9ofobn16pf2ixilskbQ,learn_relquest,0.0,"[3, 0]",19.0,1.643,1,1.0,118,first
Qb8kcps9ofobn16pf2ixilskbQ,learn_relquest,1.0,"[1, 7]",20.0,0.863,0,1.0,119,first
Qb8kcps9ofobn16pf2ixilskbQ,learn_relquest,1.0,"[6, 5]",21.0,1.207,0,1.0,120,first
Qb8kcps9ofobn16pf2ixilskbQ,learn_relquest,0.0,"[1, 2]",22.0,3.901,1,1.0,121,first
Qb8kcps9ofobn16pf2ixilskbQ,learn_relquest,1.0,"[1, 4]",23.0,7.985,0,1.0,122,first
Qb8kcps9ofobn16pf2ixilskbQ,learn_relquest,0.0,"[6, 4]",24.0,3.623,1,1.0,123,first
Qb8kcps9ofobn16pf2ixilskbQ,learn_relquest,1.0,"[6, 2]",25.0,1.597,0,1.0,124,first
Qb8kcps9ofobn16pf2ixilskbQ,learn_relquest,1.0,"[4, 1]",26.0,8.441,0,1.0,125,first
Qb8kcps9ofobn16pf2ixilskbQ,learn_relquest,0.0,"[5, 2]",27.0,5.813,0,0.0,126,first
Qb8kcps9ofobn16pf2ixilskbQ,learn_relquest,0.0,"[5, 4]",0.0,6.507,1,1.0,213,second
Qb8kcps9ofobn16pf2ixilskbQ,learn_relquest,0.0,"[3, 4]",1.0,4.433,1,1.0,214,second
Qb8kcps9ofobn16pf2ixilskbQ,learn_relquest,1.0,"[4, 1]",2.0,4.297,0,1.0,215,second
Qb8kcps9ofobn16pf2ixilskbQ,learn_relquest,1.0,"[7, 6]",3.0,3.337,0,1.0,216,second
Qb8kcps9ofobn16pf2ixilskbQ,learn_relquest,1.0,"[2, 6]",4.0,1.201,0,1.0,217,second
Qb8kcps9ofobn16pf2ixilskbQ,learn_relquest,1.0,"[1, 4]",5.0,2.021,0,1.0,218,second
Qb8kcps9ofobn16pf2ixilskbQ,learn_relquest,0.0,"[3, 2]",6.0,2.809,1,1.0,219,second
Qb8kcps9ofobn16pf2ixilskbQ,learn_relquest,0.0,"[0, 3]",7.0,1.683,1,1.0,220,second
Qb8kcps9ofobn16pf2ixilskbQ,learn_relquest,0.0,"[2, 0]",8.0,2.653,1,1.0,221,second
Qb8kcps9ofobn16pf2ixilskbQ,learn_relquest,1.0,"[0, 7]",9.0,1.303,0,1.0,222,second
Qb8kcps9ofobn16pf2ixilskbQ,learn_relquest,0.0,"[6, 4]",10.0,6.913,1,1.0,223,second
Qb8kcps9ofobn16pf2ixilskbQ,learn_relquest,1.0,"[7, 0]",11.0,2.489,0,1.0,224,second
Qb8kcps9ofobn16pf2ixilskbQ,learn_relquest,0.0,"[7, 4]",12.0,2.441,1,1.0,225,second
Qb8kcps9ofobn16pf2ixilskbQ,learn_relquest,0.0,"[1, 2]",13.0,2.757,1,1.0,226,second
Qb8kcps9ofobn16pf2ixilskbQ,learn_relquest,0.0,"[3, 7]",14.0,3.493,1,1.0,227,second
Qb8kcps9ofobn16pf2ixilskbQ,learn_relquest,1.0,"[6, 2]",15.0,2.407,1,0.0,228,second
Qb8kcps9ofobn16pf2ixilskbQ,learn_relquest,0.0,"[1, 6]",16.0,3.185,1,1.0,229,second
Qb8kcps9ofobn16pf2ixilskbQ,learn_relquest,0.0,"[4, 2]",17.0,2.681,1,1.0,230,second
Qb8kcps9ofobn16pf2ixilskbQ,learn_relquest,1.0,"[3, 5]",18.0,3.301,0,1.0,231,second
Qb8kcps9ofobn16pf2ixilskbQ,learn_relquest,1.0,"[5, 3]",19.0,1.027,0,1.0,232,second
Qb8kcps9ofobn16pf2ixilskbQ,learn_relquest,0.0,"[6, 0]",20.0,4.977,1,1.0,233,second
Qb8kcps9ofobn16pf2ixilskbQ,learn_relquest,1.0,"[5, 6]",21.0,4.451,0,1.0,234,second
Qb8kcps9ofobn16pf2ixilskbQ,learn_relquest,1.0,"[1, 7]",22.0,1.695,0,1.0,235,second
Qb8kcps9ofobn16pf2ixilskbQ,learn_relquest,0.0,"[5, 0]",23.0,2.721,1,1.0,236,second
Qb8kcps9ofobn16pf2ixilskbQ,learn_relquest,0.0,"[4, 3]",24.0,1.953,1,1.0,237,second
Qb8kcps9ofobn16pf2ixilskbQ,learn_relquest,1.0,"[6, 7]",25.0,1.829,0,1.0,238,second
Qb8kcps9ofobn16pf2ixilskbQ,learn_relquest,1.0,"[6, 5]",26.0,2.867,0,1.0,239,second
Qb8kcps9ofobn16pf2ixilskbQ,learn_relquest,1.0,"[7, 1]",27.0,1.117,0,1.0,240,second
Qb8kcps9ofobn16pf2ixilskbQ,learn_relquest,1.0,"[4, 1]",0.0,2.217,0,1.0,327,third
Qb8kcps9ofobn16pf2ixilskbQ,learn_relquest,0.0,"[3, 1]",1.0,3.495,1,1.0,328,third
Qb8kcps9ofobn16pf2ixilskbQ,learn_relquest,0.0,"[1, 3]",2.0,1.335,1,1.0,329,third
Qb8kcps9ofobn16pf2ixilskbQ,learn_relquest,0.0,"[3, 6]",3.0,3.265,1,1.0,330,third
Qb8kcps9ofobn16pf2ixilskbQ,learn_relquest,0.0,"[2, 7]",4.0,2.907,1,1.0,331,third
Qb8kcps9ofobn16pf2ixilskbQ,learn_relquest,1.0,"[6, 2]",5.0,1.951,0,1.0,332,third
Qb8kcps9ofobn16pf2ixilskbQ,learn_relquest,0.0,"[0, 1]",6.0,1.871,1,1.0,333,third
Qb8kcps9ofobn16pf2ixilskbQ,learn_relquest,0.0,"[3, 2]",7.0,3.167,1,1.0,334,third
Qb8kcps9ofobn16pf2ixilskbQ,learn_relquest,0.0,"[2, 0]",8.0,2.253,1,1.0,335,third
Qb8kcps9ofobn16pf2ixilskbQ,learn_relquest,0.0,"[5, 4]",9.0,2.715,1,1.0,336,third
Qb8kcps9ofobn16pf2ixilskbQ,learn_relquest,0.0,"[1, 2]",10.0,1.779,1,1.0,337,third
Qb8kcps9ofobn16pf2ixilskbQ,learn_relquest,0.0,"[2, 4]",11.0,3.419,1,1.0,338,third
Qb8kcps9ofobn16pf2ixilskbQ,learn_relquest,1.0,"[6, 7]",12.0,2.519,0,1.0,339,third
Qb8kcps9ofobn16pf2ixilskbQ,learn_relquest,0.0,"[2, 3]",13.0,2.835,1,1.0,340,third
Qb8kcps9ofobn16pf2ixilskbQ,learn_relquest,1.0,"[7, 0]",14.0,1.431,0,1.0,341,third
Qb8kcps9ofobn16pf2ixilskbQ,learn_relquest,1.0,"[3, 5]",15.0,1.731,0,1.0,342,third
Qb8kcps9ofobn16pf2ixilskbQ,learn_relquest,1.0,"[5, 3]",16.0,0.995,0,1.0,343,third
Qb8kcps9ofobn16pf2ixilskbQ,learn_relquest,1.0,"[7, 6]",17.0,1.511,0,1.0,344,third
Qb8kcps9ofobn16pf2ixilskbQ,learn_relquest,1.0,"[2, 6]",18.0,1.169,0,1.0,345,third
Qb8kcps9ofobn16pf2ixilskbQ,learn_relquest,0.0,"[0, 4]",19.0,2.405,1,1.0,346,third
Qb8kcps9ofobn16pf2ixilskbQ,learn_relquest,1.0,"[1, 4]",20.0,0.867,0,1.0,347,third
Qb8kcps9ofobn16pf2ixilskbQ,learn_relquest,1.0,"[0, 7]",21.0,1.329,0,1.0,348,third
Qb8kcps9ofobn16pf2ixilskbQ,learn_relquest,1.0,"[5, 6]",22.0,1.571,0,1.0,349,third
Qb8kcps9ofobn16pf2ixilskbQ,learn_relquest,1.0,"[1, 7]",23.0,2.683,0,1.0,350,third
Qb8kcps9ofobn16pf2ixilskbQ,learn_relquest,0.0,"[4, 2]",24.0,1.659,1,1.0,351,third
Qb8kcps9ofobn16pf2ixilskbQ,learn_relquest,1.0,"[7, 1]",25.0,1.095,0,1.0,352,third
Qb8kcps9ofobn16pf2ixilskbQ,learn_relquest,0.0,"[5, 1]",26.0,1.865,1,1.0,353,third
Qb8kcps9ofobn16pf2ixilskbQ,learn_relquest,1.0,"[6, 5]",27.0,1.403,0,1.0,354,third
Qb8kcps9ofobn16pf2ixilskbQ,learn_relquest,0.0,"[1, 2]",0.0,2.865,1,1.0,441,fourth
Qb8kcps9ofobn16pf2ixilskbQ,learn_relquest,1.0,"[2, 6]",1.0,2.965,0,1.0,442,fourth
Qb8kcps9ofobn16pf2ixilskbQ,learn_relquest,1.0,"[5, 3]",2.0,2.049,0,1.0,443,fourth
Qb8kcps9ofobn16pf2ixilskbQ,learn_relquest,0.0,"[0, 2]",3.0,1.769,1,1.0,444,fourth
Qb8kcps9ofobn16pf2ixilskbQ,learn_relquest,0.0,"[3, 1]",4.0,3.137,1,1.0,445,fourth
Qb8kcps9ofobn16pf2ixilskbQ,learn_relquest,0.0,"[1, 3]",5.0,1.073,1,1.0,446,fourth
Qb8kcps9ofobn16pf2ixilskbQ,learn_relquest,0.0,"[5, 4]",6.0,4.253,1,1.0,447,fourth
Qb8kcps9ofobn16pf2ixilskbQ,learn_relquest,0.0,"[2, 1]",7.0,1.537,1,1.0,448,fourth
Qb8kcps9ofobn16pf2ixilskbQ,learn_relquest,0.0,"[5, 7]",8.0,3.391,1,1.0,449,fourth
Qb8kcps9ofobn16pf2ixilskbQ,learn_relquest,0.0,"[3, 4]",9.0,3.107,1,1.0,450,fourth
Qb8kcps9ofobn16pf2ixilskbQ,learn_relquest,1.0,"[6, 7]",10.0,1.359,0,1.0,451,fourth
Qb8kcps9ofobn16pf2ixilskbQ,learn_relquest,1.0,"[3, 5]",11.0,0.975,0,1.0,452,fourth
Qb8kcps9ofobn16pf2ixilskbQ,learn_relquest,1.0,"[7, 1]",12.0,1.505,0,1.0,453,fourth
Qb8kcps9ofobn16pf2ixilskbQ,learn_relquest,1.0,"[7, 0]",13.0,1.087,0,1.0,454,fourth
Qb8kcps9ofobn16pf2ixilskbQ,learn_relquest,0.0,"[7, 2]",14.0,2.065,1,1.0,455,fourth
Qb8kcps9ofobn16pf2ixilskbQ,learn_relquest,0.0,"[3, 6]",15.0,3.477,1,1.0,456,fourth
Qb8kcps9ofobn16pf2ixilskbQ,learn_relquest,0.0,"[4, 3]",16.0,1.369,1,1.0,457,fourth
Qb8kcps9ofobn16pf2ixilskbQ,learn_relquest,1.0,"[7, 6]",17.0,1.505,0,1.0,458,fourth
Qb8kcps9ofobn16pf2ixilskbQ,learn_relquest,0.0,"[6, 4]",18.0,2.921,1,1.0,459,fourth
Qb8kcps9ofobn16pf2ixilskbQ,learn_relquest,1.0,"[4, 1]",19.0,1.015,0,1.0,460,fourth
Qb8kcps9ofobn16pf2ixilskbQ,learn_relquest,1.0,"[6, 2]",20.0,2.425,0,1.0,461,fourth
Qb8kcps9ofobn16pf2ixilskbQ,learn_relquest,0.0,"[7, 5]",21.0,1.847,1,1.0,462,fourth
Qb8kcps9ofobn16pf2ixilskbQ,learn_relquest,1.0,"[0, 7]",22.0,1.005,0,1.0,463,fourth
Qb8kcps9ofobn16pf2ixilskbQ,learn_relquest,1.0,"[1, 4]",23.0,1.055,0,1.0,464,fourth
Qb8kcps9ofobn16pf2ixilskbQ,learn_relquest,0.0,"[2, 7]",24.0,1.699,1,1.0,465,fourth
Qb8kcps9ofobn16pf2ixilskbQ,learn_relquest,1.0,"[5, 6]",25.0,5.401,0,1.0,466,fourth
Qb8kcps9ofobn16pf2ixilskbQ,learn_relquest,1.0,"[6, 5]",26.0,1.451,0,1.0,467,fourth
Qb8kcps9ofobn16pf2ixilskbQ,learn_relquest,1.0,"[1, 7]",27.0,1.387,0,1.0,468,fourth
Qb8kcps9ofobn16pf2ixilskbQ,learn_relquest,0.0,"[2, 4]",0.0,3.033,1,1.0,555,fifth
Qb8kcps9ofobn16pf2ixilskbQ,learn_relquest,1.0,"[2, 6]",1.0,1.513,0,1.0,556,fifth
Qb8kcps9ofobn16pf2ixilskbQ,learn_relquest,1.0,"[6, 2]",2.0,0.907,0,1.0,557,fifth
Qb8kcps9ofobn16pf2ixilskbQ,learn_relquest,0.0,"[6, 4]",3.0,2.149,1,1.0,558,fifth
Qb8kcps9ofobn16pf2ixilskbQ,learn_relquest,1.0,"[0, 7]",4.0,1.067,0,1.0,559,fifth
Qb8kcps9ofobn16pf2ixilskbQ,learn_relquest,1.0,"[6, 5]",5.0,3.765,0,1.0,560,fifth
Qb8kcps9ofobn16pf2ixilskbQ,learn_relquest,0.0,"[3, 4]",6.0,1.235,1,1.0,561,fifth
Qb8kcps9ofobn16pf2ixilskbQ,learn_relquest,1.0,"[6, 7]",7.0,3.639,1,0.0,562,fifth
Qb8kcps9ofobn16pf2ixilskbQ,learn_relquest,1.0,"[3, 5]",8.0,3.339,0,1.0,563,fifth
Qb8kcps9ofobn16pf2ixilskbQ,learn_relquest,1.0,"[7, 1]",9.0,3.945,0,1.0,564,fifth
Qb8kcps9ofobn16pf2ixilskbQ,learn_relquest,0.0,"[2, 0]",10.0,1.601,1,1.0,565,fifth
Qb8kcps9ofobn16pf2ixilskbQ,learn_relquest,0.0,"[0, 2]",11.0,0.88,1,1.0,566,fifth
Qb8kcps9ofobn16pf2ixilskbQ,learn_relquest,1.0,"[1, 4]",12.0,1.269,0,1.0,567,fifth
Qb8kcps9ofobn16pf2ixilskbQ,learn_relquest,1.0,"[1, 7]",13.0,1.007,0,1.0,568,fifth
Qb8kcps9ofobn16pf2ixilskbQ,learn_relquest,1.0,"[5, 3]",14.0,1.543,0,1.0,569,fifth
Qb8kcps9ofobn16pf2ixilskbQ,learn_relquest,1.0,"[7, 6]",15.0,1.097,0,1.0,570,fifth
Qb8kcps9ofobn16pf2ixilskbQ,learn_relquest,0.0,"[3, 2]",16.0,1.347,1,1.0,571,fifth
Qb8kcps9ofobn16pf2ixilskbQ,learn_relquest,0.0,"[3, 7]",17.0,3.333,1,1.0,572,fifth
Qb8kcps9ofobn16pf2ixilskbQ,learn_relquest,1.0,"[5, 6]",18.0,2.853,0,1.0,573,fifth
Qb8kcps9ofobn16pf2ixilskbQ,learn_relquest,0.0,"[5, 2]",19.0,2.959,1,1.0,574,fifth
Qb8kcps9ofobn16pf2ixilskbQ,learn_relquest,0.0,"[1, 3]",20.0,1.227,1,1.0,575,fifth
Qb8kcps9ofobn16pf2ixilskbQ,learn_relquest,0.0,"[7, 3]",21.0,2.823,1,1.0,576,fifth
Qb8kcps9ofobn16pf2ixilskbQ,learn_relquest,0.0,"[4, 2]",22.0,1.475,1,1.0,577,fifth
Qb8kcps9ofobn16pf2ixilskbQ,learn_relquest,1.0,"[7, 0]",23.0,1.443,0,1.0,578,fifth
Qb8kcps9ofobn16pf2ixilskbQ,learn_relquest,0.0,"[7, 4]",24.0,2.059,1,1.0,579,fifth
Qb8kcps9ofobn16pf2ixilskbQ,learn_relquest,0.0,"[4, 6]",25.0,2.667,1,1.0,580,fifth
Qb8kcps9ofobn16pf2ixilskbQ,learn_relquest,1.0,"[4, 1]",26.0,1.051,0,1.0,581,fifth
Qb8kcps9ofobn16pf2ixilskbQ,learn_relquest,0.0,"[2, 5]",27.0,3.953,1,1.0,582,fifth
Qkyb8s9olpmtq7u2rwwj5ec87Q,learn_relquest,1.0,"[0, 7]",0.0,1.639,0,1.0,99,first
Qkyb8s9olpmtq7u2rwwj5ec87Q,learn_relquest,0.0,"[4, 6]",1.0,1.662,1,1.0,100,first
Qkyb8s9olpmtq7u2rwwj5ec87Q,learn_relquest,0.0,"[0, 3]",2.0,1.383,0,0.0,101,first
Qkyb8s9olpmtq7u2rwwj5ec87Q,learn_relquest,1.0,"[6, 7]",3.0,1.431,0,1.0,102,first
Qkyb8s9olpmtq7u2rwwj5ec87Q,learn_relquest,1.0,"[6, 5]",4.0,1.519,1,0.0,103,first
Qkyb8s9olpmtq7u2rwwj5ec87Q,learn_relquest,0.0,"[5, 4]",5.0,1.423,1,1.0,104,first
Qkyb8s9olpmtq7u2rwwj5ec87Q,learn_relquest,0.0,"[0, 4]",6.0,1.358,0,0.0,105,first
Qkyb8s9olpmtq7u2rwwj5ec87Q,learn_relquest,0.0,"[7, 2]",7.0,0.911,1,1.0,106,first
Qkyb8s9olpmtq7u2rwwj5ec87Q,learn_relquest,0.0,"[1, 5]",8.0,0.967,0,0.0,107,first
Qkyb8s9olpmtq7u2rwwj5ec87Q,learn_relquest,1.0,"[5, 6]",9.0,0.967,1,0.0,108,first
Qkyb8s9olpmtq7u2rwwj5ec87Q,learn_relquest,1.0,"[6, 2]",10.0,1.535,1,0.0,109,first
Qkyb8s9olpmtq7u2rwwj5ec87Q,learn_relquest,0.0,"[6, 3]",11.0,0.912,0,0.0,110,first
Qkyb8s9olpmtq7u2rwwj5ec87Q,learn_relquest,1.0,"[7, 1]",12.0,0.807,0,1.0,111,first
Qkyb8s9olpmtq7u2rwwj5ec87Q,learn_relquest,0.0,"[2, 0]",13.0,1.054,1,1.0,112,first
Qkyb8s9olpmtq7u2rwwj5ec87Q,learn_relquest,0.0,"[7, 3]",14.0,7.559,0,0.0,113,first
Qkyb8s9olpmtq7u2rwwj5ec87Q,learn_relquest,1.0,"[4, 1]",15.0,1.23,0,1.0,114,first
Qkyb8s9olpmtq7u2rwwj5ec87Q,learn_relquest,0.0,"[2, 7]",16.0,1.224,1,1.0,115,first
Qkyb8s9olpmtq7u2rwwj5ec87Q,learn_relquest,0.0,"[5, 2]",17.0,0.814,1,1.0,116,first
Qkyb8s9olpmtq7u2rwwj5ec87Q,learn_relquest,1.0,"[3, 5]",18.0,0.895,0,1.0,117,first
Qkyb8s9olpmtq7u2rwwj5ec87Q,learn_relquest,0.0,"[0, 1]",19.0,1.007,0,0.0,118,first
Qkyb8s9olpmtq7u2rwwj5ec87Q,learn_relquest,1.0,"[2, 6]",20.0,0.903,1,0.0,119,first
Qkyb8s9olpmtq7u2rwwj5ec87Q,learn_relquest,1.0,"[7, 0]",21.0,0.871,0,1.0,120,first
Qkyb8s9olpmtq7u2rwwj5ec87Q,learn_relquest,0.0,"[5, 7]",22.0,0.951,1,1.0,121,first
Qkyb8s9olpmtq7u2rwwj5ec87Q,learn_relquest,1.0,"[1, 7]",23.0,1.288,0,1.0,122,first
Qkyb8s9olpmtq7u2rwwj5ec87Q,learn_relquest,0.0,"[4, 2]",24.0,1.566,1,1.0,123,first
Qkyb8s9olpmtq7u2rwwj5ec87Q,learn_relquest,1.0,"[5, 3]",25.0,14.84,0,1.0,124,first
Qkyb8s9olpmtq7u2rwwj5ec87Q,learn_relquest,1.0,"[7, 6]",26.0,0.703,0,1.0,125,first
Qkyb8s9olpmtq7u2rwwj5ec87Q,learn_relquest,1.0,"[1, 4]",27.0,1.046,0,1.0,126,first
Qkyb8s9olpmtq7u2rwwj5ec87Q,learn_relquest,1.0,"[3, 5]",0.0,2.294,0,1.0,213,second
Qkyb8s9olpmtq7u2rwwj5ec87Q,learn_relquest,1.0,"[0, 7]",1.0,0.775,0,1.0,214,second
Qkyb8s9olpmtq7u2rwwj5ec87Q,learn_relquest,0.0,"[7, 5]",2.0,1.687,1,1.0,215,second
Qkyb8s9olpmtq7u2rwwj5ec87Q,learn_relquest,0.0,"[3, 1]",3.0,2.054,1,1.0,216,second
Qkyb8s9olpmtq7u2rwwj5ec87Q,learn_relquest,0.0,"[4, 5]",4.0,0.71,0,0.0,217,second
Qkyb8s9olpmtq7u2rwwj5ec87Q,learn_relquest,0.0,"[2, 5]",5.0,71.433,1,1.0,218,second
Qkyb8s9olpmtq7u2rwwj5ec87Q,learn_relquest,0.0,"[4, 6]",6.0,3.783,1,1.0,219,second
Qkyb8s9olpmtq7u2rwwj5ec87Q,learn_relquest,1.0,"[2, 6]",7.0,1.887,0,1.0,220,second
Qkyb8s9olpmtq7u2rwwj5ec87Q,learn_relquest,1.0,"[7, 6]",8.0,0.879,0,1.0,221,second
Qkyb8s9olpmtq7u2rwwj5ec87Q,learn_relquest,1.0,"[5, 6]",9.0,2.056,0,1.0,222,second
Qkyb8s9olpmtq7u2rwwj5ec87Q,learn_relquest,1.0,"[7, 0]",10.0,0.879,0,1.0,223,second
Qkyb8s9olpmtq7u2rwwj5ec87Q,learn_relquest,0.0,"[4, 2]",11.0,1.398,0,0.0,224,second
Qkyb8s9olpmtq7u2rwwj5ec87Q,learn_relquest,1.0,"[6, 5]",12.0,0.999,0,1.0,225,second
Qkyb8s9olpmtq7u2rwwj5ec87Q,learn_relquest,0.0,"[4, 7]",13.0,0.975,0,0.0,226,second
Qkyb8s9olpmtq7u2rwwj5ec87Q,learn_relquest,1.0,"[1, 7]",14.0,1.015,0,1.0,227,second
Qkyb8s9olpmtq7u2rwwj5ec87Q,learn_relquest,0.0,"[0, 1]",15.0,1.319,0,0.0,228,second
Qkyb8s9olpmtq7u2rwwj5ec87Q,learn_relquest,1.0,"[5, 3]",16.0,2.208,0,1.0,229,second
Qkyb8s9olpmtq7u2rwwj5ec87Q,learn_relquest,1.0,"[7, 1]",17.0,0.766,0,1.0,230,second
Qkyb8s9olpmtq7u2rwwj5ec87Q,learn_relquest,0.0,"[0, 4]",18.0,0.823,0,0.0,231,second
Qkyb8s9olpmtq7u2rwwj5ec87Q,learn_relquest,1.0,"[4, 1]",19.0,0.623,0,1.0,232,second
Qkyb8s9olpmtq7u2rwwj5ec87Q,learn_relquest,1.0,"[1, 4]",20.0,0.622,0,1.0,233,second
Qkyb8s9olpmtq7u2rwwj5ec87Q,learn_relquest,0.0,"[5, 2]",21.0,1.478,1,1.0,234,second
Qkyb8s9olpmtq7u2rwwj5ec87Q,learn_relquest,0.0,"[7, 4]",22.0,0.951,0,0.0,235,second
Qkyb8s9olpmtq7u2rwwj5ec87Q,learn_relquest,0.0,"[6, 0]",23.0,1.735,0,0.0,236,second
Qkyb8s9olpmtq7u2rwwj5ec87Q,learn_relquest,1.0,"[6, 2]",24.0,0.831,0,1.0,237,second
Qkyb8s9olpmtq7u2rwwj5ec87Q,learn_relquest,1.0,"[6, 7]",25.0,1.038,0,1.0,238,second
Qkyb8s9olpmtq7u2rwwj5ec87Q,learn_relquest,0.0,"[2, 4]",26.0,1.806,0,0.0,239,second
Qkyb8s9olpmtq7u2rwwj5ec87Q,learn_relquest,0.0,"[3, 4]",27.0,0.983,0,0.0,240,second
Qkyb8s9olpmtq7u2rwwj5ec87Q,learn_relquest,1.0,"[7, 6]",0.0,5.28,0,1.0,327,third
Qkyb8s9olpmtq7u2rwwj5ec87Q,learn_relquest,0.0,"[1, 5]",1.0,8.063,1,1.0,328,third
Qkyb8s9olpmtq7u2rwwj5ec87Q,learn_relquest,0.0,"[5, 2]",2.0,11.112,1,1.0,329,third
Qkyb8s9olpmtq7u2rwwj5ec87Q,learn_relquest,0.0,"[4, 7]",3.0,13.657,1,1.0,330,third
Qkyb8s9olpmtq7u2rwwj5ec87Q,learn_relquest,1.0,"[5, 6]",4.0,1.495,0,1.0,331,third
Qkyb8s9olpmtq7u2rwwj5ec87Q,learn_relquest,1.0,"[6, 5]",5.0,2.743,0,1.0,332,third
Qkyb8s9olpmtq7u2rwwj5ec87Q,learn_relquest,0.0,"[1, 6]",6.0,5.415,0,0.0,333,third
Qkyb8s9olpmtq7u2rwwj5ec87Q,learn_relquest,1.0,"[1, 7]",7.0,1.175,0,1.0,334,third
Qkyb8s9olpmtq7u2rwwj5ec87Q,learn_relquest,0.0,"[7, 3]",8.0,7.632,1,1.0,335,third
Qkyb8s9olpmtq7u2rwwj5ec87Q,learn_relquest,1.0,"[5, 3]",9.0,7.928,1,0.0,336,third
Qkyb8s9olpmtq7u2rwwj5ec87Q,learn_relquest,1.0,"[1, 4]",10.0,1.199,0,1.0,337,third
Qkyb8s9olpmtq7u2rwwj5ec87Q,learn_relquest,0.0,"[5, 7]",11.0,8.127,1,1.0,338,third
Qkyb8s9olpmtq7u2rwwj5ec87Q,learn_relquest,1.0,"[7, 1]",12.0,1.064,0,1.0,339,third
Qkyb8s9olpmtq7u2rwwj5ec87Q,learn_relquest,0.0,"[2, 3]",13.0,1.174,0,0.0,340,third
Qkyb8s9olpmtq7u2rwwj5ec87Q,learn_relquest,0.0,"[4, 0]",14.0,13.505,1,1.0,341,third
Qkyb8s9olpmtq7u2rwwj5ec87Q,learn_relquest,0.0,"[2, 7]",15.0,7.215,1,1.0,342,third
Qkyb8s9olpmtq7u2rwwj5ec87Q,learn_relquest,1.0,"[2, 6]",16.0,4.495,0,1.0,343,third
Qkyb8s9olpmtq7u2rwwj5ec87Q,learn_relquest,0.0,"[2, 0]",17.0,2.375,1,1.0,344,third
Qkyb8s9olpmtq7u2rwwj5ec87Q,learn_relquest,0.0,"[4, 2]",18.0,7.32,1,1.0,345,third
Qkyb8s9olpmtq7u2rwwj5ec87Q,learn_relquest,0.0,"[0, 6]",19.0,6.992,1,1.0,346,third
Qkyb8s9olpmtq7u2rwwj5ec87Q,learn_relquest,0.0,"[6, 1]",20.0,2.119,0,0.0,347,third
Qkyb8s9olpmtq7u2rwwj5ec87Q,learn_relquest,1.0,"[4, 1]",21.0,1.087,0,1.0,348,third
Qkyb8s9olpmtq7u2rwwj5ec87Q,learn_relquest,1.0,"[3, 5]",22.0,12.608,1,0.0,349,third
Qkyb8s9olpmtq7u2rwwj5ec87Q,learn_relquest,0.0,"[3, 4]",23.0,5.279,1,1.0,350,third
Qkyb8s9olpmtq7u2rwwj5ec87Q,learn_relquest,1.0,"[6, 2]",24.0,2.702,0,1.0,351,third
Qkyb8s9olpmtq7u2rwwj5ec87Q,learn_relquest,1.0,"[0, 7]",25.0,6.224,0,1.0,352,third
Qkyb8s9olpmtq7u2rwwj5ec87Q,learn_relquest,1.0,"[6, 7]",26.0,2.91,0,1.0,353,third
Qkyb8s9olpmtq7u2rwwj5ec87Q,learn_relquest,1.0,"[7, 0]",27.0,1.496,0,1.0,354,third
Qkyb8s9olpmtq7u2rwwj5ec87Q,learn_relquest,1.0,"[7, 6]",0.0,8.4,0,1.0,441,fourth
Qkyb8s9olpmtq7u2rwwj5ec87Q,learn_relquest,0.0,"[4, 5]",1.0,60.871,1,1.0,442,fourth
Qkyb8s9olpmtq7u2rwwj5ec87Q,learn_relquest,1.0,"[1, 7]",2.0,4.976,0,1.0,443,fourth
Qkyb8s9olpmtq7u2rwwj5ec87Q,learn_relquest,1.0,"[5, 6]",3.0,3.135,0,1.0,444,fourth
Qkyb8s9olpmtq7u2rwwj5ec87Q,learn_relquest,0.0,"[7, 3]",4.0,3.151,1,1.0,445,fourth
Qkyb8s9olpmtq7u2rwwj5ec87Q,learn_relquest,0.0,"[6, 4]",5.0,1.871,0,0.0,446,fourth
Qkyb8s9olpmtq7u2rwwj5ec87Q,learn_relquest,1.0,"[4, 1]",6.0,1.294,0,1.0,447,fourth
Qkyb8s9olpmtq7u2rwwj5ec87Q,learn_relquest,0.0,"[2, 4]",7.0,4.295,1,1.0,448,fourth
Qkyb8s9olpmtq7u2rwwj5ec87Q,learn_relquest,0.0,"[0, 2]",8.0,0.943,0,0.0,449,fourth
Qkyb8s9olpmtq7u2rwwj5ec87Q,learn_relquest,0.0,"[4, 3]",9.0,4.695,0,0.0,450,fourth
Qkyb8s9olpmtq7u2rwwj5ec87Q,learn_relquest,0.0,"[5, 2]",10.0,5.807,1,1.0,451,fourth
Qkyb8s9olpmtq7u2rwwj5ec87Q,learn_relquest,0.0,"[7, 5]",11.0,3.703,1,1.0,452,fourth
Qkyb8s9olpmtq7u2rwwj5ec87Q,learn_relquest,0.0,"[2, 3]",12.0,4.343,1,1.0,453,fourth
Qkyb8s9olpmtq7u2rwwj5ec87Q,learn_relquest,1.0,"[7, 1]",13.0,1.223,0,1.0,454,fourth
Qkyb8s9olpmtq7u2rwwj5ec87Q,learn_relquest,1.0,"[5, 3]",14.0,7.608,1,0.0,455,fourth
Qkyb8s9olpmtq7u2rwwj5ec87Q,learn_relquest,1.0,"[6, 5]",15.0,1.247,0,1.0,456,fourth
Qkyb8s9olpmtq7u2rwwj5ec87Q,learn_relquest,0.0,"[2, 1]",16.0,5.671,1,1.0,457,fourth
Qkyb8s9olpmtq7u2rwwj5ec87Q,learn_relquest,1.0,"[7, 0]",17.0,5.703,0,1.0,458,fourth
Qkyb8s9olpmtq7u2rwwj5ec87Q,learn_relquest,1.0,"[1, 4]",18.0,1.287,0,1.0,459,fourth
Qkyb8s9olpmtq7u2rwwj5ec87Q,learn_relquest,0.0,"[5, 0]",19.0,2.807,1,1.0,460,fourth
Qkyb8s9olpmtq7u2rwwj5ec87Q,learn_relquest,1.0,"[6, 2]",20.0,1.567,0,1.0,461,fourth
Qkyb8s9olpmtq7u2rwwj5ec87Q,learn_relquest,1.0,"[0, 7]",21.0,1.272,0,1.0,462,fourth
Qkyb8s9olpmtq7u2rwwj5ec87Q,learn_relquest,1.0,"[3, 5]",22.0,13.191,1,0.0,463,fourth
Qkyb8s9olpmtq7u2rwwj5ec87Q,learn_relquest,0.0,"[1, 6]",23.0,5.615,0,0.0,464,fourth
Qkyb8s9olpmtq7u2rwwj5ec87Q,learn_relquest,0.0,"[3, 6]",24.0,6.103,1,1.0,465,fourth
Qkyb8s9olpmtq7u2rwwj5ec87Q,learn_relquest,0.0,"[4, 6]",25.0,1.815,0,0.0,466,fourth
Qkyb8s9olpmtq7u2rwwj5ec87Q,learn_relquest,1.0,"[2, 6]",26.0,7.568,0,1.0,467,fourth
Qkyb8s9olpmtq7u2rwwj5ec87Q,learn_relquest,1.0,"[6, 7]",27.0,1.295,0,1.0,468,fourth
Qkyb8s9olpmtq7u2rwwj5ec87Q,learn_relquest,1.0,"[1, 7]",0.0,2.119,0,1.0,555,fifth
Qkyb8s9olpmtq7u2rwwj5ec87Q,learn_relquest,0.0,"[6, 0]",1.0,8.832,1,1.0,556,fifth
Qkyb8s9olpmtq7u2rwwj5ec87Q,learn_relquest,1.0,"[6, 2]",2.0,1.664,0,1.0,557,fifth
Qkyb8s9olpmtq7u2rwwj5ec87Q,learn_relquest,0.0,"[4, 5]",3.0,6.366,1,1.0,558,fifth
Qkyb8s9olpmtq7u2rwwj5ec87Q,learn_relquest,0.0,"[6, 4]",4.0,3.64,0,0.0,559,fifth
Qkyb8s9olpmtq7u2rwwj5ec87Q,learn_relquest,0.0,"[4, 0]",5.0,3.647,0,0.0,560,fifth
Qkyb8s9olpmtq7u2rwwj5ec87Q,learn_relquest,1.0,"[2, 6]",6.0,1.735,0,1.0,561,fifth
Qkyb8s9olpmtq7u2rwwj5ec87Q,learn_relquest,0.0,"[3, 0]",7.0,4.143,1,1.0,562,fifth
Qkyb8s9olpmtq7u2rwwj5ec87Q,learn_relquest,0.0,"[2, 1]",8.0,4.16,1,1.0,563,fifth
Qkyb8s9olpmtq7u2rwwj5ec87Q,learn_relquest,0.0,"[5, 7]",9.0,7.256,1,1.0,564,fifth
Qkyb8s9olpmtq7u2rwwj5ec87Q,learn_relquest,0.0,"[0, 3]",10.0,2.694,1,1.0,565,fifth
Qkyb8s9olpmtq7u2rwwj5ec87Q,learn_relquest,1.0,"[7, 6]",11.0,1.847,0,1.0,566,fifth
Qkyb8s9olpmtq7u2rwwj5ec87Q,learn_relquest,1.0,"[7, 0]",12.0,2.319,0,1.0,567,fifth
Qkyb8s9olpmtq7u2rwwj5ec87Q,learn_relquest,1.0,"[3, 5]",13.0,6.52,1,0.0,568,fifth
Qkyb8s9olpmtq7u2rwwj5ec87Q,learn_relquest,1.0,"[5, 6]",14.0,2.07,0,1.0,569,fifth
Qkyb8s9olpmtq7u2rwwj5ec87Q,learn_relquest,0.0,"[2, 4]",15.0,7.6,1,1.0,570,fifth
Qkyb8s9olpmtq7u2rwwj5ec87Q,learn_relquest,1.0,"[5, 3]",16.0,7.263,1,0.0,571,fifth
Qkyb8s9olpmtq7u2rwwj5ec87Q,learn_relquest,1.0,"[0, 7]",17.0,1.335,0,1.0,572,fifth
Qkyb8s9olpmtq7u2rwwj5ec87Q,learn_relquest,0.0,"[4, 6]",18.0,1.294,0,0.0,573,fifth
Qkyb8s9olpmtq7u2rwwj5ec87Q,learn_relquest,1.0,"[6, 5]",19.0,1.63,0,1.0,574,fifth
Qkyb8s9olpmtq7u2rwwj5ec87Q,learn_relquest,0.0,"[2, 7]",20.0,1.975,1,1.0,575,fifth
Qkyb8s9olpmtq7u2rwwj5ec87Q,learn_relquest,1.0,"[7, 1]",21.0,1.887,0,1.0,576,fifth
Qkyb8s9olpmtq7u2rwwj5ec87Q,learn_relquest,1.0,"[6, 7]",22.0,1.206,0,1.0,577,fifth
Qkyb8s9olpmtq7u2rwwj5ec87Q,learn_relquest,0.0,"[3, 1]",23.0,1.935,1,1.0,578,fifth
Qkyb8s9olpmtq7u2rwwj5ec87Q,learn_relquest,0.0,"[5, 0]",24.0,8.35,1,1.0,579,fifth
Qkyb8s9olpmtq7u2rwwj5ec87Q,learn_relquest,1.0,"[1, 4]",25.0,1.239,0,1.0,580,fifth
Qkyb8s9olpmtq7u2rwwj5ec87Q,learn_relquest,1.0,"[4, 1]",26.0,0.679,0,1.0,581,fifth
Qkyb8s9olpmtq7u2rwwj5ec87Q,learn_relquest,0.0,"[7, 2]",27.0,5.831,1,1.0,582,fifth
Qey5hnzukc0bp6a5u55gxbdadQ,learn_relquest,0.0,"[5, 4]",0.0,8.473,1,1.0,99,first
Qey5hnzukc0bp6a5u55gxbdadQ,learn_relquest,0.0,"[3, 4]",1.0,2.312,0,0.0,100,first
Qey5hnzukc0bp6a5u55gxbdadQ,learn_relquest,0.0,"[3, 6]",2.0,13.123,1,1.0,101,first
Qey5hnzukc0bp6a5u55gxbdadQ,learn_relquest,0.0,"[0, 5]",3.0,2.743,1,1.0,102,first
Qey5hnzukc0bp6a5u55gxbdadQ,learn_relquest,1.0,"[6, 2]",4.0,3.747,1,0.0,103,first
Qey5hnzukc0bp6a5u55gxbdadQ,learn_relquest,1.0,"[0, 7]",5.0,3.283,1,0.0,104,first
Qey5hnzukc0bp6a5u55gxbdadQ,learn_relquest,0.0,"[6, 1]",6.0,1.972,0,0.0,105,first
Qey5hnzukc0bp6a5u55gxbdadQ,learn_relquest,1.0,"[7, 0]",7.0,2.432,1,0.0,106,first
Qey5hnzukc0bp6a5u55gxbdadQ,learn_relquest,1.0,"[1, 7]",8.0,2.826,0,1.0,107,first
Qey5hnzukc0bp6a5u55gxbdadQ,learn_relquest,1.0,"[4, 1]",9.0,5.687,0,1.0,108,first
Qey5hnzukc0bp6a5u55gxbdadQ,learn_relquest,0.0,"[2, 3]",10.0,2.734,1,1.0,109,first
Qey5hnzukc0bp6a5u55gxbdadQ,learn_relquest,0.0,"[1, 0]",11.0,7.49,1,1.0,110,first
Qey5hnzukc0bp6a5u55gxbdadQ,learn_relquest,1.0,"[7, 6]",12.0,2.377,0,1.0,111,first
Qey5hnzukc0bp6a5u55gxbdadQ,learn_relquest,0.0,"[2, 5]",13.0,2.537,0,0.0,112,first
Qey5hnzukc0bp6a5u55gxbdadQ,learn_relquest,0.0,"[5, 2]",14.0,1.118,0,0.0,113,first
Qey5hnzukc0bp6a5u55gxbdadQ,learn_relquest,0.0,"[5, 7]",15.0,10.259,0,0.0,114,first
Qey5hnzukc0bp6a5u55gxbdadQ,learn_relquest,0.0,"[6, 3]",16.0,5.327,0,0.0,115,first
Qey5hnzukc0bp6a5u55gxbdadQ,learn_relquest,1.0,"[6, 7]",17.0,1.703,0,1.0,116,first
Qey5hnzukc0bp6a5u55gxbdadQ,learn_relquest,1.0,"[3, 5]",18.0,3.323,0,1.0,117,first
Qey5hnzukc0bp6a5u55gxbdadQ,learn_relquest,0.0,"[4, 6]",19.0,2.87,0,0.0,118,first
Qey5hnzukc0bp6a5u55gxbdadQ,learn_relquest,1.0,"[7, 1]",20.0,1.647,0,1.0,119,first
Qey5hnzukc0bp6a5u55gxbdadQ,learn_relquest,0.0,"[0, 1]",21.0,2.383,1,1.0,120,first
Qey5hnzukc0bp6a5u55gxbdadQ,learn_relquest,1.0,"[2, 6]",22.0,4.12,1,0.0,121,first
Qey5hnzukc0bp6a5u55gxbdadQ,learn_relquest,1.0,"[5, 6]",23.0,1.57,0,1.0,122,first
Qey5hnzukc0bp6a5u55gxbdadQ,learn_relquest,1.0,"[6, 5]",24.0,0.995,0,1.0,123,first
Qey5hnzukc0bp6a5u55gxbdadQ,learn_relquest,1.0,"[5, 3]",25.0,1.655,1,0.0,124,first
Qey5hnzukc0bp6a5u55gxbdadQ,learn_relquest,1.0,"[1, 4]",26.0,2.399,1,0.0,125,first
Qey5hnzukc0bp6a5u55gxbdadQ,learn_relquest,0.0,"[0, 6]",27.0,3.472,1,1.0,126,first
Qey5hnzukc0bp6a5u55gxbdadQ,learn_relquest,1.0,"[7, 6]",0.0,4.228,0,1.0,213,second
Qey5hnzukc0bp6a5u55gxbdadQ,learn_relquest,1.0,"[0, 7]",1.0,5.647,0,1.0,214,second
Qey5hnzukc0bp6a5u55gxbdadQ,learn_relquest,0.0,"[6, 4]",2.0,2.307,1,1.0,215,second
Qey5hnzukc0bp6a5u55gxbdadQ,learn_relquest,0.0,"[2, 1]",3.0,2.031,1,1.0,216,second
Qey5hnzukc0bp6a5u55gxbdadQ,learn_relquest,1.0,"[1, 4]",4.0,2.046,0,1.0,217,second
Qey5hnzukc0bp6a5u55gxbdadQ,learn_relquest,0.0,"[5, 2]",5.0,2.184,1,1.0,218,second
Qey5hnzukc0bp6a5u55gxbdadQ,learn_relquest,0.0,"[3, 6]",6.0,2.019,1,1.0,219,second
Qey5hnzukc0bp6a5u55gxbdadQ,learn_relquest,0.0,"[4, 3]",7.0,4.278,1,1.0,220,second
Qey5hnzukc0bp6a5u55gxbdadQ,learn_relquest,0.0,"[5, 7]",8.0,1.561,0,0.0,221,second
Qey5hnzukc0bp6a5u55gxbdadQ,learn_relquest,0.0,"[1, 2]",9.0,1.478,1,1.0,222,second
Qey5hnzukc0bp6a5u55gxbdadQ,learn_relquest,0.0,"[0, 5]",10.0,3.766,1,1.0,223,second
Qey5hnzukc0bp6a5u55gxbdadQ,learn_relquest,1.0,"[5, 3]",11.0,2.314,0,1.0,224,second
Qey5hnzukc0bp6a5u55gxbdadQ,learn_relquest,1.0,"[3, 5]",12.0,1.41,0,1.0,225,second
Qey5hnzukc0bp6a5u55gxbdadQ,learn_relquest,0.0,"[4, 2]",13.0,4.816,1,1.0,226,second
Qey5hnzukc0bp6a5u55gxbdadQ,learn_relquest,1.0,"[5, 6]",14.0,2.803,0,1.0,227,second
Qey5hnzukc0bp6a5u55gxbdadQ,learn_relquest,0.0,"[3, 1]",15.0,2.015,1,1.0,228,second
Qey5hnzukc0bp6a5u55gxbdadQ,learn_relquest,1.0,"[7, 1]",16.0,2.378,0,1.0,229,second
Qey5hnzukc0bp6a5u55gxbdadQ,learn_relquest,1.0,"[7, 0]",17.0,3.244,1,0.0,230,second
Qey5hnzukc0bp6a5u55gxbdadQ,learn_relquest,1.0,"[6, 7]",18.0,2.498,0,1.0,231,second
Qey5hnzukc0bp6a5u55gxbdadQ,learn_relquest,1.0,"[6, 2]",19.0,2.005,0,1.0,232,second
Qey5hnzukc0bp6a5u55gxbdadQ,learn_relquest,0.0,"[3, 0]",20.0,2.078,1,1.0,233,second
Qey5hnzukc0bp6a5u55gxbdadQ,learn_relquest,1.0,"[2, 6]",21.0,1.859,0,1.0,234,second
Qey5hnzukc0bp6a5u55gxbdadQ,learn_relquest,1.0,"[4, 1]",22.0,1.964,0,1.0,235,second
Qey5hnzukc0bp6a5u55gxbdadQ,learn_relquest,1.0,"[1, 7]",23.0,3.573,0,1.0,236,second
Qey5hnzukc0bp6a5u55gxbdadQ,learn_relquest,0.0,"[2, 5]",24.0,2.203,1,1.0,237,second
Qey5hnzukc0bp6a5u55gxbdadQ,learn_relquest,1.0,"[6, 5]",25.0,2.409,0,1.0,238,second
Qey5hnzukc0bp6a5u55gxbdadQ,learn_relquest,0.0,"[5, 1]",26.0,2.42,1,1.0,239,second
Qey5hnzukc0bp6a5u55gxbdadQ,learn_relquest,0.0,"[1, 3]",27.0,2.47,1,1.0,240,second
Qey5hnzukc0bp6a5u55gxbdadQ,learn_relquest,0.0,"[2, 5]",0.0,3.964,1,1.0,327,third
Qey5hnzukc0bp6a5u55gxbdadQ,learn_relquest,0.0,"[2, 1]",1.0,2.079,1,1.0,328,third
Qey5hnzukc0bp6a5u55gxbdadQ,learn_relquest,1.0,"[5, 3]",2.0,1.519,0,1.0,329,third
Qey5hnzukc0bp6a5u55gxbdadQ,learn_relquest,1.0,"[5, 6]",3.0,2.779,0,1.0,330,third
Qey5hnzukc0bp6a5u55gxbdadQ,learn_relquest,0.0,"[4, 0]",4.0,2.897,1,1.0,331,third
Qey5hnzukc0bp6a5u55gxbdadQ,learn_relquest,0.0,"[3, 7]",5.0,2.988,1,1.0,332,third
Qey5hnzukc0bp6a5u55gxbdadQ,learn_relquest,0.0,"[2, 0]",6.0,2.142,1,1.0,333,third
Qey5hnzukc0bp6a5u55gxbdadQ,learn_relquest,1.0,"[1, 7]",7.0,2.95,0,1.0,334,third
Qey5hnzukc0bp6a5u55gxbdadQ,learn_relquest,1.0,"[6, 5]",8.0,1.479,0,1.0,335,third
Qey5hnzukc0bp6a5u55gxbdadQ,learn_relquest,0.0,"[5, 7]",9.0,3.414,0,0.0,336,third
Qey5hnzukc0bp6a5u55gxbdadQ,learn_relquest,1.0,"[6, 7]",10.0,2.039,0,1.0,337,third
Qey5hnzukc0bp6a5u55gxbdadQ,learn_relquest,0.0,"[0, 1]",11.0,3.764,1,1.0,338,third
Qey5hnzukc0bp6a5u55gxbdadQ,learn_relquest,1.0,"[0, 7]",12.0,2.31,0,1.0,339,third
Qey5hnzukc0bp6a5u55gxbdadQ,learn_relquest,1.0,"[2, 6]",13.0,2.929,0,1.0,340,third
Qey5hnzukc0bp6a5u55gxbdadQ,learn_relquest,0.0,"[6, 0]",14.0,3.021,1,1.0,341,third
Qey5hnzukc0bp6a5u55gxbdadQ,learn_relquest,1.0,"[7, 6]",15.0,2.81,0,1.0,342,third
Qey5hnzukc0bp6a5u55gxbdadQ,learn_relquest,1.0,"[6, 2]",16.0,1.896,0,1.0,343,third
Qey5hnzukc0bp6a5u55gxbdadQ,learn_relquest,0.0,"[4, 3]",17.0,1.917,1,1.0,344,third
Qey5hnzukc0bp6a5u55gxbdadQ,learn_relquest,0.0,"[3, 1]",18.0,2.236,1,1.0,345,third
Qey5hnzukc0bp6a5u55gxbdadQ,learn_relquest,1.0,"[3, 5]",19.0,1.863,0,1.0,346,third
Qey5hnzukc0bp6a5u55gxbdadQ,learn_relquest,1.0,"[1, 4]",20.0,1.903,0,1.0,347,third
Qey5hnzukc0bp6a5u55gxbdadQ,learn_relquest,0.0,"[6, 1]",21.0,1.827,1,1.0,348,third
Qey5hnzukc0bp6a5u55gxbdadQ,learn_relquest,0.0,"[1, 0]",22.0,4.991,1,1.0,349,third
Qey5hnzukc0bp6a5u55gxbdadQ,learn_relquest,0.0,"[4, 5]",23.0,4.733,1,1.0,350,third
Qey5hnzukc0bp6a5u55gxbdadQ,learn_relquest,0.0,"[0, 2]",24.0,2.166,1,1.0,351,third
Qey5hnzukc0bp6a5u55gxbdadQ,learn_relquest,1.0,"[7, 1]",25.0,2.999,0,1.0,352,third
Qey5hnzukc0bp6a5u55gxbdadQ,learn_relquest,1.0,"[7, 0]",26.0,1.447,0,1.0,353,third
Qey5hnzukc0bp6a5u55gxbdadQ,learn_relquest,1.0,"[4, 1]",27.0,1.443,0,1.0,354,third
Qey5hnzukc0bp6a5u55gxbdadQ,learn_relquest,1.0,"[4, 1]",0.0,5.869,1,0.0,441,fourth
Qey5hnzukc0bp6a5u55gxbdadQ,learn_relquest,1.0,"[0, 7]",1.0,2.627,0,1.0,442,fourth
Qey5hnzukc0bp6a5u55gxbdadQ,learn_relquest,1.0,"[6, 2]",2.0,1.727,0,1.0,443,fourth
Qey5hnzukc0bp6a5u55gxbdadQ,learn_relquest,1.0,"[3, 5]",3.0,1.446,0,1.0,444,fourth
Qey5hnzukc0bp6a5u55gxbdadQ,learn_relquest,1.0,"[6, 7]",4.0,5.84,0,1.0,445,fourth
Qey5hnzukc0bp6a5u55gxbdadQ,learn_relquest,1.0,"[5, 3]",5.0,4.474,0,1.0,446,fourth
Qey5hnzukc0bp6a5u55gxbdadQ,learn_relquest,1.0,"[2, 6]",6.0,3.268,0,1.0,447,fourth
Qey5hnzukc0bp6a5u55gxbdadQ,learn_relquest,1.0,"[5, 6]",7.0,5.643,0,1.0,448,fourth
Qey5hnzukc0bp6a5u55gxbdadQ,learn_relquest,0.0,"[4, 7]",8.0,4.845,1,1.0,449,fourth
Qey5hnzukc0bp6a5u55gxbdadQ,learn_relquest,0.0,"[2, 7]",9.0,3.375,1,1.0,450,fourth
Qey5hnzukc0bp6a5u55gxbdadQ,learn_relquest,1.0,"[7, 6]",10.0,2.24,0,1.0,451,fourth
Qey5hnzukc0bp6a5u55gxbdadQ,learn_relquest,1.0,"[1, 7]",11.0,3.367,0,1.0,452,fourth
Qey5hnzukc0bp6a5u55gxbdadQ,learn_relquest,0.0,"[1, 5]",12.0,2.102,1,1.0,453,fourth
Qey5hnzukc0bp6a5u55gxbdadQ,learn_relquest,0.0,"[7, 3]",13.0,2.591,1,1.0,454,fourth
Qey5hnzukc0bp6a5u55gxbdadQ,learn_relquest,0.0,"[0, 6]",14.0,3.15,1,1.0,455,fourth
Qey5hnzukc0bp6a5u55gxbdadQ,learn_relquest,1.0,"[7, 0]",15.0,1.723,0,1.0,456,fourth
Qey5hnzukc0bp6a5u55gxbdadQ,learn_relquest,0.0,"[7, 5]",16.0,4.639,1,1.0,457,fourth
Qey5hnzukc0bp6a5u55gxbdadQ,learn_relquest,0.0,"[1, 0]",17.0,1.619,1,1.0,458,fourth
Qey5hnzukc0bp6a5u55gxbdadQ,learn_relquest,0.0,"[7, 2]",18.0,2.436,1,1.0,459,fourth
Qey5hnzukc0bp6a5u55gxbdadQ,learn_relquest,0.0,"[2, 0]",19.0,2.69,1,1.0,460,fourth
Qey5hnzukc0bp6a5u55gxbdadQ,learn_relquest,0.0,"[1, 6]",20.0,2.056,1,1.0,461,fourth
Qey5hnzukc0bp6a5u55gxbdadQ,learn_relquest,0.0,"[0, 2]",21.0,2.533,1,1.0,462,fourth
Qey5hnzukc0bp6a5u55gxbdadQ,learn_relquest,0.0,"[5, 0]",22.0,2.9,1,1.0,463,fourth
Qey5hnzukc0bp6a5u55gxbdadQ,learn_relquest,0.0,"[5, 2]",23.0,2.165,1,1.0,464,fourth
Qey5hnzukc0bp6a5u55gxbdadQ,learn_relquest,0.0,"[3, 1]",25.0,2.207,1,1.0,466,fourth
Qey5hnzukc0bp6a5u55gxbdadQ,learn_relquest,1.0,"[6, 5]",26.0,3.589,0,1.0,467,fourth
Qey5hnzukc0bp6a5u55gxbdadQ,learn_relquest,1.0,"[1, 4]",27.0,2.553,0,1.0,468,fourth
Qey5hnzukc0bp6a5u55gxbdadQ,learn_relquest,1.0,"[5, 6]",0.0,4.143,0,1.0,555,fifth
Qey5hnzukc0bp6a5u55gxbdadQ,learn_relquest,0.0,"[2, 3]",1.0,1.435,1,1.0,556,fifth
Qey5hnzukc0bp6a5u55gxbdadQ,learn_relquest,0.0,"[4, 3]",2.0,1.361,1,1.0,557,fifth
Qey5hnzukc0bp6a5u55gxbdadQ,learn_relquest,1.0,"[0, 7]",3.0,2.991,0,1.0,558,fifth
Qey5hnzukc0bp6a5u55gxbdadQ,learn_relquest,1.0,"[4, 1]",4.0,1.531,0,1.0,559,fifth
Qey5hnzukc0bp6a5u55gxbdadQ,learn_relquest,1.0,"[7, 0]",5.0,1.829,0,1.0,560,fifth
Qey5hnzukc0bp6a5u55gxbdadQ,learn_relquest,1.0,"[2, 6]",6.0,2.589,0,1.0,561,fifth
Qey5hnzukc0bp6a5u55gxbdadQ,learn_relquest,0.0,"[3, 2]",7.0,1.39,1,1.0,562,fifth
Qey5hnzukc0bp6a5u55gxbdadQ,learn_relquest,0.0,"[7, 5]",8.0,3.024,1,1.0,563,fifth
Qey5hnzukc0bp6a5u55gxbdadQ,learn_relquest,1.0,"[7, 1]",9.0,2.879,0,1.0,564,fifth
Qey5hnzukc0bp6a5u55gxbdadQ,learn_relquest,1.0,"[7, 6]",10.0,1.711,0,1.0,565,fifth
Qey5hnzukc0bp6a5u55gxbdadQ,learn_relquest,1.0,"[3, 5]",11.0,1.207,0,1.0,566,fifth
Qey5hnzukc0bp6a5u55gxbdadQ,learn_relquest,1.0,"[6, 2]",12.0,1.358,0,1.0,567,fifth
Qey5hnzukc0bp6a5u55gxbdadQ,learn_relquest,0.0,"[4, 7]",13.0,7.227,1,1.0,568,fifth
Qey5hnzukc0bp6a5u55gxbdadQ,learn_relquest,0.0,"[1, 2]",14.0,1.696,1,1.0,569,fifth
Qey5hnzukc0bp6a5u55gxbdadQ,learn_relquest,0.0,"[2, 4]",15.0,2.152,1,1.0,570,fifth
Qey5hnzukc0bp6a5u55gxbdadQ,learn_relquest,1.0,"[1, 4]",16.0,2.4,0,1.0,571,fifth
Qey5hnzukc0bp6a5u55gxbdadQ,learn_relquest,1.0,"[1, 7]",17.0,1.676,0,1.0,572,fifth
Qey5hnzukc0bp6a5u55gxbdadQ,learn_relquest,1.0,"[5, 3]",18.0,1.26,0,1.0,573,fifth
Qey5hnzukc0bp6a5u55gxbdadQ,learn_relquest,1.0,"[6, 7]",19.0,1.257,0,1.0,574,fifth
Qey5hnzukc0bp6a5u55gxbdadQ,learn_relquest,0.0,"[1, 0]",20.0,1.937,1,1.0,575,fifth
Qey5hnzukc0bp6a5u55gxbdadQ,learn_relquest,0.0,"[3, 6]",21.0,1.842,1,1.0,576,fifth
Qey5hnzukc0bp6a5u55gxbdadQ,learn_relquest,0.0,"[5, 1]",22.0,1.807,1,1.0,577,fifth
Qey5hnzukc0bp6a5u55gxbdadQ,learn_relquest,0.0,"[2, 5]",23.0,2.007,1,1.0,578,fifth
Qey5hnzukc0bp6a5u55gxbdadQ,learn_relquest,0.0,"[7, 3]",24.0,2.06,1,1.0,579,fifth
Qey5hnzukc0bp6a5u55gxbdadQ,learn_relquest,1.0,"[6, 5]",25.0,3.734,0,1.0,580,fifth
Qey5hnzukc0bp6a5u55gxbdadQ,learn_relquest,0.0,"[0, 4]",26.0,2.037,1,1.0,581,fifth
Qey5hnzukc0bp6a5u55gxbdadQ,learn_relquest,0.0,"[2, 1]",27.0,2.064,1,1.0,582,fifth
Qe0hd2tc3vh2qb9z2m1bnaafxQ,learn_relquest,1.0,"[6, 7]",0.0,3.439,0,1.0,99,first
Qe0hd2tc3vh2qb9z2m1bnaafxQ,learn_relquest,0.0,"[0, 5]",1.0,1.799,0,0.0,100,first
Qe0hd2tc3vh2qb9z2m1bnaafxQ,learn_relquest,0.0,"[0, 1]",2.0,3.67,0,0.0,101,first
Qe0hd2tc3vh2qb9z2m1bnaafxQ,learn_relquest,0.0,"[7, 3]",3.0,2.192,0,0.0,102,first
Qe0hd2tc3vh2qb9z2m1bnaafxQ,learn_relquest,1.0,"[3, 5]",4.0,4.519,1,0.0,103,first
Qe0hd2tc3vh2qb9z2m1bnaafxQ,learn_relquest,0.0,"[3, 4]",5.0,1.607,1,1.0,104,first
Qe0hd2tc3vh2qb9z2m1bnaafxQ,learn_relquest,1.0,"[0, 7]",6.0,1.816,1,0.0,105,first
Qe0hd2tc3vh2qb9z2m1bnaafxQ,learn_relquest,0.0,"[3, 2]",7.0,3.081,1,1.0,106,first
Qe0hd2tc3vh2qb9z2m1bnaafxQ,learn_relquest,0.0,"[4, 3]",8.0,1.283,0,0.0,107,first
Qe0hd2tc3vh2qb9z2m1bnaafxQ,learn_relquest,1.0,"[7, 1]",9.0,1.319,0,1.0,108,first
Qe0hd2tc3vh2qb9z2m1bnaafxQ,learn_relquest,1.0,"[4, 1]",10.0,1.959,0,1.0,109,first
Qe0hd2tc3vh2qb9z2m1bnaafxQ,learn_relquest,0.0,"[1, 5]",11.0,2.519,1,1.0,110,first
Qe0hd2tc3vh2qb9z2m1bnaafxQ,learn_relquest,1.0,"[1, 7]",12.0,1.409,0,1.0,111,first
Qe0hd2tc3vh2qb9z2m1bnaafxQ,learn_relquest,0.0,"[3, 7]",13.0,1.415,1,1.0,112,first
Qe0hd2tc3vh2qb9z2m1bnaafxQ,learn_relquest,0.0,"[6, 0]",14.0,1.246,1,1.0,113,first
Qe0hd2tc3vh2qb9z2m1bnaafxQ,learn_relquest,0.0,"[2, 0]",15.0,0.934,1,1.0,114,first
Qe0hd2tc3vh2qb9z2m1bnaafxQ,learn_relquest,1.0,"[7, 6]",16.0,0.911,0,1.0,115,first
Qe0hd2tc3vh2qb9z2m1bnaafxQ,learn_relquest,1.0,"[1, 4]",17.0,4.287,1,0.0,116,first
Qe0hd2tc3vh2qb9z2m1bnaafxQ,learn_relquest,1.0,"[5, 3]",18.0,0.83,1,0.0,117,first
Qe0hd2tc3vh2qb9z2m1bnaafxQ,learn_relquest,0.0,"[6, 3]",19.0,2.035,1,1.0,118,first
Qe0hd2tc3vh2qb9z2m1bnaafxQ,learn_relquest,1.0,"[7, 0]",20.0,1.391,0,1.0,119,first
Qe0hd2tc3vh2qb9z2m1bnaafxQ,learn_relquest,0.0,"[1, 6]",21.0,0.998,0,0.0,120,first
Qe0hd2tc3vh2qb9z2m1bnaafxQ,learn_relquest,0.0,"[0, 4]",22.0,1.335,0,0.0,121,first
Qe0hd2tc3vh2qb9z2m1bnaafxQ,learn_relquest,1.0,"[6, 2]",23.0,17.491,0,1.0,122,first
Qe0hd2tc3vh2qb9z2m1bnaafxQ,learn_relquest,0.0,"[3, 1]",24.0,0.897,1,1.0,123,first
Qe0hd2tc3vh2qb9z2m1bnaafxQ,learn_relquest,1.0,"[6, 5]",25.0,0.544,0,1.0,124,first
Qe0hd2tc3vh2qb9z2m1bnaafxQ,learn_relquest,1.0,"[2, 6]",26.0,1.896,0,1.0,125,first
Qe0hd2tc3vh2qb9z2m1bnaafxQ,learn_relquest,1.0,"[5, 6]",27.0,1.687,0,1.0,126,first
Qe0hd2tc3vh2qb9z2m1bnaafxQ,learn_relquest,1.0,"[7, 0]",0.0,2.972,0,1.0,213,second
Qe0hd2tc3vh2qb9z2m1bnaafxQ,learn_relquest,0.0,"[6, 1]",1.0,1.63,0,0.0,214,second
Qe0hd2tc3vh2qb9z2m1bnaafxQ,learn_relquest,0.0,"[3, 6]",2.0,1.351,0,0.0,215,second
Qe0hd2tc3vh2qb9z2m1bnaafxQ,learn_relquest,0.0,"[6, 4]",3.0,2.733,1,1.0,216,second
Qe0hd2tc3vh2qb9z2m1bnaafxQ,learn_relquest,0.0,"[0, 5]",4.0,1.823,1,1.0,217,second
Qe0hd2tc3vh2qb9z2m1bnaafxQ,learn_relquest,1.0,"[7, 6]",5.0,0.878,0,1.0,218,second
Qe0hd2tc3vh2qb9z2m1bnaafxQ,learn_relquest,1.0,"[4, 1]",6.0,1.25,0,1.0,219,second
Qe0hd2tc3vh2qb9z2m1bnaafxQ,learn_relquest,1.0,"[5, 3]",7.0,0.95,0,1.0,220,second
Qe0hd2tc3vh2qb9z2m1bnaafxQ,learn_relquest,0.0,"[0, 2]",8.0,0.837,0,0.0,221,second
Qe0hd2tc3vh2qb9z2m1bnaafxQ,learn_relquest,0.0,"[2, 0]",9.0,1.454,0,0.0,222,second
Qe0hd2tc3vh2qb9z2m1bnaafxQ,learn_relquest,1.0,"[3, 5]",10.0,1.201,0,1.0,223,second
Qe0hd2tc3vh2qb9z2m1bnaafxQ,learn_relquest,1.0,"[2, 6]",11.0,1.913,1,0.0,224,second
Qe0hd2tc3vh2qb9z2m1bnaafxQ,learn_relquest,0.0,"[4, 2]",12.0,1.022,0,0.0,225,second
Qe0hd2tc3vh2qb9z2m1bnaafxQ,learn_relquest,0.0,"[5, 4]",13.0,1.72,1,1.0,226,second
Qe0hd2tc3vh2qb9z2m1bnaafxQ,learn_relquest,1.0,"[6, 7]",14.0,0.68,0,1.0,227,second
Qe0hd2tc3vh2qb9z2m1bnaafxQ,learn_relquest,0.0,"[1, 0]",15.0,0.838,0,0.0,228,second
Qe0hd2tc3vh2qb9z2m1bnaafxQ,learn_relquest,0.0,"[3, 7]",16.0,2.145,1,1.0,229,second
Qe0hd2tc3vh2qb9z2m1bnaafxQ,learn_relquest,1.0,"[5, 6]",17.0,1.035,0,1.0,230,second
Qe0hd2tc3vh2qb9z2m1bnaafxQ,learn_relquest,1.0,"[1, 4]",18.0,1.502,0,1.0,231,second
Qe0hd2tc3vh2qb9z2m1bnaafxQ,learn_relquest,1.0,"[0, 7]",19.0,1.061,0,1.0,232,second
Qe0hd2tc3vh2qb9z2m1bnaafxQ,learn_relquest,0.0,"[3, 2]",20.0,1.104,1,1.0,233,second
Qe0hd2tc3vh2qb9z2m1bnaafxQ,learn_relquest,1.0,"[6, 5]",21.0,0.623,0,1.0,234,second
Qe0hd2tc3vh2qb9z2m1bnaafxQ,learn_relquest,1.0,"[1, 7]",22.0,2.92,0,1.0,235,second
Qe0hd2tc3vh2qb9z2m1bnaafxQ,learn_relquest,0.0,"[4, 3]",23.0,1.335,1,1.0,236,second
Qe0hd2tc3vh2qb9z2m1bnaafxQ,learn_relquest,0.0,"[7, 4]",24.0,2.739,0,0.0,237,second
Qe0hd2tc3vh2qb9z2m1bnaafxQ,learn_relquest,1.0,"[6, 2]",25.0,0.575,0,1.0,238,second
Qe0hd2tc3vh2qb9z2m1bnaafxQ,learn_relquest,1.0,"[7, 1]",26.0,0.628,1,0.0,239,second
Qe0hd2tc3vh2qb9z2m1bnaafxQ,learn_relquest,0.0,"[0, 1]",27.0,0.831,0,0.0,240,second
Qe0hd2tc3vh2qb9z2m1bnaafxQ,learn_relquest,1.0,"[6, 5]",0.0,1.815,0,1.0,327,third
Qe0hd2tc3vh2qb9z2m1bnaafxQ,learn_relquest,1.0,"[1, 7]",1.0,0.846,0,1.0,328,third
Qe0hd2tc3vh2qb9z2m1bnaafxQ,learn_relquest,1.0,"[2, 6]",2.0,1.518,0,1.0,329,third
Qe0hd2tc3vh2qb9z2m1bnaafxQ,learn_relquest,0.0,"[2, 4]",3.0,0.95,0,0.0,330,third
Qe0hd2tc3vh2qb9z2m1bnaafxQ,learn_relquest,0.0,"[1, 5]",4.0,1.551,1,1.0,331,third
Qe0hd2tc3vh2qb9z2m1bnaafxQ,learn_relquest,0.0,"[1, 6]",5.0,1.129,0,0.0,332,third
Qe0hd2tc3vh2qb9z2m1bnaafxQ,learn_relquest,1.0,"[6, 2]",6.0,0.958,0,1.0,333,third
Qe0hd2tc3vh2qb9z2m1bnaafxQ,learn_relquest,0.0,"[0, 4]",7.0,1.392,1,1.0,334,third
Qe0hd2tc3vh2qb9z2m1bnaafxQ,learn_relquest,1.0,"[7, 1]",8.0,1.261,0,1.0,335,third
Qe0hd2tc3vh2qb9z2m1bnaafxQ,learn_relquest,0.0,"[0, 6]",9.0,0.938,0,0.0,336,third
Qe0hd2tc3vh2qb9z2m1bnaafxQ,learn_relquest,0.0,"[3, 0]",10.0,1.647,0,0.0,337,third
Qe0hd2tc3vh2qb9z2m1bnaafxQ,learn_relquest,0.0,"[7, 5]",11.0,0.837,0,0.0,338,third
Qe0hd2tc3vh2qb9z2m1bnaafxQ,learn_relquest,1.0,"[0, 7]",12.0,0.862,0,1.0,339,third
Qe0hd2tc3vh2qb9z2m1bnaafxQ,learn_relquest,1.0,"[5, 3]",13.0,0.82,1,0.0,340,third
Qe0hd2tc3vh2qb9z2m1bnaafxQ,learn_relquest,1.0,"[3, 5]",14.0,0.89,1,0.0,341,third
Qe0hd2tc3vh2qb9z2m1bnaafxQ,learn_relquest,1.0,"[1, 4]",15.0,0.575,0,1.0,342,third
Qe0hd2tc3vh2qb9z2m1bnaafxQ,learn_relquest,1.0,"[5, 6]",16.0,0.701,0,1.0,343,third
Qe0hd2tc3vh2qb9z2m1bnaafxQ,learn_relquest,0.0,"[4, 6]",17.0,2.023,0,0.0,344,third
Qe0hd2tc3vh2qb9z2m1bnaafxQ,learn_relquest,0.0,"[3, 1]",18.0,0.876,0,0.0,345,third
Qe0hd2tc3vh2qb9z2m1bnaafxQ,learn_relquest,0.0,"[4, 2]",19.0,0.856,0,0.0,346,third
Qe0hd2tc3vh2qb9z2m1bnaafxQ,learn_relquest,1.0,"[7, 0]",20.0,0.734,0,1.0,347,third
Qe0hd2tc3vh2qb9z2m1bnaafxQ,learn_relquest,0.0,"[5, 2]",21.0,1.751,0,0.0,348,third
Qe0hd2tc3vh2qb9z2m1bnaafxQ,learn_relquest,1.0,"[4, 1]",22.0,0.965,0,1.0,349,third
Qe0hd2tc3vh2qb9z2m1bnaafxQ,learn_relquest,1.0,"[6, 7]",23.0,0.815,0,1.0,350,third
Qe0hd2tc3vh2qb9z2m1bnaafxQ,learn_relquest,0.0,"[4, 7]",24.0,0.53,1,1.0,351,third
Qe0hd2tc3vh2qb9z2m1bnaafxQ,learn_relquest,0.0,"[2, 1]",25.0,0.42,0,0.0,352,third
Qe0hd2tc3vh2qb9z2m1bnaafxQ,learn_relquest,1.0,"[7, 6]",26.0,0.685,1,0.0,353,third
Qe0hd2tc3vh2qb9z2m1bnaafxQ,learn_relquest,0.0,"[7, 4]",27.0,0.878,0,0.0,354,third
Q3z17elg6xn5l0xwgak6825edQ,learn_relquest,1.0,"[4, 1]",0.0,8.438,0,1.0,99,first
Q3z17elg6xn5l0xwgak6825edQ,learn_relquest,1.0,"[2, 6]",1.0,2.848,0,1.0,100,first
Q3z17elg6xn5l0xwgak6825edQ,learn_relquest,1.0,"[7, 0]",2.0,1.369,0,1.0,101,first
Q3z17elg6xn5l0xwgak6825edQ,learn_relquest,0.0,"[0, 5]",3.0,2.593,0,0.0,102,first
Q3z17elg6xn5l0xwgak6825edQ,learn_relquest,0.0,"[2, 4]",4.0,2.324,0,0.0,103,first
Q3z17elg6xn5l0xwgak6825edQ,learn_relquest,1.0,"[7, 6]",5.0,1.378,0,1.0,104,first
Q3z17elg6xn5l0xwgak6825edQ,learn_relquest,0.0,"[2, 1]",6.0,1.468,0,0.0,105,first
Q3z17elg6xn5l0xwgak6825edQ,learn_relquest,1.0,"[6, 7]",7.0,1.678,0,1.0,106,first
Q3z17elg6xn5l0xwgak6825edQ,learn_relquest,1.0,"[6, 5]",8.0,1.775,0,1.0,107,first
Q3z17elg6xn5l0xwgak6825edQ,learn_relquest,1.0,"[0, 7]",9.0,3.447,0,1.0,108,first
Q3z17elg6xn5l0xwgak6825edQ,learn_relquest,0.0,"[0, 2]",10.0,2.185,0,0.0,109,first
Q3z17elg6xn5l0xwgak6825edQ,learn_relquest,1.0,"[5, 3]",11.0,1.985,0,1.0,110,first
Q3z17elg6xn5l0xwgak6825edQ,learn_relquest,1.0,"[1, 7]",12.0,1.521,0,1.0,111,first
Q3z17elg6xn5l0xwgak6825edQ,learn_relquest,0.0,"[5, 2]",13.0,8.95,0,0.0,112,first
Q3z17elg6xn5l0xwgak6825edQ,learn_relquest,1.0,"[1, 4]",14.0,3.319,0,1.0,113,first
Q3z17elg6xn5l0xwgak6825edQ,learn_relquest,0.0,"[1, 3]",15.0,3.338,0,0.0,114,first
Q3z17elg6xn5l0xwgak6825edQ,learn_relquest,0.0,"[1, 5]",16.0,11.574,0,0.0,115,first
Q3z17elg6xn5l0xwgak6825edQ,learn_relquest,1.0,"[6, 2]",17.0,2.692,0,1.0,116,first
Q3z17elg6xn5l0xwgak6825edQ,learn_relquest,0.0,"[3, 6]",18.0,12.313,0,0.0,117,first
Q3z17elg6xn5l0xwgak6825edQ,learn_relquest,0.0,"[4, 0]",19.0,6.212,0,0.0,118,first
Q3z17elg6xn5l0xwgak6825edQ,learn_relquest,0.0,"[2, 3]",20.0,5.863,0,0.0,119,first
Q3z17elg6xn5l0xwgak6825edQ,learn_relquest,1.0,"[7, 1]",21.0,2.689,0,1.0,120,first
Q3z17elg6xn5l0xwgak6825edQ,learn_relquest,1.0,"[5, 6]",22.0,6.362,0,1.0,121,first
Q3z17elg6xn5l0xwgak6825edQ,learn_relquest,0.0,"[5, 1]",23.0,3.013,0,0.0,122,first
Q3z17elg6xn5l0xwgak6825edQ,learn_relquest,1.0,"[3, 5]",24.0,1.561,0,1.0,123,first
Q3z17elg6xn5l0xwgak6825edQ,learn_relquest,0.0,"[0, 6]",25.0,2.581,0,0.0,124,first
Q3z17elg6xn5l0xwgak6825edQ,learn_relquest,0.0,"[3, 2]",26.0,2.412,0,0.0,125,first
Q3z17elg6xn5l0xwgak6825edQ,learn_relquest,0.0,"[3, 7]",27.0,2.278,0,0.0,126,first
Q3z17elg6xn5l0xwgak6825edQ,learn_relquest,1.0,"[3, 5]",0.0,7.186,0,1.0,213,second
Q3z17elg6xn5l0xwgak6825edQ,learn_relquest,0.0,"[4, 5]",1.0,1.972,1,1.0,214,second
Q3z17elg6xn5l0xwgak6825edQ,learn_relquest,0.0,"[3, 0]",2.0,2.74,1,1.0,215,second
Q3z17elg6xn5l0xwgak6825edQ,learn_relquest,0.0,"[4, 0]",3.0,3.733,1,1.0,216,second
Q3z17elg6xn5l0xwgak6825edQ,learn_relquest,1.0,"[6, 7]",4.0,1.698,0,1.0,217,second
Q3z17elg6xn5l0xwgak6825edQ,learn_relquest,1.0,"[1, 7]",5.0,1.626,0,1.0,218,second
Q3z17elg6xn5l0xwgak6825edQ,learn_relquest,1.0,"[5, 6]",6.0,1.707,0,1.0,219,second
Q3z17elg6xn5l0xwgak6825edQ,learn_relquest,0.0,"[5, 4]",7.0,2.667,0,0.0,220,second
Q3z17elg6xn5l0xwgak6825edQ,learn_relquest,1.0,"[0, 7]",8.0,3.15,1,0.0,221,second
Q3z17elg6xn5l0xwgak6825edQ,learn_relquest,0.0,"[3, 6]",9.0,1.849,0,0.0,222,second
Q3z17elg6xn5l0xwgak6825edQ,learn_relquest,0.0,"[7, 4]",10.0,1.735,0,0.0,223,second
Q3z17elg6xn5l0xwgak6825edQ,learn_relquest,0.0,"[0, 4]",11.0,1.584,0,0.0,224,second
Q3z17elg6xn5l0xwgak6825edQ,learn_relquest,0.0,"[0, 6]",12.0,1.293,0,0.0,225,second
Q3z17elg6xn5l0xwgak6825edQ,learn_relquest,1.0,"[6, 5]",13.0,1.651,0,1.0,226,second
Q3z17elg6xn5l0xwgak6825edQ,learn_relquest,0.0,"[7, 3]",14.0,2.497,1,1.0,227,second
Q3z17elg6xn5l0xwgak6825edQ,learn_relquest,1.0,"[5, 3]",15.0,1.647,0,1.0,228,second
Q3z17elg6xn5l0xwgak6825edQ,learn_relquest,0.0,"[1, 6]",16.0,1.878,0,0.0,229,second
Q3z17elg6xn5l0xwgak6825edQ,learn_relquest,1.0,"[7, 6]",17.0,1.568,0,1.0,230,second
Q3z17elg6xn5l0xwgak6825edQ,learn_relquest,0.0,"[5, 0]",18.0,3.0,1,1.0,231,second
Q3z17elg6xn5l0xwgak6825edQ,learn_relquest,1.0,"[1, 4]",19.0,2.551,0,1.0,232,second
Q3z17elg6xn5l0xwgak6825edQ,learn_relquest,1.0,"[7, 1]",20.0,1.825,0,1.0,233,second
Q3z17elg6xn5l0xwgak6825edQ,learn_relquest,1.0,"[7, 0]",21.0,1.449,0,1.0,234,second
Q3z17elg6xn5l0xwgak6825edQ,learn_relquest,0.0,"[4, 3]",22.0,4.73,1,1.0,235,second
Q3z17elg6xn5l0xwgak6825edQ,learn_relquest,1.0,"[4, 1]",23.0,3.124,0,1.0,236,second
Q3z17elg6xn5l0xwgak6825edQ,learn_relquest,0.0,"[0, 1]",24.0,3.285,0,0.0,237,second
Q3z17elg6xn5l0xwgak6825edQ,learn_relquest,1.0,"[6, 2]",25.0,1.673,0,1.0,238,second
Q3z17elg6xn5l0xwgak6825edQ,learn_relquest,0.0,"[4, 2]",26.0,1.56,0,0.0,239,second
Q3z17elg6xn5l0xwgak6825edQ,learn_relquest,1.0,"[2, 6]",27.0,1.467,0,1.0,240,second
Q3z17elg6xn5l0xwgak6825edQ,learn_relquest,1.0,"[3, 5]",0.0,3.772,0,1.0,327,third
Q3z17elg6xn5l0xwgak6825edQ,learn_relquest,1.0,"[5, 6]",1.0,1.702,0,1.0,328,third
Q3z17elg6xn5l0xwgak6825edQ,learn_relquest,1.0,"[5, 3]",2.0,1.92,0,1.0,329,third
Q3z17elg6xn5l0xwgak6825edQ,learn_relquest,0.0,"[2, 3]",3.0,1.98,1,1.0,330,third
Q3z17elg6xn5l0xwgak6825edQ,learn_relquest,1.0,"[0, 7]",4.0,3.708,0,1.0,331,third
Q3z17elg6xn5l0xwgak6825edQ,learn_relquest,0.0,"[1, 6]",5.0,3.636,1,1.0,332,third
Q3z17elg6xn5l0xwgak6825edQ,learn_relquest,1.0,"[2, 6]",6.0,1.75,0,1.0,333,third
Q3z17elg6xn5l0xwgak6825edQ,learn_relquest,0.0,"[7, 5]",7.0,2.353,1,1.0,334,third
Q3z17elg6xn5l0xwgak6825edQ,learn_relquest,0.0,"[4, 7]",8.0,2.762,0,0.0,335,third
Q3z17elg6xn5l0xwgak6825edQ,learn_relquest,1.0,"[4, 1]",9.0,3.459,1,0.0,336,third
Q3z17elg6xn5l0xwgak6825edQ,learn_relquest,0.0,"[4, 2]",10.0,4.022,0,0.0,337,third
Q3z17elg6xn5l0xwgak6825edQ,learn_relquest,1.0,"[6, 2]",11.0,1.129,0,1.0,338,third
Q3z17elg6xn5l0xwgak6825edQ,learn_relquest,0.0,"[0, 3]",12.0,1.912,1,1.0,339,third
Q3z17elg6xn5l0xwgak6825edQ,learn_relquest,1.0,"[6, 7]",13.0,3.072,1,0.0,340,third
Q3z17elg6xn5l0xwgak6825edQ,learn_relquest,0.0,"[3, 7]",14.0,1.517,1,1.0,341,third
Q3z17elg6xn5l0xwgak6825edQ,learn_relquest,0.0,"[0, 1]",15.0,2.187,0,0.0,342,third
Q3z17elg6xn5l0xwgak6825edQ,learn_relquest,0.0,"[5, 1]",16.0,1.98,1,1.0,343,third
Q3z17elg6xn5l0xwgak6825edQ,learn_relquest,1.0,"[7, 0]",17.0,2.197,1,0.0,344,third
Q3z17elg6xn5l0xwgak6825edQ,learn_relquest,1.0,"[1, 4]",18.0,3.913,1,0.0,345,third
Q3z17elg6xn5l0xwgak6825edQ,learn_relquest,0.0,"[5, 4]",19.0,2.169,0,0.0,346,third
Q3z17elg6xn5l0xwgak6825edQ,learn_relquest,0.0,"[2, 7]",20.0,2.171,1,1.0,347,third
Q3z17elg6xn5l0xwgak6825edQ,learn_relquest,1.0,"[7, 6]",21.0,2.585,1,0.0,348,third
Q3z17elg6xn5l0xwgak6825edQ,learn_relquest,0.0,"[7, 4]",22.0,1.626,1,1.0,349,third
Q3z17elg6xn5l0xwgak6825edQ,learn_relquest,1.0,"[7, 1]",23.0,2.305,0,1.0,350,third
Q3z17elg6xn5l0xwgak6825edQ,learn_relquest,1.0,"[1, 7]",24.0,2.081,0,1.0,351,third
Q3z17elg6xn5l0xwgak6825edQ,learn_relquest,0.0,"[1, 5]",25.0,2.729,1,1.0,352,third
Q3z17elg6xn5l0xwgak6825edQ,learn_relquest,0.0,"[2, 5]",26.0,2.139,1,1.0,353,third
Q3z17elg6xn5l0xwgak6825edQ,learn_relquest,1.0,"[6, 5]",27.0,2.185,0,1.0,354,third
Q3z17elg6xn5l0xwgak6825edQ,learn_relquest,1.0,"[1, 4]",0.0,3.459,1,0.0,441,fourth
Q3z17elg6xn5l0xwgak6825edQ,learn_relquest,1.0,"[0, 7]",1.0,3.302,0,1.0,442,fourth
Q3z17elg6xn5l0xwgak6825edQ,learn_relquest,0.0,"[6, 3]",2.0,2.062,0,0.0,443,fourth
Q3z17elg6xn5l0xwgak6825edQ,learn_relquest,1.0,"[6, 2]",3.0,2.186,0,1.0,444,fourth
Q3z17elg6xn5l0xwgak6825edQ,learn_relquest,1.0,"[2, 6]",4.0,1.995,0,1.0,445,fourth
Q3z17elg6xn5l0xwgak6825edQ,learn_relquest,1.0,"[7, 0]",5.0,5.314,0,1.0,446,fourth
Q3z17elg6xn5l0xwgak6825edQ,learn_relquest,1.0,"[3, 5]",6.0,1.467,0,1.0,447,fourth
Q3z17elg6xn5l0xwgak6825edQ,learn_relquest,1.0,"[6, 7]",7.0,2.113,0,1.0,448,fourth
Q3z17elg6xn5l0xwgak6825edQ,learn_relquest,1.0,"[1, 7]",8.0,3.371,0,1.0,449,fourth
Q3z17elg6xn5l0xwgak6825edQ,learn_relquest,1.0,"[7, 1]",9.0,5.033,0,1.0,450,fourth
Q3z17elg6xn5l0xwgak6825edQ,learn_relquest,0.0,"[5, 1]",10.0,2.546,1,1.0,451,fourth
Q3z17elg6xn5l0xwgak6825edQ,learn_relquest,0.0,"[1, 5]",11.0,1.61,1,1.0,452,fourth
Q3z17elg6xn5l0xwgak6825edQ,learn_relquest,1.0,"[5, 6]",12.0,1.756,0,1.0,453,fourth
Q3z17elg6xn5l0xwgak6825edQ,learn_relquest,1.0,"[7, 6]",13.0,1.705,0,1.0,454,fourth
Q3z17elg6xn5l0xwgak6825edQ,learn_relquest,0.0,"[1, 2]",14.0,1.998,1,1.0,455,fourth
Q3z17elg6xn5l0xwgak6825edQ,learn_relquest,0.0,"[7, 4]",15.0,2.257,0,0.0,456,fourth
Q3z17elg6xn5l0xwgak6825edQ,learn_relquest,0.0,"[3, 0]",16.0,2.082,1,1.0,457,fourth
Q3z17elg6xn5l0xwgak6825edQ,learn_relquest,0.0,"[3, 6]",17.0,2.58,0,0.0,458,fourth
Q3z17elg6xn5l0xwgak6825edQ,learn_relquest,1.0,"[4, 1]",18.0,2.808,0,1.0,459,fourth
Q3z17elg6xn5l0xwgak6825edQ,learn_relquest,1.0,"[6, 5]",19.0,2.923,0,1.0,460,fourth
Q3z17elg6xn5l0xwgak6825edQ,learn_relquest,0.0,"[4, 0]",20.0,3.187,1,1.0,461,fourth
Q3z17elg6xn5l0xwgak6825edQ,learn_relquest,0.0,"[5, 2]",21.0,1.669,1,1.0,462,fourth
Q3z17elg6xn5l0xwgak6825edQ,learn_relquest,0.0,"[2, 5]",22.0,1.975,1,1.0,463,fourth
Q3z17elg6xn5l0xwgak6825edQ,learn_relquest,1.0,"[5, 3]",23.0,2.19,0,1.0,464,fourth
Q3z17elg6xn5l0xwgak6825edQ,learn_relquest,0.0,"[2, 3]",24.0,1.834,1,1.0,465,fourth
Q3z17elg6xn5l0xwgak6825edQ,learn_relquest,0.0,"[5, 7]",25.0,2.193,1,1.0,466,fourth
Q3z17elg6xn5l0xwgak6825edQ,learn_relquest,0.0,"[4, 2]",26.0,2.161,1,1.0,467,fourth
Q3z17elg6xn5l0xwgak6825edQ,learn_relquest,0.0,"[4, 7]",27.0,2.266,0,0.0,468,fourth
Q3z17elg6xn5l0xwgak6825edQ,learn_relquest,0.0,"[7, 2]",0.0,3.024,1,1.0,555,fifth
Q3z17elg6xn5l0xwgak6825edQ,learn_relquest,0.0,"[6, 4]",1.0,1.645,1,1.0,556,fifth
Q3z17elg6xn5l0xwgak6825edQ,learn_relquest,1.0,"[6, 7]",2.0,2.783,0,1.0,557,fifth
Q3z17elg6xn5l0xwgak6825edQ,learn_relquest,1.0,"[0, 7]",3.0,2.541,1,0.0,558,fifth
Q3z17elg6xn5l0xwgak6825edQ,learn_relquest,1.0,"[6, 5]",4.0,4.706,1,0.0,559,fifth
Q3z17elg6xn5l0xwgak6825edQ,learn_relquest,0.0,"[1, 0]",5.0,2.234,0,0.0,560,fifth
Q3z17elg6xn5l0xwgak6825edQ,learn_relquest,0.0,"[4, 7]",6.0,6.559,1,1.0,561,fifth
Q3z17elg6xn5l0xwgak6825edQ,learn_relquest,0.0,"[0, 2]",7.0,1.686,1,1.0,562,fifth
Q3z17elg6xn5l0xwgak6825edQ,learn_relquest,0.0,"[3, 7]",8.0,1.65,1,1.0,563,fifth
Q3z17elg6xn5l0xwgak6825edQ,learn_relquest,1.0,"[7, 6]",9.0,1.876,0,1.0,564,fifth
Q3z17elg6xn5l0xwgak6825edQ,learn_relquest,1.0,"[1, 7]",10.0,2.343,0,1.0,565,fifth
Q3z17elg6xn5l0xwgak6825edQ,learn_relquest,0.0,"[2, 4]",11.0,2.777,1,1.0,566,fifth
Q3z17elg6xn5l0xwgak6825edQ,learn_relquest,1.0,"[5, 3]",12.0,1.848,0,1.0,567,fifth
Q3z17elg6xn5l0xwgak6825edQ,learn_relquest,0.0,"[1, 6]",13.0,5.761,1,1.0,568,fifth
Q3z17elg6xn5l0xwgak6825edQ,learn_relquest,1.0,"[6, 2]",14.0,1.849,0,1.0,569,fifth
Q3z17elg6xn5l0xwgak6825edQ,learn_relquest,1.0,"[7, 1]",15.0,1.889,0,1.0,570,fifth
Q3z17elg6xn5l0xwgak6825edQ,learn_relquest,1.0,"[5, 6]",16.0,1.342,0,1.0,571,fifth
Q3z17elg6xn5l0xwgak6825edQ,learn_relquest,0.0,"[3, 0]",17.0,1.953,1,1.0,572,fifth
Q3z17elg6xn5l0xwgak6825edQ,learn_relquest,0.0,"[3, 1]",18.0,1.767,1,1.0,573,fifth
Q3z17elg6xn5l0xwgak6825edQ,learn_relquest,0.0,"[1, 3]",19.0,1.81,1,1.0,574,fifth
Q3z17elg6xn5l0xwgak6825edQ,learn_relquest,0.0,"[5, 7]",20.0,1.733,1,1.0,575,fifth
Q3z17elg6xn5l0xwgak6825edQ,learn_relquest,1.0,"[1, 4]",21.0,3.047,0,1.0,576,fifth
Q3z17elg6xn5l0xwgak6825edQ,learn_relquest,1.0,"[7, 0]",22.0,2.174,1,0.0,577,fifth
Q3z17elg6xn5l0xwgak6825edQ,learn_relquest,0.0,"[4, 2]",23.0,4.616,1,1.0,578,fifth
Q3z17elg6xn5l0xwgak6825edQ,learn_relquest,1.0,"[2, 6]",24.0,1.691,0,1.0,579,fifth
Q3z17elg6xn5l0xwgak6825edQ,learn_relquest,1.0,"[3, 5]",25.0,1.2,0,1.0,580,fifth
Q3z17elg6xn5l0xwgak6825edQ,learn_relquest,0.0,"[6, 1]",26.0,1.618,0,0.0,581,fifth
Q3z17elg6xn5l0xwgak6825edQ,learn_relquest,1.0,"[4, 1]",27.0,2.823,1,0.0,582,fifth
Q1mkm11viqoktk5gj9hzrdcstQ,learn_relquest,0.0,"[7, 2]",0.0,3.166,0,0.0,99,first
Q1mkm11viqoktk5gj9hzrdcstQ,learn_relquest,0.0,"[5, 7]",1.0,5.538,0,0.0,100,first
Q1mkm11viqoktk5gj9hzrdcstQ,learn_relquest,0.0,"[4, 7]",2.0,4.488,1,1.0,101,first
Q1mkm11viqoktk5gj9hzrdcstQ,learn_relquest,1.0,"[7, 1]",3.0,1.424,0,1.0,102,first
Q1mkm11viqoktk5gj9hzrdcstQ,learn_relquest,1.0,"[6, 7]",4.0,1.645,0,1.0,103,first
Q1mkm11viqoktk5gj9hzrdcstQ,learn_relquest,0.0,"[3, 4]",5.0,2.864,0,0.0,104,first
Q1mkm11viqoktk5gj9hzrdcstQ,learn_relquest,0.0,"[0, 2]",6.0,2.792,1,1.0,105,first
Q1mkm11viqoktk5gj9hzrdcstQ,learn_relquest,0.0,"[6, 1]",7.0,2.047,1,1.0,106,first
Q1mkm11viqoktk5gj9hzrdcstQ,learn_relquest,1.0,"[6, 2]",8.0,4.067,0,1.0,107,first
Q1mkm11viqoktk5gj9hzrdcstQ,learn_relquest,0.0,"[1, 6]",9.0,1.589,1,1.0,108,first
Q1mkm11viqoktk5gj9hzrdcstQ,learn_relquest,0.0,"[2, 0]",10.0,2.17,1,1.0,109,first
Q1mkm11viqoktk5gj9hzrdcstQ,learn_relquest,0.0,"[1, 3]",11.0,2.267,0,0.0,110,first
Q1mkm11viqoktk5gj9hzrdcstQ,learn_relquest,1.0,"[6, 5]",12.0,1.721,0,1.0,111,first
Q1mkm11viqoktk5gj9hzrdcstQ,learn_relquest,1.0,"[1, 4]",13.0,2.654,0,1.0,112,first
Q1mkm11viqoktk5gj9hzrdcstQ,learn_relquest,1.0,"[3, 5]",14.0,1.297,0,1.0,113,first
Q1mkm11viqoktk5gj9hzrdcstQ,learn_relquest,0.0,"[4, 3]",15.0,2.422,0,0.0,114,first
Q1mkm11viqoktk5gj9hzrdcstQ,learn_relquest,1.0,"[7, 6]",16.0,1.974,1,0.0,115,first
Q1mkm11viqoktk5gj9hzrdcstQ,learn_relquest,1.0,"[5, 3]",17.0,1.314,0,1.0,116,first
Q1mkm11viqoktk5gj9hzrdcstQ,learn_relquest,1.0,"[4, 1]",18.0,1.041,0,1.0,117,first
Q1mkm11viqoktk5gj9hzrdcstQ,learn_relquest,1.0,"[7, 0]",19.0,2.062,1,0.0,118,first
Q1mkm11viqoktk5gj9hzrdcstQ,learn_relquest,1.0,"[5, 6]",20.0,1.97,0,1.0,119,first
Q1mkm11viqoktk5gj9hzrdcstQ,learn_relquest,0.0,"[4, 5]",21.0,0.823,0,0.0,120,first
Q1mkm11viqoktk5gj9hzrdcstQ,learn_relquest,0.0,"[6, 4]",22.0,1.489,0,0.0,121,first
Q1mkm11viqoktk5gj9hzrdcstQ,learn_relquest,1.0,"[1, 7]",23.0,1.39,0,1.0,122,first
Q1mkm11viqoktk5gj9hzrdcstQ,learn_relquest,1.0,"[2, 6]",24.0,2.945,1,0.0,123,first
Q1mkm11viqoktk5gj9hzrdcstQ,learn_relquest,1.0,"[0, 7]",25.0,0.967,1,0.0,124,first
Q1mkm11viqoktk5gj9hzrdcstQ,learn_relquest,0.0,"[0, 1]",26.0,1.674,0,0.0,125,first
Q1mkm11viqoktk5gj9hzrdcstQ,learn_relquest,0.0,"[2, 5]",27.0,1.774,0,0.0,126,first
Q1mkm11viqoktk5gj9hzrdcstQ,learn_relquest,1.0,"[1, 7]",0.0,4.202,1,0.0,213,second
Q1mkm11viqoktk5gj9hzrdcstQ,learn_relquest,1.0,"[7, 1]",1.0,1.74,1,0.0,214,second
Q1mkm11viqoktk5gj9hzrdcstQ,learn_relquest,0.0,"[4, 7]",2.0,1.935,0,0.0,215,second
Q1mkm11viqoktk5gj9hzrdcstQ,learn_relquest,1.0,"[6, 7]",3.0,1.784,0,1.0,216,second
Q1mkm11viqoktk5gj9hzrdcstQ,learn_relquest,0.0,"[4, 0]",4.0,1.172,1,1.0,217,second
Q1mkm11viqoktk5gj9hzrdcstQ,learn_relquest,0.0,"[6, 4]",5.0,1.158,0,0.0,218,second
Q1mkm11viqoktk5gj9hzrdcstQ,learn_relquest,1.0,"[1, 4]",6.0,1.002,0,1.0,219,second
Q1mkm11viqoktk5gj9hzrdcstQ,learn_relquest,0.0,"[6, 0]",7.0,1.07,0,0.0,220,second
Q1mkm11viqoktk5gj9hzrdcstQ,learn_relquest,0.0,"[0, 5]",8.0,0.798,1,1.0,221,second
Q1mkm11viqoktk5gj9hzrdcstQ,learn_relquest,1.0,"[2, 6]",9.0,2.923,1,0.0,222,second
Q1mkm11viqoktk5gj9hzrdcstQ,learn_relquest,0.0,"[6, 3]",10.0,0.964,0,0.0,223,second
Q1mkm11viqoktk5gj9hzrdcstQ,learn_relquest,0.0,"[5, 1]",11.0,1.294,0,0.0,224,second
Q1mkm11viqoktk5gj9hzrdcstQ,learn_relquest,1.0,"[4, 1]",12.0,0.95,0,1.0,225,second
Q1mkm11viqoktk5gj9hzrdcstQ,learn_relquest,1.0,"[6, 2]",13.0,1.402,0,1.0,226,second
Q1mkm11viqoktk5gj9hzrdcstQ,learn_relquest,0.0,"[4, 3]",14.0,1.59,0,0.0,227,second
Q1mkm11viqoktk5gj9hzrdcstQ,learn_relquest,0.0,"[7, 5]",15.0,1.11,1,1.0,228,second
Q1mkm11viqoktk5gj9hzrdcstQ,learn_relquest,0.0,"[5, 4]",16.0,1.077,0,0.0,229,second
Q1mkm11viqoktk5gj9hzrdcstQ,learn_relquest,0.0,"[7, 2]",17.0,1.297,0,0.0,230,second
Q1mkm11viqoktk5gj9hzrdcstQ,learn_relquest,1.0,"[6, 5]",18.0,1.154,0,1.0,231,second
Q1mkm11viqoktk5gj9hzrdcstQ,learn_relquest,0.0,"[3, 7]",19.0,1.135,0,0.0,232,second
Q1mkm11viqoktk5gj9hzrdcstQ,learn_relquest,1.0,"[5, 6]",20.0,1.161,1,0.0,233,second
Q1mkm11viqoktk5gj9hzrdcstQ,learn_relquest,1.0,"[7, 6]",21.0,1.034,0,1.0,234,second
Q1mkm11viqoktk5gj9hzrdcstQ,learn_relquest,0.0,"[0, 3]",22.0,1.579,0,0.0,235,second
Q1mkm11viqoktk5gj9hzrdcstQ,learn_relquest,1.0,"[3, 5]",23.0,1.313,0,1.0,236,second
Q1mkm11viqoktk5gj9hzrdcstQ,learn_relquest,1.0,"[5, 3]",24.0,1.265,0,1.0,237,second
Q1mkm11viqoktk5gj9hzrdcstQ,learn_relquest,1.0,"[0, 7]",25.0,2.048,1,0.0,238,second
Q1mkm11viqoktk5gj9hzrdcstQ,learn_relquest,0.0,"[4, 6]",26.0,1.004,0,0.0,239,second
Q1mkm11viqoktk5gj9hzrdcstQ,learn_relquest,1.0,"[7, 0]",27.0,1.862,0,1.0,240,second
Q1mkm11viqoktk5gj9hzrdcstQ,learn_relquest,1.0,"[1, 4]",0.0,2.63,0,1.0,327,third
Q1mkm11viqoktk5gj9hzrdcstQ,learn_relquest,1.0,"[3, 5]",1.0,0.936,0,1.0,328,third
Q1mkm11viqoktk5gj9hzrdcstQ,learn_relquest,1.0,"[7, 1]",2.0,1.269,0,1.0,329,third
Q1mkm11viqoktk5gj9hzrdcstQ,learn_relquest,0.0,"[6, 0]",3.0,2.85,1,1.0,330,third
Q1mkm11viqoktk5gj9hzrdcstQ,learn_relquest,0.0,"[3, 2]",4.0,0.939,0,0.0,331,third
Q1mkm11viqoktk5gj9hzrdcstQ,learn_relquest,1.0,"[6, 7]",5.0,0.794,0,1.0,332,third
Q1mkm11viqoktk5gj9hzrdcstQ,learn_relquest,1.0,"[1, 7]",6.0,0.922,0,1.0,333,third
Q1mkm11viqoktk5gj9hzrdcstQ,learn_relquest,1.0,"[7, 6]",7.0,0.993,0,1.0,334,third
Q1mkm11viqoktk5gj9hzrdcstQ,learn_relquest,0.0,"[4, 2]",8.0,1.326,0,0.0,335,third
Q1mkm11viqoktk5gj9hzrdcstQ,learn_relquest,1.0,"[5, 6]",9.0,2.19,1,0.0,336,third
Q1mkm11viqoktk5gj9hzrdcstQ,learn_relquest,0.0,"[0, 2]",10.0,0.946,0,0.0,337,third
Q1mkm11viqoktk5gj9hzrdcstQ,learn_relquest,0.0,"[2, 0]",11.0,1.974,1,1.0,338,third
Q1mkm11viqoktk5gj9hzrdcstQ,learn_relquest,1.0,"[6, 5]",12.0,2.503,0,1.0,339,third
Q1mkm11viqoktk5gj9hzrdcstQ,learn_relquest,0.0,"[4, 3]",13.0,1.525,0,0.0,340,third
Q1mkm11viqoktk5gj9hzrdcstQ,learn_relquest,0.0,"[4, 7]",14.0,1.172,0,0.0,341,third
Q1mkm11viqoktk5gj9hzrdcstQ,learn_relquest,1.0,"[2, 6]",15.0,2.501,0,1.0,342,third
Q1mkm11viqoktk5gj9hzrdcstQ,learn_relquest,0.0,"[1, 5]",16.0,1.732,0,0.0,343,third
Q1mkm11viqoktk5gj9hzrdcstQ,learn_relquest,1.0,"[6, 2]",17.0,2.144,0,1.0,344,third
Q1mkm11viqoktk5gj9hzrdcstQ,learn_relquest,1.0,"[4, 1]",18.0,1.702,1,0.0,345,third
Q1mkm11viqoktk5gj9hzrdcstQ,learn_relquest,0.0,"[1, 2]",19.0,0.833,0,0.0,346,third
Q1mkm11viqoktk5gj9hzrdcstQ,learn_relquest,0.0,"[3, 4]",20.0,1.223,0,0.0,347,third
Q1mkm11viqoktk5gj9hzrdcstQ,learn_relquest,1.0,"[5, 3]",21.0,0.87,0,1.0,348,third
Q1mkm11viqoktk5gj9hzrdcstQ,learn_relquest,0.0,"[6, 3]",22.0,1.309,0,0.0,349,third
Q1mkm11viqoktk5gj9hzrdcstQ,learn_relquest,1.0,"[7, 0]",23.0,1.938,1,0.0,350,third
Q1mkm11viqoktk5gj9hzrdcstQ,learn_relquest,1.0,"[0, 7]",24.0,0.887,0,1.0,351,third
Q1mkm11viqoktk5gj9hzrdcstQ,learn_relquest,0.0,"[7, 2]",25.0,1.3,0,0.0,352,third
Q1mkm11viqoktk5gj9hzrdcstQ,learn_relquest,0.0,"[3, 7]",26.0,0.756,1,1.0,353,third
Q1mkm11viqoktk5gj9hzrdcstQ,learn_relquest,0.0,"[2, 5]",27.0,1.167,0,0.0,354,third
Q1mkm11viqoktk5gj9hzrdcstQ,learn_relquest,0.0,"[7, 4]",0.0,3.31,0,0.0,441,fourth
Q1mkm11viqoktk5gj9hzrdcstQ,learn_relquest,0.0,"[2, 5]",1.0,1.006,0,0.0,442,fourth
Q1mkm11viqoktk5gj9hzrdcstQ,learn_relquest,1.0,"[6, 5]",2.0,0.983,0,1.0,443,fourth
Q1mkm11viqoktk5gj9hzrdcstQ,learn_relquest,1.0,"[7, 0]",3.0,0.97,0,1.0,444,fourth
Q1mkm11viqoktk5gj9hzrdcstQ,learn_relquest,1.0,"[7, 6]",4.0,0.581,0,1.0,445,fourth
Q1mkm11viqoktk5gj9hzrdcstQ,learn_relquest,0.0,"[3, 7]",5.0,0.794,0,0.0,446,fourth
Q1mkm11viqoktk5gj9hzrdcstQ,learn_relquest,1.0,"[0, 7]",6.0,0.365,0,1.0,447,fourth
Q1mkm11viqoktk5gj9hzrdcstQ,learn_relquest,0.0,"[2, 1]",7.0,0.47,0,0.0,448,fourth
Q1mkm11viqoktk5gj9hzrdcstQ,learn_relquest,0.0,"[3, 2]",8.0,0.71,0,0.0,449,fourth
Q1mkm11viqoktk5gj9hzrdcstQ,learn_relquest,0.0,"[5, 4]",9.0,0.631,0,0.0,450,fourth
Q1mkm11viqoktk5gj9hzrdcstQ,learn_relquest,0.0,"[3, 1]",10.0,0.746,0,0.0,451,fourth
Q1mkm11viqoktk5gj9hzrdcstQ,learn_relquest,0.0,"[4, 6]",11.0,0.702,0,0.0,452,fourth
Q1mkm11viqoktk5gj9hzrdcstQ,learn_relquest,1.0,"[1, 4]",12.0,0.685,0,1.0,453,fourth
Q1mkm11viqoktk5gj9hzrdcstQ,learn_relquest,1.0,"[5, 3]",13.0,0.79,0,1.0,454,fourth
Q1mkm11viqoktk5gj9hzrdcstQ,learn_relquest,1.0,"[3, 5]",14.0,0.765,0,1.0,455,fourth
Q1mkm11viqoktk5gj9hzrdcstQ,learn_relquest,0.0,"[3, 0]",15.0,0.934,0,0.0,456,fourth
Q1mkm11viqoktk5gj9hzrdcstQ,learn_relquest,0.0,"[5, 0]",16.0,0.906,0,0.0,457,fourth
Q1mkm11viqoktk5gj9hzrdcstQ,learn_relquest,1.0,"[7, 1]",17.0,0.718,0,1.0,458,fourth
Q1mkm11viqoktk5gj9hzrdcstQ,learn_relquest,1.0,"[1, 7]",18.0,0.71,0,1.0,459,fourth
Q1mkm11viqoktk5gj9hzrdcstQ,learn_relquest,1.0,"[5, 6]",19.0,0.854,0,1.0,460,fourth
Q1mkm11viqoktk5gj9hzrdcstQ,learn_relquest,1.0,"[6, 7]",20.0,0.742,0,1.0,461,fourth
Q1mkm11viqoktk5gj9hzrdcstQ,learn_relquest,0.0,"[5, 1]",21.0,0.925,0,0.0,462,fourth
Q1mkm11viqoktk5gj9hzrdcstQ,learn_relquest,0.0,"[7, 5]",22.0,1.114,0,0.0,463,fourth
Q1mkm11viqoktk5gj9hzrdcstQ,learn_relquest,1.0,"[6, 2]",23.0,0.638,0,1.0,464,fourth
Q1mkm11viqoktk5gj9hzrdcstQ,learn_relquest,1.0,"[2, 6]",24.0,0.462,0,1.0,465,fourth
Q1mkm11viqoktk5gj9hzrdcstQ,learn_relquest,1.0,"[4, 1]",25.0,0.57,0,1.0,466,fourth
Q1mkm11viqoktk5gj9hzrdcstQ,learn_relquest,0.0,"[2, 3]",26.0,0.55,0,0.0,467,fourth
Q1mkm11viqoktk5gj9hzrdcstQ,learn_relquest,0.0,"[2, 4]",27.0,0.746,0,0.0,468,fourth
Q1mkm11viqoktk5gj9hzrdcstQ,learn_relquest,1.0,"[4, 1]",0.0,2.845,0,1.0,555,fifth
Q1mkm11viqoktk5gj9hzrdcstQ,learn_relquest,1.0,"[7, 1]",1.0,1.389,0,1.0,556,fifth
Q1mkm11viqoktk5gj9hzrdcstQ,learn_relquest,1.0,"[2, 6]",2.0,1.318,0,1.0,557,fifth
Q1mkm11viqoktk5gj9hzrdcstQ,learn_relquest,1.0,"[5, 3]",3.0,1.026,0,1.0,558,fifth
Q1mkm11viqoktk5gj9hzrdcstQ,learn_relquest,0.0,"[2, 3]",4.0,2.134,1,1.0,559,fifth
Q1mkm11viqoktk5gj9hzrdcstQ,learn_relquest,1.0,"[7, 6]",5.0,2.247,0,1.0,560,fifth
Q1mkm11viqoktk5gj9hzrdcstQ,learn_relquest,0.0,"[2, 0]",6.0,1.673,1,1.0,561,fifth
Q1mkm11viqoktk5gj9hzrdcstQ,learn_relquest,0.0,"[0, 3]",7.0,1.99,0,0.0,562,fifth
Q1mkm11viqoktk5gj9hzrdcstQ,learn_relquest,1.0,"[5, 6]",8.0,2.302,0,1.0,563,fifth
Q1mkm11viqoktk5gj9hzrdcstQ,learn_relquest,0.0,"[3, 7]",9.0,1.046,0,0.0,564,fifth
Q1mkm11viqoktk5gj9hzrdcstQ,learn_relquest,0.0,"[1, 0]",10.0,1.814,1,1.0,565,fifth
Q1mkm11viqoktk5gj9hzrdcstQ,learn_relquest,0.0,"[0, 1]",11.0,1.254,1,1.0,566,fifth
Q1mkm11viqoktk5gj9hzrdcstQ,learn_relquest,1.0,"[0, 7]",12.0,2.266,0,1.0,567,fifth
Q1mkm11viqoktk5gj9hzrdcstQ,learn_relquest,1.0,"[3, 5]",13.0,0.933,0,1.0,568,fifth
Q1mkm11viqoktk5gj9hzrdcstQ,learn_relquest,0.0,"[0, 6]",14.0,1.115,0,0.0,569,fifth
Q1mkm11viqoktk5gj9hzrdcstQ,learn_relquest,0.0,"[3, 1]",15.0,0.898,0,0.0,570,fifth
Q1mkm11viqoktk5gj9hzrdcstQ,learn_relquest,0.0,"[6, 4]",16.0,1.334,0,0.0,571,fifth
Q1mkm11viqoktk5gj9hzrdcstQ,learn_relquest,0.0,"[3, 4]",17.0,0.901,0,0.0,572,fifth
Q1mkm11viqoktk5gj9hzrdcstQ,learn_relquest,1.0,"[1, 7]",18.0,1.866,1,0.0,573,fifth
Q1mkm11viqoktk5gj9hzrdcstQ,learn_relquest,0.0,"[1, 6]",19.0,1.491,1,1.0,574,fifth
Q1mkm11viqoktk5gj9hzrdcstQ,learn_relquest,1.0,"[6, 2]",20.0,0.666,0,1.0,575,fifth
Q1mkm11viqoktk5gj9hzrdcstQ,learn_relquest,0.0,"[1, 3]",21.0,1.03,0,0.0,576,fifth
Q1mkm11viqoktk5gj9hzrdcstQ,learn_relquest,1.0,"[6, 5]",22.0,1.35,0,1.0,577,fifth
Q1mkm11viqoktk5gj9hzrdcstQ,learn_relquest,0.0,"[4, 0]",23.0,1.113,1,1.0,578,fifth
Q1mkm11viqoktk5gj9hzrdcstQ,learn_relquest,1.0,"[1, 4]",24.0,0.735,0,1.0,579,fifth
Q1mkm11viqoktk5gj9hzrdcstQ,learn_relquest,1.0,"[7, 0]",25.0,0.79,0,1.0,580,fifth
Q1mkm11viqoktk5gj9hzrdcstQ,learn_relquest,0.0,"[2, 1]",26.0,0.837,0,0.0,581,fifth
Q1mkm11viqoktk5gj9hzrdcstQ,learn_relquest,1.0,"[6, 7]",27.0,1.307,0,1.0,582,fifth
Q4meg9r829ocabntv6kyypnk6Q,learn_relquest,1.0,"[7, 6]",0.0,5.051,0,1.0,99,first
Q4meg9r829ocabntv6kyypnk6Q,learn_relquest,0.0,"[4, 0]",1.0,0.963,0,0.0,100,first
Q4meg9r829ocabntv6kyypnk6Q,learn_relquest,0.0,"[0, 4]",2.0,0.992,0,0.0,101,first
Q4meg9r829ocabntv6kyypnk6Q,learn_relquest,0.0,"[4, 6]",3.0,0.684,0,0.0,102,first
Q4meg9r829ocabntv6kyypnk6Q,learn_relquest,1.0,"[7, 0]",4.0,0.812,0,1.0,103,first
Q4meg9r829ocabntv6kyypnk6Q,learn_relquest,0.0,"[3, 6]",5.0,0.86,0,0.0,104,first
Q4meg9r829ocabntv6kyypnk6Q,learn_relquest,0.0,"[6, 3]",6.0,0.668,0,0.0,105,first
Q4meg9r829ocabntv6kyypnk6Q,learn_relquest,0.0,"[5, 1]",7.0,0.551,0,0.0,106,first
Q4meg9r829ocabntv6kyypnk6Q,learn_relquest,1.0,"[4, 1]",8.0,0.58,0,1.0,107,first
Q4meg9r829ocabntv6kyypnk6Q,learn_relquest,0.0,"[4, 3]",9.0,0.711,0,0.0,108,first
Q4meg9r829ocabntv6kyypnk6Q,learn_relquest,0.0,"[2, 0]",10.0,0.906,0,0.0,109,first
Q4meg9r829ocabntv6kyypnk6Q,learn_relquest,0.0,"[5, 0]",11.0,1.626,0,0.0,110,first
Q4meg9r829ocabntv6kyypnk6Q,learn_relquest,1.0,"[3, 5]",12.0,0.601,1,0.0,111,first
Q4meg9r829ocabntv6kyypnk6Q,learn_relquest,0.0,"[7, 4]",13.0,0.683,0,0.0,112,first
Q4meg9r829ocabntv6kyypnk6Q,learn_relquest,0.0,"[7, 2]",14.0,0.622,1,1.0,113,first
Q4meg9r829ocabntv6kyypnk6Q,learn_relquest,1.0,"[1, 7]",15.0,0.439,1,0.0,114,first
Q4meg9r829ocabntv6kyypnk6Q,learn_relquest,1.0,"[5, 3]",16.0,0.551,0,1.0,115,first
Q4meg9r829ocabntv6kyypnk6Q,learn_relquest,1.0,"[2, 6]",17.0,0.436,1,0.0,116,first
Q4meg9r829ocabntv6kyypnk6Q,learn_relquest,0.0,"[1, 2]",18.0,0.384,0,0.0,117,first
Q4meg9r829ocabntv6kyypnk6Q,learn_relquest,0.0,"[0, 6]",19.0,0.385,0,0.0,118,first
Q4meg9r829ocabntv6kyypnk6Q,learn_relquest,0.0,"[2, 5]",20.0,0.306,0,0.0,119,first
Q4meg9r829ocabntv6kyypnk6Q,learn_relquest,1.0,"[5, 6]",21.0,0.463,1,0.0,120,first
Q4meg9r829ocabntv6kyypnk6Q,learn_relquest,1.0,"[0, 7]",22.0,0.433,0,1.0,121,first
Q4meg9r829ocabntv6kyypnk6Q,learn_relquest,1.0,"[7, 1]",23.0,0.377,1,0.0,122,first
Q4meg9r829ocabntv6kyypnk6Q,learn_relquest,1.0,"[6, 2]",24.0,0.289,1,0.0,123,first
Q4meg9r829ocabntv6kyypnk6Q,learn_relquest,1.0,"[1, 4]",25.0,0.337,1,0.0,124,first
Q4meg9r829ocabntv6kyypnk6Q,learn_relquest,1.0,"[6, 5]",26.0,0.418,0,1.0,125,first
Q4meg9r829ocabntv6kyypnk6Q,learn_relquest,1.0,"[6, 7]",27.0,0.26,0,1.0,126,first
Q4meg9r829ocabntv6kyypnk6Q,learn_relquest,1.0,"[7, 6]",0.0,2.003,0,1.0,213,second
Q4meg9r829ocabntv6kyypnk6Q,learn_relquest,1.0,"[7, 0]",1.0,0.585,0,1.0,214,second
Q4meg9r829ocabntv6kyypnk6Q,learn_relquest,1.0,"[2, 6]",2.0,0.655,0,1.0,215,second
Q4meg9r829ocabntv6kyypnk6Q,learn_relquest,1.0,"[6, 5]",3.0,0.553,0,1.0,216,second
Q4meg9r829ocabntv6kyypnk6Q,learn_relquest,0.0,"[0, 4]",4.0,0.434,0,0.0,217,second
Q4meg9r829ocabntv6kyypnk6Q,learn_relquest,0.0,"[4, 6]",5.0,0.37,0,0.0,218,second
Q4meg9r829ocabntv6kyypnk6Q,learn_relquest,0.0,"[2, 3]",6.0,0.418,0,0.0,219,second
Q4meg9r829ocabntv6kyypnk6Q,learn_relquest,0.0,"[5, 1]",7.0,0.228,0,0.0,220,second
Q4meg9r829ocabntv6kyypnk6Q,learn_relquest,1.0,"[0, 7]",8.0,0.165,0,1.0,221,second
Q4meg9r829ocabntv6kyypnk6Q,learn_relquest,1.0,"[6, 2]",9.0,0.187,0,1.0,222,second
Q4meg9r829ocabntv6kyypnk6Q,learn_relquest,0.0,"[1, 2]",10.0,0.189,0,0.0,223,second
Q4meg9r829ocabntv6kyypnk6Q,learn_relquest,0.0,"[1, 6]",11.0,0.362,0,0.0,224,second
Q4meg9r829ocabntv6kyypnk6Q,learn_relquest,1.0,"[1, 4]",12.0,0.329,0,1.0,225,second
Q4meg9r829ocabntv6kyypnk6Q,learn_relquest,1.0,"[1, 7]",13.0,0.166,0,1.0,226,second
Q4meg9r829ocabntv6kyypnk6Q,learn_relquest,0.0,"[6, 0]",14.0,0.217,0,0.0,227,second
Q4meg9r829ocabntv6kyypnk6Q,learn_relquest,0.0,"[4, 3]",15.0,0.213,0,0.0,228,second
Q4meg9r829ocabntv6kyypnk6Q,learn_relquest,0.0,"[3, 6]",16.0,0.586,0,0.0,229,second
Q4meg9r829ocabntv6kyypnk6Q,learn_relquest,0.0,"[6, 3]",17.0,0.197,0,0.0,230,second
Q4meg9r829ocabntv6kyypnk6Q,learn_relquest,1.0,"[5, 6]",18.0,0.217,0,1.0,231,second
Q4meg9r829ocabntv6kyypnk6Q,learn_relquest,1.0,"[6, 7]",19.0,0.163,0,1.0,232,second
Q4meg9r829ocabntv6kyypnk6Q,learn_relquest,1.0,"[7, 1]",20.0,0.214,0,1.0,233,second
Q4meg9r829ocabntv6kyypnk6Q,learn_relquest,1.0,"[5, 3]",21.0,0.194,0,1.0,234,second
Q4meg9r829ocabntv6kyypnk6Q,learn_relquest,1.0,"[4, 1]",22.0,0.213,0,1.0,235,second
Q4meg9r829ocabntv6kyypnk6Q,learn_relquest,1.0,"[3, 5]",23.0,0.172,0,1.0,236,second
Q4meg9r829ocabntv6kyypnk6Q,learn_relquest,0.0,"[0, 3]",24.0,0.308,0,0.0,237,second
Q4meg9r829ocabntv6kyypnk6Q,learn_relquest,0.0,"[4, 7]",25.0,0.236,0,0.0,238,second
Q4meg9r829ocabntv6kyypnk6Q,learn_relquest,0.0,"[5, 4]",26.0,0.196,0,0.0,239,second
Q4meg9r829ocabntv6kyypnk6Q,learn_relquest,0.0,"[2, 0]",27.0,0.425,0,0.0,240,second
Q4meg9r829ocabntv6kyypnk6Q,learn_relquest,0.0,"[0, 2]",0.0,1.927,1,1.0,327,third
Q4meg9r829ocabntv6kyypnk6Q,learn_relquest,1.0,"[2, 6]",1.0,0.98,1,0.0,328,third
Q4meg9r829ocabntv6kyypnk6Q,learn_relquest,1.0,"[5, 6]",2.0,0.15,1,0.0,329,third
Q4meg9r829ocabntv6kyypnk6Q,learn_relquest,0.0,"[7, 2]",3.0,0.73,1,1.0,330,third
Q4meg9r829ocabntv6kyypnk6Q,learn_relquest,0.0,"[7, 4]",4.0,0.236,1,1.0,331,third
Q4meg9r829ocabntv6kyypnk6Q,learn_relquest,0.0,"[3, 4]",5.0,0.165,1,1.0,332,third
Q4meg9r829ocabntv6kyypnk6Q,learn_relquest,1.0,"[6, 5]",6.0,0.163,1,0.0,333,third
Q4meg9r829ocabntv6kyypnk6Q,learn_relquest,1.0,"[3, 5]",7.0,0.158,1,0.0,334,third
Q4meg9r829ocabntv6kyypnk6Q,learn_relquest,1.0,"[7, 1]",8.0,0.156,1,0.0,335,third
Q4meg9r829ocabntv6kyypnk6Q,learn_relquest,1.0,"[6, 2]",9.0,0.514,0,1.0,336,third
Q4meg9r829ocabntv6kyypnk6Q,learn_relquest,0.0,"[0, 3]",10.0,0.159,0,0.0,337,third
Q4meg9r829ocabntv6kyypnk6Q,learn_relquest,0.0,"[2, 4]",11.0,0.165,0,0.0,338,third
Q4meg9r829ocabntv6kyypnk6Q,learn_relquest,0.0,"[0, 5]",12.0,0.164,0,0.0,339,third
Q4meg9r829ocabntv6kyypnk6Q,learn_relquest,1.0,"[6, 7]",13.0,0.142,0,1.0,340,third
Q4meg9r829ocabntv6kyypnk6Q,learn_relquest,1.0,"[1, 4]",14.0,0.992,1,0.0,341,third
Q4meg9r829ocabntv6kyypnk6Q,learn_relquest,1.0,"[7, 6]",15.0,0.189,1,0.0,342,third
Q4meg9r829ocabntv6kyypnk6Q,learn_relquest,0.0,"[5, 0]",16.0,0.157,1,1.0,343,third
Q4meg9r829ocabntv6kyypnk6Q,learn_relquest,0.0,"[0, 1]",17.0,0.183,1,1.0,344,third
Q4meg9r829ocabntv6kyypnk6Q,learn_relquest,1.0,"[4, 1]",18.0,0.171,1,0.0,345,third
Q4meg9r829ocabntv6kyypnk6Q,learn_relquest,0.0,"[3, 2]",19.0,0.159,1,1.0,346,third
Q4meg9r829ocabntv6kyypnk6Q,learn_relquest,1.0,"[5, 3]",20.0,0.187,1,0.0,347,third
Q4meg9r829ocabntv6kyypnk6Q,learn_relquest,1.0,"[0, 7]",21.0,0.69,0,1.0,348,third
Q4meg9r829ocabntv6kyypnk6Q,learn_relquest,0.0,"[2, 5]",22.0,0.38,0,0.0,349,third
Q4meg9r829ocabntv6kyypnk6Q,learn_relquest,1.0,"[1, 7]",23.0,0.175,0,1.0,350,third
Q4meg9r829ocabntv6kyypnk6Q,learn_relquest,0.0,"[1, 0]",24.0,0.435,0,0.0,351,third
Q4meg9r829ocabntv6kyypnk6Q,learn_relquest,0.0,"[2, 3]",25.0,0.615,1,1.0,352,third
Q4meg9r829ocabntv6kyypnk6Q,learn_relquest,1.0,"[7, 0]",26.0,0.468,0,1.0,353,third
Q4meg9r829ocabntv6kyypnk6Q,learn_relquest,0.0,"[0, 6]",27.0,0.206,0,0.0,354,third
Q4meg9r829ocabntv6kyypnk6Q,learn_relquest,1.0,"[3, 5]",0.0,1.798,0,1.0,441,fourth
Q4meg9r829ocabntv6kyypnk6Q,learn_relquest,0.0,"[6, 1]",1.0,0.499,0,0.0,442,fourth
Q4meg9r829ocabntv6kyypnk6Q,learn_relquest,1.0,"[7, 1]",2.0,0.452,0,1.0,443,fourth
Q4meg9r829ocabntv6kyypnk6Q,learn_relquest,1.0,"[5, 6]",3.0,0.217,0,1.0,444,fourth
Q4meg9r829ocabntv6kyypnk6Q,learn_relquest,0.0,"[4, 6]",4.0,0.199,0,0.0,445,fourth
Q4meg9r829ocabntv6kyypnk6Q,learn_relquest,0.0,"[2, 1]",5.0,0.18,0,0.0,446,fourth
Q4meg9r829ocabntv6kyypnk6Q,learn_relquest,1.0,"[1, 4]",6.0,0.186,0,1.0,447,fourth
Q4meg9r829ocabntv6kyypnk6Q,learn_relquest,0.0,"[6, 4]",7.0,0.156,0,0.0,448,fourth
Q4meg9r829ocabntv6kyypnk6Q,learn_relquest,0.0,"[2, 0]",8.0,0.157,0,0.0,449,fourth
Q4meg9r829ocabntv6kyypnk6Q,learn_relquest,1.0,"[5, 3]",9.0,0.173,0,1.0,450,fourth
Q4meg9r829ocabntv6kyypnk6Q,learn_relquest,1.0,"[1, 7]",10.0,0.174,0,1.0,451,fourth
Q4meg9r829ocabntv6kyypnk6Q,learn_relquest,1.0,"[6, 2]",11.0,0.166,0,1.0,452,fourth
Q4meg9r829ocabntv6kyypnk6Q,learn_relquest,0.0,"[2, 5]",12.0,0.157,0,0.0,453,fourth
Q4meg9r829ocabntv6kyypnk6Q,learn_relquest,1.0,"[0, 7]",13.0,0.191,0,1.0,454,fourth
Q4meg9r829ocabntv6kyypnk6Q,learn_relquest,0.0,"[3, 1]",14.0,0.6,1,1.0,455,fourth
Q4meg9r829ocabntv6kyypnk6Q,learn_relquest,1.0,"[2, 6]",15.0,0.175,1,0.0,456,fourth
Q4meg9r829ocabntv6kyypnk6Q,learn_relquest,0.0,"[5, 7]",16.0,0.171,1,1.0,457,fourth
Q4meg9r829ocabntv6kyypnk6Q,learn_relquest,1.0,"[4, 1]",17.0,0.165,1,0.0,458,fourth
Q4meg9r829ocabntv6kyypnk6Q,learn_relquest,1.0,"[7, 6]",19.0,0.159,1,0.0,460,fourth
Q4meg9r829ocabntv6kyypnk6Q,learn_relquest,0.0,"[5, 0]",20.0,0.188,1,1.0,461,fourth
Q4meg9r829ocabntv6kyypnk6Q,learn_relquest,0.0,"[1, 6]",22.0,0.188,1,1.0,463,fourth
Q4meg9r829ocabntv6kyypnk6Q,learn_relquest,1.0,"[6, 5]",25.0,0.171,0,1.0,466,fourth
Q4meg9r829ocabntv6kyypnk6Q,learn_relquest,0.0,"[0, 5]",26.0,0.175,0,0.0,467,fourth
Q4meg9r829ocabntv6kyypnk6Q,learn_relquest,0.0,"[4, 0]",27.0,0.164,0,0.0,468,fourth
Q4meg9r829ocabntv6kyypnk6Q,learn_relquest,1.0,"[6, 7]",18.0,0.491,1,0.0,459,fourth
Q4meg9r829ocabntv6kyypnk6Q,learn_relquest,1.0,"[7, 0]",21.0,0.166,1,0.0,462,fourth
Q4meg9r829ocabntv6kyypnk6Q,learn_relquest,0.0,"[4, 5]",23.0,0.171,1,1.0,464,fourth
Q4meg9r829ocabntv6kyypnk6Q,learn_relquest,0.0,"[0, 4]",24.0,0.642,0,0.0,465,fourth
Q4meg9r829ocabntv6kyypnk6Q,learn_relquest,0.0,"[6, 0]",0.0,3.525,1,1.0,555,fifth
Q4meg9r829ocabntv6kyypnk6Q,learn_relquest,0.0,"[0, 2]",1.0,1.534,1,1.0,556,fifth
Q4meg9r829ocabntv6kyypnk6Q,learn_relquest,1.0,"[1, 7]",2.0,2.046,1,0.0,557,fifth
Q4meg9r829ocabntv6kyypnk6Q,learn_relquest,0.0,"[4, 5]",3.0,0.892,1,1.0,558,fifth
Q4meg9r829ocabntv6kyypnk6Q,learn_relquest,0.0,"[2, 4]",4.0,1.069,1,1.0,559,fifth
Q4meg9r829ocabntv6kyypnk6Q,learn_relquest,0.0,"[4, 6]",5.0,0.917,0,0.0,560,fifth
Q4meg9r829ocabntv6kyypnk6Q,learn_relquest,0.0,"[0, 3]",6.0,0.174,0,0.0,561,fifth
Q4meg9r829ocabntv6kyypnk6Q,learn_relquest,0.0,"[2, 0]",7.0,0.17,0,0.0,562,fifth
Q4meg9r829ocabntv6kyypnk6Q,learn_relquest,1.0,"[5, 3]",8.0,0.181,0,1.0,563,fifth
Q4meg9r829ocabntv6kyypnk6Q,learn_relquest,1.0,"[3, 5]",9.0,0.197,0,1.0,564,fifth
Q4meg9r829ocabntv6kyypnk6Q,learn_relquest,1.0,"[4, 1]",10.0,0.379,0,1.0,565,fifth
Q4meg9r829ocabntv6kyypnk6Q,learn_relquest,1.0,"[0, 7]",11.0,0.197,0,1.0,566,fifth
Q4meg9r829ocabntv6kyypnk6Q,learn_relquest,0.0,"[7, 2]",12.0,0.158,0,0.0,567,fifth
Q4meg9r829ocabntv6kyypnk6Q,learn_relquest,0.0,"[5, 4]",13.0,0.172,0,0.0,568,fifth
Q4meg9r829ocabntv6kyypnk6Q,learn_relquest,1.0,"[7, 0]",14.0,0.172,0,1.0,569,fifth
Q4meg9r829ocabntv6kyypnk6Q,learn_relquest,1.0,"[5, 6]",15.0,0.202,0,1.0,570,fifth
Q4meg9r829ocabntv6kyypnk6Q,learn_relquest,1.0,"[7, 6]",16.0,0.324,0,1.0,571,fifth
Q4meg9r829ocabntv6kyypnk6Q,learn_relquest,0.0,"[1, 3]",17.0,0.165,0,0.0,572,fifth
Q4meg9r829ocabntv6kyypnk6Q,learn_relquest,1.0,"[2, 6]",18.0,0.188,0,1.0,573,fifth
Q4meg9r829ocabntv6kyypnk6Q,learn_relquest,0.0,"[5, 1]",19.0,0.165,0,0.0,574,fifth
Q4meg9r829ocabntv6kyypnk6Q,learn_relquest,1.0,"[6, 7]",20.0,0.229,0,1.0,575,fifth
Q4meg9r829ocabntv6kyypnk6Q,learn_relquest,0.0,"[3, 4]",21.0,0.172,0,0.0,576,fifth
Q4meg9r829ocabntv6kyypnk6Q,learn_relquest,1.0,"[6, 2]",22.0,0.181,0,1.0,577,fifth
Q4meg9r829ocabntv6kyypnk6Q,learn_relquest,1.0,"[6, 5]",23.0,0.188,0,1.0,578,fifth
Q4meg9r829ocabntv6kyypnk6Q,learn_relquest,0.0,"[2, 1]",24.0,0.158,0,0.0,579,fifth
Q4meg9r829ocabntv6kyypnk6Q,learn_relquest,1.0,"[7, 1]",25.0,0.252,0,1.0,580,fifth
Q4meg9r829ocabntv6kyypnk6Q,learn_relquest,0.0,"[3, 0]",26.0,0.332,0,0.0,581,fifth
Q4meg9r829ocabntv6kyypnk6Q,learn_relquest,1.0,"[1, 4]",27.0,0.172,0,1.0,582,fifth
Qylioizs5jc131vg02xf9ubyxQ,learn_relquest,1.0,"[6, 2]",0.0,8.028,0,1.0,99,first
Qylioizs5jc131vg02xf9ubyxQ,learn_relquest,1.0,"[5, 6]",1.0,2.213,1,0.0,100,first
Qylioizs5jc131vg02xf9ubyxQ,learn_relquest,1.0,"[7, 0]",2.0,3.365,0,1.0,101,first
Qylioizs5jc131vg02xf9ubyxQ,learn_relquest,1.0,"[5, 3]",3.0,2.83,0,1.0,102,first
Qylioizs5jc131vg02xf9ubyxQ,learn_relquest,0.0,"[7, 2]",4.0,1.5,1,1.0,103,first
Qylioizs5jc131vg02xf9ubyxQ,learn_relquest,0.0,"[4, 7]",5.0,1.957,0,0.0,104,first
Qylioizs5jc131vg02xf9ubyxQ,learn_relquest,1.0,"[6, 5]",6.0,1.686,1,0.0,105,first
Qylioizs5jc131vg02xf9ubyxQ,learn_relquest,0.0,"[5, 7]",7.0,2.222,1,1.0,106,first
Qylioizs5jc131vg02xf9ubyxQ,learn_relquest,1.0,"[4, 1]",8.0,1.525,0,1.0,107,first
Qylioizs5jc131vg02xf9ubyxQ,learn_relquest,0.0,"[2, 0]",9.0,1.725,0,0.0,108,first
Qylioizs5jc131vg02xf9ubyxQ,learn_relquest,0.0,"[7, 5]",10.0,1.742,1,1.0,109,first
Qylioizs5jc131vg02xf9ubyxQ,learn_relquest,0.0,"[1, 6]",11.0,4.725,0,0.0,110,first
Qylioizs5jc131vg02xf9ubyxQ,learn_relquest,1.0,"[1, 4]",12.0,1.766,1,0.0,111,first
Qylioizs5jc131vg02xf9ubyxQ,learn_relquest,1.0,"[2, 6]",13.0,2.189,0,1.0,112,first
Qylioizs5jc131vg02xf9ubyxQ,learn_relquest,1.0,"[0, 7]",14.0,3.221,1,0.0,113,first
Qylioizs5jc131vg02xf9ubyxQ,learn_relquest,1.0,"[6, 7]",15.0,1.285,0,1.0,114,first
Qylioizs5jc131vg02xf9ubyxQ,learn_relquest,0.0,"[6, 1]",16.0,2.413,0,0.0,115,first
Qylioizs5jc131vg02xf9ubyxQ,learn_relquest,0.0,"[5, 0]",17.0,3.765,1,1.0,116,first
Qylioizs5jc131vg02xf9ubyxQ,learn_relquest,0.0,"[5, 2]",18.0,1.469,0,0.0,117,first
Qylioizs5jc131vg02xf9ubyxQ,learn_relquest,0.0,"[0, 3]",19.0,1.878,1,1.0,118,first
Qylioizs5jc131vg02xf9ubyxQ,learn_relquest,0.0,"[6, 4]",20.0,2.021,1,1.0,119,first
Qylioizs5jc131vg02xf9ubyxQ,learn_relquest,1.0,"[1, 7]",21.0,1.013,0,1.0,120,first
Qylioizs5jc131vg02xf9ubyxQ,learn_relquest,0.0,"[5, 4]",22.0,22.142,1,1.0,121,first
Qylioizs5jc131vg02xf9ubyxQ,learn_relquest,0.0,"[1, 5]",23.0,1.845,0,0.0,122,first
Qylioizs5jc131vg02xf9ubyxQ,learn_relquest,1.0,"[3, 5]",24.0,1.061,0,1.0,123,first
Qylioizs5jc131vg02xf9ubyxQ,learn_relquest,1.0,"[7, 1]",25.0,2.701,0,1.0,124,first
Qylioizs5jc131vg02xf9ubyxQ,learn_relquest,1.0,"[7, 6]",26.0,1.269,0,1.0,125,first
Qylioizs5jc131vg02xf9ubyxQ,learn_relquest,0.0,"[0, 6]",27.0,1.517,0,0.0,126,first
Qylioizs5jc131vg02xf9ubyxQ,learn_relquest,1.0,"[3, 5]",0.0,7.645,0,1.0,213,second
Qylioizs5jc131vg02xf9ubyxQ,learn_relquest,1.0,"[0, 7]",1.0,1.253,0,1.0,214,second
Qylioizs5jc131vg02xf9ubyxQ,learn_relquest,0.0,"[0, 5]",2.0,8.213,1,1.0,215,second
Qylioizs5jc131vg02xf9ubyxQ,learn_relquest,0.0,"[0, 1]",3.0,6.533,1,1.0,216,second
Qylioizs5jc131vg02xf9ubyxQ,learn_relquest,1.0,"[6, 7]",4.0,3.837,0,1.0,217,second
Qylioizs5jc131vg02xf9ubyxQ,learn_relquest,1.0,"[4, 1]",5.0,1.005,0,1.0,218,second
Qylioizs5jc131vg02xf9ubyxQ,learn_relquest,0.0,"[3, 4]",6.0,6.005,1,1.0,219,second
Qylioizs5jc131vg02xf9ubyxQ,learn_relquest,1.0,"[5, 6]",7.0,2.509,0,1.0,220,second
Qylioizs5jc131vg02xf9ubyxQ,learn_relquest,0.0,"[4, 3]",8.0,4.133,1,1.0,221,second
Qylioizs5jc131vg02xf9ubyxQ,learn_relquest,1.0,"[5, 3]",9.0,1.615,0,1.0,222,second
Qylioizs5jc131vg02xf9ubyxQ,learn_relquest,1.0,"[7, 1]",10.0,1.587,0,1.0,223,second
Qylioizs5jc131vg02xf9ubyxQ,learn_relquest,0.0,"[2, 5]",11.0,3.445,1,1.0,224,second
Qylioizs5jc131vg02xf9ubyxQ,learn_relquest,0.0,"[4, 0]",12.0,11.926,1,1.0,225,second
Qylioizs5jc131vg02xf9ubyxQ,learn_relquest,0.0,"[2, 7]",13.0,8.221,1,1.0,226,second
Qylioizs5jc131vg02xf9ubyxQ,learn_relquest,0.0,"[4, 2]",14.0,9.549,1,1.0,227,second
Qylioizs5jc131vg02xf9ubyxQ,learn_relquest,0.0,"[6, 1]",15.0,3.053,0,0.0,228,second
Qylioizs5jc131vg02xf9ubyxQ,learn_relquest,1.0,"[1, 4]",16.0,1.838,0,1.0,229,second
Qylioizs5jc131vg02xf9ubyxQ,learn_relquest,0.0,"[6, 3]",17.0,7.733,1,1.0,230,second
Qylioizs5jc131vg02xf9ubyxQ,learn_relquest,0.0,"[0, 2]",18.0,9.989,0,0.0,231,second
Qylioizs5jc131vg02xf9ubyxQ,learn_relquest,1.0,"[6, 5]",19.0,6.814,0,1.0,232,second
Qylioizs5jc131vg02xf9ubyxQ,learn_relquest,1.0,"[7, 6]",20.0,2.997,0,1.0,233,second
Qylioizs5jc131vg02xf9ubyxQ,learn_relquest,0.0,"[3, 2]",21.0,1.893,1,1.0,234,second
Qylioizs5jc131vg02xf9ubyxQ,learn_relquest,1.0,"[6, 2]",22.0,3.942,0,1.0,235,second
Qylioizs5jc131vg02xf9ubyxQ,learn_relquest,0.0,"[1, 5]",23.0,10.605,1,1.0,236,second
Qylioizs5jc131vg02xf9ubyxQ,learn_relquest,1.0,"[2, 6]",24.0,2.061,0,1.0,237,second
Qylioizs5jc131vg02xf9ubyxQ,learn_relquest,1.0,"[7, 0]",25.0,1.741,0,1.0,238,second
Qylioizs5jc131vg02xf9ubyxQ,learn_relquest,1.0,"[1, 7]",26.0,1.158,0,1.0,239,second
Qylioizs5jc131vg02xf9ubyxQ,learn_relquest,0.0,"[5, 7]",27.0,9.613,1,1.0,240,second
Qylioizs5jc131vg02xf9ubyxQ,learn_relquest,1.0,"[5, 6]",0.0,3.733,0,1.0,327,third
Qylioizs5jc131vg02xf9ubyxQ,learn_relquest,1.0,"[1, 4]",1.0,1.293,0,1.0,328,third
Qylioizs5jc131vg02xf9ubyxQ,learn_relquest,1.0,"[3, 5]",2.0,1.781,0,1.0,329,third
Qylioizs5jc131vg02xf9ubyxQ,learn_relquest,0.0,"[2, 4]",3.0,3.414,1,1.0,330,third
Qylioizs5jc131vg02xf9ubyxQ,learn_relquest,0.0,"[7, 3]",4.0,1.933,1,1.0,331,third
Qylioizs5jc131vg02xf9ubyxQ,learn_relquest,1.0,"[1, 7]",5.0,2.285,0,1.0,332,third
Qylioizs5jc131vg02xf9ubyxQ,learn_relquest,1.0,"[6, 5]",6.0,1.965,0,1.0,333,third
Qylioizs5jc131vg02xf9ubyxQ,learn_relquest,0.0,"[2, 3]",7.0,1.724,1,1.0,334,third
Qylioizs5jc131vg02xf9ubyxQ,learn_relquest,1.0,"[7, 1]",8.0,1.142,0,1.0,335,third
Qylioizs5jc131vg02xf9ubyxQ,learn_relquest,0.0,"[0, 6]",9.0,2.213,1,1.0,336,third
Qylioizs5jc131vg02xf9ubyxQ,learn_relquest,1.0,"[4, 1]",10.0,1.774,0,1.0,337,third
Qylioizs5jc131vg02xf9ubyxQ,learn_relquest,1.0,"[7, 6]",11.0,1.853,0,1.0,338,third
Qylioizs5jc131vg02xf9ubyxQ,learn_relquest,0.0,"[1, 3]",12.0,4.534,1,1.0,339,third
Qylioizs5jc131vg02xf9ubyxQ,learn_relquest,1.0,"[6, 7]",13.0,3.261,0,1.0,340,third
Qylioizs5jc131vg02xf9ubyxQ,learn_relquest,1.0,"[7, 0]",14.0,1.07,0,1.0,341,third
Qylioizs5jc131vg02xf9ubyxQ,learn_relquest,1.0,"[5, 3]",15.0,1.173,0,1.0,342,third
Qylioizs5jc131vg02xf9ubyxQ,learn_relquest,0.0,"[6, 1]",16.0,1.438,0,0.0,343,third
Qylioizs5jc131vg02xf9ubyxQ,learn_relquest,0.0,"[6, 3]",17.0,1.429,0,0.0,344,third
Qylioizs5jc131vg02xf9ubyxQ,learn_relquest,1.0,"[0, 7]",18.0,1.029,0,1.0,345,third
Qylioizs5jc131vg02xf9ubyxQ,learn_relquest,1.0,"[2, 6]",19.0,1.637,0,1.0,346,third
Qylioizs5jc131vg02xf9ubyxQ,learn_relquest,0.0,"[4, 3]",20.0,2.462,1,1.0,347,third
Qylioizs5jc131vg02xf9ubyxQ,learn_relquest,0.0,"[0, 3]",21.0,6.662,1,1.0,348,third
Qylioizs5jc131vg02xf9ubyxQ,learn_relquest,0.0,"[4, 7]",22.0,1.278,0,0.0,349,third
Qylioizs5jc131vg02xf9ubyxQ,learn_relquest,0.0,"[3, 4]",23.0,8.414,1,1.0,350,third
Qylioizs5jc131vg02xf9ubyxQ,learn_relquest,0.0,"[3, 1]",24.0,1.845,1,1.0,351,third
Qylioizs5jc131vg02xf9ubyxQ,learn_relquest,0.0,"[5, 0]",25.0,12.133,1,1.0,352,third
Qylioizs5jc131vg02xf9ubyxQ,learn_relquest,1.0,"[6, 2]",26.0,1.046,0,1.0,353,third
Qylioizs5jc131vg02xf9ubyxQ,learn_relquest,0.0,"[2, 7]",27.0,16.117,1,1.0,354,third
Qylioizs5jc131vg02xf9ubyxQ,learn_relquest,1.0,"[2, 6]",0.0,3.797,0,1.0,441,fourth
Qylioizs5jc131vg02xf9ubyxQ,learn_relquest,1.0,"[1, 4]",1.0,3.093,0,1.0,442,fourth
Qylioizs5jc131vg02xf9ubyxQ,learn_relquest,1.0,"[6, 2]",2.0,2.19,0,1.0,443,fourth
Qylioizs5jc131vg02xf9ubyxQ,learn_relquest,1.0,"[5, 3]",3.0,1.91,0,1.0,444,fourth
Qylioizs5jc131vg02xf9ubyxQ,learn_relquest,0.0,"[7, 3]",4.0,1.605,1,1.0,445,fourth
Qylioizs5jc131vg02xf9ubyxQ,learn_relquest,0.0,"[7, 5]",5.0,12.733,1,1.0,446,fourth
Qylioizs5jc131vg02xf9ubyxQ,learn_relquest,1.0,"[5, 6]",6.0,2.286,0,1.0,447,fourth
Qylioizs5jc131vg02xf9ubyxQ,learn_relquest,1.0,"[4, 1]",7.0,1.405,0,1.0,448,fourth
Qylioizs5jc131vg02xf9ubyxQ,learn_relquest,1.0,"[3, 5]",8.0,2.462,0,1.0,449,fourth
Qylioizs5jc131vg02xf9ubyxQ,learn_relquest,0.0,"[1, 3]",9.0,1.677,1,1.0,450,fourth
Qylioizs5jc131vg02xf9ubyxQ,learn_relquest,0.0,"[1, 5]",10.0,13.533,1,1.0,451,fourth
Qylioizs5jc131vg02xf9ubyxQ,learn_relquest,0.0,"[3, 4]",11.0,1.781,1,1.0,452,fourth
Qylioizs5jc131vg02xf9ubyxQ,learn_relquest,0.0,"[6, 1]",12.0,1.39,0,0.0,453,fourth
Qylioizs5jc131vg02xf9ubyxQ,learn_relquest,1.0,"[7, 6]",13.0,1.157,0,1.0,454,fourth
Qylioizs5jc131vg02xf9ubyxQ,learn_relquest,0.0,"[4, 7]",14.0,1.269,0,0.0,455,fourth
Qylioizs5jc131vg02xf9ubyxQ,learn_relquest,1.0,"[6, 7]",15.0,1.101,0,1.0,456,fourth
Qylioizs5jc131vg02xf9ubyxQ,learn_relquest,1.0,"[1, 7]",16.0,1.949,0,1.0,457,fourth
Qylioizs5jc131vg02xf9ubyxQ,learn_relquest,0.0,"[4, 2]",17.0,18.165,1,1.0,458,fourth
Qylioizs5jc131vg02xf9ubyxQ,learn_relquest,0.0,"[6, 3]",18.0,2.069,1,1.0,459,fourth
Qylioizs5jc131vg02xf9ubyxQ,learn_relquest,1.0,"[7, 0]",19.0,1.197,0,1.0,460,fourth
Qylioizs5jc131vg02xf9ubyxQ,learn_relquest,0.0,"[1, 6]",20.0,1.429,0,0.0,461,fourth
Qylioizs5jc131vg02xf9ubyxQ,learn_relquest,1.0,"[0, 7]",21.0,2.365,0,1.0,462,fourth
Qylioizs5jc131vg02xf9ubyxQ,learn_relquest,1.0,"[6, 5]",22.0,4.766,0,1.0,463,fourth
Qylioizs5jc131vg02xf9ubyxQ,learn_relquest,1.0,"[7, 1]",23.0,1.493,0,1.0,464,fourth
Qylioizs5jc131vg02xf9ubyxQ,learn_relquest,0.0,"[1, 0]",24.0,1.373,0,0.0,465,fourth
Qylioizs5jc131vg02xf9ubyxQ,learn_relquest,0.0,"[7, 2]",25.0,14.381,1,1.0,466,fourth
Qylioizs5jc131vg02xf9ubyxQ,learn_relquest,0.0,"[6, 4]",26.0,1.525,0,0.0,467,fourth
Qylioizs5jc131vg02xf9ubyxQ,learn_relquest,0.0,"[4, 6]",27.0,1.709,0,0.0,468,fourth
Qbcga2qvv1sic3amq7v3953hfQ,learn_relquest,1.0,"[1, 7]",0.0,4.342,1,0.0,99,first
Qbcga2qvv1sic3amq7v3953hfQ,learn_relquest,1.0,"[6, 7]",1.0,2.822,0,1.0,100,first
Qbcga2qvv1sic3amq7v3953hfQ,learn_relquest,0.0,"[7, 2]",2.0,1.911,0,0.0,101,first
Qbcga2qvv1sic3amq7v3953hfQ,learn_relquest,0.0,"[1, 0]",3.0,1.495,1,1.0,102,first
Qbcga2qvv1sic3amq7v3953hfQ,learn_relquest,1.0,"[0, 7]",4.0,1.935,0,1.0,103,first
Qbcga2qvv1sic3amq7v3953hfQ,learn_relquest,0.0,"[7, 5]",5.0,1.543,0,0.0,104,first
Qbcga2qvv1sic3amq7v3953hfQ,learn_relquest,0.0,"[1, 5]",6.0,1.639,1,1.0,105,first
Qbcga2qvv1sic3amq7v3953hfQ,learn_relquest,1.0,"[7, 6]",7.0,2.534,0,1.0,106,first
Qbcga2qvv1sic3amq7v3953hfQ,learn_relquest,1.0,"[1, 4]",8.0,1.566,1,0.0,107,first
Qbcga2qvv1sic3amq7v3953hfQ,learn_relquest,1.0,"[7, 1]",9.0,2.175,0,1.0,108,first
Qbcga2qvv1sic3amq7v3953hfQ,learn_relquest,1.0,"[5, 3]",10.0,1.606,0,1.0,109,first
Qbcga2qvv1sic3amq7v3953hfQ,learn_relquest,0.0,"[6, 4]",11.0,2.375,1,1.0,110,first
Qbcga2qvv1sic3amq7v3953hfQ,learn_relquest,1.0,"[7, 0]",12.0,1.422,0,1.0,111,first
Qbcga2qvv1sic3amq7v3953hfQ,learn_relquest,0.0,"[3, 7]",13.0,2.679,0,0.0,112,first
Qbcga2qvv1sic3amq7v3953hfQ,learn_relquest,0.0,"[5, 1]",14.0,3.854,1,1.0,113,first
Qbcga2qvv1sic3amq7v3953hfQ,learn_relquest,0.0,"[2, 7]",15.0,3.174,0,0.0,114,first
Qbcga2qvv1sic3amq7v3953hfQ,learn_relquest,1.0,"[5, 6]",16.0,1.655,0,1.0,115,first
Qbcga2qvv1sic3amq7v3953hfQ,learn_relquest,1.0,"[4, 1]",17.0,1.246,1,0.0,116,first
Qbcga2qvv1sic3amq7v3953hfQ,learn_relquest,0.0,"[2, 0]",18.0,2.503,1,1.0,117,first
Qbcga2qvv1sic3amq7v3953hfQ,learn_relquest,0.0,"[4, 3]",19.0,1.831,1,1.0,118,first
Qbcga2qvv1sic3amq7v3953hfQ,learn_relquest,0.0,"[3, 6]",20.0,1.766,0,0.0,119,first
Qbcga2qvv1sic3amq7v3953hfQ,learn_relquest,0.0,"[4, 2]",21.0,2.535,0,0.0,120,first
Qbcga2qvv1sic3amq7v3953hfQ,learn_relquest,1.0,"[2, 6]",22.0,1.767,0,1.0,121,first
Qbcga2qvv1sic3amq7v3953hfQ,learn_relquest,0.0,"[4, 6]",23.0,3.599,1,1.0,122,first
Qbcga2qvv1sic3amq7v3953hfQ,learn_relquest,0.0,"[5, 2]",24.0,1.927,0,0.0,123,first
Qbcga2qvv1sic3amq7v3953hfQ,learn_relquest,1.0,"[3, 5]",25.0,1.231,0,1.0,124,first
Qbcga2qvv1sic3amq7v3953hfQ,learn_relquest,1.0,"[6, 5]",26.0,1.286,0,1.0,125,first
Qbcga2qvv1sic3amq7v3953hfQ,learn_relquest,1.0,"[6, 2]",27.0,1.934,1,0.0,126,first
Qbcga2qvv1sic3amq7v3953hfQ,learn_relquest,1.0,"[7, 1]",0.0,4.542,1,0.0,213,second
Qbcga2qvv1sic3amq7v3953hfQ,learn_relquest,0.0,"[7, 5]",1.0,1.926,1,1.0,214,second
Qbcga2qvv1sic3amq7v3953hfQ,learn_relquest,0.0,"[6, 0]",2.0,1.679,0,0.0,215,second
Qbcga2qvv1sic3amq7v3953hfQ,learn_relquest,1.0,"[6, 2]",3.0,1.518,1,0.0,216,second
Qbcga2qvv1sic3amq7v3953hfQ,learn_relquest,1.0,"[0, 7]",4.0,1.367,0,1.0,217,second
Qbcga2qvv1sic3amq7v3953hfQ,learn_relquest,0.0,"[1, 6]",5.0,2.279,1,1.0,218,second
Qbcga2qvv1sic3amq7v3953hfQ,learn_relquest,1.0,"[2, 6]",6.0,1.631,0,1.0,219,second
Qbcga2qvv1sic3amq7v3953hfQ,learn_relquest,1.0,"[5, 6]",7.0,1.11,0,1.0,220,second
Qbcga2qvv1sic3amq7v3953hfQ,learn_relquest,0.0,"[4, 6]",8.0,1.271,1,1.0,221,second
Qbcga2qvv1sic3amq7v3953hfQ,learn_relquest,0.0,"[1, 3]",9.0,1.375,1,1.0,222,second
Qbcga2qvv1sic3amq7v3953hfQ,learn_relquest,0.0,"[0, 4]",10.0,1.166,1,1.0,223,second
Qbcga2qvv1sic3amq7v3953hfQ,learn_relquest,0.0,"[1, 0]",11.0,2.847,1,1.0,224,second
Qbcga2qvv1sic3amq7v3953hfQ,learn_relquest,0.0,"[3, 4]",12.0,1.502,0,0.0,225,second
Qbcga2qvv1sic3amq7v3953hfQ,learn_relquest,1.0,"[6, 5]",13.0,1.078,0,1.0,226,second
Qbcga2qvv1sic3amq7v3953hfQ,learn_relquest,1.0,"[5, 3]",14.0,1.503,0,1.0,227,second
Qbcga2qvv1sic3amq7v3953hfQ,learn_relquest,1.0,"[1, 4]",15.0,1.118,1,0.0,228,second
Qbcga2qvv1sic3amq7v3953hfQ,learn_relquest,0.0,"[4, 0]",16.0,2.535,1,1.0,229,second
Qbcga2qvv1sic3amq7v3953hfQ,learn_relquest,0.0,"[0, 5]",17.0,2.023,1,1.0,230,second
Qbcga2qvv1sic3amq7v3953hfQ,learn_relquest,1.0,"[7, 6]",18.0,1.15,0,1.0,231,second
Qbcga2qvv1sic3amq7v3953hfQ,learn_relquest,1.0,"[1, 7]",19.0,1.119,0,1.0,232,second
Qbcga2qvv1sic3amq7v3953hfQ,learn_relquest,0.0,"[4, 5]",20.0,1.822,0,0.0,233,second
Qbcga2qvv1sic3amq7v3953hfQ,learn_relquest,1.0,"[4, 1]",21.0,1.67,1,0.0,234,second
Qbcga2qvv1sic3amq7v3953hfQ,learn_relquest,0.0,"[3, 0]",22.0,2.103,1,1.0,235,second
Qbcga2qvv1sic3amq7v3953hfQ,learn_relquest,1.0,"[6, 7]",23.0,0.95,0,1.0,236,second
Qbcga2qvv1sic3amq7v3953hfQ,learn_relquest,0.0,"[5, 1]",24.0,1.615,0,0.0,237,second
Qbcga2qvv1sic3amq7v3953hfQ,learn_relquest,1.0,"[7, 0]",25.0,1.031,0,1.0,238,second
Qbcga2qvv1sic3amq7v3953hfQ,learn_relquest,1.0,"[3, 5]",26.0,1.135,0,1.0,239,second
Qbcga2qvv1sic3amq7v3953hfQ,learn_relquest,0.0,"[2, 3]",27.0,3.079,1,1.0,240,second
Qbcga2qvv1sic3amq7v3953hfQ,learn_relquest,0.0,"[0, 1]",0.0,3.446,1,1.0,327,third
Qbcga2qvv1sic3amq7v3953hfQ,learn_relquest,1.0,"[2, 6]",1.0,1.43,1,0.0,328,third
Qbcga2qvv1sic3amq7v3953hfQ,learn_relquest,0.0,"[3, 6]",2.0,1.286,0,0.0,329,third
Qbcga2qvv1sic3amq7v3953hfQ,learn_relquest,1.0,"[3, 5]",3.0,1.295,0,1.0,330,third
Qbcga2qvv1sic3amq7v3953hfQ,learn_relquest,1.0,"[7, 0]",4.0,1.054,0,1.0,331,third
Qbcga2qvv1sic3amq7v3953hfQ,learn_relquest,1.0,"[6, 5]",5.0,1.071,0,1.0,332,third
Qbcga2qvv1sic3amq7v3953hfQ,learn_relquest,1.0,"[5, 6]",6.0,1.015,0,1.0,333,third
Qbcga2qvv1sic3amq7v3953hfQ,learn_relquest,0.0,"[1, 0]",7.0,1.527,1,1.0,334,third
Qbcga2qvv1sic3amq7v3953hfQ,learn_relquest,0.0,"[7, 2]",8.0,1.126,1,1.0,335,third
Qbcga2qvv1sic3amq7v3953hfQ,learn_relquest,0.0,"[4, 3]",9.0,1.719,1,1.0,336,third
Qbcga2qvv1sic3amq7v3953hfQ,learn_relquest,0.0,"[3, 0]",10.0,1.478,1,1.0,337,third
Qbcga2qvv1sic3amq7v3953hfQ,learn_relquest,0.0,"[5, 7]",11.0,1.103,0,0.0,338,third
Qbcga2qvv1sic3amq7v3953hfQ,learn_relquest,1.0,"[7, 1]",12.0,2.799,0,1.0,339,third
Qbcga2qvv1sic3amq7v3953hfQ,learn_relquest,0.0,"[3, 2]",13.0,2.486,1,1.0,340,third
Qbcga2qvv1sic3amq7v3953hfQ,learn_relquest,1.0,"[6, 7]",14.0,0.911,0,1.0,341,third
Qbcga2qvv1sic3amq7v3953hfQ,learn_relquest,0.0,"[2, 4]",15.0,1.406,1,1.0,342,third
Qbcga2qvv1sic3amq7v3953hfQ,learn_relquest,1.0,"[1, 4]",16.0,1.046,1,0.0,343,third
Qbcga2qvv1sic3amq7v3953hfQ,learn_relquest,0.0,"[5, 1]",17.0,1.263,0,0.0,344,third
Qbcga2qvv1sic3amq7v3953hfQ,learn_relquest,1.0,"[6, 2]",18.0,1.742,1,0.0,345,third
Qbcga2qvv1sic3amq7v3953hfQ,learn_relquest,1.0,"[1, 7]",19.0,1.222,0,1.0,346,third
Qbcga2qvv1sic3amq7v3953hfQ,learn_relquest,1.0,"[4, 1]",20.0,1.303,1,0.0,347,third
Qbcga2qvv1sic3amq7v3953hfQ,learn_relquest,1.0,"[7, 6]",21.0,0.974,0,1.0,348,third
Qbcga2qvv1sic3amq7v3953hfQ,learn_relquest,0.0,"[5, 2]",22.0,1.903,1,1.0,349,third
Qbcga2qvv1sic3amq7v3953hfQ,learn_relquest,1.0,"[5, 3]",23.0,1.582,0,1.0,350,third
Qbcga2qvv1sic3amq7v3953hfQ,learn_relquest,1.0,"[0, 7]",24.0,1.023,0,1.0,351,third
Qbcga2qvv1sic3amq7v3953hfQ,learn_relquest,0.0,"[2, 3]",25.0,1.383,0,0.0,352,third
Qbcga2qvv1sic3amq7v3953hfQ,learn_relquest,0.0,"[3, 4]",26.0,1.039,1,1.0,353,third
Qbcga2qvv1sic3amq7v3953hfQ,learn_relquest,0.0,"[6, 3]",27.0,0.878,0,0.0,354,third
Qbcga2qvv1sic3amq7v3953hfQ,learn_relquest,0.0,"[5, 4]",0.0,2.558,1,1.0,441,fourth
Qbcga2qvv1sic3amq7v3953hfQ,learn_relquest,0.0,"[2, 7]",1.0,1.263,1,1.0,442,fourth
Qbcga2qvv1sic3amq7v3953hfQ,learn_relquest,1.0,"[7, 0]",2.0,1.222,0,1.0,443,fourth
Qbcga2qvv1sic3amq7v3953hfQ,learn_relquest,1.0,"[0, 7]",3.0,0.983,0,1.0,444,fourth
Qbcga2qvv1sic3amq7v3953hfQ,learn_relquest,1.0,"[2, 6]",4.0,2.886,1,0.0,445,fourth
Qbcga2qvv1sic3amq7v3953hfQ,learn_relquest,1.0,"[1, 7]",5.0,1.535,0,1.0,446,fourth
Qbcga2qvv1sic3amq7v3953hfQ,learn_relquest,0.0,"[4, 6]",6.0,1.686,1,1.0,447,fourth
Qbcga2qvv1sic3amq7v3953hfQ,learn_relquest,0.0,"[6, 3]",7.0,1.999,0,0.0,448,fourth
Qbcga2qvv1sic3amq7v3953hfQ,learn_relquest,1.0,"[7, 1]",8.0,1.359,0,1.0,449,fourth
Qbcga2qvv1sic3amq7v3953hfQ,learn_relquest,0.0,"[7, 4]",9.0,1.23,0,0.0,450,fourth
Qbcga2qvv1sic3amq7v3953hfQ,learn_relquest,1.0,"[6, 5]",10.0,0.95,0,1.0,451,fourth
Qbcga2qvv1sic3amq7v3953hfQ,learn_relquest,0.0,"[5, 2]",11.0,2.415,1,1.0,452,fourth
Qbcga2qvv1sic3amq7v3953hfQ,learn_relquest,1.0,"[6, 2]",12.0,1.391,1,0.0,453,fourth
Qbcga2qvv1sic3amq7v3953hfQ,learn_relquest,0.0,"[1, 3]",13.0,1.47,1,1.0,454,fourth
Qbcga2qvv1sic3amq7v3953hfQ,learn_relquest,1.0,"[3, 5]",14.0,0.99,0,1.0,455,fourth
Qbcga2qvv1sic3amq7v3953hfQ,learn_relquest,0.0,"[2, 5]",15.0,1.534,1,1.0,456,fourth
Qbcga2qvv1sic3amq7v3953hfQ,learn_relquest,0.0,"[3, 1]",16.0,1.687,1,1.0,457,fourth
Qbcga2qvv1sic3amq7v3953hfQ,learn_relquest,0.0,"[7, 5]",17.0,1.038,0,0.0,458,fourth
Qbcga2qvv1sic3amq7v3953hfQ,learn_relquest,1.0,"[1, 4]",18.0,2.343,1,0.0,459,fourth
Qbcga2qvv1sic3amq7v3953hfQ,learn_relquest,0.0,"[3, 2]",19.0,1.479,0,0.0,460,fourth
Qbcga2qvv1sic3amq7v3953hfQ,learn_relquest,0.0,"[0, 1]",20.0,1.735,1,1.0,461,fourth
Qbcga2qvv1sic3amq7v3953hfQ,learn_relquest,1.0,"[6, 7]",21.0,0.894,0,1.0,462,fourth
Qbcga2qvv1sic3amq7v3953hfQ,learn_relquest,0.0,"[0, 6]",22.0,1.991,1,1.0,463,fourth
Qbcga2qvv1sic3amq7v3953hfQ,learn_relquest,0.0,"[3, 4]",23.0,1.566,1,1.0,464,fourth
Qbcga2qvv1sic3amq7v3953hfQ,learn_relquest,1.0,"[4, 1]",24.0,1.551,1,0.0,465,fourth
Qbcga2qvv1sic3amq7v3953hfQ,learn_relquest,1.0,"[5, 6]",25.0,0.823,0,1.0,466,fourth
Qbcga2qvv1sic3amq7v3953hfQ,learn_relquest,1.0,"[5, 3]",26.0,0.982,0,1.0,467,fourth
Qbcga2qvv1sic3amq7v3953hfQ,learn_relquest,1.0,"[7, 6]",27.0,1.167,0,1.0,468,fourth
Qbcga2qvv1sic3amq7v3953hfQ,learn_relquest,1.0,"[4, 1]",0.0,1.823,1,0.0,555,fifth
Qbcga2qvv1sic3amq7v3953hfQ,learn_relquest,1.0,"[6, 2]",1.0,1.822,1,0.0,556,fifth
Qbcga2qvv1sic3amq7v3953hfQ,learn_relquest,0.0,"[0, 6]",2.0,1.422,1,1.0,557,fifth
Qbcga2qvv1sic3amq7v3953hfQ,learn_relquest,0.0,"[4, 6]",3.0,1.591,0,0.0,558,fifth
Qbcga2qvv1sic3amq7v3953hfQ,learn_relquest,0.0,"[5, 4]",4.0,2.118,1,1.0,559,fifth
Qbcga2qvv1sic3amq7v3953hfQ,learn_relquest,1.0,"[5, 6]",5.0,1.198,0,1.0,560,fifth
Qbcga2qvv1sic3amq7v3953hfQ,learn_relquest,1.0,"[2, 6]",6.0,3.551,1,0.0,561,fifth
Qbcga2qvv1sic3amq7v3953hfQ,learn_relquest,0.0,"[7, 2]",7.0,1.886,0,0.0,562,fifth
Qbcga2qvv1sic3amq7v3953hfQ,learn_relquest,1.0,"[6, 7]",8.0,0.927,0,1.0,563,fifth
Qbcga2qvv1sic3amq7v3953hfQ,learn_relquest,1.0,"[1, 7]",9.0,0.951,0,1.0,564,fifth
Qbcga2qvv1sic3amq7v3953hfQ,learn_relquest,1.0,"[3, 5]",10.0,0.967,0,1.0,565,fifth
Qbcga2qvv1sic3amq7v3953hfQ,learn_relquest,0.0,"[0, 3]",11.0,2.622,1,1.0,566,fifth
Qbcga2qvv1sic3amq7v3953hfQ,learn_relquest,1.0,"[5, 3]",12.0,1.015,0,1.0,567,fifth
Qbcga2qvv1sic3amq7v3953hfQ,learn_relquest,1.0,"[7, 1]",13.0,1.023,0,1.0,568,fifth
Qbcga2qvv1sic3amq7v3953hfQ,learn_relquest,0.0,"[3, 1]",14.0,1.239,1,1.0,569,fifth
Qbcga2qvv1sic3amq7v3953hfQ,learn_relquest,0.0,"[3, 0]",15.0,3.03,0,0.0,570,fifth
Qbcga2qvv1sic3amq7v3953hfQ,learn_relquest,0.0,"[2, 0]",16.0,2.255,1,1.0,571,fifth
Qbcga2qvv1sic3amq7v3953hfQ,learn_relquest,0.0,"[2, 4]",17.0,2.014,1,1.0,572,fifth
Qbcga2qvv1sic3amq7v3953hfQ,learn_relquest,0.0,"[2, 1]",18.0,1.054,1,1.0,573,fifth
Qbcga2qvv1sic3amq7v3953hfQ,learn_relquest,1.0,"[6, 5]",19.0,0.91,0,1.0,574,fifth
Qbcga2qvv1sic3amq7v3953hfQ,learn_relquest,0.0,"[6, 3]",20.0,0.759,0,0.0,575,fifth
Qbcga2qvv1sic3amq7v3953hfQ,learn_relquest,1.0,"[7, 6]",21.0,0.71,0,1.0,576,fifth
Qbcga2qvv1sic3amq7v3953hfQ,learn_relquest,0.0,"[1, 3]",22.0,0.838,0,0.0,577,fifth
Qbcga2qvv1sic3amq7v3953hfQ,learn_relquest,0.0,"[1, 0]",23.0,1.855,0,0.0,578,fifth
Qbcga2qvv1sic3amq7v3953hfQ,learn_relquest,1.0,"[1, 4]",24.0,0.927,1,0.0,579,fifth
Qbcga2qvv1sic3amq7v3953hfQ,learn_relquest,1.0,"[0, 7]",25.0,0.91,0,1.0,580,fifth
Qbcga2qvv1sic3amq7v3953hfQ,learn_relquest,0.0,"[2, 7]",26.0,3.375,1,1.0,581,fifth
Qbcga2qvv1sic3amq7v3953hfQ,learn_relquest,1.0,"[7, 0]",27.0,0.807,0,1.0,582,fifth
Qtxqkyh0q83pg2f83jmcn3z1uQ,learn_relquest,1.0,"[1, 4]",0.0,2.361,0,1.0,99,first
Qtxqkyh0q83pg2f83jmcn3z1uQ,learn_relquest,0.0,"[5, 1]",1.0,3.596,1,1.0,100,first
Qtxqkyh0q83pg2f83jmcn3z1uQ,learn_relquest,1.0,"[6, 7]",2.0,1.152,0,1.0,101,first
Qtxqkyh0q83pg2f83jmcn3z1uQ,learn_relquest,0.0,"[3, 4]",3.0,1.812,0,0.0,102,first
Qtxqkyh0q83pg2f83jmcn3z1uQ,learn_relquest,0.0,"[4, 3]",4.0,2.226,0,0.0,103,first
Qtxqkyh0q83pg2f83jmcn3z1uQ,learn_relquest,1.0,"[6, 2]",5.0,6.026,0,1.0,104,first
Qtxqkyh0q83pg2f83jmcn3z1uQ,learn_relquest,0.0,"[2, 5]",6.0,4.442,0,0.0,105,first
Qtxqkyh0q83pg2f83jmcn3z1uQ,learn_relquest,0.0,"[3, 7]",7.0,0.966,0,0.0,106,first
Qtxqkyh0q83pg2f83jmcn3z1uQ,learn_relquest,1.0,"[7, 0]",8.0,2.173,1,0.0,107,first
Qtxqkyh0q83pg2f83jmcn3z1uQ,learn_relquest,0.0,"[5, 2]",9.0,5.899,0,0.0,108,first
Qtxqkyh0q83pg2f83jmcn3z1uQ,learn_relquest,1.0,"[1, 7]",10.0,4.705,1,0.0,109,first
Qtxqkyh0q83pg2f83jmcn3z1uQ,learn_relquest,0.0,"[1, 6]",11.0,1.903,1,1.0,110,first
Qtxqkyh0q83pg2f83jmcn3z1uQ,learn_relquest,1.0,"[5, 6]",12.0,3.769,0,1.0,111,first
Qtxqkyh0q83pg2f83jmcn3z1uQ,learn_relquest,1.0,"[3, 5]",13.0,2.06,0,1.0,112,first
Qtxqkyh0q83pg2f83jmcn3z1uQ,learn_relquest,0.0,"[2, 4]",14.0,2.974,0,0.0,113,first
Qtxqkyh0q83pg2f83jmcn3z1uQ,learn_relquest,1.0,"[6, 5]",15.0,4.851,0,1.0,114,first
Qtxqkyh0q83pg2f83jmcn3z1uQ,learn_relquest,1.0,"[5, 3]",16.0,3.498,1,0.0,115,first
Qtxqkyh0q83pg2f83jmcn3z1uQ,learn_relquest,0.0,"[3, 2]",17.0,3.05,1,1.0,116,first
Qtxqkyh0q83pg2f83jmcn3z1uQ,learn_relquest,1.0,"[7, 1]",18.0,1.766,0,1.0,117,first
Qtxqkyh0q83pg2f83jmcn3z1uQ,learn_relquest,0.0,"[1, 3]",19.0,2.429,0,0.0,118,first
Qtxqkyh0q83pg2f83jmcn3z1uQ,learn_relquest,1.0,"[2, 6]",20.0,3.377,0,1.0,119,first
Qtxqkyh0q83pg2f83jmcn3z1uQ,learn_relquest,0.0,"[7, 5]",21.0,2.348,1,1.0,120,first
Qtxqkyh0q83pg2f83jmcn3z1uQ,learn_relquest,0.0,"[7, 4]",22.0,1.082,0,0.0,121,first
Qtxqkyh0q83pg2f83jmcn3z1uQ,learn_relquest,1.0,"[0, 7]",23.0,2.255,1,0.0,122,first
Qtxqkyh0q83pg2f83jmcn3z1uQ,learn_relquest,0.0,"[2, 7]",24.0,3.905,0,0.0,123,first
Qtxqkyh0q83pg2f83jmcn3z1uQ,learn_relquest,1.0,"[7, 6]",25.0,0.905,0,1.0,124,first
Qtxqkyh0q83pg2f83jmcn3z1uQ,learn_relquest,0.0,"[6, 0]",26.0,2.036,0,0.0,125,first
Qtxqkyh0q83pg2f83jmcn3z1uQ,learn_relquest,1.0,"[4, 1]",27.0,2.518,0,1.0,126,first
Qtxqkyh0q83pg2f83jmcn3z1uQ,learn_relquest,1.0,"[5, 6]",0.0,4.291,0,1.0,213,second
Qtxqkyh0q83pg2f83jmcn3z1uQ,learn_relquest,1.0,"[0, 7]",1.0,1.686,1,0.0,214,second
Qtxqkyh0q83pg2f83jmcn3z1uQ,learn_relquest,1.0,"[6, 2]",2.0,1.655,0,1.0,215,second
Qtxqkyh0q83pg2f83jmcn3z1uQ,learn_relquest,1.0,"[5, 3]",3.0,2.771,0,1.0,216,second
Qtxqkyh0q83pg2f83jmcn3z1uQ,learn_relquest,0.0,"[1, 6]",4.0,1.753,0,0.0,217,second
Qtxqkyh0q83pg2f83jmcn3z1uQ,learn_relquest,0.0,"[5, 2]",5.0,2.898,0,0.0,218,second
Qtxqkyh0q83pg2f83jmcn3z1uQ,learn_relquest,1.0,"[1, 4]",6.0,1.37,0,1.0,219,second
Qtxqkyh0q83pg2f83jmcn3z1uQ,learn_relquest,0.0,"[6, 0]",7.0,1.881,1,1.0,220,second
Qtxqkyh0q83pg2f83jmcn3z1uQ,learn_relquest,0.0,"[7, 5]",8.0,1.64,0,0.0,221,second
Qtxqkyh0q83pg2f83jmcn3z1uQ,learn_relquest,1.0,"[7, 6]",9.0,1.893,0,1.0,222,second
Qtxqkyh0q83pg2f83jmcn3z1uQ,learn_relquest,1.0,"[3, 5]",10.0,2.75,0,1.0,223,second
Qtxqkyh0q83pg2f83jmcn3z1uQ,learn_relquest,0.0,"[3, 0]",11.0,1.826,1,1.0,224,second
Qtxqkyh0q83pg2f83jmcn3z1uQ,learn_relquest,1.0,"[6, 7]",12.0,1.131,0,1.0,225,second
Qtxqkyh0q83pg2f83jmcn3z1uQ,learn_relquest,0.0,"[4, 7]",13.0,1.58,0,0.0,226,second
Qtxqkyh0q83pg2f83jmcn3z1uQ,learn_relquest,1.0,"[7, 0]",14.0,2.284,0,1.0,227,second
Qtxqkyh0q83pg2f83jmcn3z1uQ,learn_relquest,1.0,"[4, 1]",15.0,1.409,0,1.0,228,second
Qtxqkyh0q83pg2f83jmcn3z1uQ,learn_relquest,0.0,"[2, 7]",16.0,1.266,0,0.0,229,second
Qtxqkyh0q83pg2f83jmcn3z1uQ,learn_relquest,1.0,"[2, 6]",17.0,1.774,0,1.0,230,second
Qtxqkyh0q83pg2f83jmcn3z1uQ,learn_relquest,0.0,"[1, 2]",18.0,1.949,1,1.0,231,second
Qtxqkyh0q83pg2f83jmcn3z1uQ,learn_relquest,1.0,"[6, 5]",19.0,3.004,0,1.0,232,second
Qtxqkyh0q83pg2f83jmcn3z1uQ,learn_relquest,0.0,"[5, 4]",20.0,3.492,1,1.0,233,second
Qtxqkyh0q83pg2f83jmcn3z1uQ,learn_relquest,1.0,"[7, 1]",21.0,1.106,0,1.0,234,second
Qtxqkyh0q83pg2f83jmcn3z1uQ,learn_relquest,1.0,"[1, 7]",22.0,1.266,0,1.0,235,second
Qtxqkyh0q83pg2f83jmcn3z1uQ,learn_relquest,0.0,"[0, 3]",23.0,1.924,1,1.0,236,second
Qtxqkyh0q83pg2f83jmcn3z1uQ,learn_relquest,0.0,"[2, 3]",24.0,5.269,0,0.0,237,second
Qtxqkyh0q83pg2f83jmcn3z1uQ,learn_relquest,0.0,"[3, 2]",25.0,1.326,0,0.0,238,second
Qtxqkyh0q83pg2f83jmcn3z1uQ,learn_relquest,0.0,"[6, 3]",26.0,3.395,1,1.0,239,second
Qtxqkyh0q83pg2f83jmcn3z1uQ,learn_relquest,0.0,"[0, 6]",27.0,2.119,0,0.0,240,second
Qtxqkyh0q83pg2f83jmcn3z1uQ,learn_relquest,0.0,"[1, 3]",0.0,6.304,0,0.0,327,third
Qtxqkyh0q83pg2f83jmcn3z1uQ,learn_relquest,1.0,"[0, 7]",1.0,1.535,0,1.0,328,third
Qtxqkyh0q83pg2f83jmcn3z1uQ,learn_relquest,1.0,"[7, 6]",2.0,2.938,0,1.0,329,third
Qtxqkyh0q83pg2f83jmcn3z1uQ,learn_relquest,1.0,"[1, 7]",3.0,2.614,0,1.0,330,third
Qtxqkyh0q83pg2f83jmcn3z1uQ,learn_relquest,0.0,"[2, 7]",4.0,2.193,1,1.0,331,third
Qtxqkyh0q83pg2f83jmcn3z1uQ,learn_relquest,1.0,"[6, 2]",5.0,3.381,0,1.0,332,third
Qtxqkyh0q83pg2f83jmcn3z1uQ,learn_relquest,0.0,"[4, 7]",6.0,4.917,0,0.0,333,third
Qtxqkyh0q83pg2f83jmcn3z1uQ,learn_relquest,1.0,"[2, 6]",7.0,2.412,1,0.0,334,third
Qtxqkyh0q83pg2f83jmcn3z1uQ,learn_relquest,0.0,"[2, 3]",8.0,2.118,1,1.0,335,third
Qtxqkyh0q83pg2f83jmcn3z1uQ,learn_relquest,1.0,"[7, 0]",9.0,2.039,0,1.0,336,third
Qtxqkyh0q83pg2f83jmcn3z1uQ,learn_relquest,0.0,"[6, 4]",10.0,4.69,0,0.0,337,third
Qtxqkyh0q83pg2f83jmcn3z1uQ,learn_relquest,1.0,"[1, 4]",11.0,1.881,0,1.0,338,third
Qtxqkyh0q83pg2f83jmcn3z1uQ,learn_relquest,1.0,"[5, 3]",12.0,4.835,1,0.0,339,third
Qtxqkyh0q83pg2f83jmcn3z1uQ,learn_relquest,0.0,"[6, 1]",13.0,5.637,0,0.0,340,third
Qtxqkyh0q83pg2f83jmcn3z1uQ,learn_relquest,1.0,"[6, 7]",14.0,1.25,0,1.0,341,third
Qtxqkyh0q83pg2f83jmcn3z1uQ,learn_relquest,1.0,"[5, 6]",15.0,3.708,0,1.0,342,third
Qtxqkyh0q83pg2f83jmcn3z1uQ,learn_relquest,1.0,"[3, 5]",16.0,1.004,0,1.0,343,third
Qtxqkyh0q83pg2f83jmcn3z1uQ,learn_relquest,0.0,"[2, 1]",17.0,2.118,1,1.0,344,third
Qtxqkyh0q83pg2f83jmcn3z1uQ,learn_relquest,0.0,"[0, 2]",18.0,2.797,1,1.0,345,third
Qtxqkyh0q83pg2f83jmcn3z1uQ,learn_relquest,0.0,"[2, 4]",19.0,1.705,1,1.0,346,third
Qtxqkyh0q83pg2f83jmcn3z1uQ,learn_relquest,0.0,"[7, 5]",20.0,1.572,0,0.0,347,third
Qtxqkyh0q83pg2f83jmcn3z1uQ,learn_relquest,1.0,"[6, 5]",21.0,3.103,0,1.0,348,third
Qtxqkyh0q83pg2f83jmcn3z1uQ,learn_relquest,0.0,"[1, 2]",22.0,0.987,1,1.0,349,third
Qtxqkyh0q83pg2f83jmcn3z1uQ,learn_relquest,0.0,"[7, 3]",23.0,1.904,0,0.0,350,third
Qtxqkyh0q83pg2f83jmcn3z1uQ,learn_relquest,0.0,"[2, 0]",24.0,1.371,1,1.0,351,third
Qtxqkyh0q83pg2f83jmcn3z1uQ,learn_relquest,0.0,"[0, 5]",25.0,1.086,1,1.0,352,third
Qtxqkyh0q83pg2f83jmcn3z1uQ,learn_relquest,1.0,"[4, 1]",26.0,1.923,0,1.0,353,third
Qtxqkyh0q83pg2f83jmcn3z1uQ,learn_relquest,1.0,"[7, 1]",27.0,2.151,0,1.0,354,third
Qtxqkyh0q83pg2f83jmcn3z1uQ,learn_relquest,0.0,"[2, 7]",0.0,5.846,1,1.0,441,fourth
Qtxqkyh0q83pg2f83jmcn3z1uQ,learn_relquest,1.0,"[7, 1]",1.0,1.054,0,1.0,442,fourth
Qtxqkyh0q83pg2f83jmcn3z1uQ,learn_relquest,0.0,"[2, 3]",2.0,2.121,1,1.0,443,fourth
Qtxqkyh0q83pg2f83jmcn3z1uQ,learn_relquest,1.0,"[7, 6]",3.0,1.106,0,1.0,444,fourth
Qtxqkyh0q83pg2f83jmcn3z1uQ,learn_relquest,1.0,"[5, 6]",4.0,1.812,0,1.0,445,fourth
Qtxqkyh0q83pg2f83jmcn3z1uQ,learn_relquest,0.0,"[5, 2]",5.0,2.135,1,1.0,446,fourth
Qtxqkyh0q83pg2f83jmcn3z1uQ,learn_relquest,0.0,"[0, 6]",6.0,2.188,1,1.0,447,fourth
Qtxqkyh0q83pg2f83jmcn3z1uQ,learn_relquest,1.0,"[4, 1]",7.0,2.224,0,1.0,448,fourth
Qtxqkyh0q83pg2f83jmcn3z1uQ,learn_relquest,1.0,"[6, 7]",8.0,0.726,0,1.0,449,fourth
Qtxqkyh0q83pg2f83jmcn3z1uQ,learn_relquest,0.0,"[4, 3]",9.0,2.727,0,0.0,450,fourth
Qtxqkyh0q83pg2f83jmcn3z1uQ,learn_relquest,0.0,"[3, 0]",10.0,1.318,1,1.0,451,fourth
Qtxqkyh0q83pg2f83jmcn3z1uQ,learn_relquest,1.0,"[7, 0]",11.0,1.362,0,1.0,452,fourth
Qtxqkyh0q83pg2f83jmcn3z1uQ,learn_relquest,1.0,"[6, 5]",12.0,2.789,0,1.0,453,fourth
Qtxqkyh0q83pg2f83jmcn3z1uQ,learn_relquest,1.0,"[1, 7]",13.0,3.446,0,1.0,454,fourth
Qtxqkyh0q83pg2f83jmcn3z1uQ,learn_relquest,0.0,"[5, 0]",14.0,1.513,1,1.0,455,fourth
Qtxqkyh0q83pg2f83jmcn3z1uQ,learn_relquest,1.0,"[1, 4]",15.0,2.998,0,1.0,456,fourth
Qtxqkyh0q83pg2f83jmcn3z1uQ,learn_relquest,1.0,"[6, 2]",16.0,1.954,0,1.0,457,fourth
Qtxqkyh0q83pg2f83jmcn3z1uQ,learn_relquest,1.0,"[3, 5]",17.0,1.887,1,0.0,458,fourth
Qtxqkyh0q83pg2f83jmcn3z1uQ,learn_relquest,1.0,"[2, 6]",18.0,2.922,0,1.0,459,fourth
Qtxqkyh0q83pg2f83jmcn3z1uQ,learn_relquest,0.0,"[1, 5]",19.0,1.244,0,0.0,460,fourth
Qtxqkyh0q83pg2f83jmcn3z1uQ,learn_relquest,1.0,"[5, 3]",20.0,2.688,0,1.0,461,fourth
Qtxqkyh0q83pg2f83jmcn3z1uQ,learn_relquest,0.0,"[0, 4]",21.0,2.248,1,1.0,462,fourth
Qtxqkyh0q83pg2f83jmcn3z1uQ,learn_relquest,0.0,"[0, 3]",22.0,1.264,1,1.0,463,fourth
Qtxqkyh0q83pg2f83jmcn3z1uQ,learn_relquest,1.0,"[0, 7]",23.0,1.647,0,1.0,464,fourth
Qtxqkyh0q83pg2f83jmcn3z1uQ,learn_relquest,0.0,"[7, 3]",24.0,1.933,1,1.0,465,fourth
Qtxqkyh0q83pg2f83jmcn3z1uQ,learn_relquest,0.0,"[7, 4]",25.0,2.841,0,0.0,466,fourth
Qtxqkyh0q83pg2f83jmcn3z1uQ,learn_relquest,0.0,"[2, 0]",26.0,1.251,1,1.0,467,fourth
Qtxqkyh0q83pg2f83jmcn3z1uQ,learn_relquest,0.0,"[3, 1]",27.0,1.255,1,1.0,468,fourth
Qtxqkyh0q83pg2f83jmcn3z1uQ,learn_relquest,1.0,"[7, 0]",0.0,2.208,0,1.0,555,fifth
Qtxqkyh0q83pg2f83jmcn3z1uQ,learn_relquest,1.0,"[7, 6]",1.0,1.956,0,1.0,556,fifth
Qtxqkyh0q83pg2f83jmcn3z1uQ,learn_relquest,1.0,"[0, 7]",2.0,1.882,0,1.0,557,fifth
Qtxqkyh0q83pg2f83jmcn3z1uQ,learn_relquest,0.0,"[5, 0]",3.0,2.996,1,1.0,558,fifth
Qtxqkyh0q83pg2f83jmcn3z1uQ,learn_relquest,1.0,"[6, 2]",4.0,2.974,0,1.0,559,fifth
Qtxqkyh0q83pg2f83jmcn3z1uQ,learn_relquest,1.0,"[2, 6]",5.0,1.19,0,1.0,560,fifth
Qtxqkyh0q83pg2f83jmcn3z1uQ,learn_relquest,1.0,"[5, 3]",6.0,2.082,0,1.0,561,fifth
Qtxqkyh0q83pg2f83jmcn3z1uQ,learn_relquest,1.0,"[6, 7]",7.0,1.056,0,1.0,562,fifth
Qtxqkyh0q83pg2f83jmcn3z1uQ,learn_relquest,0.0,"[2, 0]",8.0,1.346,1,1.0,563,fifth
Qtxqkyh0q83pg2f83jmcn3z1uQ,learn_relquest,0.0,"[7, 2]",9.0,2.84,0,0.0,564,fifth
Qtxqkyh0q83pg2f83jmcn3z1uQ,learn_relquest,0.0,"[4, 7]",10.0,1.206,0,0.0,565,fifth
Qtxqkyh0q83pg2f83jmcn3z1uQ,learn_relquest,0.0,"[4, 5]",11.0,2.029,1,1.0,566,fifth
Qtxqkyh0q83pg2f83jmcn3z1uQ,learn_relquest,0.0,"[2, 7]",12.0,2.72,0,0.0,567,fifth
Qtxqkyh0q83pg2f83jmcn3z1uQ,learn_relquest,0.0,"[3, 7]",13.0,2.075,1,1.0,568,fifth
Qtxqkyh0q83pg2f83jmcn3z1uQ,learn_relquest,1.0,"[3, 5]",14.0,1.257,0,1.0,569,fifth
Qtxqkyh0q83pg2f83jmcn3z1uQ,learn_relquest,0.0,"[0, 1]",15.0,1.662,1,1.0,570,fifth
Qtxqkyh0q83pg2f83jmcn3z1uQ,learn_relquest,1.0,"[1, 7]",16.0,1.64,0,1.0,571,fifth
Qtxqkyh0q83pg2f83jmcn3z1uQ,learn_relquest,1.0,"[7, 1]",17.0,2.284,0,1.0,572,fifth
Qtxqkyh0q83pg2f83jmcn3z1uQ,learn_relquest,0.0,"[3, 2]",18.0,1.266,1,1.0,573,fifth
Qtxqkyh0q83pg2f83jmcn3z1uQ,learn_relquest,0.0,"[1, 5]",19.0,3.746,1,1.0,574,fifth
Qtxqkyh0q83pg2f83jmcn3z1uQ,learn_relquest,0.0,"[2, 3]",20.0,2.729,1,1.0,575,fifth
Qtxqkyh0q83pg2f83jmcn3z1uQ,learn_relquest,1.0,"[1, 4]",21.0,2.568,0,1.0,576,fifth
Qtxqkyh0q83pg2f83jmcn3z1uQ,learn_relquest,0.0,"[2, 1]",22.0,1.19,1,1.0,577,fifth
Qtxqkyh0q83pg2f83jmcn3z1uQ,learn_relquest,1.0,"[6, 5]",23.0,3.956,0,1.0,578,fifth
Qtxqkyh0q83pg2f83jmcn3z1uQ,learn_relquest,0.0,"[6, 0]",24.0,1.514,1,1.0,579,fifth
Qtxqkyh0q83pg2f83jmcn3z1uQ,learn_relquest,1.0,"[4, 1]",25.0,1.775,0,1.0,580,fifth
Qtxqkyh0q83pg2f83jmcn3z1uQ,learn_relquest,1.0,"[5, 6]",26.0,2.802,0,1.0,581,fifth
Qtxqkyh0q83pg2f83jmcn3z1uQ,learn_relquest,0.0,"[4, 6]",27.0,2.331,0,0.0,582,fifth
Q37ags082twl5esx0j12xnfh1Q,learn_relquest,0.0,"[3, 2]",0.0,10.975,0,0.0,99,first
Q37ags082twl5esx0j12xnfh1Q,learn_relquest,1.0,"[7, 6]",1.0,1.648,0,1.0,100,first
Q37ags082twl5esx0j12xnfh1Q,learn_relquest,0.0,"[4, 0]",2.0,2.212,0,0.0,101,first
Q37ags082twl5esx0j12xnfh1Q,learn_relquest,1.0,"[6, 2]",3.0,4.043,0,1.0,102,first
Q37ags082twl5esx0j12xnfh1Q,learn_relquest,1.0,"[1, 7]",4.0,2.051,0,1.0,103,first
Q37ags082twl5esx0j12xnfh1Q,learn_relquest,1.0,"[2, 6]",5.0,1.496,0,1.0,104,first
Q37ags082twl5esx0j12xnfh1Q,learn_relquest,0.0,"[4, 3]",6.0,1.156,0,0.0,105,first
Q37ags082twl5esx0j12xnfh1Q,learn_relquest,1.0,"[6, 5]",7.0,1.303,0,1.0,106,first
Q37ags082twl5esx0j12xnfh1Q,learn_relquest,0.0,"[5, 7]",8.0,1.853,0,0.0,107,first
Q37ags082twl5esx0j12xnfh1Q,learn_relquest,1.0,"[6, 7]",9.0,8.367,0,1.0,108,first
Q37ags082twl5esx0j12xnfh1Q,learn_relquest,0.0,"[0, 5]",10.0,3.377,1,1.0,109,first
Q37ags082twl5esx0j12xnfh1Q,learn_relquest,0.0,"[2, 0]",11.0,1.854,1,1.0,110,first
Q37ags082twl5esx0j12xnfh1Q,learn_relquest,0.0,"[3, 7]",12.0,1.905,0,0.0,111,first
Q37ags082twl5esx0j12xnfh1Q,learn_relquest,1.0,"[3, 5]",13.0,1.155,0,1.0,112,first
Q37ags082twl5esx0j12xnfh1Q,learn_relquest,1.0,"[0, 7]",14.0,1.871,1,0.0,113,first
Q37ags082twl5esx0j12xnfh1Q,learn_relquest,0.0,"[5, 2]",15.0,1.909,1,1.0,114,first
Q37ags082twl5esx0j12xnfh1Q,learn_relquest,1.0,"[5, 3]",16.0,2.392,0,1.0,115,first
Q37ags082twl5esx0j12xnfh1Q,learn_relquest,0.0,"[6, 1]",17.0,4.181,1,1.0,116,first
Q37ags082twl5esx0j12xnfh1Q,learn_relquest,0.0,"[7, 5]",18.0,1.627,0,0.0,117,first
Q37ags082twl5esx0j12xnfh1Q,learn_relquest,1.0,"[7, 0]",19.0,2.559,1,0.0,118,first
Q37ags082twl5esx0j12xnfh1Q,learn_relquest,1.0,"[5, 6]",20.0,3.072,0,1.0,119,first
Q37ags082twl5esx0j12xnfh1Q,learn_relquest,0.0,"[4, 6]",21.0,2.198,1,1.0,120,first
Q37ags082twl5esx0j12xnfh1Q,learn_relquest,0.0,"[0, 6]",22.0,8.904,1,1.0,121,first
Q37ags082twl5esx0j12xnfh1Q,learn_relquest,1.0,"[4, 1]",23.0,1.593,1,0.0,122,first
Q37ags082twl5esx0j12xnfh1Q,learn_relquest,1.0,"[1, 4]",24.0,0.803,1,0.0,123,first
Q37ags082twl5esx0j12xnfh1Q,learn_relquest,0.0,"[2, 1]",25.0,4.057,1,1.0,124,first
Q37ags082twl5esx0j12xnfh1Q,learn_relquest,0.0,"[4, 7]",26.0,2.343,0,0.0,125,first
Q37ags082twl5esx0j12xnfh1Q,learn_relquest,1.0,"[7, 1]",27.0,0.955,0,1.0,126,first
Q37ags082twl5esx0j12xnfh1Q,learn_relquest,1.0,"[0, 7]",0.0,3.152,0,1.0,213,second
Q37ags082twl5esx0j12xnfh1Q,learn_relquest,0.0,"[3, 0]",1.0,0.899,0,0.0,214,second
Q37ags082twl5esx0j12xnfh1Q,learn_relquest,1.0,"[5, 6]",2.0,1.06,0,1.0,215,second
Q37ags082twl5esx0j12xnfh1Q,learn_relquest,0.0,"[4, 7]",3.0,0.905,0,0.0,216,second
Q37ags082twl5esx0j12xnfh1Q,learn_relquest,1.0,"[2, 6]",4.0,1.096,0,1.0,217,second
Q37ags082twl5esx0j12xnfh1Q,learn_relquest,0.0,"[4, 2]",5.0,2.096,1,1.0,218,second
Q37ags082twl5esx0j12xnfh1Q,learn_relquest,0.0,"[4, 6]",6.0,0.959,0,0.0,219,second
Q37ags082twl5esx0j12xnfh1Q,learn_relquest,0.0,"[2, 1]",7.0,1.251,0,0.0,220,second
Q37ags082twl5esx0j12xnfh1Q,learn_relquest,0.0,"[3, 4]",8.0,2.766,0,0.0,221,second
Q37ags082twl5esx0j12xnfh1Q,learn_relquest,0.0,"[5, 2]",9.0,0.9,0,0.0,222,second
Q37ags082twl5esx0j12xnfh1Q,learn_relquest,0.0,"[4, 0]",10.0,2.552,0,0.0,223,second
Q37ags082twl5esx0j12xnfh1Q,learn_relquest,1.0,"[7, 1]",11.0,2.163,1,0.0,224,second
Q37ags082twl5esx0j12xnfh1Q,learn_relquest,1.0,"[1, 4]",12.0,1.776,1,0.0,225,second
Q37ags082twl5esx0j12xnfh1Q,learn_relquest,0.0,"[6, 4]",13.0,2.124,1,1.0,226,second
Q37ags082twl5esx0j12xnfh1Q,learn_relquest,0.0,"[5, 1]",14.0,2.049,0,0.0,227,second
Q37ags082twl5esx0j12xnfh1Q,learn_relquest,0.0,"[1, 5]",15.0,2.086,1,1.0,228,second
Q37ags082twl5esx0j12xnfh1Q,learn_relquest,1.0,"[3, 5]",16.0,2.575,0,1.0,229,second
Q37ags082twl5esx0j12xnfh1Q,learn_relquest,0.0,"[1, 6]",17.0,1.141,0,0.0,230,second
Q37ags082twl5esx0j12xnfh1Q,learn_relquest,1.0,"[5, 3]",18.0,1.119,0,1.0,231,second
Q37ags082twl5esx0j12xnfh1Q,learn_relquest,0.0,"[7, 2]",19.0,1.065,0,0.0,232,second
Q37ags082twl5esx0j12xnfh1Q,learn_relquest,0.0,"[1, 0]",20.0,2.258,1,1.0,233,second
Q37ags082twl5esx0j12xnfh1Q,learn_relquest,1.0,"[6, 2]",21.0,1.975,0,1.0,234,second
Q37ags082twl5esx0j12xnfh1Q,learn_relquest,1.0,"[7, 0]",22.0,1.007,0,1.0,235,second
Q37ags082twl5esx0j12xnfh1Q,learn_relquest,1.0,"[6, 7]",23.0,1.251,0,1.0,236,second
Q37ags082twl5esx0j12xnfh1Q,learn_relquest,1.0,"[6, 5]",24.0,0.709,0,1.0,237,second
Q37ags082twl5esx0j12xnfh1Q,learn_relquest,1.0,"[4, 1]",25.0,1.767,0,1.0,238,second
Q37ags082twl5esx0j12xnfh1Q,learn_relquest,1.0,"[7, 6]",26.0,0.792,0,1.0,239,second
Q37ags082twl5esx0j12xnfh1Q,learn_relquest,1.0,"[1, 7]",27.0,0.982,0,1.0,240,second
Q37ags082twl5esx0j12xnfh1Q,learn_relquest,0.0,"[3, 1]",0.0,2.14,0,0.0,327,third
Q37ags082twl5esx0j12xnfh1Q,learn_relquest,0.0,"[2, 3]",1.0,0.497,0,0.0,328,third
Q37ags082twl5esx0j12xnfh1Q,learn_relquest,0.0,"[0, 2]",2.0,0.431,0,0.0,329,third
Q37ags082twl5esx0j12xnfh1Q,learn_relquest,1.0,"[6, 7]",3.0,0.422,0,1.0,330,third
Q37ags082twl5esx0j12xnfh1Q,learn_relquest,1.0,"[7, 0]",4.0,0.698,0,1.0,331,third
Q37ags082twl5esx0j12xnfh1Q,learn_relquest,1.0,"[1, 4]",5.0,0.476,0,1.0,332,third
Q37ags082twl5esx0j12xnfh1Q,learn_relquest,1.0,"[5, 3]",6.0,0.539,0,1.0,333,third
Q37ags082twl5esx0j12xnfh1Q,learn_relquest,1.0,"[0, 7]",7.0,1.088,0,1.0,334,third
Q37ags082twl5esx0j12xnfh1Q,learn_relquest,0.0,"[6, 0]",8.0,1.664,0,0.0,335,third
Q37ags082twl5esx0j12xnfh1Q,learn_relquest,1.0,"[7, 6]",9.0,0.625,0,1.0,336,third
Q37ags082twl5esx0j12xnfh1Q,learn_relquest,0.0,"[3, 4]",10.0,0.653,0,0.0,337,third
Q37ags082twl5esx0j12xnfh1Q,learn_relquest,1.0,"[7, 1]",11.0,2.207,0,1.0,338,third
Q37ags082twl5esx0j12xnfh1Q,learn_relquest,1.0,"[6, 2]",12.0,1.016,0,1.0,339,third
Q37ags082twl5esx0j12xnfh1Q,learn_relquest,1.0,"[6, 5]",13.0,1.3,0,1.0,340,third
Q37ags082twl5esx0j12xnfh1Q,learn_relquest,0.0,"[1, 0]",14.0,1.566,1,1.0,341,third
Q37ags082twl5esx0j12xnfh1Q,learn_relquest,1.0,"[5, 6]",15.0,3.05,1,0.0,342,third
Q37ags082twl5esx0j12xnfh1Q,learn_relquest,0.0,"[4, 7]",16.0,2.141,0,0.0,343,third
Q37ags082twl5esx0j12xnfh1Q,learn_relquest,0.0,"[7, 3]",17.0,0.829,0,0.0,344,third
Q37ags082twl5esx0j12xnfh1Q,learn_relquest,0.0,"[4, 6]",18.0,0.643,0,0.0,345,third
Q37ags082twl5esx0j12xnfh1Q,learn_relquest,1.0,"[1, 7]",19.0,0.852,0,1.0,346,third
Q37ags082twl5esx0j12xnfh1Q,learn_relquest,1.0,"[4, 1]",20.0,0.895,0,1.0,347,third
Q37ags082twl5esx0j12xnfh1Q,learn_relquest,0.0,"[3, 0]",21.0,2.286,1,1.0,348,third
Q37ags082twl5esx0j12xnfh1Q,learn_relquest,1.0,"[2, 6]",22.0,1.784,1,0.0,349,third
Q37ags082twl5esx0j12xnfh1Q,learn_relquest,0.0,"[5, 2]",23.0,2.744,0,0.0,350,third
Q37ags082twl5esx0j12xnfh1Q,learn_relquest,1.0,"[3, 5]",24.0,1.351,0,1.0,351,third
Q37ags082twl5esx0j12xnfh1Q,learn_relquest,0.0,"[5, 1]",25.0,1.813,0,0.0,352,third
Q37ags082twl5esx0j12xnfh1Q,learn_relquest,0.0,"[5, 4]",26.0,1.175,1,1.0,353,third
Q37ags082twl5esx0j12xnfh1Q,learn_relquest,0.0,"[6, 3]",27.0,1.6,1,1.0,354,third
Q37ags082twl5esx0j12xnfh1Q,learn_relquest,1.0,"[2, 6]",0.0,1.582,0,1.0,441,fourth
Q37ags082twl5esx0j12xnfh1Q,learn_relquest,0.0,"[4, 7]",1.0,0.72,0,0.0,442,fourth
Q37ags082twl5esx0j12xnfh1Q,learn_relquest,0.0,"[4, 0]",2.0,0.458,0,0.0,443,fourth
Q37ags082twl5esx0j12xnfh1Q,learn_relquest,1.0,"[1, 4]",3.0,0.433,0,1.0,444,fourth
Q37ags082twl5esx0j12xnfh1Q,learn_relquest,0.0,"[0, 2]",4.0,0.668,0,0.0,445,fourth
Q37ags082twl5esx0j12xnfh1Q,learn_relquest,1.0,"[5, 6]",5.0,0.658,0,1.0,446,fourth
Q37ags082twl5esx0j12xnfh1Q,learn_relquest,1.0,"[0, 7]",6.0,0.661,0,1.0,447,fourth
Q37ags082twl5esx0j12xnfh1Q,learn_relquest,0.0,"[1, 6]",7.0,0.475,0,0.0,448,fourth
Q37ags082twl5esx0j12xnfh1Q,learn_relquest,1.0,"[4, 1]",8.0,0.911,0,1.0,449,fourth
Q37ags082twl5esx0j12xnfh1Q,learn_relquest,1.0,"[3, 5]",9.0,0.908,0,1.0,450,fourth
Q37ags082twl5esx0j12xnfh1Q,learn_relquest,1.0,"[7, 1]",10.0,2.327,1,0.0,451,fourth
Q37ags082twl5esx0j12xnfh1Q,learn_relquest,0.0,"[3, 0]",11.0,1.5,1,1.0,452,fourth
Q37ags082twl5esx0j12xnfh1Q,learn_relquest,0.0,"[3, 6]",12.0,2.673,1,1.0,453,fourth
Q37ags082twl5esx0j12xnfh1Q,learn_relquest,1.0,"[7, 6]",13.0,1.419,0,1.0,454,fourth
Q37ags082twl5esx0j12xnfh1Q,learn_relquest,0.0,"[5, 4]",14.0,1.052,0,0.0,455,fourth
Q37ags082twl5esx0j12xnfh1Q,learn_relquest,1.0,"[6, 5]",15.0,0.839,0,1.0,456,fourth
Q37ags082twl5esx0j12xnfh1Q,learn_relquest,0.0,"[0, 3]",16.0,0.746,0,0.0,457,fourth
Q37ags082twl5esx0j12xnfh1Q,learn_relquest,0.0,"[4, 5]",17.0,0.749,0,0.0,458,fourth
Q37ags082twl5esx0j12xnfh1Q,learn_relquest,1.0,"[1, 7]",18.0,1.099,0,1.0,459,fourth
Q37ags082twl5esx0j12xnfh1Q,learn_relquest,1.0,"[6, 2]",19.0,0.936,0,1.0,460,fourth
Q37ags082twl5esx0j12xnfh1Q,learn_relquest,0.0,"[2, 5]",20.0,1.028,0,0.0,461,fourth
Q37ags082twl5esx0j12xnfh1Q,learn_relquest,0.0,"[6, 0]",21.0,3.072,1,1.0,462,fourth
Q37ags082twl5esx0j12xnfh1Q,learn_relquest,1.0,"[5, 3]",22.0,1.993,1,0.0,463,fourth
Q37ags082twl5esx0j12xnfh1Q,learn_relquest,0.0,"[6, 1]",23.0,1.693,0,0.0,464,fourth
Q37ags082twl5esx0j12xnfh1Q,learn_relquest,0.0,"[4, 3]",24.0,1.2,0,0.0,465,fourth
Q37ags082twl5esx0j12xnfh1Q,learn_relquest,0.0,"[4, 2]",25.0,1.123,0,0.0,466,fourth
Q37ags082twl5esx0j12xnfh1Q,learn_relquest,1.0,"[7, 0]",26.0,0.963,0,1.0,467,fourth
Q37ags082twl5esx0j12xnfh1Q,learn_relquest,1.0,"[6, 7]",27.0,0.918,0,1.0,468,fourth
Q37ags082twl5esx0j12xnfh1Q,learn_relquest,1.0,"[6, 7]",0.0,3.607,0,1.0,555,fifth
Q37ags082twl5esx0j12xnfh1Q,learn_relquest,0.0,"[5, 1]",1.0,0.767,0,0.0,556,fifth
Q37ags082twl5esx0j12xnfh1Q,learn_relquest,1.0,"[7, 1]",2.0,1.252,0,1.0,557,fifth
Q37ags082twl5esx0j12xnfh1Q,learn_relquest,0.0,"[2, 1]",3.0,1.103,0,0.0,558,fifth
Q37ags082twl5esx0j12xnfh1Q,learn_relquest,0.0,"[6, 3]",4.0,0.743,0,0.0,559,fifth
Q37ags082twl5esx0j12xnfh1Q,learn_relquest,1.0,"[1, 7]",5.0,0.658,0,1.0,560,fifth
Q37ags082twl5esx0j12xnfh1Q,learn_relquest,0.0,"[4, 7]",6.0,0.522,0,0.0,561,fifth
Q37ags082twl5esx0j12xnfh1Q,learn_relquest,1.0,"[6, 2]",7.0,0.605,0,1.0,562,fifth
Q37ags082twl5esx0j12xnfh1Q,learn_relquest,1.0,"[1, 4]",8.0,0.475,0,1.0,563,fifth
Q37ags082twl5esx0j12xnfh1Q,learn_relquest,0.0,"[3, 0]",9.0,0.331,0,0.0,564,fifth
Q37ags082twl5esx0j12xnfh1Q,learn_relquest,0.0,"[0, 3]",10.0,1.714,0,0.0,565,fifth
Q37ags082twl5esx0j12xnfh1Q,learn_relquest,1.0,"[7, 0]",11.0,1.274,0,1.0,566,fifth
Q37ags082twl5esx0j12xnfh1Q,learn_relquest,0.0,"[3, 6]",12.0,1.466,0,0.0,567,fifth
Q37ags082twl5esx0j12xnfh1Q,learn_relquest,1.0,"[2, 6]",13.0,1.04,0,1.0,568,fifth
Q37ags082twl5esx0j12xnfh1Q,learn_relquest,1.0,"[5, 6]",14.0,0.771,0,1.0,569,fifth
Q37ags082twl5esx0j12xnfh1Q,learn_relquest,0.0,"[2, 7]",15.0,1.309,0,0.0,570,fifth
Q37ags082twl5esx0j12xnfh1Q,learn_relquest,0.0,"[5, 0]",16.0,1.973,0,0.0,571,fifth
Q37ags082twl5esx0j12xnfh1Q,learn_relquest,0.0,"[1, 5]",17.0,1.408,1,1.0,572,fifth
Q37ags082twl5esx0j12xnfh1Q,learn_relquest,0.0,"[0, 2]",18.0,2.368,1,1.0,573,fifth
Q37ags082twl5esx0j12xnfh1Q,learn_relquest,1.0,"[7, 6]",19.0,2.232,0,1.0,574,fifth
Q37ags082twl5esx0j12xnfh1Q,learn_relquest,1.0,"[0, 7]",20.0,1.583,0,1.0,575,fifth
Q37ags082twl5esx0j12xnfh1Q,learn_relquest,1.0,"[3, 5]",21.0,1.037,0,1.0,576,fifth
Q37ags082twl5esx0j12xnfh1Q,learn_relquest,1.0,"[4, 1]",22.0,1.348,0,1.0,577,fifth
Q37ags082twl5esx0j12xnfh1Q,learn_relquest,0.0,"[6, 0]",23.0,3.312,0,0.0,578,fifth
Q37ags082twl5esx0j12xnfh1Q,learn_relquest,0.0,"[3, 7]",24.0,2.584,0,0.0,579,fifth
Q37ags082twl5esx0j12xnfh1Q,learn_relquest,0.0,"[2, 3]",25.0,1.153,0,0.0,580,fifth
Q37ags082twl5esx0j12xnfh1Q,learn_relquest,1.0,"[5, 3]",26.0,0.868,0,1.0,581,fifth
Q37ags082twl5esx0j12xnfh1Q,learn_relquest,1.0,"[6, 5]",27.0,1.049,0,1.0,582,fifth
Qjprh0fplk6izv5grn327rvqdQ,learn_relquest,0.0,"[4, 7]",0.0,2.681,0,0.0,99,first
Qjprh0fplk6izv5grn327rvqdQ,learn_relquest,1.0,"[2, 6]",1.0,2.233,0,1.0,100,first
Qjprh0fplk6izv5grn327rvqdQ,learn_relquest,1.0,"[1, 4]",2.0,1.353,1,0.0,101,first
Qjprh0fplk6izv5grn327rvqdQ,learn_relquest,0.0,"[6, 4]",3.0,1.361,0,0.0,102,first
Qjprh0fplk6izv5grn327rvqdQ,learn_relquest,1.0,"[1, 7]",4.0,1.278,0,1.0,103,first
Qjprh0fplk6izv5grn327rvqdQ,learn_relquest,1.0,"[6, 5]",5.0,1.099,0,1.0,104,first
Qjprh0fplk6izv5grn327rvqdQ,learn_relquest,0.0,"[3, 1]",6.0,1.594,1,1.0,105,first
Qjprh0fplk6izv5grn327rvqdQ,learn_relquest,0.0,"[0, 5]",7.0,2.495,1,1.0,106,first
Qjprh0fplk6izv5grn327rvqdQ,learn_relquest,0.0,"[3, 4]",8.0,1.181,1,1.0,107,first
Qjprh0fplk6izv5grn327rvqdQ,learn_relquest,0.0,"[5, 7]",9.0,1.603,1,1.0,108,first
Qjprh0fplk6izv5grn327rvqdQ,learn_relquest,0.0,"[2, 7]",10.0,0.638,0,0.0,109,first
Qjprh0fplk6izv5grn327rvqdQ,learn_relquest,1.0,"[6, 7]",11.0,0.684,0,1.0,110,first
Qjprh0fplk6izv5grn327rvqdQ,learn_relquest,1.0,"[7, 0]",12.0,0.923,0,1.0,111,first
Qjprh0fplk6izv5grn327rvqdQ,learn_relquest,1.0,"[6, 2]",13.0,0.557,0,1.0,112,first
Qjprh0fplk6izv5grn327rvqdQ,learn_relquest,0.0,"[2, 5]",14.0,0.607,0,0.0,113,first
Qjprh0fplk6izv5grn327rvqdQ,learn_relquest,0.0,"[1, 3]",15.0,1.26,1,1.0,114,first
Qjprh0fplk6izv5grn327rvqdQ,learn_relquest,0.0,"[3, 2]",16.0,0.717,1,1.0,115,first
Qjprh0fplk6izv5grn327rvqdQ,learn_relquest,1.0,"[5, 6]",17.0,0.829,0,1.0,116,first
Qjprh0fplk6izv5grn327rvqdQ,learn_relquest,0.0,"[7, 5]",18.0,0.837,0,0.0,117,first
Qjprh0fplk6izv5grn327rvqdQ,learn_relquest,0.0,"[0, 2]",19.0,0.658,0,0.0,118,first
Qjprh0fplk6izv5grn327rvqdQ,learn_relquest,1.0,"[7, 1]",20.0,0.575,0,1.0,119,first
Qjprh0fplk6izv5grn327rvqdQ,learn_relquest,0.0,"[1, 5]",21.0,0.566,0,0.0,120,first
Qjprh0fplk6izv5grn327rvqdQ,learn_relquest,0.0,"[4, 5]",22.0,0.55,0,0.0,121,first
Qjprh0fplk6izv5grn327rvqdQ,learn_relquest,1.0,"[5, 3]",23.0,0.754,0,1.0,122,first
Qjprh0fplk6izv5grn327rvqdQ,learn_relquest,1.0,"[4, 1]",24.0,0.683,0,1.0,123,first
Qjprh0fplk6izv5grn327rvqdQ,learn_relquest,1.0,"[3, 5]",25.0,1.777,1,0.0,124,first
Qjprh0fplk6izv5grn327rvqdQ,learn_relquest,1.0,"[7, 6]",26.0,1.381,0,1.0,125,first
Qjprh0fplk6izv5grn327rvqdQ,learn_relquest,1.0,"[0, 7]",27.0,3.628,0,1.0,126,first
Qjprh0fplk6izv5grn327rvqdQ,learn_relquest,1.0,"[1, 7]",0.0,5.353,0,1.0,213,second
Qjprh0fplk6izv5grn327rvqdQ,learn_relquest,0.0,"[1, 3]",1.0,10.984,1,1.0,214,second
Qjprh0fplk6izv5grn327rvqdQ,learn_relquest,0.0,"[2, 3]",2.0,3.522,1,1.0,215,second
Qjprh0fplk6izv5grn327rvqdQ,learn_relquest,0.0,"[4, 7]",3.0,11.13,1,1.0,216,second
Qjprh0fplk6izv5grn327rvqdQ,learn_relquest,0.0,"[0, 5]",4.0,12.542,1,1.0,217,second
Qjprh0fplk6izv5grn327rvqdQ,learn_relquest,0.0,"[0, 2]",5.0,16.502,1,1.0,218,second
Qjprh0fplk6izv5grn327rvqdQ,learn_relquest,0.0,"[3, 6]",6.0,6.2,1,1.0,219,second
Qjprh0fplk6izv5grn327rvqdQ,learn_relquest,1.0,"[2, 6]",7.0,1.093,0,1.0,220,second
Qjprh0fplk6izv5grn327rvqdQ,learn_relquest,1.0,"[1, 4]",8.0,11.276,1,0.0,221,second
Qjprh0fplk6izv5grn327rvqdQ,learn_relquest,0.0,"[3, 0]",9.0,3.83,1,1.0,222,second
Qjprh0fplk6izv5grn327rvqdQ,learn_relquest,1.0,"[6, 7]",10.0,3.621,0,1.0,223,second
Qjprh0fplk6izv5grn327rvqdQ,learn_relquest,0.0,"[4, 3]",11.0,4.528,1,1.0,224,second
Qjprh0fplk6izv5grn327rvqdQ,learn_relquest,1.0,"[4, 1]",12.0,18.794,0,1.0,225,second
Qjprh0fplk6izv5grn327rvqdQ,learn_relquest,0.0,"[0, 1]",13.0,6.938,0,0.0,226,second
Qjprh0fplk6izv5grn327rvqdQ,learn_relquest,1.0,"[7, 1]",14.0,8.631,0,1.0,227,second
Qjprh0fplk6izv5grn327rvqdQ,learn_relquest,1.0,"[3, 5]",15.0,2.237,0,1.0,228,second
Qjprh0fplk6izv5grn327rvqdQ,learn_relquest,1.0,"[7, 6]",16.0,4.047,0,1.0,229,second
Qjprh0fplk6izv5grn327rvqdQ,learn_relquest,0.0,"[1, 6]",17.0,1.237,0,0.0,230,second
Qjprh0fplk6izv5grn327rvqdQ,learn_relquest,0.0,"[2, 4]",18.0,1.722,0,0.0,231,second
Qjprh0fplk6izv5grn327rvqdQ,learn_relquest,1.0,"[5, 3]",19.0,4.148,0,1.0,232,second
Qjprh0fplk6izv5grn327rvqdQ,learn_relquest,1.0,"[7, 0]",20.0,26.718,0,1.0,233,second
Qjprh0fplk6izv5grn327rvqdQ,learn_relquest,1.0,"[6, 2]",21.0,1.152,0,1.0,234,second
Qjprh0fplk6izv5grn327rvqdQ,learn_relquest,0.0,"[3, 2]",22.0,2.26,0,0.0,235,second
Qjprh0fplk6izv5grn327rvqdQ,learn_relquest,1.0,"[5, 6]",23.0,0.936,0,1.0,236,second
Qjprh0fplk6izv5grn327rvqdQ,learn_relquest,1.0,"[0, 7]",24.0,2.134,0,1.0,237,second
Qjprh0fplk6izv5grn327rvqdQ,learn_relquest,0.0,"[3, 1]",25.0,4.577,0,0.0,238,second
Qjprh0fplk6izv5grn327rvqdQ,learn_relquest,0.0,"[0, 3]",26.0,6.38,1,1.0,239,second
Qjprh0fplk6izv5grn327rvqdQ,learn_relquest,1.0,"[6, 5]",27.0,2.337,0,1.0,240,second
Qjprh0fplk6izv5grn327rvqdQ,learn_relquest,1.0,"[7, 1]",0.0,14.721,0,1.0,327,third
Qjprh0fplk6izv5grn327rvqdQ,learn_relquest,0.0,"[3, 1]",1.0,4.265,0,0.0,328,third
Qjprh0fplk6izv5grn327rvqdQ,learn_relquest,1.0,"[1, 4]",2.0,3.693,0,1.0,329,third
Qjprh0fplk6izv5grn327rvqdQ,learn_relquest,1.0,"[4, 1]",3.0,1.379,0,1.0,330,third
Qjprh0fplk6izv5grn327rvqdQ,learn_relquest,0.0,"[3, 2]",4.0,26.538,1,1.0,331,third
Qjprh0fplk6izv5grn327rvqdQ,learn_relquest,1.0,"[2, 6]",5.0,9.195,0,1.0,332,third
Qjprh0fplk6izv5grn327rvqdQ,learn_relquest,0.0,"[2, 0]",6.0,39.729,1,1.0,333,third
Qjprh0fplk6izv5grn327rvqdQ,learn_relquest,0.0,"[6, 3]",7.0,6.577,1,1.0,334,third
Qjprh0fplk6izv5grn327rvqdQ,learn_relquest,0.0,"[2, 7]",8.0,9.324,1,1.0,335,third
Qjprh0fplk6izv5grn327rvqdQ,learn_relquest,1.0,"[6, 2]",9.0,8.279,0,1.0,336,third
Qjprh0fplk6izv5grn327rvqdQ,learn_relquest,0.0,"[0, 6]",10.0,15.442,1,1.0,337,third
Qjprh0fplk6izv5grn327rvqdQ,learn_relquest,1.0,"[1, 7]",11.0,3.294,0,1.0,338,third
Qjprh0fplk6izv5grn327rvqdQ,learn_relquest,1.0,"[7, 6]",12.0,12.635,0,1.0,339,third
Qjprh0fplk6izv5grn327rvqdQ,learn_relquest,0.0,"[7, 5]",13.0,7.254,1,1.0,340,third
Qjprh0fplk6izv5grn327rvqdQ,learn_relquest,1.0,"[5, 3]",14.0,8.09,0,1.0,341,third
Qjprh0fplk6izv5grn327rvqdQ,learn_relquest,1.0,"[0, 7]",15.0,17.63,0,1.0,342,third
Qjprh0fplk6izv5grn327rvqdQ,learn_relquest,0.0,"[1, 5]",16.0,18.028,1,1.0,343,third
Qjprh0fplk6izv5grn327rvqdQ,learn_relquest,0.0,"[6, 0]",17.0,18.712,1,1.0,344,third
Qjprh0fplk6izv5grn327rvqdQ,learn_relquest,1.0,"[7, 0]",18.0,3.338,0,1.0,345,third
Qjprh0fplk6izv5grn327rvqdQ,learn_relquest,1.0,"[5, 6]",19.0,6.469,0,1.0,346,third
Qjprh0fplk6izv5grn327rvqdQ,learn_relquest,1.0,"[6, 7]",20.0,6.998,0,1.0,347,third
Qjprh0fplk6izv5grn327rvqdQ,learn_relquest,0.0,"[4, 2]",21.0,16.899,1,1.0,348,third
Qjprh0fplk6izv5grn327rvqdQ,learn_relquest,0.0,"[1, 3]",22.0,5.323,0,0.0,349,third
Qjprh0fplk6izv5grn327rvqdQ,learn_relquest,0.0,"[5, 0]",23.0,17.55,1,1.0,350,third
Qjprh0fplk6izv5grn327rvqdQ,learn_relquest,1.0,"[3, 5]",24.0,14.587,0,1.0,351,third
Qjprh0fplk6izv5grn327rvqdQ,learn_relquest,0.0,"[1, 6]",25.0,12.93,1,1.0,352,third
Qjprh0fplk6izv5grn327rvqdQ,learn_relquest,1.0,"[6, 5]",26.0,17.36,0,1.0,353,third
Qjprh0fplk6izv5grn327rvqdQ,learn_relquest,0.0,"[0, 1]",27.0,17.005,1,1.0,354,third
Qjprh0fplk6izv5grn327rvqdQ,learn_relquest,1.0,"[6, 5]",0.0,6.676,0,1.0,441,fourth
Qjprh0fplk6izv5grn327rvqdQ,learn_relquest,1.0,"[7, 0]",1.0,5.378,0,1.0,442,fourth
Qjprh0fplk6izv5grn327rvqdQ,learn_relquest,0.0,"[3, 2]",2.0,13.589,1,1.0,443,fourth
Qjprh0fplk6izv5grn327rvqdQ,learn_relquest,0.0,"[2, 0]",3.0,14.329,1,1.0,444,fourth
Qjprh0fplk6izv5grn327rvqdQ,learn_relquest,0.0,"[4, 7]",4.0,19.812,1,1.0,445,fourth
Qjprh0fplk6izv5grn327rvqdQ,learn_relquest,0.0,"[4, 2]",5.0,4.141,0,0.0,446,fourth
Qjprh0fplk6izv5grn327rvqdQ,learn_relquest,0.0,"[2, 5]",6.0,13.42,1,1.0,447,fourth
Qjprh0fplk6izv5grn327rvqdQ,learn_relquest,1.0,"[6, 7]",7.0,6.436,0,1.0,448,fourth
Qjprh0fplk6izv5grn327rvqdQ,learn_relquest,1.0,"[7, 1]",8.0,0.082,0,1.0,449,fourth
Qjprh0fplk6izv5grn327rvqdQ,learn_relquest,1.0,"[6, 2]",9.0,4.46,0,1.0,450,fourth
Qjprh0fplk6izv5grn327rvqdQ,learn_relquest,1.0,"[5, 6]",10.0,2.285,0,1.0,451,fourth
Qjprh0fplk6izv5grn327rvqdQ,learn_relquest,0.0,"[5, 1]",11.0,15.406,1,1.0,452,fourth
Qjprh0fplk6izv5grn327rvqdQ,learn_relquest,0.0,"[1, 0]",12.0,22.418,1,1.0,453,fourth
Qjprh0fplk6izv5grn327rvqdQ,learn_relquest,1.0,"[1, 4]",13.0,9.14,0,1.0,454,fourth
Qjprh0fplk6izv5grn327rvqdQ,learn_relquest,0.0,"[5, 4]",14.0,21.079,1,1.0,455,fourth
Qjprh0fplk6izv5grn327rvqdQ,learn_relquest,0.0,"[7, 5]",15.0,20.847,1,1.0,456,fourth
Qjprh0fplk6izv5grn327rvqdQ,learn_relquest,1.0,"[7, 6]",16.0,5.672,0,1.0,457,fourth
Qjprh0fplk6izv5grn327rvqdQ,learn_relquest,1.0,"[2, 6]",17.0,5.806,0,1.0,458,fourth
Qjprh0fplk6izv5grn327rvqdQ,learn_relquest,1.0,"[3, 5]",18.0,4.718,0,1.0,459,fourth
Qjprh0fplk6izv5grn327rvqdQ,learn_relquest,0.0,"[5, 0]",19.0,22.36,1,1.0,460,fourth
Qjprh0fplk6izv5grn327rvqdQ,learn_relquest,0.0,"[4, 3]",20.0,52.372,1,1.0,461,fourth
Qjprh0fplk6izv5grn327rvqdQ,learn_relquest,0.0,"[7, 4]",21.0,13.977,1,1.0,462,fourth
Qjprh0fplk6izv5grn327rvqdQ,learn_relquest,0.0,"[4, 0]",22.0,10.72,1,1.0,463,fourth
Qjprh0fplk6izv5grn327rvqdQ,learn_relquest,1.0,"[4, 1]",23.0,3.339,0,1.0,464,fourth
Qjprh0fplk6izv5grn327rvqdQ,learn_relquest,0.0,"[3, 6]",24.0,16.508,1,1.0,465,fourth
Qjprh0fplk6izv5grn327rvqdQ,learn_relquest,1.0,"[1, 7]",25.0,5.726,0,1.0,466,fourth
Qjprh0fplk6izv5grn327rvqdQ,learn_relquest,1.0,"[5, 3]",26.0,5.394,0,1.0,467,fourth
Qjprh0fplk6izv5grn327rvqdQ,learn_relquest,1.0,"[0, 7]",27.0,5.084,0,1.0,468,fourth
Qjprh0fplk6izv5grn327rvqdQ,learn_relquest,0.0,"[2, 5]",0.0,7.633,1,1.0,555,fifth
Qjprh0fplk6izv5grn327rvqdQ,learn_relquest,1.0,"[4, 1]",1.0,2.8,0,1.0,556,fifth
Qjprh0fplk6izv5grn327rvqdQ,learn_relquest,1.0,"[1, 7]",2.0,2.8,0,1.0,557,fifth
Qjprh0fplk6izv5grn327rvqdQ,learn_relquest,1.0,"[7, 1]",3.0,1.025,0,1.0,558,fifth
Qjprh0fplk6izv5grn327rvqdQ,learn_relquest,0.0,"[7, 4]",4.0,5.138,0,0.0,559,fifth
Qjprh0fplk6izv5grn327rvqdQ,learn_relquest,0.0,"[3, 2]",5.0,3.807,1,1.0,560,fifth
Qjprh0fplk6izv5grn327rvqdQ,learn_relquest,0.0,"[5, 4]",6.0,4.959,1,1.0,561,fifth
Qjprh0fplk6izv5grn327rvqdQ,learn_relquest,0.0,"[3, 4]",7.0,2.637,1,1.0,562,fifth
Qjprh0fplk6izv5grn327rvqdQ,learn_relquest,1.0,"[7, 0]",8.0,6.374,0,1.0,563,fifth
Qjprh0fplk6izv5grn327rvqdQ,learn_relquest,0.0,"[3, 0]",9.0,6.072,1,1.0,564,fifth
Qjprh0fplk6izv5grn327rvqdQ,learn_relquest,0.0,"[2, 7]",10.0,6.811,1,1.0,565,fifth
Qjprh0fplk6izv5grn327rvqdQ,learn_relquest,1.0,"[5, 6]",11.0,1.859,0,1.0,566,fifth
Qjprh0fplk6izv5grn327rvqdQ,learn_relquest,1.0,"[0, 7]",12.0,2.154,0,1.0,567,fifth
Qjprh0fplk6izv5grn327rvqdQ,learn_relquest,1.0,"[7, 6]",13.0,5.054,0,1.0,568,fifth
Qjprh0fplk6izv5grn327rvqdQ,learn_relquest,0.0,"[2, 3]",14.0,4.393,1,1.0,569,fifth
Qjprh0fplk6izv5grn327rvqdQ,learn_relquest,0.0,"[5, 1]",15.0,4.232,1,1.0,570,fifth
Qjprh0fplk6izv5grn327rvqdQ,learn_relquest,1.0,"[5, 3]",16.0,4.158,0,1.0,571,fifth
Qjprh0fplk6izv5grn327rvqdQ,learn_relquest,0.0,"[4, 3]",17.0,5.324,1,1.0,572,fifth
Qjprh0fplk6izv5grn327rvqdQ,learn_relquest,1.0,"[6, 7]",18.0,2.225,0,1.0,573,fifth
Qjprh0fplk6izv5grn327rvqdQ,learn_relquest,0.0,"[1, 3]",19.0,2.902,1,1.0,574,fifth
Qjprh0fplk6izv5grn327rvqdQ,learn_relquest,0.0,"[4, 0]",20.0,7.523,1,1.0,575,fifth
Qjprh0fplk6izv5grn327rvqdQ,learn_relquest,0.0,"[6, 1]",21.0,1.92,0,0.0,576,fifth
Qjprh0fplk6izv5grn327rvqdQ,learn_relquest,0.0,"[4, 6]",22.0,6.063,1,1.0,577,fifth
Qjprh0fplk6izv5grn327rvqdQ,learn_relquest,1.0,"[6, 5]",23.0,4.538,0,1.0,578,fifth
Qjprh0fplk6izv5grn327rvqdQ,learn_relquest,1.0,"[1, 4]",24.0,4.81,0,1.0,579,fifth
Qjprh0fplk6izv5grn327rvqdQ,learn_relquest,1.0,"[6, 2]",25.0,1.527,0,1.0,580,fifth
Qjprh0fplk6izv5grn327rvqdQ,learn_relquest,1.0,"[2, 6]",26.0,0.853,0,1.0,581,fifth
Qjprh0fplk6izv5grn327rvqdQ,learn_relquest,1.0,"[3, 5]",27.0,3.459,0,1.0,582,fifth
Q2xhb444nihaa9r0moudvrc38Q,learn_relquest,0.0,"[7, 2]",0.0,8.151,1,1.0,99,first
Q2xhb444nihaa9r0moudvrc38Q,learn_relquest,1.0,"[7, 1]",1.0,3.822,1,0.0,100,first
Q2xhb444nihaa9r0moudvrc38Q,learn_relquest,0.0,"[5, 4]",2.0,4.65,1,1.0,101,first
Q2xhb444nihaa9r0moudvrc38Q,learn_relquest,1.0,"[4, 1]",3.0,2.152,0,1.0,102,first
Q2xhb444nihaa9r0moudvrc38Q,learn_relquest,0.0,"[5, 1]",4.0,6.248,1,1.0,103,first
Q2xhb444nihaa9r0moudvrc38Q,learn_relquest,1.0,"[7, 0]",5.0,1.686,0,1.0,104,first
Q2xhb444nihaa9r0moudvrc38Q,learn_relquest,1.0,"[7, 6]",6.0,2.211,0,1.0,105,first
Q2xhb444nihaa9r0moudvrc38Q,learn_relquest,1.0,"[2, 6]",7.0,1.814,0,1.0,106,first
Q2xhb444nihaa9r0moudvrc38Q,learn_relquest,0.0,"[0, 4]",8.0,3.217,1,1.0,107,first
Q2xhb444nihaa9r0moudvrc38Q,learn_relquest,0.0,"[3, 0]",9.0,2.001,1,1.0,108,first
Q2xhb444nihaa9r0moudvrc38Q,learn_relquest,0.0,"[4, 6]",10.0,1.563,1,1.0,109,first
Q2xhb444nihaa9r0moudvrc38Q,learn_relquest,1.0,"[1, 4]",11.0,3.886,1,0.0,110,first
Q2xhb444nihaa9r0moudvrc38Q,learn_relquest,1.0,"[1, 7]",12.0,2.18,0,1.0,111,first
Q2xhb444nihaa9r0moudvrc38Q,learn_relquest,1.0,"[6, 2]",13.0,5.145,0,1.0,112,first
Q2xhb444nihaa9r0moudvrc38Q,learn_relquest,1.0,"[6, 5]",14.0,1.307,0,1.0,113,first
Q2xhb444nihaa9r0moudvrc38Q,learn_relquest,0.0,"[7, 4]",15.0,1.609,0,0.0,114,first
Q2xhb444nihaa9r0moudvrc38Q,learn_relquest,1.0,"[5, 3]",16.0,3.303,1,0.0,115,first
Q2xhb444nihaa9r0moudvrc38Q,learn_relquest,0.0,"[5, 7]",17.0,6.138,0,0.0,116,first
Q2xhb444nihaa9r0moudvrc38Q,learn_relquest,0.0,"[0, 3]",18.0,1.919,1,1.0,117,first
Q2xhb444nihaa9r0moudvrc38Q,learn_relquest,1.0,"[6, 7]",19.0,2.117,0,1.0,118,first
Q2xhb444nihaa9r0moudvrc38Q,learn_relquest,0.0,"[2, 3]",20.0,4.909,1,1.0,119,first
Q2xhb444nihaa9r0moudvrc38Q,learn_relquest,1.0,"[5, 6]",21.0,1.719,0,1.0,120,first
Q2xhb444nihaa9r0moudvrc38Q,learn_relquest,0.0,"[2, 5]",22.0,1.489,1,1.0,121,first
Q2xhb444nihaa9r0moudvrc38Q,learn_relquest,0.0,"[0, 5]",23.0,1.519,0,0.0,122,first
Q2xhb444nihaa9r0moudvrc38Q,learn_relquest,1.0,"[0, 7]",24.0,3.256,1,0.0,123,first
Q2xhb444nihaa9r0moudvrc38Q,learn_relquest,1.0,"[3, 5]",25.0,1.322,0,1.0,124,first
Q2xhb444nihaa9r0moudvrc38Q,learn_relquest,0.0,"[4, 3]",26.0,1.404,0,0.0,125,first
Q2xhb444nihaa9r0moudvrc38Q,learn_relquest,0.0,"[1, 3]",27.0,3.922,1,1.0,126,first
Q2xhb444nihaa9r0moudvrc38Q,learn_relquest,1.0,"[1, 4]",0.0,8.236,0,1.0,213,second
Q2xhb444nihaa9r0moudvrc38Q,learn_relquest,1.0,"[5, 6]",1.0,3.954,0,1.0,214,second
Q2xhb444nihaa9r0moudvrc38Q,learn_relquest,0.0,"[7, 2]",2.0,5.543,1,1.0,215,second
Q2xhb444nihaa9r0moudvrc38Q,learn_relquest,1.0,"[7, 6]",3.0,3.793,0,1.0,216,second
Q2xhb444nihaa9r0moudvrc38Q,learn_relquest,0.0,"[0, 4]",4.0,4.693,1,1.0,217,second
Q2xhb444nihaa9r0moudvrc38Q,learn_relquest,0.0,"[2, 3]",5.0,1.951,0,0.0,218,second
Q2xhb444nihaa9r0moudvrc38Q,learn_relquest,0.0,"[3, 4]",6.0,2.14,0,0.0,219,second
Q2xhb444nihaa9r0moudvrc38Q,learn_relquest,1.0,"[3, 5]",7.0,8.001,1,0.0,220,second
Q2xhb444nihaa9r0moudvrc38Q,learn_relquest,1.0,"[6, 7]",8.0,1.582,0,1.0,221,second
Q2xhb444nihaa9r0moudvrc38Q,learn_relquest,1.0,"[1, 7]",9.0,4.213,0,1.0,222,second
Q2xhb444nihaa9r0moudvrc38Q,learn_relquest,0.0,"[6, 4]",10.0,2.694,1,1.0,223,second
Q2xhb444nihaa9r0moudvrc38Q,learn_relquest,0.0,"[1, 5]",11.0,2.586,0,0.0,224,second
Q2xhb444nihaa9r0moudvrc38Q,learn_relquest,1.0,"[6, 5]",12.0,4.626,0,1.0,225,second
Q2xhb444nihaa9r0moudvrc38Q,learn_relquest,0.0,"[3, 0]",13.0,5.927,1,1.0,226,second
Q2xhb444nihaa9r0moudvrc38Q,learn_relquest,0.0,"[5, 4]",14.0,7.352,1,1.0,227,second
Q2xhb444nihaa9r0moudvrc38Q,learn_relquest,0.0,"[0, 5]",15.0,5.091,1,1.0,228,second
Q2xhb444nihaa9r0moudvrc38Q,learn_relquest,0.0,"[1, 0]",16.0,2.177,0,0.0,229,second
Q2xhb444nihaa9r0moudvrc38Q,learn_relquest,0.0,"[7, 3]",17.0,3.177,1,1.0,230,second
Q2xhb444nihaa9r0moudvrc38Q,learn_relquest,0.0,"[2, 4]",18.0,2.144,0,0.0,231,second
Q2xhb444nihaa9r0moudvrc38Q,learn_relquest,1.0,"[2, 6]",19.0,1.204,0,1.0,232,second
Q2xhb444nihaa9r0moudvrc38Q,learn_relquest,0.0,"[0, 1]",20.0,6.033,1,1.0,233,second
Q2xhb444nihaa9r0moudvrc38Q,learn_relquest,1.0,"[6, 2]",21.0,3.41,0,1.0,234,second
Q2xhb444nihaa9r0moudvrc38Q,learn_relquest,1.0,"[5, 3]",22.0,6.746,1,0.0,235,second
Q2xhb444nihaa9r0moudvrc38Q,learn_relquest,1.0,"[4, 1]",23.0,1.501,0,1.0,236,second
Q2xhb444nihaa9r0moudvrc38Q,learn_relquest,0.0,"[4, 0]",24.0,5.769,1,1.0,237,second
Q2xhb444nihaa9r0moudvrc38Q,learn_relquest,1.0,"[7, 1]",25.0,5.928,0,1.0,238,second
Q2xhb444nihaa9r0moudvrc38Q,learn_relquest,1.0,"[0, 7]",26.0,1.631,0,1.0,239,second
Q2xhb444nihaa9r0moudvrc38Q,learn_relquest,1.0,"[7, 0]",27.0,1.044,0,1.0,240,second
Q2xhb444nihaa9r0moudvrc38Q,learn_relquest,0.0,"[4, 7]",0.0,2.079,0,0.0,327,third
Q2xhb444nihaa9r0moudvrc38Q,learn_relquest,1.0,"[0, 7]",1.0,1.43,0,1.0,328,third
Q2xhb444nihaa9r0moudvrc38Q,learn_relquest,1.0,"[6, 2]",2.0,3.269,0,1.0,329,third
Q2xhb444nihaa9r0moudvrc38Q,learn_relquest,1.0,"[7, 0]",3.0,1.325,0,1.0,330,third
Q2xhb444nihaa9r0moudvrc38Q,learn_relquest,1.0,"[4, 1]",4.0,1.425,0,1.0,331,third
Q2xhb444nihaa9r0moudvrc38Q,learn_relquest,0.0,"[4, 3]",5.0,2.988,1,1.0,332,third
Q2xhb444nihaa9r0moudvrc38Q,learn_relquest,0.0,"[1, 5]",6.0,3.013,1,1.0,333,third
Q2xhb444nihaa9r0moudvrc38Q,learn_relquest,0.0,"[2, 0]",7.0,1.299,1,1.0,334,third
Q2xhb444nihaa9r0moudvrc38Q,learn_relquest,0.0,"[2, 7]",8.0,2.827,0,0.0,335,third
Q2xhb444nihaa9r0moudvrc38Q,learn_relquest,0.0,"[0, 5]",9.0,1.397,1,1.0,336,third
Q2xhb444nihaa9r0moudvrc38Q,learn_relquest,0.0,"[5, 2]",10.0,1.243,1,1.0,337,third
Q2xhb444nihaa9r0moudvrc38Q,learn_relquest,0.0,"[3, 7]",11.0,1.041,1,1.0,338,third
Q2xhb444nihaa9r0moudvrc38Q,learn_relquest,1.0,"[1, 7]",12.0,1.375,0,1.0,339,third
Q2xhb444nihaa9r0moudvrc38Q,learn_relquest,1.0,"[3, 5]",13.0,1.549,0,1.0,340,third
Q2xhb444nihaa9r0moudvrc38Q,learn_relquest,1.0,"[1, 4]",14.0,0.85,0,1.0,341,third
Q2xhb444nihaa9r0moudvrc38Q,learn_relquest,1.0,"[6, 5]",15.0,3.035,0,1.0,342,third
Q2xhb444nihaa9r0moudvrc38Q,learn_relquest,1.0,"[5, 3]",16.0,1.25,0,1.0,343,third
Q2xhb444nihaa9r0moudvrc38Q,learn_relquest,0.0,"[5, 4]",17.0,0.996,0,0.0,344,third
Q2xhb444nihaa9r0moudvrc38Q,learn_relquest,1.0,"[7, 6]",18.0,1.234,1,0.0,345,third
Q2xhb444nihaa9r0moudvrc38Q,learn_relquest,1.0,"[7, 1]",19.0,1.687,1,0.0,346,third
Q2xhb444nihaa9r0moudvrc38Q,learn_relquest,0.0,"[6, 3]",20.0,4.402,0,0.0,347,third
Q2xhb444nihaa9r0moudvrc38Q,learn_relquest,1.0,"[6, 7]",21.0,0.817,0,1.0,348,third
Q2xhb444nihaa9r0moudvrc38Q,learn_relquest,0.0,"[7, 2]",22.0,2.409,0,0.0,349,third
Q2xhb444nihaa9r0moudvrc38Q,learn_relquest,1.0,"[5, 6]",23.0,2.528,0,1.0,350,third
Q2xhb444nihaa9r0moudvrc38Q,learn_relquest,0.0,"[3, 0]",24.0,0.962,1,1.0,351,third
Q2xhb444nihaa9r0moudvrc38Q,learn_relquest,0.0,"[3, 1]",25.0,1.911,0,0.0,352,third
Q2xhb444nihaa9r0moudvrc38Q,learn_relquest,1.0,"[2, 6]",26.0,3.422,0,1.0,353,third
Q2xhb444nihaa9r0moudvrc38Q,learn_relquest,0.0,"[6, 4]",27.0,2.797,1,1.0,354,third
Q2xhb444nihaa9r0moudvrc38Q,learn_relquest,0.0,"[2, 4]",0.0,3.381,0,0.0,441,fourth
Q2xhb444nihaa9r0moudvrc38Q,learn_relquest,0.0,"[0, 1]",1.0,1.69,0,0.0,442,fourth
Q2xhb444nihaa9r0moudvrc38Q,learn_relquest,0.0,"[3, 0]",2.0,2.852,1,1.0,443,fourth
Q2xhb444nihaa9r0moudvrc38Q,learn_relquest,1.0,"[6, 7]",3.0,0.998,0,1.0,444,fourth
Q2xhb444nihaa9r0moudvrc38Q,learn_relquest,0.0,"[4, 0]",4.0,0.964,0,0.0,445,fourth
Q2xhb444nihaa9r0moudvrc38Q,learn_relquest,0.0,"[5, 2]",5.0,1.119,1,1.0,446,fourth
Q2xhb444nihaa9r0moudvrc38Q,learn_relquest,1.0,"[1, 4]",6.0,0.986,0,1.0,447,fourth
Q2xhb444nihaa9r0moudvrc38Q,learn_relquest,0.0,"[5, 1]",7.0,1.402,0,0.0,448,fourth
Q2xhb444nihaa9r0moudvrc38Q,learn_relquest,1.0,"[7, 1]",8.0,0.732,0,1.0,449,fourth
Q2xhb444nihaa9r0moudvrc38Q,learn_relquest,1.0,"[6, 5]",9.0,1.636,1,0.0,450,fourth
Q2xhb444nihaa9r0moudvrc38Q,learn_relquest,1.0,"[0, 7]",10.0,1.239,0,1.0,451,fourth
Q2xhb444nihaa9r0moudvrc38Q,learn_relquest,1.0,"[2, 6]",11.0,1.41,1,0.0,452,fourth
Q2xhb444nihaa9r0moudvrc38Q,learn_relquest,0.0,"[4, 3]",12.0,2.533,1,1.0,453,fourth
Q2xhb444nihaa9r0moudvrc38Q,learn_relquest,1.0,"[6, 2]",13.0,1.339,1,0.0,454,fourth
Q2xhb444nihaa9r0moudvrc38Q,learn_relquest,0.0,"[2, 0]",14.0,0.714,0,0.0,455,fourth
Q2xhb444nihaa9r0moudvrc38Q,learn_relquest,1.0,"[4, 1]",15.0,0.775,0,1.0,456,fourth
Q2xhb444nihaa9r0moudvrc38Q,learn_relquest,1.0,"[5, 6]",16.0,2.08,1,0.0,457,fourth
Q2xhb444nihaa9r0moudvrc38Q,learn_relquest,0.0,"[1, 0]",17.0,1.317,0,0.0,458,fourth
Q2xhb444nihaa9r0moudvrc38Q,learn_relquest,1.0,"[7, 0]",18.0,0.843,0,1.0,459,fourth
Q2xhb444nihaa9r0moudvrc38Q,learn_relquest,0.0,"[0, 6]",19.0,2.356,1,1.0,460,fourth
Q2xhb444nihaa9r0moudvrc38Q,learn_relquest,0.0,"[4, 2]",20.0,1.069,0,0.0,461,fourth
Q2xhb444nihaa9r0moudvrc38Q,learn_relquest,1.0,"[3, 5]",21.0,2.649,0,1.0,462,fourth
Q2xhb444nihaa9r0moudvrc38Q,learn_relquest,0.0,"[5, 4]",22.0,1.611,0,0.0,463,fourth
Q2xhb444nihaa9r0moudvrc38Q,learn_relquest,0.0,"[7, 4]",23.0,1.338,0,0.0,464,fourth
Q2xhb444nihaa9r0moudvrc38Q,learn_relquest,1.0,"[1, 7]",24.0,2.016,0,1.0,465,fourth
Q2xhb444nihaa9r0moudvrc38Q,learn_relquest,1.0,"[5, 3]",25.0,1.311,0,1.0,466,fourth
Q2xhb444nihaa9r0moudvrc38Q,learn_relquest,0.0,"[5, 0]",26.0,1.217,0,0.0,467,fourth
Q2xhb444nihaa9r0moudvrc38Q,learn_relquest,1.0,"[7, 6]",27.0,1.228,0,1.0,468,fourth
Q2xhb444nihaa9r0moudvrc38Q,learn_relquest,0.0,"[4, 2]",0.0,4.622,1,1.0,555,fifth
Q2xhb444nihaa9r0moudvrc38Q,learn_relquest,0.0,"[4, 5]",1.0,3.286,0,0.0,556,fifth
Q2xhb444nihaa9r0moudvrc38Q,learn_relquest,1.0,"[6, 7]",2.0,4.349,0,1.0,557,fifth
Q2xhb444nihaa9r0moudvrc38Q,learn_relquest,0.0,"[4, 0]",3.0,4.632,1,1.0,558,fifth
Q2xhb444nihaa9r0moudvrc38Q,learn_relquest,0.0,"[3, 4]",4.0,3.332,1,1.0,559,fifth
Q2xhb444nihaa9r0moudvrc38Q,learn_relquest,1.0,"[7, 1]",5.0,4.662,0,1.0,560,fifth
Q2xhb444nihaa9r0moudvrc38Q,learn_relquest,0.0,"[4, 7]",6.0,2.687,0,0.0,561,fifth
Q2xhb444nihaa9r0moudvrc38Q,learn_relquest,1.0,"[2, 6]",7.0,1.107,1,0.0,562,fifth
Q2xhb444nihaa9r0moudvrc38Q,learn_relquest,1.0,"[6, 5]",8.0,1.242,1,0.0,563,fifth
Q2xhb444nihaa9r0moudvrc38Q,learn_relquest,0.0,"[2, 1]",9.0,3.268,1,1.0,564,fifth
Q2xhb444nihaa9r0moudvrc38Q,learn_relquest,1.0,"[6, 2]",10.0,3.389,1,0.0,565,fifth
Q2xhb444nihaa9r0moudvrc38Q,learn_relquest,1.0,"[7, 0]",11.0,1.144,0,1.0,566,fifth
Q2xhb444nihaa9r0moudvrc38Q,learn_relquest,0.0,"[5, 0]",12.0,5.078,1,1.0,567,fifth
Q2xhb444nihaa9r0moudvrc38Q,learn_relquest,1.0,"[1, 4]",13.0,2.238,0,1.0,568,fifth
Q2xhb444nihaa9r0moudvrc38Q,learn_relquest,0.0,"[5, 2]",14.0,1.243,1,1.0,569,fifth
Q2xhb444nihaa9r0moudvrc38Q,learn_relquest,1.0,"[5, 3]",15.0,3.142,1,0.0,570,fifth
Q2xhb444nihaa9r0moudvrc38Q,learn_relquest,0.0,"[5, 4]",16.0,1.292,0,0.0,571,fifth
Q2xhb444nihaa9r0moudvrc38Q,learn_relquest,0.0,"[7, 4]",17.0,4.11,1,1.0,572,fifth
Q2xhb444nihaa9r0moudvrc38Q,learn_relquest,0.0,"[4, 3]",18.0,5.609,1,1.0,573,fifth
Q2xhb444nihaa9r0moudvrc38Q,learn_relquest,1.0,"[7, 6]",19.0,1.512,1,0.0,574,fifth
Q2xhb444nihaa9r0moudvrc38Q,learn_relquest,1.0,"[1, 7]",20.0,5.723,1,0.0,575,fifth
Q2xhb444nihaa9r0moudvrc38Q,learn_relquest,0.0,"[0, 5]",21.0,4.865,1,1.0,576,fifth
Q2xhb444nihaa9r0moudvrc38Q,learn_relquest,1.0,"[4, 1]",22.0,1.251,0,1.0,577,fifth
Q2xhb444nihaa9r0moudvrc38Q,learn_relquest,1.0,"[0, 7]",23.0,1.254,0,1.0,578,fifth
Q2xhb444nihaa9r0moudvrc38Q,learn_relquest,0.0,"[0, 3]",24.0,1.514,1,1.0,579,fifth
Q2xhb444nihaa9r0moudvrc38Q,learn_relquest,1.0,"[3, 5]",25.0,0.929,0,1.0,580,fifth
Q2xhb444nihaa9r0moudvrc38Q,learn_relquest,1.0,"[5, 6]",26.0,1.28,1,0.0,581,fifth
Q2xhb444nihaa9r0moudvrc38Q,learn_relquest,0.0,"[2, 3]",27.0,1.713,0,0.0,582,fifth
Q1gq5kxl69j044m8bx2fry24aQ,learn_relquest,0.0,"[4, 0]",0.0,2.761,1,1.0,99,first
Q1gq5kxl69j044m8bx2fry24aQ,learn_relquest,0.0,"[3, 2]",1.0,2.218,1,1.0,100,first
Q1gq5kxl69j044m8bx2fry24aQ,learn_relquest,0.0,"[2, 3]",2.0,2.656,1,1.0,101,first
Q1gq5kxl69j044m8bx2fry24aQ,learn_relquest,0.0,"[0, 6]",3.0,1.372,0,0.0,102,first
Q1gq5kxl69j044m8bx2fry24aQ,learn_relquest,1.0,"[0, 7]",4.0,2.148,1,0.0,103,first
Q1gq5kxl69j044m8bx2fry24aQ,learn_relquest,1.0,"[7, 1]",5.0,0.821,0,1.0,104,first
Q1gq5kxl69j044m8bx2fry24aQ,learn_relquest,0.0,"[1, 6]",6.0,1.165,0,0.0,105,first
Q1gq5kxl69j044m8bx2fry24aQ,learn_relquest,1.0,"[1, 4]",7.0,0.647,0,1.0,106,first
Q1gq5kxl69j044m8bx2fry24aQ,learn_relquest,1.0,"[5, 3]",8.0,1.747,1,0.0,107,first
Q1gq5kxl69j044m8bx2fry24aQ,learn_relquest,1.0,"[5, 6]",9.0,0.97,0,1.0,108,first
Q1gq5kxl69j044m8bx2fry24aQ,learn_relquest,0.0,"[4, 7]",10.0,1.578,0,0.0,109,first
Q1gq5kxl69j044m8bx2fry24aQ,learn_relquest,1.0,"[7, 6]",11.0,1.428,1,0.0,110,first
Q1gq5kxl69j044m8bx2fry24aQ,learn_relquest,0.0,"[4, 3]",12.0,1.787,0,0.0,111,first
Q1gq5kxl69j044m8bx2fry24aQ,learn_relquest,1.0,"[3, 5]",13.0,1.341,1,0.0,112,first
Q1gq5kxl69j044m8bx2fry24aQ,learn_relquest,1.0,"[4, 1]",14.0,1.08,0,1.0,113,first
Q1gq5kxl69j044m8bx2fry24aQ,learn_relquest,0.0,"[5, 7]",15.0,1.129,1,1.0,114,first
Q1gq5kxl69j044m8bx2fry24aQ,learn_relquest,1.0,"[7, 0]",16.0,1.488,0,1.0,115,first
Q1gq5kxl69j044m8bx2fry24aQ,learn_relquest,0.0,"[6, 0]",17.0,0.911,0,0.0,116,first
Q1gq5kxl69j044m8bx2fry24aQ,learn_relquest,1.0,"[2, 6]",18.0,1.204,1,0.0,117,first
Q1gq5kxl69j044m8bx2fry24aQ,learn_relquest,0.0,"[0, 4]",19.0,1.126,0,0.0,118,first
Q1gq5kxl69j044m8bx2fry24aQ,learn_relquest,1.0,"[6, 2]",20.0,1.269,1,0.0,119,first
Q1gq5kxl69j044m8bx2fry24aQ,learn_relquest,1.0,"[6, 5]",21.0,1.306,0,1.0,120,first
Q1gq5kxl69j044m8bx2fry24aQ,learn_relquest,0.0,"[7, 3]",22.0,1.35,0,0.0,121,first
Q1gq5kxl69j044m8bx2fry24aQ,learn_relquest,0.0,"[5, 4]",23.0,0.875,1,1.0,122,first
Q1gq5kxl69j044m8bx2fry24aQ,learn_relquest,0.0,"[4, 2]",24.0,1.031,0,0.0,123,first
Q1gq5kxl69j044m8bx2fry24aQ,learn_relquest,1.0,"[6, 7]",25.0,0.689,1,0.0,124,first
Q1gq5kxl69j044m8bx2fry24aQ,learn_relquest,1.0,"[1, 7]",26.0,1.481,0,1.0,125,first
Q1gq5kxl69j044m8bx2fry24aQ,learn_relquest,0.0,"[2, 0]",27.0,1.447,0,0.0,126,first
Q1gq5kxl69j044m8bx2fry24aQ,learn_relquest,0.0,"[5, 0]",0.0,2.183,1,1.0,213,second
Q1gq5kxl69j044m8bx2fry24aQ,learn_relquest,0.0,"[1, 0]",1.0,2.744,1,1.0,214,second
Q1gq5kxl69j044m8bx2fry24aQ,learn_relquest,0.0,"[3, 7]",2.0,1.549,1,1.0,215,second
Q1gq5kxl69j044m8bx2fry24aQ,learn_relquest,1.0,"[5, 3]",3.0,3.247,1,0.0,216,second
Q1gq5kxl69j044m8bx2fry24aQ,learn_relquest,1.0,"[5, 6]",4.0,1.148,0,1.0,217,second
Q1gq5kxl69j044m8bx2fry24aQ,learn_relquest,0.0,"[4, 6]",5.0,1.335,1,1.0,218,second
Q1gq5kxl69j044m8bx2fry24aQ,learn_relquest,1.0,"[6, 5]",6.0,1.694,0,1.0,219,second
Q1gq5kxl69j044m8bx2fry24aQ,learn_relquest,0.0,"[3, 0]",7.0,1.939,1,1.0,220,second
Q1gq5kxl69j044m8bx2fry24aQ,learn_relquest,1.0,"[1, 7]",8.0,1.374,0,1.0,221,second
Q1gq5kxl69j044m8bx2fry24aQ,learn_relquest,1.0,"[6, 2]",9.0,2.355,0,1.0,222,second
Q1gq5kxl69j044m8bx2fry24aQ,learn_relquest,0.0,"[2, 5]",10.0,2.213,1,1.0,223,second
Q1gq5kxl69j044m8bx2fry24aQ,learn_relquest,0.0,"[1, 5]",11.0,1.467,1,1.0,224,second
Q1gq5kxl69j044m8bx2fry24aQ,learn_relquest,0.0,"[2, 0]",12.0,3.063,1,1.0,225,second
Q1gq5kxl69j044m8bx2fry24aQ,learn_relquest,1.0,"[4, 1]",13.0,1.09,0,1.0,226,second
Q1gq5kxl69j044m8bx2fry24aQ,learn_relquest,1.0,"[0, 7]",14.0,1.44,0,1.0,227,second
Q1gq5kxl69j044m8bx2fry24aQ,learn_relquest,1.0,"[6, 7]",15.0,3.248,0,1.0,228,second
Q1gq5kxl69j044m8bx2fry24aQ,learn_relquest,1.0,"[7, 1]",16.0,2.379,0,1.0,229,second
Q1gq5kxl69j044m8bx2fry24aQ,learn_relquest,0.0,"[0, 4]",17.0,3.163,1,1.0,230,second
Q1gq5kxl69j044m8bx2fry24aQ,learn_relquest,1.0,"[7, 0]",18.0,1.225,0,1.0,231,second
Q1gq5kxl69j044m8bx2fry24aQ,learn_relquest,1.0,"[2, 6]",19.0,1.229,0,1.0,232,second
Q1gq5kxl69j044m8bx2fry24aQ,learn_relquest,1.0,"[3, 5]",20.0,4.336,1,0.0,233,second
Q1gq5kxl69j044m8bx2fry24aQ,learn_relquest,1.0,"[1, 4]",21.0,0.91,0,1.0,234,second
Q1gq5kxl69j044m8bx2fry24aQ,learn_relquest,0.0,"[5, 1]",22.0,1.328,1,1.0,235,second
Q1gq5kxl69j044m8bx2fry24aQ,learn_relquest,0.0,"[5, 2]",23.0,1.361,1,1.0,236,second
Q1gq5kxl69j044m8bx2fry24aQ,learn_relquest,0.0,"[1, 6]",24.0,1.62,0,0.0,237,second
Q1gq5kxl69j044m8bx2fry24aQ,learn_relquest,0.0,"[0, 2]",25.0,4.464,1,1.0,238,second
Q1gq5kxl69j044m8bx2fry24aQ,learn_relquest,1.0,"[7, 6]",26.0,1.588,0,1.0,239,second
Q1gq5kxl69j044m8bx2fry24aQ,learn_relquest,0.0,"[6, 4]",27.0,1.329,1,1.0,240,second
Q1gq5kxl69j044m8bx2fry24aQ,learn_relquest,0.0,"[0, 5]",0.0,3.358,1,1.0,327,third
Q1gq5kxl69j044m8bx2fry24aQ,learn_relquest,0.0,"[4, 7]",1.0,4.437,1,1.0,328,third
Q1gq5kxl69j044m8bx2fry24aQ,learn_relquest,0.0,"[7, 5]",2.0,1.616,1,1.0,329,third
Q1gq5kxl69j044m8bx2fry24aQ,learn_relquest,0.0,"[2, 3]",3.0,1.237,1,1.0,330,third
Q1gq5kxl69j044m8bx2fry24aQ,learn_relquest,0.0,"[3, 0]",4.0,3.09,1,1.0,331,third
Q1gq5kxl69j044m8bx2fry24aQ,learn_relquest,0.0,"[1, 5]",5.0,1.215,1,1.0,332,third
Q1gq5kxl69j044m8bx2fry24aQ,learn_relquest,1.0,"[5, 6]",6.0,1.78,0,1.0,333,third
Q1gq5kxl69j044m8bx2fry24aQ,learn_relquest,1.0,"[3, 5]",7.0,1.306,1,0.0,334,third
Q1gq5kxl69j044m8bx2fry24aQ,learn_relquest,1.0,"[7, 0]",8.0,1.188,0,1.0,335,third
Q1gq5kxl69j044m8bx2fry24aQ,learn_relquest,0.0,"[5, 1]",9.0,1.153,1,1.0,336,third
Q1gq5kxl69j044m8bx2fry24aQ,learn_relquest,0.0,"[2, 7]",10.0,3.617,1,1.0,337,third
Q1gq5kxl69j044m8bx2fry24aQ,learn_relquest,1.0,"[0, 7]",11.0,1.406,0,1.0,338,third
Q1gq5kxl69j044m8bx2fry24aQ,learn_relquest,0.0,"[3, 6]",12.0,1.623,0,0.0,339,third
Q1gq5kxl69j044m8bx2fry24aQ,learn_relquest,0.0,"[4, 6]",13.0,1.207,1,1.0,340,third
Q1gq5kxl69j044m8bx2fry24aQ,learn_relquest,1.0,"[7, 1]",14.0,1.553,0,1.0,341,third
Q1gq5kxl69j044m8bx2fry24aQ,learn_relquest,1.0,"[1, 4]",15.0,0.766,0,1.0,342,third
Q1gq5kxl69j044m8bx2fry24aQ,learn_relquest,1.0,"[2, 6]",16.0,1.764,0,1.0,343,third
Q1gq5kxl69j044m8bx2fry24aQ,learn_relquest,1.0,"[6, 5]",17.0,1.109,0,1.0,344,third
Q1gq5kxl69j044m8bx2fry24aQ,learn_relquest,0.0,"[7, 4]",18.0,1.903,0,0.0,345,third
Q1gq5kxl69j044m8bx2fry24aQ,learn_relquest,1.0,"[6, 7]",19.0,1.279,0,1.0,346,third
Q1gq5kxl69j044m8bx2fry24aQ,learn_relquest,0.0,"[4, 5]",20.0,3.464,1,1.0,347,third
Q1gq5kxl69j044m8bx2fry24aQ,learn_relquest,1.0,"[6, 2]",21.0,1.172,0,1.0,348,third
Q1gq5kxl69j044m8bx2fry24aQ,learn_relquest,1.0,"[7, 6]",22.0,1.34,0,1.0,349,third
Q1gq5kxl69j044m8bx2fry24aQ,learn_relquest,1.0,"[1, 7]",23.0,0.99,0,1.0,350,third
Q1gq5kxl69j044m8bx2fry24aQ,learn_relquest,1.0,"[4, 1]",24.0,0.866,0,1.0,351,third
Q1gq5kxl69j044m8bx2fry24aQ,learn_relquest,1.0,"[5, 3]",25.0,2.572,0,1.0,352,third
Q1gq5kxl69j044m8bx2fry24aQ,learn_relquest,0.0,"[0, 6]",26.0,2.03,1,1.0,353,third
Q1gq5kxl69j044m8bx2fry24aQ,learn_relquest,0.0,"[5, 7]",27.0,1.029,0,0.0,354,third
Q1gq5kxl69j044m8bx2fry24aQ,learn_relquest,0.0,"[5, 7]",0.0,2.687,1,1.0,441,fourth
Q1gq5kxl69j044m8bx2fry24aQ,learn_relquest,0.0,"[3, 0]",1.0,1.878,1,1.0,442,fourth
Q1gq5kxl69j044m8bx2fry24aQ,learn_relquest,1.0,"[1, 4]",2.0,1.497,0,1.0,443,fourth
Q1gq5kxl69j044m8bx2fry24aQ,learn_relquest,0.0,"[0, 3]",3.0,2.387,1,1.0,444,fourth
Q1gq5kxl69j044m8bx2fry24aQ,learn_relquest,1.0,"[6, 7]",4.0,1.34,0,1.0,445,fourth
Q1gq5kxl69j044m8bx2fry24aQ,learn_relquest,1.0,"[2, 6]",5.0,1.93,0,1.0,446,fourth
Q1gq5kxl69j044m8bx2fry24aQ,learn_relquest,0.0,"[4, 3]",6.0,3.296,1,1.0,447,fourth
Q1gq5kxl69j044m8bx2fry24aQ,learn_relquest,0.0,"[2, 0]",7.0,1.548,1,1.0,448,fourth
Q1gq5kxl69j044m8bx2fry24aQ,learn_relquest,1.0,"[3, 5]",8.0,1.875,0,1.0,449,fourth
Q1gq5kxl69j044m8bx2fry24aQ,learn_relquest,0.0,"[3, 6]",9.0,3.852,1,1.0,450,fourth
Q1gq5kxl69j044m8bx2fry24aQ,learn_relquest,0.0,"[5, 1]",10.0,0.921,1,1.0,451,fourth
Q1gq5kxl69j044m8bx2fry24aQ,learn_relquest,1.0,"[5, 3]",11.0,3.742,1,0.0,452,fourth
Q1gq5kxl69j044m8bx2fry24aQ,learn_relquest,0.0,"[4, 0]",12.0,4.241,1,1.0,453,fourth
Q1gq5kxl69j044m8bx2fry24aQ,learn_relquest,1.0,"[5, 6]",13.0,1.732,0,1.0,454,fourth
Q1gq5kxl69j044m8bx2fry24aQ,learn_relquest,0.0,"[1, 3]",14.0,1.898,1,1.0,455,fourth
Q1gq5kxl69j044m8bx2fry24aQ,learn_relquest,0.0,"[6, 3]",15.0,5.08,0,0.0,456,fourth
Q1gq5kxl69j044m8bx2fry24aQ,learn_relquest,1.0,"[6, 2]",16.0,1.73,0,1.0,457,fourth
Q1gq5kxl69j044m8bx2fry24aQ,learn_relquest,0.0,"[4, 6]",17.0,1.238,1,1.0,458,fourth
Q1gq5kxl69j044m8bx2fry24aQ,learn_relquest,1.0,"[7, 6]",18.0,1.124,0,1.0,459,fourth
Q1gq5kxl69j044m8bx2fry24aQ,learn_relquest,1.0,"[7, 0]",19.0,1.163,0,1.0,460,fourth
Q1gq5kxl69j044m8bx2fry24aQ,learn_relquest,0.0,"[3, 4]",20.0,1.372,1,1.0,461,fourth
Q1gq5kxl69j044m8bx2fry24aQ,learn_relquest,1.0,"[4, 1]",21.0,0.856,0,1.0,462,fourth
Q1gq5kxl69j044m8bx2fry24aQ,learn_relquest,1.0,"[6, 5]",22.0,1.556,0,1.0,463,fourth
Q1gq5kxl69j044m8bx2fry24aQ,learn_relquest,1.0,"[7, 1]",23.0,1.541,0,1.0,464,fourth
Q1gq5kxl69j044m8bx2fry24aQ,learn_relquest,0.0,"[5, 4]",24.0,10.272,0,0.0,465,fourth
Q1gq5kxl69j044m8bx2fry24aQ,learn_relquest,1.0,"[0, 7]",25.0,0.797,0,1.0,466,fourth
Q1gq5kxl69j044m8bx2fry24aQ,learn_relquest,0.0,"[4, 2]",26.0,2.839,1,1.0,467,fourth
Q1gq5kxl69j044m8bx2fry24aQ,learn_relquest,1.0,"[1, 7]",27.0,0.966,0,1.0,468,fourth
Q1gq5kxl69j044m8bx2fry24aQ,learn_relquest,1.0,"[2, 6]",0.0,2.174,1,0.0,555,fifth
Q1gq5kxl69j044m8bx2fry24aQ,learn_relquest,0.0,"[6, 0]",1.0,1.39,1,1.0,556,fifth
Q1gq5kxl69j044m8bx2fry24aQ,learn_relquest,1.0,"[4, 1]",2.0,1.523,0,1.0,557,fifth
Q1gq5kxl69j044m8bx2fry24aQ,learn_relquest,0.0,"[5, 7]",3.0,2.317,1,1.0,558,fifth
Q1gq5kxl69j044m8bx2fry24aQ,learn_relquest,0.0,"[1, 6]",4.0,4.604,1,1.0,559,fifth
Q1gq5kxl69j044m8bx2fry24aQ,learn_relquest,1.0,"[1, 4]",5.0,0.873,0,1.0,560,fifth
Q1gq5kxl69j044m8bx2fry24aQ,learn_relquest,1.0,"[7, 6]",6.0,1.379,0,1.0,561,fifth
Q1gq5kxl69j044m8bx2fry24aQ,learn_relquest,0.0,"[5, 4]",7.0,2.049,1,1.0,562,fifth
Q1gq5kxl69j044m8bx2fry24aQ,learn_relquest,1.0,"[1, 7]",8.0,1.014,0,1.0,563,fifth
Q1gq5kxl69j044m8bx2fry24aQ,learn_relquest,1.0,"[0, 7]",9.0,0.879,0,1.0,564,fifth
Q1gq5kxl69j044m8bx2fry24aQ,learn_relquest,0.0,"[3, 0]",10.0,2.215,1,1.0,565,fifth
Q1gq5kxl69j044m8bx2fry24aQ,learn_relquest,0.0,"[2, 3]",11.0,1.357,1,1.0,566,fifth
Q1gq5kxl69j044m8bx2fry24aQ,learn_relquest,0.0,"[4, 2]",12.0,1.415,1,1.0,567,fifth
Q1gq5kxl69j044m8bx2fry24aQ,learn_relquest,0.0,"[6, 3]",13.0,2.622,1,1.0,568,fifth
Q1gq5kxl69j044m8bx2fry24aQ,learn_relquest,1.0,"[5, 3]",14.0,3.221,0,1.0,569,fifth
Q1gq5kxl69j044m8bx2fry24aQ,learn_relquest,0.0,"[3, 1]",15.0,1.73,1,1.0,570,fifth
Q1gq5kxl69j044m8bx2fry24aQ,learn_relquest,0.0,"[3, 7]",16.0,2.731,1,1.0,571,fifth
Q1gq5kxl69j044m8bx2fry24aQ,learn_relquest,1.0,"[6, 5]",17.0,1.173,0,1.0,572,fifth
Q1gq5kxl69j044m8bx2fry24aQ,learn_relquest,1.0,"[7, 0]",18.0,0.856,0,1.0,573,fifth
Q1gq5kxl69j044m8bx2fry24aQ,learn_relquest,1.0,"[6, 7]",19.0,1.093,0,1.0,574,fifth
Q1gq5kxl69j044m8bx2fry24aQ,learn_relquest,1.0,"[6, 2]",20.0,1.415,0,1.0,575,fifth
Q1gq5kxl69j044m8bx2fry24aQ,learn_relquest,0.0,"[1, 2]",21.0,2.413,1,1.0,576,fifth
Q1gq5kxl69j044m8bx2fry24aQ,learn_relquest,0.0,"[4, 3]",22.0,3.433,0,0.0,577,fifth
Q1gq5kxl69j044m8bx2fry24aQ,learn_relquest,0.0,"[2, 0]",23.0,1.178,0,0.0,578,fifth
Q1gq5kxl69j044m8bx2fry24aQ,learn_relquest,1.0,"[5, 6]",24.0,1.156,0,1.0,579,fifth
Q1gq5kxl69j044m8bx2fry24aQ,learn_relquest,1.0,"[3, 5]",25.0,1.9,0,1.0,580,fifth
Q1gq5kxl69j044m8bx2fry24aQ,learn_relquest,0.0,"[3, 6]",26.0,2.521,1,1.0,581,fifth
Q1gq5kxl69j044m8bx2fry24aQ,learn_relquest,1.0,"[7, 1]",27.0,0.874,0,1.0,582,fifth
Qkazkzg0kqtgpufn4k4ccnex3Q,learn_relquest,1.0,"[1, 7]",0.0,4.781,1,0.0,99,first
Qkazkzg0kqtgpufn4k4ccnex3Q,learn_relquest,1.0,"[6, 7]",1.0,1.658,0,1.0,100,first
Qkazkzg0kqtgpufn4k4ccnex3Q,learn_relquest,1.0,"[1, 4]",2.0,1.354,0,1.0,101,first
Qkazkzg0kqtgpufn4k4ccnex3Q,learn_relquest,1.0,"[5, 6]",3.0,1.192,0,1.0,102,first
Qkazkzg0kqtgpufn4k4ccnex3Q,learn_relquest,0.0,"[6, 0]",4.0,1.835,1,1.0,103,first
Qkazkzg0kqtgpufn4k4ccnex3Q,learn_relquest,0.0,"[0, 3]",5.0,3.353,1,1.0,104,first
Qkazkzg0kqtgpufn4k4ccnex3Q,learn_relquest,1.0,"[7, 6]",6.0,1.114,0,1.0,105,first
Qkazkzg0kqtgpufn4k4ccnex3Q,learn_relquest,0.0,"[3, 4]",7.0,0.856,0,0.0,106,first
Qkazkzg0kqtgpufn4k4ccnex3Q,learn_relquest,1.0,"[0, 7]",8.0,1.99,1,0.0,107,first
Qkazkzg0kqtgpufn4k4ccnex3Q,learn_relquest,0.0,"[6, 3]",9.0,4.127,0,0.0,108,first
Qkazkzg0kqtgpufn4k4ccnex3Q,learn_relquest,1.0,"[5, 3]",10.0,1.319,1,0.0,109,first
Qkazkzg0kqtgpufn4k4ccnex3Q,learn_relquest,0.0,"[5, 0]",11.0,1.924,1,1.0,110,first
Qkazkzg0kqtgpufn4k4ccnex3Q,learn_relquest,0.0,"[7, 2]",12.0,2.617,1,1.0,111,first
Qkazkzg0kqtgpufn4k4ccnex3Q,learn_relquest,0.0,"[3, 2]",13.0,1.25,0,0.0,112,first
Qkazkzg0kqtgpufn4k4ccnex3Q,learn_relquest,0.0,"[5, 4]",14.0,2.319,1,1.0,113,first
Qkazkzg0kqtgpufn4k4ccnex3Q,learn_relquest,1.0,"[7, 0]",15.0,1.378,0,1.0,114,first
Qkazkzg0kqtgpufn4k4ccnex3Q,learn_relquest,0.0,"[2, 3]",16.0,1.318,1,1.0,115,first
Qkazkzg0kqtgpufn4k4ccnex3Q,learn_relquest,0.0,"[3, 7]",17.0,2.014,0,0.0,116,first
Qkazkzg0kqtgpufn4k4ccnex3Q,learn_relquest,1.0,"[2, 6]",18.0,3.832,0,1.0,117,first
Qkazkzg0kqtgpufn4k4ccnex3Q,learn_relquest,0.0,"[0, 5]",19.0,2.046,0,0.0,118,first
Qkazkzg0kqtgpufn4k4ccnex3Q,learn_relquest,0.0,"[7, 5]",20.0,2.745,1,1.0,119,first
Qkazkzg0kqtgpufn4k4ccnex3Q,learn_relquest,1.0,"[6, 2]",21.0,4.46,0,1.0,120,first
Qkazkzg0kqtgpufn4k4ccnex3Q,learn_relquest,1.0,"[7, 1]",22.0,2.558,1,0.0,121,first
Qkazkzg0kqtgpufn4k4ccnex3Q,learn_relquest,0.0,"[4, 7]",23.0,1.609,0,0.0,122,first
Qkazkzg0kqtgpufn4k4ccnex3Q,learn_relquest,1.0,"[3, 5]",24.0,2.186,0,1.0,123,first
Qkazkzg0kqtgpufn4k4ccnex3Q,learn_relquest,1.0,"[4, 1]",25.0,1.327,1,0.0,124,first
Qkazkzg0kqtgpufn4k4ccnex3Q,learn_relquest,1.0,"[6, 5]",26.0,1.962,1,0.0,125,first
Qkazkzg0kqtgpufn4k4ccnex3Q,learn_relquest,0.0,"[7, 3]",27.0,1.792,0,0.0,126,first
Qkazkzg0kqtgpufn4k4ccnex3Q,learn_relquest,1.0,"[7, 6]",0.0,3.678,0,1.0,213,second
Qkazkzg0kqtgpufn4k4ccnex3Q,learn_relquest,1.0,"[1, 7]",1.0,4.192,0,1.0,214,second
Qkazkzg0kqtgpufn4k4ccnex3Q,learn_relquest,0.0,"[3, 2]",2.0,4.79,1,1.0,215,second
Qkazkzg0kqtgpufn4k4ccnex3Q,learn_relquest,1.0,"[5, 6]",3.0,4.109,1,0.0,216,second
Qkazkzg0kqtgpufn4k4ccnex3Q,learn_relquest,0.0,"[4, 7]",4.0,5.644,1,1.0,217,second
Qkazkzg0kqtgpufn4k4ccnex3Q,learn_relquest,1.0,"[0, 7]",5.0,3.106,0,1.0,218,second
Qkazkzg0kqtgpufn4k4ccnex3Q,learn_relquest,0.0,"[4, 2]",6.0,4.024,1,1.0,219,second
Qkazkzg0kqtgpufn4k4ccnex3Q,learn_relquest,1.0,"[4, 1]",7.0,1.022,0,1.0,220,second
Qkazkzg0kqtgpufn4k4ccnex3Q,learn_relquest,0.0,"[3, 7]",8.0,8.292,1,1.0,221,second
Qkazkzg0kqtgpufn4k4ccnex3Q,learn_relquest,1.0,"[2, 6]",9.0,5.396,0,1.0,222,second
Qkazkzg0kqtgpufn4k4ccnex3Q,learn_relquest,0.0,"[6, 4]",10.0,2.625,1,1.0,223,second
Qkazkzg0kqtgpufn4k4ccnex3Q,learn_relquest,0.0,"[0, 2]",11.0,6.589,1,1.0,224,second
Qkazkzg0kqtgpufn4k4ccnex3Q,learn_relquest,1.0,"[7, 0]",12.0,0.998,0,1.0,225,second
Qkazkzg0kqtgpufn4k4ccnex3Q,learn_relquest,0.0,"[0, 6]",13.0,1.034,1,1.0,226,second
Qkazkzg0kqtgpufn4k4ccnex3Q,learn_relquest,0.0,"[3, 4]",14.0,4.284,1,1.0,227,second
Qkazkzg0kqtgpufn4k4ccnex3Q,learn_relquest,1.0,"[6, 5]",15.0,6.996,0,1.0,228,second
Qkazkzg0kqtgpufn4k4ccnex3Q,learn_relquest,0.0,"[1, 0]",16.0,3.2,1,1.0,229,second
Qkazkzg0kqtgpufn4k4ccnex3Q,learn_relquest,1.0,"[6, 7]",17.0,4.019,0,1.0,230,second
Qkazkzg0kqtgpufn4k4ccnex3Q,learn_relquest,1.0,"[7, 1]",18.0,4.974,0,1.0,231,second
Qkazkzg0kqtgpufn4k4ccnex3Q,learn_relquest,0.0,"[5, 1]",19.0,2.744,1,1.0,232,second
Qkazkzg0kqtgpufn4k4ccnex3Q,learn_relquest,0.0,"[5, 0]",20.0,2.533,1,1.0,233,second
Qkazkzg0kqtgpufn4k4ccnex3Q,learn_relquest,1.0,"[1, 4]",21.0,4.785,0,1.0,234,second
Qkazkzg0kqtgpufn4k4ccnex3Q,learn_relquest,0.0,"[6, 1]",22.0,6.588,1,1.0,235,second
Qkazkzg0kqtgpufn4k4ccnex3Q,learn_relquest,1.0,"[6, 2]",23.0,2.402,0,1.0,236,second
Qkazkzg0kqtgpufn4k4ccnex3Q,learn_relquest,1.0,"[3, 5]",24.0,4.652,0,1.0,237,second
Qkazkzg0kqtgpufn4k4ccnex3Q,learn_relquest,1.0,"[5, 3]",25.0,0.779,0,1.0,238,second
Qkazkzg0kqtgpufn4k4ccnex3Q,learn_relquest,0.0,"[1, 5]",26.0,3.23,0,0.0,239,second
Qkazkzg0kqtgpufn4k4ccnex3Q,learn_relquest,0.0,"[2, 0]",27.0,6.33,1,1.0,240,second
Qkazkzg0kqtgpufn4k4ccnex3Q,learn_relquest,0.0,"[6, 0]",0.0,4.961,1,1.0,327,third
Qkazkzg0kqtgpufn4k4ccnex3Q,learn_relquest,0.0,"[4, 6]",1.0,3.535,1,1.0,328,third
Qkazkzg0kqtgpufn4k4ccnex3Q,learn_relquest,1.0,"[4, 1]",2.0,4.486,0,1.0,329,third
Qkazkzg0kqtgpufn4k4ccnex3Q,learn_relquest,0.0,"[6, 3]",3.0,2.744,1,1.0,330,third
Qkazkzg0kqtgpufn4k4ccnex3Q,learn_relquest,0.0,"[0, 4]",4.0,3.902,1,1.0,331,third
Qkazkzg0kqtgpufn4k4ccnex3Q,learn_relquest,0.0,"[6, 1]",5.0,2.697,1,1.0,332,third
Qkazkzg0kqtgpufn4k4ccnex3Q,learn_relquest,1.0,"[5, 3]",6.0,2.482,0,1.0,333,third
Qkazkzg0kqtgpufn4k4ccnex3Q,learn_relquest,0.0,"[4, 7]",7.0,4.241,1,1.0,334,third
Qkazkzg0kqtgpufn4k4ccnex3Q,learn_relquest,0.0,"[1, 3]",8.0,4.505,1,1.0,335,third
Qkazkzg0kqtgpufn4k4ccnex3Q,learn_relquest,0.0,"[5, 7]",9.0,3.74,1,1.0,336,third
Qkazkzg0kqtgpufn4k4ccnex3Q,learn_relquest,0.0,"[3, 1]",10.0,3.832,1,1.0,337,third
Qkazkzg0kqtgpufn4k4ccnex3Q,learn_relquest,1.0,"[7, 6]",11.0,2.844,0,1.0,338,third
Qkazkzg0kqtgpufn4k4ccnex3Q,learn_relquest,1.0,"[2, 6]",12.0,1.56,0,1.0,339,third
Qkazkzg0kqtgpufn4k4ccnex3Q,learn_relquest,1.0,"[6, 5]",13.0,2.538,1,0.0,340,third
Qkazkzg0kqtgpufn4k4ccnex3Q,learn_relquest,1.0,"[3, 5]",14.0,1.734,0,1.0,341,third
Qkazkzg0kqtgpufn4k4ccnex3Q,learn_relquest,1.0,"[5, 6]",15.0,1.372,1,0.0,342,third
Qkazkzg0kqtgpufn4k4ccnex3Q,learn_relquest,0.0,"[0, 2]",16.0,3.198,1,1.0,343,third
Qkazkzg0kqtgpufn4k4ccnex3Q,learn_relquest,1.0,"[7, 0]",17.0,0.91,0,1.0,344,third
Qkazkzg0kqtgpufn4k4ccnex3Q,learn_relquest,1.0,"[7, 1]",18.0,2.952,0,1.0,345,third
Qkazkzg0kqtgpufn4k4ccnex3Q,learn_relquest,1.0,"[6, 2]",19.0,2.266,0,1.0,346,third
Qkazkzg0kqtgpufn4k4ccnex3Q,learn_relquest,1.0,"[0, 7]",20.0,2.731,0,1.0,347,third
Qkazkzg0kqtgpufn4k4ccnex3Q,learn_relquest,0.0,"[2, 3]",21.0,3.036,1,1.0,348,third
Qkazkzg0kqtgpufn4k4ccnex3Q,learn_relquest,0.0,"[3, 0]",22.0,3.79,1,1.0,349,third
Qkazkzg0kqtgpufn4k4ccnex3Q,learn_relquest,1.0,"[6, 7]",23.0,3.588,0,1.0,350,third
Qkazkzg0kqtgpufn4k4ccnex3Q,learn_relquest,1.0,"[1, 4]",24.0,3.842,0,1.0,351,third
Qkazkzg0kqtgpufn4k4ccnex3Q,learn_relquest,0.0,"[5, 2]",25.0,2.006,1,1.0,352,third
Qkazkzg0kqtgpufn4k4ccnex3Q,learn_relquest,1.0,"[1, 7]",26.0,4.48,0,1.0,353,third
Qkazkzg0kqtgpufn4k4ccnex3Q,learn_relquest,0.0,"[1, 0]",27.0,1.346,1,1.0,354,third
Qkazkzg0kqtgpufn4k4ccnex3Q,learn_relquest,1.0,"[0, 7]",0.0,4.086,0,1.0,441,fourth
Qkazkzg0kqtgpufn4k4ccnex3Q,learn_relquest,1.0,"[7, 6]",1.0,3.536,0,1.0,442,fourth
Qkazkzg0kqtgpufn4k4ccnex3Q,learn_relquest,0.0,"[4, 0]",2.0,3.034,1,1.0,443,fourth
Qkazkzg0kqtgpufn4k4ccnex3Q,learn_relquest,0.0,"[5, 4]",3.0,1.278,1,1.0,444,fourth
Qkazkzg0kqtgpufn4k4ccnex3Q,learn_relquest,0.0,"[2, 7]",4.0,7.404,1,1.0,445,fourth
Qkazkzg0kqtgpufn4k4ccnex3Q,learn_relquest,0.0,"[3, 0]",5.0,5.081,1,1.0,446,fourth
Qkazkzg0kqtgpufn4k4ccnex3Q,learn_relquest,0.0,"[0, 6]",6.0,2.355,1,1.0,447,fourth
Qkazkzg0kqtgpufn4k4ccnex3Q,learn_relquest,1.0,"[5, 3]",7.0,3.168,0,1.0,448,fourth
Qkazkzg0kqtgpufn4k4ccnex3Q,learn_relquest,0.0,"[1, 6]",8.0,3.675,1,1.0,449,fourth
Qkazkzg0kqtgpufn4k4ccnex3Q,learn_relquest,0.0,"[5, 0]",9.0,4.284,1,1.0,450,fourth
Qkazkzg0kqtgpufn4k4ccnex3Q,learn_relquest,1.0,"[3, 5]",10.0,1.126,0,1.0,451,fourth
Qkazkzg0kqtgpufn4k4ccnex3Q,learn_relquest,1.0,"[6, 7]",11.0,1.667,0,1.0,452,fourth
Qkazkzg0kqtgpufn4k4ccnex3Q,learn_relquest,1.0,"[5, 6]",12.0,2.752,0,1.0,453,fourth
Qkazkzg0kqtgpufn4k4ccnex3Q,learn_relquest,0.0,"[5, 1]",13.0,2.235,1,1.0,454,fourth
Qkazkzg0kqtgpufn4k4ccnex3Q,learn_relquest,0.0,"[0, 4]",14.0,4.344,1,1.0,455,fourth
Qkazkzg0kqtgpufn4k4ccnex3Q,learn_relquest,0.0,"[1, 2]",15.0,4.014,1,1.0,456,fourth
Qkazkzg0kqtgpufn4k4ccnex3Q,learn_relquest,0.0,"[1, 3]",16.0,2.454,1,1.0,457,fourth
Qkazkzg0kqtgpufn4k4ccnex3Q,learn_relquest,1.0,"[1, 4]",17.0,2.664,0,1.0,458,fourth
Qkazkzg0kqtgpufn4k4ccnex3Q,learn_relquest,1.0,"[7, 1]",18.0,5.213,0,1.0,459,fourth
Qkazkzg0kqtgpufn4k4ccnex3Q,learn_relquest,1.0,"[4, 1]",19.0,4.389,0,1.0,460,fourth
Qkazkzg0kqtgpufn4k4ccnex3Q,learn_relquest,0.0,"[0, 2]",20.0,8.832,1,1.0,461,fourth
Qkazkzg0kqtgpufn4k4ccnex3Q,learn_relquest,1.0,"[6, 2]",21.0,3.629,0,1.0,462,fourth
Qkazkzg0kqtgpufn4k4ccnex3Q,learn_relquest,0.0,"[6, 1]",22.0,2.777,1,1.0,463,fourth
Qkazkzg0kqtgpufn4k4ccnex3Q,learn_relquest,1.0,"[7, 0]",23.0,2.698,0,1.0,464,fourth
Qkazkzg0kqtgpufn4k4ccnex3Q,learn_relquest,1.0,"[1, 7]",24.0,2.497,0,1.0,465,fourth
Qkazkzg0kqtgpufn4k4ccnex3Q,learn_relquest,0.0,"[2, 5]",25.0,4.254,1,1.0,466,fourth
Qkazkzg0kqtgpufn4k4ccnex3Q,learn_relquest,1.0,"[6, 5]",26.0,0.935,0,1.0,467,fourth
Qkazkzg0kqtgpufn4k4ccnex3Q,learn_relquest,1.0,"[2, 6]",27.0,1.832,0,1.0,468,fourth
Qkazkzg0kqtgpufn4k4ccnex3Q,learn_relquest,0.0,"[3, 1]",0.0,6.095,1,1.0,555,fifth
Qkazkzg0kqtgpufn4k4ccnex3Q,learn_relquest,0.0,"[0, 1]",1.0,4.586,1,1.0,556,fifth
Qkazkzg0kqtgpufn4k4ccnex3Q,learn_relquest,1.0,"[3, 5]",2.0,4.881,0,1.0,557,fifth
Qkazkzg0kqtgpufn4k4ccnex3Q,learn_relquest,0.0,"[6, 0]",3.0,2.439,1,1.0,558,fifth
Qkazkzg0kqtgpufn4k4ccnex3Q,learn_relquest,0.0,"[4, 2]",4.0,5.829,1,1.0,559,fifth
Qkazkzg0kqtgpufn4k4ccnex3Q,learn_relquest,1.0,"[6, 7]",5.0,3.333,0,1.0,560,fifth
Qkazkzg0kqtgpufn4k4ccnex3Q,learn_relquest,0.0,"[2, 0]",6.0,4.774,1,1.0,561,fifth
Qkazkzg0kqtgpufn4k4ccnex3Q,learn_relquest,1.0,"[7, 1]",7.0,2.34,0,1.0,562,fifth
Qkazkzg0kqtgpufn4k4ccnex3Q,learn_relquest,1.0,"[4, 1]",8.0,1.33,0,1.0,563,fifth
Qkazkzg0kqtgpufn4k4ccnex3Q,learn_relquest,0.0,"[0, 4]",9.0,3.774,1,1.0,564,fifth
Qkazkzg0kqtgpufn4k4ccnex3Q,learn_relquest,1.0,"[0, 7]",10.0,2.701,0,1.0,565,fifth
Qkazkzg0kqtgpufn4k4ccnex3Q,learn_relquest,0.0,"[1, 3]",11.0,2.678,1,1.0,566,fifth
Qkazkzg0kqtgpufn4k4ccnex3Q,learn_relquest,1.0,"[7, 0]",12.0,2.011,0,1.0,567,fifth
Qkazkzg0kqtgpufn4k4ccnex3Q,learn_relquest,0.0,"[5, 1]",13.0,3.516,1,1.0,568,fifth
Qkazkzg0kqtgpufn4k4ccnex3Q,learn_relquest,1.0,"[6, 2]",14.0,1.694,0,1.0,569,fifth
Qkazkzg0kqtgpufn4k4ccnex3Q,learn_relquest,1.0,"[1, 4]",15.0,4.192,0,1.0,570,fifth
Qkazkzg0kqtgpufn4k4ccnex3Q,learn_relquest,1.0,"[7, 6]",16.0,1.726,0,1.0,571,fifth
Qkazkzg0kqtgpufn4k4ccnex3Q,learn_relquest,0.0,"[6, 1]",17.0,1.859,1,1.0,572,fifth
Qkazkzg0kqtgpufn4k4ccnex3Q,learn_relquest,1.0,"[5, 6]",18.0,1.442,0,1.0,573,fifth
Qkazkzg0kqtgpufn4k4ccnex3Q,learn_relquest,0.0,"[5, 0]",19.0,2.648,1,1.0,574,fifth
Qkazkzg0kqtgpufn4k4ccnex3Q,learn_relquest,1.0,"[5, 3]",20.0,1.77,0,1.0,575,fifth
Qkazkzg0kqtgpufn4k4ccnex3Q,learn_relquest,0.0,"[4, 3]",21.0,1.561,1,1.0,576,fifth
Qkazkzg0kqtgpufn4k4ccnex3Q,learn_relquest,1.0,"[6, 5]",22.0,3.753,0,1.0,577,fifth
Qkazkzg0kqtgpufn4k4ccnex3Q,learn_relquest,0.0,"[1, 6]",23.0,2.983,1,1.0,578,fifth
Qkazkzg0kqtgpufn4k4ccnex3Q,learn_relquest,0.0,"[1, 5]",24.0,3.19,1,1.0,579,fifth
Qkazkzg0kqtgpufn4k4ccnex3Q,learn_relquest,0.0,"[2, 7]",25.0,4.756,1,1.0,580,fifth
Qkazkzg0kqtgpufn4k4ccnex3Q,learn_relquest,1.0,"[1, 7]",26.0,1.654,0,1.0,581,fifth
Qkazkzg0kqtgpufn4k4ccnex3Q,learn_relquest,1.0,"[2, 6]",27.0,1.947,0,1.0,582,fifth
Qlvic8plyfah94ak285cbmt8uQ,learn_relquest,0.0,"[3, 4]",0.0,13.342,0,0.0,99,first
Qlvic8plyfah94ak285cbmt8uQ,learn_relquest,0.0,"[5, 2]",1.0,3.886,1,1.0,100,first
Qlvic8plyfah94ak285cbmt8uQ,learn_relquest,1.0,"[3, 5]",2.0,4.402,1,0.0,101,first
Qlvic8plyfah94ak285cbmt8uQ,learn_relquest,1.0,"[2, 6]",3.0,0.184,1,0.0,102,first
Qlvic8plyfah94ak285cbmt8uQ,learn_relquest,1.0,"[6, 2]",4.0,5.457,1,0.0,103,first
Qlvic8plyfah94ak285cbmt8uQ,learn_relquest,0.0,"[2, 7]",5.0,3.813,0,0.0,104,first
Qlvic8plyfah94ak285cbmt8uQ,learn_relquest,1.0,"[7, 6]",6.0,4.68,1,0.0,105,first
Qlvic8plyfah94ak285cbmt8uQ,learn_relquest,0.0,"[6, 1]",7.0,3.259,1,1.0,106,first
Qlvic8plyfah94ak285cbmt8uQ,learn_relquest,0.0,"[5, 1]",8.0,4.719,0,0.0,107,first
Qlvic8plyfah94ak285cbmt8uQ,learn_relquest,1.0,"[5, 3]",9.0,2.911,0,1.0,108,first
Qlvic8plyfah94ak285cbmt8uQ,learn_relquest,1.0,"[7, 1]",10.0,5.384,0,1.0,109,first
Qlvic8plyfah94ak285cbmt8uQ,learn_relquest,1.0,"[1, 4]",11.0,10.865,1,0.0,110,first
Qlvic8plyfah94ak285cbmt8uQ,learn_relquest,1.0,"[6, 7]",12.0,5.547,0,1.0,111,first
Qlvic8plyfah94ak285cbmt8uQ,learn_relquest,0.0,"[0, 1]",13.0,6.771,1,1.0,112,first
Qlvic8plyfah94ak285cbmt8uQ,learn_relquest,0.0,"[6, 0]",14.0,3.338,0,0.0,113,first
Qlvic8plyfah94ak285cbmt8uQ,learn_relquest,0.0,"[0, 3]",15.0,6.393,1,1.0,114,first
Qlvic8plyfah94ak285cbmt8uQ,learn_relquest,0.0,"[0, 5]",16.0,8.379,1,1.0,115,first
Qlvic8plyfah94ak285cbmt8uQ,learn_relquest,0.0,"[2, 3]",17.0,7.722,1,1.0,116,first
Qlvic8plyfah94ak285cbmt8uQ,learn_relquest,0.0,"[4, 5]",18.0,11.181,1,1.0,117,first
Qlvic8plyfah94ak285cbmt8uQ,learn_relquest,1.0,"[5, 6]",19.0,5.185,0,1.0,118,first
Qlvic8plyfah94ak285cbmt8uQ,learn_relquest,1.0,"[7, 0]",20.0,5.148,1,0.0,119,first
Qlvic8plyfah94ak285cbmt8uQ,learn_relquest,0.0,"[4, 2]",21.0,5.131,0,0.0,120,first
Qlvic8plyfah94ak285cbmt8uQ,learn_relquest,0.0,"[1, 0]",22.0,6.933,0,0.0,121,first
Qlvic8plyfah94ak285cbmt8uQ,learn_relquest,1.0,"[6, 5]",23.0,4.899,0,1.0,122,first
Qlvic8plyfah94ak285cbmt8uQ,learn_relquest,0.0,"[3, 0]",24.0,4.435,1,1.0,123,first
Qlvic8plyfah94ak285cbmt8uQ,learn_relquest,1.0,"[0, 7]",25.0,6.395,0,1.0,124,first
Qlvic8plyfah94ak285cbmt8uQ,learn_relquest,1.0,"[4, 1]",26.0,9.418,0,1.0,125,first
Qlvic8plyfah94ak285cbmt8uQ,learn_relquest,1.0,"[1, 7]",27.0,16.085,0,1.0,126,first
Qlvic8plyfah94ak285cbmt8uQ,learn_relquest,0.0,"[4, 5]",0.0,11.187,1,1.0,213,second
Qlvic8plyfah94ak285cbmt8uQ,learn_relquest,0.0,"[2, 7]",1.0,8.444,1,1.0,214,second
Qlvic8plyfah94ak285cbmt8uQ,learn_relquest,1.0,"[1, 4]",2.0,8.05,0,1.0,215,second
Qlvic8plyfah94ak285cbmt8uQ,learn_relquest,0.0,"[3, 7]",3.0,8.696,0,0.0,216,second
Qlvic8plyfah94ak285cbmt8uQ,learn_relquest,0.0,"[3, 4]",4.0,7.719,1,1.0,217,second
Qlvic8plyfah94ak285cbmt8uQ,learn_relquest,1.0,"[6, 2]",5.0,4.494,0,1.0,218,second
Qlvic8plyfah94ak285cbmt8uQ,learn_relquest,1.0,"[7, 0]",6.0,3.184,0,1.0,219,second
Qlvic8plyfah94ak285cbmt8uQ,learn_relquest,1.0,"[7, 6]",7.0,13.338,0,1.0,220,second
Qlvic8plyfah94ak285cbmt8uQ,learn_relquest,0.0,"[7, 4]",8.0,8.397,1,1.0,221,second
Qlvic8plyfah94ak285cbmt8uQ,learn_relquest,1.0,"[3, 5]",9.0,12.01,1,0.0,222,second
Qlvic8plyfah94ak285cbmt8uQ,learn_relquest,1.0,"[4, 1]",10.0,19.533,0,1.0,223,second
Qlvic8plyfah94ak285cbmt8uQ,learn_relquest,1.0,"[5, 3]",11.0,16.781,1,0.0,224,second
Qlvic8plyfah94ak285cbmt8uQ,learn_relquest,1.0,"[2, 6]",12.0,3.308,0,1.0,225,second
Qlvic8plyfah94ak285cbmt8uQ,learn_relquest,0.0,"[4, 0]",13.0,8.622,1,1.0,226,second
Qlvic8plyfah94ak285cbmt8uQ,learn_relquest,0.0,"[5, 4]",14.0,9.122,1,1.0,227,second
Qlvic8plyfah94ak285cbmt8uQ,learn_relquest,0.0,"[6, 0]",15.0,10.618,1,1.0,228,second
Qlvic8plyfah94ak285cbmt8uQ,learn_relquest,0.0,"[7, 2]",16.0,9.395,1,1.0,229,second
Qlvic8plyfah94ak285cbmt8uQ,learn_relquest,1.0,"[6, 7]",17.0,5.488,0,1.0,230,second
Qlvic8plyfah94ak285cbmt8uQ,learn_relquest,1.0,"[1, 7]",18.0,7.423,0,1.0,231,second
Qlvic8plyfah94ak285cbmt8uQ,learn_relquest,1.0,"[5, 6]",19.0,6.682,0,1.0,232,second
Qlvic8plyfah94ak285cbmt8uQ,learn_relquest,0.0,"[2, 1]",20.0,16.162,1,1.0,233,second
Qlvic8plyfah94ak285cbmt8uQ,learn_relquest,0.0,"[7, 3]",21.0,9.532,0,0.0,234,second
Qlvic8plyfah94ak285cbmt8uQ,learn_relquest,1.0,"[7, 1]",22.0,9.019,0,1.0,235,second
Qlvic8plyfah94ak285cbmt8uQ,learn_relquest,0.0,"[1, 5]",23.0,9.0,1,1.0,236,second
Qlvic8plyfah94ak285cbmt8uQ,learn_relquest,0.0,"[3, 1]",24.0,15.558,1,1.0,237,second
Qlvic8plyfah94ak285cbmt8uQ,learn_relquest,1.0,"[0, 7]",25.0,10.934,0,1.0,238,second
Qlvic8plyfah94ak285cbmt8uQ,learn_relquest,0.0,"[4, 3]",26.0,23.457,1,1.0,239,second
Qlvic8plyfah94ak285cbmt8uQ,learn_relquest,1.0,"[6, 5]",27.0,5.492,0,1.0,240,second
Qlvic8plyfah94ak285cbmt8uQ,learn_relquest,1.0,"[5, 6]",0.0,9.521,0,1.0,327,third
Qlvic8plyfah94ak285cbmt8uQ,learn_relquest,0.0,"[4, 6]",1.0,9.887,1,1.0,328,third
Qlvic8plyfah94ak285cbmt8uQ,learn_relquest,0.0,"[3, 4]",2.0,19.665,1,1.0,329,third
Qlvic8plyfah94ak285cbmt8uQ,learn_relquest,0.0,"[5, 4]",3.0,7.731,1,1.0,330,third
Qlvic8plyfah94ak285cbmt8uQ,learn_relquest,1.0,"[7, 1]",4.0,13.425,0,1.0,331,third
Qlvic8plyfah94ak285cbmt8uQ,learn_relquest,1.0,"[7, 6]",5.0,8.93,0,1.0,332,third
Qlvic8plyfah94ak285cbmt8uQ,learn_relquest,0.0,"[0, 2]",6.0,11.085,1,1.0,333,third
Qlvic8plyfah94ak285cbmt8uQ,learn_relquest,1.0,"[6, 7]",7.0,4.317,0,1.0,334,third
Qlvic8plyfah94ak285cbmt8uQ,learn_relquest,0.0,"[2, 4]",8.0,8.282,1,1.0,335,third
Qlvic8plyfah94ak285cbmt8uQ,learn_relquest,0.0,"[7, 4]",9.0,9.345,1,1.0,336,third
Qlvic8plyfah94ak285cbmt8uQ,learn_relquest,1.0,"[1, 4]",10.0,8.701,0,1.0,337,third
Qlvic8plyfah94ak285cbmt8uQ,learn_relquest,0.0,"[1, 3]",11.0,13.506,1,1.0,338,third
Qlvic8plyfah94ak285cbmt8uQ,learn_relquest,1.0,"[1, 7]",12.0,6.322,0,1.0,339,third
Qlvic8plyfah94ak285cbmt8uQ,learn_relquest,0.0,"[7, 3]",13.0,13.114,1,1.0,340,third
Qlvic8plyfah94ak285cbmt8uQ,learn_relquest,1.0,"[3, 5]",14.0,6.717,0,1.0,341,third
Qlvic8plyfah94ak285cbmt8uQ,learn_relquest,0.0,"[4, 7]",15.0,7.057,1,1.0,342,third
Qlvic8plyfah94ak285cbmt8uQ,learn_relquest,0.0,"[0, 1]",16.0,18.339,1,1.0,343,third
Qlvic8plyfah94ak285cbmt8uQ,learn_relquest,1.0,"[6, 5]",17.0,18.277,0,1.0,344,third
Qlvic8plyfah94ak285cbmt8uQ,learn_relquest,1.0,"[0, 7]",18.0,5.223,0,1.0,345,third
Qlvic8plyfah94ak285cbmt8uQ,learn_relquest,0.0,"[1, 6]",19.0,11.419,1,1.0,346,third
Qlvic8plyfah94ak285cbmt8uQ,learn_relquest,1.0,"[5, 3]",20.0,7.6,0,1.0,347,third
Qlvic8plyfah94ak285cbmt8uQ,learn_relquest,1.0,"[2, 6]",21.0,4.144,0,1.0,348,third
Qlvic8plyfah94ak285cbmt8uQ,learn_relquest,1.0,"[7, 0]",22.0,4.983,0,1.0,349,third
Qlvic8plyfah94ak285cbmt8uQ,learn_relquest,1.0,"[4, 1]",23.0,8.572,0,1.0,350,third
Qlvic8plyfah94ak285cbmt8uQ,learn_relquest,0.0,"[1, 0]",24.0,7.597,1,1.0,351,third
Qlvic8plyfah94ak285cbmt8uQ,learn_relquest,0.0,"[3, 7]",25.0,8.142,1,1.0,352,third
Qlvic8plyfah94ak285cbmt8uQ,learn_relquest,0.0,"[2, 0]",26.0,6.917,1,1.0,353,third
Qlvic8plyfah94ak285cbmt8uQ,learn_relquest,1.0,"[6, 2]",27.0,5.302,0,1.0,354,third
Qlvic8plyfah94ak285cbmt8uQ,learn_relquest,1.0,"[6, 5]",0.0,6.492,0,1.0,441,fourth
Qlvic8plyfah94ak285cbmt8uQ,learn_relquest,1.0,"[6, 2]",1.0,3.553,0,1.0,442,fourth
Qlvic8plyfah94ak285cbmt8uQ,learn_relquest,1.0,"[5, 6]",2.0,5.983,0,1.0,443,fourth
Qlvic8plyfah94ak285cbmt8uQ,learn_relquest,0.0,"[1, 2]",3.0,6.245,1,1.0,444,fourth
Qlvic8plyfah94ak285cbmt8uQ,learn_relquest,1.0,"[7, 6]",4.0,22.173,0,1.0,445,fourth
Qlvic8plyfah94ak285cbmt8uQ,learn_relquest,0.0,"[7, 5]",5.0,9.717,1,1.0,446,fourth
Qlvic8plyfah94ak285cbmt8uQ,learn_relquest,0.0,"[0, 5]",6.0,10.185,1,1.0,447,fourth
Qlvic8plyfah94ak285cbmt8uQ,learn_relquest,1.0,"[7, 1]",7.0,8.974,0,1.0,448,fourth
Qlvic8plyfah94ak285cbmt8uQ,learn_relquest,1.0,"[1, 4]",8.0,3.47,0,1.0,449,fourth
Qlvic8plyfah94ak285cbmt8uQ,learn_relquest,0.0,"[1, 6]",9.0,0.185,0,0.0,450,fourth
Qlvic8plyfah94ak285cbmt8uQ,learn_relquest,1.0,"[0, 7]",10.0,3.364,0,1.0,451,fourth
Qlvic8plyfah94ak285cbmt8uQ,learn_relquest,1.0,"[2, 6]",11.0,1.761,0,1.0,452,fourth
Qlvic8plyfah94ak285cbmt8uQ,learn_relquest,0.0,"[1, 0]",12.0,11.125,1,1.0,453,fourth
Qlvic8plyfah94ak285cbmt8uQ,learn_relquest,0.0,"[2, 3]",13.0,7.515,1,1.0,454,fourth
Qlvic8plyfah94ak285cbmt8uQ,learn_relquest,1.0,"[5, 3]",14.0,5.415,0,1.0,455,fourth
Qlvic8plyfah94ak285cbmt8uQ,learn_relquest,0.0,"[7, 3]",15.0,7.577,1,1.0,456,fourth
Qlvic8plyfah94ak285cbmt8uQ,learn_relquest,0.0,"[3, 4]",16.0,6.92,1,1.0,457,fourth
Qlvic8plyfah94ak285cbmt8uQ,learn_relquest,1.0,"[7, 0]",17.0,4.208,0,1.0,458,fourth
Qlvic8plyfah94ak285cbmt8uQ,learn_relquest,1.0,"[1, 7]",18.0,4.945,0,1.0,459,fourth
Qlvic8plyfah94ak285cbmt8uQ,learn_relquest,0.0,"[6, 3]",19.0,5.913,1,1.0,460,fourth
Qlvic8plyfah94ak285cbmt8uQ,learn_relquest,1.0,"[3, 5]",20.0,3.373,0,1.0,461,fourth
Qlvic8plyfah94ak285cbmt8uQ,learn_relquest,1.0,"[6, 7]",21.0,6.14,0,1.0,462,fourth
Qlvic8plyfah94ak285cbmt8uQ,learn_relquest,1.0,"[4, 1]",22.0,10.514,0,1.0,463,fourth
Qlvic8plyfah94ak285cbmt8uQ,learn_relquest,0.0,"[1, 3]",23.0,10.979,1,1.0,464,fourth
Qlvic8plyfah94ak285cbmt8uQ,learn_relquest,0.0,"[0, 1]",24.0,8.46,1,1.0,465,fourth
Qlvic8plyfah94ak285cbmt8uQ,learn_relquest,0.0,"[6, 0]",25.0,4.566,1,1.0,466,fourth
Qlvic8plyfah94ak285cbmt8uQ,learn_relquest,0.0,"[3, 6]",26.0,5.154,1,1.0,467,fourth
Qlvic8plyfah94ak285cbmt8uQ,learn_relquest,0.0,"[5, 2]",27.0,7.78,1,1.0,468,fourth
Qlvic8plyfah94ak285cbmt8uQ,learn_relquest,0.0,"[3, 6]",0.0,13.724,1,1.0,555,fifth
Qlvic8plyfah94ak285cbmt8uQ,learn_relquest,1.0,"[7, 6]",1.0,6.225,0,1.0,556,fifth
Qlvic8plyfah94ak285cbmt8uQ,learn_relquest,1.0,"[0, 7]",2.0,1.787,0,1.0,557,fifth
Qlvic8plyfah94ak285cbmt8uQ,learn_relquest,0.0,"[5, 1]",3.0,9.751,1,1.0,558,fifth
Qlvic8plyfah94ak285cbmt8uQ,learn_relquest,0.0,"[6, 0]",4.0,6.557,1,1.0,559,fifth
Qlvic8plyfah94ak285cbmt8uQ,learn_relquest,0.0,"[2, 0]",5.0,7.125,1,1.0,560,fifth
Qlvic8plyfah94ak285cbmt8uQ,learn_relquest,1.0,"[2, 6]",6.0,7.586,1,0.0,561,fifth
Qlvic8plyfah94ak285cbmt8uQ,learn_relquest,1.0,"[7, 1]",7.0,6.055,0,1.0,562,fifth
Qlvic8plyfah94ak285cbmt8uQ,learn_relquest,0.0,"[5, 2]",8.0,4.92,1,1.0,563,fifth
Qlvic8plyfah94ak285cbmt8uQ,learn_relquest,1.0,"[5, 6]",9.0,5.14,0,1.0,564,fifth
Qlvic8plyfah94ak285cbmt8uQ,learn_relquest,1.0,"[6, 7]",10.0,5.173,0,1.0,565,fifth
Qlvic8plyfah94ak285cbmt8uQ,learn_relquest,1.0,"[1, 4]",11.0,5.175,0,1.0,566,fifth
Qlvic8plyfah94ak285cbmt8uQ,learn_relquest,0.0,"[4, 6]",12.0,4.989,1,1.0,567,fifth
Qlvic8plyfah94ak285cbmt8uQ,learn_relquest,0.0,"[6, 4]",13.0,1.617,1,1.0,568,fifth
Qlvic8plyfah94ak285cbmt8uQ,learn_relquest,1.0,"[3, 5]",14.0,3.312,0,1.0,569,fifth
Qlvic8plyfah94ak285cbmt8uQ,learn_relquest,1.0,"[6, 5]",15.0,3.295,0,1.0,570,fifth
Qlvic8plyfah94ak285cbmt8uQ,learn_relquest,1.0,"[5, 3]",16.0,3.94,0,1.0,571,fifth
Qlvic8plyfah94ak285cbmt8uQ,learn_relquest,0.0,"[3, 4]",17.0,26.959,1,1.0,572,fifth
Qlvic8plyfah94ak285cbmt8uQ,learn_relquest,0.0,"[3, 7]",18.0,11.925,1,1.0,573,fifth
Qlvic8plyfah94ak285cbmt8uQ,learn_relquest,0.0,"[4, 2]",19.0,4.212,1,1.0,574,fifth
Qlvic8plyfah94ak285cbmt8uQ,learn_relquest,1.0,"[7, 0]",20.0,2.05,0,1.0,575,fifth
Qlvic8plyfah94ak285cbmt8uQ,learn_relquest,0.0,"[6, 3]",21.0,10.373,1,1.0,576,fifth
Qlvic8plyfah94ak285cbmt8uQ,learn_relquest,1.0,"[4, 1]",22.0,3.921,0,1.0,577,fifth
Qlvic8plyfah94ak285cbmt8uQ,learn_relquest,0.0,"[2, 5]",23.0,4.727,1,1.0,578,fifth
Qlvic8plyfah94ak285cbmt8uQ,learn_relquest,1.0,"[1, 7]",24.0,8.871,0,1.0,579,fifth
Qlvic8plyfah94ak285cbmt8uQ,learn_relquest,1.0,"[6, 2]",25.0,15.592,0,1.0,580,fifth
Qlvic8plyfah94ak285cbmt8uQ,learn_relquest,0.0,"[2, 4]",26.0,29.415,1,1.0,581,fifth
Qlvic8plyfah94ak285cbmt8uQ,learn_relquest,0.0,"[2, 1]",27.0,4.397,1,1.0,582,fifth
Qw6cch8j8hgu253s3709gmg0aQ,learn_relquest,0.0,"[2, 1]",0.0,8.233,0,0.0,99,first
Qw6cch8j8hgu253s3709gmg0aQ,learn_relquest,1.0,"[7, 0]",1.0,3.036,0,1.0,100,first
Qw6cch8j8hgu253s3709gmg0aQ,learn_relquest,0.0,"[7, 2]",2.0,1.336,1,1.0,101,first
Qw6cch8j8hgu253s3709gmg0aQ,learn_relquest,1.0,"[6, 7]",3.0,1.19,0,1.0,102,first
Qw6cch8j8hgu253s3709gmg0aQ,learn_relquest,0.0,"[7, 5]",4.0,2.27,1,1.0,103,first
Qw6cch8j8hgu253s3709gmg0aQ,learn_relquest,0.0,"[3, 2]",5.0,0.257,1,1.0,104,first
Qw6cch8j8hgu253s3709gmg0aQ,learn_relquest,0.0,"[5, 7]",6.0,0.829,1,1.0,105,first
Qw6cch8j8hgu253s3709gmg0aQ,learn_relquest,0.0,"[4, 6]",7.0,1.607,1,1.0,106,first
Qw6cch8j8hgu253s3709gmg0aQ,learn_relquest,0.0,"[1, 0]",8.0,1.358,0,0.0,107,first
Qw6cch8j8hgu253s3709gmg0aQ,learn_relquest,1.0,"[6, 2]",9.0,1.36,0,1.0,108,first
Qw6cch8j8hgu253s3709gmg0aQ,learn_relquest,0.0,"[2, 7]",10.0,1.427,0,0.0,109,first
Qw6cch8j8hgu253s3709gmg0aQ,learn_relquest,0.0,"[6, 4]",11.0,1.618,1,1.0,110,first
Qw6cch8j8hgu253s3709gmg0aQ,learn_relquest,1.0,"[2, 6]",12.0,2.225,0,1.0,111,first
Qw6cch8j8hgu253s3709gmg0aQ,learn_relquest,1.0,"[7, 6]",13.0,1.089,0,1.0,112,first
Qw6cch8j8hgu253s3709gmg0aQ,learn_relquest,0.0,"[2, 3]",14.0,1.348,1,1.0,113,first
Qw6cch8j8hgu253s3709gmg0aQ,learn_relquest,1.0,"[3, 5]",15.0,1.224,0,1.0,114,first
Qw6cch8j8hgu253s3709gmg0aQ,learn_relquest,1.0,"[6, 5]",16.0,4.532,0,1.0,115,first
Qw6cch8j8hgu253s3709gmg0aQ,learn_relquest,0.0,"[0, 2]",17.0,1.574,1,1.0,116,first
Qw6cch8j8hgu253s3709gmg0aQ,learn_relquest,1.0,"[7, 1]",18.0,4.587,0,1.0,117,first
Qw6cch8j8hgu253s3709gmg0aQ,learn_relquest,0.0,"[5, 4]",19.0,1.944,0,0.0,118,first
Qw6cch8j8hgu253s3709gmg0aQ,learn_relquest,0.0,"[5, 0]",20.0,1.078,1,1.0,119,first
Qw6cch8j8hgu253s3709gmg0aQ,learn_relquest,1.0,"[1, 7]",21.0,1.099,0,1.0,120,first
Qw6cch8j8hgu253s3709gmg0aQ,learn_relquest,1.0,"[1, 4]",22.0,1.283,0,1.0,121,first
Qw6cch8j8hgu253s3709gmg0aQ,learn_relquest,0.0,"[0, 6]",23.0,2.167,1,1.0,122,first
Qw6cch8j8hgu253s3709gmg0aQ,learn_relquest,1.0,"[5, 6]",24.0,1.101,0,1.0,123,first
Qw6cch8j8hgu253s3709gmg0aQ,learn_relquest,1.0,"[0, 7]",25.0,1.043,1,0.0,124,first
Qw6cch8j8hgu253s3709gmg0aQ,learn_relquest,1.0,"[4, 1]",26.0,1.607,0,1.0,125,first
Qw6cch8j8hgu253s3709gmg0aQ,learn_relquest,1.0,"[5, 3]",27.0,1.234,0,1.0,126,first
Qw6cch8j8hgu253s3709gmg0aQ,learn_relquest,1.0,"[5, 3]",0.0,1.988,1,0.0,213,second
Qw6cch8j8hgu253s3709gmg0aQ,learn_relquest,1.0,"[5, 6]",1.0,0.943,0,1.0,214,second
Qw6cch8j8hgu253s3709gmg0aQ,learn_relquest,1.0,"[0, 7]",2.0,1.9,1,0.0,215,second
Qw6cch8j8hgu253s3709gmg0aQ,learn_relquest,0.0,"[1, 2]",3.0,0.886,0,0.0,216,second
Qw6cch8j8hgu253s3709gmg0aQ,learn_relquest,0.0,"[0, 4]",4.0,1.292,0,0.0,217,second
Qw6cch8j8hgu253s3709gmg0aQ,learn_relquest,0.0,"[6, 1]",5.0,1.089,0,0.0,218,second
Qw6cch8j8hgu253s3709gmg0aQ,learn_relquest,0.0,"[7, 5]",6.0,0.852,1,1.0,219,second
Qw6cch8j8hgu253s3709gmg0aQ,learn_relquest,1.0,"[6, 2]",7.0,0.82,0,1.0,220,second
Qw6cch8j8hgu253s3709gmg0aQ,learn_relquest,1.0,"[4, 1]",8.0,0.965,0,1.0,221,second
Qw6cch8j8hgu253s3709gmg0aQ,learn_relquest,0.0,"[7, 3]",9.0,1.01,0,0.0,222,second
Qw6cch8j8hgu253s3709gmg0aQ,learn_relquest,0.0,"[5, 0]",10.0,1.54,0,0.0,223,second
Qw6cch8j8hgu253s3709gmg0aQ,learn_relquest,1.0,"[6, 7]",11.0,2.001,0,1.0,224,second
Qw6cch8j8hgu253s3709gmg0aQ,learn_relquest,1.0,"[7, 0]",12.0,1.954,1,0.0,225,second
Qw6cch8j8hgu253s3709gmg0aQ,learn_relquest,1.0,"[2, 6]",13.0,1.067,0,1.0,226,second
Qw6cch8j8hgu253s3709gmg0aQ,learn_relquest,0.0,"[4, 3]",14.0,2.079,0,0.0,227,second
Qw6cch8j8hgu253s3709gmg0aQ,learn_relquest,0.0,"[3, 4]",15.0,2.416,0,0.0,228,second
Qw6cch8j8hgu253s3709gmg0aQ,learn_relquest,0.0,"[6, 3]",16.0,1.078,1,1.0,229,second
Qw6cch8j8hgu253s3709gmg0aQ,learn_relquest,1.0,"[7, 6]",17.0,1.077,0,1.0,230,second
Qw6cch8j8hgu253s3709gmg0aQ,learn_relquest,1.0,"[1, 7]",18.0,1.302,0,1.0,231,second
Qw6cch8j8hgu253s3709gmg0aQ,learn_relquest,0.0,"[1, 3]",19.0,1.011,1,1.0,232,second
Qw6cch8j8hgu253s3709gmg0aQ,learn_relquest,0.0,"[0, 1]",20.0,1.562,0,0.0,233,second
Qw6cch8j8hgu253s3709gmg0aQ,learn_relquest,0.0,"[3, 7]",21.0,1.73,0,0.0,234,second
Qw6cch8j8hgu253s3709gmg0aQ,learn_relquest,1.0,"[1, 4]",22.0,1.393,0,1.0,235,second
Qw6cch8j8hgu253s3709gmg0aQ,learn_relquest,1.0,"[7, 1]",23.0,1.347,1,0.0,236,second
Qw6cch8j8hgu253s3709gmg0aQ,learn_relquest,0.0,"[5, 2]",24.0,1.247,1,1.0,237,second
Qw6cch8j8hgu253s3709gmg0aQ,learn_relquest,1.0,"[3, 5]",25.0,1.066,0,1.0,238,second
Qw6cch8j8hgu253s3709gmg0aQ,learn_relquest,1.0,"[6, 5]",26.0,1.01,0,1.0,239,second
Qw6cch8j8hgu253s3709gmg0aQ,learn_relquest,0.0,"[1, 5]",27.0,0.921,0,0.0,240,second
Qw6cch8j8hgu253s3709gmg0aQ,learn_relquest,0.0,"[4, 3]",0.0,1.561,0,0.0,327,third
Qw6cch8j8hgu253s3709gmg0aQ,learn_relquest,1.0,"[1, 4]",1.0,1.431,0,1.0,328,third
Qw6cch8j8hgu253s3709gmg0aQ,learn_relquest,0.0,"[4, 0]",2.0,0.875,0,0.0,329,third
Qw6cch8j8hgu253s3709gmg0aQ,learn_relquest,1.0,"[2, 6]",3.0,1.056,0,1.0,330,third
Qw6cch8j8hgu253s3709gmg0aQ,learn_relquest,0.0,"[4, 7]",4.0,0.932,0,0.0,331,third
Qw6cch8j8hgu253s3709gmg0aQ,learn_relquest,1.0,"[7, 1]",5.0,1.28,0,1.0,332,third
Qw6cch8j8hgu253s3709gmg0aQ,learn_relquest,1.0,"[3, 5]",6.0,2.169,1,0.0,333,third
Qw6cch8j8hgu253s3709gmg0aQ,learn_relquest,0.0,"[0, 2]",7.0,0.696,0,0.0,334,third
Qw6cch8j8hgu253s3709gmg0aQ,learn_relquest,0.0,"[6, 1]",8.0,0.706,0,0.0,335,third
Qw6cch8j8hgu253s3709gmg0aQ,learn_relquest,0.0,"[3, 4]",9.0,0.718,0,0.0,336,third
Qw6cch8j8hgu253s3709gmg0aQ,learn_relquest,0.0,"[3, 0]",10.0,0.639,0,0.0,337,third
Qw6cch8j8hgu253s3709gmg0aQ,learn_relquest,1.0,"[0, 7]",11.0,1.438,0,1.0,338,third
Qw6cch8j8hgu253s3709gmg0aQ,learn_relquest,1.0,"[5, 6]",12.0,1.055,0,1.0,339,third
Qw6cch8j8hgu253s3709gmg0aQ,learn_relquest,1.0,"[6, 7]",13.0,0.875,0,1.0,340,third
Qw6cch8j8hgu253s3709gmg0aQ,learn_relquest,1.0,"[1, 7]",14.0,0.853,0,1.0,341,third
Qw6cch8j8hgu253s3709gmg0aQ,learn_relquest,0.0,"[3, 1]",15.0,1.393,0,0.0,342,third
Qw6cch8j8hgu253s3709gmg0aQ,learn_relquest,1.0,"[4, 1]",16.0,0.773,0,1.0,343,third
Qw6cch8j8hgu253s3709gmg0aQ,learn_relquest,0.0,"[2, 1]",17.0,1.201,1,1.0,344,third
Qw6cch8j8hgu253s3709gmg0aQ,learn_relquest,1.0,"[6, 5]",18.0,0.852,0,1.0,345,third
Qw6cch8j8hgu253s3709gmg0aQ,learn_relquest,0.0,"[6, 4]",19.0,1.326,1,1.0,346,third
Qw6cch8j8hgu253s3709gmg0aQ,learn_relquest,0.0,"[7, 3]",20.0,0.886,0,0.0,347,third
Qw6cch8j8hgu253s3709gmg0aQ,learn_relquest,0.0,"[2, 3]",21.0,1.19,0,0.0,348,third
Qw6cch8j8hgu253s3709gmg0aQ,learn_relquest,0.0,"[6, 0]",22.0,1.337,0,0.0,349,third
Qw6cch8j8hgu253s3709gmg0aQ,learn_relquest,0.0,"[7, 4]",23.0,0.942,0,0.0,350,third
Qw6cch8j8hgu253s3709gmg0aQ,learn_relquest,1.0,"[5, 3]",24.0,0.921,0,1.0,351,third
Qw6cch8j8hgu253s3709gmg0aQ,learn_relquest,1.0,"[7, 6]",25.0,0.932,0,1.0,352,third
Qw6cch8j8hgu253s3709gmg0aQ,learn_relquest,1.0,"[7, 0]",26.0,1.539,0,1.0,353,third
Qw6cch8j8hgu253s3709gmg0aQ,learn_relquest,1.0,"[6, 2]",27.0,0.728,0,1.0,354,third
Qw6cch8j8hgu253s3709gmg0aQ,learn_relquest,0.0,"[4, 7]",0.0,2.1,0,0.0,441,fourth
Qw6cch8j8hgu253s3709gmg0aQ,learn_relquest,1.0,"[6, 2]",1.0,1.932,1,0.0,442,fourth
Qw6cch8j8hgu253s3709gmg0aQ,learn_relquest,0.0,"[2, 1]",2.0,0.898,0,0.0,443,fourth
Qw6cch8j8hgu253s3709gmg0aQ,learn_relquest,0.0,"[1, 2]",3.0,1.37,0,0.0,444,fourth
Qw6cch8j8hgu253s3709gmg0aQ,learn_relquest,1.0,"[5, 3]",4.0,0.93,0,1.0,445,fourth
Qw6cch8j8hgu253s3709gmg0aQ,learn_relquest,1.0,"[1, 4]",5.0,1.327,0,1.0,446,fourth
Qw6cch8j8hgu253s3709gmg0aQ,learn_relquest,1.0,"[7, 6]",6.0,0.91,0,1.0,447,fourth
Qw6cch8j8hgu253s3709gmg0aQ,learn_relquest,0.0,"[0, 3]",7.0,1.347,1,1.0,448,fourth
Qw6cch8j8hgu253s3709gmg0aQ,learn_relquest,1.0,"[4, 1]",8.0,0.774,0,1.0,449,fourth
Qw6cch8j8hgu253s3709gmg0aQ,learn_relquest,0.0,"[1, 6]",9.0,1.64,0,0.0,450,fourth
Qw6cch8j8hgu253s3709gmg0aQ,learn_relquest,1.0,"[1, 7]",10.0,1.09,0,1.0,451,fourth
Qw6cch8j8hgu253s3709gmg0aQ,learn_relquest,0.0,"[3, 1]",11.0,1.032,1,1.0,452,fourth
Qw6cch8j8hgu253s3709gmg0aQ,learn_relquest,0.0,"[0, 6]",12.0,0.718,0,0.0,453,fourth
Qw6cch8j8hgu253s3709gmg0aQ,learn_relquest,0.0,"[4, 0]",13.0,2.137,0,0.0,454,fourth
Qw6cch8j8hgu253s3709gmg0aQ,learn_relquest,0.0,"[4, 6]",14.0,1.414,1,1.0,455,fourth
Qw6cch8j8hgu253s3709gmg0aQ,learn_relquest,1.0,"[0, 7]",15.0,1.179,0,1.0,456,fourth
Qw6cch8j8hgu253s3709gmg0aQ,learn_relquest,0.0,"[7, 2]",16.0,1.606,0,0.0,457,fourth
Qw6cch8j8hgu253s3709gmg0aQ,learn_relquest,0.0,"[1, 3]",17.0,1.562,0,0.0,458,fourth
Qw6cch8j8hgu253s3709gmg0aQ,learn_relquest,0.0,"[2, 5]",18.0,0.752,0,0.0,459,fourth
Qw6cch8j8hgu253s3709gmg0aQ,learn_relquest,1.0,"[5, 6]",19.0,1.708,0,1.0,460,fourth
Qw6cch8j8hgu253s3709gmg0aQ,learn_relquest,1.0,"[2, 6]",20.0,2.81,1,0.0,461,fourth
Qw6cch8j8hgu253s3709gmg0aQ,learn_relquest,0.0,"[1, 0]",21.0,1.191,0,0.0,462,fourth
Qw6cch8j8hgu253s3709gmg0aQ,learn_relquest,1.0,"[6, 7]",22.0,1.134,0,1.0,463,fourth
Qw6cch8j8hgu253s3709gmg0aQ,learn_relquest,1.0,"[7, 1]",23.0,1.099,0,1.0,464,fourth
Qw6cch8j8hgu253s3709gmg0aQ,learn_relquest,0.0,"[3, 7]",24.0,0.92,0,0.0,465,fourth
Qw6cch8j8hgu253s3709gmg0aQ,learn_relquest,1.0,"[6, 5]",25.0,1.956,1,0.0,466,fourth
Qw6cch8j8hgu253s3709gmg0aQ,learn_relquest,1.0,"[3, 5]",26.0,0.874,0,1.0,467,fourth
Qw6cch8j8hgu253s3709gmg0aQ,learn_relquest,1.0,"[7, 0]",27.0,0.92,0,1.0,468,fourth
Qw6cch8j8hgu253s3709gmg0aQ,learn_relquest,0.0,"[4, 5]",0.0,1.561,0,0.0,555,fifth
Qw6cch8j8hgu253s3709gmg0aQ,learn_relquest,1.0,"[5, 6]",1.0,1.281,1,0.0,556,fifth
Qw6cch8j8hgu253s3709gmg0aQ,learn_relquest,1.0,"[7, 6]",2.0,1.292,0,1.0,557,fifth
Qw6cch8j8hgu253s3709gmg0aQ,learn_relquest,0.0,"[7, 5]",3.0,0.695,1,1.0,558,fifth
Qw6cch8j8hgu253s3709gmg0aQ,learn_relquest,0.0,"[2, 3]",4.0,0.875,0,0.0,559,fifth
Qw6cch8j8hgu253s3709gmg0aQ,learn_relquest,0.0,"[3, 6]",5.0,0.661,1,1.0,560,fifth
Qw6cch8j8hgu253s3709gmg0aQ,learn_relquest,0.0,"[1, 2]",6.0,1.281,0,0.0,561,fifth
Qw6cch8j8hgu253s3709gmg0aQ,learn_relquest,1.0,"[2, 6]",7.0,0.819,0,1.0,562,fifth
Qw6cch8j8hgu253s3709gmg0aQ,learn_relquest,1.0,"[1, 7]",8.0,0.965,0,1.0,563,fifth
Qw6cch8j8hgu253s3709gmg0aQ,learn_relquest,0.0,"[3, 1]",9.0,0.764,1,1.0,564,fifth
Qw6cch8j8hgu253s3709gmg0aQ,learn_relquest,1.0,"[7, 0]",10.0,0.717,0,1.0,565,fifth
Qw6cch8j8hgu253s3709gmg0aQ,learn_relquest,1.0,"[5, 3]",11.0,0.435,0,1.0,566,fifth
Qw6cch8j8hgu253s3709gmg0aQ,learn_relquest,0.0,"[1, 3]",12.0,1.034,1,1.0,567,fifth
Qw6cch8j8hgu253s3709gmg0aQ,learn_relquest,0.0,"[0, 3]",13.0,0.526,0,0.0,568,fifth
Qw6cch8j8hgu253s3709gmg0aQ,learn_relquest,1.0,"[1, 4]",14.0,1.373,0,1.0,569,fifth
Qw6cch8j8hgu253s3709gmg0aQ,learn_relquest,1.0,"[7, 1]",15.0,0.851,1,0.0,570,fifth
Qw6cch8j8hgu253s3709gmg0aQ,learn_relquest,1.0,"[6, 5]",16.0,0.661,0,1.0,571,fifth
Qw6cch8j8hgu253s3709gmg0aQ,learn_relquest,0.0,"[2, 0]",17.0,1.09,0,0.0,572,fifth
Qw6cch8j8hgu253s3709gmg0aQ,learn_relquest,0.0,"[5, 1]",18.0,1.595,0,0.0,573,fifth
Qw6cch8j8hgu253s3709gmg0aQ,learn_relquest,0.0,"[0, 1]",19.0,0.842,1,1.0,574,fifth
Qw6cch8j8hgu253s3709gmg0aQ,learn_relquest,1.0,"[6, 7]",20.0,1.617,0,1.0,575,fifth
Qw6cch8j8hgu253s3709gmg0aQ,learn_relquest,0.0,"[5, 4]",21.0,0.887,0,0.0,576,fifth
Qw6cch8j8hgu253s3709gmg0aQ,learn_relquest,1.0,"[4, 1]",22.0,1.089,0,1.0,577,fifth
Qw6cch8j8hgu253s3709gmg0aQ,learn_relquest,0.0,"[3, 4]",23.0,0.797,0,0.0,578,fifth
Qw6cch8j8hgu253s3709gmg0aQ,learn_relquest,1.0,"[6, 2]",24.0,0.922,1,0.0,579,fifth
Qw6cch8j8hgu253s3709gmg0aQ,learn_relquest,1.0,"[3, 5]",25.0,0.615,0,1.0,580,fifth
Qw6cch8j8hgu253s3709gmg0aQ,learn_relquest,1.0,"[0, 7]",26.0,0.818,0,1.0,581,fifth
Qw6cch8j8hgu253s3709gmg0aQ,learn_relquest,0.0,"[6, 0]",27.0,1.293,0,0.0,582,fifth
Qgf8fzzv6gm2r22lcowi5tkunQ,learn_relquest,1.0,"[6, 5]",0.0,4.133,0,1.0,99,first
Qgf8fzzv6gm2r22lcowi5tkunQ,learn_relquest,0.0,"[0, 3]",1.0,5.075,1,1.0,100,first
Qgf8fzzv6gm2r22lcowi5tkunQ,learn_relquest,0.0,"[3, 2]",2.0,24.742,0,0.0,101,first
Qgf8fzzv6gm2r22lcowi5tkunQ,learn_relquest,1.0,"[5, 3]",3.0,2.516,1,0.0,102,first
Qgf8fzzv6gm2r22lcowi5tkunQ,learn_relquest,0.0,"[5, 4]",4.0,6.754,0,0.0,103,first
Qgf8fzzv6gm2r22lcowi5tkunQ,learn_relquest,1.0,"[1, 7]",5.0,2.929,1,0.0,104,first
Qgf8fzzv6gm2r22lcowi5tkunQ,learn_relquest,0.0,"[4, 6]",6.0,3.837,1,1.0,105,first
Qgf8fzzv6gm2r22lcowi5tkunQ,learn_relquest,1.0,"[7, 0]",7.0,6.739,1,0.0,106,first
Qgf8fzzv6gm2r22lcowi5tkunQ,learn_relquest,1.0,"[3, 5]",8.0,5.691,1,0.0,107,first
Qgf8fzzv6gm2r22lcowi5tkunQ,learn_relquest,1.0,"[7, 6]",9.0,2.665,0,1.0,108,first
Qgf8fzzv6gm2r22lcowi5tkunQ,learn_relquest,0.0,"[5, 1]",10.0,1.904,0,0.0,109,first
Qgf8fzzv6gm2r22lcowi5tkunQ,learn_relquest,0.0,"[2, 5]",11.0,3.784,1,1.0,110,first
Qgf8fzzv6gm2r22lcowi5tkunQ,learn_relquest,0.0,"[3, 7]",12.0,2.789,0,0.0,111,first
Qgf8fzzv6gm2r22lcowi5tkunQ,learn_relquest,0.0,"[4, 2]",13.0,1.668,0,0.0,112,first
Qgf8fzzv6gm2r22lcowi5tkunQ,learn_relquest,0.0,"[5, 0]",14.0,4.521,0,0.0,113,first
Qgf8fzzv6gm2r22lcowi5tkunQ,learn_relquest,1.0,"[7, 1]",15.0,6.604,1,0.0,114,first
Qgf8fzzv6gm2r22lcowi5tkunQ,learn_relquest,0.0,"[4, 7]",16.0,4.197,0,0.0,115,first
Qgf8fzzv6gm2r22lcowi5tkunQ,learn_relquest,0.0,"[3, 0]",17.0,2.279,1,1.0,116,first
Qgf8fzzv6gm2r22lcowi5tkunQ,learn_relquest,0.0,"[0, 6]",18.0,3.25,1,1.0,117,first
Qgf8fzzv6gm2r22lcowi5tkunQ,learn_relquest,1.0,"[6, 2]",19.0,1.904,0,1.0,118,first
Qgf8fzzv6gm2r22lcowi5tkunQ,learn_relquest,1.0,"[6, 7]",20.0,3.237,0,1.0,119,first
Qgf8fzzv6gm2r22lcowi5tkunQ,learn_relquest,1.0,"[2, 6]",21.0,1.466,0,1.0,120,first
Qgf8fzzv6gm2r22lcowi5tkunQ,learn_relquest,1.0,"[4, 1]",22.0,2.488,0,1.0,121,first
Qgf8fzzv6gm2r22lcowi5tkunQ,learn_relquest,1.0,"[0, 7]",23.0,1.963,1,0.0,122,first
Qgf8fzzv6gm2r22lcowi5tkunQ,learn_relquest,1.0,"[1, 4]",24.0,3.169,0,1.0,123,first
Qgf8fzzv6gm2r22lcowi5tkunQ,learn_relquest,1.0,"[5, 6]",25.0,1.386,0,1.0,124,first
Qgf8fzzv6gm2r22lcowi5tkunQ,learn_relquest,0.0,"[6, 1]",26.0,1.527,0,0.0,125,first
Qgf8fzzv6gm2r22lcowi5tkunQ,learn_relquest,0.0,"[1, 5]",27.0,3.447,0,0.0,126,first
Qgf8fzzv6gm2r22lcowi5tkunQ,learn_relquest,0.0,"[7, 3]",0.0,5.974,0,0.0,213,second
Qgf8fzzv6gm2r22lcowi5tkunQ,learn_relquest,0.0,"[0, 6]",1.0,2.118,0,0.0,214,second
Qgf8fzzv6gm2r22lcowi5tkunQ,learn_relquest,1.0,"[7, 6]",2.0,1.662,0,1.0,215,second
Qgf8fzzv6gm2r22lcowi5tkunQ,learn_relquest,1.0,"[1, 7]",3.0,1.222,0,1.0,216,second
Qgf8fzzv6gm2r22lcowi5tkunQ,learn_relquest,0.0,"[3, 6]",4.0,2.577,0,0.0,217,second
Qgf8fzzv6gm2r22lcowi5tkunQ,learn_relquest,1.0,"[7, 1]",5.0,1.918,0,1.0,218,second
Qgf8fzzv6gm2r22lcowi5tkunQ,learn_relquest,0.0,"[5, 0]",6.0,1.197,0,0.0,219,second
Qgf8fzzv6gm2r22lcowi5tkunQ,learn_relquest,1.0,"[4, 1]",7.0,1.497,0,1.0,220,second
Qgf8fzzv6gm2r22lcowi5tkunQ,learn_relquest,1.0,"[5, 6]",8.0,1.092,0,1.0,221,second
Qgf8fzzv6gm2r22lcowi5tkunQ,learn_relquest,1.0,"[6, 5]",9.0,1.243,0,1.0,222,second
Qgf8fzzv6gm2r22lcowi5tkunQ,learn_relquest,0.0,"[3, 0]",10.0,3.627,0,0.0,223,second
Qgf8fzzv6gm2r22lcowi5tkunQ,learn_relquest,1.0,"[6, 7]",11.0,1.002,0,1.0,224,second
Qgf8fzzv6gm2r22lcowi5tkunQ,learn_relquest,1.0,"[6, 2]",12.0,1.07,0,1.0,225,second
Qgf8fzzv6gm2r22lcowi5tkunQ,learn_relquest,0.0,"[2, 5]",13.0,0.92,0,0.0,226,second
Qgf8fzzv6gm2r22lcowi5tkunQ,learn_relquest,0.0,"[0, 1]",14.0,2.126,1,1.0,227,second
Qgf8fzzv6gm2r22lcowi5tkunQ,learn_relquest,1.0,"[2, 6]",15.0,1.565,0,1.0,228,second
Qgf8fzzv6gm2r22lcowi5tkunQ,learn_relquest,0.0,"[2, 1]",16.0,1.691,0,0.0,229,second
Qgf8fzzv6gm2r22lcowi5tkunQ,learn_relquest,0.0,"[2, 7]",17.0,1.139,0,0.0,230,second
Qgf8fzzv6gm2r22lcowi5tkunQ,learn_relquest,0.0,"[4, 7]",18.0,0.902,0,0.0,231,second
Qgf8fzzv6gm2r22lcowi5tkunQ,learn_relquest,0.0,"[2, 0]",19.0,3.488,1,1.0,232,second
Qgf8fzzv6gm2r22lcowi5tkunQ,learn_relquest,1.0,"[7, 0]",20.0,1.667,0,1.0,233,second
Qgf8fzzv6gm2r22lcowi5tkunQ,learn_relquest,0.0,"[5, 4]",21.0,1.265,0,0.0,234,second
Qgf8fzzv6gm2r22lcowi5tkunQ,learn_relquest,1.0,"[1, 4]",22.0,0.994,0,1.0,235,second
Qgf8fzzv6gm2r22lcowi5tkunQ,learn_relquest,1.0,"[5, 3]",23.0,1.033,0,1.0,236,second
Qgf8fzzv6gm2r22lcowi5tkunQ,learn_relquest,0.0,"[0, 5]",24.0,3.551,1,1.0,237,second
Qgf8fzzv6gm2r22lcowi5tkunQ,learn_relquest,1.0,"[3, 5]",25.0,1.399,0,1.0,238,second
Qgf8fzzv6gm2r22lcowi5tkunQ,learn_relquest,0.0,"[7, 5]",26.0,1.131,0,0.0,239,second
Qgf8fzzv6gm2r22lcowi5tkunQ,learn_relquest,1.0,"[0, 7]",27.0,3.064,1,0.0,240,second
Qgf8fzzv6gm2r22lcowi5tkunQ,learn_relquest,1.0,"[1, 4]",0.0,8.666,0,1.0,327,third
Qgf8fzzv6gm2r22lcowi5tkunQ,learn_relquest,0.0,"[4, 3]",1.0,1.181,0,0.0,328,third
Qgf8fzzv6gm2r22lcowi5tkunQ,learn_relquest,0.0,"[5, 7]",2.0,0.926,0,0.0,329,third
Qgf8fzzv6gm2r22lcowi5tkunQ,learn_relquest,1.0,"[4, 1]",3.0,0.723,0,1.0,330,third
Qgf8fzzv6gm2r22lcowi5tkunQ,learn_relquest,0.0,"[2, 3]",4.0,1.137,0,0.0,331,third
Qgf8fzzv6gm2r22lcowi5tkunQ,learn_relquest,1.0,"[6, 5]",5.0,0.933,0,1.0,332,third
Qgf8fzzv6gm2r22lcowi5tkunQ,learn_relquest,1.0,"[7, 1]",6.0,0.868,0,1.0,333,third
Qgf8fzzv6gm2r22lcowi5tkunQ,learn_relquest,1.0,"[5, 6]",7.0,0.65,0,1.0,334,third
Qgf8fzzv6gm2r22lcowi5tkunQ,learn_relquest,1.0,"[7, 6]",8.0,0.829,0,1.0,335,third
Qgf8fzzv6gm2r22lcowi5tkunQ,learn_relquest,0.0,"[3, 1]",9.0,0.771,0,0.0,336,third
Qgf8fzzv6gm2r22lcowi5tkunQ,learn_relquest,0.0,"[2, 7]",10.0,1.22,0,0.0,337,third
Qgf8fzzv6gm2r22lcowi5tkunQ,learn_relquest,0.0,"[4, 0]",11.0,0.723,0,0.0,338,third
Qgf8fzzv6gm2r22lcowi5tkunQ,learn_relquest,0.0,"[4, 2]",12.0,0.724,0,0.0,339,third
Qgf8fzzv6gm2r22lcowi5tkunQ,learn_relquest,0.0,"[1, 3]",13.0,0.711,0,0.0,340,third
Qgf8fzzv6gm2r22lcowi5tkunQ,learn_relquest,1.0,"[7, 0]",14.0,1.316,0,1.0,341,third
Qgf8fzzv6gm2r22lcowi5tkunQ,learn_relquest,0.0,"[2, 0]",15.0,0.605,0,0.0,342,third
Qgf8fzzv6gm2r22lcowi5tkunQ,learn_relquest,1.0,"[2, 6]",16.0,0.8,0,1.0,343,third
Qgf8fzzv6gm2r22lcowi5tkunQ,learn_relquest,0.0,"[3, 6]",17.0,0.739,0,0.0,344,third
Qgf8fzzv6gm2r22lcowi5tkunQ,learn_relquest,0.0,"[4, 5]",18.0,0.778,0,0.0,345,third
Qgf8fzzv6gm2r22lcowi5tkunQ,learn_relquest,1.0,"[0, 7]",19.0,1.324,0,1.0,346,third
Qgf8fzzv6gm2r22lcowi5tkunQ,learn_relquest,0.0,"[1, 5]",20.0,0.597,0,0.0,347,third
Qgf8fzzv6gm2r22lcowi5tkunQ,learn_relquest,1.0,"[5, 3]",21.0,0.656,0,1.0,348,third
Qgf8fzzv6gm2r22lcowi5tkunQ,learn_relquest,1.0,"[6, 7]",22.0,1.137,0,1.0,349,third
Qgf8fzzv6gm2r22lcowi5tkunQ,learn_relquest,0.0,"[5, 2]",23.0,0.68,0,0.0,350,third
Qgf8fzzv6gm2r22lcowi5tkunQ,learn_relquest,1.0,"[1, 7]",24.0,0.806,0,1.0,351,third
Qgf8fzzv6gm2r22lcowi5tkunQ,learn_relquest,0.0,"[3, 0]",25.0,1.961,0,0.0,352,third
Qgf8fzzv6gm2r22lcowi5tkunQ,learn_relquest,1.0,"[6, 2]",26.0,0.649,0,1.0,353,third
Qgf8fzzv6gm2r22lcowi5tkunQ,learn_relquest,1.0,"[3, 5]",27.0,0.688,0,1.0,354,third
Qgf8fzzv6gm2r22lcowi5tkunQ,learn_relquest,1.0,"[5, 6]",0.0,1.737,0,1.0,441,fourth
Qgf8fzzv6gm2r22lcowi5tkunQ,learn_relquest,1.0,"[0, 7]",1.0,1.189,0,1.0,442,fourth
Qgf8fzzv6gm2r22lcowi5tkunQ,learn_relquest,0.0,"[7, 2]",2.0,1.693,0,0.0,443,fourth
Qgf8fzzv6gm2r22lcowi5tkunQ,learn_relquest,1.0,"[6, 2]",3.0,0.927,0,1.0,444,fourth
Qgf8fzzv6gm2r22lcowi5tkunQ,learn_relquest,0.0,"[5, 1]",4.0,0.932,0,0.0,445,fourth
Qgf8fzzv6gm2r22lcowi5tkunQ,learn_relquest,1.0,"[1, 4]",5.0,0.974,0,1.0,446,fourth
Qgf8fzzv6gm2r22lcowi5tkunQ,learn_relquest,0.0,"[3, 4]",6.0,1.487,0,0.0,447,fourth
Qgf8fzzv6gm2r22lcowi5tkunQ,learn_relquest,0.0,"[3, 7]",7.0,2.012,0,0.0,448,fourth
Qgf8fzzv6gm2r22lcowi5tkunQ,learn_relquest,0.0,"[5, 4]",8.0,0.836,0,0.0,449,fourth
Qgf8fzzv6gm2r22lcowi5tkunQ,learn_relquest,1.0,"[6, 5]",9.0,0.778,0,1.0,450,fourth
Qgf8fzzv6gm2r22lcowi5tkunQ,learn_relquest,0.0,"[0, 5]",10.0,0.979,0,0.0,451,fourth
Qgf8fzzv6gm2r22lcowi5tkunQ,learn_relquest,1.0,"[7, 1]",11.0,0.89,0,1.0,452,fourth
Qgf8fzzv6gm2r22lcowi5tkunQ,learn_relquest,1.0,"[5, 3]",12.0,0.665,0,1.0,453,fourth
Qgf8fzzv6gm2r22lcowi5tkunQ,learn_relquest,1.0,"[7, 6]",13.0,0.993,0,1.0,454,fourth
Qgf8fzzv6gm2r22lcowi5tkunQ,learn_relquest,1.0,"[2, 6]",14.0,0.703,0,1.0,455,fourth
Qgf8fzzv6gm2r22lcowi5tkunQ,learn_relquest,1.0,"[4, 1]",15.0,0.537,0,1.0,456,fourth
Qgf8fzzv6gm2r22lcowi5tkunQ,learn_relquest,0.0,"[6, 0]",16.0,1.753,0,0.0,457,fourth
Qgf8fzzv6gm2r22lcowi5tkunQ,learn_relquest,0.0,"[0, 4]",17.0,0.544,0,0.0,458,fourth
Qgf8fzzv6gm2r22lcowi5tkunQ,learn_relquest,1.0,"[1, 7]",18.0,0.815,0,1.0,459,fourth
Qgf8fzzv6gm2r22lcowi5tkunQ,learn_relquest,0.0,"[3, 1]",19.0,0.806,0,0.0,460,fourth
Qgf8fzzv6gm2r22lcowi5tkunQ,learn_relquest,0.0,"[2, 5]",20.0,0.643,0,0.0,461,fourth
Qgf8fzzv6gm2r22lcowi5tkunQ,learn_relquest,0.0,"[2, 3]",21.0,0.673,0,0.0,462,fourth
Qgf8fzzv6gm2r22lcowi5tkunQ,learn_relquest,0.0,"[0, 6]",22.0,1.548,0,0.0,463,fourth
Qgf8fzzv6gm2r22lcowi5tkunQ,learn_relquest,0.0,"[4, 2]",23.0,0.861,0,0.0,464,fourth
Qgf8fzzv6gm2r22lcowi5tkunQ,learn_relquest,1.0,"[7, 0]",24.0,0.537,0,1.0,465,fourth
Qgf8fzzv6gm2r22lcowi5tkunQ,learn_relquest,0.0,"[1, 3]",25.0,0.538,0,0.0,466,fourth
Qgf8fzzv6gm2r22lcowi5tkunQ,learn_relquest,1.0,"[6, 7]",26.0,0.625,0,1.0,467,fourth
Qgf8fzzv6gm2r22lcowi5tkunQ,learn_relquest,1.0,"[3, 5]",27.0,0.747,0,1.0,468,fourth
Qgf8fzzv6gm2r22lcowi5tkunQ,learn_relquest,0.0,"[4, 5]",0.0,2.921,0,0.0,555,fifth
Qgf8fzzv6gm2r22lcowi5tkunQ,learn_relquest,1.0,"[0, 7]",1.0,1.564,0,1.0,556,fifth
Qgf8fzzv6gm2r22lcowi5tkunQ,learn_relquest,1.0,"[1, 7]",2.0,0.785,0,1.0,557,fifth
Qgf8fzzv6gm2r22lcowi5tkunQ,learn_relquest,0.0,"[3, 7]",3.0,0.958,0,0.0,558,fifth
Qgf8fzzv6gm2r22lcowi5tkunQ,learn_relquest,0.0,"[0, 2]",4.0,1.543,0,0.0,559,fifth
Qgf8fzzv6gm2r22lcowi5tkunQ,learn_relquest,1.0,"[2, 6]",5.0,0.761,0,1.0,560,fifth
Qgf8fzzv6gm2r22lcowi5tkunQ,learn_relquest,0.0,"[4, 7]",6.0,2.794,1,1.0,561,fifth
Qgf8fzzv6gm2r22lcowi5tkunQ,learn_relquest,0.0,"[0, 1]",7.0,1.608,1,1.0,562,fifth
Qgf8fzzv6gm2r22lcowi5tkunQ,learn_relquest,0.0,"[0, 4]",8.0,1.222,0,0.0,563,fifth
Qgf8fzzv6gm2r22lcowi5tkunQ,learn_relquest,1.0,"[3, 5]",9.0,0.789,0,1.0,564,fifth
Qgf8fzzv6gm2r22lcowi5tkunQ,learn_relquest,0.0,"[5, 7]",10.0,0.845,0,0.0,565,fifth
Qgf8fzzv6gm2r22lcowi5tkunQ,learn_relquest,0.0,"[1, 3]",11.0,0.839,0,0.0,566,fifth
Qgf8fzzv6gm2r22lcowi5tkunQ,learn_relquest,1.0,"[7, 0]",12.0,2.066,1,0.0,567,fifth
Qgf8fzzv6gm2r22lcowi5tkunQ,learn_relquest,1.0,"[7, 6]",13.0,0.726,0,1.0,568,fifth
Qgf8fzzv6gm2r22lcowi5tkunQ,learn_relquest,1.0,"[6, 5]",14.0,0.769,0,1.0,569,fifth
Qgf8fzzv6gm2r22lcowi5tkunQ,learn_relquest,1.0,"[1, 4]",15.0,0.941,0,1.0,570,fifth
Qgf8fzzv6gm2r22lcowi5tkunQ,learn_relquest,0.0,"[1, 2]",16.0,0.981,0,0.0,571,fifth
Qgf8fzzv6gm2r22lcowi5tkunQ,learn_relquest,0.0,"[6, 4]",17.0,0.854,0,0.0,572,fifth
Qgf8fzzv6gm2r22lcowi5tkunQ,learn_relquest,1.0,"[6, 2]",18.0,0.761,0,1.0,573,fifth
Qgf8fzzv6gm2r22lcowi5tkunQ,learn_relquest,0.0,"[2, 4]",19.0,0.835,0,0.0,574,fifth
Qgf8fzzv6gm2r22lcowi5tkunQ,learn_relquest,0.0,"[2, 1]",20.0,0.726,0,0.0,575,fifth
Qgf8fzzv6gm2r22lcowi5tkunQ,learn_relquest,1.0,"[7, 1]",21.0,1.211,0,1.0,576,fifth
Qgf8fzzv6gm2r22lcowi5tkunQ,learn_relquest,0.0,"[5, 0]",22.0,0.943,0,0.0,577,fifth
Qgf8fzzv6gm2r22lcowi5tkunQ,learn_relquest,1.0,"[4, 1]",23.0,0.695,0,1.0,578,fifth
Qgf8fzzv6gm2r22lcowi5tkunQ,learn_relquest,1.0,"[6, 7]",24.0,0.417,0,1.0,579,fifth
Qgf8fzzv6gm2r22lcowi5tkunQ,learn_relquest,0.0,"[3, 4]",25.0,0.564,0,0.0,580,fifth
Qgf8fzzv6gm2r22lcowi5tkunQ,learn_relquest,1.0,"[5, 3]",26.0,1.16,0,1.0,581,fifth
Qgf8fzzv6gm2r22lcowi5tkunQ,learn_relquest,1.0,"[5, 6]",27.0,0.757,0,1.0,582,fifth
Qkj4o1bnzet5qookggquvu9w8Q,learn_relquest,1.0,"[7, 6]",0.0,6.916,0,1.0,99,first
Qkj4o1bnzet5qookggquvu9w8Q,learn_relquest,0.0,"[0, 5]",1.0,4.877,0,0.0,100,first
Qkj4o1bnzet5qookggquvu9w8Q,learn_relquest,1.0,"[6, 7]",2.0,14.896,0,1.0,101,first
Qkj4o1bnzet5qookggquvu9w8Q,learn_relquest,0.0,"[5, 2]",3.0,6.748,0,0.0,102,first
Qkj4o1bnzet5qookggquvu9w8Q,learn_relquest,1.0,"[5, 6]",4.0,1.607,0,1.0,103,first
Qkj4o1bnzet5qookggquvu9w8Q,learn_relquest,1.0,"[7, 0]",5.0,3.531,0,1.0,104,first
Qkj4o1bnzet5qookggquvu9w8Q,learn_relquest,1.0,"[4, 1]",6.0,3.291,1,0.0,105,first
Qkj4o1bnzet5qookggquvu9w8Q,learn_relquest,1.0,"[7, 1]",7.0,5.411,1,0.0,106,first
Qkj4o1bnzet5qookggquvu9w8Q,learn_relquest,0.0,"[2, 1]",8.0,3.129,0,0.0,107,first
Qkj4o1bnzet5qookggquvu9w8Q,learn_relquest,1.0,"[1, 4]",9.0,4.681,1,0.0,108,first
Qkj4o1bnzet5qookggquvu9w8Q,learn_relquest,0.0,"[6, 4]",10.0,1.962,0,0.0,109,first
Qkj4o1bnzet5qookggquvu9w8Q,learn_relquest,0.0,"[7, 5]",11.0,1.603,0,0.0,110,first
Qkj4o1bnzet5qookggquvu9w8Q,learn_relquest,1.0,"[0, 7]",12.0,4.538,0,1.0,111,first
Qkj4o1bnzet5qookggquvu9w8Q,learn_relquest,0.0,"[6, 0]",13.0,5.928,0,0.0,112,first
Qkj4o1bnzet5qookggquvu9w8Q,learn_relquest,0.0,"[4, 2]",14.0,4.897,0,0.0,113,first
Qkj4o1bnzet5qookggquvu9w8Q,learn_relquest,1.0,"[6, 5]",15.0,0.215,0,1.0,114,first
Qkj4o1bnzet5qookggquvu9w8Q,learn_relquest,0.0,"[4, 0]",16.0,1.872,0,0.0,115,first
Qkj4o1bnzet5qookggquvu9w8Q,learn_relquest,1.0,"[6, 2]",17.0,1.717,0,1.0,116,first
Qkj4o1bnzet5qookggquvu9w8Q,learn_relquest,0.0,"[0, 3]",18.0,2.757,1,1.0,117,first
Qkj4o1bnzet5qookggquvu9w8Q,learn_relquest,1.0,"[3, 5]",19.0,3.754,1,0.0,118,first
Qkj4o1bnzet5qookggquvu9w8Q,learn_relquest,0.0,"[3, 0]",20.0,2.895,1,1.0,119,first
Qkj4o1bnzet5qookggquvu9w8Q,learn_relquest,1.0,"[1, 7]",21.0,3.091,0,1.0,120,first
Qkj4o1bnzet5qookggquvu9w8Q,learn_relquest,0.0,"[5, 7]",22.0,1.495,0,0.0,121,first
Qkj4o1bnzet5qookggquvu9w8Q,learn_relquest,0.0,"[4, 5]",23.0,1.638,0,0.0,122,first
Qkj4o1bnzet5qookggquvu9w8Q,learn_relquest,1.0,"[5, 3]",24.0,7.092,0,1.0,123,first
Qkj4o1bnzet5qookggquvu9w8Q,learn_relquest,0.0,"[0, 1]",25.0,5.434,1,1.0,124,first
Qkj4o1bnzet5qookggquvu9w8Q,learn_relquest,0.0,"[4, 6]",26.0,4.023,0,0.0,125,first
Qkj4o1bnzet5qookggquvu9w8Q,learn_relquest,1.0,"[2, 6]",27.0,1.595,0,1.0,126,first
Qkj4o1bnzet5qookggquvu9w8Q,learn_relquest,1.0,"[0, 7]",0.0,12.408,0,1.0,213,second
Qkj4o1bnzet5qookggquvu9w8Q,learn_relquest,0.0,"[1, 0]",1.0,8.961,1,1.0,214,second
Qkj4o1bnzet5qookggquvu9w8Q,learn_relquest,1.0,"[7, 1]",2.0,6.836,0,1.0,215,second
Qkj4o1bnzet5qookggquvu9w8Q,learn_relquest,0.0,"[0, 3]",3.0,5.249,1,1.0,216,second
Qkj4o1bnzet5qookggquvu9w8Q,learn_relquest,1.0,"[6, 2]",4.0,1.872,0,1.0,217,second
Qkj4o1bnzet5qookggquvu9w8Q,learn_relquest,0.0,"[3, 4]",5.0,10.585,1,1.0,218,second
Qkj4o1bnzet5qookggquvu9w8Q,learn_relquest,0.0,"[2, 7]",6.0,6.761,0,0.0,219,second
Qkj4o1bnzet5qookggquvu9w8Q,learn_relquest,0.0,"[5, 1]",7.0,8.423,0,0.0,220,second
Qkj4o1bnzet5qookggquvu9w8Q,learn_relquest,1.0,"[5, 6]",8.0,5.004,0,1.0,221,second
Qkj4o1bnzet5qookggquvu9w8Q,learn_relquest,1.0,"[7, 0]",9.0,9.843,0,1.0,222,second
Qkj4o1bnzet5qookggquvu9w8Q,learn_relquest,1.0,"[6, 7]",10.0,12.434,0,1.0,223,second
Qkj4o1bnzet5qookggquvu9w8Q,learn_relquest,0.0,"[4, 2]",11.0,7.316,1,1.0,224,second
Qkj4o1bnzet5qookggquvu9w8Q,learn_relquest,0.0,"[6, 0]",12.0,13.539,1,1.0,225,second
Qkj4o1bnzet5qookggquvu9w8Q,learn_relquest,0.0,"[4, 3]",13.0,13.634,1,1.0,226,second
Qkj4o1bnzet5qookggquvu9w8Q,learn_relquest,0.0,"[3, 0]",14.0,16.283,1,1.0,227,second
Qkj4o1bnzet5qookggquvu9w8Q,learn_relquest,0.0,"[3, 2]",15.0,13.09,1,1.0,228,second
Qkj4o1bnzet5qookggquvu9w8Q,learn_relquest,1.0,"[4, 1]",16.0,5.148,0,1.0,229,second
Qkj4o1bnzet5qookggquvu9w8Q,learn_relquest,0.0,"[4, 6]",17.0,12.082,1,1.0,230,second
Qkj4o1bnzet5qookggquvu9w8Q,learn_relquest,1.0,"[1, 7]",18.0,3.108,0,1.0,231,second
Qkj4o1bnzet5qookggquvu9w8Q,learn_relquest,1.0,"[1, 4]",19.0,9.454,0,1.0,232,second
Qkj4o1bnzet5qookggquvu9w8Q,learn_relquest,1.0,"[2, 6]",20.0,1.903,0,1.0,233,second
Qkj4o1bnzet5qookggquvu9w8Q,learn_relquest,1.0,"[3, 5]",21.0,3.098,0,1.0,234,second
Qkj4o1bnzet5qookggquvu9w8Q,learn_relquest,1.0,"[7, 6]",22.0,8.101,0,1.0,235,second
Qkj4o1bnzet5qookggquvu9w8Q,learn_relquest,1.0,"[5, 3]",23.0,7.744,0,1.0,236,second
Qkj4o1bnzet5qookggquvu9w8Q,learn_relquest,0.0,"[0, 5]",24.0,10.33,1,1.0,237,second
Qkj4o1bnzet5qookggquvu9w8Q,learn_relquest,0.0,"[4, 0]",25.0,13.965,1,1.0,238,second
Qkj4o1bnzet5qookggquvu9w8Q,learn_relquest,1.0,"[6, 5]",26.0,2.608,0,1.0,239,second
Qkj4o1bnzet5qookggquvu9w8Q,learn_relquest,0.0,"[0, 2]",27.0,11.734,1,1.0,240,second
Qkj4o1bnzet5qookggquvu9w8Q,learn_relquest,0.0,"[4, 0]",0.0,8.613,1,1.0,327,third
Qkj4o1bnzet5qookggquvu9w8Q,learn_relquest,0.0,"[5, 4]",1.0,2.758,0,0.0,328,third
Qkj4o1bnzet5qookggquvu9w8Q,learn_relquest,0.0,"[0, 4]",2.0,0.22,0,0.0,329,third
Qkj4o1bnzet5qookggquvu9w8Q,learn_relquest,0.0,"[2, 5]",3.0,2.159,0,0.0,330,third
Qkj4o1bnzet5qookggquvu9w8Q,learn_relquest,1.0,"[5, 3]",4.0,2.245,0,1.0,331,third
Qkj4o1bnzet5qookggquvu9w8Q,learn_relquest,1.0,"[6, 7]",5.0,1.15,0,1.0,332,third
Qkj4o1bnzet5qookggquvu9w8Q,learn_relquest,1.0,"[7, 1]",6.0,1.413,0,1.0,333,third
Qkj4o1bnzet5qookggquvu9w8Q,learn_relquest,1.0,"[1, 7]",7.0,2.431,0,1.0,334,third
Qkj4o1bnzet5qookggquvu9w8Q,learn_relquest,1.0,"[2, 6]",8.0,1.294,0,1.0,335,third
Qkj4o1bnzet5qookggquvu9w8Q,learn_relquest,0.0,"[6, 1]",9.0,1.448,0,0.0,336,third
Qkj4o1bnzet5qookggquvu9w8Q,learn_relquest,0.0,"[2, 3]",10.0,1.495,0,0.0,337,third
Qkj4o1bnzet5qookggquvu9w8Q,learn_relquest,1.0,"[5, 6]",11.0,1.448,0,1.0,338,third
Qkj4o1bnzet5qookggquvu9w8Q,learn_relquest,0.0,"[4, 3]",12.0,1.461,0,0.0,339,third
Qkj4o1bnzet5qookggquvu9w8Q,learn_relquest,0.0,"[2, 4]",13.0,1.997,0,0.0,340,third
Qkj4o1bnzet5qookggquvu9w8Q,learn_relquest,0.0,"[0, 5]",14.0,7.528,1,1.0,341,third
Qkj4o1bnzet5qookggquvu9w8Q,learn_relquest,0.0,"[1, 6]",15.0,4.415,0,0.0,342,third
Qkj4o1bnzet5qookggquvu9w8Q,learn_relquest,1.0,"[7, 0]",16.0,5.229,0,1.0,343,third
Qkj4o1bnzet5qookggquvu9w8Q,learn_relquest,1.0,"[7, 6]",17.0,1.427,0,1.0,344,third
Qkj4o1bnzet5qookggquvu9w8Q,learn_relquest,0.0,"[3, 4]",18.0,4.662,1,1.0,345,third
Qkj4o1bnzet5qookggquvu9w8Q,learn_relquest,0.0,"[6, 0]",19.0,4.979,1,1.0,346,third
Qkj4o1bnzet5qookggquvu9w8Q,learn_relquest,1.0,"[3, 5]",20.0,1.821,0,1.0,347,third
Qkj4o1bnzet5qookggquvu9w8Q,learn_relquest,1.0,"[6, 2]",21.0,1.028,0,1.0,348,third
Qkj4o1bnzet5qookggquvu9w8Q,learn_relquest,1.0,"[0, 7]",22.0,3.864,0,1.0,349,third
Qkj4o1bnzet5qookggquvu9w8Q,learn_relquest,1.0,"[6, 5]",23.0,1.36,0,1.0,350,third
Qkj4o1bnzet5qookggquvu9w8Q,learn_relquest,0.0,"[4, 5]",24.0,1.629,0,0.0,351,third
Qkj4o1bnzet5qookggquvu9w8Q,learn_relquest,1.0,"[1, 4]",25.0,5.935,1,0.0,352,third
Qkj4o1bnzet5qookggquvu9w8Q,learn_relquest,1.0,"[4, 1]",26.0,3.164,0,1.0,353,third
Qkj4o1bnzet5qookggquvu9w8Q,learn_relquest,0.0,"[2, 0]",27.0,6.279,1,1.0,354,third
Qkj4o1bnzet5qookggquvu9w8Q,learn_relquest,1.0,"[6, 5]",0.0,1.95,0,1.0,441,fourth
Qkj4o1bnzet5qookggquvu9w8Q,learn_relquest,0.0,"[5, 4]",1.0,3.979,0,0.0,442,fourth
Qkj4o1bnzet5qookggquvu9w8Q,learn_relquest,0.0,"[2, 3]",2.0,4.445,0,0.0,443,fourth
Qkj4o1bnzet5qookggquvu9w8Q,learn_relquest,0.0,"[3, 4]",3.0,1.943,0,0.0,444,fourth
Qkj4o1bnzet5qookggquvu9w8Q,learn_relquest,1.0,"[3, 5]",4.0,1.985,0,1.0,445,fourth
Qkj4o1bnzet5qookggquvu9w8Q,learn_relquest,0.0,"[1, 6]",5.0,1.428,0,0.0,446,fourth
Qkj4o1bnzet5qookggquvu9w8Q,learn_relquest,1.0,"[2, 6]",6.0,1.132,0,1.0,447,fourth
Qkj4o1bnzet5qookggquvu9w8Q,learn_relquest,0.0,"[2, 5]",7.0,1.429,0,0.0,448,fourth
Qkj4o1bnzet5qookggquvu9w8Q,learn_relquest,1.0,"[6, 2]",8.0,1.11,0,1.0,449,fourth
Qkj4o1bnzet5qookggquvu9w8Q,learn_relquest,0.0,"[0, 5]",9.0,4.9,1,1.0,450,fourth
Qkj4o1bnzet5qookggquvu9w8Q,learn_relquest,0.0,"[1, 0]",10.0,0.909,1,1.0,451,fourth
Qkj4o1bnzet5qookggquvu9w8Q,learn_relquest,0.0,"[6, 3]",11.0,3.016,0,0.0,452,fourth
Qkj4o1bnzet5qookggquvu9w8Q,learn_relquest,0.0,"[7, 5]",12.0,2.225,0,0.0,453,fourth
Qkj4o1bnzet5qookggquvu9w8Q,learn_relquest,1.0,"[6, 7]",13.0,1.228,0,1.0,454,fourth
Qkj4o1bnzet5qookggquvu9w8Q,learn_relquest,0.0,"[4, 3]",14.0,2.914,1,1.0,455,fourth
Qkj4o1bnzet5qookggquvu9w8Q,learn_relquest,0.0,"[6, 4]",15.0,1.432,0,0.0,456,fourth
Qkj4o1bnzet5qookggquvu9w8Q,learn_relquest,1.0,"[0, 7]",16.0,3.926,0,1.0,457,fourth
Qkj4o1bnzet5qookggquvu9w8Q,learn_relquest,1.0,"[5, 3]",17.0,1.867,0,1.0,458,fourth
Qkj4o1bnzet5qookggquvu9w8Q,learn_relquest,0.0,"[4, 2]",18.0,1.479,0,0.0,459,fourth
Qkj4o1bnzet5qookggquvu9w8Q,learn_relquest,1.0,"[1, 7]",19.0,2.663,0,1.0,460,fourth
Qkj4o1bnzet5qookggquvu9w8Q,learn_relquest,0.0,"[6, 1]",20.0,1.364,0,0.0,461,fourth
Qkj4o1bnzet5qookggquvu9w8Q,learn_relquest,1.0,"[1, 4]",21.0,2.395,0,1.0,462,fourth
Qkj4o1bnzet5qookggquvu9w8Q,learn_relquest,1.0,"[7, 6]",22.0,1.277,0,1.0,463,fourth
Qkj4o1bnzet5qookggquvu9w8Q,learn_relquest,1.0,"[7, 1]",23.0,2.215,0,1.0,464,fourth
Qkj4o1bnzet5qookggquvu9w8Q,learn_relquest,1.0,"[7, 0]",24.0,3.879,0,1.0,465,fourth
Qkj4o1bnzet5qookggquvu9w8Q,learn_relquest,1.0,"[4, 1]",25.0,2.646,0,1.0,466,fourth
Qkj4o1bnzet5qookggquvu9w8Q,learn_relquest,0.0,"[1, 3]",26.0,4.343,1,1.0,467,fourth
Qkj4o1bnzet5qookggquvu9w8Q,learn_relquest,1.0,"[5, 6]",27.0,2.682,0,1.0,468,fourth
Qu1jvn7v68tjlk35omezu2fg3Q,learn_relquest,1.0,"[2, 6]",0.0,14.928,0,1.0,99,first
Qu1jvn7v68tjlk35omezu2fg3Q,learn_relquest,1.0,"[1, 4]",1.0,2.92,1,0.0,100,first
Qu1jvn7v68tjlk35omezu2fg3Q,learn_relquest,0.0,"[4, 3]",2.0,4.002,1,1.0,101,first
Qu1jvn7v68tjlk35omezu2fg3Q,learn_relquest,1.0,"[7, 1]",3.0,3.992,0,1.0,102,first
Qu1jvn7v68tjlk35omezu2fg3Q,learn_relquest,0.0,"[5, 4]",4.0,2.668,0,0.0,103,first
Qu1jvn7v68tjlk35omezu2fg3Q,learn_relquest,0.0,"[2, 1]",5.0,3.136,1,1.0,104,first
Qu1jvn7v68tjlk35omezu2fg3Q,learn_relquest,1.0,"[1, 7]",6.0,2.037,0,1.0,105,first
Qu1jvn7v68tjlk35omezu2fg3Q,learn_relquest,1.0,"[6, 5]",7.0,1.72,0,1.0,106,first
Qu1jvn7v68tjlk35omezu2fg3Q,learn_relquest,0.0,"[3, 0]",8.0,2.444,1,1.0,107,first
Qu1jvn7v68tjlk35omezu2fg3Q,learn_relquest,0.0,"[2, 0]",9.0,2.179,1,1.0,108,first
Qu1jvn7v68tjlk35omezu2fg3Q,learn_relquest,0.0,"[2, 5]",10.0,1.955,0,0.0,109,first
Qu1jvn7v68tjlk35omezu2fg3Q,learn_relquest,0.0,"[4, 5]",11.0,1.966,0,0.0,110,first
Qu1jvn7v68tjlk35omezu2fg3Q,learn_relquest,0.0,"[4, 7]",12.0,3.187,1,1.0,111,first
Qu1jvn7v68tjlk35omezu2fg3Q,learn_relquest,0.0,"[0, 5]",13.0,2.666,1,1.0,112,first
Qu1jvn7v68tjlk35omezu2fg3Q,learn_relquest,1.0,"[5, 3]",14.0,1.14,0,1.0,113,first
Qu1jvn7v68tjlk35omezu2fg3Q,learn_relquest,1.0,"[7, 6]",15.0,2.901,0,1.0,114,first
Qu1jvn7v68tjlk35omezu2fg3Q,learn_relquest,0.0,"[2, 3]",16.0,1.66,1,1.0,115,first
Qu1jvn7v68tjlk35omezu2fg3Q,learn_relquest,1.0,"[3, 5]",17.0,1.556,0,1.0,116,first
Qu1jvn7v68tjlk35omezu2fg3Q,learn_relquest,1.0,"[6, 2]",18.0,3.35,0,1.0,117,first
Qu1jvn7v68tjlk35omezu2fg3Q,learn_relquest,0.0,"[3, 7]",19.0,2.721,1,1.0,118,first
Qu1jvn7v68tjlk35omezu2fg3Q,learn_relquest,1.0,"[4, 1]",20.0,0.006,1,0.0,119,first
Qu1jvn7v68tjlk35omezu2fg3Q,learn_relquest,1.0,"[5, 6]",21.0,4.921,0,1.0,120,first
Qu1jvn7v68tjlk35omezu2fg3Q,learn_relquest,1.0,"[6, 7]",22.0,1.516,1,0.0,121,first
Qu1jvn7v68tjlk35omezu2fg3Q,learn_relquest,0.0,"[3, 2]",23.0,3.341,1,1.0,122,first
Qu1jvn7v68tjlk35omezu2fg3Q,learn_relquest,0.0,"[1, 3]",24.0,1.904,0,0.0,123,first
Qu1jvn7v68tjlk35omezu2fg3Q,learn_relquest,1.0,"[0, 7]",25.0,1.099,0,1.0,124,first
Qu1jvn7v68tjlk35omezu2fg3Q,learn_relquest,1.0,"[7, 0]",26.0,1.129,0,1.0,125,first
Qu1jvn7v68tjlk35omezu2fg3Q,learn_relquest,0.0,"[4, 6]",27.0,2.442,0,0.0,126,first
Qu1jvn7v68tjlk35omezu2fg3Q,learn_relquest,0.0,"[7, 3]",0.0,4.725,0,0.0,213,second
Qu1jvn7v68tjlk35omezu2fg3Q,learn_relquest,1.0,"[7, 0]",1.0,3.125,0,1.0,214,second
Qu1jvn7v68tjlk35omezu2fg3Q,learn_relquest,0.0,"[7, 4]",2.0,1.454,0,0.0,215,second
Qu1jvn7v68tjlk35omezu2fg3Q,learn_relquest,1.0,"[5, 6]",3.0,3.847,0,1.0,216,second
Qu1jvn7v68tjlk35omezu2fg3Q,learn_relquest,1.0,"[3, 5]",4.0,1.34,0,1.0,217,second
Qu1jvn7v68tjlk35omezu2fg3Q,learn_relquest,0.0,"[2, 1]",5.0,1.797,1,1.0,218,second
Qu1jvn7v68tjlk35omezu2fg3Q,learn_relquest,0.0,"[6, 0]",6.0,1.93,1,1.0,219,second
Qu1jvn7v68tjlk35omezu2fg3Q,learn_relquest,0.0,"[6, 3]",7.0,2.283,0,0.0,220,second
Qu1jvn7v68tjlk35omezu2fg3Q,learn_relquest,1.0,"[6, 7]",8.0,1.576,1,0.0,221,second
Qu1jvn7v68tjlk35omezu2fg3Q,learn_relquest,0.0,"[0, 3]",9.0,2.779,1,1.0,222,second
Qu1jvn7v68tjlk35omezu2fg3Q,learn_relquest,1.0,"[6, 2]",10.0,2.272,1,0.0,223,second
Qu1jvn7v68tjlk35omezu2fg3Q,learn_relquest,0.0,"[4, 7]",11.0,2.283,0,0.0,224,second
Qu1jvn7v68tjlk35omezu2fg3Q,learn_relquest,1.0,"[6, 5]",12.0,2.02,0,1.0,225,second
Qu1jvn7v68tjlk35omezu2fg3Q,learn_relquest,1.0,"[4, 1]",13.0,2.454,1,0.0,226,second
Qu1jvn7v68tjlk35omezu2fg3Q,learn_relquest,0.0,"[1, 2]",14.0,2.884,1,1.0,227,second
Qu1jvn7v68tjlk35omezu2fg3Q,learn_relquest,1.0,"[2, 6]",15.0,6.518,1,0.0,228,second
Qu1jvn7v68tjlk35omezu2fg3Q,learn_relquest,0.0,"[5, 1]",16.0,2.656,0,0.0,229,second
Qu1jvn7v68tjlk35omezu2fg3Q,learn_relquest,0.0,"[5, 7]",17.0,2.081,1,1.0,230,second
Qu1jvn7v68tjlk35omezu2fg3Q,learn_relquest,1.0,"[1, 4]",18.0,2.586,0,1.0,231,second
Qu1jvn7v68tjlk35omezu2fg3Q,learn_relquest,1.0,"[7, 1]",19.0,1.697,1,0.0,232,second
Qu1jvn7v68tjlk35omezu2fg3Q,learn_relquest,0.0,"[4, 5]",20.0,4.366,1,1.0,233,second
Qu1jvn7v68tjlk35omezu2fg3Q,learn_relquest,0.0,"[0, 5]",21.0,2.194,0,0.0,234,second
Qu1jvn7v68tjlk35omezu2fg3Q,learn_relquest,1.0,"[1, 7]",22.0,0.006,0,1.0,235,second
Qu1jvn7v68tjlk35omezu2fg3Q,learn_relquest,1.0,"[0, 7]",23.0,1.172,0,1.0,236,second
Qu1jvn7v68tjlk35omezu2fg3Q,learn_relquest,1.0,"[7, 6]",24.0,1.555,1,0.0,237,second
Qu1jvn7v68tjlk35omezu2fg3Q,learn_relquest,0.0,"[4, 6]",25.0,2.111,0,0.0,238,second
Qu1jvn7v68tjlk35omezu2fg3Q,learn_relquest,1.0,"[5, 3]",26.0,1.1,0,1.0,239,second
Qu1jvn7v68tjlk35omezu2fg3Q,learn_relquest,0.0,"[4, 2]",27.0,2.93,1,1.0,240,second
Qu1jvn7v68tjlk35omezu2fg3Q,learn_relquest,0.0,"[6, 3]",0.0,3.176,0,0.0,327,third
Qu1jvn7v68tjlk35omezu2fg3Q,learn_relquest,0.0,"[2, 0]",1.0,2.986,1,1.0,328,third
Qu1jvn7v68tjlk35omezu2fg3Q,learn_relquest,1.0,"[5, 6]",2.0,1.868,0,1.0,329,third
Qu1jvn7v68tjlk35omezu2fg3Q,learn_relquest,0.0,"[7, 5]",3.0,3.167,0,0.0,330,third
Qu1jvn7v68tjlk35omezu2fg3Q,learn_relquest,1.0,"[0, 7]",4.0,0.004,0,1.0,331,third
Qu1jvn7v68tjlk35omezu2fg3Q,learn_relquest,1.0,"[7, 1]",5.0,3.989,1,0.0,332,third
Qu1jvn7v68tjlk35omezu2fg3Q,learn_relquest,0.0,"[7, 4]",6.0,2.666,1,1.0,333,third
Qu1jvn7v68tjlk35omezu2fg3Q,learn_relquest,0.0,"[2, 3]",7.0,3.349,0,0.0,334,third
Qu1jvn7v68tjlk35omezu2fg3Q,learn_relquest,0.0,"[0, 3]",8.0,3.267,1,1.0,335,third
Qu1jvn7v68tjlk35omezu2fg3Q,learn_relquest,1.0,"[2, 6]",9.0,1.963,0,1.0,336,third
Qu1jvn7v68tjlk35omezu2fg3Q,learn_relquest,1.0,"[1, 7]",10.0,1.973,0,1.0,337,third
Qu1jvn7v68tjlk35omezu2fg3Q,learn_relquest,1.0,"[7, 6]",11.0,6.159,0,1.0,338,third
Qu1jvn7v68tjlk35omezu2fg3Q,learn_relquest,0.0,"[4, 6]",12.0,1.627,0,0.0,339,third
Qu1jvn7v68tjlk35omezu2fg3Q,learn_relquest,0.0,"[4, 2]",13.0,1.434,1,1.0,340,third
Qu1jvn7v68tjlk35omezu2fg3Q,learn_relquest,0.0,"[3, 1]",14.0,3.276,0,0.0,341,third
Qu1jvn7v68tjlk35omezu2fg3Q,learn_relquest,1.0,"[6, 7]",15.0,7.911,1,0.0,342,third
Qu1jvn7v68tjlk35omezu2fg3Q,learn_relquest,0.0,"[0, 6]",16.0,3.378,1,1.0,343,third
Qu1jvn7v68tjlk35omezu2fg3Q,learn_relquest,1.0,"[5, 3]",17.0,1.474,0,1.0,344,third
Qu1jvn7v68tjlk35omezu2fg3Q,learn_relquest,1.0,"[7, 0]",18.0,1.027,0,1.0,345,third
Qu1jvn7v68tjlk35omezu2fg3Q,learn_relquest,0.0,"[5, 1]",19.0,2.93,1,1.0,346,third
Qu1jvn7v68tjlk35omezu2fg3Q,learn_relquest,0.0,"[1, 6]",20.0,2.279,1,1.0,347,third
Qu1jvn7v68tjlk35omezu2fg3Q,learn_relquest,1.0,"[1, 4]",21.0,1.332,0,1.0,348,third
Qu1jvn7v68tjlk35omezu2fg3Q,learn_relquest,1.0,"[6, 2]",22.0,1.209,0,1.0,349,third
Qu1jvn7v68tjlk35omezu2fg3Q,learn_relquest,1.0,"[6, 5]",23.0,1.546,0,1.0,350,third
Qu1jvn7v68tjlk35omezu2fg3Q,learn_relquest,0.0,"[2, 5]",24.0,2.362,0,0.0,351,third
Qu1jvn7v68tjlk35omezu2fg3Q,learn_relquest,0.0,"[4, 7]",25.0,2.091,1,1.0,352,third
Qu1jvn7v68tjlk35omezu2fg3Q,learn_relquest,1.0,"[4, 1]",26.0,2.158,1,0.0,353,third
Qu1jvn7v68tjlk35omezu2fg3Q,learn_relquest,1.0,"[3, 5]",27.0,0.975,0,1.0,354,third
Qu1jvn7v68tjlk35omezu2fg3Q,learn_relquest,1.0,"[1, 4]",0.0,2.288,0,1.0,441,fourth
Qu1jvn7v68tjlk35omezu2fg3Q,learn_relquest,0.0,"[1, 0]",1.0,4.325,1,1.0,442,fourth
Qu1jvn7v68tjlk35omezu2fg3Q,learn_relquest,1.0,"[6, 2]",2.0,2.491,1,0.0,443,fourth
Qu1jvn7v68tjlk35omezu2fg3Q,learn_relquest,0.0,"[3, 1]",3.0,3.835,0,0.0,444,fourth
Qu1jvn7v68tjlk35omezu2fg3Q,learn_relquest,0.0,"[0, 4]",4.0,1.758,1,1.0,445,fourth
Qu1jvn7v68tjlk35omezu2fg3Q,learn_relquest,1.0,"[7, 0]",5.0,1.229,0,1.0,446,fourth
Qu1jvn7v68tjlk35omezu2fg3Q,learn_relquest,0.0,"[5, 4]",6.0,2.268,0,0.0,447,fourth
Qu1jvn7v68tjlk35omezu2fg3Q,learn_relquest,1.0,"[5, 6]",7.0,1.524,0,1.0,448,fourth
Qu1jvn7v68tjlk35omezu2fg3Q,learn_relquest,1.0,"[5, 3]",8.0,0.996,0,1.0,449,fourth
Qu1jvn7v68tjlk35omezu2fg3Q,learn_relquest,1.0,"[0, 7]",9.0,0.934,0,1.0,450,fourth
Qu1jvn7v68tjlk35omezu2fg3Q,learn_relquest,0.0,"[4, 5]",10.0,1.525,0,0.0,451,fourth
Qu1jvn7v68tjlk35omezu2fg3Q,learn_relquest,1.0,"[7, 1]",11.0,2.593,0,1.0,452,fourth
Qu1jvn7v68tjlk35omezu2fg3Q,learn_relquest,1.0,"[7, 6]",12.0,1.597,1,0.0,453,fourth
Qu1jvn7v68tjlk35omezu2fg3Q,learn_relquest,0.0,"[2, 1]",13.0,1.684,1,1.0,454,fourth
Qu1jvn7v68tjlk35omezu2fg3Q,learn_relquest,1.0,"[1, 7]",14.0,3.398,0,1.0,455,fourth
Qu1jvn7v68tjlk35omezu2fg3Q,learn_relquest,0.0,"[2, 0]",15.0,1.586,1,1.0,456,fourth
Qu1jvn7v68tjlk35omezu2fg3Q,learn_relquest,1.0,"[6, 7]",16.0,1.597,1,0.0,457,fourth
Qu1jvn7v68tjlk35omezu2fg3Q,learn_relquest,1.0,"[6, 5]",17.0,1.718,0,1.0,458,fourth
Qu1jvn7v68tjlk35omezu2fg3Q,learn_relquest,1.0,"[3, 5]",18.0,0.843,0,1.0,459,fourth
Qu1jvn7v68tjlk35omezu2fg3Q,learn_relquest,0.0,"[0, 6]",19.0,1.352,1,1.0,460,fourth
Qu1jvn7v68tjlk35omezu2fg3Q,learn_relquest,0.0,"[3, 4]",20.0,4.1,1,1.0,461,fourth
Qu1jvn7v68tjlk35omezu2fg3Q,learn_relquest,1.0,"[2, 6]",21.0,5.341,0,1.0,462,fourth
Qu1jvn7v68tjlk35omezu2fg3Q,learn_relquest,0.0,"[5, 1]",22.0,2.177,1,1.0,463,fourth
Qu1jvn7v68tjlk35omezu2fg3Q,learn_relquest,0.0,"[0, 1]",23.0,2.003,0,0.0,464,fourth
Qu1jvn7v68tjlk35omezu2fg3Q,learn_relquest,1.0,"[4, 1]",24.0,1.23,1,0.0,465,fourth
Qu1jvn7v68tjlk35omezu2fg3Q,learn_relquest,0.0,"[0, 5]",25.0,2.644,1,1.0,466,fourth
Qu1jvn7v68tjlk35omezu2fg3Q,learn_relquest,0.0,"[6, 0]",26.0,1.444,0,0.0,467,fourth
Qu1jvn7v68tjlk35omezu2fg3Q,learn_relquest,0.0,"[1, 6]",27.0,4.192,1,1.0,468,fourth
Qu1jvn7v68tjlk35omezu2fg3Q,learn_relquest,1.0,"[6, 2]",0.0,3.711,0,1.0,555,fifth
Qu1jvn7v68tjlk35omezu2fg3Q,learn_relquest,1.0,"[4, 1]",1.0,2.003,0,1.0,556,fifth
Qu1jvn7v68tjlk35omezu2fg3Q,learn_relquest,1.0,"[3, 5]",2.0,0.821,0,1.0,557,fifth
Qu1jvn7v68tjlk35omezu2fg3Q,learn_relquest,0.0,"[7, 4]",3.0,1.942,1,1.0,558,fifth
Qu1jvn7v68tjlk35omezu2fg3Q,learn_relquest,0.0,"[2, 0]",4.0,1.494,0,0.0,559,fifth
Qu1jvn7v68tjlk35omezu2fg3Q,learn_relquest,0.0,"[3, 4]",5.0,2.186,0,0.0,560,fifth
Qu1jvn7v68tjlk35omezu2fg3Q,learn_relquest,1.0,"[1, 7]",6.0,6.092,0,1.0,561,fifth
Qu1jvn7v68tjlk35omezu2fg3Q,learn_relquest,0.0,"[5, 1]",7.0,1.463,1,1.0,562,fifth
Qu1jvn7v68tjlk35omezu2fg3Q,learn_relquest,1.0,"[1, 4]",8.0,2.105,0,1.0,563,fifth
Qu1jvn7v68tjlk35omezu2fg3Q,learn_relquest,0.0,"[1, 5]",9.0,2.166,0,0.0,564,fifth
Qu1jvn7v68tjlk35omezu2fg3Q,learn_relquest,1.0,"[7, 0]",10.0,1.026,0,1.0,565,fifth
Qu1jvn7v68tjlk35omezu2fg3Q,learn_relquest,0.0,"[6, 4]",11.0,1.595,0,0.0,566,fifth
Qu1jvn7v68tjlk35omezu2fg3Q,learn_relquest,1.0,"[5, 6]",12.0,2.004,0,1.0,567,fifth
Qu1jvn7v68tjlk35omezu2fg3Q,learn_relquest,1.0,"[2, 6]",13.0,1.718,0,1.0,568,fifth
Qu1jvn7v68tjlk35omezu2fg3Q,learn_relquest,1.0,"[7, 1]",14.0,1.607,0,1.0,569,fifth
Qu1jvn7v68tjlk35omezu2fg3Q,learn_relquest,0.0,"[6, 3]",15.0,2.766,0,0.0,570,fifth
Qu1jvn7v68tjlk35omezu2fg3Q,learn_relquest,0.0,"[2, 3]",16.0,1.363,1,1.0,571,fifth
Qu1jvn7v68tjlk35omezu2fg3Q,learn_relquest,0.0,"[2, 4]",17.0,1.474,1,1.0,572,fifth
Qu1jvn7v68tjlk35omezu2fg3Q,learn_relquest,0.0,"[0, 1]",18.0,2.176,0,0.0,573,fifth
Qu1jvn7v68tjlk35omezu2fg3Q,learn_relquest,1.0,"[0, 7]",19.0,1.036,0,1.0,574,fifth
Qu1jvn7v68tjlk35omezu2fg3Q,learn_relquest,1.0,"[7, 6]",20.0,2.471,1,0.0,575,fifth
Qu1jvn7v68tjlk35omezu2fg3Q,learn_relquest,0.0,"[4, 7]",21.0,2.369,1,1.0,576,fifth
Qu1jvn7v68tjlk35omezu2fg3Q,learn_relquest,1.0,"[6, 5]",22.0,2.838,1,0.0,577,fifth
Qu1jvn7v68tjlk35omezu2fg3Q,learn_relquest,0.0,"[0, 2]",23.0,2.105,1,1.0,578,fifth
Qu1jvn7v68tjlk35omezu2fg3Q,learn_relquest,1.0,"[5, 3]",24.0,1.504,0,1.0,579,fifth
Qu1jvn7v68tjlk35omezu2fg3Q,learn_relquest,0.0,"[2, 7]",25.0,3.092,1,1.0,580,fifth
Qu1jvn7v68tjlk35omezu2fg3Q,learn_relquest,0.0,"[4, 6]",26.0,1.554,1,1.0,581,fifth
Qu1jvn7v68tjlk35omezu2fg3Q,learn_relquest,1.0,"[6, 7]",27.0,1.454,1,0.0,582,fifth
Qao576mbcllxrpbpnqm3htos8Q,learn_relquest,1.0,"[1, 7]",0.0,2.45,0,1.0,99,first
Qao576mbcllxrpbpnqm3htos8Q,learn_relquest,1.0,"[5, 6]",1.0,2.711,1,0.0,100,first
Qao576mbcllxrpbpnqm3htos8Q,learn_relquest,1.0,"[4, 1]",2.0,1.769,1,0.0,101,first
Qao576mbcllxrpbpnqm3htos8Q,learn_relquest,0.0,"[3, 7]",3.0,1.207,0,0.0,102,first
Qao576mbcllxrpbpnqm3htos8Q,learn_relquest,0.0,"[0, 3]",4.0,1.892,1,1.0,103,first
Qao576mbcllxrpbpnqm3htos8Q,learn_relquest,1.0,"[6, 5]",5.0,1.589,0,1.0,104,first
Qao576mbcllxrpbpnqm3htos8Q,learn_relquest,1.0,"[7, 0]",6.0,1.694,0,1.0,105,first
Qao576mbcllxrpbpnqm3htos8Q,learn_relquest,1.0,"[6, 2]",7.0,1.613,0,1.0,106,first
Qao576mbcllxrpbpnqm3htos8Q,learn_relquest,0.0,"[1, 6]",8.0,2.317,1,1.0,107,first
Qao576mbcllxrpbpnqm3htos8Q,learn_relquest,0.0,"[2, 1]",9.0,1.655,1,1.0,108,first
Qao576mbcllxrpbpnqm3htos8Q,learn_relquest,0.0,"[7, 2]",10.0,2.716,1,1.0,109,first
Qao576mbcllxrpbpnqm3htos8Q,learn_relquest,1.0,"[5, 3]",11.0,1.237,0,1.0,110,first
Qao576mbcllxrpbpnqm3htos8Q,learn_relquest,0.0,"[3, 4]",12.0,2.372,1,1.0,111,first
Qao576mbcllxrpbpnqm3htos8Q,learn_relquest,0.0,"[4, 5]",13.0,2.245,1,1.0,112,first
Qao576mbcllxrpbpnqm3htos8Q,learn_relquest,1.0,"[0, 7]",14.0,0.958,0,1.0,113,first
Qao576mbcllxrpbpnqm3htos8Q,learn_relquest,0.0,"[3, 0]",15.0,1.62,0,0.0,114,first
Qao576mbcllxrpbpnqm3htos8Q,learn_relquest,0.0,"[4, 3]",16.0,3.79,1,1.0,115,first
Qao576mbcllxrpbpnqm3htos8Q,learn_relquest,1.0,"[6, 7]",17.0,1.108,0,1.0,116,first
Qao576mbcllxrpbpnqm3htos8Q,learn_relquest,0.0,"[1, 3]",18.0,1.053,0,0.0,117,first
Qao576mbcllxrpbpnqm3htos8Q,learn_relquest,1.0,"[7, 6]",19.0,1.796,0,1.0,118,first
Qao576mbcllxrpbpnqm3htos8Q,learn_relquest,1.0,"[2, 6]",20.0,1.05,0,1.0,119,first
Qao576mbcllxrpbpnqm3htos8Q,learn_relquest,0.0,"[1, 2]",21.0,2.536,1,1.0,120,first
Qao576mbcllxrpbpnqm3htos8Q,learn_relquest,1.0,"[7, 1]",22.0,2.109,0,1.0,121,first
Qao576mbcllxrpbpnqm3htos8Q,learn_relquest,0.0,"[0, 6]",23.0,1.719,1,1.0,122,first
Qao576mbcllxrpbpnqm3htos8Q,learn_relquest,0.0,"[2, 0]",24.0,1.163,0,0.0,123,first
Qao576mbcllxrpbpnqm3htos8Q,learn_relquest,1.0,"[1, 4]",25.0,4.14,0,1.0,124,first
Qao576mbcllxrpbpnqm3htos8Q,learn_relquest,0.0,"[6, 3]",26.0,1.997,0,0.0,125,first
Qao576mbcllxrpbpnqm3htos8Q,learn_relquest,1.0,"[3, 5]",27.0,1.771,0,1.0,126,first
Qao576mbcllxrpbpnqm3htos8Q,learn_relquest,0.0,"[4, 6]",0.0,6.495,0,0.0,213,second
Qao576mbcllxrpbpnqm3htos8Q,learn_relquest,0.0,"[0, 6]",1.0,1.779,1,1.0,214,second
Qao576mbcllxrpbpnqm3htos8Q,learn_relquest,0.0,"[5, 2]",2.0,1.67,1,1.0,215,second
Qao576mbcllxrpbpnqm3htos8Q,learn_relquest,1.0,"[7, 0]",3.0,1.093,0,1.0,216,second
Qao576mbcllxrpbpnqm3htos8Q,learn_relquest,0.0,"[2, 4]",4.0,1.621,0,0.0,217,second
Qao576mbcllxrpbpnqm3htos8Q,learn_relquest,0.0,"[5, 4]",5.0,1.863,1,1.0,218,second
Qao576mbcllxrpbpnqm3htos8Q,learn_relquest,0.0,"[1, 2]",6.0,2.874,0,0.0,219,second
Qao576mbcllxrpbpnqm3htos8Q,learn_relquest,0.0,"[0, 3]",7.0,3.302,0,0.0,220,second
Qao576mbcllxrpbpnqm3htos8Q,learn_relquest,0.0,"[0, 2]",8.0,1.901,1,1.0,221,second
Qao576mbcllxrpbpnqm3htos8Q,learn_relquest,0.0,"[4, 3]",9.0,2.172,0,0.0,222,second
Qao576mbcllxrpbpnqm3htos8Q,learn_relquest,1.0,"[0, 7]",10.0,0.78,0,1.0,223,second
Qao576mbcllxrpbpnqm3htos8Q,learn_relquest,1.0,"[6, 5]",11.0,1.261,0,1.0,224,second
Qao576mbcllxrpbpnqm3htos8Q,learn_relquest,1.0,"[1, 4]",12.0,2.709,1,0.0,225,second
Qao576mbcllxrpbpnqm3htos8Q,learn_relquest,1.0,"[4, 1]",13.0,2.653,1,0.0,226,second
Qao576mbcllxrpbpnqm3htos8Q,learn_relquest,1.0,"[6, 7]",14.0,1.011,0,1.0,227,second
Qao576mbcllxrpbpnqm3htos8Q,learn_relquest,1.0,"[2, 6]",15.0,1.861,0,1.0,228,second
Qao576mbcllxrpbpnqm3htos8Q,learn_relquest,1.0,"[6, 2]",16.0,1.629,1,0.0,229,second
Qao576mbcllxrpbpnqm3htos8Q,learn_relquest,1.0,"[7, 1]",17.0,1.478,0,1.0,230,second
Qao576mbcllxrpbpnqm3htos8Q,learn_relquest,1.0,"[5, 3]",18.0,0.782,0,1.0,231,second
Qao576mbcllxrpbpnqm3htos8Q,learn_relquest,0.0,"[1, 0]",19.0,2.389,1,1.0,232,second
Qao576mbcllxrpbpnqm3htos8Q,learn_relquest,1.0,"[3, 5]",20.0,2.485,1,0.0,233,second
Qao576mbcllxrpbpnqm3htos8Q,learn_relquest,0.0,"[0, 5]",21.0,2.933,0,0.0,234,second
Qao576mbcllxrpbpnqm3htos8Q,learn_relquest,0.0,"[6, 0]",22.0,1.727,0,0.0,235,second
Qao576mbcllxrpbpnqm3htos8Q,learn_relquest,1.0,"[1, 7]",23.0,2.589,1,0.0,236,second
Qao576mbcllxrpbpnqm3htos8Q,learn_relquest,0.0,"[3, 4]",24.0,5.396,0,0.0,237,second
Qao576mbcllxrpbpnqm3htos8Q,learn_relquest,1.0,"[7, 6]",25.0,2.508,0,1.0,238,second
Qao576mbcllxrpbpnqm3htos8Q,learn_relquest,0.0,"[0, 4]",26.0,1.173,1,1.0,239,second
Qao576mbcllxrpbpnqm3htos8Q,learn_relquest,1.0,"[5, 6]",27.0,0.664,1,0.0,240,second
Qao576mbcllxrpbpnqm3htos8Q,learn_relquest,1.0,"[4, 1]",0.0,2.497,0,1.0,327,third
Qao576mbcllxrpbpnqm3htos8Q,learn_relquest,1.0,"[6, 5]",1.0,3.829,1,0.0,328,third
Qao576mbcllxrpbpnqm3htos8Q,learn_relquest,0.0,"[0, 3]",2.0,2.631,1,1.0,329,third
Qao576mbcllxrpbpnqm3htos8Q,learn_relquest,1.0,"[1, 7]",3.0,1.092,0,1.0,330,third
Qao576mbcllxrpbpnqm3htos8Q,learn_relquest,0.0,"[0, 1]",10.0,3.693,0,0.0,337,third
Qao576mbcllxrpbpnqm3htos8Q,learn_relquest,1.0,"[1, 4]",11.0,1.879,0,1.0,338,third
Qao576mbcllxrpbpnqm3htos8Q,learn_relquest,1.0,"[6, 2]",9.0,1.062,0,1.0,336,third
Qao576mbcllxrpbpnqm3htos8Q,learn_relquest,1.0,"[7, 0]",7.0,4.053,1,0.0,334,third
Qao576mbcllxrpbpnqm3htos8Q,learn_relquest,0.0,"[3, 1]",5.0,1.604,0,0.0,332,third
Qao576mbcllxrpbpnqm3htos8Q,learn_relquest,0.0,"[5, 0]",6.0,5.284,1,1.0,333,third
Qao576mbcllxrpbpnqm3htos8Q,learn_relquest,1.0,"[7, 6]",4.0,1.02,0,1.0,331,third
Qao576mbcllxrpbpnqm3htos8Q,learn_relquest,0.0,"[7, 5]",8.0,2.789,1,1.0,335,third
Qao576mbcllxrpbpnqm3htos8Q,learn_relquest,1.0,"[3, 5]",12.0,1.741,0,1.0,339,third
Qao576mbcllxrpbpnqm3htos8Q,learn_relquest,0.0,"[4, 0]",13.0,1.794,1,1.0,340,third
Qao576mbcllxrpbpnqm3htos8Q,learn_relquest,0.0,"[7, 4]",14.0,4.213,1,1.0,341,third
Qao576mbcllxrpbpnqm3htos8Q,learn_relquest,0.0,"[5, 1]",15.0,5.075,0,0.0,342,third
Qao576mbcllxrpbpnqm3htos8Q,learn_relquest,1.0,"[5, 3]",16.0,5.627,0,1.0,343,third
Qao576mbcllxrpbpnqm3htos8Q,learn_relquest,0.0,"[1, 3]",17.0,4.71,0,0.0,344,third
Qao576mbcllxrpbpnqm3htos8Q,learn_relquest,0.0,"[3, 7]",18.0,7.608,0,0.0,345,third
Qao576mbcllxrpbpnqm3htos8Q,learn_relquest,1.0,"[6, 7]",19.0,7.962,0,1.0,346,third
Qao576mbcllxrpbpnqm3htos8Q,learn_relquest,1.0,"[2, 6]",20.0,1.262,0,1.0,347,third
Qao576mbcllxrpbpnqm3htos8Q,learn_relquest,1.0,"[2, 6]",20.0,1.262,0,1.0,347,third
Qao576mbcllxrpbpnqm3htos8Q,learn_relquest,0.0,"[0, 2]",21.0,1.333,1,1.0,348,third
Qao576mbcllxrpbpnqm3htos8Q,learn_relquest,0.0,"[2, 1]",24.0,3.542,1,1.0,351,third
Qao576mbcllxrpbpnqm3htos8Q,learn_relquest,1.0,"[1, 4]",0.0,2.365,0,1.0,441,fourth
Qao576mbcllxrpbpnqm3htos8Q,learn_relquest,0.0,"[7, 3]",1.0,2.406,0,0.0,442,fourth
Qao576mbcllxrpbpnqm3htos8Q,learn_relquest,1.0,"[7, 6]",2.0,2.133,1,0.0,443,fourth
Qao576mbcllxrpbpnqm3htos8Q,learn_relquest,0.0,"[0, 2]",3.0,1.637,1,1.0,444,fourth
Qao576mbcllxrpbpnqm3htos8Q,learn_relquest,1.0,"[7, 1]",4.0,0.542,0,1.0,445,fourth
Qao576mbcllxrpbpnqm3htos8Q,learn_relquest,0.0,"[6, 0]",5.0,0.902,0,0.0,446,fourth
Qao576mbcllxrpbpnqm3htos8Q,learn_relquest,1.0,"[2, 6]",6.0,0.989,0,1.0,447,fourth
Qao576mbcllxrpbpnqm3htos8Q,learn_relquest,0.0,"[6, 4]",7.0,2.328,1,1.0,448,fourth
Qao576mbcllxrpbpnqm3htos8Q,learn_relquest,1.0,"[1, 7]",8.0,1.714,0,1.0,449,fourth
Qao576mbcllxrpbpnqm3htos8Q,learn_relquest,1.0,"[4, 1]",9.0,0.764,0,1.0,450,fourth
Qao576mbcllxrpbpnqm3htos8Q,learn_relquest,1.0,"[6, 7]",10.0,2.166,0,1.0,451,fourth
Qao576mbcllxrpbpnqm3htos8Q,learn_relquest,0.0,"[1, 5]",11.0,1.11,1,1.0,452,fourth
Qao576mbcllxrpbpnqm3htos8Q,learn_relquest,0.0,"[2, 3]",12.0,1.997,1,1.0,453,fourth
Qao576mbcllxrpbpnqm3htos8Q,learn_relquest,0.0,"[7, 4]",13.0,2.213,1,1.0,454,fourth
Qao576mbcllxrpbpnqm3htos8Q,learn_relquest,0.0,"[1, 6]",14.0,0.909,0,0.0,455,fourth
Qao576mbcllxrpbpnqm3htos8Q,learn_relquest,0.0,"[2, 4]",15.0,0.887,0,0.0,456,fourth
Qao576mbcllxrpbpnqm3htos8Q,learn_relquest,0.0,"[4, 3]",16.0,1.125,1,1.0,457,fourth
Qao576mbcllxrpbpnqm3htos8Q,learn_relquest,1.0,"[7, 0]",17.0,1.862,0,1.0,458,fourth
Qao576mbcllxrpbpnqm3htos8Q,learn_relquest,1.0,"[6, 2]",18.0,0.782,0,1.0,459,fourth
Qao576mbcllxrpbpnqm3htos8Q,learn_relquest,0.0,"[6, 3]",19.0,2.109,1,1.0,460,fourth
Qao576mbcllxrpbpnqm3htos8Q,learn_relquest,1.0,"[0, 7]",20.0,0.957,0,1.0,461,fourth
Qao576mbcllxrpbpnqm3htos8Q,learn_relquest,0.0,"[5, 4]",21.0,0.742,0,0.0,462,fourth
Qao576mbcllxrpbpnqm3htos8Q,learn_relquest,1.0,"[3, 5]",22.0,0.917,0,1.0,463,fourth
Qao576mbcllxrpbpnqm3htos8Q,learn_relquest,0.0,"[0, 4]",23.0,0.886,1,1.0,464,fourth
Qao576mbcllxrpbpnqm3htos8Q,learn_relquest,0.0,"[3, 0]",24.0,0.63,0,0.0,465,fourth
Qao576mbcllxrpbpnqm3htos8Q,learn_relquest,1.0,"[5, 6]",25.0,1.63,0,1.0,466,fourth
Qao576mbcllxrpbpnqm3htos8Q,learn_relquest,1.0,"[6, 5]",26.0,1.029,0,1.0,467,fourth
Qao576mbcllxrpbpnqm3htos8Q,learn_relquest,1.0,"[5, 3]",27.0,2.166,0,1.0,468,fourth
Qao576mbcllxrpbpnqm3htos8Q,learn_relquest,0.0,"[0, 1]",0.0,2.629,1,1.0,555,fifth
Qao576mbcllxrpbpnqm3htos8Q,learn_relquest,0.0,"[2, 5]",1.0,0.844,0,0.0,556,fifth
Qao576mbcllxrpbpnqm3htos8Q,learn_relquest,1.0,"[6, 5]",2.0,1.101,0,1.0,557,fifth
Qao576mbcllxrpbpnqm3htos8Q,learn_relquest,0.0,"[3, 0]",3.0,5.948,1,1.0,558,fifth
Qao576mbcllxrpbpnqm3htos8Q,learn_relquest,1.0,"[5, 3]",4.0,0.806,0,1.0,559,fifth
Qao576mbcllxrpbpnqm3htos8Q,learn_relquest,0.0,"[3, 7]",5.0,1.149,0,0.0,560,fifth
Qao576mbcllxrpbpnqm3htos8Q,learn_relquest,1.0,"[7, 0]",6.0,1.816,0,1.0,561,fifth
Qao576mbcllxrpbpnqm3htos8Q,learn_relquest,0.0,"[0, 5]",7.0,1.524,1,1.0,562,fifth
Qao576mbcllxrpbpnqm3htos8Q,learn_relquest,1.0,"[3, 5]",8.0,0.741,0,1.0,563,fifth
Qao576mbcllxrpbpnqm3htos8Q,learn_relquest,1.0,"[6, 2]",9.0,1.151,0,1.0,564,fifth
Qao576mbcllxrpbpnqm3htos8Q,learn_relquest,0.0,"[2, 7]",10.0,1.277,0,0.0,565,fifth
Qao576mbcllxrpbpnqm3htos8Q,learn_relquest,0.0,"[4, 2]",11.0,1.047,0,0.0,566,fifth
Qao576mbcllxrpbpnqm3htos8Q,learn_relquest,1.0,"[1, 7]",12.0,2.013,1,0.0,567,fifth
Qao576mbcllxrpbpnqm3htos8Q,learn_relquest,1.0,"[2, 6]",13.0,0.663,0,1.0,568,fifth
Qao576mbcllxrpbpnqm3htos8Q,learn_relquest,1.0,"[0, 7]",14.0,1.845,0,1.0,569,fifth
Qao576mbcllxrpbpnqm3htos8Q,learn_relquest,1.0,"[5, 6]",15.0,2.343,1,0.0,570,fifth
Qao576mbcllxrpbpnqm3htos8Q,learn_relquest,0.0,"[3, 2]",16.0,1.122,0,0.0,571,fifth
Qao576mbcllxrpbpnqm3htos8Q,learn_relquest,0.0,"[1, 6]",17.0,1.094,0,0.0,572,fifth
Qao576mbcllxrpbpnqm3htos8Q,learn_relquest,1.0,"[7, 1]",18.0,3.572,0,1.0,573,fifth
Qao576mbcllxrpbpnqm3htos8Q,learn_relquest,0.0,"[6, 0]",19.0,2.517,1,1.0,574,fifth
Q4825xcmdogwqhuuu5oxsrhe0Q,learn_relquest,1.0,"[6, 2]",0.0,4.849,0,1.0,99,first
Q4825xcmdogwqhuuu5oxsrhe0Q,learn_relquest,1.0,"[7, 1]",1.0,3.351,0,1.0,100,first
Q4825xcmdogwqhuuu5oxsrhe0Q,learn_relquest,0.0,"[7, 3]",2.0,0.853,0,0.0,101,first
Q4825xcmdogwqhuuu5oxsrhe0Q,learn_relquest,1.0,"[5, 3]",3.0,0.829,0,1.0,102,first
Q4825xcmdogwqhuuu5oxsrhe0Q,learn_relquest,1.0,"[7, 6]",4.0,0.976,1,0.0,103,first
Q4825xcmdogwqhuuu5oxsrhe0Q,learn_relquest,1.0,"[4, 1]",5.0,1.045,1,0.0,104,first
Q4825xcmdogwqhuuu5oxsrhe0Q,learn_relquest,1.0,"[7, 0]",6.0,0.563,1,0.0,105,first
Q4825xcmdogwqhuuu5oxsrhe0Q,learn_relquest,1.0,"[3, 5]",7.0,0.357,1,0.0,106,first
Q4825xcmdogwqhuuu5oxsrhe0Q,learn_relquest,1.0,"[0, 7]",8.0,0.509,1,0.0,107,first
Q4825xcmdogwqhuuu5oxsrhe0Q,learn_relquest,0.0,"[5, 1]",9.0,0.265,1,1.0,108,first
Q4825xcmdogwqhuuu5oxsrhe0Q,learn_relquest,1.0,"[1, 4]",10.0,0.211,1,0.0,109,first
Q4825xcmdogwqhuuu5oxsrhe0Q,learn_relquest,1.0,"[1, 7]",11.0,0.191,1,0.0,110,first
Q4825xcmdogwqhuuu5oxsrhe0Q,learn_relquest,0.0,"[4, 2]",12.0,0.217,1,1.0,111,first
Q4825xcmdogwqhuuu5oxsrhe0Q,learn_relquest,0.0,"[5, 7]",13.0,0.519,1,1.0,112,first
Q4825xcmdogwqhuuu5oxsrhe0Q,learn_relquest,0.0,"[4, 6]",14.0,14.72,0,0.0,113,first
Q4825xcmdogwqhuuu5oxsrhe0Q,learn_relquest,1.0,"[6, 7]",15.0,9.82,0,1.0,114,first
Q4825xcmdogwqhuuu5oxsrhe0Q,learn_relquest,0.0,"[1, 6]",16.0,2.462,1,1.0,115,first
Q4825xcmdogwqhuuu5oxsrhe0Q,learn_relquest,1.0,"[6, 5]",17.0,1.956,0,1.0,116,first
Q4825xcmdogwqhuuu5oxsrhe0Q,learn_relquest,0.0,"[5, 4]",18.0,2.043,0,0.0,117,first
Q4825xcmdogwqhuuu5oxsrhe0Q,learn_relquest,0.0,"[4, 0]",19.0,2.959,0,0.0,118,first
Q4825xcmdogwqhuuu5oxsrhe0Q,learn_relquest,0.0,"[2, 1]",20.0,1.182,1,1.0,119,first
Q4825xcmdogwqhuuu5oxsrhe0Q,learn_relquest,0.0,"[6, 1]",21.0,1.741,1,1.0,120,first
Q4825xcmdogwqhuuu5oxsrhe0Q,learn_relquest,0.0,"[2, 5]",22.0,1.292,1,1.0,121,first
Q4825xcmdogwqhuuu5oxsrhe0Q,learn_relquest,0.0,"[1, 0]",23.0,3.902,0,0.0,122,first
Q4825xcmdogwqhuuu5oxsrhe0Q,learn_relquest,0.0,"[0, 4]",24.0,1.811,0,0.0,123,first
Q4825xcmdogwqhuuu5oxsrhe0Q,learn_relquest,1.0,"[2, 6]",25.0,1.481,0,1.0,124,first
Q4825xcmdogwqhuuu5oxsrhe0Q,learn_relquest,1.0,"[5, 6]",26.0,2.433,1,0.0,125,first
Q4825xcmdogwqhuuu5oxsrhe0Q,learn_relquest,0.0,"[7, 5]",27.0,1.11,1,1.0,126,first
Q4825xcmdogwqhuuu5oxsrhe0Q,learn_relquest,1.0,"[2, 6]",0.0,10.925,1,0.0,213,second
Q4825xcmdogwqhuuu5oxsrhe0Q,learn_relquest,0.0,"[5, 4]",1.0,2.317,1,1.0,214,second
Q4825xcmdogwqhuuu5oxsrhe0Q,learn_relquest,1.0,"[6, 7]",2.0,1.627,0,1.0,215,second
Q4825xcmdogwqhuuu5oxsrhe0Q,learn_relquest,1.0,"[3, 5]",3.0,1.265,0,1.0,216,second
Q4825xcmdogwqhuuu5oxsrhe0Q,learn_relquest,1.0,"[4, 1]",4.0,2.629,0,1.0,217,second
Q4825xcmdogwqhuuu5oxsrhe0Q,learn_relquest,1.0,"[7, 1]",5.0,7.992,1,0.0,218,second
Q4825xcmdogwqhuuu5oxsrhe0Q,learn_relquest,1.0,"[0, 7]",6.0,2.345,0,1.0,219,second
Q4825xcmdogwqhuuu5oxsrhe0Q,learn_relquest,0.0,"[6, 0]",7.0,2.27,0,0.0,220,second
Q4825xcmdogwqhuuu5oxsrhe0Q,learn_relquest,0.0,"[6, 3]",8.0,6.132,0,0.0,221,second
Q4825xcmdogwqhuuu5oxsrhe0Q,learn_relquest,0.0,"[2, 5]",9.0,2.896,1,1.0,222,second
Q4825xcmdogwqhuuu5oxsrhe0Q,learn_relquest,0.0,"[3, 0]",10.0,1.975,1,1.0,223,second
Q4825xcmdogwqhuuu5oxsrhe0Q,learn_relquest,0.0,"[4, 5]",11.0,3.589,1,1.0,224,second
Q4825xcmdogwqhuuu5oxsrhe0Q,learn_relquest,0.0,"[0, 1]",12.0,1.937,0,0.0,225,second
Q4825xcmdogwqhuuu5oxsrhe0Q,learn_relquest,1.0,"[5, 3]",13.0,1.845,0,1.0,226,second
Q4825xcmdogwqhuuu5oxsrhe0Q,learn_relquest,0.0,"[5, 0]",14.0,4.161,1,1.0,227,second
Q4825xcmdogwqhuuu5oxsrhe0Q,learn_relquest,1.0,"[5, 6]",15.0,2.245,0,1.0,228,second
Q4825xcmdogwqhuuu5oxsrhe0Q,learn_relquest,0.0,"[2, 4]",16.0,3.705,0,0.0,229,second
Q4825xcmdogwqhuuu5oxsrhe0Q,learn_relquest,1.0,"[1, 4]",17.0,0.883,0,1.0,230,second
Q4825xcmdogwqhuuu5oxsrhe0Q,learn_relquest,0.0,"[5, 7]",18.0,4.017,1,1.0,231,second
Q4825xcmdogwqhuuu5oxsrhe0Q,learn_relquest,1.0,"[7, 0]",19.0,2.764,0,1.0,232,second
Q4825xcmdogwqhuuu5oxsrhe0Q,learn_relquest,1.0,"[6, 5]",20.0,2.553,1,0.0,233,second
Q4825xcmdogwqhuuu5oxsrhe0Q,learn_relquest,0.0,"[4, 2]",21.0,3.269,0,0.0,234,second
Q4825xcmdogwqhuuu5oxsrhe0Q,learn_relquest,1.0,"[7, 6]",22.0,1.978,0,1.0,235,second
Q4825xcmdogwqhuuu5oxsrhe0Q,learn_relquest,0.0,"[2, 1]",23.0,1.991,0,0.0,236,second
Q4825xcmdogwqhuuu5oxsrhe0Q,learn_relquest,0.0,"[4, 3]",24.0,2.033,0,0.0,237,second
Q4825xcmdogwqhuuu5oxsrhe0Q,learn_relquest,1.0,"[1, 7]",25.0,1.935,1,0.0,238,second
Q4825xcmdogwqhuuu5oxsrhe0Q,learn_relquest,1.0,"[6, 2]",26.0,2.241,1,0.0,239,second
Q4825xcmdogwqhuuu5oxsrhe0Q,learn_relquest,0.0,"[5, 1]",27.0,2.453,1,1.0,240,second
Q4825xcmdogwqhuuu5oxsrhe0Q,learn_relquest,1.0,"[7, 6]",0.0,3.77,0,1.0,327,third
Q4825xcmdogwqhuuu5oxsrhe0Q,learn_relquest,1.0,"[7, 0]",1.0,7.395,0,1.0,328,third
Q4825xcmdogwqhuuu5oxsrhe0Q,learn_relquest,1.0,"[3, 5]",2.0,2.113,0,1.0,329,third
Q4825xcmdogwqhuuu5oxsrhe0Q,learn_relquest,0.0,"[1, 3]",3.0,6.6,1,1.0,330,third
Q4825xcmdogwqhuuu5oxsrhe0Q,learn_relquest,1.0,"[5, 3]",4.0,1.829,0,1.0,331,third
Q4825xcmdogwqhuuu5oxsrhe0Q,learn_relquest,1.0,"[0, 7]",5.0,4.636,1,0.0,332,third
Q4825xcmdogwqhuuu5oxsrhe0Q,learn_relquest,1.0,"[2, 6]",6.0,4.817,1,0.0,333,third
Q4825xcmdogwqhuuu5oxsrhe0Q,learn_relquest,1.0,"[1, 4]",7.0,1.569,0,1.0,334,third
Q4825xcmdogwqhuuu5oxsrhe0Q,learn_relquest,0.0,"[0, 4]",8.0,1.177,0,0.0,335,third
Q4825xcmdogwqhuuu5oxsrhe0Q,learn_relquest,1.0,"[6, 7]",9.0,0.887,0,1.0,336,third
Q4825xcmdogwqhuuu5oxsrhe0Q,learn_relquest,1.0,"[6, 5]",10.0,4.175,1,0.0,337,third
Q4825xcmdogwqhuuu5oxsrhe0Q,learn_relquest,1.0,"[4, 1]",11.0,1.307,0,1.0,338,third
Q4825xcmdogwqhuuu5oxsrhe0Q,learn_relquest,0.0,"[4, 2]",12.0,1.559,0,0.0,339,third
Q4825xcmdogwqhuuu5oxsrhe0Q,learn_relquest,0.0,"[0, 3]",13.0,4.913,1,1.0,340,third
Q4825xcmdogwqhuuu5oxsrhe0Q,learn_relquest,0.0,"[0, 1]",14.0,1.111,0,0.0,341,third
Q4825xcmdogwqhuuu5oxsrhe0Q,learn_relquest,1.0,"[7, 1]",15.0,1.761,1,0.0,342,third
Q4825xcmdogwqhuuu5oxsrhe0Q,learn_relquest,0.0,"[2, 4]",16.0,2.715,0,0.0,343,third
Q4825xcmdogwqhuuu5oxsrhe0Q,learn_relquest,1.0,"[5, 6]",17.0,2.39,1,0.0,344,third
Q4825xcmdogwqhuuu5oxsrhe0Q,learn_relquest,0.0,"[4, 3]",18.0,1.762,1,1.0,345,third
Q4825xcmdogwqhuuu5oxsrhe0Q,learn_relquest,0.0,"[2, 0]",19.0,1.547,0,0.0,346,third
Q4825xcmdogwqhuuu5oxsrhe0Q,learn_relquest,0.0,"[6, 3]",20.0,0.948,0,0.0,347,third
Q4825xcmdogwqhuuu5oxsrhe0Q,learn_relquest,1.0,"[1, 7]",21.0,3.295,0,1.0,348,third
Q4825xcmdogwqhuuu5oxsrhe0Q,learn_relquest,0.0,"[5, 0]",22.0,0.947,1,1.0,349,third
Q4825xcmdogwqhuuu5oxsrhe0Q,learn_relquest,0.0,"[5, 2]",23.0,0.827,0,0.0,350,third
Q4825xcmdogwqhuuu5oxsrhe0Q,learn_relquest,0.0,"[5, 1]",24.0,2.505,1,1.0,351,third
Q4825xcmdogwqhuuu5oxsrhe0Q,learn_relquest,0.0,"[1, 5]",25.0,1.161,1,1.0,352,third
Q4825xcmdogwqhuuu5oxsrhe0Q,learn_relquest,0.0,"[4, 6]",26.0,1.231,1,1.0,353,third
Q4825xcmdogwqhuuu5oxsrhe0Q,learn_relquest,1.0,"[6, 2]",27.0,2.019,1,0.0,354,third
Q4825xcmdogwqhuuu5oxsrhe0Q,learn_relquest,0.0,"[0, 4]",0.0,7.868,1,1.0,441,fourth
Q4825xcmdogwqhuuu5oxsrhe0Q,learn_relquest,0.0,"[6, 4]",1.0,3.915,1,1.0,442,fourth
Q4825xcmdogwqhuuu5oxsrhe0Q,learn_relquest,0.0,"[3, 0]",2.0,2.539,0,0.0,443,fourth
Q4825xcmdogwqhuuu5oxsrhe0Q,learn_relquest,1.0,"[6, 2]",3.0,1.795,0,1.0,444,fourth
Q4825xcmdogwqhuuu5oxsrhe0Q,learn_relquest,1.0,"[0, 7]",4.0,1.023,0,1.0,445,fourth
Q4825xcmdogwqhuuu5oxsrhe0Q,learn_relquest,0.0,"[5, 0]",5.0,3.889,0,0.0,446,fourth
Q4825xcmdogwqhuuu5oxsrhe0Q,learn_relquest,0.0,"[0, 2]",6.0,2.118,1,1.0,447,fourth
Q4825xcmdogwqhuuu5oxsrhe0Q,learn_relquest,1.0,"[2, 6]",7.0,1.679,0,1.0,448,fourth
Q4825xcmdogwqhuuu5oxsrhe0Q,learn_relquest,0.0,"[2, 4]",8.0,2.91,1,1.0,449,fourth
Q4825xcmdogwqhuuu5oxsrhe0Q,learn_relquest,1.0,"[3, 5]",9.0,1.74,0,1.0,450,fourth
Q4825xcmdogwqhuuu5oxsrhe0Q,learn_relquest,1.0,"[7, 6]",10.0,0.988,0,1.0,451,fourth
Q4825xcmdogwqhuuu5oxsrhe0Q,learn_relquest,1.0,"[1, 7]",11.0,1.732,0,1.0,452,fourth
Q4825xcmdogwqhuuu5oxsrhe0Q,learn_relquest,1.0,"[7, 1]",12.0,1.145,0,1.0,453,fourth
Q4825xcmdogwqhuuu5oxsrhe0Q,learn_relquest,1.0,"[1, 4]",13.0,4.227,1,0.0,454,fourth
Q4825xcmdogwqhuuu5oxsrhe0Q,learn_relquest,1.0,"[5, 3]",14.0,2.181,0,1.0,455,fourth
Q4825xcmdogwqhuuu5oxsrhe0Q,learn_relquest,1.0,"[5, 6]",15.0,3.063,0,1.0,456,fourth
Q4825xcmdogwqhuuu5oxsrhe0Q,learn_relquest,0.0,"[1, 5]",16.0,4.178,1,1.0,457,fourth
Q4825xcmdogwqhuuu5oxsrhe0Q,learn_relquest,0.0,"[2, 5]",17.0,3.057,1,1.0,458,fourth
Q4825xcmdogwqhuuu5oxsrhe0Q,learn_relquest,0.0,"[5, 4]",18.0,2.235,0,0.0,459,fourth
Q4825xcmdogwqhuuu5oxsrhe0Q,learn_relquest,1.0,"[7, 0]",19.0,3.267,0,1.0,460,fourth
Q4825xcmdogwqhuuu5oxsrhe0Q,learn_relquest,0.0,"[4, 6]",20.0,1.431,0,0.0,461,fourth
Q4825xcmdogwqhuuu5oxsrhe0Q,learn_relquest,1.0,"[4, 1]",21.0,1.465,1,0.0,462,fourth
Q4825xcmdogwqhuuu5oxsrhe0Q,learn_relquest,0.0,"[4, 5]",22.0,3.397,0,0.0,463,fourth
Q4825xcmdogwqhuuu5oxsrhe0Q,learn_relquest,1.0,"[6, 7]",23.0,1.426,0,1.0,464,fourth
Q4825xcmdogwqhuuu5oxsrhe0Q,learn_relquest,0.0,"[5, 1]",24.0,3.29,1,1.0,465,fourth
Q4825xcmdogwqhuuu5oxsrhe0Q,learn_relquest,0.0,"[7, 5]",25.0,2.201,0,0.0,466,fourth
Q4825xcmdogwqhuuu5oxsrhe0Q,learn_relquest,0.0,"[4, 0]",26.0,1.361,1,1.0,467,fourth
Q4825xcmdogwqhuuu5oxsrhe0Q,learn_relquest,1.0,"[6, 5]",27.0,3.142,0,1.0,468,fourth
Q4825xcmdogwqhuuu5oxsrhe0Q,learn_relquest,1.0,"[3, 5]",0.0,1.431,0,1.0,555,fifth
Q4825xcmdogwqhuuu5oxsrhe0Q,learn_relquest,0.0,"[3, 1]",1.0,0.724,0,0.0,556,fifth
Q4825xcmdogwqhuuu5oxsrhe0Q,learn_relquest,0.0,"[4, 0]",2.0,1.399,1,1.0,557,fifth
Q4825xcmdogwqhuuu5oxsrhe0Q,learn_relquest,0.0,"[4, 5]",3.0,0.467,0,0.0,558,fifth
Q4825xcmdogwqhuuu5oxsrhe0Q,learn_relquest,1.0,"[1, 4]",4.0,0.92,0,1.0,559,fifth
Q4825xcmdogwqhuuu5oxsrhe0Q,learn_relquest,0.0,"[3, 7]",5.0,0.655,1,1.0,560,fifth
Q4825xcmdogwqhuuu5oxsrhe0Q,learn_relquest,1.0,"[7, 0]",6.0,0.46,0,1.0,561,fifth
Q4825xcmdogwqhuuu5oxsrhe0Q,learn_relquest,1.0,"[6, 2]",7.0,0.525,0,1.0,562,fifth
Q4825xcmdogwqhuuu5oxsrhe0Q,learn_relquest,0.0,"[6, 4]",8.0,1.089,0,0.0,563,fifth
Q4825xcmdogwqhuuu5oxsrhe0Q,learn_relquest,0.0,"[7, 5]",9.0,0.897,1,1.0,564,fifth
Q4825xcmdogwqhuuu5oxsrhe0Q,learn_relquest,1.0,"[1, 7]",10.0,0.789,0,1.0,565,fifth
Q4825xcmdogwqhuuu5oxsrhe0Q,learn_relquest,1.0,"[2, 6]",11.0,1.043,0,1.0,566,fifth
Q4825xcmdogwqhuuu5oxsrhe0Q,learn_relquest,0.0,"[1, 5]",12.0,1.117,1,1.0,567,fifth
Q4825xcmdogwqhuuu5oxsrhe0Q,learn_relquest,0.0,"[5, 0]",13.0,1.301,0,0.0,568,fifth
Q4825xcmdogwqhuuu5oxsrhe0Q,learn_relquest,1.0,"[7, 1]",14.0,0.887,0,1.0,569,fifth
Q4825xcmdogwqhuuu5oxsrhe0Q,learn_relquest,0.0,"[2, 0]",15.0,0.779,0,0.0,570,fifth
Q4825xcmdogwqhuuu5oxsrhe0Q,learn_relquest,1.0,"[5, 3]",16.0,1.053,0,1.0,571,fifth
Q4825xcmdogwqhuuu5oxsrhe0Q,learn_relquest,1.0,"[0, 7]",17.0,1.397,1,0.0,572,fifth
Q4825xcmdogwqhuuu5oxsrhe0Q,learn_relquest,0.0,"[2, 3]",18.0,0.913,0,0.0,573,fifth
Q4825xcmdogwqhuuu5oxsrhe0Q,learn_relquest,0.0,"[1, 2]",19.0,1.249,0,0.0,574,fifth
Q4825xcmdogwqhuuu5oxsrhe0Q,learn_relquest,1.0,"[6, 7]",20.0,1.349,1,0.0,575,fifth
Q4825xcmdogwqhuuu5oxsrhe0Q,learn_relquest,0.0,"[5, 2]",21.0,0.665,0,0.0,576,fifth
Q4825xcmdogwqhuuu5oxsrhe0Q,learn_relquest,1.0,"[7, 6]",22.0,0.827,0,1.0,577,fifth
Q4825xcmdogwqhuuu5oxsrhe0Q,learn_relquest,1.0,"[6, 5]",23.0,0.835,0,1.0,578,fifth
Q4825xcmdogwqhuuu5oxsrhe0Q,learn_relquest,1.0,"[4, 1]",24.0,1.865,0,1.0,579,fifth
Q4825xcmdogwqhuuu5oxsrhe0Q,learn_relquest,1.0,"[5, 6]",25.0,0.853,1,0.0,580,fifth
Q4825xcmdogwqhuuu5oxsrhe0Q,learn_relquest,0.0,"[1, 0]",26.0,0.551,0,0.0,581,fifth
Q4825xcmdogwqhuuu5oxsrhe0Q,learn_relquest,0.0,"[1, 6]",27.0,1.045,0,0.0,582,fifth
Qf16u57o5bx0fj7ob3iadnhhlQ,learn_relquest,1.0,"[7, 0]",0.0,4.904,0,1.0,99,first
Qf16u57o5bx0fj7ob3iadnhhlQ,learn_relquest,1.0,"[3, 5]",1.0,1.748,1,0.0,100,first
Qf16u57o5bx0fj7ob3iadnhhlQ,learn_relquest,1.0,"[0, 7]",2.0,1.518,0,1.0,101,first
Qf16u57o5bx0fj7ob3iadnhhlQ,learn_relquest,0.0,"[2, 7]",3.0,1.041,0,0.0,102,first
Qf16u57o5bx0fj7ob3iadnhhlQ,learn_relquest,0.0,"[3, 0]",4.0,1.028,0,0.0,103,first
Qf16u57o5bx0fj7ob3iadnhhlQ,learn_relquest,0.0,"[1, 5]",5.0,1.771,1,1.0,104,first
Qf16u57o5bx0fj7ob3iadnhhlQ,learn_relquest,0.0,"[1, 3]",6.0,1.903,0,0.0,105,first
Qf16u57o5bx0fj7ob3iadnhhlQ,learn_relquest,1.0,"[2, 6]",7.0,1.054,0,1.0,106,first
Qf16u57o5bx0fj7ob3iadnhhlQ,learn_relquest,1.0,"[5, 3]",8.0,1.327,0,1.0,107,first
Qf16u57o5bx0fj7ob3iadnhhlQ,learn_relquest,0.0,"[0, 4]",9.0,1.07,1,1.0,108,first
Qf16u57o5bx0fj7ob3iadnhhlQ,learn_relquest,0.0,"[3, 2]",10.0,1.834,1,1.0,109,first
Qf16u57o5bx0fj7ob3iadnhhlQ,learn_relquest,1.0,"[6, 5]",11.0,1.977,0,1.0,110,first
Qf16u57o5bx0fj7ob3iadnhhlQ,learn_relquest,0.0,"[5, 2]",12.0,1.054,0,0.0,111,first
Qf16u57o5bx0fj7ob3iadnhhlQ,learn_relquest,0.0,"[5, 0]",13.0,0.989,1,1.0,112,first
Qf16u57o5bx0fj7ob3iadnhhlQ,learn_relquest,1.0,"[1, 4]",14.0,1.685,0,1.0,113,first
Qf16u57o5bx0fj7ob3iadnhhlQ,learn_relquest,0.0,"[3, 4]",15.0,2.948,0,0.0,114,first
Qf16u57o5bx0fj7ob3iadnhhlQ,learn_relquest,0.0,"[5, 7]",16.0,1.297,0,0.0,115,first
Qf16u57o5bx0fj7ob3iadnhhlQ,learn_relquest,1.0,"[6, 7]",17.0,1.465,0,1.0,116,first
Qf16u57o5bx0fj7ob3iadnhhlQ,learn_relquest,0.0,"[6, 1]",18.0,2.045,1,1.0,117,first
Qf16u57o5bx0fj7ob3iadnhhlQ,learn_relquest,1.0,"[1, 7]",19.0,2.132,1,0.0,118,first
Qf16u57o5bx0fj7ob3iadnhhlQ,learn_relquest,1.0,"[4, 1]",20.0,1.742,0,1.0,119,first
Qf16u57o5bx0fj7ob3iadnhhlQ,learn_relquest,1.0,"[7, 1]",21.0,1.002,0,1.0,120,first
Qf16u57o5bx0fj7ob3iadnhhlQ,learn_relquest,1.0,"[6, 2]",22.0,1.038,0,1.0,121,first
Qf16u57o5bx0fj7ob3iadnhhlQ,learn_relquest,1.0,"[5, 6]",23.0,0.919,0,1.0,122,first
Qf16u57o5bx0fj7ob3iadnhhlQ,learn_relquest,1.0,"[7, 6]",24.0,0.715,0,1.0,123,first
Qf16u57o5bx0fj7ob3iadnhhlQ,learn_relquest,0.0,"[2, 1]",25.0,2.445,1,1.0,124,first
Qf16u57o5bx0fj7ob3iadnhhlQ,learn_relquest,0.0,"[7, 3]",26.0,1.455,0,0.0,125,first
Qf16u57o5bx0fj7ob3iadnhhlQ,learn_relquest,0.0,"[1, 6]",27.0,0.813,0,0.0,126,first
Qf16u57o5bx0fj7ob3iadnhhlQ,learn_relquest,0.0,"[7, 3]",0.0,1.255,0,0.0,213,second
Qf16u57o5bx0fj7ob3iadnhhlQ,learn_relquest,1.0,"[5, 3]",1.0,0.67,0,1.0,214,second
Qf16u57o5bx0fj7ob3iadnhhlQ,learn_relquest,0.0,"[5, 4]",2.0,0.37,0,0.0,215,second
Qf16u57o5bx0fj7ob3iadnhhlQ,learn_relquest,0.0,"[2, 7]",3.0,0.164,0,0.0,216,second
Qf16u57o5bx0fj7ob3iadnhhlQ,learn_relquest,1.0,"[6, 2]",4.0,0.158,0,1.0,217,second
Qf16u57o5bx0fj7ob3iadnhhlQ,learn_relquest,1.0,"[7, 1]",5.0,0.157,0,1.0,218,second
Qf16u57o5bx0fj7ob3iadnhhlQ,learn_relquest,0.0,"[6, 4]",6.0,0.134,0,0.0,219,second
Qf16u57o5bx0fj7ob3iadnhhlQ,learn_relquest,1.0,"[0, 7]",7.0,0.162,0,1.0,220,second
Qf16u57o5bx0fj7ob3iadnhhlQ,learn_relquest,0.0,"[1, 6]",8.0,0.065,0,0.0,221,second
Qf16u57o5bx0fj7ob3iadnhhlQ,learn_relquest,0.0,"[4, 5]",9.0,0.181,0,0.0,222,second
Qf16u57o5bx0fj7ob3iadnhhlQ,learn_relquest,0.0,"[0, 2]",10.0,0.13,0,0.0,223,second
Qf16u57o5bx0fj7ob3iadnhhlQ,learn_relquest,0.0,"[4, 0]",11.0,0.226,0,0.0,224,second
Qf16u57o5bx0fj7ob3iadnhhlQ,learn_relquest,1.0,"[2, 6]",12.0,0.184,0,1.0,225,second
Qf16u57o5bx0fj7ob3iadnhhlQ,learn_relquest,0.0,"[3, 4]",13.0,0.141,0,0.0,226,second
Qf16u57o5bx0fj7ob3iadnhhlQ,learn_relquest,1.0,"[3, 5]",14.0,0.176,0,1.0,227,second
Qf16u57o5bx0fj7ob3iadnhhlQ,learn_relquest,1.0,"[6, 5]",15.0,0.169,0,1.0,228,second
Qf16u57o5bx0fj7ob3iadnhhlQ,learn_relquest,1.0,"[1, 7]",16.0,0.171,0,1.0,229,second
Qf16u57o5bx0fj7ob3iadnhhlQ,learn_relquest,0.0,"[2, 5]",17.0,0.153,0,0.0,230,second
Qf16u57o5bx0fj7ob3iadnhhlQ,learn_relquest,1.0,"[5, 6]",18.0,0.177,0,1.0,231,second
Qf16u57o5bx0fj7ob3iadnhhlQ,learn_relquest,1.0,"[1, 4]",19.0,0.151,0,1.0,232,second
Qf16u57o5bx0fj7ob3iadnhhlQ,learn_relquest,0.0,"[1, 5]",20.0,0.164,0,0.0,233,second
Qf16u57o5bx0fj7ob3iadnhhlQ,learn_relquest,1.0,"[7, 0]",21.0,0.132,0,1.0,234,second
Qf16u57o5bx0fj7ob3iadnhhlQ,learn_relquest,1.0,"[4, 1]",22.0,0.124,0,1.0,235,second
Qf16u57o5bx0fj7ob3iadnhhlQ,learn_relquest,0.0,"[3, 7]",23.0,0.155,0,0.0,236,second
Qf16u57o5bx0fj7ob3iadnhhlQ,learn_relquest,1.0,"[6, 7]",24.0,0.142,0,1.0,237,second
Qf16u57o5bx0fj7ob3iadnhhlQ,learn_relquest,1.0,"[7, 6]",25.0,0.142,0,1.0,238,second
Qf16u57o5bx0fj7ob3iadnhhlQ,learn_relquest,0.0,"[0, 4]",26.0,0.18,0,0.0,239,second
Qf16u57o5bx0fj7ob3iadnhhlQ,learn_relquest,0.0,"[3, 0]",27.0,0.126,0,0.0,240,second
Qf16u57o5bx0fj7ob3iadnhhlQ,learn_relquest,1.0,"[3, 5]",0.0,1.6,0,1.0,327,third
Qf16u57o5bx0fj7ob3iadnhhlQ,learn_relquest,1.0,"[4, 1]",1.0,1.038,0,1.0,328,third
Qf16u57o5bx0fj7ob3iadnhhlQ,learn_relquest,1.0,"[2, 6]",2.0,1.434,0,1.0,329,third
Qf16u57o5bx0fj7ob3iadnhhlQ,learn_relquest,1.0,"[1, 4]",3.0,2.032,1,0.0,330,third
Qf16u57o5bx0fj7ob3iadnhhlQ,learn_relquest,0.0,"[0, 4]",4.0,0.914,0,0.0,331,third
Qf16u57o5bx0fj7ob3iadnhhlQ,learn_relquest,1.0,"[5, 3]",5.0,0.603,0,1.0,332,third
Qf16u57o5bx0fj7ob3iadnhhlQ,learn_relquest,1.0,"[1, 7]",6.0,0.546,0,1.0,333,third
Qf16u57o5bx0fj7ob3iadnhhlQ,learn_relquest,0.0,"[1, 0]",7.0,0.222,0,0.0,334,third
Qf16u57o5bx0fj7ob3iadnhhlQ,learn_relquest,1.0,"[6, 5]",8.0,0.37,0,1.0,335,third
Qf16u57o5bx0fj7ob3iadnhhlQ,learn_relquest,0.0,"[7, 4]",9.0,0.381,0,0.0,336,third
Qf16u57o5bx0fj7ob3iadnhhlQ,learn_relquest,0.0,"[1, 2]",10.0,0.212,0,0.0,337,third
Qf16u57o5bx0fj7ob3iadnhhlQ,learn_relquest,0.0,"[2, 1]",11.0,0.917,1,1.0,338,third
Qf16u57o5bx0fj7ob3iadnhhlQ,learn_relquest,0.0,"[1, 6]",12.0,0.211,1,1.0,339,third
Qf16u57o5bx0fj7ob3iadnhhlQ,learn_relquest,0.0,"[4, 7]",13.0,1.306,0,0.0,340,third
Qf16u57o5bx0fj7ob3iadnhhlQ,learn_relquest,0.0,"[2, 4]",14.0,0.906,1,1.0,341,third
Qf16u57o5bx0fj7ob3iadnhhlQ,learn_relquest,1.0,"[7, 1]",15.0,0.518,1,0.0,342,third
Qf16u57o5bx0fj7ob3iadnhhlQ,learn_relquest,0.0,"[5, 4]",16.0,1.816,0,0.0,343,third
Qf16u57o5bx0fj7ob3iadnhhlQ,learn_relquest,0.0,"[4, 6]",17.0,0.396,0,0.0,344,third
Qf16u57o5bx0fj7ob3iadnhhlQ,learn_relquest,1.0,"[0, 7]",18.0,0.366,0,1.0,345,third
Qf16u57o5bx0fj7ob3iadnhhlQ,learn_relquest,0.0,"[1, 3]",19.0,0.319,0,0.0,346,third
Qf16u57o5bx0fj7ob3iadnhhlQ,learn_relquest,1.0,"[7, 6]",20.0,0.373,0,1.0,347,third
Qf16u57o5bx0fj7ob3iadnhhlQ,learn_relquest,0.0,"[3, 1]",21.0,0.203,0,0.0,348,third
Qf16u57o5bx0fj7ob3iadnhhlQ,learn_relquest,0.0,"[3, 4]",22.0,1.003,1,1.0,349,third
Qf16u57o5bx0fj7ob3iadnhhlQ,learn_relquest,1.0,"[6, 7]",23.0,1.165,0,1.0,350,third
Qf16u57o5bx0fj7ob3iadnhhlQ,learn_relquest,1.0,"[6, 2]",24.0,0.7,0,1.0,351,third
Qf16u57o5bx0fj7ob3iadnhhlQ,learn_relquest,1.0,"[7, 0]",25.0,1.105,0,1.0,352,third
Qf16u57o5bx0fj7ob3iadnhhlQ,learn_relquest,0.0,"[5, 0]",26.0,0.89,0,0.0,353,third
Qf16u57o5bx0fj7ob3iadnhhlQ,learn_relquest,1.0,"[5, 6]",27.0,2.734,0,1.0,354,third
Qf16u57o5bx0fj7ob3iadnhhlQ,learn_relquest,0.0,"[4, 2]",0.0,2.626,1,1.0,441,fourth
Qf16u57o5bx0fj7ob3iadnhhlQ,learn_relquest,1.0,"[0, 7]",1.0,0.835,0,1.0,442,fourth
Qf16u57o5bx0fj7ob3iadnhhlQ,learn_relquest,1.0,"[1, 7]",2.0,0.967,0,1.0,443,fourth
Qf16u57o5bx0fj7ob3iadnhhlQ,learn_relquest,1.0,"[6, 7]",3.0,1.252,0,1.0,444,fourth
Qf16u57o5bx0fj7ob3iadnhhlQ,learn_relquest,0.0,"[3, 7]",4.0,1.245,0,0.0,445,fourth
Qf16u57o5bx0fj7ob3iadnhhlQ,learn_relquest,1.0,"[5, 3]",5.0,1.006,0,1.0,446,fourth
Qf16u57o5bx0fj7ob3iadnhhlQ,learn_relquest,0.0,"[1, 6]",6.0,2.533,1,1.0,447,fourth
Qf16u57o5bx0fj7ob3iadnhhlQ,learn_relquest,0.0,"[2, 0]",7.0,1.638,1,1.0,448,fourth
Qf16u57o5bx0fj7ob3iadnhhlQ,learn_relquest,0.0,"[3, 4]",8.0,1.112,0,0.0,449,fourth
Qf16u57o5bx0fj7ob3iadnhhlQ,learn_relquest,0.0,"[5, 7]",9.0,0.735,0,0.0,450,fourth
Qf16u57o5bx0fj7ob3iadnhhlQ,learn_relquest,1.0,"[4, 1]",10.0,0.479,0,1.0,451,fourth
Qf16u57o5bx0fj7ob3iadnhhlQ,learn_relquest,1.0,"[6, 5]",11.0,0.455,0,1.0,452,fourth
Qf16u57o5bx0fj7ob3iadnhhlQ,learn_relquest,0.0,"[7, 5]",12.0,0.155,0,0.0,453,fourth
Qf16u57o5bx0fj7ob3iadnhhlQ,learn_relquest,0.0,"[2, 1]",13.0,0.154,0,0.0,454,fourth
Qf16u57o5bx0fj7ob3iadnhhlQ,learn_relquest,1.0,"[7, 6]",14.0,0.455,0,1.0,455,fourth
Qf16u57o5bx0fj7ob3iadnhhlQ,learn_relquest,1.0,"[2, 6]",15.0,0.327,0,1.0,456,fourth
Qf16u57o5bx0fj7ob3iadnhhlQ,learn_relquest,0.0,"[1, 5]",16.0,0.171,0,0.0,457,fourth
Qf16u57o5bx0fj7ob3iadnhhlQ,learn_relquest,0.0,"[0, 2]",17.0,0.165,0,0.0,458,fourth
Qf16u57o5bx0fj7ob3iadnhhlQ,learn_relquest,1.0,"[6, 2]",18.0,0.144,0,1.0,459,fourth
Qf16u57o5bx0fj7ob3iadnhhlQ,learn_relquest,0.0,"[2, 4]",19.0,0.157,0,0.0,460,fourth
Qf16u57o5bx0fj7ob3iadnhhlQ,learn_relquest,1.0,"[1, 4]",20.0,0.154,0,1.0,461,fourth
Qf16u57o5bx0fj7ob3iadnhhlQ,learn_relquest,0.0,"[0, 3]",21.0,0.214,0,0.0,462,fourth
Qf16u57o5bx0fj7ob3iadnhhlQ,learn_relquest,0.0,"[2, 5]",22.0,1.556,0,0.0,463,fourth
Qf16u57o5bx0fj7ob3iadnhhlQ,learn_relquest,1.0,"[5, 6]",23.0,1.178,0,1.0,464,fourth
Qf16u57o5bx0fj7ob3iadnhhlQ,learn_relquest,1.0,"[7, 1]",24.0,0.745,0,1.0,465,fourth
Qf16u57o5bx0fj7ob3iadnhhlQ,learn_relquest,1.0,"[7, 0]",25.0,0.403,0,1.0,466,fourth
Qf16u57o5bx0fj7ob3iadnhhlQ,learn_relquest,0.0,"[1, 2]",26.0,1.165,0,0.0,467,fourth
Qf16u57o5bx0fj7ob3iadnhhlQ,learn_relquest,1.0,"[3, 5]",27.0,1.147,1,0.0,468,fourth
Qf16u57o5bx0fj7ob3iadnhhlQ,learn_relquest,0.0,"[6, 0]",0.0,1.582,0,0.0,555,fifth
Qf16u57o5bx0fj7ob3iadnhhlQ,learn_relquest,0.0,"[4, 3]",1.0,0.67,0,0.0,556,fifth
Qf16u57o5bx0fj7ob3iadnhhlQ,learn_relquest,1.0,"[5, 3]",2.0,1.033,0,1.0,557,fifth
Qf16u57o5bx0fj7ob3iadnhhlQ,learn_relquest,0.0,"[1, 0]",3.0,0.783,0,0.0,558,fifth
Qf16u57o5bx0fj7ob3iadnhhlQ,learn_relquest,1.0,"[4, 1]",4.0,0.199,0,1.0,559,fifth
Qf16u57o5bx0fj7ob3iadnhhlQ,learn_relquest,1.0,"[1, 4]",5.0,0.784,0,1.0,560,fifth
Qf16u57o5bx0fj7ob3iadnhhlQ,learn_relquest,1.0,"[7, 0]",6.0,0.205,0,1.0,561,fifth
Qf16u57o5bx0fj7ob3iadnhhlQ,learn_relquest,1.0,"[5, 6]",7.0,0.405,0,1.0,562,fifth
Qf16u57o5bx0fj7ob3iadnhhlQ,learn_relquest,0.0,"[2, 0]",8.0,0.942,1,1.0,563,fifth
Qf16u57o5bx0fj7ob3iadnhhlQ,learn_relquest,1.0,"[1, 7]",9.0,0.705,0,1.0,564,fifth
Qf16u57o5bx0fj7ob3iadnhhlQ,learn_relquest,0.0,"[4, 5]",10.0,1.586,1,1.0,565,fifth
Qf16u57o5bx0fj7ob3iadnhhlQ,learn_relquest,0.0,"[7, 4]",11.0,1.283,1,1.0,566,fifth
Qf16u57o5bx0fj7ob3iadnhhlQ,learn_relquest,1.0,"[7, 1]",12.0,0.209,1,0.0,567,fifth
Qf16u57o5bx0fj7ob3iadnhhlQ,learn_relquest,0.0,"[5, 1]",13.0,1.663,0,0.0,568,fifth
Qf16u57o5bx0fj7ob3iadnhhlQ,learn_relquest,0.0,"[0, 4]",14.0,2.091,1,1.0,569,fifth
Qf16u57o5bx0fj7ob3iadnhhlQ,learn_relquest,0.0,"[4, 0]",15.0,2.185,0,0.0,570,fifth
Qf16u57o5bx0fj7ob3iadnhhlQ,learn_relquest,1.0,"[6, 7]",16.0,0.963,0,1.0,571,fifth
Qf16u57o5bx0fj7ob3iadnhhlQ,learn_relquest,1.0,"[2, 6]",17.0,0.47,0,1.0,572,fifth
Qf16u57o5bx0fj7ob3iadnhhlQ,learn_relquest,1.0,"[3, 5]",18.0,1.408,0,1.0,573,fifth
Qf16u57o5bx0fj7ob3iadnhhlQ,learn_relquest,1.0,"[7, 6]",19.0,0.69,0,1.0,574,fifth
Qf16u57o5bx0fj7ob3iadnhhlQ,learn_relquest,0.0,"[0, 3]",20.0,0.773,0,0.0,575,fifth
Qf16u57o5bx0fj7ob3iadnhhlQ,learn_relquest,0.0,"[0, 6]",21.0,0.583,0,0.0,576,fifth
Qf16u57o5bx0fj7ob3iadnhhlQ,learn_relquest,0.0,"[6, 3]",22.0,0.474,0,0.0,577,fifth
Qf16u57o5bx0fj7ob3iadnhhlQ,learn_relquest,0.0,"[2, 4]",23.0,0.62,0,0.0,578,fifth
Qf16u57o5bx0fj7ob3iadnhhlQ,learn_relquest,0.0,"[0, 2]",24.0,0.638,0,0.0,579,fifth
Qf16u57o5bx0fj7ob3iadnhhlQ,learn_relquest,1.0,"[6, 2]",25.0,0.513,0,1.0,580,fifth
Qf16u57o5bx0fj7ob3iadnhhlQ,learn_relquest,1.0,"[0, 7]",26.0,0.452,0,1.0,581,fifth
Qf16u57o5bx0fj7ob3iadnhhlQ,learn_relquest,1.0,"[6, 5]",27.0,0.484,0,1.0,582,fifth
Qf16u57o5bx0fj7ob3iadnhhlQ,learn_relquest,1.0,"[7, 0]",0.0,4.317,1,0.0,99,first
Qf16u57o5bx0fj7ob3iadnhhlQ,learn_relquest,0.0,"[0, 4]",1.0,0.662,0,0.0,100,first
Qf16u57o5bx0fj7ob3iadnhhlQ,learn_relquest,1.0,"[2, 6]",2.0,0.393,0,1.0,101,first
Qf16u57o5bx0fj7ob3iadnhhlQ,learn_relquest,0.0,"[7, 3]",3.0,0.57,1,1.0,102,first
Qf16u57o5bx0fj7ob3iadnhhlQ,learn_relquest,0.0,"[3, 6]",4.0,0.516,1,1.0,103,first
Qf16u57o5bx0fj7ob3iadnhhlQ,learn_relquest,0.0,"[5, 4]",5.0,0.684,0,0.0,104,first
Qf16u57o5bx0fj7ob3iadnhhlQ,learn_relquest,1.0,"[7, 6]",6.0,0.448,0,1.0,105,first
Qf16u57o5bx0fj7ob3iadnhhlQ,learn_relquest,1.0,"[4, 1]",7.0,0.999,1,0.0,106,first
Qf16u57o5bx0fj7ob3iadnhhlQ,learn_relquest,0.0,"[1, 2]",8.0,1.056,0,0.0,107,first
Qf16u57o5bx0fj7ob3iadnhhlQ,learn_relquest,1.0,"[1, 7]",9.0,0.943,1,0.0,108,first
Qf16u57o5bx0fj7ob3iadnhhlQ,learn_relquest,0.0,"[5, 1]",10.0,0.617,0,0.0,109,first
Qf16u57o5bx0fj7ob3iadnhhlQ,learn_relquest,1.0,"[0, 7]",11.0,0.966,1,0.0,110,first
Qf16u57o5bx0fj7ob3iadnhhlQ,learn_relquest,1.0,"[6, 7]",12.0,0.381,1,0.0,111,first
Qf16u57o5bx0fj7ob3iadnhhlQ,learn_relquest,0.0,"[1, 3]",13.0,1.033,0,0.0,112,first
Qf16u57o5bx0fj7ob3iadnhhlQ,learn_relquest,0.0,"[0, 1]",14.0,0.448,0,0.0,113,first
Qf16u57o5bx0fj7ob3iadnhhlQ,learn_relquest,0.0,"[4, 6]",15.0,0.561,1,1.0,114,first
Qf16u57o5bx0fj7ob3iadnhhlQ,learn_relquest,0.0,"[0, 5]",16.0,0.944,0,0.0,115,first
Qf16u57o5bx0fj7ob3iadnhhlQ,learn_relquest,0.0,"[3, 4]",17.0,1.438,0,0.0,116,first
Qf16u57o5bx0fj7ob3iadnhhlQ,learn_relquest,1.0,"[7, 1]",18.0,1.235,1,0.0,117,first
Qf16u57o5bx0fj7ob3iadnhhlQ,learn_relquest,0.0,"[0, 3]",19.0,1.011,1,1.0,118,first
Qf16u57o5bx0fj7ob3iadnhhlQ,learn_relquest,1.0,"[6, 2]",20.0,0.673,0,1.0,119,first
Qf16u57o5bx0fj7ob3iadnhhlQ,learn_relquest,1.0,"[5, 6]",21.0,2.461,1,0.0,120,first
Qf16u57o5bx0fj7ob3iadnhhlQ,learn_relquest,1.0,"[1, 4]",22.0,1.337,1,0.0,121,first
Qf16u57o5bx0fj7ob3iadnhhlQ,learn_relquest,0.0,"[6, 4]",23.0,3.105,1,1.0,122,first
Qf16u57o5bx0fj7ob3iadnhhlQ,learn_relquest,1.0,"[3, 5]",24.0,1.461,1,0.0,123,first
Qf16u57o5bx0fj7ob3iadnhhlQ,learn_relquest,0.0,"[3, 0]",25.0,1.639,1,1.0,124,first
Qf16u57o5bx0fj7ob3iadnhhlQ,learn_relquest,1.0,"[6, 5]",26.0,1.552,1,0.0,125,first
Qf16u57o5bx0fj7ob3iadnhhlQ,learn_relquest,1.0,"[5, 3]",27.0,0.91,1,0.0,126,first
Qf16u57o5bx0fj7ob3iadnhhlQ,learn_relquest,1.0,"[7, 6]",0.0,5.298,0,1.0,213,second
Qf16u57o5bx0fj7ob3iadnhhlQ,learn_relquest,1.0,"[3, 5]",1.0,3.57,1,0.0,214,second
Qf16u57o5bx0fj7ob3iadnhhlQ,learn_relquest,1.0,"[5, 6]",2.0,1.736,0,1.0,215,second
Qf16u57o5bx0fj7ob3iadnhhlQ,learn_relquest,1.0,"[1, 4]",3.0,1.95,1,0.0,216,second
Qf16u57o5bx0fj7ob3iadnhhlQ,learn_relquest,0.0,"[6, 3]",4.0,2.229,0,0.0,217,second
Qf16u57o5bx0fj7ob3iadnhhlQ,learn_relquest,1.0,"[6, 7]",5.0,0.889,0,1.0,218,second
Qf16u57o5bx0fj7ob3iadnhhlQ,learn_relquest,0.0,"[5, 7]",6.0,0.918,0,0.0,219,second
Qf16u57o5bx0fj7ob3iadnhhlQ,learn_relquest,1.0,"[6, 5]",7.0,0.902,0,1.0,220,second
Qf16u57o5bx0fj7ob3iadnhhlQ,learn_relquest,0.0,"[3, 7]",8.0,2.425,0,0.0,221,second
Qf16u57o5bx0fj7ob3iadnhhlQ,learn_relquest,0.0,"[4, 7]",9.0,1.452,1,1.0,222,second
Qf16u57o5bx0fj7ob3iadnhhlQ,learn_relquest,1.0,"[7, 0]",10.0,1.101,0,1.0,223,second
Qf16u57o5bx0fj7ob3iadnhhlQ,learn_relquest,1.0,"[2, 6]",11.0,2.86,1,0.0,224,second
Qf16u57o5bx0fj7ob3iadnhhlQ,learn_relquest,1.0,"[7, 1]",12.0,1.579,0,1.0,225,second
Qf16u57o5bx0fj7ob3iadnhhlQ,learn_relquest,0.0,"[5, 2]",13.0,1.593,0,0.0,226,second
Qf16u57o5bx0fj7ob3iadnhhlQ,learn_relquest,0.0,"[0, 1]",14.0,1.199,0,0.0,227,second
Qf16u57o5bx0fj7ob3iadnhhlQ,learn_relquest,0.0,"[2, 3]",15.0,1.774,0,0.0,228,second
Qf16u57o5bx0fj7ob3iadnhhlQ,learn_relquest,1.0,"[0, 7]",16.0,1.208,0,1.0,229,second
Qf16u57o5bx0fj7ob3iadnhhlQ,learn_relquest,0.0,"[4, 2]",17.0,1.711,1,1.0,230,second
Qf16u57o5bx0fj7ob3iadnhhlQ,learn_relquest,0.0,"[3, 0]",18.0,2.277,1,1.0,231,second
Qf16u57o5bx0fj7ob3iadnhhlQ,learn_relquest,1.0,"[1, 7]",19.0,1.894,1,0.0,232,second
Qf16u57o5bx0fj7ob3iadnhhlQ,learn_relquest,0.0,"[5, 0]",20.0,1.213,0,0.0,233,second
Qf16u57o5bx0fj7ob3iadnhhlQ,learn_relquest,1.0,"[5, 3]",21.0,3.055,1,0.0,234,second
Qf16u57o5bx0fj7ob3iadnhhlQ,learn_relquest,0.0,"[0, 3]",22.0,1.327,0,0.0,235,second
Qf16u57o5bx0fj7ob3iadnhhlQ,learn_relquest,0.0,"[2, 0]",23.0,1.838,1,1.0,236,second
Qf16u57o5bx0fj7ob3iadnhhlQ,learn_relquest,1.0,"[6, 2]",24.0,12.917,0,1.0,237,second
Qf16u57o5bx0fj7ob3iadnhhlQ,learn_relquest,0.0,"[1, 0]",25.0,2.108,0,0.0,238,second
Qf16u57o5bx0fj7ob3iadnhhlQ,learn_relquest,0.0,"[7, 5]",26.0,0.888,0,0.0,239,second
Qf16u57o5bx0fj7ob3iadnhhlQ,learn_relquest,1.0,"[4, 1]",27.0,1.185,1,0.0,240,second
Qf16u57o5bx0fj7ob3iadnhhlQ,learn_relquest,0.0,"[7, 5]",0.0,1.652,0,0.0,327,third
Qf16u57o5bx0fj7ob3iadnhhlQ,learn_relquest,1.0,"[1, 7]",1.0,1.37,0,1.0,328,third
Qf16u57o5bx0fj7ob3iadnhhlQ,learn_relquest,1.0,"[1, 4]",2.0,1.281,0,1.0,329,third
Qf16u57o5bx0fj7ob3iadnhhlQ,learn_relquest,0.0,"[2, 4]",3.0,0.954,0,0.0,330,third
Qf16u57o5bx0fj7ob3iadnhhlQ,learn_relquest,1.0,"[3, 5]",4.0,1.348,0,1.0,331,third
Qf16u57o5bx0fj7ob3iadnhhlQ,learn_relquest,1.0,"[6, 7]",5.0,0.818,1,0.0,332,third
Qf16u57o5bx0fj7ob3iadnhhlQ,learn_relquest,1.0,"[2, 6]",6.0,0.74,0,1.0,333,third
Qf16u57o5bx0fj7ob3iadnhhlQ,learn_relquest,1.0,"[5, 3]",7.0,0.641,1,0.0,334,third
Qf16u57o5bx0fj7ob3iadnhhlQ,learn_relquest,0.0,"[2, 1]",8.0,0.842,0,0.0,335,third
Qf16u57o5bx0fj7ob3iadnhhlQ,learn_relquest,0.0,"[3, 6]",9.0,0.751,1,1.0,336,third
Qf16u57o5bx0fj7ob3iadnhhlQ,learn_relquest,1.0,"[7, 0]",10.0,1.001,0,1.0,337,third
Qf16u57o5bx0fj7ob3iadnhhlQ,learn_relquest,0.0,"[0, 5]",11.0,1.819,1,1.0,338,third
Qf16u57o5bx0fj7ob3iadnhhlQ,learn_relquest,0.0,"[5, 4]",12.0,0.955,0,0.0,339,third
Qf16u57o5bx0fj7ob3iadnhhlQ,learn_relquest,0.0,"[0, 2]",13.0,0.796,0,0.0,340,third
Qf16u57o5bx0fj7ob3iadnhhlQ,learn_relquest,0.0,"[1, 3]",14.0,0.639,1,1.0,341,third
Qf16u57o5bx0fj7ob3iadnhhlQ,learn_relquest,0.0,"[2, 5]",15.0,0.852,0,0.0,342,third
Qf16u57o5bx0fj7ob3iadnhhlQ,learn_relquest,1.0,"[5, 6]",16.0,0.708,1,0.0,343,third
Qf16u57o5bx0fj7ob3iadnhhlQ,learn_relquest,0.0,"[3, 0]",17.0,0.787,0,0.0,344,third
Qf16u57o5bx0fj7ob3iadnhhlQ,learn_relquest,0.0,"[6, 1]",18.0,0.707,1,1.0,345,third
Qf16u57o5bx0fj7ob3iadnhhlQ,learn_relquest,1.0,"[0, 7]",19.0,0.796,0,1.0,346,third
Qf16u57o5bx0fj7ob3iadnhhlQ,learn_relquest,1.0,"[6, 5]",20.0,0.786,1,0.0,347,third
Qf16u57o5bx0fj7ob3iadnhhlQ,learn_relquest,1.0,"[7, 6]",21.0,0.672,0,1.0,348,third
Qf16u57o5bx0fj7ob3iadnhhlQ,learn_relquest,1.0,"[7, 1]",22.0,0.72,1,0.0,349,third
Qf16u57o5bx0fj7ob3iadnhhlQ,learn_relquest,1.0,"[6, 2]",23.0,0.75,0,1.0,350,third
Qf16u57o5bx0fj7ob3iadnhhlQ,learn_relquest,0.0,"[2, 3]",24.0,0.719,1,1.0,351,third
Qf16u57o5bx0fj7ob3iadnhhlQ,learn_relquest,0.0,"[1, 6]",25.0,0.773,0,0.0,352,third
Qf16u57o5bx0fj7ob3iadnhhlQ,learn_relquest,1.0,"[4, 1]",26.0,0.538,0,1.0,353,third
Qf16u57o5bx0fj7ob3iadnhhlQ,learn_relquest,0.0,"[7, 4]",27.0,0.595,0,0.0,354,third
Qf16u57o5bx0fj7ob3iadnhhlQ,learn_relquest,1.0,"[0, 7]",0.0,10.91,1,0.0,441,fourth
Qf16u57o5bx0fj7ob3iadnhhlQ,learn_relquest,1.0,"[4, 1]",1.0,3.957,0,1.0,442,fourth
Qf16u57o5bx0fj7ob3iadnhhlQ,learn_relquest,0.0,"[5, 4]",2.0,2.034,0,0.0,443,fourth
Qf16u57o5bx0fj7ob3iadnhhlQ,learn_relquest,0.0,"[0, 5]",3.0,4.295,1,1.0,444,fourth
Qf16u57o5bx0fj7ob3iadnhhlQ,learn_relquest,1.0,"[7, 0]",4.0,1.686,0,1.0,445,fourth
Qf16u57o5bx0fj7ob3iadnhhlQ,learn_relquest,0.0,"[0, 6]",5.0,1.764,0,0.0,446,fourth
Qf16u57o5bx0fj7ob3iadnhhlQ,learn_relquest,0.0,"[1, 6]",6.0,0.888,1,1.0,447,fourth
Qf16u57o5bx0fj7ob3iadnhhlQ,learn_relquest,0.0,"[2, 7]",7.0,2.145,1,1.0,448,fourth
Qf16u57o5bx0fj7ob3iadnhhlQ,learn_relquest,1.0,"[1, 7]",8.0,6.276,0,1.0,449,fourth
Qf16u57o5bx0fj7ob3iadnhhlQ,learn_relquest,0.0,"[5, 7]",9.0,0.697,1,1.0,450,fourth
Qf16u57o5bx0fj7ob3iadnhhlQ,learn_relquest,1.0,"[5, 3]",10.0,0.83,0,1.0,451,fourth
Qf16u57o5bx0fj7ob3iadnhhlQ,learn_relquest,1.0,"[7, 1]",11.0,2.833,0,1.0,452,fourth
Qf16u57o5bx0fj7ob3iadnhhlQ,learn_relquest,0.0,"[1, 3]",12.0,1.505,1,1.0,453,fourth
Qf16u57o5bx0fj7ob3iadnhhlQ,learn_relquest,1.0,"[7, 6]",13.0,1.112,0,1.0,454,fourth
Qf16u57o5bx0fj7ob3iadnhhlQ,learn_relquest,0.0,"[0, 1]",14.0,10.798,0,0.0,455,fourth
Qf16u57o5bx0fj7ob3iadnhhlQ,learn_relquest,1.0,"[5, 6]",15.0,6.219,0,1.0,456,fourth
Qf16u57o5bx0fj7ob3iadnhhlQ,learn_relquest,1.0,"[2, 6]",16.0,0.639,1,0.0,457,fourth
Qf16u57o5bx0fj7ob3iadnhhlQ,learn_relquest,0.0,"[2, 3]",17.0,1.291,0,0.0,458,fourth
Qf16u57o5bx0fj7ob3iadnhhlQ,learn_relquest,0.0,"[2, 4]",18.0,0.876,1,1.0,459,fourth
Qf16u57o5bx0fj7ob3iadnhhlQ,learn_relquest,1.0,"[6, 7]",19.0,0.606,0,1.0,460,fourth
Qf16u57o5bx0fj7ob3iadnhhlQ,learn_relquest,0.0,"[3, 0]",20.0,0.944,0,0.0,461,fourth
Qf16u57o5bx0fj7ob3iadnhhlQ,learn_relquest,1.0,"[3, 5]",21.0,0.988,0,1.0,462,fourth
Qf16u57o5bx0fj7ob3iadnhhlQ,learn_relquest,0.0,"[4, 6]",22.0,1.473,0,0.0,463,fourth
Qf16u57o5bx0fj7ob3iadnhhlQ,learn_relquest,1.0,"[1, 4]",23.0,0.697,1,0.0,464,fourth
Qf16u57o5bx0fj7ob3iadnhhlQ,learn_relquest,0.0,"[5, 1]",24.0,0.74,0,0.0,465,fourth
Qf16u57o5bx0fj7ob3iadnhhlQ,learn_relquest,1.0,"[6, 2]",25.0,0.595,0,1.0,466,fourth
Qf16u57o5bx0fj7ob3iadnhhlQ,learn_relquest,0.0,"[4, 2]",26.0,0.763,1,1.0,467,fourth
Qf16u57o5bx0fj7ob3iadnhhlQ,learn_relquest,1.0,"[6, 5]",27.0,1.427,0,1.0,468,fourth
Qf16u57o5bx0fj7ob3iadnhhlQ,learn_relquest,0.0,"[1, 5]",0.0,3.575,0,0.0,555,fifth
Qf16u57o5bx0fj7ob3iadnhhlQ,learn_relquest,1.0,"[0, 7]",1.0,2.247,0,1.0,556,fifth
Qf16u57o5bx0fj7ob3iadnhhlQ,learn_relquest,0.0,"[2, 0]",2.0,1.066,0,0.0,557,fifth
Qf16u57o5bx0fj7ob3iadnhhlQ,learn_relquest,0.0,"[2, 5]",3.0,1.067,0,0.0,558,fifth
Qf16u57o5bx0fj7ob3iadnhhlQ,learn_relquest,0.0,"[6, 4]",4.0,0.054,0,0.0,559,fifth
Qf16u57o5bx0fj7ob3iadnhhlQ,learn_relquest,1.0,"[7, 0]",5.0,1.202,1,0.0,560,fifth
Qf16u57o5bx0fj7ob3iadnhhlQ,learn_relquest,1.0,"[6, 2]",6.0,3.44,0,1.0,561,fifth
Qf16u57o5bx0fj7ob3iadnhhlQ,learn_relquest,1.0,"[3, 5]",7.0,1.359,0,1.0,562,fifth
Qf16u57o5bx0fj7ob3iadnhhlQ,learn_relquest,0.0,"[1, 2]",8.0,2.338,0,0.0,563,fifth
Qf16u57o5bx0fj7ob3iadnhhlQ,learn_relquest,0.0,"[6, 1]",9.0,1.248,1,1.0,564,fifth
Qf16u57o5bx0fj7ob3iadnhhlQ,learn_relquest,0.0,"[3, 6]",10.0,1.639,0,0.0,565,fifth
Qf16u57o5bx0fj7ob3iadnhhlQ,learn_relquest,0.0,"[2, 1]",11.0,0.966,0,0.0,566,fifth
Qf16u57o5bx0fj7ob3iadnhhlQ,learn_relquest,1.0,"[1, 4]",12.0,1.192,0,1.0,567,fifth
Qf16u57o5bx0fj7ob3iadnhhlQ,learn_relquest,0.0,"[7, 3]",13.0,1.09,0,0.0,568,fifth
Qf16u57o5bx0fj7ob3iadnhhlQ,learn_relquest,0.0,"[4, 7]",14.0,1.19,1,1.0,569,fifth
Qf16u57o5bx0fj7ob3iadnhhlQ,learn_relquest,0.0,"[4, 5]",15.0,1.145,0,0.0,570,fifth
Qf16u57o5bx0fj7ob3iadnhhlQ,learn_relquest,0.0,"[4, 3]",16.0,1.82,0,0.0,571,fifth
Qf16u57o5bx0fj7ob3iadnhhlQ,learn_relquest,1.0,"[2, 6]",17.0,1.303,1,0.0,572,fifth
Qf16u57o5bx0fj7ob3iadnhhlQ,learn_relquest,1.0,"[1, 7]",18.0,1.078,0,1.0,573,fifth
Qf16u57o5bx0fj7ob3iadnhhlQ,learn_relquest,1.0,"[6, 5]",19.0,0.877,0,1.0,574,fifth
Qf16u57o5bx0fj7ob3iadnhhlQ,learn_relquest,1.0,"[5, 6]",20.0,1.022,0,1.0,575,fifth
Qf16u57o5bx0fj7ob3iadnhhlQ,learn_relquest,1.0,"[4, 1]",21.0,1.067,1,0.0,576,fifth
Qf16u57o5bx0fj7ob3iadnhhlQ,learn_relquest,0.0,"[3, 0]",22.0,0.855,0,0.0,577,fifth
Qf16u57o5bx0fj7ob3iadnhhlQ,learn_relquest,0.0,"[1, 0]",23.0,0.526,0,0.0,578,fifth
Qf16u57o5bx0fj7ob3iadnhhlQ,learn_relquest,1.0,"[6, 7]",24.0,0.977,0,1.0,579,fifth
Qf16u57o5bx0fj7ob3iadnhhlQ,learn_relquest,1.0,"[7, 1]",25.0,2.687,1,0.0,580,fifth
Qf16u57o5bx0fj7ob3iadnhhlQ,learn_relquest,1.0,"[7, 6]",26.0,0.897,0,1.0,581,fifth
Qf16u57o5bx0fj7ob3iadnhhlQ,learn_relquest,1.0,"[5, 3]",27.0,0.965,0,1.0,582,fifth
Qqbd4h2ipvi4e1dhj1o4fzj7nQ,learn_relquest,1.0,"[5, 6]",0.0,2.981,0,1.0,99,first
Qqbd4h2ipvi4e1dhj1o4fzj7nQ,learn_relquest,0.0,"[5, 1]",1.0,2.553,0,0.0,100,first
Qqbd4h2ipvi4e1dhj1o4fzj7nQ,learn_relquest,1.0,"[7, 0]",2.0,3.576,1,0.0,101,first
Qqbd4h2ipvi4e1dhj1o4fzj7nQ,learn_relquest,1.0,"[7, 6]",3.0,2.665,0,1.0,102,first
Qqbd4h2ipvi4e1dhj1o4fzj7nQ,learn_relquest,0.0,"[0, 3]",4.0,3.452,0,0.0,103,first
Qqbd4h2ipvi4e1dhj1o4fzj7nQ,learn_relquest,1.0,"[4, 1]",5.0,2.248,1,0.0,104,first
Qqbd4h2ipvi4e1dhj1o4fzj7nQ,learn_relquest,1.0,"[5, 3]",6.0,1.962,0,1.0,105,first
Qqbd4h2ipvi4e1dhj1o4fzj7nQ,learn_relquest,0.0,"[4, 7]",7.0,1.592,1,1.0,106,first
Qqbd4h2ipvi4e1dhj1o4fzj7nQ,learn_relquest,0.0,"[0, 2]",8.0,3.881,0,0.0,107,first
Qqbd4h2ipvi4e1dhj1o4fzj7nQ,learn_relquest,1.0,"[1, 7]",9.0,3.11,1,0.0,108,first
Qqbd4h2ipvi4e1dhj1o4fzj7nQ,learn_relquest,0.0,"[5, 7]",10.0,2.508,0,0.0,109,first
Qqbd4h2ipvi4e1dhj1o4fzj7nQ,learn_relquest,1.0,"[6, 7]",11.0,3.531,0,1.0,110,first
Qqbd4h2ipvi4e1dhj1o4fzj7nQ,learn_relquest,1.0,"[6, 5]",12.0,2.962,0,1.0,111,first
Qqbd4h2ipvi4e1dhj1o4fzj7nQ,learn_relquest,0.0,"[0, 6]",13.0,2.136,0,0.0,112,first
Qqbd4h2ipvi4e1dhj1o4fzj7nQ,learn_relquest,0.0,"[0, 1]",14.0,1.438,1,1.0,113,first
Qqbd4h2ipvi4e1dhj1o4fzj7nQ,learn_relquest,1.0,"[1, 4]",15.0,3.698,1,0.0,114,first
Qqbd4h2ipvi4e1dhj1o4fzj7nQ,learn_relquest,0.0,"[2, 0]",16.0,2.815,1,1.0,115,first
Qqbd4h2ipvi4e1dhj1o4fzj7nQ,learn_relquest,0.0,"[2, 3]",17.0,3.11,1,1.0,116,first
Qqbd4h2ipvi4e1dhj1o4fzj7nQ,learn_relquest,1.0,"[7, 1]",18.0,2.399,0,1.0,117,first
Qqbd4h2ipvi4e1dhj1o4fzj7nQ,learn_relquest,1.0,"[0, 7]",19.0,3.059,0,1.0,118,first
Qqbd4h2ipvi4e1dhj1o4fzj7nQ,learn_relquest,0.0,"[3, 2]",20.0,2.38,0,0.0,119,first
Qqbd4h2ipvi4e1dhj1o4fzj7nQ,learn_relquest,0.0,"[1, 2]",21.0,3.475,1,1.0,120,first
Qqbd4h2ipvi4e1dhj1o4fzj7nQ,learn_relquest,1.0,"[3, 5]",22.0,2.23,0,1.0,121,first
Qqbd4h2ipvi4e1dhj1o4fzj7nQ,learn_relquest,0.0,"[5, 0]",23.0,1.971,1,1.0,122,first
Qqbd4h2ipvi4e1dhj1o4fzj7nQ,learn_relquest,0.0,"[4, 0]",24.0,3.355,0,0.0,123,first
Qqbd4h2ipvi4e1dhj1o4fzj7nQ,learn_relquest,0.0,"[3, 4]",25.0,2.534,0,0.0,124,first
Qqbd4h2ipvi4e1dhj1o4fzj7nQ,learn_relquest,1.0,"[2, 6]",26.0,1.379,0,1.0,125,first
Qqbd4h2ipvi4e1dhj1o4fzj7nQ,learn_relquest,1.0,"[6, 2]",27.0,1.107,0,1.0,126,first
Qqbd4h2ipvi4e1dhj1o4fzj7nQ,learn_relquest,1.0,"[5, 3]",0.0,3.461,0,1.0,213,second
Qqbd4h2ipvi4e1dhj1o4fzj7nQ,learn_relquest,0.0,"[7, 3]",1.0,1.157,0,0.0,214,second
Qqbd4h2ipvi4e1dhj1o4fzj7nQ,learn_relquest,1.0,"[6, 2]",2.0,1.363,0,1.0,215,second
Qqbd4h2ipvi4e1dhj1o4fzj7nQ,learn_relquest,1.0,"[4, 1]",3.0,1.144,0,1.0,216,second
Qqbd4h2ipvi4e1dhj1o4fzj7nQ,learn_relquest,0.0,"[5, 7]",4.0,0.994,0,0.0,217,second
Qqbd4h2ipvi4e1dhj1o4fzj7nQ,learn_relquest,0.0,"[3, 7]",5.0,1.001,0,0.0,218,second
Qqbd4h2ipvi4e1dhj1o4fzj7nQ,learn_relquest,0.0,"[4, 3]",6.0,0.902,0,0.0,219,second
Qqbd4h2ipvi4e1dhj1o4fzj7nQ,learn_relquest,1.0,"[7, 1]",7.0,1.548,0,1.0,220,second
Qqbd4h2ipvi4e1dhj1o4fzj7nQ,learn_relquest,0.0,"[4, 6]",8.0,5.163,1,1.0,221,second
Qqbd4h2ipvi4e1dhj1o4fzj7nQ,learn_relquest,0.0,"[6, 1]",9.0,1.32,0,0.0,222,second
Qqbd4h2ipvi4e1dhj1o4fzj7nQ,learn_relquest,0.0,"[3, 2]",10.0,3.183,1,1.0,223,second
Qqbd4h2ipvi4e1dhj1o4fzj7nQ,learn_relquest,0.0,"[2, 0]",11.0,3.273,0,0.0,224,second
Qqbd4h2ipvi4e1dhj1o4fzj7nQ,learn_relquest,1.0,"[6, 5]",12.0,2.466,0,1.0,225,second
Qqbd4h2ipvi4e1dhj1o4fzj7nQ,learn_relquest,0.0,"[0, 5]",13.0,2.056,1,1.0,226,second
Qqbd4h2ipvi4e1dhj1o4fzj7nQ,learn_relquest,0.0,"[2, 7]",14.0,4.403,1,1.0,227,second
Qqbd4h2ipvi4e1dhj1o4fzj7nQ,learn_relquest,1.0,"[5, 6]",15.0,3.257,0,1.0,228,second
Qqbd4h2ipvi4e1dhj1o4fzj7nQ,learn_relquest,1.0,"[1, 4]",16.0,2.687,0,1.0,229,second
Qqbd4h2ipvi4e1dhj1o4fzj7nQ,learn_relquest,0.0,"[0, 6]",17.0,1.041,0,0.0,230,second
Qqbd4h2ipvi4e1dhj1o4fzj7nQ,learn_relquest,1.0,"[3, 5]",18.0,1.019,0,1.0,231,second
Qqbd4h2ipvi4e1dhj1o4fzj7nQ,learn_relquest,1.0,"[6, 7]",19.0,1.549,0,1.0,232,second
Qqbd4h2ipvi4e1dhj1o4fzj7nQ,learn_relquest,0.0,"[2, 4]",20.0,1.954,1,1.0,233,second
Qqbd4h2ipvi4e1dhj1o4fzj7nQ,learn_relquest,1.0,"[7, 0]",21.0,1.708,0,1.0,234,second
Qqbd4h2ipvi4e1dhj1o4fzj7nQ,learn_relquest,0.0,"[4, 0]",22.0,1.369,0,0.0,235,second
Qqbd4h2ipvi4e1dhj1o4fzj7nQ,learn_relquest,1.0,"[7, 6]",23.0,2.284,0,1.0,236,second
Qqbd4h2ipvi4e1dhj1o4fzj7nQ,learn_relquest,1.0,"[0, 7]",24.0,1.038,0,1.0,237,second
Qqbd4h2ipvi4e1dhj1o4fzj7nQ,learn_relquest,0.0,"[0, 4]",25.0,1.836,0,0.0,238,second
Qqbd4h2ipvi4e1dhj1o4fzj7nQ,learn_relquest,1.0,"[1, 7]",26.0,1.84,0,1.0,239,second
Qqbd4h2ipvi4e1dhj1o4fzj7nQ,learn_relquest,1.0,"[2, 6]",27.0,1.233,0,1.0,240,second
Qqbd4h2ipvi4e1dhj1o4fzj7nQ,learn_relquest,1.0,"[7, 1]",0.0,1.468,0,1.0,327,third
Qqbd4h2ipvi4e1dhj1o4fzj7nQ,learn_relquest,1.0,"[7, 0]",1.0,0.922,0,1.0,328,third
Qqbd4h2ipvi4e1dhj1o4fzj7nQ,learn_relquest,1.0,"[2, 6]",2.0,0.945,0,1.0,329,third
Qqbd4h2ipvi4e1dhj1o4fzj7nQ,learn_relquest,0.0,"[4, 2]",3.0,0.849,0,0.0,330,third
Qqbd4h2ipvi4e1dhj1o4fzj7nQ,learn_relquest,1.0,"[1, 7]",4.0,1.373,0,1.0,331,third
Qqbd4h2ipvi4e1dhj1o4fzj7nQ,learn_relquest,1.0,"[6, 5]",5.0,0.784,0,1.0,332,third
Qqbd4h2ipvi4e1dhj1o4fzj7nQ,learn_relquest,1.0,"[4, 1]",6.0,0.824,0,1.0,333,third
Qqbd4h2ipvi4e1dhj1o4fzj7nQ,learn_relquest,1.0,"[3, 5]",7.0,0.768,0,1.0,334,third
Qqbd4h2ipvi4e1dhj1o4fzj7nQ,learn_relquest,0.0,"[1, 3]",8.0,0.945,0,0.0,335,third
Qqbd4h2ipvi4e1dhj1o4fzj7nQ,learn_relquest,0.0,"[1, 6]",9.0,1.26,0,0.0,336,third
Qqbd4h2ipvi4e1dhj1o4fzj7nQ,learn_relquest,0.0,"[3, 1]",10.0,1.188,0,0.0,337,third
Qqbd4h2ipvi4e1dhj1o4fzj7nQ,learn_relquest,0.0,"[3, 4]",11.0,1.154,0,0.0,338,third
Qqbd4h2ipvi4e1dhj1o4fzj7nQ,learn_relquest,0.0,"[2, 1]",12.0,0.98,0,0.0,339,third
Qqbd4h2ipvi4e1dhj1o4fzj7nQ,learn_relquest,0.0,"[0, 6]",13.0,0.975,0,0.0,340,third
Qqbd4h2ipvi4e1dhj1o4fzj7nQ,learn_relquest,1.0,"[0, 7]",14.0,0.936,0,1.0,341,third
Qqbd4h2ipvi4e1dhj1o4fzj7nQ,learn_relquest,0.0,"[4, 3]",15.0,0.86,0,0.0,342,third
Qqbd4h2ipvi4e1dhj1o4fzj7nQ,learn_relquest,0.0,"[3, 6]",16.0,1.006,0,0.0,343,third
Qqbd4h2ipvi4e1dhj1o4fzj7nQ,learn_relquest,0.0,"[4, 0]",17.0,0.885,0,0.0,344,third
Qqbd4h2ipvi4e1dhj1o4fzj7nQ,learn_relquest,1.0,"[5, 6]",18.0,1.152,0,1.0,345,third
Qqbd4h2ipvi4e1dhj1o4fzj7nQ,learn_relquest,0.0,"[1, 0]",19.0,1.209,0,0.0,346,third
Qqbd4h2ipvi4e1dhj1o4fzj7nQ,learn_relquest,0.0,"[2, 3]",20.0,1.182,0,0.0,347,third
Qqbd4h2ipvi4e1dhj1o4fzj7nQ,learn_relquest,1.0,"[1, 4]",21.0,1.283,0,1.0,348,third
Qqbd4h2ipvi4e1dhj1o4fzj7nQ,learn_relquest,0.0,"[5, 4]",22.0,1.2,0,0.0,349,third
Qqbd4h2ipvi4e1dhj1o4fzj7nQ,learn_relquest,1.0,"[5, 3]",23.0,1.255,0,1.0,350,third
Qqbd4h2ipvi4e1dhj1o4fzj7nQ,learn_relquest,1.0,"[6, 2]",24.0,1.421,0,1.0,351,third
Qqbd4h2ipvi4e1dhj1o4fzj7nQ,learn_relquest,1.0,"[7, 6]",25.0,1.506,0,1.0,352,third
Qqbd4h2ipvi4e1dhj1o4fzj7nQ,learn_relquest,1.0,"[6, 7]",26.0,1.494,0,1.0,353,third
Qqbd4h2ipvi4e1dhj1o4fzj7nQ,learn_relquest,0.0,"[7, 3]",27.0,1.422,0,0.0,354,third
Qqbd4h2ipvi4e1dhj1o4fzj7nQ,learn_relquest,1.0,"[6, 2]",0.0,3.331,0,1.0,441,fourth
Qqbd4h2ipvi4e1dhj1o4fzj7nQ,learn_relquest,0.0,"[7, 3]",1.0,1.791,0,0.0,442,fourth
Qqbd4h2ipvi4e1dhj1o4fzj7nQ,learn_relquest,1.0,"[5, 6]",2.0,1.975,0,1.0,443,fourth
Qqbd4h2ipvi4e1dhj1o4fzj7nQ,learn_relquest,0.0,"[6, 1]",3.0,3.71,0,0.0,444,fourth
Qqbd4h2ipvi4e1dhj1o4fzj7nQ,learn_relquest,0.0,"[4, 0]",4.0,1.491,0,0.0,445,fourth
Qqbd4h2ipvi4e1dhj1o4fzj7nQ,learn_relquest,0.0,"[3, 0]",5.0,1.211,0,0.0,446,fourth
Qqbd4h2ipvi4e1dhj1o4fzj7nQ,learn_relquest,0.0,"[4, 2]",6.0,2.074,1,1.0,447,fourth
Qqbd4h2ipvi4e1dhj1o4fzj7nQ,learn_relquest,0.0,"[2, 5]",7.0,1.533,1,1.0,448,fourth
Qqbd4h2ipvi4e1dhj1o4fzj7nQ,learn_relquest,0.0,"[6, 0]",8.0,1.506,0,0.0,449,fourth
Qqbd4h2ipvi4e1dhj1o4fzj7nQ,learn_relquest,0.0,"[0, 4]",9.0,1.48,0,0.0,450,fourth
Qqbd4h2ipvi4e1dhj1o4fzj7nQ,learn_relquest,1.0,"[1, 7]",10.0,1.606,0,1.0,451,fourth
Qqbd4h2ipvi4e1dhj1o4fzj7nQ,learn_relquest,0.0,"[2, 4]",11.0,1.226,1,1.0,452,fourth
Qqbd4h2ipvi4e1dhj1o4fzj7nQ,learn_relquest,0.0,"[3, 2]",12.0,1.836,1,1.0,453,fourth
Qqbd4h2ipvi4e1dhj1o4fzj7nQ,learn_relquest,0.0,"[2, 7]",13.0,1.154,1,1.0,454,fourth
Qqbd4h2ipvi4e1dhj1o4fzj7nQ,learn_relquest,1.0,"[7, 1]",14.0,1.247,0,1.0,455,fourth
Qqbd4h2ipvi4e1dhj1o4fzj7nQ,learn_relquest,0.0,"[5, 0]",15.0,3.462,0,0.0,456,fourth
Qqbd4h2ipvi4e1dhj1o4fzj7nQ,learn_relquest,1.0,"[3, 5]",16.0,1.329,0,1.0,457,fourth
Qqbd4h2ipvi4e1dhj1o4fzj7nQ,learn_relquest,0.0,"[3, 1]",17.0,2.159,0,0.0,458,fourth
Qqbd4h2ipvi4e1dhj1o4fzj7nQ,learn_relquest,1.0,"[7, 0]",18.0,1.489,0,1.0,459,fourth
Qqbd4h2ipvi4e1dhj1o4fzj7nQ,learn_relquest,1.0,"[7, 6]",19.0,1.24,0,1.0,460,fourth
Qqbd4h2ipvi4e1dhj1o4fzj7nQ,learn_relquest,1.0,"[1, 4]",20.0,3.877,0,1.0,461,fourth
Qqbd4h2ipvi4e1dhj1o4fzj7nQ,learn_relquest,0.0,"[3, 4]",21.0,1.481,0,0.0,462,fourth
Qqbd4h2ipvi4e1dhj1o4fzj7nQ,learn_relquest,1.0,"[0, 7]",22.0,1.173,0,1.0,463,fourth
Qqbd4h2ipvi4e1dhj1o4fzj7nQ,learn_relquest,1.0,"[2, 6]",23.0,1.527,0,1.0,464,fourth
Qqbd4h2ipvi4e1dhj1o4fzj7nQ,learn_relquest,1.0,"[4, 1]",24.0,1.524,0,1.0,465,fourth
Qqbd4h2ipvi4e1dhj1o4fzj7nQ,learn_relquest,1.0,"[6, 7]",25.0,1.13,0,1.0,466,fourth
Qqbd4h2ipvi4e1dhj1o4fzj7nQ,learn_relquest,1.0,"[5, 3]",26.0,1.167,0,1.0,467,fourth
Qqbd4h2ipvi4e1dhj1o4fzj7nQ,learn_relquest,1.0,"[6, 5]",27.0,1.106,0,1.0,468,fourth
Qqbd4h2ipvi4e1dhj1o4fzj7nQ,learn_relquest,0.0,"[3, 2]",0.0,3.08,1,1.0,555,fifth
Qqbd4h2ipvi4e1dhj1o4fzj7nQ,learn_relquest,0.0,"[4, 6]",1.0,12.006,0,0.0,556,fifth
Qqbd4h2ipvi4e1dhj1o4fzj7nQ,learn_relquest,1.0,"[1, 7]",2.0,3.144,0,1.0,557,fifth
Qqbd4h2ipvi4e1dhj1o4fzj7nQ,learn_relquest,0.0,"[4, 0]",3.0,4.824,1,1.0,558,fifth
Qqbd4h2ipvi4e1dhj1o4fzj7nQ,learn_relquest,1.0,"[0, 7]",4.0,4.52,1,0.0,559,fifth
Qqbd4h2ipvi4e1dhj1o4fzj7nQ,learn_relquest,0.0,"[5, 7]",5.0,4.808,1,1.0,560,fifth
Qqbd4h2ipvi4e1dhj1o4fzj7nQ,learn_relquest,1.0,"[7, 0]",6.0,3.22,1,0.0,561,fifth
Qqbd4h2ipvi4e1dhj1o4fzj7nQ,learn_relquest,1.0,"[4, 1]",7.0,2.677,0,1.0,562,fifth
Qqbd4h2ipvi4e1dhj1o4fzj7nQ,learn_relquest,0.0,"[0, 1]",8.0,3.303,1,1.0,563,fifth
Qqbd4h2ipvi4e1dhj1o4fzj7nQ,learn_relquest,1.0,"[3, 5]",9.0,1.959,0,1.0,564,fifth
Qqbd4h2ipvi4e1dhj1o4fzj7nQ,learn_relquest,1.0,"[5, 6]",10.0,2.612,0,1.0,565,fifth
Qqbd4h2ipvi4e1dhj1o4fzj7nQ,learn_relquest,1.0,"[6, 5]",11.0,1.386,0,1.0,566,fifth
Qqbd4h2ipvi4e1dhj1o4fzj7nQ,learn_relquest,0.0,"[3, 0]",12.0,6.635,1,1.0,567,fifth
Qqbd4h2ipvi4e1dhj1o4fzj7nQ,learn_relquest,1.0,"[6, 2]",13.0,1.895,0,1.0,568,fifth
Qqbd4h2ipvi4e1dhj1o4fzj7nQ,learn_relquest,0.0,"[4, 3]",14.0,7.752,0,0.0,569,fifth
Qqbd4h2ipvi4e1dhj1o4fzj7nQ,learn_relquest,0.0,"[3, 1]",15.0,4.356,1,1.0,570,fifth
Qqbd4h2ipvi4e1dhj1o4fzj7nQ,learn_relquest,1.0,"[5, 3]",16.0,5.207,1,0.0,571,fifth
Qqbd4h2ipvi4e1dhj1o4fzj7nQ,learn_relquest,1.0,"[1, 4]",17.0,3.386,0,1.0,572,fifth
Qqbd4h2ipvi4e1dhj1o4fzj7nQ,learn_relquest,0.0,"[3, 7]",18.0,3.343,1,1.0,573,fifth
Qqbd4h2ipvi4e1dhj1o4fzj7nQ,learn_relquest,1.0,"[7, 6]",19.0,1.447,0,1.0,574,fifth
Qqbd4h2ipvi4e1dhj1o4fzj7nQ,learn_relquest,0.0,"[2, 4]",20.0,1.577,1,1.0,575,fifth
Qqbd4h2ipvi4e1dhj1o4fzj7nQ,learn_relquest,1.0,"[6, 7]",21.0,1.955,0,1.0,576,fifth
Qqbd4h2ipvi4e1dhj1o4fzj7nQ,learn_relquest,1.0,"[7, 1]",22.0,2.38,0,1.0,577,fifth
Qqbd4h2ipvi4e1dhj1o4fzj7nQ,learn_relquest,0.0,"[5, 2]",23.0,1.719,1,1.0,578,fifth
Qqbd4h2ipvi4e1dhj1o4fzj7nQ,learn_relquest,0.0,"[2, 3]",24.0,1.736,1,1.0,579,fifth
Qqbd4h2ipvi4e1dhj1o4fzj7nQ,learn_relquest,1.0,"[2, 6]",25.0,1.124,1,0.0,580,fifth
Qqbd4h2ipvi4e1dhj1o4fzj7nQ,learn_relquest,0.0,"[2, 7]",26.0,3.186,1,1.0,581,fifth
Qqbd4h2ipvi4e1dhj1o4fzj7nQ,learn_relquest,0.0,"[3, 4]",27.0,1.604,0,0.0,582,fifth
Qpfbao8vldl8b519yxjta067zQ,learn_relquest,1.0,"[7, 1]",0.0,6.798,0,1.0,99,first
Qpfbao8vldl8b519yxjta067zQ,learn_relquest,1.0,"[2, 6]",1.0,1.898,0,1.0,100,first
Qpfbao8vldl8b519yxjta067zQ,learn_relquest,0.0,"[0, 6]",2.0,1.781,1,1.0,101,first
Qpfbao8vldl8b519yxjta067zQ,learn_relquest,1.0,"[6, 5]",3.0,2.664,0,1.0,102,first
Qpfbao8vldl8b519yxjta067zQ,learn_relquest,1.0,"[3, 5]",4.0,1.581,1,0.0,103,first
Qpfbao8vldl8b519yxjta067zQ,learn_relquest,1.0,"[7, 6]",5.0,1.865,0,1.0,104,first
Qpfbao8vldl8b519yxjta067zQ,learn_relquest,1.0,"[5, 3]",6.0,1.817,1,0.0,105,first
Qpfbao8vldl8b519yxjta067zQ,learn_relquest,1.0,"[5, 6]",7.0,2.481,0,1.0,106,first
Qpfbao8vldl8b519yxjta067zQ,learn_relquest,0.0,"[0, 2]",8.0,1.829,1,1.0,107,first
Qpfbao8vldl8b519yxjta067zQ,learn_relquest,0.0,"[1, 2]",9.0,3.552,1,1.0,108,first
Qpfbao8vldl8b519yxjta067zQ,learn_relquest,0.0,"[1, 0]",10.0,2.532,0,0.0,109,first
Qpfbao8vldl8b519yxjta067zQ,learn_relquest,1.0,"[7, 0]",11.0,2.194,1,0.0,110,first
Qpfbao8vldl8b519yxjta067zQ,learn_relquest,0.0,"[0, 1]",12.0,4.215,1,1.0,111,first
Qpfbao8vldl8b519yxjta067zQ,learn_relquest,0.0,"[1, 3]",13.0,1.464,1,1.0,112,first
Qpfbao8vldl8b519yxjta067zQ,learn_relquest,0.0,"[2, 1]",14.0,1.149,0,0.0,113,first
Qpfbao8vldl8b519yxjta067zQ,learn_relquest,1.0,"[6, 2]",15.0,1.331,0,1.0,114,first
Qpfbao8vldl8b519yxjta067zQ,learn_relquest,0.0,"[3, 7]",16.0,1.597,1,1.0,115,first
Qpfbao8vldl8b519yxjta067zQ,learn_relquest,0.0,"[4, 6]",17.0,1.651,1,1.0,116,first
Qpfbao8vldl8b519yxjta067zQ,learn_relquest,1.0,"[1, 4]",18.0,2.0,0,1.0,117,first
Qpfbao8vldl8b519yxjta067zQ,learn_relquest,1.0,"[4, 1]",19.0,0.946,0,1.0,118,first
Qpfbao8vldl8b519yxjta067zQ,learn_relquest,0.0,"[2, 0]",20.0,2.549,1,1.0,119,first
Qpfbao8vldl8b519yxjta067zQ,learn_relquest,1.0,"[1, 7]",21.0,2.164,0,1.0,120,first
Qpfbao8vldl8b519yxjta067zQ,learn_relquest,0.0,"[0, 3]",22.0,4.085,1,1.0,121,first
Qpfbao8vldl8b519yxjta067zQ,learn_relquest,0.0,"[4, 0]",23.0,1.28,0,0.0,122,first
Qpfbao8vldl8b519yxjta067zQ,learn_relquest,0.0,"[5, 1]",24.0,2.215,1,1.0,123,first
Qpfbao8vldl8b519yxjta067zQ,learn_relquest,1.0,"[6, 7]",25.0,1.017,0,1.0,124,first
Qpfbao8vldl8b519yxjta067zQ,learn_relquest,1.0,"[0, 7]",26.0,2.546,0,1.0,125,first
Qpfbao8vldl8b519yxjta067zQ,learn_relquest,0.0,"[3, 0]",27.0,1.234,1,1.0,126,first
Qpfbao8vldl8b519yxjta067zQ,learn_relquest,1.0,"[1, 7]",0.0,2.431,0,1.0,213,second
Qpfbao8vldl8b519yxjta067zQ,learn_relquest,1.0,"[2, 6]",1.0,1.181,0,1.0,214,second
Qpfbao8vldl8b519yxjta067zQ,learn_relquest,1.0,"[3, 5]",2.0,1.133,0,1.0,215,second
Qpfbao8vldl8b519yxjta067zQ,learn_relquest,1.0,"[7, 1]",3.0,2.964,0,1.0,216,second
Qpfbao8vldl8b519yxjta067zQ,learn_relquest,1.0,"[6, 2]",4.0,0.982,0,1.0,217,second
Qpfbao8vldl8b519yxjta067zQ,learn_relquest,0.0,"[2, 5]",5.0,1.564,1,1.0,218,second
Qpfbao8vldl8b519yxjta067zQ,learn_relquest,1.0,"[0, 7]",6.0,2.113,0,1.0,219,second
Qpfbao8vldl8b519yxjta067zQ,learn_relquest,0.0,"[4, 5]",7.0,1.72,1,1.0,220,second
Qpfbao8vldl8b519yxjta067zQ,learn_relquest,0.0,"[6, 0]",8.0,1.646,0,0.0,221,second
Qpfbao8vldl8b519yxjta067zQ,learn_relquest,0.0,"[0, 2]",9.0,0.964,0,0.0,222,second
Qpfbao8vldl8b519yxjta067zQ,learn_relquest,1.0,"[7, 0]",10.0,3.047,1,0.0,223,second
Qpfbao8vldl8b519yxjta067zQ,learn_relquest,0.0,"[3, 2]",11.0,1.2,0,0.0,224,second
Qpfbao8vldl8b519yxjta067zQ,learn_relquest,0.0,"[7, 3]",12.0,1.732,0,0.0,225,second
Qpfbao8vldl8b519yxjta067zQ,learn_relquest,1.0,"[6, 7]",13.0,0.848,0,1.0,226,second
Qpfbao8vldl8b519yxjta067zQ,learn_relquest,0.0,"[1, 0]",14.0,1.914,1,1.0,227,second
Qpfbao8vldl8b519yxjta067zQ,learn_relquest,1.0,"[4, 1]",15.0,1.52,0,1.0,228,second
Qpfbao8vldl8b519yxjta067zQ,learn_relquest,1.0,"[7, 6]",16.0,0.814,0,1.0,229,second
Qpfbao8vldl8b519yxjta067zQ,learn_relquest,0.0,"[3, 7]",17.0,1.08,1,1.0,230,second
Qpfbao8vldl8b519yxjta067zQ,learn_relquest,0.0,"[0, 1]",18.0,2.532,1,1.0,231,second
Qpfbao8vldl8b519yxjta067zQ,learn_relquest,0.0,"[2, 1]",19.0,2.231,1,1.0,232,second
Qpfbao8vldl8b519yxjta067zQ,learn_relquest,1.0,"[1, 4]",20.0,1.214,0,1.0,233,second
Qpfbao8vldl8b519yxjta067zQ,learn_relquest,0.0,"[4, 7]",21.0,1.103,0,0.0,234,second
Qpfbao8vldl8b519yxjta067zQ,learn_relquest,1.0,"[5, 6]",22.0,1.248,1,0.0,235,second
Qpfbao8vldl8b519yxjta067zQ,learn_relquest,1.0,"[6, 5]",23.0,1.731,1,0.0,236,second
Qpfbao8vldl8b519yxjta067zQ,learn_relquest,0.0,"[7, 2]",24.0,1.047,0,0.0,237,second
Qpfbao8vldl8b519yxjta067zQ,learn_relquest,1.0,"[5, 3]",25.0,2.329,0,1.0,238,second
Qpfbao8vldl8b519yxjta067zQ,learn_relquest,0.0,"[1, 5]",26.0,1.85,1,1.0,239,second
Qpfbao8vldl8b519yxjta067zQ,learn_relquest,0.0,"[6, 4]",27.0,2.765,0,0.0,240,second
Qpfbao8vldl8b519yxjta067zQ,learn_relquest,1.0,"[3, 5]",0.0,2.931,0,1.0,327,third
Qpfbao8vldl8b519yxjta067zQ,learn_relquest,1.0,"[7, 0]",1.0,2.268,0,1.0,328,third
Qpfbao8vldl8b519yxjta067zQ,learn_relquest,1.0,"[7, 1]",2.0,1.347,0,1.0,329,third
Qpfbao8vldl8b519yxjta067zQ,learn_relquest,1.0,"[6, 7]",3.0,1.752,1,0.0,330,third
Qpfbao8vldl8b519yxjta067zQ,learn_relquest,0.0,"[2, 7]",4.0,0.976,0,0.0,331,third
Qpfbao8vldl8b519yxjta067zQ,learn_relquest,1.0,"[2, 6]",5.0,1.698,1,0.0,332,third
Qpfbao8vldl8b519yxjta067zQ,learn_relquest,1.0,"[0, 7]",6.0,1.508,1,0.0,333,third
Qpfbao8vldl8b519yxjta067zQ,learn_relquest,1.0,"[7, 6]",7.0,1.495,1,0.0,334,third
Qpfbao8vldl8b519yxjta067zQ,learn_relquest,0.0,"[6, 3]",8.0,1.43,1,1.0,335,third
Qpfbao8vldl8b519yxjta067zQ,learn_relquest,0.0,"[3, 4]",9.0,1.696,0,0.0,336,third
Qpfbao8vldl8b519yxjta067zQ,learn_relquest,0.0,"[4, 5]",10.0,1.297,1,1.0,337,third
Qpfbao8vldl8b519yxjta067zQ,learn_relquest,1.0,"[5, 6]",11.0,1.251,0,1.0,338,third
Qpfbao8vldl8b519yxjta067zQ,learn_relquest,0.0,"[5, 0]",12.0,3.715,1,1.0,339,third
Qpfbao8vldl8b519yxjta067zQ,learn_relquest,1.0,"[5, 3]",13.0,1.167,0,1.0,340,third
Qpfbao8vldl8b519yxjta067zQ,learn_relquest,1.0,"[6, 5]",14.0,1.914,1,0.0,341,third
Qpfbao8vldl8b519yxjta067zQ,learn_relquest,0.0,"[3, 6]",15.0,1.249,0,0.0,342,third
Qpfbao8vldl8b519yxjta067zQ,learn_relquest,1.0,"[1, 4]",16.0,1.082,0,1.0,343,third
Qpfbao8vldl8b519yxjta067zQ,learn_relquest,0.0,"[7, 5]",17.0,1.166,0,0.0,344,third
Qpfbao8vldl8b519yxjta067zQ,learn_relquest,1.0,"[6, 2]",18.0,1.71,0,1.0,345,third
Qpfbao8vldl8b519yxjta067zQ,learn_relquest,0.0,"[0, 5]",19.0,1.299,1,1.0,346,third
Qpfbao8vldl8b519yxjta067zQ,learn_relquest,0.0,"[4, 7]",20.0,1.683,0,0.0,347,third
Qpfbao8vldl8b519yxjta067zQ,learn_relquest,1.0,"[4, 1]",21.0,0.883,0,1.0,348,third
Qpfbao8vldl8b519yxjta067zQ,learn_relquest,1.0,"[1, 7]",22.0,1.248,0,1.0,349,third
Qpfbao8vldl8b519yxjta067zQ,learn_relquest,0.0,"[1, 5]",23.0,0.698,1,1.0,350,third
Qpfbao8vldl8b519yxjta067zQ,learn_relquest,0.0,"[4, 0]",24.0,1.548,1,1.0,351,third
Qpfbao8vldl8b519yxjta067zQ,learn_relquest,0.0,"[1, 6]",25.0,3.123,0,0.0,352,third
Qpfbao8vldl8b519yxjta067zQ,learn_relquest,0.0,"[2, 5]",26.0,1.14,1,1.0,353,third
Qpfbao8vldl8b519yxjta067zQ,learn_relquest,0.0,"[7, 4]",27.0,1.231,0,0.0,354,third
Qpfbao8vldl8b519yxjta067zQ,learn_relquest,1.0,"[5, 6]",0.0,2.23,0,1.0,441,fourth
Qpfbao8vldl8b519yxjta067zQ,learn_relquest,1.0,"[0, 7]",1.0,1.214,0,1.0,442,fourth
Qpfbao8vldl8b519yxjta067zQ,learn_relquest,0.0,"[2, 5]",2.0,1.731,1,1.0,443,fourth
Qpfbao8vldl8b519yxjta067zQ,learn_relquest,0.0,"[3, 4]",3.0,1.053,0,0.0,444,fourth
Qpfbao8vldl8b519yxjta067zQ,learn_relquest,0.0,"[3, 0]",4.0,2.562,1,1.0,445,fourth
Qpfbao8vldl8b519yxjta067zQ,learn_relquest,1.0,"[1, 7]",5.0,4.152,1,0.0,446,fourth
Qpfbao8vldl8b519yxjta067zQ,learn_relquest,1.0,"[5, 3]",6.0,1.529,0,1.0,447,fourth
Qpfbao8vldl8b519yxjta067zQ,learn_relquest,1.0,"[3, 5]",7.0,1.013,0,1.0,448,fourth
Qpfbao8vldl8b519yxjta067zQ,learn_relquest,0.0,"[2, 1]",8.0,1.465,1,1.0,449,fourth
Qpfbao8vldl8b519yxjta067zQ,learn_relquest,1.0,"[7, 0]",9.0,1.716,0,1.0,450,fourth
Qpfbao8vldl8b519yxjta067zQ,learn_relquest,1.0,"[7, 1]",10.0,2.383,1,0.0,451,fourth
Qpfbao8vldl8b519yxjta067zQ,learn_relquest,0.0,"[1, 0]",11.0,2.916,1,1.0,452,fourth
Qpfbao8vldl8b519yxjta067zQ,learn_relquest,1.0,"[1, 4]",12.0,1.844,0,1.0,453,fourth
Qpfbao8vldl8b519yxjta067zQ,learn_relquest,1.0,"[6, 5]",13.0,0.423,0,1.0,454,fourth
Qpfbao8vldl8b519yxjta067zQ,learn_relquest,0.0,"[4, 7]",14.0,4.129,1,1.0,455,fourth
Qpfbao8vldl8b519yxjta067zQ,learn_relquest,1.0,"[4, 1]",15.0,2.028,0,1.0,456,fourth
Qpfbao8vldl8b519yxjta067zQ,learn_relquest,0.0,"[7, 3]",16.0,0.514,0,0.0,457,fourth
Qpfbao8vldl8b519yxjta067zQ,learn_relquest,0.0,"[2, 3]",17.0,3.802,0,0.0,458,fourth
Qpfbao8vldl8b519yxjta067zQ,learn_relquest,0.0,"[5, 7]",18.0,0.797,0,0.0,459,fourth
Qpfbao8vldl8b519yxjta067zQ,learn_relquest,1.0,"[7, 6]",19.0,0.862,0,1.0,460,fourth
Qpfbao8vldl8b519yxjta067zQ,learn_relquest,1.0,"[2, 6]",20.0,1.765,0,1.0,461,fourth
Qpfbao8vldl8b519yxjta067zQ,learn_relquest,0.0,"[6, 0]",21.0,1.517,1,1.0,462,fourth
Qpfbao8vldl8b519yxjta067zQ,learn_relquest,1.0,"[6, 2]",22.0,1.515,0,1.0,463,fourth
Qpfbao8vldl8b519yxjta067zQ,learn_relquest,0.0,"[6, 4]",23.0,2.964,1,1.0,464,fourth
Qpfbao8vldl8b519yxjta067zQ,learn_relquest,0.0,"[2, 4]",24.0,2.616,1,1.0,465,fourth
Qpfbao8vldl8b519yxjta067zQ,learn_relquest,0.0,"[5, 0]",25.0,2.099,1,1.0,466,fourth
Qpfbao8vldl8b519yxjta067zQ,learn_relquest,1.0,"[6, 7]",26.0,0.919,0,1.0,467,fourth
Qpfbao8vldl8b519yxjta067zQ,learn_relquest,0.0,"[1, 6]",27.0,2.065,1,1.0,468,fourth
Qpfbao8vldl8b519yxjta067zQ,learn_relquest,1.0,"[7, 6]",0.0,1.632,0,1.0,555,fifth
Qpfbao8vldl8b519yxjta067zQ,learn_relquest,1.0,"[5, 3]",1.0,1.111,0,1.0,556,fifth
Qpfbao8vldl8b519yxjta067zQ,learn_relquest,1.0,"[7, 0]",2.0,1.69,1,0.0,557,fifth
Qpfbao8vldl8b519yxjta067zQ,learn_relquest,1.0,"[6, 7]",3.0,1.245,0,1.0,558,fifth
Qpfbao8vldl8b519yxjta067zQ,learn_relquest,1.0,"[2, 6]",4.0,2.361,1,0.0,559,fifth
Qpfbao8vldl8b519yxjta067zQ,learn_relquest,1.0,"[1, 4]",5.0,1.819,0,1.0,560,fifth
Qpfbao8vldl8b519yxjta067zQ,learn_relquest,0.0,"[6, 4]",6.0,2.013,1,1.0,561,fifth
Qpfbao8vldl8b519yxjta067zQ,learn_relquest,0.0,"[0, 5]",7.0,1.55,1,1.0,562,fifth
Qpfbao8vldl8b519yxjta067zQ,learn_relquest,1.0,"[1, 7]",8.0,3.597,1,0.0,563,fifth
Qpfbao8vldl8b519yxjta067zQ,learn_relquest,0.0,"[4, 2]",9.0,1.529,0,0.0,564,fifth
Qpfbao8vldl8b519yxjta067zQ,learn_relquest,0.0,"[3, 7]",10.0,1.767,1,1.0,565,fifth
Qpfbao8vldl8b519yxjta067zQ,learn_relquest,0.0,"[0, 4]",11.0,1.328,1,1.0,566,fifth
Qpfbao8vldl8b519yxjta067zQ,learn_relquest,0.0,"[7, 5]",12.0,1.001,0,0.0,567,fifth
Qpfbao8vldl8b519yxjta067zQ,learn_relquest,0.0,"[5, 2]",13.0,1.35,0,0.0,568,fifth
Qpfbao8vldl8b519yxjta067zQ,learn_relquest,0.0,"[0, 3]",14.0,1.532,1,1.0,569,fifth
Qpfbao8vldl8b519yxjta067zQ,learn_relquest,1.0,"[3, 5]",15.0,1.518,1,0.0,570,fifth
Qpfbao8vldl8b519yxjta067zQ,learn_relquest,1.0,"[6, 2]",16.0,1.231,0,1.0,571,fifth
Qpfbao8vldl8b519yxjta067zQ,learn_relquest,0.0,"[5, 4]",17.0,2.592,1,1.0,572,fifth
Qpfbao8vldl8b519yxjta067zQ,learn_relquest,0.0,"[7, 4]",18.0,1.614,1,1.0,573,fifth
Qpfbao8vldl8b519yxjta067zQ,learn_relquest,0.0,"[5, 7]",19.0,1.049,0,0.0,574,fifth
Qpfbao8vldl8b519yxjta067zQ,learn_relquest,1.0,"[6, 5]",20.0,0.972,0,1.0,575,fifth
Qpfbao8vldl8b519yxjta067zQ,learn_relquest,0.0,"[1, 5]",21.0,1.789,1,1.0,576,fifth
Qpfbao8vldl8b519yxjta067zQ,learn_relquest,1.0,"[5, 6]",22.0,1.55,0,1.0,577,fifth
Qpfbao8vldl8b519yxjta067zQ,learn_relquest,0.0,"[0, 2]",23.0,0.384,0,0.0,578,fifth
Qpfbao8vldl8b519yxjta067zQ,learn_relquest,1.0,"[4, 1]",24.0,2.61,1,0.0,579,fifth
Qpfbao8vldl8b519yxjta067zQ,learn_relquest,1.0,"[0, 7]",25.0,1.332,1,0.0,580,fifth
Qpfbao8vldl8b519yxjta067zQ,learn_relquest,0.0,"[7, 2]",26.0,2.332,1,1.0,581,fifth
Qpfbao8vldl8b519yxjta067zQ,learn_relquest,1.0,"[7, 1]",27.0,1.865,0,1.0,582,fifth
Qngbd5j9fz1wwlzoufgnlh221Q,learn_relquest,0.0,"[3, 1]",0.0,5.144,0,0.0,99,first
Qngbd5j9fz1wwlzoufgnlh221Q,learn_relquest,1.0,"[0, 7]",1.0,7.992,0,1.0,100,first
Qngbd5j9fz1wwlzoufgnlh221Q,learn_relquest,1.0,"[4, 1]",2.0,1.08,0,1.0,101,first
Qngbd5j9fz1wwlzoufgnlh221Q,learn_relquest,1.0,"[1, 4]",3.0,1.568,0,1.0,102,first
Qngbd5j9fz1wwlzoufgnlh221Q,learn_relquest,1.0,"[5, 3]",4.0,2.657,1,0.0,103,first
Qngbd5j9fz1wwlzoufgnlh221Q,learn_relquest,0.0,"[6, 4]",5.0,0.985,0,0.0,104,first
Qngbd5j9fz1wwlzoufgnlh221Q,learn_relquest,1.0,"[5, 6]",6.0,1.032,0,1.0,105,first
Qngbd5j9fz1wwlzoufgnlh221Q,learn_relquest,0.0,"[2, 0]",7.0,1.353,0,0.0,106,first
Qngbd5j9fz1wwlzoufgnlh221Q,learn_relquest,1.0,"[6, 2]",8.0,2.489,0,1.0,107,first
Qngbd5j9fz1wwlzoufgnlh221Q,learn_relquest,1.0,"[7, 1]",9.0,1.823,0,1.0,108,first
Qngbd5j9fz1wwlzoufgnlh221Q,learn_relquest,0.0,"[2, 5]",10.0,1.567,1,1.0,109,first
Qngbd5j9fz1wwlzoufgnlh221Q,learn_relquest,0.0,"[0, 3]",11.0,0.875,0,0.0,110,first
Qngbd5j9fz1wwlzoufgnlh221Q,learn_relquest,1.0,"[2, 6]",12.0,4.054,0,1.0,111,first
Qngbd5j9fz1wwlzoufgnlh221Q,learn_relquest,0.0,"[1, 5]",13.0,1.967,0,0.0,112,first
Qngbd5j9fz1wwlzoufgnlh221Q,learn_relquest,0.0,"[3, 4]",14.0,1.689,1,1.0,113,first
Qngbd5j9fz1wwlzoufgnlh221Q,learn_relquest,0.0,"[7, 4]",15.0,0.946,0,0.0,114,first
Qngbd5j9fz1wwlzoufgnlh221Q,learn_relquest,0.0,"[3, 2]",16.0,2.562,0,0.0,115,first
Qngbd5j9fz1wwlzoufgnlh221Q,learn_relquest,1.0,"[3, 5]",17.0,0.937,0,1.0,116,first
Qngbd5j9fz1wwlzoufgnlh221Q,learn_relquest,0.0,"[4, 2]",18.0,1.066,0,0.0,117,first
Qngbd5j9fz1wwlzoufgnlh221Q,learn_relquest,0.0,"[0, 1]",19.0,2.627,0,0.0,118,first
Qngbd5j9fz1wwlzoufgnlh221Q,learn_relquest,1.0,"[7, 6]",20.0,2.353,0,1.0,119,first
Qngbd5j9fz1wwlzoufgnlh221Q,learn_relquest,0.0,"[1, 2]",21.0,1.601,1,1.0,120,first
Qngbd5j9fz1wwlzoufgnlh221Q,learn_relquest,1.0,"[6, 5]",22.0,1.106,0,1.0,121,first
Qngbd5j9fz1wwlzoufgnlh221Q,learn_relquest,1.0,"[6, 7]",23.0,0.969,0,1.0,122,first
Qngbd5j9fz1wwlzoufgnlh221Q,learn_relquest,1.0,"[7, 0]",24.0,1.265,0,1.0,123,first
Qngbd5j9fz1wwlzoufgnlh221Q,learn_relquest,0.0,"[7, 5]",25.0,1.169,0,0.0,124,first
Qngbd5j9fz1wwlzoufgnlh221Q,learn_relquest,1.0,"[1, 7]",26.0,0.992,0,1.0,125,first
Qngbd5j9fz1wwlzoufgnlh221Q,learn_relquest,0.0,"[7, 2]",27.0,1.855,1,1.0,126,first
Qngbd5j9fz1wwlzoufgnlh221Q,learn_relquest,1.0,"[2, 6]",0.0,33.54,1,0.0,213,second
Qngbd5j9fz1wwlzoufgnlh221Q,learn_relquest,1.0,"[0, 7]",1.0,9.599,0,1.0,214,second
Qngbd5j9fz1wwlzoufgnlh221Q,learn_relquest,1.0,"[7, 1]",2.0,7.233,0,1.0,215,second
Qngbd5j9fz1wwlzoufgnlh221Q,learn_relquest,0.0,"[3, 4]",3.0,5.263,1,1.0,216,second
Qngbd5j9fz1wwlzoufgnlh221Q,learn_relquest,1.0,"[5, 3]",4.0,8.361,0,1.0,217,second
Qngbd5j9fz1wwlzoufgnlh221Q,learn_relquest,1.0,"[4, 1]",5.0,12.557,1,0.0,218,second
Qngbd5j9fz1wwlzoufgnlh221Q,learn_relquest,1.0,"[5, 6]",6.0,6.697,0,1.0,219,second
Qngbd5j9fz1wwlzoufgnlh221Q,learn_relquest,1.0,"[6, 2]",7.0,5.698,0,1.0,220,second
Qngbd5j9fz1wwlzoufgnlh221Q,learn_relquest,0.0,"[1, 3]",8.0,13.721,1,1.0,221,second
Qngbd5j9fz1wwlzoufgnlh221Q,learn_relquest,0.0,"[2, 0]",9.0,16.073,1,1.0,222,second
Qngbd5j9fz1wwlzoufgnlh221Q,learn_relquest,1.0,"[1, 7]",10.0,4.793,0,1.0,223,second
Qngbd5j9fz1wwlzoufgnlh221Q,learn_relquest,0.0,"[7, 5]",11.0,23.313,1,1.0,224,second
Qngbd5j9fz1wwlzoufgnlh221Q,learn_relquest,0.0,"[5, 2]",12.0,16.268,1,1.0,225,second
Qngbd5j9fz1wwlzoufgnlh221Q,learn_relquest,0.0,"[0, 4]",13.0,15.424,1,1.0,226,second
Qngbd5j9fz1wwlzoufgnlh221Q,learn_relquest,1.0,"[6, 7]",14.0,4.679,0,1.0,227,second
Qngbd5j9fz1wwlzoufgnlh221Q,learn_relquest,0.0,"[3, 2]",15.0,15.705,1,1.0,228,second
Qngbd5j9fz1wwlzoufgnlh221Q,learn_relquest,1.0,"[7, 0]",16.0,8.798,0,1.0,229,second
Qngbd5j9fz1wwlzoufgnlh221Q,learn_relquest,1.0,"[7, 6]",17.0,4.306,0,1.0,230,second
Qngbd5j9fz1wwlzoufgnlh221Q,learn_relquest,0.0,"[0, 2]",18.0,11.609,1,1.0,231,second
Qngbd5j9fz1wwlzoufgnlh221Q,learn_relquest,0.0,"[0, 6]",19.0,12.606,1,1.0,232,second
Qngbd5j9fz1wwlzoufgnlh221Q,learn_relquest,0.0,"[4, 2]",20.0,12.185,1,1.0,233,second
Qngbd5j9fz1wwlzoufgnlh221Q,learn_relquest,0.0,"[3, 7]",21.0,10.97,1,1.0,234,second
Qngbd5j9fz1wwlzoufgnlh221Q,learn_relquest,1.0,"[3, 5]",22.0,4.11,1,0.0,235,second
Qngbd5j9fz1wwlzoufgnlh221Q,learn_relquest,0.0,"[3, 6]",23.0,12.378,1,1.0,236,second
Qngbd5j9fz1wwlzoufgnlh221Q,learn_relquest,0.0,"[5, 0]",24.0,14.072,1,1.0,237,second
Qngbd5j9fz1wwlzoufgnlh221Q,learn_relquest,1.0,"[6, 5]",25.0,17.01,1,0.0,238,second
Qngbd5j9fz1wwlzoufgnlh221Q,learn_relquest,0.0,"[3, 1]",26.0,10.769,1,1.0,239,second
Qngbd5j9fz1wwlzoufgnlh221Q,learn_relquest,1.0,"[1, 4]",27.0,7.705,0,1.0,240,second
Qngbd5j9fz1wwlzoufgnlh221Q,learn_relquest,1.0,"[4, 1]",0.0,12.353,1,0.0,327,third
Qngbd5j9fz1wwlzoufgnlh221Q,learn_relquest,0.0,"[4, 6]",1.0,13.191,1,1.0,328,third
Qngbd5j9fz1wwlzoufgnlh221Q,learn_relquest,0.0,"[0, 5]",2.0,13.033,1,1.0,329,third
Qngbd5j9fz1wwlzoufgnlh221Q,learn_relquest,1.0,"[0, 7]",3.0,11.299,1,0.0,330,third
Qngbd5j9fz1wwlzoufgnlh221Q,learn_relquest,0.0,"[6, 1]",4.0,13.512,1,1.0,331,third
Qngbd5j9fz1wwlzoufgnlh221Q,learn_relquest,0.0,"[5, 4]",5.0,28.841,1,1.0,332,third
Qngbd5j9fz1wwlzoufgnlh221Q,learn_relquest,1.0,"[6, 7]",6.0,4.72,0,1.0,333,third
Qngbd5j9fz1wwlzoufgnlh221Q,learn_relquest,0.0,"[4, 3]",7.0,15.657,1,1.0,334,third
Qngbd5j9fz1wwlzoufgnlh221Q,learn_relquest,1.0,"[6, 2]",8.0,4.754,0,1.0,335,third
Qngbd5j9fz1wwlzoufgnlh221Q,learn_relquest,1.0,"[7, 6]",9.0,4.33,0,1.0,336,third
Qngbd5j9fz1wwlzoufgnlh221Q,learn_relquest,1.0,"[5, 3]",10.0,4.186,0,1.0,337,third
Qngbd5j9fz1wwlzoufgnlh221Q,learn_relquest,0.0,"[2, 5]",11.0,26.306,1,1.0,338,third
Qngbd5j9fz1wwlzoufgnlh221Q,learn_relquest,1.0,"[7, 0]",12.0,7.105,0,1.0,339,third
Qngbd5j9fz1wwlzoufgnlh221Q,learn_relquest,0.0,"[1, 6]",13.0,21.977,1,1.0,340,third
Qngbd5j9fz1wwlzoufgnlh221Q,learn_relquest,0.0,"[1, 3]",14.0,20.666,1,1.0,341,third
Qngbd5j9fz1wwlzoufgnlh221Q,learn_relquest,1.0,"[5, 6]",15.0,8.448,0,1.0,342,third
Qngbd5j9fz1wwlzoufgnlh221Q,learn_relquest,0.0,"[4, 2]",16.0,14.961,1,1.0,343,third
Qngbd5j9fz1wwlzoufgnlh221Q,learn_relquest,1.0,"[3, 5]",17.0,7.448,0,1.0,344,third
Qngbd5j9fz1wwlzoufgnlh221Q,learn_relquest,0.0,"[2, 4]",18.0,14.705,1,1.0,345,third
Qngbd5j9fz1wwlzoufgnlh221Q,learn_relquest,1.0,"[1, 7]",19.0,4.716,0,1.0,346,third
Qngbd5j9fz1wwlzoufgnlh221Q,learn_relquest,0.0,"[2, 3]",20.0,13.537,1,1.0,347,third
Qngbd5j9fz1wwlzoufgnlh221Q,learn_relquest,0.0,"[7, 2]",21.0,14.242,1,1.0,348,third
Qngbd5j9fz1wwlzoufgnlh221Q,learn_relquest,0.0,"[1, 5]",22.0,14.063,1,1.0,349,third
Qngbd5j9fz1wwlzoufgnlh221Q,learn_relquest,1.0,"[7, 1]",23.0,4.216,0,1.0,350,third
Qngbd5j9fz1wwlzoufgnlh221Q,learn_relquest,1.0,"[1, 4]",24.0,5.71,0,1.0,351,third
Qngbd5j9fz1wwlzoufgnlh221Q,learn_relquest,1.0,"[6, 5]",25.0,11.578,0,1.0,352,third
Qngbd5j9fz1wwlzoufgnlh221Q,learn_relquest,1.0,"[2, 6]",26.0,7.626,0,1.0,353,third
Qngbd5j9fz1wwlzoufgnlh221Q,learn_relquest,0.0,"[3, 4]",27.0,18.112,1,1.0,354,third
Qngbd5j9fz1wwlzoufgnlh221Q,learn_relquest,1.0,"[7, 1]",0.0,4.812,0,1.0,441,fourth
Qngbd5j9fz1wwlzoufgnlh221Q,learn_relquest,0.0,"[0, 3]",1.0,9.76,1,1.0,442,fourth
Qngbd5j9fz1wwlzoufgnlh221Q,learn_relquest,0.0,"[0, 2]",2.0,13.881,1,1.0,443,fourth
Qngbd5j9fz1wwlzoufgnlh221Q,learn_relquest,0.0,"[7, 3]",3.0,11.698,1,1.0,444,fourth
Qngbd5j9fz1wwlzoufgnlh221Q,learn_relquest,1.0,"[6, 5]",4.0,20.56,0,1.0,445,fourth
Qngbd5j9fz1wwlzoufgnlh221Q,learn_relquest,0.0,"[0, 6]",5.0,24.193,1,1.0,446,fourth
Qngbd5j9fz1wwlzoufgnlh221Q,learn_relquest,0.0,"[4, 7]",6.0,9.313,1,1.0,447,fourth
Qngbd5j9fz1wwlzoufgnlh221Q,learn_relquest,0.0,"[1, 0]",7.0,9.682,1,1.0,448,fourth
Qngbd5j9fz1wwlzoufgnlh221Q,learn_relquest,0.0,"[3, 7]",8.0,13.367,1,1.0,449,fourth
Qngbd5j9fz1wwlzoufgnlh221Q,learn_relquest,0.0,"[0, 5]",9.0,12.808,1,1.0,450,fourth
Qngbd5j9fz1wwlzoufgnlh221Q,learn_relquest,1.0,"[5, 6]",10.0,4.455,0,1.0,451,fourth
Qngbd5j9fz1wwlzoufgnlh221Q,learn_relquest,0.0,"[1, 6]",11.0,12.65,1,1.0,452,fourth
Qngbd5j9fz1wwlzoufgnlh221Q,learn_relquest,1.0,"[6, 7]",12.0,9.615,0,1.0,453,fourth
Qngbd5j9fz1wwlzoufgnlh221Q,learn_relquest,1.0,"[7, 0]",13.0,9.69,0,1.0,454,fourth
Qngbd5j9fz1wwlzoufgnlh221Q,learn_relquest,0.0,"[4, 6]",14.0,13.986,1,1.0,455,fourth
Qngbd5j9fz1wwlzoufgnlh221Q,learn_relquest,1.0,"[4, 1]",15.0,4.71,0,1.0,456,fourth
Qngbd5j9fz1wwlzoufgnlh221Q,learn_relquest,0.0,"[3, 1]",16.0,12.554,1,1.0,457,fourth
Qngbd5j9fz1wwlzoufgnlh221Q,learn_relquest,0.0,"[3, 0]",17.0,12.311,1,1.0,458,fourth
Qngbd5j9fz1wwlzoufgnlh221Q,learn_relquest,1.0,"[6, 2]",18.0,2.959,0,1.0,459,fourth
Qngbd5j9fz1wwlzoufgnlh221Q,learn_relquest,1.0,"[1, 4]",19.0,7.969,0,1.0,460,fourth
Qngbd5j9fz1wwlzoufgnlh221Q,learn_relquest,0.0,"[5, 7]",20.0,12.145,1,1.0,461,fourth
Qngbd5j9fz1wwlzoufgnlh221Q,learn_relquest,1.0,"[0, 7]",21.0,3.793,0,1.0,462,fourth
Qngbd5j9fz1wwlzoufgnlh221Q,learn_relquest,1.0,"[5, 3]",22.0,4.984,0,1.0,463,fourth
Qngbd5j9fz1wwlzoufgnlh221Q,learn_relquest,1.0,"[1, 7]",23.0,10.521,0,1.0,464,fourth
Qngbd5j9fz1wwlzoufgnlh221Q,learn_relquest,1.0,"[2, 6]",24.0,5.357,0,1.0,465,fourth
Qngbd5j9fz1wwlzoufgnlh221Q,learn_relquest,1.0,"[7, 6]",25.0,2.449,0,1.0,466,fourth
Qngbd5j9fz1wwlzoufgnlh221Q,learn_relquest,1.0,"[3, 5]",26.0,14.713,0,1.0,467,fourth
Qngbd5j9fz1wwlzoufgnlh221Q,learn_relquest,0.0,"[7, 2]",27.0,19.065,1,1.0,468,fourth
Qngbd5j9fz1wwlzoufgnlh221Q,learn_relquest,1.0,"[5, 6]",0.0,7.966,0,1.0,555,fifth
Qngbd5j9fz1wwlzoufgnlh221Q,learn_relquest,0.0,"[1, 0]",1.0,10.65,1,1.0,556,fifth
Qngbd5j9fz1wwlzoufgnlh221Q,learn_relquest,1.0,"[3, 5]",2.0,3.721,0,1.0,557,fifth
Qngbd5j9fz1wwlzoufgnlh221Q,learn_relquest,0.0,"[7, 3]",3.0,16.295,1,1.0,558,fifth
Qngbd5j9fz1wwlzoufgnlh221Q,learn_relquest,1.0,"[2, 6]",4.0,4.498,0,1.0,559,fifth
Qngbd5j9fz1wwlzoufgnlh221Q,learn_relquest,1.0,"[4, 1]",5.0,13.947,1,0.0,560,fifth
Qngbd5j9fz1wwlzoufgnlh221Q,learn_relquest,1.0,"[6, 7]",6.0,4.044,0,1.0,561,fifth
Qngbd5j9fz1wwlzoufgnlh221Q,learn_relquest,1.0,"[6, 2]",7.0,2.706,0,1.0,562,fifth
Qngbd5j9fz1wwlzoufgnlh221Q,learn_relquest,0.0,"[2, 7]",8.0,4.362,0,0.0,563,fifth
Qngbd5j9fz1wwlzoufgnlh221Q,learn_relquest,0.0,"[6, 4]",9.0,11.159,0,0.0,564,fifth
Qngbd5j9fz1wwlzoufgnlh221Q,learn_relquest,0.0,"[1, 2]",10.0,13.505,1,1.0,565,fifth
Qngbd5j9fz1wwlzoufgnlh221Q,learn_relquest,0.0,"[1, 3]",11.0,15.536,1,1.0,566,fifth
Qngbd5j9fz1wwlzoufgnlh221Q,learn_relquest,1.0,"[0, 7]",12.0,3.072,0,1.0,567,fifth
Qngbd5j9fz1wwlzoufgnlh221Q,learn_relquest,0.0,"[2, 4]",13.0,14.218,1,1.0,568,fifth
Qngbd5j9fz1wwlzoufgnlh221Q,learn_relquest,1.0,"[1, 4]",14.0,4.948,0,1.0,569,fifth
Qngbd5j9fz1wwlzoufgnlh221Q,learn_relquest,0.0,"[4, 6]",15.0,12.764,1,1.0,570,fifth
Qngbd5j9fz1wwlzoufgnlh221Q,learn_relquest,0.0,"[0, 1]",16.0,12.896,1,1.0,571,fifth
Qngbd5j9fz1wwlzoufgnlh221Q,learn_relquest,0.0,"[3, 0]",17.0,10.672,1,1.0,572,fifth
Qngbd5j9fz1wwlzoufgnlh221Q,learn_relquest,1.0,"[7, 1]",18.0,3.305,0,1.0,573,fifth
Qngbd5j9fz1wwlzoufgnlh221Q,learn_relquest,0.0,"[3, 4]",19.0,1.805,1,1.0,574,fifth
Qngbd5j9fz1wwlzoufgnlh221Q,learn_relquest,0.0,"[3, 2]",20.0,10.943,1,1.0,575,fifth
Qngbd5j9fz1wwlzoufgnlh221Q,learn_relquest,1.0,"[7, 6]",21.0,5.36,0,1.0,576,fifth
Qngbd5j9fz1wwlzoufgnlh221Q,learn_relquest,0.0,"[4, 0]",22.0,12.526,1,1.0,577,fifth
Qngbd5j9fz1wwlzoufgnlh221Q,learn_relquest,0.0,"[3, 7]",23.0,10.057,1,1.0,578,fifth
Qngbd5j9fz1wwlzoufgnlh221Q,learn_relquest,1.0,"[5, 3]",24.0,11.507,0,1.0,579,fifth
Qngbd5j9fz1wwlzoufgnlh221Q,learn_relquest,1.0,"[7, 0]",25.0,9.706,0,1.0,580,fifth
Qngbd5j9fz1wwlzoufgnlh221Q,learn_relquest,1.0,"[1, 7]",26.0,7.981,0,1.0,581,fifth
Qngbd5j9fz1wwlzoufgnlh221Q,learn_relquest,1.0,"[6, 5]",27.0,2.367,0,1.0,582,fifth
