subject_id,group_name,trial_ind_congrtest,pathpair_congrtest,acc_congrtest,rt_congrtest,response,consc_confratings_congrtest,clar_confratings_congrtest,diff_confratings_congrtest,conf_confratings_congrtest,freeeval_congrtest
Q7ifzwmoxgozplqq8sv5n99u9Q,rotational,0.0,"[[2, 6, 7, 1], [5, 6, 2]]",0.0,9.512,0,Fully conscious/deliberative,Fully clear,Quite hard,Rather unconfident,I tried to remember that way the colours were arranged as best as I could
Q7ifzwmoxgozplqq8sv5n99u9Q,rotational,1.0,"[[3, 5, 6, 7, 0], [2, 6, 7, 1]]",1.0,6.912,1,Fully conscious/deliberative,Fully clear,Quite hard,Rather unconfident,I tried to remember that way the colours were arranged as best as I could
Q7ifzwmoxgozplqq8sv5n99u9Q,rotational,2.0,"[[0, 7, 1, 4], [2, 6, 7]]",0.0,4.291,0,Fully conscious/deliberative,Fully clear,Quite hard,Rather unconfident,I tried to remember that way the colours were arranged as best as I could
Q7ifzwmoxgozplqq8sv5n99u9Q,rotational,3.0,"[[4, 1, 7, 6, 5], [4, 1, 7, 6]]",0.0,3.833,0,Fully conscious/deliberative,Fully clear,Quite hard,Rather unconfident,I tried to remember that way the colours were arranged as best as I could
Q7ifzwmoxgozplqq8sv5n99u9Q,rotational,4.0,"[[5, 6, 7, 1], [7, 1, 4]]",1.0,5.549,1,Fully conscious/deliberative,Fully clear,Quite hard,Rather unconfident,I tried to remember that way the colours were arranged as best as I could
Q7ifzwmoxgozplqq8sv5n99u9Q,rotational,5.0,"[[6, 5, 3], [5, 6, 7, 1]]",0.0,13.012,1,Fully conscious/deliberative,Fully clear,Quite hard,Rather unconfident,I tried to remember that way the colours were arranged as best as I could
Q7ifzwmoxgozplqq8sv5n99u9Q,rotational,6.0,"[[2, 6, 7], [4, 1, 7, 0]]",0.0,4.851,1,Fully conscious/deliberative,Fully clear,Quite hard,Rather unconfident,I tried to remember that way the colours were arranged as best as I could
Q7ifzwmoxgozplqq8sv5n99u9Q,rotational,7.0,"[[0, 7, 1], [1, 7, 6, 2]]",1.0,5.548,0,Fully conscious/deliberative,Fully clear,Quite hard,Rather unconfident,I tried to remember that way the colours were arranged as best as I could
Q7ifzwmoxgozplqq8sv5n99u9Q,rotational,8.0,"[[5, 6, 7], [0, 7, 1, 4]]",1.0,4.395,0,Fully conscious/deliberative,Fully clear,Quite hard,Rather unconfident,I tried to remember that way the colours were arranged as best as I could
Q7ifzwmoxgozplqq8sv5n99u9Q,rotational,9.0,"[[3, 5, 6], [1, 7, 6, 2]]",0.0,5.917,1,Fully conscious/deliberative,Fully clear,Quite hard,Rather unconfident,I tried to remember that way the colours were arranged as best as I could
Q7ifzwmoxgozplqq8sv5n99u9Q,rotational,10.0,"[[5, 6, 7, 1, 4], [3, 5, 6, 7]]",0.0,4.192,0,Fully conscious/deliberative,Fully clear,Quite hard,Rather unconfident,I tried to remember that way the colours were arranged as best as I could
Q7ifzwmoxgozplqq8sv5n99u9Q,rotational,11.0,"[[7, 6, 5], [4, 1, 7, 6]]",1.0,4.86,0,Fully conscious/deliberative,Fully clear,Quite hard,Rather unconfident,I tried to remember that way the colours were arranged as best as I could
Q7ifzwmoxgozplqq8sv5n99u9Q,rotational,12.0,"[[2, 6, 7, 1], [7, 6, 2]]",1.0,16.035,1,Fully conscious/deliberative,Fully clear,Quite hard,Rather unconfident,I tried to remember that way the colours were arranged as best as I could
Q7ifzwmoxgozplqq8sv5n99u9Q,rotational,13.0,"[[6, 7, 1, 4], [2, 6, 5]]",1.0,6.737,1,Fully conscious/deliberative,Fully clear,Quite hard,Rather unconfident,I tried to remember that way the colours were arranged as best as I could
Q7ifzwmoxgozplqq8sv5n99u9Q,rotational,14.0,"[[0, 7, 6, 5], [4, 1, 7]]",1.0,9.003,1,Fully conscious/deliberative,Fully clear,Quite hard,Rather unconfident,I tried to remember that way the colours were arranged as best as I could
Q7ifzwmoxgozplqq8sv5n99u9Q,rotational,15.0,"[[5, 6, 7, 0], [1, 7, 6]]",0.0,2.571,0,Fully conscious/deliberative,Fully clear,Quite hard,Rather unconfident,I tried to remember that way the colours were arranged as best as I could
Q7ifzwmoxgozplqq8sv5n99u9Q,rotational,16.0,"[[0, 7, 6, 5], [6, 7, 0]]",0.0,9.38,0,Fully conscious/deliberative,Fully clear,Quite hard,Rather unconfident,I tried to remember that way the colours were arranged as best as I could
Q7ifzwmoxgozplqq8sv5n99u9Q,rotational,17.0,"[[0, 7, 1], [2, 6, 5, 3]]",0.0,2.584,1,Fully conscious/deliberative,Fully clear,Quite hard,Rather unconfident,I tried to remember that way the colours were arranged as best as I could
Q7ifzwmoxgozplqq8sv5n99u9Q,rotational,18.0,"[[2, 6, 5, 3], [2, 6, 5]]",0.0,1.772,0,Fully conscious/deliberative,Fully clear,Quite hard,Rather unconfident,I tried to remember that way the colours were arranged as best as I could
Q7ifzwmoxgozplqq8sv5n99u9Q,rotational,19.0,"[[2, 6, 5], [3, 5, 6, 7]]",0.0,7.849,1,Fully conscious/deliberative,Fully clear,Quite hard,Rather unconfident,I tried to remember that way the colours were arranged as best as I could
Q7ifzwmoxgozplqq8sv5n99u9Q,rotational,20.0,"[[0, 7, 6, 5, 3], [2, 6, 7, 0]]",1.0,48.788,1,Fully conscious/deliberative,Fully clear,Quite hard,Rather unconfident,I tried to remember that way the colours were arranged as best as I could
Q7ifzwmoxgozplqq8sv5n99u9Q,rotational,21.0,"[[1, 7, 6, 5], [4, 1, 7]]",1.0,3.469,1,Fully conscious/deliberative,Fully clear,Quite hard,Rather unconfident,I tried to remember that way the colours were arranged as best as I could
Q7ifzwmoxgozplqq8sv5n99u9Q,rotational,22.0,"[[3, 5, 6, 7, 1], [2, 6, 7, 1]]",1.0,4.713,1,Fully conscious/deliberative,Fully clear,Quite hard,Rather unconfident,I tried to remember that way the colours were arranged as best as I could
Q7ifzwmoxgozplqq8sv5n99u9Q,rotational,23.0,"[[2, 6, 5], [0, 7, 1, 4]]",0.0,1.242,1,Fully conscious/deliberative,Fully clear,Quite hard,Rather unconfident,I tried to remember that way the colours were arranged as best as I could
Q7ifzwmoxgozplqq8sv5n99u9Q,rotational,24.0,"[[0, 7, 6, 5], [0, 7, 1]]",1.0,9.619,1,Fully conscious/deliberative,Fully clear,Quite hard,Rather unconfident,I tried to remember that way the colours were arranged as best as I could
Q7ifzwmoxgozplqq8sv5n99u9Q,rotational,25.0,"[[7, 6, 5], [2, 6, 7, 1]]",1.0,3.804,0,Fully conscious/deliberative,Fully clear,Quite hard,Rather unconfident,I tried to remember that way the colours were arranged as best as I could
Q7ifzwmoxgozplqq8sv5n99u9Q,rotational,26.0,"[[4, 1, 7, 0], [6, 7, 0]]",0.0,1.191,0,Fully conscious/deliberative,Fully clear,Quite hard,Rather unconfident,I tried to remember that way the colours were arranged as best as I could
Q7ifzwmoxgozplqq8sv5n99u9Q,rotational,27.0,"[[4, 1, 7, 6], [6, 5, 3]]",1.0,5.366,1,Fully conscious/deliberative,Fully clear,Quite hard,Rather unconfident,I tried to remember that way the colours were arranged as best as I could
Q7ifzwmoxgozplqq8sv5n99u9Q,rotational,28.0,"[[4, 1, 7, 6], [7, 6, 2]]",1.0,16.121,1,Fully conscious/deliberative,Fully clear,Quite hard,Rather unconfident,I tried to remember that way the colours were arranged as best as I could
Q7ifzwmoxgozplqq8sv5n99u9Q,rotational,29.0,"[[7, 6, 5], [3, 5, 6, 2]]",0.0,1.74,1,Fully conscious/deliberative,Fully clear,Quite hard,Rather unconfident,I tried to remember that way the colours were arranged as best as I could
Q7ifzwmoxgozplqq8sv5n99u9Q,rotational,30.0,"[[4, 1, 7, 6], [2, 6, 7]]",1.0,3.064,1,Fully conscious/deliberative,Fully clear,Quite hard,Rather unconfident,I tried to remember that way the colours were arranged as best as I could
Q7ifzwmoxgozplqq8sv5n99u9Q,rotational,31.0,"[[2, 6, 5], [0, 7, 6, 5]]",0.0,2.714,1,Fully conscious/deliberative,Fully clear,Quite hard,Rather unconfident,I tried to remember that way the colours were arranged as best as I could
Q7ifzwmoxgozplqq8sv5n99u9Q,rotational,32.0,"[[2, 6, 5], [1, 7, 6, 5]]",1.0,5.635,0,Fully conscious/deliberative,Fully clear,Quite hard,Rather unconfident,I tried to remember that way the colours were arranged as best as I could
Q7ifzwmoxgozplqq8sv5n99u9Q,rotational,33.0,"[[0, 7, 1, 4], [6, 5, 3]]",0.0,1.414,0,Fully conscious/deliberative,Fully clear,Quite hard,Rather unconfident,I tried to remember that way the colours were arranged as best as I could
Q7ifzwmoxgozplqq8sv5n99u9Q,rotational,34.0,"[[7, 6, 2], [3, 5, 6, 7]]",1.0,7.866,0,Fully conscious/deliberative,Fully clear,Quite hard,Rather unconfident,I tried to remember that way the colours were arranged as best as I could
Q7ifzwmoxgozplqq8sv5n99u9Q,rotational,35.0,"[[1, 7, 6, 2], [7, 1, 4]]",1.0,5.638,1,Fully conscious/deliberative,Fully clear,Quite hard,Rather unconfident,I tried to remember that way the colours were arranged as best as I could
Q7ifzwmoxgozplqq8sv5n99u9Q,rotational,36.0,"[[6, 7, 1, 4], [3, 5, 6, 7, 0]]",0.0,44.803,1,Fully conscious/deliberative,Fully clear,Quite hard,Rather unconfident,I tried to remember that way the colours were arranged as best as I could
Q7ifzwmoxgozplqq8sv5n99u9Q,rotational,37.0,"[[4, 1, 7, 0], [4, 1, 7, 6, 2]]",1.0,3.844,0,Fully conscious/deliberative,Fully clear,Quite hard,Rather unconfident,I tried to remember that way the colours were arranged as best as I could
Q7ifzwmoxgozplqq8sv5n99u9Q,rotational,38.0,"[[1, 7, 6, 5, 3], [2, 6, 5, 3]]",1.0,2.987,1,Fully conscious/deliberative,Fully clear,Quite hard,Rather unconfident,I tried to remember that way the colours were arranged as best as I could
Q7ifzwmoxgozplqq8sv5n99u9Q,rotational,39.0,"[[0, 7, 1], [1, 7, 6, 5]]",1.0,2.952,0,Fully conscious/deliberative,Fully clear,Quite hard,Rather unconfident,I tried to remember that way the colours were arranged as best as I could
Q7ifzwmoxgozplqq8sv5n99u9Q,rotational,40.0,"[[6, 5, 3], [6, 7, 1, 4]]",1.0,3.18,0,Fully conscious/deliberative,Fully clear,Quite hard,Rather unconfident,I tried to remember that way the colours were arranged as best as I could
Q7ifzwmoxgozplqq8sv5n99u9Q,rotational,41.0,"[[0, 7, 6], [3, 5, 6, 2]]",0.0,2.491,1,Fully conscious/deliberative,Fully clear,Quite hard,Rather unconfident,I tried to remember that way the colours were arranged as best as I could
Q7ifzwmoxgozplqq8sv5n99u9Q,rotational,42.0,"[[7, 6, 5, 3], [2, 6, 7, 1, 4]]",0.0,8.087,1,Fully conscious/deliberative,Fully clear,Quite hard,Rather unconfident,I tried to remember that way the colours were arranged as best as I could
Q7ifzwmoxgozplqq8sv5n99u9Q,rotational,43.0,"[[3, 5, 6, 2], [7, 1, 4]]",0.0,85.205,0,Fully conscious/deliberative,Fully clear,Quite hard,Rather unconfident,I tried to remember that way the colours were arranged as best as I could
Q7ifzwmoxgozplqq8sv5n99u9Q,rotational,44.0,"[[4, 1, 7, 6, 2], [0, 7, 6, 5]]",0.0,7.736,0,Fully conscious/deliberative,Fully clear,Quite hard,Rather unconfident,I tried to remember that way the colours were arranged as best as I could
Q7ifzwmoxgozplqq8sv5n99u9Q,rotational,45.0,"[[2, 6, 7, 1, 4], [2, 6, 5, 3]]",1.0,1.68,1,Fully conscious/deliberative,Fully clear,Quite hard,Rather unconfident,I tried to remember that way the colours were arranged as best as I could
Q7ifzwmoxgozplqq8sv5n99u9Q,rotational,46.0,"[[5, 6, 7], [5, 6, 7, 0]]",1.0,28.732,0,Fully conscious/deliberative,Fully clear,Quite hard,Rather unconfident,I tried to remember that way the colours were arranged as best as I could
Q7ifzwmoxgozplqq8sv5n99u9Q,rotational,47.0,"[[3, 5, 6, 7], [4, 1, 7, 6, 5]]",1.0,10.341,0,Fully conscious/deliberative,Fully clear,Quite hard,Rather unconfident,I tried to remember that way the colours were arranged as best as I could
Q7ifzwmoxgozplqq8sv5n99u9Q,rotational,48.0,"[[1, 7, 6, 2], [4, 1, 7]]",1.0,35.227,1,Fully conscious/deliberative,Fully clear,Quite hard,Rather unconfident,I tried to remember that way the colours were arranged as best as I could
Q7ifzwmoxgozplqq8sv5n99u9Q,rotational,49.0,"[[0, 7, 1], [4, 1, 7, 6]]",1.0,3.734,0,Fully conscious/deliberative,Fully clear,Quite hard,Rather unconfident,I tried to remember that way the colours were arranged as best as I could
Q7ifzwmoxgozplqq8sv5n99u9Q,rotational,50.0,"[[5, 6, 7], [2, 6, 7, 0]]",0.0,5.037,1,Fully conscious/deliberative,Fully clear,Quite hard,Rather unconfident,I tried to remember that way the colours were arranged as best as I could
Q7ifzwmoxgozplqq8sv5n99u9Q,rotational,51.0,"[[3, 5, 6, 7, 1, 4], [4, 1, 7, 6, 2]]",1.0,6.706,1,Fully conscious/deliberative,Fully clear,Quite hard,Rather unconfident,I tried to remember that way the colours were arranged as best as I could
Q7ifzwmoxgozplqq8sv5n99u9Q,rotational,52.0,"[[2, 6, 7, 1], [0, 7, 1]]",1.0,4.209,1,Fully conscious/deliberative,Fully clear,Quite hard,Rather unconfident,I tried to remember that way the colours were arranged as best as I could
Q7ifzwmoxgozplqq8sv5n99u9Q,rotational,53.0,"[[6, 7, 1], [5, 6, 7, 1]]",0.0,6.87,1,Fully conscious/deliberative,Fully clear,Quite hard,Rather unconfident,I tried to remember that way the colours were arranged as best as I could
Q7ifzwmoxgozplqq8sv5n99u9Q,rotational,54.0,"[[1, 7, 6, 5], [7, 6, 2]]",1.0,4.634,1,Fully conscious/deliberative,Fully clear,Quite hard,Rather unconfident,I tried to remember that way the colours were arranged as best as I could
Q7ifzwmoxgozplqq8sv5n99u9Q,rotational,55.0,"[[2, 6, 7, 0], [6, 5, 3]]",0.0,6.442,0,Fully conscious/deliberative,Fully clear,Quite hard,Rather unconfident,I tried to remember that way the colours were arranged as best as I could
Q7ifzwmoxgozplqq8sv5n99u9Q,rotational,56.0,"[[1, 7, 6, 5], [3, 5, 6, 7, 1]]",0.0,5.114,1,Fully conscious/deliberative,Fully clear,Quite hard,Rather unconfident,I tried to remember that way the colours were arranged as best as I could
Q7ifzwmoxgozplqq8sv5n99u9Q,rotational,57.0,"[[5, 6, 7, 1], [5, 6, 7]]",1.0,2.191,1,Fully conscious/deliberative,Fully clear,Quite hard,Rather unconfident,I tried to remember that way the colours were arranged as best as I could
Q7ifzwmoxgozplqq8sv5n99u9Q,rotational,58.0,"[[4, 1, 7, 6], [1, 7, 6, 5, 3]]",1.0,16.839,0,Fully conscious/deliberative,Fully clear,Quite hard,Rather unconfident,I tried to remember that way the colours were arranged as best as I could
Q7ifzwmoxgozplqq8sv5n99u9Q,rotational,59.0,"[[0, 7, 6, 2], [4, 1, 7]]",1.0,3.483,1,Fully conscious/deliberative,Fully clear,Quite hard,Rather unconfident,I tried to remember that way the colours were arranged as best as I could
Q7ifzwmoxgozplqq8sv5n99u9Q,rotational,60.0,"[[0, 7, 1, 4], [4, 1, 7, 6, 5]]",1.0,2.464,0,Fully conscious/deliberative,Fully clear,Quite hard,Rather unconfident,I tried to remember that way the colours were arranged as best as I could
Q7ifzwmoxgozplqq8sv5n99u9Q,rotational,61.0,"[[4, 1, 7, 0], [1, 7, 6]]",0.0,1.395,0,Fully conscious/deliberative,Fully clear,Quite hard,Rather unconfident,I tried to remember that way the colours were arranged as best as I could
Q7ifzwmoxgozplqq8sv5n99u9Q,rotational,62.0,"[[1, 7, 6, 2], [1, 7, 6]]",0.0,4.246,0,Fully conscious/deliberative,Fully clear,Quite hard,Rather unconfident,I tried to remember that way the colours were arranged as best as I could
Q7ifzwmoxgozplqq8sv5n99u9Q,rotational,63.0,"[[0, 7, 6, 2], [0, 7, 1]]",1.0,4.114,1,Fully conscious/deliberative,Fully clear,Quite hard,Rather unconfident,I tried to remember that way the colours were arranged as best as I could
Q7ifzwmoxgozplqq8sv5n99u9Q,rotational,64.0,"[[1, 7, 6], [3, 5, 6, 2]]",0.0,2.089,1,Fully conscious/deliberative,Fully clear,Quite hard,Rather unconfident,I tried to remember that way the colours were arranged as best as I could
Q894kmcghdp4j3uq6wv8pb4o4Q,rotational,0.0,"[[1, 7, 0], [1, 7, 6, 2]]",0.0,4.24,1,Fully conscious/deliberative,Fully clear,Quite hard,Rather confident,I was imagining the flower map in my mind.
Q894kmcghdp4j3uq6wv8pb4o4Q,rotational,1.0,"[[4, 1, 7, 0], [2, 6, 5]]",0.0,0.918,0,Fully conscious/deliberative,Fully clear,Quite hard,Rather confident,I was imagining the flower map in my mind.
Q894kmcghdp4j3uq6wv8pb4o4Q,rotational,2.0,"[[0, 7, 6, 5, 3], [0, 7, 6, 2]]",1.0,1.087,1,Fully conscious/deliberative,Fully clear,Quite hard,Rather confident,I was imagining the flower map in my mind.
Q894kmcghdp4j3uq6wv8pb4o4Q,rotational,3.0,"[[4, 1, 7, 0], [7, 6, 2]]",1.0,3.086,1,Fully conscious/deliberative,Fully clear,Quite hard,Rather confident,I was imagining the flower map in my mind.
Q894kmcghdp4j3uq6wv8pb4o4Q,rotational,4.0,"[[2, 6, 7, 1], [6, 7, 1]]",0.0,1.151,0,Fully conscious/deliberative,Fully clear,Quite hard,Rather confident,I was imagining the flower map in my mind.
Q894kmcghdp4j3uq6wv8pb4o4Q,rotational,5.0,"[[5, 6, 7, 0], [7, 6, 5]]",0.0,0.767,0,Fully conscious/deliberative,Fully clear,Quite hard,Rather confident,I was imagining the flower map in my mind.
Q894kmcghdp4j3uq6wv8pb4o4Q,rotational,6.0,"[[5, 6, 7, 1], [1, 7, 0]]",1.0,0.63,1,Fully conscious/deliberative,Fully clear,Quite hard,Rather confident,I was imagining the flower map in my mind.
Q894kmcghdp4j3uq6wv8pb4o4Q,rotational,7.0,"[[1, 7, 6, 5, 3], [1, 7, 6, 2]]",1.0,0.774,1,Fully conscious/deliberative,Fully clear,Quite hard,Rather confident,I was imagining the flower map in my mind.
Q894kmcghdp4j3uq6wv8pb4o4Q,rotational,8.0,"[[2, 6, 5], [1, 7, 6, 5]]",1.0,1.038,0,Fully conscious/deliberative,Fully clear,Quite hard,Rather confident,I was imagining the flower map in my mind.
Q894kmcghdp4j3uq6wv8pb4o4Q,rotational,9.0,"[[3, 5, 6, 7], [2, 6, 7, 1, 4]]",0.0,1.094,1,Fully conscious/deliberative,Fully clear,Quite hard,Rather confident,I was imagining the flower map in my mind.
Q894kmcghdp4j3uq6wv8pb4o4Q,rotational,10.0,"[[1, 7, 6], [3, 5, 6, 2]]",0.0,2.07,1,Fully conscious/deliberative,Fully clear,Quite hard,Rather confident,I was imagining the flower map in my mind.
Q894kmcghdp4j3uq6wv8pb4o4Q,rotational,11.0,"[[5, 6, 7, 0], [6, 7, 0]]",1.0,0.951,1,Fully conscious/deliberative,Fully clear,Quite hard,Rather confident,I was imagining the flower map in my mind.
Q894kmcghdp4j3uq6wv8pb4o4Q,rotational,12.0,"[[1, 7, 6, 5, 3], [4, 1, 7, 6]]",0.0,1.054,0,Fully conscious/deliberative,Fully clear,Quite hard,Rather confident,I was imagining the flower map in my mind.
Q894kmcghdp4j3uq6wv8pb4o4Q,rotational,13.0,"[[7, 6, 5], [4, 1, 7, 0]]",1.0,0.742,0,Fully conscious/deliberative,Fully clear,Quite hard,Rather confident,I was imagining the flower map in my mind.
Q894kmcghdp4j3uq6wv8pb4o4Q,rotational,14.0,"[[2, 6, 7], [2, 6, 7, 1]]",0.0,0.591,1,Fully conscious/deliberative,Fully clear,Quite hard,Rather confident,I was imagining the flower map in my mind.
Q894kmcghdp4j3uq6wv8pb4o4Q,rotational,15.0,"[[7, 6, 5, 3], [5, 6, 7, 1, 4]]",1.0,0.702,0,Fully conscious/deliberative,Fully clear,Quite hard,Rather confident,I was imagining the flower map in my mind.
Q894kmcghdp4j3uq6wv8pb4o4Q,rotational,16.0,"[[0, 7, 1, 4], [5, 6, 7, 1, 4]]",0.0,1.289,1,Fully conscious/deliberative,Fully clear,Quite hard,Rather confident,I was imagining the flower map in my mind.
Q894kmcghdp4j3uq6wv8pb4o4Q,rotational,17.0,"[[1, 7, 0], [1, 7, 6, 2]]",1.0,0.606,0,Fully conscious/deliberative,Fully clear,Quite hard,Rather confident,I was imagining the flower map in my mind.
Q894kmcghdp4j3uq6wv8pb4o4Q,rotational,18.0,"[[2, 6, 7], [6, 7, 1, 4]]",0.0,1.214,1,Fully conscious/deliberative,Fully clear,Quite hard,Rather confident,I was imagining the flower map in my mind.
Q894kmcghdp4j3uq6wv8pb4o4Q,rotational,19.0,"[[2, 6, 5], [4, 1, 7, 6]]",1.0,0.791,0,Fully conscious/deliberative,Fully clear,Quite hard,Rather confident,I was imagining the flower map in my mind.
Q894kmcghdp4j3uq6wv8pb4o4Q,rotational,20.0,"[[6, 7, 1, 4], [5, 6, 7]]",0.0,1.67,0,Fully conscious/deliberative,Fully clear,Quite hard,Rather confident,I was imagining the flower map in my mind.
Q894kmcghdp4j3uq6wv8pb4o4Q,rotational,21.0,"[[2, 6, 7, 1], [4, 1, 7]]",0.0,0.543,0,Fully conscious/deliberative,Fully clear,Quite hard,Rather confident,I was imagining the flower map in my mind.
Q894kmcghdp4j3uq6wv8pb4o4Q,rotational,22.0,"[[3, 5, 6, 2], [2, 6, 5]]",1.0,0.302,1,Fully conscious/deliberative,Fully clear,Quite hard,Rather confident,I was imagining the flower map in my mind.
Q894kmcghdp4j3uq6wv8pb4o4Q,rotational,23.0,"[[2, 6, 7], [3, 5, 6, 7]]",1.0,0.31,0,Fully conscious/deliberative,Fully clear,Quite hard,Rather confident,I was imagining the flower map in my mind.
Q894kmcghdp4j3uq6wv8pb4o4Q,rotational,24.0,"[[1, 7, 6, 5], [6, 7, 1]]",1.0,0.31,1,Fully conscious/deliberative,Fully clear,Quite hard,Rather confident,I was imagining the flower map in my mind.
Q894kmcghdp4j3uq6wv8pb4o4Q,rotational,25.0,"[[6, 7, 1, 4], [5, 6, 7, 1, 4]]",0.0,0.983,1,Fully conscious/deliberative,Fully clear,Quite hard,Rather confident,I was imagining the flower map in my mind.
Q894kmcghdp4j3uq6wv8pb4o4Q,rotational,26.0,"[[6, 7, 1, 4], [2, 6, 7]]",0.0,0.734,0,Fully conscious/deliberative,Fully clear,Quite hard,Rather confident,I was imagining the flower map in my mind.
Q894kmcghdp4j3uq6wv8pb4o4Q,rotational,27.0,"[[3, 5, 6], [4, 1, 7, 6]]",0.0,0.71,1,Fully conscious/deliberative,Fully clear,Quite hard,Rather confident,I was imagining the flower map in my mind.
Q894kmcghdp4j3uq6wv8pb4o4Q,rotational,28.0,"[[4, 1, 7, 0], [4, 1, 7, 6, 2]]",1.0,0.99,0,Fully conscious/deliberative,Fully clear,Quite hard,Rather confident,I was imagining the flower map in my mind.
Q894kmcghdp4j3uq6wv8pb4o4Q,rotational,29.0,"[[7, 6, 5], [2, 6, 7, 1]]",0.0,0.958,1,Fully conscious/deliberative,Fully clear,Quite hard,Rather confident,I was imagining the flower map in my mind.
Q894kmcghdp4j3uq6wv8pb4o4Q,rotational,30.0,"[[3, 5, 6, 2], [0, 7, 6]]",0.0,1.319,0,Fully conscious/deliberative,Fully clear,Quite hard,Rather confident,I was imagining the flower map in my mind.
Q894kmcghdp4j3uq6wv8pb4o4Q,rotational,31.0,"[[2, 6, 7, 1], [3, 5, 6]]",0.0,0.758,0,Fully conscious/deliberative,Fully clear,Quite hard,Rather confident,I was imagining the flower map in my mind.
Q894kmcghdp4j3uq6wv8pb4o4Q,rotational,32.0,"[[6, 7, 1, 4], [0, 7, 1]]",1.0,0.774,1,Fully conscious/deliberative,Fully clear,Quite hard,Rather confident,I was imagining the flower map in my mind.
Q894kmcghdp4j3uq6wv8pb4o4Q,rotational,33.0,"[[5, 6, 7, 1, 4], [3, 5, 6, 7]]",0.0,0.87,0,Fully conscious/deliberative,Fully clear,Quite hard,Rather confident,I was imagining the flower map in my mind.
Q894kmcghdp4j3uq6wv8pb4o4Q,rotational,34.0,"[[7, 1, 4], [5, 6, 7, 0]]",0.0,0.494,1,Fully conscious/deliberative,Fully clear,Quite hard,Rather confident,I was imagining the flower map in my mind.
Q894kmcghdp4j3uq6wv8pb4o4Q,rotational,35.0,"[[0, 7, 6, 2], [7, 6, 5]]",0.0,1.886,0,Fully conscious/deliberative,Fully clear,Quite hard,Rather confident,I was imagining the flower map in my mind.
Q894kmcghdp4j3uq6wv8pb4o4Q,rotational,36.0,"[[2, 6, 5, 3], [0, 7, 1]]",0.0,1.305,0,Fully conscious/deliberative,Fully clear,Quite hard,Rather confident,I was imagining the flower map in my mind.
Q894kmcghdp4j3uq6wv8pb4o4Q,rotational,37.0,"[[2, 6, 7, 1], [0, 7, 6, 5, 3]]",0.0,0.239,1,Fully conscious/deliberative,Fully clear,Quite hard,Rather confident,I was imagining the flower map in my mind.
Q894kmcghdp4j3uq6wv8pb4o4Q,rotational,38.0,"[[4, 1, 7, 0], [2, 6, 7]]",0.0,0.19,0,Fully conscious/deliberative,Fully clear,Quite hard,Rather confident,I was imagining the flower map in my mind.
Q894kmcghdp4j3uq6wv8pb4o4Q,rotational,39.0,"[[1, 7, 6, 2], [7, 1, 4]]",1.0,0.774,1,Fully conscious/deliberative,Fully clear,Quite hard,Rather confident,I was imagining the flower map in my mind.
Q894kmcghdp4j3uq6wv8pb4o4Q,rotational,40.0,"[[3, 5, 6], [5, 6, 7, 1]]",1.0,0.247,0,Fully conscious/deliberative,Fully clear,Quite hard,Rather confident,I was imagining the flower map in my mind.
Q894kmcghdp4j3uq6wv8pb4o4Q,rotational,41.0,"[[4, 1, 7, 6], [3, 5, 6, 7, 0]]",0.0,0.295,1,Fully conscious/deliberative,Fully clear,Quite hard,Rather confident,I was imagining the flower map in my mind.
Q894kmcghdp4j3uq6wv8pb4o4Q,rotational,42.0,"[[1, 7, 6], [0, 7, 1, 4]]",0.0,0.702,1,Fully conscious/deliberative,Fully clear,Quite hard,Rather confident,I was imagining the flower map in my mind.
Q894kmcghdp4j3uq6wv8pb4o4Q,rotational,43.0,"[[6, 7, 0], [4, 1, 7, 0]]",0.0,0.847,1,Fully conscious/deliberative,Fully clear,Quite hard,Rather confident,I was imagining the flower map in my mind.
Q894kmcghdp4j3uq6wv8pb4o4Q,rotational,44.0,"[[6, 7, 1], [5, 6, 7, 0]]",1.0,0.686,0,Fully conscious/deliberative,Fully clear,Quite hard,Rather confident,I was imagining the flower map in my mind.
Q894kmcghdp4j3uq6wv8pb4o4Q,rotational,45.0,"[[2, 6, 7, 0], [4, 1, 7]]",1.0,0.383,1,Fully conscious/deliberative,Fully clear,Quite hard,Rather confident,I was imagining the flower map in my mind.
Q894kmcghdp4j3uq6wv8pb4o4Q,rotational,46.0,"[[7, 6, 5, 3], [5, 6, 2]]",0.0,0.423,0,Fully conscious/deliberative,Fully clear,Quite hard,Rather confident,I was imagining the flower map in my mind.
Q894kmcghdp4j3uq6wv8pb4o4Q,rotational,47.0,"[[5, 6, 7, 1], [2, 6, 7]]",1.0,0.462,1,Fully conscious/deliberative,Fully clear,Quite hard,Rather confident,I was imagining the flower map in my mind.
Q894kmcghdp4j3uq6wv8pb4o4Q,rotational,48.0,"[[3, 5, 6, 2], [4, 1, 7, 6, 2]]",1.0,0.31,0,Fully conscious/deliberative,Fully clear,Quite hard,Rather confident,I was imagining the flower map in my mind.
Q894kmcghdp4j3uq6wv8pb4o4Q,rotational,49.0,"[[5, 6, 2], [1, 7, 6, 2]]",1.0,0.454,0,Fully conscious/deliberative,Fully clear,Quite hard,Rather confident,I was imagining the flower map in my mind.
Q894kmcghdp4j3uq6wv8pb4o4Q,rotational,50.0,"[[6, 5, 3], [4, 1, 7, 0]]",1.0,0.383,0,Fully conscious/deliberative,Fully clear,Quite hard,Rather confident,I was imagining the flower map in my mind.
Q894kmcghdp4j3uq6wv8pb4o4Q,rotational,51.0,"[[2, 6, 7, 0], [3, 5, 6]]",1.0,0.35,1,Fully conscious/deliberative,Fully clear,Quite hard,Rather confident,I was imagining the flower map in my mind.
Q894kmcghdp4j3uq6wv8pb4o4Q,rotational,52.0,"[[7, 6, 5], [5, 6, 7, 1]]",1.0,0.63,0,Fully conscious/deliberative,Fully clear,Quite hard,Rather confident,I was imagining the flower map in my mind.
Q894kmcghdp4j3uq6wv8pb4o4Q,rotational,53.0,"[[3, 5, 6, 2], [1, 7, 6, 5, 3]]",0.0,0.687,1,Fully conscious/deliberative,Fully clear,Quite hard,Rather confident,I was imagining the flower map in my mind.
Q894kmcghdp4j3uq6wv8pb4o4Q,rotational,54.0,"[[3, 5, 6], [6, 7, 1, 4]]",1.0,0.726,0,Fully conscious/deliberative,Fully clear,Quite hard,Rather confident,I was imagining the flower map in my mind.
Q894kmcghdp4j3uq6wv8pb4o4Q,rotational,55.0,"[[5, 6, 7, 1], [4, 1, 7]]",0.0,0.727,0,Fully conscious/deliberative,Fully clear,Quite hard,Rather confident,I was imagining the flower map in my mind.
Q894kmcghdp4j3uq6wv8pb4o4Q,rotational,56.0,"[[2, 6, 5, 3], [4, 1, 7]]",0.0,0.63,0,Fully conscious/deliberative,Fully clear,Quite hard,Rather confident,I was imagining the flower map in my mind.
Q894kmcghdp4j3uq6wv8pb4o4Q,rotational,57.0,"[[7, 1, 4], [1, 7, 6, 5]]",0.0,0.63,1,Fully conscious/deliberative,Fully clear,Quite hard,Rather confident,I was imagining the flower map in my mind.
Q894kmcghdp4j3uq6wv8pb4o4Q,rotational,58.0,"[[7, 6, 5], [3, 5, 6, 2]]",1.0,0.663,0,Fully conscious/deliberative,Fully clear,Quite hard,Rather confident,I was imagining the flower map in my mind.
Q894kmcghdp4j3uq6wv8pb4o4Q,rotational,59.0,"[[2, 6, 7, 1, 4], [0, 7, 6, 5]]",1.0,0.207,1,Fully conscious/deliberative,Fully clear,Quite hard,Rather confident,I was imagining the flower map in my mind.
Q894kmcghdp4j3uq6wv8pb4o4Q,rotational,60.0,"[[5, 6, 2], [5, 6, 7, 0]]",1.0,0.383,0,Fully conscious/deliberative,Fully clear,Quite hard,Rather confident,I was imagining the flower map in my mind.
Q894kmcghdp4j3uq6wv8pb4o4Q,rotational,61.0,"[[1, 7, 6, 5], [1, 7, 6, 5, 3]]",0.0,0.255,1,Fully conscious/deliberative,Fully clear,Quite hard,Rather confident,I was imagining the flower map in my mind.
Q894kmcghdp4j3uq6wv8pb4o4Q,rotational,62.0,"[[0, 7, 1], [0, 7, 6, 5]]",1.0,0.39,0,Fully conscious/deliberative,Fully clear,Quite hard,Rather confident,I was imagining the flower map in my mind.
Q894kmcghdp4j3uq6wv8pb4o4Q,rotational,63.0,"[[1, 7, 0], [0, 7, 6, 2]]",0.0,0.326,1,Fully conscious/deliberative,Fully clear,Quite hard,Rather confident,I was imagining the flower map in my mind.
Q894kmcghdp4j3uq6wv8pb4o4Q,rotational,64.0,"[[3, 5, 6, 7, 1, 4], [2, 6, 7, 1, 4]]",0.0,0.63,0,Fully conscious/deliberative,Fully clear,Quite hard,Rather confident,I was imagining the flower map in my mind.
Q8hawdaz510oac2zrhkt543r7Q,rotational,0.0,"[[4, 1, 7, 0], [4, 1, 7, 6, 2]]",0.0,20.863,1,Fairly conscious/deliberative,Somewhat clear,Hard,Rather unconfident,"I tried my best to remember the routes between the colours to calculate which had the fewest stopovers out of the options but this was very challenging, I think I remembered a few correctly but I did find myself guessing on some as my memory was not clear enough."
Q8hawdaz510oac2zrhkt543r7Q,rotational,1.0,"[[0, 7, 1], [2, 6, 7, 1]]",0.0,111.106,1,Fairly conscious/deliberative,Somewhat clear,Hard,Rather unconfident,"I tried my best to remember the routes between the colours to calculate which had the fewest stopovers out of the options but this was very challenging, I think I remembered a few correctly but I did find myself guessing on some as my memory was not clear enough."
Q8hawdaz510oac2zrhkt543r7Q,rotational,2.0,"[[0, 7, 6, 5], [2, 6, 7, 1, 4]]",1.0,27.243,0,Fairly conscious/deliberative,Somewhat clear,Hard,Rather unconfident,"I tried my best to remember the routes between the colours to calculate which had the fewest stopovers out of the options but this was very challenging, I think I remembered a few correctly but I did find myself guessing on some as my memory was not clear enough."
Q8hawdaz510oac2zrhkt543r7Q,rotational,3.0,"[[0, 7, 1, 4], [4, 1, 7, 6, 5]]",1.0,14.948,0,Fairly conscious/deliberative,Somewhat clear,Hard,Rather unconfident,"I tried my best to remember the routes between the colours to calculate which had the fewest stopovers out of the options but this was very challenging, I think I remembered a few correctly but I did find myself guessing on some as my memory was not clear enough."
Q8hawdaz510oac2zrhkt543r7Q,rotational,4.0,"[[0, 7, 6, 5], [0, 7, 1]]",1.0,14.746,1,Fairly conscious/deliberative,Somewhat clear,Hard,Rather unconfident,"I tried my best to remember the routes between the colours to calculate which had the fewest stopovers out of the options but this was very challenging, I think I remembered a few correctly but I did find myself guessing on some as my memory was not clear enough."
Q8hawdaz510oac2zrhkt543r7Q,rotational,5.0,"[[2, 6, 7], [5, 6, 7, 1]]",1.0,29.266,0,Fairly conscious/deliberative,Somewhat clear,Hard,Rather unconfident,"I tried my best to remember the routes between the colours to calculate which had the fewest stopovers out of the options but this was very challenging, I think I remembered a few correctly but I did find myself guessing on some as my memory was not clear enough."
Q8hawdaz510oac2zrhkt543r7Q,rotational,6.0,"[[6, 5, 3], [1, 7, 6, 2]]",1.0,13.395,0,Fairly conscious/deliberative,Somewhat clear,Hard,Rather unconfident,"I tried my best to remember the routes between the colours to calculate which had the fewest stopovers out of the options but this was very challenging, I think I remembered a few correctly but I did find myself guessing on some as my memory was not clear enough."
Q8hawdaz510oac2zrhkt543r7Q,rotational,7.0,"[[1, 7, 6, 5, 3], [1, 7, 6, 2]]",1.0,18.629,1,Fairly conscious/deliberative,Somewhat clear,Hard,Rather unconfident,"I tried my best to remember the routes between the colours to calculate which had the fewest stopovers out of the options but this was very challenging, I think I remembered a few correctly but I did find myself guessing on some as my memory was not clear enough."
Q8hawdaz510oac2zrhkt543r7Q,rotational,8.0,"[[2, 6, 7], [2, 6, 7, 1]]",0.0,12.06,1,Fairly conscious/deliberative,Somewhat clear,Hard,Rather unconfident,"I tried my best to remember the routes between the colours to calculate which had the fewest stopovers out of the options but this was very challenging, I think I remembered a few correctly but I did find myself guessing on some as my memory was not clear enough."
Q8hawdaz510oac2zrhkt543r7Q,rotational,9.0,"[[7, 6, 2], [4, 1, 7, 0]]",1.0,10.657,0,Fairly conscious/deliberative,Somewhat clear,Hard,Rather unconfident,"I tried my best to remember the routes between the colours to calculate which had the fewest stopovers out of the options but this was very challenging, I think I remembered a few correctly but I did find myself guessing on some as my memory was not clear enough."
Q8hawdaz510oac2zrhkt543r7Q,rotational,10.0,"[[4, 1, 7, 6], [3, 5, 6, 7, 1]]",0.0,7.768,1,Fairly conscious/deliberative,Somewhat clear,Hard,Rather unconfident,"I tried my best to remember the routes between the colours to calculate which had the fewest stopovers out of the options but this was very challenging, I think I remembered a few correctly but I did find myself guessing on some as my memory was not clear enough."
Q8hawdaz510oac2zrhkt543r7Q,rotational,11.0,"[[6, 7, 1], [4, 1, 7, 0]]",1.0,5.223,0,Fairly conscious/deliberative,Somewhat clear,Hard,Rather unconfident,"I tried my best to remember the routes between the colours to calculate which had the fewest stopovers out of the options but this was very challenging, I think I remembered a few correctly but I did find myself guessing on some as my memory was not clear enough."
Q8hawdaz510oac2zrhkt543r7Q,rotational,12.0,"[[0, 7, 6, 5], [2, 6, 5]]",1.0,7.929,1,Fairly conscious/deliberative,Somewhat clear,Hard,Rather unconfident,"I tried my best to remember the routes between the colours to calculate which had the fewest stopovers out of the options but this was very challenging, I think I remembered a few correctly but I did find myself guessing on some as my memory was not clear enough."
Q8hawdaz510oac2zrhkt543r7Q,rotational,13.0,"[[7, 6, 5, 3], [5, 6, 7, 1, 4]]",1.0,8.666,0,Fairly conscious/deliberative,Somewhat clear,Hard,Rather unconfident,"I tried my best to remember the routes between the colours to calculate which had the fewest stopovers out of the options but this was very challenging, I think I remembered a few correctly but I did find myself guessing on some as my memory was not clear enough."
Q8hawdaz510oac2zrhkt543r7Q,rotational,14.0,"[[3, 5, 6, 2], [2, 6, 7, 1, 4]]",1.0,10.167,0,Fairly conscious/deliberative,Somewhat clear,Hard,Rather unconfident,"I tried my best to remember the routes between the colours to calculate which had the fewest stopovers out of the options but this was very challenging, I think I remembered a few correctly but I did find myself guessing on some as my memory was not clear enough."
Q8hawdaz510oac2zrhkt543r7Q,rotational,15.0,"[[4, 1, 7, 6, 5], [6, 7, 1, 4]]",0.0,15.37,0,Fairly conscious/deliberative,Somewhat clear,Hard,Rather unconfident,"I tried my best to remember the routes between the colours to calculate which had the fewest stopovers out of the options but this was very challenging, I think I remembered a few correctly but I did find myself guessing on some as my memory was not clear enough."
Q8hawdaz510oac2zrhkt543r7Q,rotational,16.0,"[[7, 6, 5], [5, 6, 7, 0]]",1.0,21.052,0,Fairly conscious/deliberative,Somewhat clear,Hard,Rather unconfident,"I tried my best to remember the routes between the colours to calculate which had the fewest stopovers out of the options but this was very challenging, I think I remembered a few correctly but I did find myself guessing on some as my memory was not clear enough."
Q8hawdaz510oac2zrhkt543r7Q,rotational,17.0,"[[4, 1, 7], [0, 7, 6, 5]]",0.0,5.423,1,Fairly conscious/deliberative,Somewhat clear,Hard,Rather unconfident,"I tried my best to remember the routes between the colours to calculate which had the fewest stopovers out of the options but this was very challenging, I think I remembered a few correctly but I did find myself guessing on some as my memory was not clear enough."
Q8hawdaz510oac2zrhkt543r7Q,rotational,18.0,"[[2, 6, 7, 1], [3, 5, 6, 7, 0]]",1.0,21.576,0,Fairly conscious/deliberative,Somewhat clear,Hard,Rather unconfident,"I tried my best to remember the routes between the colours to calculate which had the fewest stopovers out of the options but this was very challenging, I think I remembered a few correctly but I did find myself guessing on some as my memory was not clear enough."
Q8hawdaz510oac2zrhkt543r7Q,rotational,19.0,"[[2, 6, 7], [6, 7, 1, 4]]",1.0,11.333,0,Fairly conscious/deliberative,Somewhat clear,Hard,Rather unconfident,"I tried my best to remember the routes between the colours to calculate which had the fewest stopovers out of the options but this was very challenging, I think I remembered a few correctly but I did find myself guessing on some as my memory was not clear enough."
Q8hawdaz510oac2zrhkt543r7Q,rotational,20.0,"[[2, 6, 5], [1, 7, 6, 5]]",1.0,10.88,0,Fairly conscious/deliberative,Somewhat clear,Hard,Rather unconfident,"I tried my best to remember the routes between the colours to calculate which had the fewest stopovers out of the options but this was very challenging, I think I remembered a few correctly but I did find myself guessing on some as my memory was not clear enough."
Q8hawdaz510oac2zrhkt543r7Q,rotational,21.0,"[[4, 1, 7, 0], [6, 5, 3]]",1.0,7.377,1,Fairly conscious/deliberative,Somewhat clear,Hard,Rather unconfident,"I tried my best to remember the routes between the colours to calculate which had the fewest stopovers out of the options but this was very challenging, I think I remembered a few correctly but I did find myself guessing on some as my memory was not clear enough."
Q8hawdaz510oac2zrhkt543r7Q,rotational,22.0,"[[2, 6, 7, 0], [0, 7, 6, 5, 3]]",1.0,7.111,0,Fairly conscious/deliberative,Somewhat clear,Hard,Rather unconfident,"I tried my best to remember the routes between the colours to calculate which had the fewest stopovers out of the options but this was very challenging, I think I remembered a few correctly but I did find myself guessing on some as my memory was not clear enough."
Q8hawdaz510oac2zrhkt543r7Q,rotational,23.0,"[[6, 7, 0], [0, 7, 1, 4]]",1.0,14.727,0,Fairly conscious/deliberative,Somewhat clear,Hard,Rather unconfident,"I tried my best to remember the routes between the colours to calculate which had the fewest stopovers out of the options but this was very challenging, I think I remembered a few correctly but I did find myself guessing on some as my memory was not clear enough."
Q8hawdaz510oac2zrhkt543r7Q,rotational,24.0,"[[4, 1, 7, 6], [3, 5, 6, 7, 0]]",1.0,4.669,0,Fairly conscious/deliberative,Somewhat clear,Hard,Rather unconfident,"I tried my best to remember the routes between the colours to calculate which had the fewest stopovers out of the options but this was very challenging, I think I remembered a few correctly but I did find myself guessing on some as my memory was not clear enough."
Q8hawdaz510oac2zrhkt543r7Q,rotational,25.0,"[[7, 6, 2], [0, 7, 1, 4]]",1.0,11.327,0,Fairly conscious/deliberative,Somewhat clear,Hard,Rather unconfident,"I tried my best to remember the routes between the colours to calculate which had the fewest stopovers out of the options but this was very challenging, I think I remembered a few correctly but I did find myself guessing on some as my memory was not clear enough."
Q8hawdaz510oac2zrhkt543r7Q,rotational,26.0,"[[6, 7, 1], [2, 6, 5, 3]]",1.0,4.829,0,Fairly conscious/deliberative,Somewhat clear,Hard,Rather unconfident,"I tried my best to remember the routes between the colours to calculate which had the fewest stopovers out of the options but this was very challenging, I think I remembered a few correctly but I did find myself guessing on some as my memory was not clear enough."
Q8hawdaz510oac2zrhkt543r7Q,rotational,27.0,"[[6, 7, 1, 4], [0, 7, 1]]",1.0,4.729,1,Fairly conscious/deliberative,Somewhat clear,Hard,Rather unconfident,"I tried my best to remember the routes between the colours to calculate which had the fewest stopovers out of the options but this was very challenging, I think I remembered a few correctly but I did find myself guessing on some as my memory was not clear enough."
Q8hawdaz510oac2zrhkt543r7Q,rotational,28.0,"[[7, 6, 2], [3, 5, 6, 7]]",0.0,10.02,1,Fairly conscious/deliberative,Somewhat clear,Hard,Rather unconfident,"I tried my best to remember the routes between the colours to calculate which had the fewest stopovers out of the options but this was very challenging, I think I remembered a few correctly but I did find myself guessing on some as my memory was not clear enough."
Q8hawdaz510oac2zrhkt543r7Q,rotational,29.0,"[[1, 7, 0], [1, 7, 6, 2]]",1.0,21.738,0,Fairly conscious/deliberative,Somewhat clear,Hard,Rather unconfident,"I tried my best to remember the routes between the colours to calculate which had the fewest stopovers out of the options but this was very challenging, I think I remembered a few correctly but I did find myself guessing on some as my memory was not clear enough."
Q8hawdaz510oac2zrhkt543r7Q,rotational,30.0,"[[2, 6, 5, 3], [6, 7, 0]]",0.0,6.609,0,Fairly conscious/deliberative,Somewhat clear,Hard,Rather unconfident,"I tried my best to remember the routes between the colours to calculate which had the fewest stopovers out of the options but this was very challenging, I think I remembered a few correctly but I did find myself guessing on some as my memory was not clear enough."
Q8hawdaz510oac2zrhkt543r7Q,rotational,31.0,"[[2, 6, 7, 0], [6, 5, 3]]",0.0,8.077,0,Fairly conscious/deliberative,Somewhat clear,Hard,Rather unconfident,"I tried my best to remember the routes between the colours to calculate which had the fewest stopovers out of the options but this was very challenging, I think I remembered a few correctly but I did find myself guessing on some as my memory was not clear enough."
Q8hawdaz510oac2zrhkt543r7Q,rotational,32.0,"[[7, 1, 4], [2, 6, 7, 1]]",1.0,5.337,0,Fairly conscious/deliberative,Somewhat clear,Hard,Rather unconfident,"I tried my best to remember the routes between the colours to calculate which had the fewest stopovers out of the options but this was very challenging, I think I remembered a few correctly but I did find myself guessing on some as my memory was not clear enough."
Q8hawdaz510oac2zrhkt543r7Q,rotational,33.0,"[[1, 7, 6], [5, 6, 7, 0]]",1.0,5.565,0,Fairly conscious/deliberative,Somewhat clear,Hard,Rather unconfident,"I tried my best to remember the routes between the colours to calculate which had the fewest stopovers out of the options but this was very challenging, I think I remembered a few correctly but I did find myself guessing on some as my memory was not clear enough."
Q8hawdaz510oac2zrhkt543r7Q,rotational,34.0,"[[2, 6, 7, 0], [0, 7, 1]]",1.0,11.42,1,Fairly conscious/deliberative,Somewhat clear,Hard,Rather unconfident,"I tried my best to remember the routes between the colours to calculate which had the fewest stopovers out of the options but this was very challenging, I think I remembered a few correctly but I did find myself guessing on some as my memory was not clear enough."
Q8hawdaz510oac2zrhkt543r7Q,rotational,35.0,"[[6, 7, 1, 4], [5, 6, 7]]",0.0,8.565,0,Fairly conscious/deliberative,Somewhat clear,Hard,Rather unconfident,"I tried my best to remember the routes between the colours to calculate which had the fewest stopovers out of the options but this was very challenging, I think I remembered a few correctly but I did find myself guessing on some as my memory was not clear enough."
Q8hawdaz510oac2zrhkt543r7Q,rotational,36.0,"[[2, 6, 7, 1], [1, 7, 6]]",1.0,7.967,1,Fairly conscious/deliberative,Somewhat clear,Hard,Rather unconfident,"I tried my best to remember the routes between the colours to calculate which had the fewest stopovers out of the options but this was very challenging, I think I remembered a few correctly but I did find myself guessing on some as my memory was not clear enough."
Q8hawdaz510oac2zrhkt543r7Q,rotational,37.0,"[[0, 7, 6], [5, 6, 7, 0]]",1.0,7.951,0,Fairly conscious/deliberative,Somewhat clear,Hard,Rather unconfident,"I tried my best to remember the routes between the colours to calculate which had the fewest stopovers out of the options but this was very challenging, I think I remembered a few correctly but I did find myself guessing on some as my memory was not clear enough."
Q8hawdaz510oac2zrhkt543r7Q,rotational,38.0,"[[1, 7, 6, 2], [4, 1, 7]]",1.0,3.869,1,Fairly conscious/deliberative,Somewhat clear,Hard,Rather unconfident,"I tried my best to remember the routes between the colours to calculate which had the fewest stopovers out of the options but this was very challenging, I think I remembered a few correctly but I did find myself guessing on some as my memory was not clear enough."
Q8hawdaz510oac2zrhkt543r7Q,rotational,39.0,"[[7, 1, 4], [3, 5, 6, 2]]",1.0,1.761,0,Fairly conscious/deliberative,Somewhat clear,Hard,Rather unconfident,"I tried my best to remember the routes between the colours to calculate which had the fewest stopovers out of the options but this was very challenging, I think I remembered a few correctly but I did find myself guessing on some as my memory was not clear enough."
Q8hawdaz510oac2zrhkt543r7Q,rotational,40.0,"[[3, 5, 6, 7], [5, 6, 2]]",1.0,7.095,1,Fairly conscious/deliberative,Somewhat clear,Hard,Rather unconfident,"I tried my best to remember the routes between the colours to calculate which had the fewest stopovers out of the options but this was very challenging, I think I remembered a few correctly but I did find myself guessing on some as my memory was not clear enough."
Q8hawdaz510oac2zrhkt543r7Q,rotational,41.0,"[[5, 6, 7, 1], [7, 1, 4]]",1.0,3.75,1,Fairly conscious/deliberative,Somewhat clear,Hard,Rather unconfident,"I tried my best to remember the routes between the colours to calculate which had the fewest stopovers out of the options but this was very challenging, I think I remembered a few correctly but I did find myself guessing on some as my memory was not clear enough."
Q8hawdaz510oac2zrhkt543r7Q,rotational,42.0,"[[5, 6, 2], [6, 7, 1, 4]]",1.0,9.141,0,Fairly conscious/deliberative,Somewhat clear,Hard,Rather unconfident,"I tried my best to remember the routes between the colours to calculate which had the fewest stopovers out of the options but this was very challenging, I think I remembered a few correctly but I did find myself guessing on some as my memory was not clear enough."
Q8hawdaz510oac2zrhkt543r7Q,rotational,43.0,"[[3, 5, 6], [6, 7, 1, 4]]",1.0,3.827,0,Fairly conscious/deliberative,Somewhat clear,Hard,Rather unconfident,"I tried my best to remember the routes between the colours to calculate which had the fewest stopovers out of the options but this was very challenging, I think I remembered a few correctly but I did find myself guessing on some as my memory was not clear enough."
Q8hawdaz510oac2zrhkt543r7Q,rotational,44.0,"[[2, 6, 5], [1, 7, 6, 2]]",0.0,8.617,1,Fairly conscious/deliberative,Somewhat clear,Hard,Rather unconfident,"I tried my best to remember the routes between the colours to calculate which had the fewest stopovers out of the options but this was very challenging, I think I remembered a few correctly but I did find myself guessing on some as my memory was not clear enough."
Q8hawdaz510oac2zrhkt543r7Q,rotational,45.0,"[[1, 7, 6, 5, 3], [5, 6, 7, 1]]",0.0,6.34,0,Fairly conscious/deliberative,Somewhat clear,Hard,Rather unconfident,"I tried my best to remember the routes between the colours to calculate which had the fewest stopovers out of the options but this was very challenging, I think I remembered a few correctly but I did find myself guessing on some as my memory was not clear enough."
Q8hawdaz510oac2zrhkt543r7Q,rotational,46.0,"[[0, 7, 6, 2], [7, 6, 5]]",1.0,9.992,1,Fairly conscious/deliberative,Somewhat clear,Hard,Rather unconfident,"I tried my best to remember the routes between the colours to calculate which had the fewest stopovers out of the options but this was very challenging, I think I remembered a few correctly but I did find myself guessing on some as my memory was not clear enough."
Q8hawdaz510oac2zrhkt543r7Q,rotational,47.0,"[[1, 7, 6, 2], [5, 6, 7]]",1.0,10.395,1,Fairly conscious/deliberative,Somewhat clear,Hard,Rather unconfident,"I tried my best to remember the routes between the colours to calculate which had the fewest stopovers out of the options but this was very challenging, I think I remembered a few correctly but I did find myself guessing on some as my memory was not clear enough."
Q8hawdaz510oac2zrhkt543r7Q,rotational,48.0,"[[5, 6, 2], [0, 7, 1, 4]]",1.0,5.064,0,Fairly conscious/deliberative,Somewhat clear,Hard,Rather unconfident,"I tried my best to remember the routes between the colours to calculate which had the fewest stopovers out of the options but this was very challenging, I think I remembered a few correctly but I did find myself guessing on some as my memory was not clear enough."
Q8hawdaz510oac2zrhkt543r7Q,rotational,49.0,"[[1, 7, 6, 5], [6, 5, 3]]",1.0,7.4,1,Fairly conscious/deliberative,Somewhat clear,Hard,Rather unconfident,"I tried my best to remember the routes between the colours to calculate which had the fewest stopovers out of the options but this was very challenging, I think I remembered a few correctly but I did find myself guessing on some as my memory was not clear enough."
Q8hawdaz510oac2zrhkt543r7Q,rotational,50.0,"[[2, 6, 7, 0], [7, 1, 4]]",1.0,2.752,1,Fairly conscious/deliberative,Somewhat clear,Hard,Rather unconfident,"I tried my best to remember the routes between the colours to calculate which had the fewest stopovers out of the options but this was very challenging, I think I remembered a few correctly but I did find myself guessing on some as my memory was not clear enough."
Q8hawdaz510oac2zrhkt543r7Q,rotational,51.0,"[[4, 1, 7, 6], [7, 6, 2]]",1.0,8.119,1,Fairly conscious/deliberative,Somewhat clear,Hard,Rather unconfident,"I tried my best to remember the routes between the colours to calculate which had the fewest stopovers out of the options but this was very challenging, I think I remembered a few correctly but I did find myself guessing on some as my memory was not clear enough."
Q8hawdaz510oac2zrhkt543r7Q,rotational,52.0,"[[5, 6, 2], [3, 5, 6, 2]]",1.0,4.368,0,Fairly conscious/deliberative,Somewhat clear,Hard,Rather unconfident,"I tried my best to remember the routes between the colours to calculate which had the fewest stopovers out of the options but this was very challenging, I think I remembered a few correctly but I did find myself guessing on some as my memory was not clear enough."
Q8hawdaz510oac2zrhkt543r7Q,rotational,53.0,"[[4, 1, 7, 6, 2], [7, 6, 5, 3]]",1.0,4.585,1,Fairly conscious/deliberative,Somewhat clear,Hard,Rather unconfident,"I tried my best to remember the routes between the colours to calculate which had the fewest stopovers out of the options but this was very challenging, I think I remembered a few correctly but I did find myself guessing on some as my memory was not clear enough."
Q8hawdaz510oac2zrhkt543r7Q,rotational,54.0,"[[4, 1, 7, 6, 5, 3], [4, 1, 7, 6, 2]]",1.0,8.572,1,Fairly conscious/deliberative,Somewhat clear,Hard,Rather unconfident,"I tried my best to remember the routes between the colours to calculate which had the fewest stopovers out of the options but this was very challenging, I think I remembered a few correctly but I did find myself guessing on some as my memory was not clear enough."
Q8hawdaz510oac2zrhkt543r7Q,rotational,55.0,"[[5, 6, 7, 1], [7, 6, 5]]",1.0,13.499,1,Fairly conscious/deliberative,Somewhat clear,Hard,Rather unconfident,"I tried my best to remember the routes between the colours to calculate which had the fewest stopovers out of the options but this was very challenging, I think I remembered a few correctly but I did find myself guessing on some as my memory was not clear enough."
Q8hawdaz510oac2zrhkt543r7Q,rotational,56.0,"[[5, 6, 7, 1], [0, 7, 1]]",1.0,3.758,1,Fairly conscious/deliberative,Somewhat clear,Hard,Rather unconfident,"I tried my best to remember the routes between the colours to calculate which had the fewest stopovers out of the options but this was very challenging, I think I remembered a few correctly but I did find myself guessing on some as my memory was not clear enough."
Q8hawdaz510oac2zrhkt543r7Q,rotational,57.0,"[[1, 7, 6, 5], [1, 7, 6]]",0.0,5.827,0,Fairly conscious/deliberative,Somewhat clear,Hard,Rather unconfident,"I tried my best to remember the routes between the colours to calculate which had the fewest stopovers out of the options but this was very challenging, I think I remembered a few correctly but I did find myself guessing on some as my memory was not clear enough."
Q8hawdaz510oac2zrhkt543r7Q,rotational,58.0,"[[0, 7, 1], [2, 6, 5, 3]]",1.0,4.742,0,Fairly conscious/deliberative,Somewhat clear,Hard,Rather unconfident,"I tried my best to remember the routes between the colours to calculate which had the fewest stopovers out of the options but this was very challenging, I think I remembered a few correctly but I did find myself guessing on some as my memory was not clear enough."
Q8hawdaz510oac2zrhkt543r7Q,rotational,59.0,"[[2, 6, 5, 3], [1, 7, 6, 5, 3]]",0.0,5.181,1,Fairly conscious/deliberative,Somewhat clear,Hard,Rather unconfident,"I tried my best to remember the routes between the colours to calculate which had the fewest stopovers out of the options but this was very challenging, I think I remembered a few correctly but I did find myself guessing on some as my memory was not clear enough."
Q8hawdaz510oac2zrhkt543r7Q,rotational,60.0,"[[5, 6, 7], [2, 6, 5, 3]]",1.0,6.225,0,Fairly conscious/deliberative,Somewhat clear,Hard,Rather unconfident,"I tried my best to remember the routes between the colours to calculate which had the fewest stopovers out of the options but this was very challenging, I think I remembered a few correctly but I did find myself guessing on some as my memory was not clear enough."
Q8hawdaz510oac2zrhkt543r7Q,rotational,61.0,"[[6, 5, 3], [4, 1, 7, 6]]",1.0,3.964,0,Fairly conscious/deliberative,Somewhat clear,Hard,Rather unconfident,"I tried my best to remember the routes between the colours to calculate which had the fewest stopovers out of the options but this was very challenging, I think I remembered a few correctly but I did find myself guessing on some as my memory was not clear enough."
Q8hawdaz510oac2zrhkt543r7Q,rotational,62.0,"[[4, 1, 7], [1, 7, 6, 5]]",1.0,4.399,0,Fairly conscious/deliberative,Somewhat clear,Hard,Rather unconfident,"I tried my best to remember the routes between the colours to calculate which had the fewest stopovers out of the options but this was very challenging, I think I remembered a few correctly but I did find myself guessing on some as my memory was not clear enough."
Q8hawdaz510oac2zrhkt543r7Q,rotational,63.0,"[[3, 5, 6, 7], [5, 6, 7, 1, 4]]",1.0,5.135,0,Fairly conscious/deliberative,Somewhat clear,Hard,Rather unconfident,"I tried my best to remember the routes between the colours to calculate which had the fewest stopovers out of the options but this was very challenging, I think I remembered a few correctly but I did find myself guessing on some as my memory was not clear enough."
Q8hawdaz510oac2zrhkt543r7Q,rotational,64.0,"[[0, 7, 1, 4], [5, 6, 7]]",1.0,7.095,1,Fairly conscious/deliberative,Somewhat clear,Hard,Rather unconfident,"I tried my best to remember the routes between the colours to calculate which had the fewest stopovers out of the options but this was very challenging, I think I remembered a few correctly but I did find myself guessing on some as my memory was not clear enough."
Q97y3qyb4guhyiaaxgq3txi89Q,rotational,0.0,"[[1, 7, 6, 2], [4, 1, 7]]",1.0,9.262,1,Fully intuitive/unconscious,Fully clear,Hard,Rather unconfident,"My strategy was to use my power of recall from yesterday's task. However, the process had to then become unconsciously intuitive as there seemed to be a barrier in my ability to recall."
Q97y3qyb4guhyiaaxgq3txi89Q,rotational,1.0,"[[5, 6, 7, 1, 4], [7, 6, 5, 3]]",1.0,3.03,1,Fully intuitive/unconscious,Fully clear,Hard,Rather unconfident,"My strategy was to use my power of recall from yesterday's task. However, the process had to then become unconsciously intuitive as there seemed to be a barrier in my ability to recall."
Q97y3qyb4guhyiaaxgq3txi89Q,rotational,2.0,"[[6, 7, 1, 4], [7, 6, 5]]",0.0,1.644,0,Fully intuitive/unconscious,Fully clear,Hard,Rather unconfident,"My strategy was to use my power of recall from yesterday's task. However, the process had to then become unconsciously intuitive as there seemed to be a barrier in my ability to recall."
Q97y3qyb4guhyiaaxgq3txi89Q,rotational,3.0,"[[3, 5, 6, 7, 1], [1, 7, 6, 5]]",0.0,4.033,0,Fully intuitive/unconscious,Fully clear,Hard,Rather unconfident,"My strategy was to use my power of recall from yesterday's task. However, the process had to then become unconsciously intuitive as there seemed to be a barrier in my ability to recall."
Q97y3qyb4guhyiaaxgq3txi89Q,rotational,4.0,"[[5, 6, 7, 1, 4], [0, 7, 1, 4]]",1.0,2.448,1,Fully intuitive/unconscious,Fully clear,Hard,Rather unconfident,"My strategy was to use my power of recall from yesterday's task. However, the process had to then become unconsciously intuitive as there seemed to be a barrier in my ability to recall."
Q97y3qyb4guhyiaaxgq3txi89Q,rotational,5.0,"[[5, 6, 7], [2, 6, 7, 0]]",0.0,2.129,1,Fully intuitive/unconscious,Fully clear,Hard,Rather unconfident,"My strategy was to use my power of recall from yesterday's task. However, the process had to then become unconsciously intuitive as there seemed to be a barrier in my ability to recall."
Q97y3qyb4guhyiaaxgq3txi89Q,rotational,6.0,"[[1, 7, 0], [0, 7, 6, 5]]",1.0,2.064,0,Fully intuitive/unconscious,Fully clear,Hard,Rather unconfident,"My strategy was to use my power of recall from yesterday's task. However, the process had to then become unconsciously intuitive as there seemed to be a barrier in my ability to recall."
Q97y3qyb4guhyiaaxgq3txi89Q,rotational,7.0,"[[4, 1, 7], [5, 6, 7, 1]]",1.0,1.897,0,Fully intuitive/unconscious,Fully clear,Hard,Rather unconfident,"My strategy was to use my power of recall from yesterday's task. However, the process had to then become unconsciously intuitive as there seemed to be a barrier in my ability to recall."
Q97y3qyb4guhyiaaxgq3txi89Q,rotational,8.0,"[[7, 6, 2], [7, 6, 5, 3]]",1.0,2.727,0,Fully intuitive/unconscious,Fully clear,Hard,Rather unconfident,"My strategy was to use my power of recall from yesterday's task. However, the process had to then become unconsciously intuitive as there seemed to be a barrier in my ability to recall."
Q97y3qyb4guhyiaaxgq3txi89Q,rotational,9.0,"[[4, 1, 7, 0], [2, 6, 5]]",0.0,4.015,0,Fully intuitive/unconscious,Fully clear,Hard,Rather unconfident,"My strategy was to use my power of recall from yesterday's task. However, the process had to then become unconsciously intuitive as there seemed to be a barrier in my ability to recall."
Q97y3qyb4guhyiaaxgq3txi89Q,rotational,10.0,"[[3, 5, 6, 7, 0], [2, 6, 7, 1]]",0.0,1.87,0,Fully intuitive/unconscious,Fully clear,Hard,Rather unconfident,"My strategy was to use my power of recall from yesterday's task. However, the process had to then become unconsciously intuitive as there seemed to be a barrier in my ability to recall."
Q97y3qyb4guhyiaaxgq3txi89Q,rotational,11.0,"[[5, 6, 7, 1], [3, 5, 6]]",1.0,2.08,1,Fully intuitive/unconscious,Fully clear,Hard,Rather unconfident,"My strategy was to use my power of recall from yesterday's task. However, the process had to then become unconsciously intuitive as there seemed to be a barrier in my ability to recall."
Q97y3qyb4guhyiaaxgq3txi89Q,rotational,12.0,"[[3, 5, 6, 7], [4, 1, 7, 6, 2]]",1.0,1.678,0,Fully intuitive/unconscious,Fully clear,Hard,Rather unconfident,"My strategy was to use my power of recall from yesterday's task. However, the process had to then become unconsciously intuitive as there seemed to be a barrier in my ability to recall."
Q97y3qyb4guhyiaaxgq3txi89Q,rotational,13.0,"[[2, 6, 5, 3], [1, 7, 6, 5, 3]]",1.0,1.55,0,Fully intuitive/unconscious,Fully clear,Hard,Rather unconfident,"My strategy was to use my power of recall from yesterday's task. However, the process had to then become unconsciously intuitive as there seemed to be a barrier in my ability to recall."
Q97y3qyb4guhyiaaxgq3txi89Q,rotational,14.0,"[[4, 1, 7, 6], [2, 6, 7]]",1.0,1.679,1,Fully intuitive/unconscious,Fully clear,Hard,Rather unconfident,"My strategy was to use my power of recall from yesterday's task. However, the process had to then become unconsciously intuitive as there seemed to be a barrier in my ability to recall."
Q97y3qyb4guhyiaaxgq3txi89Q,rotational,15.0,"[[4, 1, 7, 6, 2], [5, 6, 7, 0]]",1.0,2.065,1,Fully intuitive/unconscious,Fully clear,Hard,Rather unconfident,"My strategy was to use my power of recall from yesterday's task. However, the process had to then become unconsciously intuitive as there seemed to be a barrier in my ability to recall."
Q97y3qyb4guhyiaaxgq3txi89Q,rotational,16.0,"[[5, 6, 2], [2, 6, 5, 3]]",0.0,1.928,1,Fully intuitive/unconscious,Fully clear,Hard,Rather unconfident,"My strategy was to use my power of recall from yesterday's task. However, the process had to then become unconsciously intuitive as there seemed to be a barrier in my ability to recall."
Q97y3qyb4guhyiaaxgq3txi89Q,rotational,17.0,"[[2, 6, 7], [4, 1, 7, 0]]",1.0,1.681,0,Fully intuitive/unconscious,Fully clear,Hard,Rather unconfident,"My strategy was to use my power of recall from yesterday's task. However, the process had to then become unconsciously intuitive as there seemed to be a barrier in my ability to recall."
Q97y3qyb4guhyiaaxgq3txi89Q,rotational,18.0,"[[4, 1, 7, 6], [0, 7, 6, 5, 3]]",1.0,1.066,0,Fully intuitive/unconscious,Fully clear,Hard,Rather unconfident,"My strategy was to use my power of recall from yesterday's task. However, the process had to then become unconsciously intuitive as there seemed to be a barrier in my ability to recall."
Q97y3qyb4guhyiaaxgq3txi89Q,rotational,19.0,"[[1, 7, 6], [1, 7, 6, 5]]",1.0,2.611,0,Fully intuitive/unconscious,Fully clear,Hard,Rather unconfident,"My strategy was to use my power of recall from yesterday's task. However, the process had to then become unconsciously intuitive as there seemed to be a barrier in my ability to recall."
Q97y3qyb4guhyiaaxgq3txi89Q,rotational,20.0,"[[4, 1, 7, 6, 2], [0, 7, 1, 4]]",0.0,0.897,0,Fully intuitive/unconscious,Fully clear,Hard,Rather unconfident,"My strategy was to use my power of recall from yesterday's task. However, the process had to then become unconsciously intuitive as there seemed to be a barrier in my ability to recall."
Q97y3qyb4guhyiaaxgq3txi89Q,rotational,21.0,"[[0, 7, 6], [0, 7, 1, 4]]",0.0,2.081,1,Fully intuitive/unconscious,Fully clear,Hard,Rather unconfident,"My strategy was to use my power of recall from yesterday's task. However, the process had to then become unconsciously intuitive as there seemed to be a barrier in my ability to recall."
Q97y3qyb4guhyiaaxgq3txi89Q,rotational,22.0,"[[2, 6, 7, 0], [0, 7, 6, 5, 3]]",0.0,0.914,1,Fully intuitive/unconscious,Fully clear,Hard,Rather unconfident,"My strategy was to use my power of recall from yesterday's task. However, the process had to then become unconsciously intuitive as there seemed to be a barrier in my ability to recall."
Q97y3qyb4guhyiaaxgq3txi89Q,rotational,23.0,"[[4, 1, 7, 6, 5], [7, 6, 5, 3]]",1.0,1.146,1,Fully intuitive/unconscious,Fully clear,Hard,Rather unconfident,"My strategy was to use my power of recall from yesterday's task. However, the process had to then become unconsciously intuitive as there seemed to be a barrier in my ability to recall."
Q97y3qyb4guhyiaaxgq3txi89Q,rotational,24.0,"[[6, 7, 1, 4], [1, 7, 6, 5, 3]]",0.0,1.265,1,Fully intuitive/unconscious,Fully clear,Hard,Rather unconfident,"My strategy was to use my power of recall from yesterday's task. However, the process had to then become unconsciously intuitive as there seemed to be a barrier in my ability to recall."
Q97y3qyb4guhyiaaxgq3txi89Q,rotational,25.0,"[[2, 6, 7, 1, 4], [3, 5, 6, 2]]",0.0,1.463,0,Fully intuitive/unconscious,Fully clear,Hard,Rather unconfident,"My strategy was to use my power of recall from yesterday's task. However, the process had to then become unconsciously intuitive as there seemed to be a barrier in my ability to recall."
Q97y3qyb4guhyiaaxgq3txi89Q,rotational,26.0,"[[6, 7, 1, 4], [3, 5, 6]]",1.0,1.464,1,Fully intuitive/unconscious,Fully clear,Hard,Rather unconfident,"My strategy was to use my power of recall from yesterday's task. However, the process had to then become unconsciously intuitive as there seemed to be a barrier in my ability to recall."
Q97y3qyb4guhyiaaxgq3txi89Q,rotational,27.0,"[[5, 6, 7, 0], [2, 6, 5]]",1.0,3.449,1,Fully intuitive/unconscious,Fully clear,Hard,Rather unconfident,"My strategy was to use my power of recall from yesterday's task. However, the process had to then become unconsciously intuitive as there seemed to be a barrier in my ability to recall."
Q97y3qyb4guhyiaaxgq3txi89Q,rotational,28.0,"[[5, 6, 7], [5, 6, 7, 1]]",1.0,1.597,0,Fully intuitive/unconscious,Fully clear,Hard,Rather unconfident,"My strategy was to use my power of recall from yesterday's task. However, the process had to then become unconsciously intuitive as there seemed to be a barrier in my ability to recall."
Q97y3qyb4guhyiaaxgq3txi89Q,rotational,29.0,"[[4, 1, 7, 6, 5], [4, 1, 7, 6]]",0.0,1.91,0,Fully intuitive/unconscious,Fully clear,Hard,Rather unconfident,"My strategy was to use my power of recall from yesterday's task. However, the process had to then become unconsciously intuitive as there seemed to be a barrier in my ability to recall."
Q97y3qyb4guhyiaaxgq3txi89Q,rotational,30.0,"[[5, 6, 2], [3, 5, 6, 7]]",0.0,1.669,1,Fully intuitive/unconscious,Fully clear,Hard,Rather unconfident,"My strategy was to use my power of recall from yesterday's task. However, the process had to then become unconsciously intuitive as there seemed to be a barrier in my ability to recall."
Q97y3qyb4guhyiaaxgq3txi89Q,rotational,31.0,"[[1, 7, 6], [2, 6, 7, 1]]",1.0,1.06,0,Fully intuitive/unconscious,Fully clear,Hard,Rather unconfident,"My strategy was to use my power of recall from yesterday's task. However, the process had to then become unconsciously intuitive as there seemed to be a barrier in my ability to recall."
Q97y3qyb4guhyiaaxgq3txi89Q,rotational,32.0,"[[1, 7, 6, 2], [0, 7, 1]]",0.0,0.697,0,Fully intuitive/unconscious,Fully clear,Hard,Rather unconfident,"My strategy was to use my power of recall from yesterday's task. However, the process had to then become unconsciously intuitive as there seemed to be a barrier in my ability to recall."
Q97y3qyb4guhyiaaxgq3txi89Q,rotational,33.0,"[[4, 1, 7, 0], [5, 6, 7]]",1.0,1.147,1,Fully intuitive/unconscious,Fully clear,Hard,Rather unconfident,"My strategy was to use my power of recall from yesterday's task. However, the process had to then become unconsciously intuitive as there seemed to be a barrier in my ability to recall."
Q97y3qyb4guhyiaaxgq3txi89Q,rotational,34.0,"[[0, 7, 6, 5], [4, 1, 7]]",1.0,0.814,1,Fully intuitive/unconscious,Fully clear,Hard,Rather unconfident,"My strategy was to use my power of recall from yesterday's task. However, the process had to then become unconsciously intuitive as there seemed to be a barrier in my ability to recall."
Q97y3qyb4guhyiaaxgq3txi89Q,rotational,35.0,"[[2, 6, 5], [2, 6, 7, 1]]",1.0,1.15,0,Fully intuitive/unconscious,Fully clear,Hard,Rather unconfident,"My strategy was to use my power of recall from yesterday's task. However, the process had to then become unconsciously intuitive as there seemed to be a barrier in my ability to recall."
Q97y3qyb4guhyiaaxgq3txi89Q,rotational,36.0,"[[0, 7, 6, 2], [4, 1, 7]]",0.0,1.13,0,Fully intuitive/unconscious,Fully clear,Hard,Rather unconfident,"My strategy was to use my power of recall from yesterday's task. However, the process had to then become unconsciously intuitive as there seemed to be a barrier in my ability to recall."
Q97y3qyb4guhyiaaxgq3txi89Q,rotational,37.0,"[[5, 6, 7], [1, 7, 6, 2]]",0.0,1.761,1,Fully intuitive/unconscious,Fully clear,Hard,Rather unconfident,"My strategy was to use my power of recall from yesterday's task. However, the process had to then become unconsciously intuitive as there seemed to be a barrier in my ability to recall."
Q97y3qyb4guhyiaaxgq3txi89Q,rotational,38.0,"[[0, 7, 1], [2, 6, 7, 1]]",1.0,0.797,0,Fully intuitive/unconscious,Fully clear,Hard,Rather unconfident,"My strategy was to use my power of recall from yesterday's task. However, the process had to then become unconsciously intuitive as there seemed to be a barrier in my ability to recall."
Q97y3qyb4guhyiaaxgq3txi89Q,rotational,39.0,"[[6, 7, 1], [0, 7, 6, 5]]",1.0,0.499,0,Fully intuitive/unconscious,Fully clear,Hard,Rather unconfident,"My strategy was to use my power of recall from yesterday's task. However, the process had to then become unconsciously intuitive as there seemed to be a barrier in my ability to recall."
Q97y3qyb4guhyiaaxgq3txi89Q,rotational,40.0,"[[2, 6, 5], [6, 7, 1, 4]]",0.0,1.146,1,Fully intuitive/unconscious,Fully clear,Hard,Rather unconfident,"My strategy was to use my power of recall from yesterday's task. However, the process had to then become unconsciously intuitive as there seemed to be a barrier in my ability to recall."
Q97y3qyb4guhyiaaxgq3txi89Q,rotational,41.0,"[[0, 7, 1, 4], [3, 5, 6]]",0.0,0.865,0,Fully intuitive/unconscious,Fully clear,Hard,Rather unconfident,"My strategy was to use my power of recall from yesterday's task. However, the process had to then become unconsciously intuitive as there seemed to be a barrier in my ability to recall."
Q97y3qyb4guhyiaaxgq3txi89Q,rotational,42.0,"[[2, 6, 5, 3], [0, 7, 1]]",0.0,1.716,0,Fully intuitive/unconscious,Fully clear,Hard,Rather unconfident,"My strategy was to use my power of recall from yesterday's task. However, the process had to then become unconsciously intuitive as there seemed to be a barrier in my ability to recall."
Q97y3qyb4guhyiaaxgq3txi89Q,rotational,43.0,"[[2, 6, 7, 1, 4], [4, 1, 7, 6, 5, 3]]",1.0,0.595,0,Fully intuitive/unconscious,Fully clear,Hard,Rather unconfident,"My strategy was to use my power of recall from yesterday's task. However, the process had to then become unconsciously intuitive as there seemed to be a barrier in my ability to recall."
Q97y3qyb4guhyiaaxgq3txi89Q,rotational,44.0,"[[2, 6, 7], [1, 7, 6, 2]]",0.0,1.496,1,Fully intuitive/unconscious,Fully clear,Hard,Rather unconfident,"My strategy was to use my power of recall from yesterday's task. However, the process had to then become unconsciously intuitive as there seemed to be a barrier in my ability to recall."
Q97y3qyb4guhyiaaxgq3txi89Q,rotational,45.0,"[[5, 6, 7], [2, 6, 5, 3]]",0.0,0.631,1,Fully intuitive/unconscious,Fully clear,Hard,Rather unconfident,"My strategy was to use my power of recall from yesterday's task. However, the process had to then become unconsciously intuitive as there seemed to be a barrier in my ability to recall."
Q97y3qyb4guhyiaaxgq3txi89Q,rotational,46.0,"[[2, 6, 7, 1], [7, 1, 4]]",0.0,0.683,0,Fully intuitive/unconscious,Fully clear,Hard,Rather unconfident,"My strategy was to use my power of recall from yesterday's task. However, the process had to then become unconsciously intuitive as there seemed to be a barrier in my ability to recall."
Q97y3qyb4guhyiaaxgq3txi89Q,rotational,47.0,"[[7, 6, 2], [6, 7, 1, 4]]",1.0,1.662,0,Fully intuitive/unconscious,Fully clear,Hard,Rather unconfident,"My strategy was to use my power of recall from yesterday's task. However, the process had to then become unconsciously intuitive as there seemed to be a barrier in my ability to recall."
Q97y3qyb4guhyiaaxgq3txi89Q,rotational,48.0,"[[1, 7, 0], [2, 6, 7, 0]]",0.0,0.78,1,Fully intuitive/unconscious,Fully clear,Hard,Rather unconfident,"My strategy was to use my power of recall from yesterday's task. However, the process had to then become unconsciously intuitive as there seemed to be a barrier in my ability to recall."
Q97y3qyb4guhyiaaxgq3txi89Q,rotational,49.0,"[[4, 1, 7, 0], [7, 6, 2]]",0.0,0.898,0,Fully intuitive/unconscious,Fully clear,Hard,Rather unconfident,"My strategy was to use my power of recall from yesterday's task. However, the process had to then become unconsciously intuitive as there seemed to be a barrier in my ability to recall."
Q97y3qyb4guhyiaaxgq3txi89Q,rotational,50.0,"[[6, 7, 1, 4], [3, 5, 6]]",0.0,0.715,0,Fully intuitive/unconscious,Fully clear,Hard,Rather unconfident,"My strategy was to use my power of recall from yesterday's task. However, the process had to then become unconsciously intuitive as there seemed to be a barrier in my ability to recall."
Q97y3qyb4guhyiaaxgq3txi89Q,rotational,51.0,"[[0, 7, 1], [4, 1, 7, 6]]",1.0,0.897,0,Fully intuitive/unconscious,Fully clear,Hard,Rather unconfident,"My strategy was to use my power of recall from yesterday's task. However, the process had to then become unconsciously intuitive as there seemed to be a barrier in my ability to recall."
Q97y3qyb4guhyiaaxgq3txi89Q,rotational,52.0,"[[2, 6, 7], [1, 7, 6, 5]]",0.0,0.831,1,Fully intuitive/unconscious,Fully clear,Hard,Rather unconfident,"My strategy was to use my power of recall from yesterday's task. However, the process had to then become unconsciously intuitive as there seemed to be a barrier in my ability to recall."
Q97y3qyb4guhyiaaxgq3txi89Q,rotational,53.0,"[[3, 5, 6], [0, 7, 6, 2]]",0.0,0.633,1,Fully intuitive/unconscious,Fully clear,Hard,Rather unconfident,"My strategy was to use my power of recall from yesterday's task. However, the process had to then become unconsciously intuitive as there seemed to be a barrier in my ability to recall."
Q97y3qyb4guhyiaaxgq3txi89Q,rotational,54.0,"[[5, 6, 7], [5, 6, 7, 0]]",1.0,0.976,0,Fully intuitive/unconscious,Fully clear,Hard,Rather unconfident,"My strategy was to use my power of recall from yesterday's task. However, the process had to then become unconsciously intuitive as there seemed to be a barrier in my ability to recall."
Q97y3qyb4guhyiaaxgq3txi89Q,rotational,55.0,"[[3, 5, 6, 2], [0, 7, 6]]",0.0,0.431,0,Fully intuitive/unconscious,Fully clear,Hard,Rather unconfident,"My strategy was to use my power of recall from yesterday's task. However, the process had to then become unconsciously intuitive as there seemed to be a barrier in my ability to recall."
Q97y3qyb4guhyiaaxgq3txi89Q,rotational,56.0,"[[6, 5, 3], [1, 7, 6, 2]]",0.0,1.013,1,Fully intuitive/unconscious,Fully clear,Hard,Rather unconfident,"My strategy was to use my power of recall from yesterday's task. However, the process had to then become unconsciously intuitive as there seemed to be a barrier in my ability to recall."
Q97y3qyb4guhyiaaxgq3txi89Q,rotational,57.0,"[[1, 7, 6, 5], [1, 7, 0]]",0.0,0.948,0,Fully intuitive/unconscious,Fully clear,Hard,Rather unconfident,"My strategy was to use my power of recall from yesterday's task. However, the process had to then become unconsciously intuitive as there seemed to be a barrier in my ability to recall."
Q97y3qyb4guhyiaaxgq3txi89Q,rotational,58.0,"[[2, 6, 5], [1, 7, 6, 5]]",0.0,0.747,1,Fully intuitive/unconscious,Fully clear,Hard,Rather unconfident,"My strategy was to use my power of recall from yesterday's task. However, the process had to then become unconsciously intuitive as there seemed to be a barrier in my ability to recall."
Q97y3qyb4guhyiaaxgq3txi89Q,rotational,59.0,"[[1, 7, 6, 5], [4, 1, 7]]",1.0,0.029,1,Fully intuitive/unconscious,Fully clear,Hard,Rather unconfident,"My strategy was to use my power of recall from yesterday's task. However, the process had to then become unconsciously intuitive as there seemed to be a barrier in my ability to recall."
Q97y3qyb4guhyiaaxgq3txi89Q,rotational,60.0,"[[6, 7, 1], [0, 7, 1, 4]]",0.0,0.531,1,Fully intuitive/unconscious,Fully clear,Hard,Rather unconfident,"My strategy was to use my power of recall from yesterday's task. However, the process had to then become unconsciously intuitive as there seemed to be a barrier in my ability to recall."
Q97y3qyb4guhyiaaxgq3txi89Q,rotational,61.0,"[[1, 7, 6, 2], [3, 5, 6, 7, 1]]",1.0,1.264,0,Fully intuitive/unconscious,Fully clear,Hard,Rather unconfident,"My strategy was to use my power of recall from yesterday's task. However, the process had to then become unconsciously intuitive as there seemed to be a barrier in my ability to recall."
Q97y3qyb4guhyiaaxgq3txi89Q,rotational,62.0,"[[0, 7, 6], [0, 7, 6, 5]]",1.0,0.497,0,Fully intuitive/unconscious,Fully clear,Hard,Rather unconfident,"My strategy was to use my power of recall from yesterday's task. However, the process had to then become unconsciously intuitive as there seemed to be a barrier in my ability to recall."
Q97y3qyb4guhyiaaxgq3txi89Q,rotational,63.0,"[[2, 6, 5, 3], [7, 1, 4]]",0.0,1.149,0,Fully intuitive/unconscious,Fully clear,Hard,Rather unconfident,"My strategy was to use my power of recall from yesterday's task. However, the process had to then become unconsciously intuitive as there seemed to be a barrier in my ability to recall."
Q97y3qyb4guhyiaaxgq3txi89Q,rotational,64.0,"[[1, 7, 6], [3, 5, 6, 2]]",0.0,0.863,1,Fully intuitive/unconscious,Fully clear,Hard,Rather unconfident,"My strategy was to use my power of recall from yesterday's task. However, the process had to then become unconsciously intuitive as there seemed to be a barrier in my ability to recall."
Q9l15mtch6q0mmkzlx0g448iyQ,rotational,0.0,"[[0, 7, 6], [5, 6, 7, 0]]",0.0,11.081,1,Fully conscious/deliberative,Somewhat clear,Quite hard,Rather unconfident,Try and memorize positional structures of the flowers and their colors and the most frequent routes
Q9l15mtch6q0mmkzlx0g448iyQ,rotational,1.0,"[[5, 6, 7, 1], [4, 1, 7]]",1.0,5.7,1,Fully conscious/deliberative,Somewhat clear,Quite hard,Rather unconfident,Try and memorize positional structures of the flowers and their colors and the most frequent routes
Q9l15mtch6q0mmkzlx0g448iyQ,rotational,2.0,"[[4, 1, 7, 6], [2, 6, 5]]",0.0,4.228,0,Fully conscious/deliberative,Somewhat clear,Quite hard,Rather unconfident,Try and memorize positional structures of the flowers and their colors and the most frequent routes
Q9l15mtch6q0mmkzlx0g448iyQ,rotational,3.0,"[[5, 6, 7, 0], [6, 7, 1]]",0.0,6.809,0,Fully conscious/deliberative,Somewhat clear,Quite hard,Rather unconfident,Try and memorize positional structures of the flowers and their colors and the most frequent routes
Q9l15mtch6q0mmkzlx0g448iyQ,rotational,4.0,"[[3, 5, 6, 7], [5, 6, 7, 1, 4]]",1.0,7.812,0,Fully conscious/deliberative,Somewhat clear,Quite hard,Rather unconfident,Try and memorize positional structures of the flowers and their colors and the most frequent routes
Q9l15mtch6q0mmkzlx0g448iyQ,rotational,5.0,"[[3, 5, 6], [5, 6, 7, 1]]",1.0,5.058,0,Fully conscious/deliberative,Somewhat clear,Quite hard,Rather unconfident,Try and memorize positional structures of the flowers and their colors and the most frequent routes
Q9l15mtch6q0mmkzlx0g448iyQ,rotational,6.0,"[[2, 6, 7, 1], [0, 7, 1]]",1.0,7.612,1,Fully conscious/deliberative,Somewhat clear,Quite hard,Rather unconfident,Try and memorize positional structures of the flowers and their colors and the most frequent routes
Q9l15mtch6q0mmkzlx0g448iyQ,rotational,7.0,"[[5, 6, 7, 1], [2, 6, 7]]",1.0,5.735,1,Fully conscious/deliberative,Somewhat clear,Quite hard,Rather unconfident,Try and memorize positional structures of the flowers and their colors and the most frequent routes
Q9l15mtch6q0mmkzlx0g448iyQ,rotational,8.0,"[[7, 6, 5], [5, 6, 7, 1]]",1.0,6.001,0,Fully conscious/deliberative,Somewhat clear,Quite hard,Rather unconfident,Try and memorize positional structures of the flowers and their colors and the most frequent routes
Q9l15mtch6q0mmkzlx0g448iyQ,rotational,9.0,"[[2, 6, 7, 0], [4, 1, 7]]",1.0,8.094,1,Fully conscious/deliberative,Somewhat clear,Quite hard,Rather unconfident,Try and memorize positional structures of the flowers and their colors and the most frequent routes
Q9l15mtch6q0mmkzlx0g448iyQ,rotational,10.0,"[[4, 1, 7, 6], [3, 5, 6, 7, 0]]",1.0,3.742,0,Fully conscious/deliberative,Somewhat clear,Quite hard,Rather unconfident,Try and memorize positional structures of the flowers and their colors and the most frequent routes
Q9l15mtch6q0mmkzlx0g448iyQ,rotational,11.0,"[[5, 6, 2], [5, 6, 7, 1]]",0.0,11.345,1,Fully conscious/deliberative,Somewhat clear,Quite hard,Rather unconfident,Try and memorize positional structures of the flowers and their colors and the most frequent routes
Q9l15mtch6q0mmkzlx0g448iyQ,rotational,12.0,"[[7, 1, 4], [5, 6, 7, 1]]",0.0,5.808,1,Fully conscious/deliberative,Somewhat clear,Quite hard,Rather unconfident,Try and memorize positional structures of the flowers and their colors and the most frequent routes
Q9l15mtch6q0mmkzlx0g448iyQ,rotational,13.0,"[[2, 6, 7, 1, 4], [3, 5, 6, 7]]",1.0,7.529,1,Fully conscious/deliberative,Somewhat clear,Quite hard,Rather unconfident,Try and memorize positional structures of the flowers and their colors and the most frequent routes
Q9l15mtch6q0mmkzlx0g448iyQ,rotational,14.0,"[[6, 7, 1], [5, 6, 7, 1]]",0.0,2.995,1,Fully conscious/deliberative,Somewhat clear,Quite hard,Rather unconfident,Try and memorize positional structures of the flowers and their colors and the most frequent routes
Q9l15mtch6q0mmkzlx0g448iyQ,rotational,15.0,"[[4, 1, 7, 6], [3, 5, 6]]",1.0,2.562,1,Fully conscious/deliberative,Somewhat clear,Quite hard,Rather unconfident,Try and memorize positional structures of the flowers and their colors and the most frequent routes
Q9l15mtch6q0mmkzlx0g448iyQ,rotational,16.0,"[[4, 1, 7, 6, 5], [4, 1, 7, 0]]",1.0,5.093,1,Fully conscious/deliberative,Somewhat clear,Quite hard,Rather unconfident,Try and memorize positional structures of the flowers and their colors and the most frequent routes
Q9l15mtch6q0mmkzlx0g448iyQ,rotational,17.0,"[[4, 1, 7, 0], [5, 6, 7]]",0.0,2.777,0,Fully conscious/deliberative,Somewhat clear,Quite hard,Rather unconfident,Try and memorize positional structures of the flowers and their colors and the most frequent routes
Q9l15mtch6q0mmkzlx0g448iyQ,rotational,18.0,"[[1, 7, 0], [0, 7, 6, 2]]",0.0,4.529,1,Fully conscious/deliberative,Somewhat clear,Quite hard,Rather unconfident,Try and memorize positional structures of the flowers and their colors and the most frequent routes
Q9l15mtch6q0mmkzlx0g448iyQ,rotational,19.0,"[[0, 7, 1], [6, 7, 1, 4]]",0.0,2.378,1,Fully conscious/deliberative,Somewhat clear,Quite hard,Rather unconfident,Try and memorize positional structures of the flowers and their colors and the most frequent routes
Q9l15mtch6q0mmkzlx0g448iyQ,rotational,20.0,"[[5, 6, 7], [2, 6, 7, 0]]",1.0,106.554,0,Fully conscious/deliberative,Somewhat clear,Quite hard,Rather unconfident,Try and memorize positional structures of the flowers and their colors and the most frequent routes
Q9l15mtch6q0mmkzlx0g448iyQ,rotational,21.0,"[[3, 5, 6, 7, 1], [5, 6, 7, 1]]",0.0,30.861,0,Fully conscious/deliberative,Somewhat clear,Quite hard,Rather unconfident,Try and memorize positional structures of the flowers and their colors and the most frequent routes
Q9l15mtch6q0mmkzlx0g448iyQ,rotational,22.0,"[[3, 5, 6, 2], [5, 6, 7]]",1.0,2.027,1,Fully conscious/deliberative,Somewhat clear,Quite hard,Rather unconfident,Try and memorize positional structures of the flowers and their colors and the most frequent routes
Q9l15mtch6q0mmkzlx0g448iyQ,rotational,23.0,"[[7, 6, 2], [4, 1, 7, 6]]",1.0,1.729,0,Fully conscious/deliberative,Somewhat clear,Quite hard,Rather unconfident,Try and memorize positional structures of the flowers and their colors and the most frequent routes
Q9l15mtch6q0mmkzlx0g448iyQ,rotational,24.0,"[[0, 7, 1], [3, 5, 6, 2]]",0.0,1.309,1,Fully conscious/deliberative,Somewhat clear,Quite hard,Rather unconfident,Try and memorize positional structures of the flowers and their colors and the most frequent routes
Q9l15mtch6q0mmkzlx0g448iyQ,rotational,25.0,"[[6, 7, 1, 4], [7, 6, 5]]",1.0,1.28,1,Fully conscious/deliberative,Somewhat clear,Quite hard,Rather unconfident,Try and memorize positional structures of the flowers and their colors and the most frequent routes
Q9l15mtch6q0mmkzlx0g448iyQ,rotational,26.0,"[[3, 5, 6], [2, 6, 7, 0]]",1.0,1.429,0,Fully conscious/deliberative,Somewhat clear,Quite hard,Rather unconfident,Try and memorize positional structures of the flowers and their colors and the most frequent routes
Q9l15mtch6q0mmkzlx0g448iyQ,rotational,27.0,"[[2, 6, 7, 1], [7, 6, 5]]",1.0,1.346,1,Fully conscious/deliberative,Somewhat clear,Quite hard,Rather unconfident,Try and memorize positional structures of the flowers and their colors and the most frequent routes
Q9l15mtch6q0mmkzlx0g448iyQ,rotational,28.0,"[[2, 6, 5, 3], [5, 6, 2]]",0.0,1.776,0,Fully conscious/deliberative,Somewhat clear,Quite hard,Rather unconfident,Try and memorize positional structures of the flowers and their colors and the most frequent routes
Q9l15mtch6q0mmkzlx0g448iyQ,rotational,29.0,"[[6, 5, 3], [1, 7, 6, 2]]",0.0,1.612,1,Fully conscious/deliberative,Somewhat clear,Quite hard,Rather unconfident,Try and memorize positional structures of the flowers and their colors and the most frequent routes
Q9l15mtch6q0mmkzlx0g448iyQ,rotational,30.0,"[[6, 7, 1, 4], [2, 6, 7]]",0.0,1.794,0,Fully conscious/deliberative,Somewhat clear,Quite hard,Rather unconfident,Try and memorize positional structures of the flowers and their colors and the most frequent routes
Q9l15mtch6q0mmkzlx0g448iyQ,rotational,31.0,"[[1, 7, 0], [1, 7, 6, 2]]",1.0,1.394,0,Fully conscious/deliberative,Somewhat clear,Quite hard,Rather unconfident,Try and memorize positional structures of the flowers and their colors and the most frequent routes
Q9l15mtch6q0mmkzlx0g448iyQ,rotational,32.0,"[[6, 7, 1, 4], [5, 6, 7, 1, 4]]",0.0,2.747,1,Fully conscious/deliberative,Somewhat clear,Quite hard,Rather unconfident,Try and memorize positional structures of the flowers and their colors and the most frequent routes
Q9l15mtch6q0mmkzlx0g448iyQ,rotational,33.0,"[[7, 6, 5], [0, 7, 6, 5]]",1.0,2.659,0,Fully conscious/deliberative,Somewhat clear,Quite hard,Rather unconfident,Try and memorize positional structures of the flowers and their colors and the most frequent routes
Q9l15mtch6q0mmkzlx0g448iyQ,rotational,34.0,"[[2, 6, 7, 1], [1, 7, 6]]",1.0,1.796,1,Fully conscious/deliberative,Somewhat clear,Quite hard,Rather unconfident,Try and memorize positional structures of the flowers and their colors and the most frequent routes
Q9l15mtch6q0mmkzlx0g448iyQ,rotational,35.0,"[[5, 6, 7, 0], [5, 6, 2]]",0.0,1.33,0,Fully conscious/deliberative,Somewhat clear,Quite hard,Rather unconfident,Try and memorize positional structures of the flowers and their colors and the most frequent routes
Q9l15mtch6q0mmkzlx0g448iyQ,rotational,36.0,"[[7, 6, 5, 3], [2, 6, 7]]",0.0,1.925,0,Fully conscious/deliberative,Somewhat clear,Quite hard,Rather unconfident,Try and memorize positional structures of the flowers and their colors and the most frequent routes
Q9l15mtch6q0mmkzlx0g448iyQ,rotational,37.0,"[[7, 6, 2], [4, 1, 7, 0]]",1.0,2.597,0,Fully conscious/deliberative,Somewhat clear,Quite hard,Rather unconfident,Try and memorize positional structures of the flowers and their colors and the most frequent routes
Q9l15mtch6q0mmkzlx0g448iyQ,rotational,38.0,"[[3, 5, 6, 7, 0], [2, 6, 7, 0]]",0.0,3.579,0,Fully conscious/deliberative,Somewhat clear,Quite hard,Rather unconfident,Try and memorize positional structures of the flowers and their colors and the most frequent routes
Q9l15mtch6q0mmkzlx0g448iyQ,rotational,39.0,"[[3, 5, 6, 2], [0, 7, 6]]",1.0,12.492,1,Fully conscious/deliberative,Somewhat clear,Quite hard,Rather unconfident,Try and memorize positional structures of the flowers and their colors and the most frequent routes
Q9l15mtch6q0mmkzlx0g448iyQ,rotational,40.0,"[[2, 6, 7, 1], [1, 7, 6, 5, 3]]",1.0,6.829,0,Fully conscious/deliberative,Somewhat clear,Quite hard,Rather unconfident,Try and memorize positional structures of the flowers and their colors and the most frequent routes
Q9l15mtch6q0mmkzlx0g448iyQ,rotational,41.0,"[[4, 1, 7, 0], [0, 7, 6]]",1.0,10.229,1,Fully conscious/deliberative,Somewhat clear,Quite hard,Rather unconfident,Try and memorize positional structures of the flowers and their colors and the most frequent routes
Q9l15mtch6q0mmkzlx0g448iyQ,rotational,42.0,"[[0, 7, 1], [0, 7, 6, 5]]",1.0,1.544,0,Fully conscious/deliberative,Somewhat clear,Quite hard,Rather unconfident,Try and memorize positional structures of the flowers and their colors and the most frequent routes
Q9l15mtch6q0mmkzlx0g448iyQ,rotational,43.0,"[[1, 7, 6], [4, 1, 7, 0]]",1.0,1.543,0,Fully conscious/deliberative,Somewhat clear,Quite hard,Rather unconfident,Try and memorize positional structures of the flowers and their colors and the most frequent routes
Q9l15mtch6q0mmkzlx0g448iyQ,rotational,44.0,"[[1, 7, 6, 2], [4, 1, 7]]",0.0,12.996,0,Fully conscious/deliberative,Somewhat clear,Quite hard,Rather unconfident,Try and memorize positional structures of the flowers and their colors and the most frequent routes
Q9l15mtch6q0mmkzlx0g448iyQ,rotational,45.0,"[[0, 7, 1, 4], [6, 5, 3]]",1.0,1.53,1,Fully conscious/deliberative,Somewhat clear,Quite hard,Rather unconfident,Try and memorize positional structures of the flowers and their colors and the most frequent routes
Q9l15mtch6q0mmkzlx0g448iyQ,rotational,46.0,"[[0, 7, 1, 4], [2, 6, 5]]",0.0,1.91,0,Fully conscious/deliberative,Somewhat clear,Quite hard,Rather unconfident,Try and memorize positional structures of the flowers and their colors and the most frequent routes
Q9l15mtch6q0mmkzlx0g448iyQ,rotational,47.0,"[[4, 1, 7, 0], [4, 1, 7, 6, 2]]",1.0,1.712,0,Fully conscious/deliberative,Somewhat clear,Quite hard,Rather unconfident,Try and memorize positional structures of the flowers and their colors and the most frequent routes
Q9l15mtch6q0mmkzlx0g448iyQ,rotational,48.0,"[[4, 1, 7, 6, 2], [3, 5, 6, 7, 1, 4]]",0.0,1.211,1,Fully conscious/deliberative,Somewhat clear,Quite hard,Rather unconfident,Try and memorize positional structures of the flowers and their colors and the most frequent routes
Q9l15mtch6q0mmkzlx0g448iyQ,rotational,49.0,"[[3, 5, 6, 7], [4, 1, 7, 6, 5]]",1.0,7.744,0,Fully conscious/deliberative,Somewhat clear,Quite hard,Rather unconfident,Try and memorize positional structures of the flowers and their colors and the most frequent routes
Q9l15mtch6q0mmkzlx0g448iyQ,rotational,50.0,"[[1, 7, 6, 2], [0, 7, 6, 5, 3]]",1.0,2.561,0,Fully conscious/deliberative,Somewhat clear,Quite hard,Rather unconfident,Try and memorize positional structures of the flowers and their colors and the most frequent routes
Q9l15mtch6q0mmkzlx0g448iyQ,rotational,51.0,"[[3, 5, 6, 2], [4, 1, 7, 6, 2]]",0.0,1.262,1,Fully conscious/deliberative,Somewhat clear,Quite hard,Rather unconfident,Try and memorize positional structures of the flowers and their colors and the most frequent routes
Q9l15mtch6q0mmkzlx0g448iyQ,rotational,52.0,"[[0, 7, 6, 5], [4, 1, 7]]",0.0,2.13,0,Fully conscious/deliberative,Somewhat clear,Quite hard,Rather unconfident,Try and memorize positional structures of the flowers and their colors and the most frequent routes
Q9l15mtch6q0mmkzlx0g448iyQ,rotational,53.0,"[[4, 1, 7], [3, 5, 6, 2]]",0.0,2.609,1,Fully conscious/deliberative,Somewhat clear,Quite hard,Rather unconfident,Try and memorize positional structures of the flowers and their colors and the most frequent routes
Q9l15mtch6q0mmkzlx0g448iyQ,rotational,54.0,"[[4, 1, 7, 6, 2], [0, 7, 6, 5]]",1.0,1.512,1,Fully conscious/deliberative,Somewhat clear,Quite hard,Rather unconfident,Try and memorize positional structures of the flowers and their colors and the most frequent routes
Q9l15mtch6q0mmkzlx0g448iyQ,rotational,55.0,"[[7, 6, 2], [2, 6, 7, 1]]",1.0,1.064,0,Fully conscious/deliberative,Somewhat clear,Quite hard,Rather unconfident,Try and memorize positional structures of the flowers and their colors and the most frequent routes
Q9l15mtch6q0mmkzlx0g448iyQ,rotational,56.0,"[[7, 6, 5, 3], [2, 6, 5]]",0.0,1.343,0,Fully conscious/deliberative,Somewhat clear,Quite hard,Rather unconfident,Try and memorize positional structures of the flowers and their colors and the most frequent routes
Q9l15mtch6q0mmkzlx0g448iyQ,rotational,57.0,"[[4, 1, 7], [1, 7, 6, 2]]",1.0,1.579,0,Fully conscious/deliberative,Somewhat clear,Quite hard,Rather unconfident,Try and memorize positional structures of the flowers and their colors and the most frequent routes
Q9l15mtch6q0mmkzlx0g448iyQ,rotational,58.0,"[[7, 6, 2], [0, 7, 1, 4]]",0.0,1.294,1,Fully conscious/deliberative,Somewhat clear,Quite hard,Rather unconfident,Try and memorize positional structures of the flowers and their colors and the most frequent routes
Q9l15mtch6q0mmkzlx0g448iyQ,rotational,59.0,"[[3, 5, 6, 2], [1, 7, 6]]",0.0,1.477,0,Fully conscious/deliberative,Somewhat clear,Quite hard,Rather unconfident,Try and memorize positional structures of the flowers and their colors and the most frequent routes
Q9l15mtch6q0mmkzlx0g448iyQ,rotational,60.0,"[[1, 7, 6, 2], [5, 6, 2]]",1.0,1.396,1,Fully conscious/deliberative,Somewhat clear,Quite hard,Rather unconfident,Try and memorize positional structures of the flowers and their colors and the most frequent routes
Q9l15mtch6q0mmkzlx0g448iyQ,rotational,61.0,"[[1, 7, 0], [1, 7, 6, 5]]",1.0,1.261,0,Fully conscious/deliberative,Somewhat clear,Quite hard,Rather unconfident,Try and memorize positional structures of the flowers and their colors and the most frequent routes
Q9l15mtch6q0mmkzlx0g448iyQ,rotational,62.0,"[[6, 7, 1, 4], [6, 5, 3]]",1.0,1.545,1,Fully conscious/deliberative,Somewhat clear,Quite hard,Rather unconfident,Try and memorize positional structures of the flowers and their colors and the most frequent routes
Q9l15mtch6q0mmkzlx0g448iyQ,rotational,63.0,"[[1, 7, 6, 5, 3], [4, 1, 7, 6]]",1.0,1.76,1,Fully conscious/deliberative,Somewhat clear,Quite hard,Rather unconfident,Try and memorize positional structures of the flowers and their colors and the most frequent routes
Q9l15mtch6q0mmkzlx0g448iyQ,rotational,64.0,"[[1, 7, 6, 5, 3], [2, 6, 5, 3]]",1.0,1.681,1,Fully conscious/deliberative,Somewhat clear,Quite hard,Rather unconfident,Try and memorize positional structures of the flowers and their colors and the most frequent routes
Qaghonrdjm26hem6zgs0iztfcQ,rotational,0.0,"[[6, 7, 0], [4, 1, 7, 0]]",0.0,11.928,1,Fairly conscious/deliberative,Fully clear,Quite hard,Rather unconfident,I tried to remember color pairs to match matching colors. I also used internal vocalization of color pairs to catch familiar sound patterns.
Qaghonrdjm26hem6zgs0iztfcQ,rotational,1.0,"[[6, 7, 1, 4], [5, 6, 2]]",1.0,21.961,1,Fairly conscious/deliberative,Fully clear,Quite hard,Rather unconfident,I tried to remember color pairs to match matching colors. I also used internal vocalization of color pairs to catch familiar sound patterns.
Qaghonrdjm26hem6zgs0iztfcQ,rotational,2.0,"[[1, 7, 0], [1, 7, 6, 2]]",1.0,2.464,0,Fairly conscious/deliberative,Fully clear,Quite hard,Rather unconfident,I tried to remember color pairs to match matching colors. I also used internal vocalization of color pairs to catch familiar sound patterns.
Qaghonrdjm26hem6zgs0iztfcQ,rotational,3.0,"[[0, 7, 6, 5, 3], [4, 1, 7, 6]]",0.0,20.536,0,Fairly conscious/deliberative,Fully clear,Quite hard,Rather unconfident,I tried to remember color pairs to match matching colors. I also used internal vocalization of color pairs to catch familiar sound patterns.
Qaghonrdjm26hem6zgs0iztfcQ,rotational,4.0,"[[3, 5, 6, 7], [5, 6, 7, 1, 4]]",0.0,8.824,1,Fairly conscious/deliberative,Fully clear,Quite hard,Rather unconfident,I tried to remember color pairs to match matching colors. I also used internal vocalization of color pairs to catch familiar sound patterns.
Qaghonrdjm26hem6zgs0iztfcQ,rotational,5.0,"[[0, 7, 6, 2], [0, 7, 6, 5, 3]]",0.0,76.069,1,Fairly conscious/deliberative,Fully clear,Quite hard,Rather unconfident,I tried to remember color pairs to match matching colors. I also used internal vocalization of color pairs to catch familiar sound patterns.
Qaghonrdjm26hem6zgs0iztfcQ,rotational,6.0,"[[3, 5, 6, 2], [1, 7, 6]]",0.0,14.0,0,Fairly conscious/deliberative,Fully clear,Quite hard,Rather unconfident,I tried to remember color pairs to match matching colors. I also used internal vocalization of color pairs to catch familiar sound patterns.
Qaghonrdjm26hem6zgs0iztfcQ,rotational,7.0,"[[2, 6, 7, 1, 4], [3, 5, 6, 7, 1, 4]]",1.0,16.794,0,Fairly conscious/deliberative,Fully clear,Quite hard,Rather unconfident,I tried to remember color pairs to match matching colors. I also used internal vocalization of color pairs to catch familiar sound patterns.
Qaghonrdjm26hem6zgs0iztfcQ,rotational,8.0,"[[0, 7, 6, 2], [1, 7, 0]]",1.0,5.217,1,Fairly conscious/deliberative,Fully clear,Quite hard,Rather unconfident,I tried to remember color pairs to match matching colors. I also used internal vocalization of color pairs to catch familiar sound patterns.
Qaghonrdjm26hem6zgs0iztfcQ,rotational,9.0,"[[4, 1, 7, 0], [7, 6, 2]]",0.0,5.392,0,Fairly conscious/deliberative,Fully clear,Quite hard,Rather unconfident,I tried to remember color pairs to match matching colors. I also used internal vocalization of color pairs to catch familiar sound patterns.
Qaghonrdjm26hem6zgs0iztfcQ,rotational,10.0,"[[6, 7, 1, 4], [2, 6, 7]]",0.0,17.779,0,Fairly conscious/deliberative,Fully clear,Quite hard,Rather unconfident,I tried to remember color pairs to match matching colors. I also used internal vocalization of color pairs to catch familiar sound patterns.
Qaghonrdjm26hem6zgs0iztfcQ,rotational,11.0,"[[6, 7, 1, 4], [5, 6, 7]]",1.0,11.313,1,Fairly conscious/deliberative,Fully clear,Quite hard,Rather unconfident,I tried to remember color pairs to match matching colors. I also used internal vocalization of color pairs to catch familiar sound patterns.
Qaghonrdjm26hem6zgs0iztfcQ,rotational,12.0,"[[7, 1, 4], [1, 7, 6, 5]]",1.0,8.282,0,Fairly conscious/deliberative,Fully clear,Quite hard,Rather unconfident,I tried to remember color pairs to match matching colors. I also used internal vocalization of color pairs to catch familiar sound patterns.
Qaghonrdjm26hem6zgs0iztfcQ,rotational,13.0,"[[6, 7, 1, 4], [6, 5, 3]]",1.0,11.634,1,Fairly conscious/deliberative,Fully clear,Quite hard,Rather unconfident,I tried to remember color pairs to match matching colors. I also used internal vocalization of color pairs to catch familiar sound patterns.
Qaghonrdjm26hem6zgs0iztfcQ,rotational,14.0,"[[0, 7, 1, 4], [7, 6, 2]]",0.0,7.745,0,Fairly conscious/deliberative,Fully clear,Quite hard,Rather unconfident,I tried to remember color pairs to match matching colors. I also used internal vocalization of color pairs to catch familiar sound patterns.
Qaghonrdjm26hem6zgs0iztfcQ,rotational,15.0,"[[4, 1, 7, 0], [2, 6, 7, 1, 4]]",1.0,4.929,0,Fairly conscious/deliberative,Fully clear,Quite hard,Rather unconfident,I tried to remember color pairs to match matching colors. I also used internal vocalization of color pairs to catch familiar sound patterns.
Qaghonrdjm26hem6zgs0iztfcQ,rotational,16.0,"[[1, 7, 6, 5], [1, 7, 6, 5, 3]]",1.0,16.529,0,Fairly conscious/deliberative,Fully clear,Quite hard,Rather unconfident,I tried to remember color pairs to match matching colors. I also used internal vocalization of color pairs to catch familiar sound patterns.
Qaghonrdjm26hem6zgs0iztfcQ,rotational,17.0,"[[1, 7, 6, 5, 3], [4, 1, 7, 6]]",1.0,11.057,1,Fairly conscious/deliberative,Fully clear,Quite hard,Rather unconfident,I tried to remember color pairs to match matching colors. I also used internal vocalization of color pairs to catch familiar sound patterns.
Qaghonrdjm26hem6zgs0iztfcQ,rotational,18.0,"[[5, 6, 7, 1], [5, 6, 2]]",1.0,7.88,1,Fairly conscious/deliberative,Fully clear,Quite hard,Rather unconfident,I tried to remember color pairs to match matching colors. I also used internal vocalization of color pairs to catch familiar sound patterns.
Qaghonrdjm26hem6zgs0iztfcQ,rotational,19.0,"[[4, 1, 7, 0], [5, 6, 2]]",1.0,8.157,1,Fairly conscious/deliberative,Fully clear,Quite hard,Rather unconfident,I tried to remember color pairs to match matching colors. I also used internal vocalization of color pairs to catch familiar sound patterns.
Qaghonrdjm26hem6zgs0iztfcQ,rotational,20.0,"[[6, 5, 3], [5, 6, 7, 1]]",1.0,7.116,0,Fairly conscious/deliberative,Fully clear,Quite hard,Rather unconfident,I tried to remember color pairs to match matching colors. I also used internal vocalization of color pairs to catch familiar sound patterns.
Qaghonrdjm26hem6zgs0iztfcQ,rotational,21.0,"[[6, 7, 1], [2, 6, 7, 1]]",1.0,9.163,0,Fairly conscious/deliberative,Fully clear,Quite hard,Rather unconfident,I tried to remember color pairs to match matching colors. I also used internal vocalization of color pairs to catch familiar sound patterns.
Qaghonrdjm26hem6zgs0iztfcQ,rotational,22.0,"[[2, 6, 7, 1], [1, 7, 6, 5, 3]]",1.0,6.816,0,Fairly conscious/deliberative,Fully clear,Quite hard,Rather unconfident,I tried to remember color pairs to match matching colors. I also used internal vocalization of color pairs to catch familiar sound patterns.
Qaghonrdjm26hem6zgs0iztfcQ,rotational,23.0,"[[0, 7, 1], [2, 6, 7, 1]]",1.0,3.029,0,Fairly conscious/deliberative,Fully clear,Quite hard,Rather unconfident,I tried to remember color pairs to match matching colors. I also used internal vocalization of color pairs to catch familiar sound patterns.
Qaghonrdjm26hem6zgs0iztfcQ,rotational,24.0,"[[5, 6, 7, 0], [7, 1, 4]]",1.0,6.365,1,Fairly conscious/deliberative,Fully clear,Quite hard,Rather unconfident,I tried to remember color pairs to match matching colors. I also used internal vocalization of color pairs to catch familiar sound patterns.
Qaghonrdjm26hem6zgs0iztfcQ,rotational,25.0,"[[0, 7, 1, 4], [5, 6, 7]]",0.0,3.593,0,Fairly conscious/deliberative,Fully clear,Quite hard,Rather unconfident,I tried to remember color pairs to match matching colors. I also used internal vocalization of color pairs to catch familiar sound patterns.
Qaghonrdjm26hem6zgs0iztfcQ,rotational,26.0,"[[7, 6, 5], [2, 6, 7, 1]]",1.0,3.614,0,Fairly conscious/deliberative,Fully clear,Quite hard,Rather unconfident,I tried to remember color pairs to match matching colors. I also used internal vocalization of color pairs to catch familiar sound patterns.
Qaghonrdjm26hem6zgs0iztfcQ,rotational,27.0,"[[5, 6, 7, 0], [1, 7, 0]]",1.0,4.463,1,Fairly conscious/deliberative,Fully clear,Quite hard,Rather unconfident,I tried to remember color pairs to match matching colors. I also used internal vocalization of color pairs to catch familiar sound patterns.
Qaghonrdjm26hem6zgs0iztfcQ,rotational,28.0,"[[6, 5, 3], [4, 1, 7, 0]]",0.0,1.98,1,Fairly conscious/deliberative,Fully clear,Quite hard,Rather unconfident,I tried to remember color pairs to match matching colors. I also used internal vocalization of color pairs to catch familiar sound patterns.
Qaghonrdjm26hem6zgs0iztfcQ,rotational,29.0,"[[2, 6, 5, 3], [2, 6, 5]]",1.0,5.664,1,Fairly conscious/deliberative,Fully clear,Quite hard,Rather unconfident,I tried to remember color pairs to match matching colors. I also used internal vocalization of color pairs to catch familiar sound patterns.
Qaghonrdjm26hem6zgs0iztfcQ,rotational,30.0,"[[7, 1, 4], [2, 6, 7, 1]]",1.0,4.716,0,Fairly conscious/deliberative,Fully clear,Quite hard,Rather unconfident,I tried to remember color pairs to match matching colors. I also used internal vocalization of color pairs to catch familiar sound patterns.
Qaghonrdjm26hem6zgs0iztfcQ,rotational,31.0,"[[5, 6, 7], [0, 7, 6, 5]]",0.0,9.471,1,Fairly conscious/deliberative,Fully clear,Quite hard,Rather unconfident,I tried to remember color pairs to match matching colors. I also used internal vocalization of color pairs to catch familiar sound patterns.
Qaghonrdjm26hem6zgs0iztfcQ,rotational,32.0,"[[0, 7, 1], [3, 5, 6, 2]]",1.0,2.03,0,Fairly conscious/deliberative,Fully clear,Quite hard,Rather unconfident,I tried to remember color pairs to match matching colors. I also used internal vocalization of color pairs to catch familiar sound patterns.
Qaghonrdjm26hem6zgs0iztfcQ,rotational,33.0,"[[3, 5, 6, 2], [1, 7, 6, 5, 3]]",1.0,8.593,0,Fairly conscious/deliberative,Fully clear,Quite hard,Rather unconfident,I tried to remember color pairs to match matching colors. I also used internal vocalization of color pairs to catch familiar sound patterns.
Qaghonrdjm26hem6zgs0iztfcQ,rotational,34.0,"[[4, 1, 7], [1, 7, 6, 2]]",1.0,15.958,0,Fairly conscious/deliberative,Fully clear,Quite hard,Rather unconfident,I tried to remember color pairs to match matching colors. I also used internal vocalization of color pairs to catch familiar sound patterns.
Qaghonrdjm26hem6zgs0iztfcQ,rotational,35.0,"[[6, 7, 1], [1, 7, 6, 5]]",1.0,10.223,0,Fairly conscious/deliberative,Fully clear,Quite hard,Rather unconfident,I tried to remember color pairs to match matching colors. I also used internal vocalization of color pairs to catch familiar sound patterns.
Qaghonrdjm26hem6zgs0iztfcQ,rotational,36.0,"[[2, 6, 5], [1, 7, 6, 2]]",0.0,6.922,1,Fairly conscious/deliberative,Fully clear,Quite hard,Rather unconfident,I tried to remember color pairs to match matching colors. I also used internal vocalization of color pairs to catch familiar sound patterns.
Qaghonrdjm26hem6zgs0iztfcQ,rotational,37.0,"[[5, 6, 7], [2, 6, 7, 0]]",1.0,10.719,0,Fairly conscious/deliberative,Fully clear,Quite hard,Rather unconfident,I tried to remember color pairs to match matching colors. I also used internal vocalization of color pairs to catch familiar sound patterns.
Qaghonrdjm26hem6zgs0iztfcQ,rotational,38.0,"[[3, 5, 6, 2], [4, 1, 7]]",1.0,9.583,1,Fairly conscious/deliberative,Fully clear,Quite hard,Rather unconfident,I tried to remember color pairs to match matching colors. I also used internal vocalization of color pairs to catch familiar sound patterns.
Qaghonrdjm26hem6zgs0iztfcQ,rotational,39.0,"[[4, 1, 7, 6], [1, 7, 0]]",1.0,4.145,1,Fairly conscious/deliberative,Fully clear,Quite hard,Rather unconfident,I tried to remember color pairs to match matching colors. I also used internal vocalization of color pairs to catch familiar sound patterns.
Qaghonrdjm26hem6zgs0iztfcQ,rotational,40.0,"[[0, 7, 6, 5, 3], [2, 6, 7, 1]]",1.0,7.375,1,Fairly conscious/deliberative,Fully clear,Quite hard,Rather unconfident,I tried to remember color pairs to match matching colors. I also used internal vocalization of color pairs to catch familiar sound patterns.
Qaghonrdjm26hem6zgs0iztfcQ,rotational,41.0,"[[1, 7, 6, 5], [4, 1, 7]]",1.0,3.346,1,Fairly conscious/deliberative,Fully clear,Quite hard,Rather unconfident,I tried to remember color pairs to match matching colors. I also used internal vocalization of color pairs to catch familiar sound patterns.
Qaghonrdjm26hem6zgs0iztfcQ,rotational,42.0,"[[5, 6, 7, 1], [7, 6, 5]]",1.0,109.609,1,Fairly conscious/deliberative,Fully clear,Quite hard,Rather unconfident,I tried to remember color pairs to match matching colors. I also used internal vocalization of color pairs to catch familiar sound patterns.
Qaghonrdjm26hem6zgs0iztfcQ,rotational,43.0,"[[4, 1, 7, 6], [5, 6, 7, 1, 4]]",0.0,18.828,1,Fairly conscious/deliberative,Fully clear,Quite hard,Rather unconfident,I tried to remember color pairs to match matching colors. I also used internal vocalization of color pairs to catch familiar sound patterns.
Qaghonrdjm26hem6zgs0iztfcQ,rotational,44.0,"[[3, 5, 6, 7], [2, 6, 7, 1, 4]]",1.0,7.298,0,Fairly conscious/deliberative,Fully clear,Quite hard,Rather unconfident,I tried to remember color pairs to match matching colors. I also used internal vocalization of color pairs to catch familiar sound patterns.
Qaghonrdjm26hem6zgs0iztfcQ,rotational,45.0,"[[6, 7, 1, 4], [7, 6, 2]]",1.0,15.489,1,Fairly conscious/deliberative,Fully clear,Quite hard,Rather unconfident,I tried to remember color pairs to match matching colors. I also used internal vocalization of color pairs to catch familiar sound patterns.
Qaghonrdjm26hem6zgs0iztfcQ,rotational,46.0,"[[0, 7, 6, 2], [3, 5, 6]]",1.0,4.914,1,Fairly conscious/deliberative,Fully clear,Quite hard,Rather unconfident,I tried to remember color pairs to match matching colors. I also used internal vocalization of color pairs to catch familiar sound patterns.
Qaghonrdjm26hem6zgs0iztfcQ,rotational,47.0,"[[3, 5, 6, 7], [7, 6, 2]]",0.0,27.335,0,Fairly conscious/deliberative,Fully clear,Quite hard,Rather unconfident,I tried to remember color pairs to match matching colors. I also used internal vocalization of color pairs to catch familiar sound patterns.
Qaghonrdjm26hem6zgs0iztfcQ,rotational,48.0,"[[4, 1, 7, 6, 5], [0, 7, 1, 4]]",1.0,3.218,1,Fairly conscious/deliberative,Fully clear,Quite hard,Rather unconfident,I tried to remember color pairs to match matching colors. I also used internal vocalization of color pairs to catch familiar sound patterns.
Qaghonrdjm26hem6zgs0iztfcQ,rotational,49.0,"[[2, 6, 7, 1], [3, 5, 6]]",1.0,2.808,1,Fairly conscious/deliberative,Fully clear,Quite hard,Rather unconfident,I tried to remember color pairs to match matching colors. I also used internal vocalization of color pairs to catch familiar sound patterns.
Qaghonrdjm26hem6zgs0iztfcQ,rotational,50.0,"[[5, 6, 7, 1, 4], [7, 6, 5, 3]]",0.0,13.131,0,Fairly conscious/deliberative,Fully clear,Quite hard,Rather unconfident,I tried to remember color pairs to match matching colors. I also used internal vocalization of color pairs to catch familiar sound patterns.
Qaghonrdjm26hem6zgs0iztfcQ,rotational,51.0,"[[0, 7, 6, 5], [6, 7, 1]]",1.0,12.036,1,Fairly conscious/deliberative,Fully clear,Quite hard,Rather unconfident,I tried to remember color pairs to match matching colors. I also used internal vocalization of color pairs to catch familiar sound patterns.
Qaghonrdjm26hem6zgs0iztfcQ,rotational,52.0,"[[1, 7, 6, 5], [0, 7, 1]]",1.0,4.123,1,Fairly conscious/deliberative,Fully clear,Quite hard,Rather unconfident,I tried to remember color pairs to match matching colors. I also used internal vocalization of color pairs to catch familiar sound patterns.
Qaghonrdjm26hem6zgs0iztfcQ,rotational,53.0,"[[0, 7, 6, 5], [2, 6, 7, 1, 4]]",1.0,9.679,0,Fairly conscious/deliberative,Fully clear,Quite hard,Rather unconfident,I tried to remember color pairs to match matching colors. I also used internal vocalization of color pairs to catch familiar sound patterns.
Qaghonrdjm26hem6zgs0iztfcQ,rotational,54.0,"[[4, 1, 7, 0], [6, 7, 1]]",0.0,4.37,0,Fairly conscious/deliberative,Fully clear,Quite hard,Rather unconfident,I tried to remember color pairs to match matching colors. I also used internal vocalization of color pairs to catch familiar sound patterns.
Qaghonrdjm26hem6zgs0iztfcQ,rotational,55.0,"[[5, 6, 7], [3, 5, 6, 2]]",0.0,10.814,1,Fairly conscious/deliberative,Fully clear,Quite hard,Rather unconfident,I tried to remember color pairs to match matching colors. I also used internal vocalization of color pairs to catch familiar sound patterns.
Qaghonrdjm26hem6zgs0iztfcQ,rotational,56.0,"[[0, 7, 6], [3, 5, 6, 2]]",0.0,6.23,1,Fairly conscious/deliberative,Fully clear,Quite hard,Rather unconfident,I tried to remember color pairs to match matching colors. I also used internal vocalization of color pairs to catch familiar sound patterns.
Qaghonrdjm26hem6zgs0iztfcQ,rotational,57.0,"[[2, 6, 7], [5, 6, 7, 1]]",0.0,12.673,1,Fairly conscious/deliberative,Fully clear,Quite hard,Rather unconfident,I tried to remember color pairs to match matching colors. I also used internal vocalization of color pairs to catch familiar sound patterns.
Qaghonrdjm26hem6zgs0iztfcQ,rotational,58.0,"[[2, 6, 7], [1, 7, 6, 2]]",0.0,14.713,1,Fairly conscious/deliberative,Fully clear,Quite hard,Rather unconfident,I tried to remember color pairs to match matching colors. I also used internal vocalization of color pairs to catch familiar sound patterns.
Qaghonrdjm26hem6zgs0iztfcQ,rotational,59.0,"[[6, 7, 1, 4], [3, 5, 6]]",1.0,2.391,1,Fairly conscious/deliberative,Fully clear,Quite hard,Rather unconfident,I tried to remember color pairs to match matching colors. I also used internal vocalization of color pairs to catch familiar sound patterns.
Qaghonrdjm26hem6zgs0iztfcQ,rotational,60.0,"[[5, 6, 7, 0], [2, 6, 5]]",1.0,7.572,1,Fairly conscious/deliberative,Fully clear,Quite hard,Rather unconfident,I tried to remember color pairs to match matching colors. I also used internal vocalization of color pairs to catch familiar sound patterns.
Qaghonrdjm26hem6zgs0iztfcQ,rotational,61.0,"[[7, 1, 4], [0, 7, 6, 2]]",1.0,7.265,0,Fairly conscious/deliberative,Fully clear,Quite hard,Rather unconfident,I tried to remember color pairs to match matching colors. I also used internal vocalization of color pairs to catch familiar sound patterns.
Qaghonrdjm26hem6zgs0iztfcQ,rotational,62.0,"[[4, 1, 7, 6, 2], [2, 6, 5, 3]]",1.0,5.684,1,Fairly conscious/deliberative,Fully clear,Quite hard,Rather unconfident,I tried to remember color pairs to match matching colors. I also used internal vocalization of color pairs to catch familiar sound patterns.
Qaghonrdjm26hem6zgs0iztfcQ,rotational,63.0,"[[7, 6, 5, 3], [5, 6, 2]]",1.0,6.521,1,Fairly conscious/deliberative,Fully clear,Quite hard,Rather unconfident,I tried to remember color pairs to match matching colors. I also used internal vocalization of color pairs to catch familiar sound patterns.
Qaghonrdjm26hem6zgs0iztfcQ,rotational,64.0,"[[5, 6, 7, 0], [6, 7, 0]]",0.0,6.772,0,Fairly conscious/deliberative,Fully clear,Quite hard,Rather unconfident,I tried to remember color pairs to match matching colors. I also used internal vocalization of color pairs to catch familiar sound patterns.
Qawphyh0r69o2kpr39o49f7xnQ,rotational,0.0,"[[2, 6, 5], [2, 6, 7, 1]]",0.0,2.317,1,Fully conscious/deliberative,Fully clear,Quite hard,Confident,I just tried to imagine the flower map
Qawphyh0r69o2kpr39o49f7xnQ,rotational,1.0,"[[6, 7, 1, 4], [5, 6, 7]]",0.0,1.038,0,Fully conscious/deliberative,Fully clear,Quite hard,Confident,I just tried to imagine the flower map
Qawphyh0r69o2kpr39o49f7xnQ,rotational,2.0,"[[7, 6, 5], [5, 6, 7, 1]]",1.0,143.062,0,Fully conscious/deliberative,Fully clear,Quite hard,Confident,I just tried to imagine the flower map
Qawphyh0r69o2kpr39o49f7xnQ,rotational,3.0,"[[5, 6, 7, 1, 4], [4, 1, 7, 6]]",0.0,0.974,0,Fully conscious/deliberative,Fully clear,Quite hard,Confident,I just tried to imagine the flower map
Qawphyh0r69o2kpr39o49f7xnQ,rotational,4.0,"[[1, 7, 6, 2], [0, 7, 1]]",1.0,7.182,1,Fully conscious/deliberative,Fully clear,Quite hard,Confident,I just tried to imagine the flower map
Qawphyh0r69o2kpr39o49f7xnQ,rotational,5.0,"[[3, 5, 6], [5, 6, 7, 1]]",0.0,1.416,1,Fully conscious/deliberative,Fully clear,Quite hard,Confident,I just tried to imagine the flower map
Qawphyh0r69o2kpr39o49f7xnQ,rotational,6.0,"[[5, 6, 2], [2, 6, 5, 3]]",0.0,1.198,1,Fully conscious/deliberative,Fully clear,Quite hard,Confident,I just tried to imagine the flower map
Qawphyh0r69o2kpr39o49f7xnQ,rotational,7.0,"[[0, 7, 1, 4], [1, 7, 6]]",1.0,0.054,1,Fully conscious/deliberative,Fully clear,Quite hard,Confident,I just tried to imagine the flower map
Qawphyh0r69o2kpr39o49f7xnQ,rotational,10.0,"[[5, 6, 7], [0, 7, 6, 2]]",1.0,0.238,0,Fully conscious/deliberative,Fully clear,Quite hard,Confident,I just tried to imagine the flower map
Qawphyh0r69o2kpr39o49f7xnQ,rotational,8.0,"[[2, 6, 7, 1], [7, 1, 4]]",0.0,0.638,0,Fully conscious/deliberative,Fully clear,Quite hard,Confident,I just tried to imagine the flower map
Qawphyh0r69o2kpr39o49f7xnQ,rotational,9.0,"[[4, 1, 7], [2, 6, 5, 3]]",0.0,0.622,1,Fully conscious/deliberative,Fully clear,Quite hard,Confident,I just tried to imagine the flower map
Qawphyh0r69o2kpr39o49f7xnQ,rotational,11.0,"[[7, 1, 4], [0, 7, 6, 5]]",1.0,0.039,0,Fully conscious/deliberative,Fully clear,Quite hard,Confident,I just tried to imagine the flower map
Qawphyh0r69o2kpr39o49f7xnQ,rotational,12.0,"[[6, 5, 3], [6, 7, 1, 4]]",0.0,0.551,1,Fully conscious/deliberative,Fully clear,Quite hard,Confident,I just tried to imagine the flower map
Qawphyh0r69o2kpr39o49f7xnQ,rotational,13.0,"[[2, 6, 7, 1], [1, 7, 0]]",0.0,0.318,0,Fully conscious/deliberative,Fully clear,Quite hard,Confident,I just tried to imagine the flower map
Qawphyh0r69o2kpr39o49f7xnQ,rotational,14.0,"[[1, 7, 6, 5], [7, 1, 4]]",0.0,0.286,0,Fully conscious/deliberative,Fully clear,Quite hard,Confident,I just tried to imagine the flower map
Qawphyh0r69o2kpr39o49f7xnQ,rotational,15.0,"[[6, 7, 1], [3, 5, 6, 2]]",1.0,0.223,0,Fully conscious/deliberative,Fully clear,Quite hard,Confident,I just tried to imagine the flower map
Qawphyh0r69o2kpr39o49f7xnQ,rotational,16.0,"[[6, 5, 3], [1, 7, 6, 2]]",0.0,0.335,1,Fully conscious/deliberative,Fully clear,Quite hard,Confident,I just tried to imagine the flower map
Qawphyh0r69o2kpr39o49f7xnQ,rotational,17.0,"[[6, 7, 0], [0, 7, 6, 5]]",1.0,0.317,0,Fully conscious/deliberative,Fully clear,Quite hard,Confident,I just tried to imagine the flower map
Qawphyh0r69o2kpr39o49f7xnQ,rotational,18.0,"[[0, 7, 1, 4], [2, 6, 7]]",1.0,0.215,1,Fully conscious/deliberative,Fully clear,Quite hard,Confident,I just tried to imagine the flower map
Qawphyh0r69o2kpr39o49f7xnQ,rotational,19.0,"[[7, 6, 5, 3], [2, 6, 5]]",0.0,0.166,0,Fully conscious/deliberative,Fully clear,Quite hard,Confident,I just tried to imagine the flower map
Qawphyh0r69o2kpr39o49f7xnQ,rotational,20.0,"[[0, 7, 1, 4], [2, 6, 7]]",1.0,0.567,1,Fully conscious/deliberative,Fully clear,Quite hard,Confident,I just tried to imagine the flower map
Qawphyh0r69o2kpr39o49f7xnQ,rotational,21.0,"[[4, 1, 7, 0], [4, 1, 7, 6, 2]]",0.0,1.086,1,Fully conscious/deliberative,Fully clear,Quite hard,Confident,I just tried to imagine the flower map
Qawphyh0r69o2kpr39o49f7xnQ,rotational,22.0,"[[7, 1, 4], [0, 7, 6, 2]]",1.0,1.095,0,Fully conscious/deliberative,Fully clear,Quite hard,Confident,I just tried to imagine the flower map
Qawphyh0r69o2kpr39o49f7xnQ,rotational,23.0,"[[0, 7, 1, 4], [5, 6, 7, 1, 4]]",1.0,81.56,0,Fully conscious/deliberative,Fully clear,Quite hard,Confident,I just tried to imagine the flower map
Qawphyh0r69o2kpr39o49f7xnQ,rotational,24.0,"[[6, 7, 1, 4], [7, 6, 2]]",1.0,0.87,1,Fully conscious/deliberative,Fully clear,Quite hard,Confident,I just tried to imagine the flower map
Qawphyh0r69o2kpr39o49f7xnQ,rotational,25.0,"[[5, 6, 7], [1, 7, 6, 2]]",1.0,1.582,0,Fully conscious/deliberative,Fully clear,Quite hard,Confident,I just tried to imagine the flower map
Qawphyh0r69o2kpr39o49f7xnQ,rotational,26.0,"[[4, 1, 7, 6], [3, 5, 6, 7, 0]]",1.0,1.375,0,Fully conscious/deliberative,Fully clear,Quite hard,Confident,I just tried to imagine the flower map
Qawphyh0r69o2kpr39o49f7xnQ,rotational,27.0,"[[4, 1, 7, 6, 5], [7, 6, 5, 3]]",1.0,0.885,1,Fully conscious/deliberative,Fully clear,Quite hard,Confident,I just tried to imagine the flower map
Qawphyh0r69o2kpr39o49f7xnQ,rotational,28.0,"[[4, 1, 7, 6], [1, 7, 6, 5, 3]]",1.0,0.774,0,Fully conscious/deliberative,Fully clear,Quite hard,Confident,I just tried to imagine the flower map
Qawphyh0r69o2kpr39o49f7xnQ,rotational,29.0,"[[1, 7, 6], [5, 6, 7, 1]]",0.0,1.31,1,Fully conscious/deliberative,Fully clear,Quite hard,Confident,I just tried to imagine the flower map
Qawphyh0r69o2kpr39o49f7xnQ,rotational,30.0,"[[4, 1, 7, 0], [6, 5, 3]]",0.0,1.013,0,Fully conscious/deliberative,Fully clear,Quite hard,Confident,I just tried to imagine the flower map
Qawphyh0r69o2kpr39o49f7xnQ,rotational,31.0,"[[3, 5, 6, 7, 0], [2, 6, 7, 1]]",0.0,1.246,0,Fully conscious/deliberative,Fully clear,Quite hard,Confident,I just tried to imagine the flower map
Qawphyh0r69o2kpr39o49f7xnQ,rotational,33.0,"[[0, 7, 1], [2, 6, 5, 3]]",1.0,0.038,0,Fully conscious/deliberative,Fully clear,Quite hard,Confident,I just tried to imagine the flower map
Qawphyh0r69o2kpr39o49f7xnQ,rotational,32.0,"[[4, 1, 7, 6, 2], [3, 5, 6, 2]]",0.0,0.798,0,Fully conscious/deliberative,Fully clear,Quite hard,Confident,I just tried to imagine the flower map
Qawphyh0r69o2kpr39o49f7xnQ,rotational,35.0,"[[2, 6, 5, 3], [1, 7, 6, 5, 3]]",0.0,0.046,1,Fully conscious/deliberative,Fully clear,Quite hard,Confident,I just tried to imagine the flower map
Qawphyh0r69o2kpr39o49f7xnQ,rotational,34.0,"[[1, 7, 6, 5], [2, 6, 7]]",1.0,0.814,1,Fully conscious/deliberative,Fully clear,Quite hard,Confident,I just tried to imagine the flower map
Qawphyh0r69o2kpr39o49f7xnQ,rotational,36.0,"[[6, 5, 3], [6, 7, 1, 4]]",1.0,0.903,0,Fully conscious/deliberative,Fully clear,Quite hard,Confident,I just tried to imagine the flower map
Qawphyh0r69o2kpr39o49f7xnQ,rotational,37.0,"[[4, 1, 7, 6, 2], [3, 5, 6, 7, 1, 4]]",1.0,1.111,0,Fully conscious/deliberative,Fully clear,Quite hard,Confident,I just tried to imagine the flower map
Qawphyh0r69o2kpr39o49f7xnQ,rotational,38.0,"[[4, 1, 7, 0], [0, 7, 6]]",1.0,0.853,1,Fully conscious/deliberative,Fully clear,Quite hard,Confident,I just tried to imagine the flower map
Qawphyh0r69o2kpr39o49f7xnQ,rotational,39.0,"[[5, 6, 7], [2, 6, 5, 3]]",1.0,0.799,0,Fully conscious/deliberative,Fully clear,Quite hard,Confident,I just tried to imagine the flower map
Qawphyh0r69o2kpr39o49f7xnQ,rotational,40.0,"[[0, 7, 6, 2], [0, 7, 6, 5, 3]]",1.0,0.774,0,Fully conscious/deliberative,Fully clear,Quite hard,Confident,I just tried to imagine the flower map
Qawphyh0r69o2kpr39o49f7xnQ,rotational,41.0,"[[3, 5, 6, 7], [4, 1, 7, 6, 2]]",0.0,0.928,1,Fully conscious/deliberative,Fully clear,Quite hard,Confident,I just tried to imagine the flower map
Qawphyh0r69o2kpr39o49f7xnQ,rotational,42.0,"[[7, 6, 5], [0, 7, 1, 4]]",1.0,0.766,0,Fully conscious/deliberative,Fully clear,Quite hard,Confident,I just tried to imagine the flower map
Qawphyh0r69o2kpr39o49f7xnQ,rotational,43.0,"[[5, 6, 7, 0], [0, 7, 1]]",1.0,0.735,1,Fully conscious/deliberative,Fully clear,Quite hard,Confident,I just tried to imagine the flower map
Qawphyh0r69o2kpr39o49f7xnQ,rotational,44.0,"[[1, 7, 6, 2], [4, 1, 7]]",0.0,0.965,0,Fully conscious/deliberative,Fully clear,Quite hard,Confident,I just tried to imagine the flower map
Qawphyh0r69o2kpr39o49f7xnQ,rotational,45.0,"[[2, 6, 7, 1], [1, 7, 6]]",0.0,0.942,0,Fully conscious/deliberative,Fully clear,Quite hard,Confident,I just tried to imagine the flower map
Qawphyh0r69o2kpr39o49f7xnQ,rotational,46.0,"[[1, 7, 6, 5], [3, 5, 6, 7, 1]]",1.0,0.846,0,Fully conscious/deliberative,Fully clear,Quite hard,Confident,I just tried to imagine the flower map
Qawphyh0r69o2kpr39o49f7xnQ,rotational,47.0,"[[0, 7, 6, 5], [5, 6, 7]]",1.0,0.646,1,Fully conscious/deliberative,Fully clear,Quite hard,Confident,I just tried to imagine the flower map
Qawphyh0r69o2kpr39o49f7xnQ,rotational,48.0,"[[5, 6, 7, 1], [0, 7, 1]]",0.0,0.79,0,Fully conscious/deliberative,Fully clear,Quite hard,Confident,I just tried to imagine the flower map
Qawphyh0r69o2kpr39o49f7xnQ,rotational,49.0,"[[2, 6, 7, 0], [1, 7, 0]]",1.0,1.423,1,Fully conscious/deliberative,Fully clear,Quite hard,Confident,I just tried to imagine the flower map
Qawphyh0r69o2kpr39o49f7xnQ,rotational,50.0,"[[2, 6, 7, 0], [3, 5, 6]]",0.0,0.782,0,Fully conscious/deliberative,Fully clear,Quite hard,Confident,I just tried to imagine the flower map
Qawphyh0r69o2kpr39o49f7xnQ,rotational,51.0,"[[4, 1, 7, 6], [0, 7, 1]]",0.0,0.927,0,Fully conscious/deliberative,Fully clear,Quite hard,Confident,I just tried to imagine the flower map
Qawphyh0r69o2kpr39o49f7xnQ,rotational,52.0,"[[4, 1, 7, 6, 2], [0, 7, 6, 5]]",1.0,0.75,1,Fully conscious/deliberative,Fully clear,Quite hard,Confident,I just tried to imagine the flower map
Qawphyh0r69o2kpr39o49f7xnQ,rotational,53.0,"[[2, 6, 5], [0, 7, 1, 4]]",1.0,0.622,0,Fully conscious/deliberative,Fully clear,Quite hard,Confident,I just tried to imagine the flower map
Qawphyh0r69o2kpr39o49f7xnQ,rotational,54.0,"[[5, 6, 7, 1], [7, 1, 4]]",1.0,0.846,1,Fully conscious/deliberative,Fully clear,Quite hard,Confident,I just tried to imagine the flower map
Qawphyh0r69o2kpr39o49f7xnQ,rotational,55.0,"[[6, 7, 1], [5, 6, 7, 0]]",0.0,0.79,1,Fully conscious/deliberative,Fully clear,Quite hard,Confident,I just tried to imagine the flower map
Qawphyh0r69o2kpr39o49f7xnQ,rotational,56.0,"[[2, 6, 5, 3], [0, 7, 6]]",0.0,0.774,0,Fully conscious/deliberative,Fully clear,Quite hard,Confident,I just tried to imagine the flower map
Qawphyh0r69o2kpr39o49f7xnQ,rotational,57.0,"[[2, 6, 7, 1], [3, 5, 6, 7, 1]]",0.0,1.022,1,Fully conscious/deliberative,Fully clear,Quite hard,Confident,I just tried to imagine the flower map
Qawphyh0r69o2kpr39o49f7xnQ,rotational,58.0,"[[1, 7, 6, 5], [2, 6, 5]]",0.0,0.91,0,Fully conscious/deliberative,Fully clear,Quite hard,Confident,I just tried to imagine the flower map
Qawphyh0r69o2kpr39o49f7xnQ,rotational,59.0,"[[2, 6, 7, 1], [7, 6, 2]]",1.0,0.662,1,Fully conscious/deliberative,Fully clear,Quite hard,Confident,I just tried to imagine the flower map
Qawphyh0r69o2kpr39o49f7xnQ,rotational,60.0,"[[4, 1, 7, 6, 5], [7, 6, 5, 3]]",1.0,0.575,1,Fully conscious/deliberative,Fully clear,Quite hard,Confident,I just tried to imagine the flower map
Qawphyh0r69o2kpr39o49f7xnQ,rotational,61.0,"[[7, 6, 2], [6, 7, 1, 4]]",1.0,0.83,0,Fully conscious/deliberative,Fully clear,Quite hard,Confident,I just tried to imagine the flower map
Qawphyh0r69o2kpr39o49f7xnQ,rotational,62.0,"[[0, 7, 6, 5], [2, 6, 5]]",1.0,1.009,1,Fully conscious/deliberative,Fully clear,Quite hard,Confident,I just tried to imagine the flower map
Qawphyh0r69o2kpr39o49f7xnQ,rotational,63.0,"[[2, 6, 7], [7, 6, 5, 3]]",1.0,0.917,0,Fully conscious/deliberative,Fully clear,Quite hard,Confident,I just tried to imagine the flower map
Qawphyh0r69o2kpr39o49f7xnQ,rotational,64.0,"[[5, 6, 2], [4, 1, 7, 6]]",0.0,14.632,1,Fully conscious/deliberative,Fully clear,Quite hard,Confident,I just tried to imagine the flower map
Qbyqhyaokmq7h7b7c4h5j0xu8Q,rotational,0.0,"[[1, 7, 0], [1, 7, 6, 2]]",1.0,9.31,0,Fully conscious/deliberative,Somewhat clear,Quite hard,Rather confident,"This one was a bit tricky for me, I was a bit slow or I did not follow well since I did the first part during early hours of the morning, now I was a bit struggling with remembering every route taken by the bee well. Nonetheless there is nothing wrong or misleading with the study, I am sure there are people who just did well. Honestly I have no specific strategy I used on this one, I just tried to remember the ones that were close to each other, meaning they had fewer stops. I hope this helps, I Thank you"
Qbyqhyaokmq7h7b7c4h5j0xu8Q,rotational,1.0,"[[4, 1, 7, 6], [5, 6, 2]]",0.0,5.006,0,Fully conscious/deliberative,Somewhat clear,Quite hard,Rather confident,"This one was a bit tricky for me, I was a bit slow or I did not follow well since I did the first part during early hours of the morning, now I was a bit struggling with remembering every route taken by the bee well. Nonetheless there is nothing wrong or misleading with the study, I am sure there are people who just did well. Honestly I have no specific strategy I used on this one, I just tried to remember the ones that were close to each other, meaning they had fewer stops. I hope this helps, I Thank you"
Qbyqhyaokmq7h7b7c4h5j0xu8Q,rotational,2.0,"[[4, 1, 7, 0], [4, 1, 7, 6, 2]]",0.0,4.77,1,Fully conscious/deliberative,Somewhat clear,Quite hard,Rather confident,"This one was a bit tricky for me, I was a bit slow or I did not follow well since I did the first part during early hours of the morning, now I was a bit struggling with remembering every route taken by the bee well. Nonetheless there is nothing wrong or misleading with the study, I am sure there are people who just did well. Honestly I have no specific strategy I used on this one, I just tried to remember the ones that were close to each other, meaning they had fewer stops. I hope this helps, I Thank you"
Qbyqhyaokmq7h7b7c4h5j0xu8Q,rotational,3.0,"[[0, 7, 6, 5, 3], [6, 7, 1, 4]]",1.0,4.712,1,Fully conscious/deliberative,Somewhat clear,Quite hard,Rather confident,"This one was a bit tricky for me, I was a bit slow or I did not follow well since I did the first part during early hours of the morning, now I was a bit struggling with remembering every route taken by the bee well. Nonetheless there is nothing wrong or misleading with the study, I am sure there are people who just did well. Honestly I have no specific strategy I used on this one, I just tried to remember the ones that were close to each other, meaning they had fewer stops. I hope this helps, I Thank you"
Qbyqhyaokmq7h7b7c4h5j0xu8Q,rotational,4.0,"[[5, 6, 7, 1, 4], [4, 1, 7, 6]]",1.0,5.679,1,Fully conscious/deliberative,Somewhat clear,Quite hard,Rather confident,"This one was a bit tricky for me, I was a bit slow or I did not follow well since I did the first part during early hours of the morning, now I was a bit struggling with remembering every route taken by the bee well. Nonetheless there is nothing wrong or misleading with the study, I am sure there are people who just did well. Honestly I have no specific strategy I used on this one, I just tried to remember the ones that were close to each other, meaning they had fewer stops. I hope this helps, I Thank you"
Qbyqhyaokmq7h7b7c4h5j0xu8Q,rotational,5.0,"[[5, 6, 7], [4, 1, 7, 6]]",0.0,2.431,1,Fully conscious/deliberative,Somewhat clear,Quite hard,Rather confident,"This one was a bit tricky for me, I was a bit slow or I did not follow well since I did the first part during early hours of the morning, now I was a bit struggling with remembering every route taken by the bee well. Nonetheless there is nothing wrong or misleading with the study, I am sure there are people who just did well. Honestly I have no specific strategy I used on this one, I just tried to remember the ones that were close to each other, meaning they had fewer stops. I hope this helps, I Thank you"
Qbyqhyaokmq7h7b7c4h5j0xu8Q,rotational,6.0,"[[7, 6, 5], [0, 7, 6, 5]]",0.0,2.455,1,Fully conscious/deliberative,Somewhat clear,Quite hard,Rather confident,"This one was a bit tricky for me, I was a bit slow or I did not follow well since I did the first part during early hours of the morning, now I was a bit struggling with remembering every route taken by the bee well. Nonetheless there is nothing wrong or misleading with the study, I am sure there are people who just did well. Honestly I have no specific strategy I used on this one, I just tried to remember the ones that were close to each other, meaning they had fewer stops. I hope this helps, I Thank you"
Qbyqhyaokmq7h7b7c4h5j0xu8Q,rotational,7.0,"[[4, 1, 7, 6], [3, 5, 6]]",0.0,4.216,0,Fully conscious/deliberative,Somewhat clear,Quite hard,Rather confident,"This one was a bit tricky for me, I was a bit slow or I did not follow well since I did the first part during early hours of the morning, now I was a bit struggling with remembering every route taken by the bee well. Nonetheless there is nothing wrong or misleading with the study, I am sure there are people who just did well. Honestly I have no specific strategy I used on this one, I just tried to remember the ones that were close to each other, meaning they had fewer stops. I hope this helps, I Thank you"
Qbyqhyaokmq7h7b7c4h5j0xu8Q,rotational,8.0,"[[5, 6, 7, 0], [0, 7, 6]]",1.0,4.699,1,Fully conscious/deliberative,Somewhat clear,Quite hard,Rather confident,"This one was a bit tricky for me, I was a bit slow or I did not follow well since I did the first part during early hours of the morning, now I was a bit struggling with remembering every route taken by the bee well. Nonetheless there is nothing wrong or misleading with the study, I am sure there are people who just did well. Honestly I have no specific strategy I used on this one, I just tried to remember the ones that were close to each other, meaning they had fewer stops. I hope this helps, I Thank you"
Qbyqhyaokmq7h7b7c4h5j0xu8Q,rotational,9.0,"[[3, 5, 6, 2], [7, 6, 5]]",0.0,3.298,0,Fully conscious/deliberative,Somewhat clear,Quite hard,Rather confident,"This one was a bit tricky for me, I was a bit slow or I did not follow well since I did the first part during early hours of the morning, now I was a bit struggling with remembering every route taken by the bee well. Nonetheless there is nothing wrong or misleading with the study, I am sure there are people who just did well. Honestly I have no specific strategy I used on this one, I just tried to remember the ones that were close to each other, meaning they had fewer stops. I hope this helps, I Thank you"
Qbyqhyaokmq7h7b7c4h5j0xu8Q,rotational,10.0,"[[4, 1, 7, 6], [6, 5, 3]]",0.0,4.711,0,Fully conscious/deliberative,Somewhat clear,Quite hard,Rather confident,"This one was a bit tricky for me, I was a bit slow or I did not follow well since I did the first part during early hours of the morning, now I was a bit struggling with remembering every route taken by the bee well. Nonetheless there is nothing wrong or misleading with the study, I am sure there are people who just did well. Honestly I have no specific strategy I used on this one, I just tried to remember the ones that were close to each other, meaning they had fewer stops. I hope this helps, I Thank you"
Qbyqhyaokmq7h7b7c4h5j0xu8Q,rotational,11.0,"[[6, 5, 3], [1, 7, 6, 2]]",1.0,7.371,0,Fully conscious/deliberative,Somewhat clear,Quite hard,Rather confident,"This one was a bit tricky for me, I was a bit slow or I did not follow well since I did the first part during early hours of the morning, now I was a bit struggling with remembering every route taken by the bee well. Nonetheless there is nothing wrong or misleading with the study, I am sure there are people who just did well. Honestly I have no specific strategy I used on this one, I just tried to remember the ones that were close to each other, meaning they had fewer stops. I hope this helps, I Thank you"
Qbyqhyaokmq7h7b7c4h5j0xu8Q,rotational,12.0,"[[3, 5, 6, 7, 1], [1, 7, 6, 2]]",1.0,3.48,1,Fully conscious/deliberative,Somewhat clear,Quite hard,Rather confident,"This one was a bit tricky for me, I was a bit slow or I did not follow well since I did the first part during early hours of the morning, now I was a bit struggling with remembering every route taken by the bee well. Nonetheless there is nothing wrong or misleading with the study, I am sure there are people who just did well. Honestly I have no specific strategy I used on this one, I just tried to remember the ones that were close to each other, meaning they had fewer stops. I hope this helps, I Thank you"
Qbyqhyaokmq7h7b7c4h5j0xu8Q,rotational,13.0,"[[0, 7, 1, 4], [3, 5, 6]]",0.0,12.059,0,Fully conscious/deliberative,Somewhat clear,Quite hard,Rather confident,"This one was a bit tricky for me, I was a bit slow or I did not follow well since I did the first part during early hours of the morning, now I was a bit struggling with remembering every route taken by the bee well. Nonetheless there is nothing wrong or misleading with the study, I am sure there are people who just did well. Honestly I have no specific strategy I used on this one, I just tried to remember the ones that were close to each other, meaning they had fewer stops. I hope this helps, I Thank you"
Qbyqhyaokmq7h7b7c4h5j0xu8Q,rotational,14.0,"[[6, 7, 1, 4], [3, 5, 6, 7, 1]]",1.0,4.124,0,Fully conscious/deliberative,Somewhat clear,Quite hard,Rather confident,"This one was a bit tricky for me, I was a bit slow or I did not follow well since I did the first part during early hours of the morning, now I was a bit struggling with remembering every route taken by the bee well. Nonetheless there is nothing wrong or misleading with the study, I am sure there are people who just did well. Honestly I have no specific strategy I used on this one, I just tried to remember the ones that were close to each other, meaning they had fewer stops. I hope this helps, I Thank you"
Qbyqhyaokmq7h7b7c4h5j0xu8Q,rotational,15.0,"[[7, 1, 4], [2, 6, 7, 1]]",1.0,4.161,0,Fully conscious/deliberative,Somewhat clear,Quite hard,Rather confident,"This one was a bit tricky for me, I was a bit slow or I did not follow well since I did the first part during early hours of the morning, now I was a bit struggling with remembering every route taken by the bee well. Nonetheless there is nothing wrong or misleading with the study, I am sure there are people who just did well. Honestly I have no specific strategy I used on this one, I just tried to remember the ones that were close to each other, meaning they had fewer stops. I hope this helps, I Thank you"
Qbyqhyaokmq7h7b7c4h5j0xu8Q,rotational,16.0,"[[1, 7, 6, 2], [5, 6, 7]]",0.0,3.049,0,Fully conscious/deliberative,Somewhat clear,Quite hard,Rather confident,"This one was a bit tricky for me, I was a bit slow or I did not follow well since I did the first part during early hours of the morning, now I was a bit struggling with remembering every route taken by the bee well. Nonetheless there is nothing wrong or misleading with the study, I am sure there are people who just did well. Honestly I have no specific strategy I used on this one, I just tried to remember the ones that were close to each other, meaning they had fewer stops. I hope this helps, I Thank you"
Qbyqhyaokmq7h7b7c4h5j0xu8Q,rotational,17.0,"[[4, 1, 7], [1, 7, 6, 2]]",1.0,2.149,0,Fully conscious/deliberative,Somewhat clear,Quite hard,Rather confident,"This one was a bit tricky for me, I was a bit slow or I did not follow well since I did the first part during early hours of the morning, now I was a bit struggling with remembering every route taken by the bee well. Nonetheless there is nothing wrong or misleading with the study, I am sure there are people who just did well. Honestly I have no specific strategy I used on this one, I just tried to remember the ones that were close to each other, meaning they had fewer stops. I hope this helps, I Thank you"
Qbyqhyaokmq7h7b7c4h5j0xu8Q,rotational,18.0,"[[5, 6, 7, 0], [6, 7, 1]]",1.0,7.832,1,Fully conscious/deliberative,Somewhat clear,Quite hard,Rather confident,"This one was a bit tricky for me, I was a bit slow or I did not follow well since I did the first part during early hours of the morning, now I was a bit struggling with remembering every route taken by the bee well. Nonetheless there is nothing wrong or misleading with the study, I am sure there are people who just did well. Honestly I have no specific strategy I used on this one, I just tried to remember the ones that were close to each other, meaning they had fewer stops. I hope this helps, I Thank you"
Qbyqhyaokmq7h7b7c4h5j0xu8Q,rotational,19.0,"[[5, 6, 7, 0], [4, 1, 7, 6, 2]]",0.0,7.846,1,Fully conscious/deliberative,Somewhat clear,Quite hard,Rather confident,"This one was a bit tricky for me, I was a bit slow or I did not follow well since I did the first part during early hours of the morning, now I was a bit struggling with remembering every route taken by the bee well. Nonetheless there is nothing wrong or misleading with the study, I am sure there are people who just did well. Honestly I have no specific strategy I used on this one, I just tried to remember the ones that were close to each other, meaning they had fewer stops. I hope this helps, I Thank you"
Qbyqhyaokmq7h7b7c4h5j0xu8Q,rotational,20.0,"[[5, 6, 7, 1], [7, 1, 4]]",0.0,13.202,0,Fully conscious/deliberative,Somewhat clear,Quite hard,Rather confident,"This one was a bit tricky for me, I was a bit slow or I did not follow well since I did the first part during early hours of the morning, now I was a bit struggling with remembering every route taken by the bee well. Nonetheless there is nothing wrong or misleading with the study, I am sure there are people who just did well. Honestly I have no specific strategy I used on this one, I just tried to remember the ones that were close to each other, meaning they had fewer stops. I hope this helps, I Thank you"
Qbyqhyaokmq7h7b7c4h5j0xu8Q,rotational,21.0,"[[0, 7, 1, 4], [2, 6, 5]]",0.0,6.171,0,Fully conscious/deliberative,Somewhat clear,Quite hard,Rather confident,"This one was a bit tricky for me, I was a bit slow or I did not follow well since I did the first part during early hours of the morning, now I was a bit struggling with remembering every route taken by the bee well. Nonetheless there is nothing wrong or misleading with the study, I am sure there are people who just did well. Honestly I have no specific strategy I used on this one, I just tried to remember the ones that were close to each other, meaning they had fewer stops. I hope this helps, I Thank you"
Qbyqhyaokmq7h7b7c4h5j0xu8Q,rotational,22.0,"[[0, 7, 1], [2, 6, 5, 3]]",0.0,5.214,1,Fully conscious/deliberative,Somewhat clear,Quite hard,Rather confident,"This one was a bit tricky for me, I was a bit slow or I did not follow well since I did the first part during early hours of the morning, now I was a bit struggling with remembering every route taken by the bee well. Nonetheless there is nothing wrong or misleading with the study, I am sure there are people who just did well. Honestly I have no specific strategy I used on this one, I just tried to remember the ones that were close to each other, meaning they had fewer stops. I hope this helps, I Thank you"
Qbyqhyaokmq7h7b7c4h5j0xu8Q,rotational,23.0,"[[1, 7, 6, 5], [1, 7, 6]]",1.0,4.406,1,Fully conscious/deliberative,Somewhat clear,Quite hard,Rather confident,"This one was a bit tricky for me, I was a bit slow or I did not follow well since I did the first part during early hours of the morning, now I was a bit struggling with remembering every route taken by the bee well. Nonetheless there is nothing wrong or misleading with the study, I am sure there are people who just did well. Honestly I have no specific strategy I used on this one, I just tried to remember the ones that were close to each other, meaning they had fewer stops. I hope this helps, I Thank you"
Qbyqhyaokmq7h7b7c4h5j0xu8Q,rotational,24.0,"[[4, 1, 7, 6], [7, 6, 2]]",0.0,3.93,0,Fully conscious/deliberative,Somewhat clear,Quite hard,Rather confident,"This one was a bit tricky for me, I was a bit slow or I did not follow well since I did the first part during early hours of the morning, now I was a bit struggling with remembering every route taken by the bee well. Nonetheless there is nothing wrong or misleading with the study, I am sure there are people who just did well. Honestly I have no specific strategy I used on this one, I just tried to remember the ones that were close to each other, meaning they had fewer stops. I hope this helps, I Thank you"
Qbyqhyaokmq7h7b7c4h5j0xu8Q,rotational,25.0,"[[5, 6, 7, 0], [4, 1, 7]]",0.0,4.513,0,Fully conscious/deliberative,Somewhat clear,Quite hard,Rather confident,"This one was a bit tricky for me, I was a bit slow or I did not follow well since I did the first part during early hours of the morning, now I was a bit struggling with remembering every route taken by the bee well. Nonetheless there is nothing wrong or misleading with the study, I am sure there are people who just did well. Honestly I have no specific strategy I used on this one, I just tried to remember the ones that were close to each other, meaning they had fewer stops. I hope this helps, I Thank you"
Qbyqhyaokmq7h7b7c4h5j0xu8Q,rotational,26.0,"[[2, 6, 7, 0], [6, 5, 3]]",0.0,4.059,0,Fully conscious/deliberative,Somewhat clear,Quite hard,Rather confident,"This one was a bit tricky for me, I was a bit slow or I did not follow well since I did the first part during early hours of the morning, now I was a bit struggling with remembering every route taken by the bee well. Nonetheless there is nothing wrong or misleading with the study, I am sure there are people who just did well. Honestly I have no specific strategy I used on this one, I just tried to remember the ones that were close to each other, meaning they had fewer stops. I hope this helps, I Thank you"
Qbyqhyaokmq7h7b7c4h5j0xu8Q,rotational,27.0,"[[2, 6, 7, 0], [5, 6, 7]]",1.0,4.301,1,Fully conscious/deliberative,Somewhat clear,Quite hard,Rather confident,"This one was a bit tricky for me, I was a bit slow or I did not follow well since I did the first part during early hours of the morning, now I was a bit struggling with remembering every route taken by the bee well. Nonetheless there is nothing wrong or misleading with the study, I am sure there are people who just did well. Honestly I have no specific strategy I used on this one, I just tried to remember the ones that were close to each other, meaning they had fewer stops. I hope this helps, I Thank you"
Qbyqhyaokmq7h7b7c4h5j0xu8Q,rotational,28.0,"[[0, 7, 6], [4, 1, 7, 0]]",1.0,3.283,0,Fully conscious/deliberative,Somewhat clear,Quite hard,Rather confident,"This one was a bit tricky for me, I was a bit slow or I did not follow well since I did the first part during early hours of the morning, now I was a bit struggling with remembering every route taken by the bee well. Nonetheless there is nothing wrong or misleading with the study, I am sure there are people who just did well. Honestly I have no specific strategy I used on this one, I just tried to remember the ones that were close to each other, meaning they had fewer stops. I hope this helps, I Thank you"
Qbyqhyaokmq7h7b7c4h5j0xu8Q,rotational,29.0,"[[6, 5, 3], [1, 7, 6, 5]]",0.0,4.588,1,Fully conscious/deliberative,Somewhat clear,Quite hard,Rather confident,"This one was a bit tricky for me, I was a bit slow or I did not follow well since I did the first part during early hours of the morning, now I was a bit struggling with remembering every route taken by the bee well. Nonetheless there is nothing wrong or misleading with the study, I am sure there are people who just did well. Honestly I have no specific strategy I used on this one, I just tried to remember the ones that were close to each other, meaning they had fewer stops. I hope this helps, I Thank you"
Qbyqhyaokmq7h7b7c4h5j0xu8Q,rotational,30.0,"[[1, 7, 0], [5, 6, 7, 0]]",1.0,6.161,0,Fully conscious/deliberative,Somewhat clear,Quite hard,Rather confident,"This one was a bit tricky for me, I was a bit slow or I did not follow well since I did the first part during early hours of the morning, now I was a bit struggling with remembering every route taken by the bee well. Nonetheless there is nothing wrong or misleading with the study, I am sure there are people who just did well. Honestly I have no specific strategy I used on this one, I just tried to remember the ones that were close to each other, meaning they had fewer stops. I hope this helps, I Thank you"
Qbyqhyaokmq7h7b7c4h5j0xu8Q,rotational,31.0,"[[7, 6, 2], [4, 1, 7, 0]]",1.0,3.381,0,Fully conscious/deliberative,Somewhat clear,Quite hard,Rather confident,"This one was a bit tricky for me, I was a bit slow or I did not follow well since I did the first part during early hours of the morning, now I was a bit struggling with remembering every route taken by the bee well. Nonetheless there is nothing wrong or misleading with the study, I am sure there are people who just did well. Honestly I have no specific strategy I used on this one, I just tried to remember the ones that were close to each other, meaning they had fewer stops. I hope this helps, I Thank you"
Qbyqhyaokmq7h7b7c4h5j0xu8Q,rotational,32.0,"[[6, 7, 1], [1, 7, 6, 2]]",0.0,3.356,1,Fully conscious/deliberative,Somewhat clear,Quite hard,Rather confident,"This one was a bit tricky for me, I was a bit slow or I did not follow well since I did the first part during early hours of the morning, now I was a bit struggling with remembering every route taken by the bee well. Nonetheless there is nothing wrong or misleading with the study, I am sure there are people who just did well. Honestly I have no specific strategy I used on this one, I just tried to remember the ones that were close to each other, meaning they had fewer stops. I hope this helps, I Thank you"
Qbyqhyaokmq7h7b7c4h5j0xu8Q,rotational,33.0,"[[4, 1, 7, 6, 2], [3, 5, 6, 7, 1, 4]]",1.0,8.943,0,Fully conscious/deliberative,Somewhat clear,Quite hard,Rather confident,"This one was a bit tricky for me, I was a bit slow or I did not follow well since I did the first part during early hours of the morning, now I was a bit struggling with remembering every route taken by the bee well. Nonetheless there is nothing wrong or misleading with the study, I am sure there are people who just did well. Honestly I have no specific strategy I used on this one, I just tried to remember the ones that were close to each other, meaning they had fewer stops. I hope this helps, I Thank you"
Qbyqhyaokmq7h7b7c4h5j0xu8Q,rotational,34.0,"[[2, 6, 7, 0], [3, 5, 6, 7, 0]]",1.0,6.761,0,Fully conscious/deliberative,Somewhat clear,Quite hard,Rather confident,"This one was a bit tricky for me, I was a bit slow or I did not follow well since I did the first part during early hours of the morning, now I was a bit struggling with remembering every route taken by the bee well. Nonetheless there is nothing wrong or misleading with the study, I am sure there are people who just did well. Honestly I have no specific strategy I used on this one, I just tried to remember the ones that were close to each other, meaning they had fewer stops. I hope this helps, I Thank you"
Qbyqhyaokmq7h7b7c4h5j0xu8Q,rotational,35.0,"[[0, 7, 6, 5, 3], [2, 6, 7, 1]]",0.0,4.714,0,Fully conscious/deliberative,Somewhat clear,Quite hard,Rather confident,"This one was a bit tricky for me, I was a bit slow or I did not follow well since I did the first part during early hours of the morning, now I was a bit struggling with remembering every route taken by the bee well. Nonetheless there is nothing wrong or misleading with the study, I am sure there are people who just did well. Honestly I have no specific strategy I used on this one, I just tried to remember the ones that were close to each other, meaning they had fewer stops. I hope this helps, I Thank you"
Qbyqhyaokmq7h7b7c4h5j0xu8Q,rotational,36.0,"[[7, 6, 2], [7, 6, 5, 3]]",0.0,8.093,1,Fully conscious/deliberative,Somewhat clear,Quite hard,Rather confident,"This one was a bit tricky for me, I was a bit slow or I did not follow well since I did the first part during early hours of the morning, now I was a bit struggling with remembering every route taken by the bee well. Nonetheless there is nothing wrong or misleading with the study, I am sure there are people who just did well. Honestly I have no specific strategy I used on this one, I just tried to remember the ones that were close to each other, meaning they had fewer stops. I hope this helps, I Thank you"
Qbyqhyaokmq7h7b7c4h5j0xu8Q,rotational,37.0,"[[0, 7, 6, 5], [5, 6, 2]]",1.0,3.552,1,Fully conscious/deliberative,Somewhat clear,Quite hard,Rather confident,"This one was a bit tricky for me, I was a bit slow or I did not follow well since I did the first part during early hours of the morning, now I was a bit struggling with remembering every route taken by the bee well. Nonetheless there is nothing wrong or misleading with the study, I am sure there are people who just did well. Honestly I have no specific strategy I used on this one, I just tried to remember the ones that were close to each other, meaning they had fewer stops. I hope this helps, I Thank you"
Qbyqhyaokmq7h7b7c4h5j0xu8Q,rotational,38.0,"[[2, 6, 7, 1], [1, 7, 0]]",1.0,5.196,1,Fully conscious/deliberative,Somewhat clear,Quite hard,Rather confident,"This one was a bit tricky for me, I was a bit slow or I did not follow well since I did the first part during early hours of the morning, now I was a bit struggling with remembering every route taken by the bee well. Nonetheless there is nothing wrong or misleading with the study, I am sure there are people who just did well. Honestly I have no specific strategy I used on this one, I just tried to remember the ones that were close to each other, meaning they had fewer stops. I hope this helps, I Thank you"
Qbyqhyaokmq7h7b7c4h5j0xu8Q,rotational,39.0,"[[1, 7, 6, 5], [4, 1, 7]]",0.0,6.886,0,Fully conscious/deliberative,Somewhat clear,Quite hard,Rather confident,"This one was a bit tricky for me, I was a bit slow or I did not follow well since I did the first part during early hours of the morning, now I was a bit struggling with remembering every route taken by the bee well. Nonetheless there is nothing wrong or misleading with the study, I am sure there are people who just did well. Honestly I have no specific strategy I used on this one, I just tried to remember the ones that were close to each other, meaning they had fewer stops. I hope this helps, I Thank you"
Qbyqhyaokmq7h7b7c4h5j0xu8Q,rotational,40.0,"[[7, 6, 5, 3], [4, 1, 7, 6, 5]]",1.0,3.761,0,Fully conscious/deliberative,Somewhat clear,Quite hard,Rather confident,"This one was a bit tricky for me, I was a bit slow or I did not follow well since I did the first part during early hours of the morning, now I was a bit struggling with remembering every route taken by the bee well. Nonetheless there is nothing wrong or misleading with the study, I am sure there are people who just did well. Honestly I have no specific strategy I used on this one, I just tried to remember the ones that were close to each other, meaning they had fewer stops. I hope this helps, I Thank you"
Qbyqhyaokmq7h7b7c4h5j0xu8Q,rotational,41.0,"[[2, 6, 7, 1, 4], [7, 6, 5, 3]]",1.0,4.354,1,Fully conscious/deliberative,Somewhat clear,Quite hard,Rather confident,"This one was a bit tricky for me, I was a bit slow or I did not follow well since I did the first part during early hours of the morning, now I was a bit struggling with remembering every route taken by the bee well. Nonetheless there is nothing wrong or misleading with the study, I am sure there are people who just did well. Honestly I have no specific strategy I used on this one, I just tried to remember the ones that were close to each other, meaning they had fewer stops. I hope this helps, I Thank you"
Qbyqhyaokmq7h7b7c4h5j0xu8Q,rotational,42.0,"[[5, 6, 7, 1], [5, 6, 7]]",0.0,3.119,0,Fully conscious/deliberative,Somewhat clear,Quite hard,Rather confident,"This one was a bit tricky for me, I was a bit slow or I did not follow well since I did the first part during early hours of the morning, now I was a bit struggling with remembering every route taken by the bee well. Nonetheless there is nothing wrong or misleading with the study, I am sure there are people who just did well. Honestly I have no specific strategy I used on this one, I just tried to remember the ones that were close to each other, meaning they had fewer stops. I hope this helps, I Thank you"
Qbyqhyaokmq7h7b7c4h5j0xu8Q,rotational,43.0,"[[2, 6, 7, 1], [7, 6, 2]]",1.0,8.856,1,Fully conscious/deliberative,Somewhat clear,Quite hard,Rather confident,"This one was a bit tricky for me, I was a bit slow or I did not follow well since I did the first part during early hours of the morning, now I was a bit struggling with remembering every route taken by the bee well. Nonetheless there is nothing wrong or misleading with the study, I am sure there are people who just did well. Honestly I have no specific strategy I used on this one, I just tried to remember the ones that were close to each other, meaning they had fewer stops. I hope this helps, I Thank you"
Qbyqhyaokmq7h7b7c4h5j0xu8Q,rotational,44.0,"[[2, 6, 5, 3], [6, 7, 1]]",0.0,5.383,0,Fully conscious/deliberative,Somewhat clear,Quite hard,Rather confident,"This one was a bit tricky for me, I was a bit slow or I did not follow well since I did the first part during early hours of the morning, now I was a bit struggling with remembering every route taken by the bee well. Nonetheless there is nothing wrong or misleading with the study, I am sure there are people who just did well. Honestly I have no specific strategy I used on this one, I just tried to remember the ones that were close to each other, meaning they had fewer stops. I hope this helps, I Thank you"
Qbyqhyaokmq7h7b7c4h5j0xu8Q,rotational,45.0,"[[5, 6, 7, 1], [2, 6, 7]]",0.0,2.705,0,Fully conscious/deliberative,Somewhat clear,Quite hard,Rather confident,"This one was a bit tricky for me, I was a bit slow or I did not follow well since I did the first part during early hours of the morning, now I was a bit struggling with remembering every route taken by the bee well. Nonetheless there is nothing wrong or misleading with the study, I am sure there are people who just did well. Honestly I have no specific strategy I used on this one, I just tried to remember the ones that were close to each other, meaning they had fewer stops. I hope this helps, I Thank you"
Qbyqhyaokmq7h7b7c4h5j0xu8Q,rotational,46.0,"[[4, 1, 7, 6, 2], [2, 6, 5, 3]]",0.0,21.372,0,Fully conscious/deliberative,Somewhat clear,Quite hard,Rather confident,"This one was a bit tricky for me, I was a bit slow or I did not follow well since I did the first part during early hours of the morning, now I was a bit struggling with remembering every route taken by the bee well. Nonetheless there is nothing wrong or misleading with the study, I am sure there are people who just did well. Honestly I have no specific strategy I used on this one, I just tried to remember the ones that were close to each other, meaning they had fewer stops. I hope this helps, I Thank you"
Qbyqhyaokmq7h7b7c4h5j0xu8Q,rotational,47.0,"[[1, 7, 0], [5, 6, 7, 1]]",0.0,2.958,1,Fully conscious/deliberative,Somewhat clear,Quite hard,Rather confident,"This one was a bit tricky for me, I was a bit slow or I did not follow well since I did the first part during early hours of the morning, now I was a bit struggling with remembering every route taken by the bee well. Nonetheless there is nothing wrong or misleading with the study, I am sure there are people who just did well. Honestly I have no specific strategy I used on this one, I just tried to remember the ones that were close to each other, meaning they had fewer stops. I hope this helps, I Thank you"
Qbyqhyaokmq7h7b7c4h5j0xu8Q,rotational,48.0,"[[1, 7, 6], [4, 1, 7, 0]]",0.0,10.723,1,Fully conscious/deliberative,Somewhat clear,Quite hard,Rather confident,"This one was a bit tricky for me, I was a bit slow or I did not follow well since I did the first part during early hours of the morning, now I was a bit struggling with remembering every route taken by the bee well. Nonetheless there is nothing wrong or misleading with the study, I am sure there are people who just did well. Honestly I have no specific strategy I used on this one, I just tried to remember the ones that were close to each other, meaning they had fewer stops. I hope this helps, I Thank you"
Qbyqhyaokmq7h7b7c4h5j0xu8Q,rotational,49.0,"[[2, 6, 5], [5, 6, 7, 1]]",0.0,5.443,1,Fully conscious/deliberative,Somewhat clear,Quite hard,Rather confident,"This one was a bit tricky for me, I was a bit slow or I did not follow well since I did the first part during early hours of the morning, now I was a bit struggling with remembering every route taken by the bee well. Nonetheless there is nothing wrong or misleading with the study, I am sure there are people who just did well. Honestly I have no specific strategy I used on this one, I just tried to remember the ones that were close to each other, meaning they had fewer stops. I hope this helps, I Thank you"
Qbyqhyaokmq7h7b7c4h5j0xu8Q,rotational,50.0,"[[2, 6, 7], [4, 1, 7, 6]]",1.0,5.116,0,Fully conscious/deliberative,Somewhat clear,Quite hard,Rather confident,"This one was a bit tricky for me, I was a bit slow or I did not follow well since I did the first part during early hours of the morning, now I was a bit struggling with remembering every route taken by the bee well. Nonetheless there is nothing wrong or misleading with the study, I am sure there are people who just did well. Honestly I have no specific strategy I used on this one, I just tried to remember the ones that were close to each other, meaning they had fewer stops. I hope this helps, I Thank you"
Qbyqhyaokmq7h7b7c4h5j0xu8Q,rotational,51.0,"[[4, 1, 7], [0, 7, 6, 2]]",0.0,3.016,1,Fully conscious/deliberative,Somewhat clear,Quite hard,Rather confident,"This one was a bit tricky for me, I was a bit slow or I did not follow well since I did the first part during early hours of the morning, now I was a bit struggling with remembering every route taken by the bee well. Nonetheless there is nothing wrong or misleading with the study, I am sure there are people who just did well. Honestly I have no specific strategy I used on this one, I just tried to remember the ones that were close to each other, meaning they had fewer stops. I hope this helps, I Thank you"
Qbyqhyaokmq7h7b7c4h5j0xu8Q,rotational,52.0,"[[4, 1, 7, 6, 5], [0, 7, 1, 4]]",0.0,20.74,0,Fully conscious/deliberative,Somewhat clear,Quite hard,Rather confident,"This one was a bit tricky for me, I was a bit slow or I did not follow well since I did the first part during early hours of the morning, now I was a bit struggling with remembering every route taken by the bee well. Nonetheless there is nothing wrong or misleading with the study, I am sure there are people who just did well. Honestly I have no specific strategy I used on this one, I just tried to remember the ones that were close to each other, meaning they had fewer stops. I hope this helps, I Thank you"
Qbyqhyaokmq7h7b7c4h5j0xu8Q,rotational,53.0,"[[2, 6, 5, 3], [6, 7, 0]]",1.0,4.779,1,Fully conscious/deliberative,Somewhat clear,Quite hard,Rather confident,"This one was a bit tricky for me, I was a bit slow or I did not follow well since I did the first part during early hours of the morning, now I was a bit struggling with remembering every route taken by the bee well. Nonetheless there is nothing wrong or misleading with the study, I am sure there are people who just did well. Honestly I have no specific strategy I used on this one, I just tried to remember the ones that were close to each other, meaning they had fewer stops. I hope this helps, I Thank you"
Qbyqhyaokmq7h7b7c4h5j0xu8Q,rotational,54.0,"[[3, 5, 6, 2], [2, 6, 5]]",0.0,20.036,0,Fully conscious/deliberative,Somewhat clear,Quite hard,Rather confident,"This one was a bit tricky for me, I was a bit slow or I did not follow well since I did the first part during early hours of the morning, now I was a bit struggling with remembering every route taken by the bee well. Nonetheless there is nothing wrong or misleading with the study, I am sure there are people who just did well. Honestly I have no specific strategy I used on this one, I just tried to remember the ones that were close to each other, meaning they had fewer stops. I hope this helps, I Thank you"
Qbyqhyaokmq7h7b7c4h5j0xu8Q,rotational,55.0,"[[4, 1, 7, 0], [7, 6, 2]]",1.0,4.387,1,Fully conscious/deliberative,Somewhat clear,Quite hard,Rather confident,"This one was a bit tricky for me, I was a bit slow or I did not follow well since I did the first part during early hours of the morning, now I was a bit struggling with remembering every route taken by the bee well. Nonetheless there is nothing wrong or misleading with the study, I am sure there are people who just did well. Honestly I have no specific strategy I used on this one, I just tried to remember the ones that were close to each other, meaning they had fewer stops. I hope this helps, I Thank you"
Qbyqhyaokmq7h7b7c4h5j0xu8Q,rotational,56.0,"[[1, 7, 6, 2], [5, 6, 2]]",1.0,3.929,1,Fully conscious/deliberative,Somewhat clear,Quite hard,Rather confident,"This one was a bit tricky for me, I was a bit slow or I did not follow well since I did the first part during early hours of the morning, now I was a bit struggling with remembering every route taken by the bee well. Nonetheless there is nothing wrong or misleading with the study, I am sure there are people who just did well. Honestly I have no specific strategy I used on this one, I just tried to remember the ones that were close to each other, meaning they had fewer stops. I hope this helps, I Thank you"
Qbyqhyaokmq7h7b7c4h5j0xu8Q,rotational,57.0,"[[4, 1, 7, 6, 5], [3, 5, 6, 7]]",1.0,2.321,1,Fully conscious/deliberative,Somewhat clear,Quite hard,Rather confident,"This one was a bit tricky for me, I was a bit slow or I did not follow well since I did the first part during early hours of the morning, now I was a bit struggling with remembering every route taken by the bee well. Nonetheless there is nothing wrong or misleading with the study, I am sure there are people who just did well. Honestly I have no specific strategy I used on this one, I just tried to remember the ones that were close to each other, meaning they had fewer stops. I hope this helps, I Thank you"
Qbyqhyaokmq7h7b7c4h5j0xu8Q,rotational,58.0,"[[4, 1, 7], [3, 5, 6, 2]]",0.0,4.482,1,Fully conscious/deliberative,Somewhat clear,Quite hard,Rather confident,"This one was a bit tricky for me, I was a bit slow or I did not follow well since I did the first part during early hours of the morning, now I was a bit struggling with remembering every route taken by the bee well. Nonetheless there is nothing wrong or misleading with the study, I am sure there are people who just did well. Honestly I have no specific strategy I used on this one, I just tried to remember the ones that were close to each other, meaning they had fewer stops. I hope this helps, I Thank you"
Qbyqhyaokmq7h7b7c4h5j0xu8Q,rotational,59.0,"[[2, 6, 5, 3], [1, 7, 6, 5, 3]]",1.0,4.913,0,Fully conscious/deliberative,Somewhat clear,Quite hard,Rather confident,"This one was a bit tricky for me, I was a bit slow or I did not follow well since I did the first part during early hours of the morning, now I was a bit struggling with remembering every route taken by the bee well. Nonetheless there is nothing wrong or misleading with the study, I am sure there are people who just did well. Honestly I have no specific strategy I used on this one, I just tried to remember the ones that were close to each other, meaning they had fewer stops. I hope this helps, I Thank you"
Qbyqhyaokmq7h7b7c4h5j0xu8Q,rotational,60.0,"[[7, 6, 5, 3], [2, 6, 5]]",0.0,3.783,0,Fully conscious/deliberative,Somewhat clear,Quite hard,Rather confident,"This one was a bit tricky for me, I was a bit slow or I did not follow well since I did the first part during early hours of the morning, now I was a bit struggling with remembering every route taken by the bee well. Nonetheless there is nothing wrong or misleading with the study, I am sure there are people who just did well. Honestly I have no specific strategy I used on this one, I just tried to remember the ones that were close to each other, meaning they had fewer stops. I hope this helps, I Thank you"
Qbyqhyaokmq7h7b7c4h5j0xu8Q,rotational,61.0,"[[0, 7, 1, 4], [7, 6, 5]]",1.0,3.87,1,Fully conscious/deliberative,Somewhat clear,Quite hard,Rather confident,"This one was a bit tricky for me, I was a bit slow or I did not follow well since I did the first part during early hours of the morning, now I was a bit struggling with remembering every route taken by the bee well. Nonetheless there is nothing wrong or misleading with the study, I am sure there are people who just did well. Honestly I have no specific strategy I used on this one, I just tried to remember the ones that were close to each other, meaning they had fewer stops. I hope this helps, I Thank you"
Qbyqhyaokmq7h7b7c4h5j0xu8Q,rotational,62.0,"[[2, 6, 7, 0], [1, 7, 0]]",1.0,4.6,1,Fully conscious/deliberative,Somewhat clear,Quite hard,Rather confident,"This one was a bit tricky for me, I was a bit slow or I did not follow well since I did the first part during early hours of the morning, now I was a bit struggling with remembering every route taken by the bee well. Nonetheless there is nothing wrong or misleading with the study, I am sure there are people who just did well. Honestly I have no specific strategy I used on this one, I just tried to remember the ones that were close to each other, meaning they had fewer stops. I hope this helps, I Thank you"
Qbyqhyaokmq7h7b7c4h5j0xu8Q,rotational,63.0,"[[1, 7, 6, 5, 3], [5, 6, 7, 1]]",0.0,5.512,0,Fully conscious/deliberative,Somewhat clear,Quite hard,Rather confident,"This one was a bit tricky for me, I was a bit slow or I did not follow well since I did the first part during early hours of the morning, now I was a bit struggling with remembering every route taken by the bee well. Nonetheless there is nothing wrong or misleading with the study, I am sure there are people who just did well. Honestly I have no specific strategy I used on this one, I just tried to remember the ones that were close to each other, meaning they had fewer stops. I hope this helps, I Thank you"
Qbyqhyaokmq7h7b7c4h5j0xu8Q,rotational,64.0,"[[0, 7, 1], [4, 1, 7, 6]]",0.0,8.431,1,Fully conscious/deliberative,Somewhat clear,Quite hard,Rather confident,"This one was a bit tricky for me, I was a bit slow or I did not follow well since I did the first part during early hours of the morning, now I was a bit struggling with remembering every route taken by the bee well. Nonetheless there is nothing wrong or misleading with the study, I am sure there are people who just did well. Honestly I have no specific strategy I used on this one, I just tried to remember the ones that were close to each other, meaning they had fewer stops. I hope this helps, I Thank you"
Qbytety2dn729v4xanc1scjolQ,rotational,0.0,"[[7, 1, 4], [0, 7, 6, 5]]",1.0,9.496,0,Fully conscious/deliberative,Fully clear,Quite hard,Rather unconfident,i tried to remember which flowers were closest together.
Qbytety2dn729v4xanc1scjolQ,rotational,1.0,"[[2, 6, 7, 1], [1, 7, 0]]",1.0,5.474,1,Fully conscious/deliberative,Fully clear,Quite hard,Rather unconfident,i tried to remember which flowers were closest together.
Qbytety2dn729v4xanc1scjolQ,rotational,2.0,"[[3, 5, 6], [1, 7, 6, 2]]",1.0,4.447,0,Fully conscious/deliberative,Fully clear,Quite hard,Rather unconfident,i tried to remember which flowers were closest together.
Qbytety2dn729v4xanc1scjolQ,rotational,3.0,"[[6, 7, 1, 4], [7, 6, 5]]",1.0,5.522,1,Fully conscious/deliberative,Fully clear,Quite hard,Rather unconfident,i tried to remember which flowers were closest together.
Qbytety2dn729v4xanc1scjolQ,rotational,4.0,"[[2, 6, 5, 3], [2, 6, 5]]",0.0,4.695,0,Fully conscious/deliberative,Fully clear,Quite hard,Rather unconfident,i tried to remember which flowers were closest together.
Qbytety2dn729v4xanc1scjolQ,rotational,5.0,"[[0, 7, 1, 4], [2, 6, 7, 1, 4]]",0.0,3.842,1,Fully conscious/deliberative,Fully clear,Quite hard,Rather unconfident,i tried to remember which flowers were closest together.
Qbytety2dn729v4xanc1scjolQ,rotational,6.0,"[[5, 6, 7, 1], [3, 5, 6]]",0.0,3.4,0,Fully conscious/deliberative,Fully clear,Quite hard,Rather unconfident,i tried to remember which flowers were closest together.
Qbytety2dn729v4xanc1scjolQ,rotational,7.0,"[[2, 6, 7, 1], [5, 6, 2]]",0.0,2.649,0,Fully conscious/deliberative,Fully clear,Quite hard,Rather unconfident,i tried to remember which flowers were closest together.
Qbytety2dn729v4xanc1scjolQ,rotational,8.0,"[[2, 6, 7, 0], [5, 6, 7]]",1.0,1.76,1,Fully conscious/deliberative,Fully clear,Quite hard,Rather unconfident,i tried to remember which flowers were closest together.
Qbytety2dn729v4xanc1scjolQ,rotational,9.0,"[[2, 6, 7, 1, 4], [4, 1, 7, 6, 5, 3]]",1.0,5.213,0,Fully conscious/deliberative,Fully clear,Quite hard,Rather unconfident,i tried to remember which flowers were closest together.
Qbytety2dn729v4xanc1scjolQ,rotational,10.0,"[[0, 7, 6, 2], [0, 7, 6, 5, 3]]",0.0,2.287,1,Fully conscious/deliberative,Fully clear,Quite hard,Rather unconfident,i tried to remember which flowers were closest together.
Qbytety2dn729v4xanc1scjolQ,rotational,11.0,"[[7, 6, 2], [6, 7, 1, 4]]",1.0,2.564,0,Fully conscious/deliberative,Fully clear,Quite hard,Rather unconfident,i tried to remember which flowers were closest together.
Qbytety2dn729v4xanc1scjolQ,rotational,12.0,"[[1, 7, 6, 2], [4, 1, 7]]",1.0,2.594,1,Fully conscious/deliberative,Fully clear,Quite hard,Rather unconfident,i tried to remember which flowers were closest together.
Qbytety2dn729v4xanc1scjolQ,rotational,13.0,"[[4, 1, 7], [5, 6, 7, 1]]",1.0,1.186,0,Fully conscious/deliberative,Fully clear,Quite hard,Rather unconfident,i tried to remember which flowers were closest together.
Qbytety2dn729v4xanc1scjolQ,rotational,14.0,"[[2, 6, 5], [4, 1, 7, 0]]",0.0,4.364,1,Fully conscious/deliberative,Fully clear,Quite hard,Rather unconfident,i tried to remember which flowers were closest together.
Qbytety2dn729v4xanc1scjolQ,rotational,15.0,"[[7, 1, 4], [2, 6, 7, 1]]",0.0,2.686,1,Fully conscious/deliberative,Fully clear,Quite hard,Rather unconfident,i tried to remember which flowers were closest together.
Qbytety2dn729v4xanc1scjolQ,rotational,16.0,"[[2, 6, 7], [0, 7, 1, 4]]",0.0,3.397,1,Fully conscious/deliberative,Fully clear,Quite hard,Rather unconfident,i tried to remember which flowers were closest together.
Qbytety2dn729v4xanc1scjolQ,rotational,17.0,"[[7, 6, 5], [0, 7, 1, 4]]",1.0,3.633,0,Fully conscious/deliberative,Fully clear,Quite hard,Rather unconfident,i tried to remember which flowers were closest together.
Qbytety2dn729v4xanc1scjolQ,rotational,18.0,"[[0, 7, 1], [0, 7, 6, 2]]",1.0,1.403,0,Fully conscious/deliberative,Fully clear,Quite hard,Rather unconfident,i tried to remember which flowers were closest together.
Qbytety2dn729v4xanc1scjolQ,rotational,19.0,"[[1, 7, 6, 5], [4, 1, 7]]",0.0,2.183,0,Fully conscious/deliberative,Fully clear,Quite hard,Rather unconfident,i tried to remember which flowers were closest together.
Qbytety2dn729v4xanc1scjolQ,rotational,20.0,"[[4, 1, 7, 0], [5, 6, 7, 1, 4]]",0.0,2.014,1,Fully conscious/deliberative,Fully clear,Quite hard,Rather unconfident,i tried to remember which flowers were closest together.
Qbytety2dn729v4xanc1scjolQ,rotational,21.0,"[[5, 6, 7, 1, 4], [7, 6, 5, 3]]",0.0,2.024,0,Fully conscious/deliberative,Fully clear,Quite hard,Rather unconfident,i tried to remember which flowers were closest together.
Qbytety2dn729v4xanc1scjolQ,rotational,22.0,"[[6, 7, 1, 4], [6, 5, 3]]",1.0,2.126,1,Fully conscious/deliberative,Fully clear,Quite hard,Rather unconfident,i tried to remember which flowers were closest together.
Qbytety2dn729v4xanc1scjolQ,rotational,23.0,"[[4, 1, 7, 0], [1, 7, 6]]",0.0,2.021,0,Fully conscious/deliberative,Fully clear,Quite hard,Rather unconfident,i tried to remember which flowers were closest together.
Qbytety2dn729v4xanc1scjolQ,rotational,24.0,"[[1, 7, 6, 5, 3], [5, 6, 7, 1]]",1.0,2.107,1,Fully conscious/deliberative,Fully clear,Quite hard,Rather unconfident,i tried to remember which flowers were closest together.
Qbytety2dn729v4xanc1scjolQ,rotational,25.0,"[[7, 6, 5, 3], [2, 6, 5]]",0.0,1.734,0,Fully conscious/deliberative,Fully clear,Quite hard,Rather unconfident,i tried to remember which flowers were closest together.
Qbytety2dn729v4xanc1scjolQ,rotational,26.0,"[[6, 5, 3], [4, 1, 7, 6]]",1.0,2.524,0,Fully conscious/deliberative,Fully clear,Quite hard,Rather unconfident,i tried to remember which flowers were closest together.
Qbytety2dn729v4xanc1scjolQ,rotational,27.0,"[[1, 7, 6, 5], [2, 6, 5]]",0.0,2.252,0,Fully conscious/deliberative,Fully clear,Quite hard,Rather unconfident,i tried to remember which flowers were closest together.
Qbytety2dn729v4xanc1scjolQ,rotational,28.0,"[[0, 7, 1, 4], [2, 6, 7]]",0.0,4.329,0,Fully conscious/deliberative,Fully clear,Quite hard,Rather unconfident,i tried to remember which flowers were closest together.
Qbytety2dn729v4xanc1scjolQ,rotational,29.0,"[[6, 5, 3], [2, 6, 7, 0]]",1.0,1.224,0,Fully conscious/deliberative,Fully clear,Quite hard,Rather unconfident,i tried to remember which flowers were closest together.
Qbytety2dn729v4xanc1scjolQ,rotational,30.0,"[[5, 6, 7, 1, 4], [4, 1, 7, 6]]",0.0,1.272,0,Fully conscious/deliberative,Fully clear,Quite hard,Rather unconfident,i tried to remember which flowers were closest together.
Qbytety2dn729v4xanc1scjolQ,rotational,31.0,"[[7, 6, 5, 3], [2, 6, 7, 1, 4]]",1.0,0.991,0,Fully conscious/deliberative,Fully clear,Quite hard,Rather unconfident,i tried to remember which flowers were closest together.
Qbytety2dn729v4xanc1scjolQ,rotational,32.0,"[[1, 7, 6, 5], [5, 6, 7]]",0.0,0.974,0,Fully conscious/deliberative,Fully clear,Quite hard,Rather unconfident,i tried to remember which flowers were closest together.
Qbytety2dn729v4xanc1scjolQ,rotational,33.0,"[[2, 6, 5, 3], [5, 6, 7]]",1.0,1.307,1,Fully conscious/deliberative,Fully clear,Quite hard,Rather unconfident,i tried to remember which flowers were closest together.
Qbytety2dn729v4xanc1scjolQ,rotational,34.0,"[[0, 7, 6, 2], [4, 1, 7]]",0.0,2.565,0,Fully conscious/deliberative,Fully clear,Quite hard,Rather unconfident,i tried to remember which flowers were closest together.
Qbytety2dn729v4xanc1scjolQ,rotational,35.0,"[[3, 5, 6, 2], [7, 1, 4]]",0.0,1.736,0,Fully conscious/deliberative,Fully clear,Quite hard,Rather unconfident,i tried to remember which flowers were closest together.
Qbytety2dn729v4xanc1scjolQ,rotational,36.0,"[[1, 7, 0], [0, 7, 6, 5]]",1.0,3.543,0,Fully conscious/deliberative,Fully clear,Quite hard,Rather unconfident,i tried to remember which flowers were closest together.
Qbytety2dn729v4xanc1scjolQ,rotational,37.0,"[[5, 6, 7, 0], [0, 7, 6]]",1.0,2.443,1,Fully conscious/deliberative,Fully clear,Quite hard,Rather unconfident,i tried to remember which flowers were closest together.
Qbytety2dn729v4xanc1scjolQ,rotational,38.0,"[[2, 6, 5, 3], [3, 5, 6, 7, 1]]",1.0,1.686,0,Fully conscious/deliberative,Fully clear,Quite hard,Rather unconfident,i tried to remember which flowers were closest together.
Qbytety2dn729v4xanc1scjolQ,rotational,39.0,"[[2, 6, 7, 1], [1, 7, 6]]",0.0,2.888,0,Fully conscious/deliberative,Fully clear,Quite hard,Rather unconfident,i tried to remember which flowers were closest together.
Qbytety2dn729v4xanc1scjolQ,rotational,40.0,"[[0, 7, 1], [3, 5, 6, 2]]",0.0,2.268,1,Fully conscious/deliberative,Fully clear,Quite hard,Rather unconfident,i tried to remember which flowers were closest together.
Qbytety2dn729v4xanc1scjolQ,rotational,41.0,"[[2, 6, 7], [6, 7, 1, 4]]",1.0,2.23,0,Fully conscious/deliberative,Fully clear,Quite hard,Rather unconfident,i tried to remember which flowers were closest together.
Qbytety2dn729v4xanc1scjolQ,rotational,42.0,"[[2, 6, 5, 3], [2, 6, 7, 1, 4]]",0.0,1.909,1,Fully conscious/deliberative,Fully clear,Quite hard,Rather unconfident,i tried to remember which flowers were closest together.
Qbytety2dn729v4xanc1scjolQ,rotational,43.0,"[[5, 6, 7], [1, 7, 6, 2]]",1.0,1.833,0,Fully conscious/deliberative,Fully clear,Quite hard,Rather unconfident,i tried to remember which flowers were closest together.
Qbytety2dn729v4xanc1scjolQ,rotational,44.0,"[[2, 6, 7, 1], [3, 5, 6, 7, 0]]",0.0,1.979,1,Fully conscious/deliberative,Fully clear,Quite hard,Rather unconfident,i tried to remember which flowers were closest together.
Qbytety2dn729v4xanc1scjolQ,rotational,45.0,"[[7, 6, 5, 3], [5, 6, 7, 1, 4]]",1.0,1.812,0,Fully conscious/deliberative,Fully clear,Quite hard,Rather unconfident,i tried to remember which flowers were closest together.
Qbytety2dn729v4xanc1scjolQ,rotational,46.0,"[[0, 7, 6, 5], [5, 6, 7]]",1.0,1.712,1,Fully conscious/deliberative,Fully clear,Quite hard,Rather unconfident,i tried to remember which flowers were closest together.
Qbytety2dn729v4xanc1scjolQ,rotational,47.0,"[[0, 7, 1], [1, 7, 6, 2]]",1.0,1.484,0,Fully conscious/deliberative,Fully clear,Quite hard,Rather unconfident,i tried to remember which flowers were closest together.
Qbytety2dn729v4xanc1scjolQ,rotational,48.0,"[[5, 6, 7, 0], [2, 6, 7, 1, 4]]",1.0,3.183,0,Fully conscious/deliberative,Fully clear,Quite hard,Rather unconfident,i tried to remember which flowers were closest together.
Qbytety2dn729v4xanc1scjolQ,rotational,49.0,"[[0, 7, 1], [4, 1, 7, 6]]",0.0,1.345,1,Fully conscious/deliberative,Fully clear,Quite hard,Rather unconfident,i tried to remember which flowers were closest together.
Qbytety2dn729v4xanc1scjolQ,rotational,50.0,"[[0, 7, 1], [5, 6, 7, 1]]",1.0,1.75,0,Fully conscious/deliberative,Fully clear,Quite hard,Rather unconfident,i tried to remember which flowers were closest together.
Qbytety2dn729v4xanc1scjolQ,rotational,51.0,"[[7, 6, 2], [7, 6, 5, 3]]",1.0,4.046,0,Fully conscious/deliberative,Fully clear,Quite hard,Rather unconfident,i tried to remember which flowers were closest together.
Qbytety2dn729v4xanc1scjolQ,rotational,52.0,"[[1, 7, 6], [5, 6, 7, 0]]",0.0,1.75,1,Fully conscious/deliberative,Fully clear,Quite hard,Rather unconfident,i tried to remember which flowers were closest together.
Qbytety2dn729v4xanc1scjolQ,rotational,53.0,"[[4, 1, 7, 0], [3, 5, 6]]",0.0,1.811,0,Fully conscious/deliberative,Fully clear,Quite hard,Rather unconfident,i tried to remember which flowers were closest together.
Qbytety2dn729v4xanc1scjolQ,rotational,54.0,"[[3, 5, 6, 2], [0, 7, 6]]",0.0,3.761,0,Fully conscious/deliberative,Fully clear,Quite hard,Rather unconfident,i tried to remember which flowers were closest together.
Qbytety2dn729v4xanc1scjolQ,rotational,55.0,"[[4, 1, 7, 0], [6, 7, 0]]",1.0,1.759,1,Fully conscious/deliberative,Fully clear,Quite hard,Rather unconfident,i tried to remember which flowers were closest together.
Qbytety2dn729v4xanc1scjolQ,rotational,56.0,"[[1, 7, 6, 5], [6, 7, 1]]",0.0,1.452,0,Fully conscious/deliberative,Fully clear,Quite hard,Rather unconfident,i tried to remember which flowers were closest together.
Qbytety2dn729v4xanc1scjolQ,rotational,57.0,"[[7, 6, 2], [2, 6, 7, 1]]",1.0,2.833,0,Fully conscious/deliberative,Fully clear,Quite hard,Rather unconfident,i tried to remember which flowers were closest together.
Qbytety2dn729v4xanc1scjolQ,rotational,58.0,"[[3, 5, 6, 2], [6, 7, 1]]",0.0,1.475,0,Fully conscious/deliberative,Fully clear,Quite hard,Rather unconfident,i tried to remember which flowers were closest together.
Qbytety2dn729v4xanc1scjolQ,rotational,59.0,"[[0, 7, 6, 5], [5, 6, 2]]",1.0,2.384,1,Fully conscious/deliberative,Fully clear,Quite hard,Rather unconfident,i tried to remember which flowers were closest together.
Qbytety2dn729v4xanc1scjolQ,rotational,60.0,"[[3, 5, 6, 7, 1], [4, 1, 7, 6]]",0.0,2.405,0,Fully conscious/deliberative,Fully clear,Quite hard,Rather unconfident,i tried to remember which flowers were closest together.
Qbytety2dn729v4xanc1scjolQ,rotational,61.0,"[[5, 6, 7, 1], [2, 6, 7]]",0.0,1.905,0,Fully conscious/deliberative,Fully clear,Quite hard,Rather unconfident,i tried to remember which flowers were closest together.
Qbytety2dn729v4xanc1scjolQ,rotational,62.0,"[[5, 6, 2], [6, 7, 1, 4]]",1.0,6.115,0,Fully conscious/deliberative,Fully clear,Quite hard,Rather unconfident,i tried to remember which flowers were closest together.
Qbytety2dn729v4xanc1scjolQ,rotational,63.0,"[[2, 6, 7, 1], [3, 5, 6, 7, 1]]",1.0,2.369,0,Fully conscious/deliberative,Fully clear,Quite hard,Rather unconfident,i tried to remember which flowers were closest together.
Qbytety2dn729v4xanc1scjolQ,rotational,64.0,"[[0, 7, 6, 5, 3], [4, 1, 7, 6]]",0.0,1.882,0,Fully conscious/deliberative,Fully clear,Quite hard,Rather unconfident,i tried to remember which flowers were closest together.
Qcreqeqdsq8jtpt9la6v8vnqaQ,rotational,0.0,"[[2, 6, 5], [2, 6, 5, 3]]",1.0,9.507,0,Fairly conscious/deliberative,Somewhat unclear,Quite easy,Rather unconfident,"The colors on the experiment I just did are a bit different from the once of the flying bee. They are a bit darker, I was a bit confused. 

I think I did not completely understand the instructions. I was selecting the colors that I could remember.  "
Qcreqeqdsq8jtpt9la6v8vnqaQ,rotational,1.0,"[[5, 6, 7, 1], [6, 5, 3]]",0.0,5.18,0,Fairly conscious/deliberative,Somewhat unclear,Quite easy,Rather unconfident,"The colors on the experiment I just did are a bit different from the once of the flying bee. They are a bit darker, I was a bit confused. 

I think I did not completely understand the instructions. I was selecting the colors that I could remember.  "
Qcreqeqdsq8jtpt9la6v8vnqaQ,rotational,2.0,"[[7, 6, 2], [4, 1, 7, 6]]",1.0,5.584,0,Fairly conscious/deliberative,Somewhat unclear,Quite easy,Rather unconfident,"The colors on the experiment I just did are a bit different from the once of the flying bee. They are a bit darker, I was a bit confused. 

I think I did not completely understand the instructions. I was selecting the colors that I could remember.  "
Qcreqeqdsq8jtpt9la6v8vnqaQ,rotational,3.0,"[[6, 5, 3], [1, 7, 6, 2]]",1.0,6.674,0,Fairly conscious/deliberative,Somewhat unclear,Quite easy,Rather unconfident,"The colors on the experiment I just did are a bit different from the once of the flying bee. They are a bit darker, I was a bit confused. 

I think I did not completely understand the instructions. I was selecting the colors that I could remember.  "
Qcreqeqdsq8jtpt9la6v8vnqaQ,rotational,4.0,"[[1, 7, 6, 2], [7, 1, 4]]",1.0,1.852,1,Fairly conscious/deliberative,Somewhat unclear,Quite easy,Rather unconfident,"The colors on the experiment I just did are a bit different from the once of the flying bee. They are a bit darker, I was a bit confused. 

I think I did not completely understand the instructions. I was selecting the colors that I could remember.  "
Qcreqeqdsq8jtpt9la6v8vnqaQ,rotational,5.0,"[[2, 6, 7, 0], [0, 7, 6, 5, 3]]",0.0,4.784,1,Fairly conscious/deliberative,Somewhat unclear,Quite easy,Rather unconfident,"The colors on the experiment I just did are a bit different from the once of the flying bee. They are a bit darker, I was a bit confused. 

I think I did not completely understand the instructions. I was selecting the colors that I could remember.  "
Qcreqeqdsq8jtpt9la6v8vnqaQ,rotational,6.0,"[[0, 7, 6, 5], [7, 6, 5]]",1.0,2.343,1,Fairly conscious/deliberative,Somewhat unclear,Quite easy,Rather unconfident,"The colors on the experiment I just did are a bit different from the once of the flying bee. They are a bit darker, I was a bit confused. 

I think I did not completely understand the instructions. I was selecting the colors that I could remember.  "
Qcreqeqdsq8jtpt9la6v8vnqaQ,rotational,7.0,"[[4, 1, 7, 6, 5], [4, 1, 7, 6]]",1.0,13.392,1,Fairly conscious/deliberative,Somewhat unclear,Quite easy,Rather unconfident,"The colors on the experiment I just did are a bit different from the once of the flying bee. They are a bit darker, I was a bit confused. 

I think I did not completely understand the instructions. I was selecting the colors that I could remember.  "
Qcreqeqdsq8jtpt9la6v8vnqaQ,rotational,8.0,"[[2, 6, 5], [5, 6, 7, 0]]",1.0,4.427,0,Fairly conscious/deliberative,Somewhat unclear,Quite easy,Rather unconfident,"The colors on the experiment I just did are a bit different from the once of the flying bee. They are a bit darker, I was a bit confused. 

I think I did not completely understand the instructions. I was selecting the colors that I could remember.  "
Qcreqeqdsq8jtpt9la6v8vnqaQ,rotational,9.0,"[[1, 7, 6, 2], [1, 7, 6]]",1.0,2.475,1,Fairly conscious/deliberative,Somewhat unclear,Quite easy,Rather unconfident,"The colors on the experiment I just did are a bit different from the once of the flying bee. They are a bit darker, I was a bit confused. 

I think I did not completely understand the instructions. I was selecting the colors that I could remember.  "
Qcreqeqdsq8jtpt9la6v8vnqaQ,rotational,10.0,"[[0, 7, 6, 5], [1, 7, 0]]",1.0,6.168,1,Fairly conscious/deliberative,Somewhat unclear,Quite easy,Rather unconfident,"The colors on the experiment I just did are a bit different from the once of the flying bee. They are a bit darker, I was a bit confused. 

I think I did not completely understand the instructions. I was selecting the colors that I could remember.  "
Qcreqeqdsq8jtpt9la6v8vnqaQ,rotational,11.0,"[[1, 7, 0], [1, 7, 6, 2]]",1.0,3.099,0,Fairly conscious/deliberative,Somewhat unclear,Quite easy,Rather unconfident,"The colors on the experiment I just did are a bit different from the once of the flying bee. They are a bit darker, I was a bit confused. 

I think I did not completely understand the instructions. I was selecting the colors that I could remember.  "
Qcreqeqdsq8jtpt9la6v8vnqaQ,rotational,12.0,"[[2, 6, 7, 1], [5, 6, 2]]",1.0,3.978,1,Fairly conscious/deliberative,Somewhat unclear,Quite easy,Rather unconfident,"The colors on the experiment I just did are a bit different from the once of the flying bee. They are a bit darker, I was a bit confused. 

I think I did not completely understand the instructions. I was selecting the colors that I could remember.  "
Qcreqeqdsq8jtpt9la6v8vnqaQ,rotational,13.0,"[[1, 7, 6, 2], [7, 1, 4]]",1.0,1.204,1,Fairly conscious/deliberative,Somewhat unclear,Quite easy,Rather unconfident,"The colors on the experiment I just did are a bit different from the once of the flying bee. They are a bit darker, I was a bit confused. 

I think I did not completely understand the instructions. I was selecting the colors that I could remember.  "
Qcreqeqdsq8jtpt9la6v8vnqaQ,rotational,14.0,"[[2, 6, 5, 3], [1, 7, 6, 5, 3]]",0.0,4.875,1,Fairly conscious/deliberative,Somewhat unclear,Quite easy,Rather unconfident,"The colors on the experiment I just did are a bit different from the once of the flying bee. They are a bit darker, I was a bit confused. 

I think I did not completely understand the instructions. I was selecting the colors that I could remember.  "
Qcreqeqdsq8jtpt9la6v8vnqaQ,rotational,15.0,"[[2, 6, 5], [4, 1, 7, 6]]",0.0,2.079,1,Fairly conscious/deliberative,Somewhat unclear,Quite easy,Rather unconfident,"The colors on the experiment I just did are a bit different from the once of the flying bee. They are a bit darker, I was a bit confused. 

I think I did not completely understand the instructions. I was selecting the colors that I could remember.  "
Qcreqeqdsq8jtpt9la6v8vnqaQ,rotational,16.0,"[[4, 1, 7, 6, 2], [3, 5, 6, 7]]",1.0,8.055,1,Fairly conscious/deliberative,Somewhat unclear,Quite easy,Rather unconfident,"The colors on the experiment I just did are a bit different from the once of the flying bee. They are a bit darker, I was a bit confused. 

I think I did not completely understand the instructions. I was selecting the colors that I could remember.  "
Qcreqeqdsq8jtpt9la6v8vnqaQ,rotational,17.0,"[[6, 7, 1, 4], [3, 5, 6, 7, 1]]",1.0,1.834,0,Fairly conscious/deliberative,Somewhat unclear,Quite easy,Rather unconfident,"The colors on the experiment I just did are a bit different from the once of the flying bee. They are a bit darker, I was a bit confused. 

I think I did not completely understand the instructions. I was selecting the colors that I could remember.  "
Qcreqeqdsq8jtpt9la6v8vnqaQ,rotational,18.0,"[[3, 5, 6], [4, 1, 7, 6]]",0.0,1.561,1,Fairly conscious/deliberative,Somewhat unclear,Quite easy,Rather unconfident,"The colors on the experiment I just did are a bit different from the once of the flying bee. They are a bit darker, I was a bit confused. 

I think I did not completely understand the instructions. I was selecting the colors that I could remember.  "
Qcreqeqdsq8jtpt9la6v8vnqaQ,rotational,19.0,"[[4, 1, 7, 0], [5, 6, 7, 1, 4]]",0.0,1.38,1,Fairly conscious/deliberative,Somewhat unclear,Quite easy,Rather unconfident,"The colors on the experiment I just did are a bit different from the once of the flying bee. They are a bit darker, I was a bit confused. 

I think I did not completely understand the instructions. I was selecting the colors that I could remember.  "
Qcreqeqdsq8jtpt9la6v8vnqaQ,rotational,20.0,"[[5, 6, 2], [7, 6, 5, 3]]",1.0,3.62,0,Fairly conscious/deliberative,Somewhat unclear,Quite easy,Rather unconfident,"The colors on the experiment I just did are a bit different from the once of the flying bee. They are a bit darker, I was a bit confused. 

I think I did not completely understand the instructions. I was selecting the colors that I could remember.  "
Qcreqeqdsq8jtpt9la6v8vnqaQ,rotational,21.0,"[[4, 1, 7, 6], [0, 7, 1]]",0.0,1.802,0,Fairly conscious/deliberative,Somewhat unclear,Quite easy,Rather unconfident,"The colors on the experiment I just did are a bit different from the once of the flying bee. They are a bit darker, I was a bit confused. 

I think I did not completely understand the instructions. I was selecting the colors that I could remember.  "
Qcreqeqdsq8jtpt9la6v8vnqaQ,rotational,22.0,"[[1, 7, 0], [3, 5, 6, 2]]",1.0,2.904,0,Fairly conscious/deliberative,Somewhat unclear,Quite easy,Rather unconfident,"The colors on the experiment I just did are a bit different from the once of the flying bee. They are a bit darker, I was a bit confused. 

I think I did not completely understand the instructions. I was selecting the colors that I could remember.  "
Qcreqeqdsq8jtpt9la6v8vnqaQ,rotational,23.0,"[[1, 7, 0], [1, 7, 6, 5]]",1.0,2.566,0,Fairly conscious/deliberative,Somewhat unclear,Quite easy,Rather unconfident,"The colors on the experiment I just did are a bit different from the once of the flying bee. They are a bit darker, I was a bit confused. 

I think I did not completely understand the instructions. I was selecting the colors that I could remember.  "
Qcreqeqdsq8jtpt9la6v8vnqaQ,rotational,24.0,"[[5, 6, 7], [5, 6, 7, 1]]",1.0,1.756,0,Fairly conscious/deliberative,Somewhat unclear,Quite easy,Rather unconfident,"The colors on the experiment I just did are a bit different from the once of the flying bee. They are a bit darker, I was a bit confused. 

I think I did not completely understand the instructions. I was selecting the colors that I could remember.  "
Qcreqeqdsq8jtpt9la6v8vnqaQ,rotational,25.0,"[[2, 6, 7], [1, 7, 6, 2]]",1.0,2.859,0,Fairly conscious/deliberative,Somewhat unclear,Quite easy,Rather unconfident,"The colors on the experiment I just did are a bit different from the once of the flying bee. They are a bit darker, I was a bit confused. 

I think I did not completely understand the instructions. I was selecting the colors that I could remember.  "
Qcreqeqdsq8jtpt9la6v8vnqaQ,rotational,26.0,"[[6, 7, 1], [2, 6, 5, 3]]",1.0,2.525,0,Fairly conscious/deliberative,Somewhat unclear,Quite easy,Rather unconfident,"The colors on the experiment I just did are a bit different from the once of the flying bee. They are a bit darker, I was a bit confused. 

I think I did not completely understand the instructions. I was selecting the colors that I could remember.  "
Qcreqeqdsq8jtpt9la6v8vnqaQ,rotational,27.0,"[[5, 6, 7, 0], [6, 7, 0]]",1.0,9.314,1,Fairly conscious/deliberative,Somewhat unclear,Quite easy,Rather unconfident,"The colors on the experiment I just did are a bit different from the once of the flying bee. They are a bit darker, I was a bit confused. 

I think I did not completely understand the instructions. I was selecting the colors that I could remember.  "
Qcreqeqdsq8jtpt9la6v8vnqaQ,rotational,28.0,"[[0, 7, 6, 2], [6, 5, 3]]",1.0,2.861,1,Fairly conscious/deliberative,Somewhat unclear,Quite easy,Rather unconfident,"The colors on the experiment I just did are a bit different from the once of the flying bee. They are a bit darker, I was a bit confused. 

I think I did not completely understand the instructions. I was selecting the colors that I could remember.  "
Qcreqeqdsq8jtpt9la6v8vnqaQ,rotational,29.0,"[[4, 1, 7, 6, 5], [3, 5, 6, 7]]",0.0,5.543,0,Fairly conscious/deliberative,Somewhat unclear,Quite easy,Rather unconfident,"The colors on the experiment I just did are a bit different from the once of the flying bee. They are a bit darker, I was a bit confused. 

I think I did not completely understand the instructions. I was selecting the colors that I could remember.  "
Qcreqeqdsq8jtpt9la6v8vnqaQ,rotational,30.0,"[[2, 6, 7], [4, 1, 7, 6]]",0.0,2.105,1,Fairly conscious/deliberative,Somewhat unclear,Quite easy,Rather unconfident,"The colors on the experiment I just did are a bit different from the once of the flying bee. They are a bit darker, I was a bit confused. 

I think I did not completely understand the instructions. I was selecting the colors that I could remember.  "
Qcreqeqdsq8jtpt9la6v8vnqaQ,rotational,31.0,"[[1, 7, 6], [0, 7, 1, 4]]",1.0,2.634,0,Fairly conscious/deliberative,Somewhat unclear,Quite easy,Rather unconfident,"The colors on the experiment I just did are a bit different from the once of the flying bee. They are a bit darker, I was a bit confused. 

I think I did not completely understand the instructions. I was selecting the colors that I could remember.  "
Qcreqeqdsq8jtpt9la6v8vnqaQ,rotational,32.0,"[[6, 7, 1, 4], [0, 7, 6, 5, 3]]",0.0,6.805,1,Fairly conscious/deliberative,Somewhat unclear,Quite easy,Rather unconfident,"The colors on the experiment I just did are a bit different from the once of the flying bee. They are a bit darker, I was a bit confused. 

I think I did not completely understand the instructions. I was selecting the colors that I could remember.  "
Qcreqeqdsq8jtpt9la6v8vnqaQ,rotational,33.0,"[[1, 7, 6, 2], [1, 7, 6, 5, 3]]",0.0,5.219,1,Fairly conscious/deliberative,Somewhat unclear,Quite easy,Rather unconfident,"The colors on the experiment I just did are a bit different from the once of the flying bee. They are a bit darker, I was a bit confused. 

I think I did not completely understand the instructions. I was selecting the colors that I could remember.  "
Qcreqeqdsq8jtpt9la6v8vnqaQ,rotational,34.0,"[[7, 6, 5], [4, 1, 7, 0]]",1.0,1.927,0,Fairly conscious/deliberative,Somewhat unclear,Quite easy,Rather unconfident,"The colors on the experiment I just did are a bit different from the once of the flying bee. They are a bit darker, I was a bit confused. 

I think I did not completely understand the instructions. I was selecting the colors that I could remember.  "
Qcreqeqdsq8jtpt9la6v8vnqaQ,rotational,35.0,"[[6, 7, 1, 4], [5, 6, 7]]",1.0,2.243,1,Fairly conscious/deliberative,Somewhat unclear,Quite easy,Rather unconfident,"The colors on the experiment I just did are a bit different from the once of the flying bee. They are a bit darker, I was a bit confused. 

I think I did not completely understand the instructions. I was selecting the colors that I could remember.  "
Qcreqeqdsq8jtpt9la6v8vnqaQ,rotational,36.0,"[[5, 6, 7, 1], [1, 7, 6]]",1.0,9.135,1,Fairly conscious/deliberative,Somewhat unclear,Quite easy,Rather unconfident,"The colors on the experiment I just did are a bit different from the once of the flying bee. They are a bit darker, I was a bit confused. 

I think I did not completely understand the instructions. I was selecting the colors that I could remember.  "
Qcreqeqdsq8jtpt9la6v8vnqaQ,rotational,37.0,"[[6, 7, 0], [4, 1, 7, 0]]",0.0,4.844,1,Fairly conscious/deliberative,Somewhat unclear,Quite easy,Rather unconfident,"The colors on the experiment I just did are a bit different from the once of the flying bee. They are a bit darker, I was a bit confused. 

I think I did not completely understand the instructions. I was selecting the colors that I could remember.  "
Qcreqeqdsq8jtpt9la6v8vnqaQ,rotational,38.0,"[[2, 6, 7], [5, 6, 7, 1]]",1.0,1.873,0,Fairly conscious/deliberative,Somewhat unclear,Quite easy,Rather unconfident,"The colors on the experiment I just did are a bit different from the once of the flying bee. They are a bit darker, I was a bit confused. 

I think I did not completely understand the instructions. I was selecting the colors that I could remember.  "
Qcreqeqdsq8jtpt9la6v8vnqaQ,rotational,39.0,"[[2, 6, 7, 0], [4, 1, 7]]",1.0,4.34,1,Fairly conscious/deliberative,Somewhat unclear,Quite easy,Rather unconfident,"The colors on the experiment I just did are a bit different from the once of the flying bee. They are a bit darker, I was a bit confused. 

I think I did not completely understand the instructions. I was selecting the colors that I could remember.  "
Qcreqeqdsq8jtpt9la6v8vnqaQ,rotational,40.0,"[[4, 1, 7, 0], [2, 6, 7]]",1.0,2.263,1,Fairly conscious/deliberative,Somewhat unclear,Quite easy,Rather unconfident,"The colors on the experiment I just did are a bit different from the once of the flying bee. They are a bit darker, I was a bit confused. 

I think I did not completely understand the instructions. I was selecting the colors that I could remember.  "
Qcreqeqdsq8jtpt9la6v8vnqaQ,rotational,41.0,"[[6, 7, 1], [5, 6, 7, 0]]",0.0,22.308,1,Fairly conscious/deliberative,Somewhat unclear,Quite easy,Rather unconfident,"The colors on the experiment I just did are a bit different from the once of the flying bee. They are a bit darker, I was a bit confused. 

I think I did not completely understand the instructions. I was selecting the colors that I could remember.  "
Qcreqeqdsq8jtpt9la6v8vnqaQ,rotational,42.0,"[[4, 1, 7, 0], [2, 6, 5]]",1.0,2.371,1,Fairly conscious/deliberative,Somewhat unclear,Quite easy,Rather unconfident,"The colors on the experiment I just did are a bit different from the once of the flying bee. They are a bit darker, I was a bit confused. 

I think I did not completely understand the instructions. I was selecting the colors that I could remember.  "
Qcreqeqdsq8jtpt9la6v8vnqaQ,rotational,43.0,"[[7, 6, 5], [3, 5, 6, 2]]",1.0,3.216,0,Fairly conscious/deliberative,Somewhat unclear,Quite easy,Rather unconfident,"The colors on the experiment I just did are a bit different from the once of the flying bee. They are a bit darker, I was a bit confused. 

I think I did not completely understand the instructions. I was selecting the colors that I could remember.  "
Qcreqeqdsq8jtpt9la6v8vnqaQ,rotational,44.0,"[[0, 7, 6, 5], [4, 1, 7]]",0.0,5.597,0,Fairly conscious/deliberative,Somewhat unclear,Quite easy,Rather unconfident,"The colors on the experiment I just did are a bit different from the once of the flying bee. They are a bit darker, I was a bit confused. 

I think I did not completely understand the instructions. I was selecting the colors that I could remember.  "
Qcreqeqdsq8jtpt9la6v8vnqaQ,rotational,45.0,"[[0, 7, 1, 4], [7, 6, 2]]",1.0,2.591,1,Fairly conscious/deliberative,Somewhat unclear,Quite easy,Rather unconfident,"The colors on the experiment I just did are a bit different from the once of the flying bee. They are a bit darker, I was a bit confused. 

I think I did not completely understand the instructions. I was selecting the colors that I could remember.  "
Qcreqeqdsq8jtpt9la6v8vnqaQ,rotational,46.0,"[[1, 7, 6, 5], [2, 6, 5]]",1.0,2.318,1,Fairly conscious/deliberative,Somewhat unclear,Quite easy,Rather unconfident,"The colors on the experiment I just did are a bit different from the once of the flying bee. They are a bit darker, I was a bit confused. 

I think I did not completely understand the instructions. I was selecting the colors that I could remember.  "
Qcreqeqdsq8jtpt9la6v8vnqaQ,rotational,47.0,"[[5, 6, 7, 1], [7, 1, 4]]",1.0,4.091,1,Fairly conscious/deliberative,Somewhat unclear,Quite easy,Rather unconfident,"The colors on the experiment I just did are a bit different from the once of the flying bee. They are a bit darker, I was a bit confused. 

I think I did not completely understand the instructions. I was selecting the colors that I could remember.  "
Qcreqeqdsq8jtpt9la6v8vnqaQ,rotational,48.0,"[[7, 6, 2], [3, 5, 6, 7]]",1.0,2.842,0,Fairly conscious/deliberative,Somewhat unclear,Quite easy,Rather unconfident,"The colors on the experiment I just did are a bit different from the once of the flying bee. They are a bit darker, I was a bit confused. 

I think I did not completely understand the instructions. I was selecting the colors that I could remember.  "
Qcreqeqdsq8jtpt9la6v8vnqaQ,rotational,49.0,"[[2, 6, 7, 1, 4], [5, 6, 7, 0]]",0.0,6.305,0,Fairly conscious/deliberative,Somewhat unclear,Quite easy,Rather unconfident,"The colors on the experiment I just did are a bit different from the once of the flying bee. They are a bit darker, I was a bit confused. 

I think I did not completely understand the instructions. I was selecting the colors that I could remember.  "
Qcreqeqdsq8jtpt9la6v8vnqaQ,rotational,50.0,"[[2, 6, 5, 3], [6, 7, 0]]",0.0,2.311,0,Fairly conscious/deliberative,Somewhat unclear,Quite easy,Rather unconfident,"The colors on the experiment I just did are a bit different from the once of the flying bee. They are a bit darker, I was a bit confused. 

I think I did not completely understand the instructions. I was selecting the colors that I could remember.  "
Qcreqeqdsq8jtpt9la6v8vnqaQ,rotational,51.0,"[[4, 1, 7], [1, 7, 6, 5]]",0.0,3.065,1,Fairly conscious/deliberative,Somewhat unclear,Quite easy,Rather unconfident,"The colors on the experiment I just did are a bit different from the once of the flying bee. They are a bit darker, I was a bit confused. 

I think I did not completely understand the instructions. I was selecting the colors that I could remember.  "
Qcreqeqdsq8jtpt9la6v8vnqaQ,rotational,52.0,"[[1, 7, 6, 5], [3, 5, 6, 7, 1]]",1.0,22.366,0,Fairly conscious/deliberative,Somewhat unclear,Quite easy,Rather unconfident,"The colors on the experiment I just did are a bit different from the once of the flying bee. They are a bit darker, I was a bit confused. 

I think I did not completely understand the instructions. I was selecting the colors that I could remember.  "
Qcreqeqdsq8jtpt9la6v8vnqaQ,rotational,53.0,"[[1, 7, 0], [2, 6, 7, 0]]",1.0,1.86,0,Fairly conscious/deliberative,Somewhat unclear,Quite easy,Rather unconfident,"The colors on the experiment I just did are a bit different from the once of the flying bee. They are a bit darker, I was a bit confused. 

I think I did not completely understand the instructions. I was selecting the colors that I could remember.  "
Qcreqeqdsq8jtpt9la6v8vnqaQ,rotational,54.0,"[[4, 1, 7, 6, 2], [4, 1, 7, 6, 5, 3]]",1.0,7.448,0,Fairly conscious/deliberative,Somewhat unclear,Quite easy,Rather unconfident,"The colors on the experiment I just did are a bit different from the once of the flying bee. They are a bit darker, I was a bit confused. 

I think I did not completely understand the instructions. I was selecting the colors that I could remember.  "
Qcreqeqdsq8jtpt9la6v8vnqaQ,rotational,55.0,"[[0, 7, 6, 2], [5, 6, 7]]",0.0,3.426,0,Fairly conscious/deliberative,Somewhat unclear,Quite easy,Rather unconfident,"The colors on the experiment I just did are a bit different from the once of the flying bee. They are a bit darker, I was a bit confused. 

I think I did not completely understand the instructions. I was selecting the colors that I could remember.  "
Qcreqeqdsq8jtpt9la6v8vnqaQ,rotational,56.0,"[[2, 6, 7, 1, 4], [0, 7, 1, 4]]",0.0,3.42,0,Fairly conscious/deliberative,Somewhat unclear,Quite easy,Rather unconfident,"The colors on the experiment I just did are a bit different from the once of the flying bee. They are a bit darker, I was a bit confused. 

I think I did not completely understand the instructions. I was selecting the colors that I could remember.  "
Qcreqeqdsq8jtpt9la6v8vnqaQ,rotational,57.0,"[[1, 7, 6, 2], [1, 7, 0]]",1.0,12.449,1,Fairly conscious/deliberative,Somewhat unclear,Quite easy,Rather unconfident,"The colors on the experiment I just did are a bit different from the once of the flying bee. They are a bit darker, I was a bit confused. 

I think I did not completely understand the instructions. I was selecting the colors that I could remember.  "
Qcreqeqdsq8jtpt9la6v8vnqaQ,rotational,58.0,"[[3, 5, 6, 2], [7, 1, 4]]",1.0,3.292,1,Fairly conscious/deliberative,Somewhat unclear,Quite easy,Rather unconfident,"The colors on the experiment I just did are a bit different from the once of the flying bee. They are a bit darker, I was a bit confused. 

I think I did not completely understand the instructions. I was selecting the colors that I could remember.  "
Qcreqeqdsq8jtpt9la6v8vnqaQ,rotational,59.0,"[[2, 6, 7, 1], [7, 6, 5]]",1.0,1.313,1,Fairly conscious/deliberative,Somewhat unclear,Quite easy,Rather unconfident,"The colors on the experiment I just did are a bit different from the once of the flying bee. They are a bit darker, I was a bit confused. 

I think I did not completely understand the instructions. I was selecting the colors that I could remember.  "
Qcreqeqdsq8jtpt9la6v8vnqaQ,rotational,60.0,"[[5, 6, 7, 1, 4], [7, 6, 5, 3]]",0.0,2.599,0,Fairly conscious/deliberative,Somewhat unclear,Quite easy,Rather unconfident,"The colors on the experiment I just did are a bit different from the once of the flying bee. They are a bit darker, I was a bit confused. 

I think I did not completely understand the instructions. I was selecting the colors that I could remember.  "
Qcreqeqdsq8jtpt9la6v8vnqaQ,rotational,61.0,"[[3, 5, 6, 2], [4, 1, 7, 6, 2]]",0.0,3.624,1,Fairly conscious/deliberative,Somewhat unclear,Quite easy,Rather unconfident,"The colors on the experiment I just did are a bit different from the once of the flying bee. They are a bit darker, I was a bit confused. 

I think I did not completely understand the instructions. I was selecting the colors that I could remember.  "
Qcreqeqdsq8jtpt9la6v8vnqaQ,rotational,62.0,"[[6, 5, 3], [6, 7, 1, 4]]",1.0,4.542,0,Fairly conscious/deliberative,Somewhat unclear,Quite easy,Rather unconfident,"The colors on the experiment I just did are a bit different from the once of the flying bee. They are a bit darker, I was a bit confused. 

I think I did not completely understand the instructions. I was selecting the colors that I could remember.  "
Qcreqeqdsq8jtpt9la6v8vnqaQ,rotational,63.0,"[[3, 5, 6, 7, 0], [2, 6, 7, 1]]",1.0,2.699,1,Fairly conscious/deliberative,Somewhat unclear,Quite easy,Rather unconfident,"The colors on the experiment I just did are a bit different from the once of the flying bee. They are a bit darker, I was a bit confused. 

I think I did not completely understand the instructions. I was selecting the colors that I could remember.  "
Qcreqeqdsq8jtpt9la6v8vnqaQ,rotational,64.0,"[[6, 5, 3], [4, 1, 7, 0]]",0.0,7.779,1,Fairly conscious/deliberative,Somewhat unclear,Quite easy,Rather unconfident,"The colors on the experiment I just did are a bit different from the once of the flying bee. They are a bit darker, I was a bit confused. 

I think I did not completely understand the instructions. I was selecting the colors that I could remember.  "
Qcsx2yjicuqeku68odbzvbzs4Q,rotational,0.0,"[[1, 7, 6, 5, 3], [2, 6, 7, 1]]",0.0,12.601,0,Fairly conscious/deliberative,Somewhat clear,Quite hard,Unconfident,"I could remember some pairs from yesterday that had really long distances and some that had really short distances, I knew I would be able to select the short ones with confidence but most pairs I saw I had little confidence in knowing how the stopovers would come into play."
Qcsx2yjicuqeku68odbzvbzs4Q,rotational,1.0,"[[4, 1, 7], [1, 7, 6, 5]]",0.0,14.333,1,Fairly conscious/deliberative,Somewhat clear,Quite hard,Unconfident,"I could remember some pairs from yesterday that had really long distances and some that had really short distances, I knew I would be able to select the short ones with confidence but most pairs I saw I had little confidence in knowing how the stopovers would come into play."
Qcsx2yjicuqeku68odbzvbzs4Q,rotational,2.0,"[[2, 6, 5], [4, 1, 7, 6]]",0.0,9.116,1,Fairly conscious/deliberative,Somewhat clear,Quite hard,Unconfident,"I could remember some pairs from yesterday that had really long distances and some that had really short distances, I knew I would be able to select the short ones with confidence but most pairs I saw I had little confidence in knowing how the stopovers would come into play."
Qcsx2yjicuqeku68odbzvbzs4Q,rotational,3.0,"[[0, 7, 6, 2], [6, 5, 3]]",0.0,2.798,0,Fairly conscious/deliberative,Somewhat clear,Quite hard,Unconfident,"I could remember some pairs from yesterday that had really long distances and some that had really short distances, I knew I would be able to select the short ones with confidence but most pairs I saw I had little confidence in knowing how the stopovers would come into play."
Qcsx2yjicuqeku68odbzvbzs4Q,rotational,4.0,"[[3, 5, 6, 7], [5, 6, 2]]",1.0,3.308,1,Fairly conscious/deliberative,Somewhat clear,Quite hard,Unconfident,"I could remember some pairs from yesterday that had really long distances and some that had really short distances, I knew I would be able to select the short ones with confidence but most pairs I saw I had little confidence in knowing how the stopovers would come into play."
Qcsx2yjicuqeku68odbzvbzs4Q,rotational,5.0,"[[7, 1, 4], [2, 6, 7, 0]]",0.0,2.167,1,Fairly conscious/deliberative,Somewhat clear,Quite hard,Unconfident,"I could remember some pairs from yesterday that had really long distances and some that had really short distances, I knew I would be able to select the short ones with confidence but most pairs I saw I had little confidence in knowing how the stopovers would come into play."
Qcsx2yjicuqeku68odbzvbzs4Q,rotational,6.0,"[[4, 1, 7, 0], [0, 7, 6]]",0.0,3.08,0,Fairly conscious/deliberative,Somewhat clear,Quite hard,Unconfident,"I could remember some pairs from yesterday that had really long distances and some that had really short distances, I knew I would be able to select the short ones with confidence but most pairs I saw I had little confidence in knowing how the stopovers would come into play."
Qcsx2yjicuqeku68odbzvbzs4Q,rotational,7.0,"[[3, 5, 6], [5, 6, 7, 1]]",0.0,1.877,1,Fairly conscious/deliberative,Somewhat clear,Quite hard,Unconfident,"I could remember some pairs from yesterday that had really long distances and some that had really short distances, I knew I would be able to select the short ones with confidence but most pairs I saw I had little confidence in knowing how the stopovers would come into play."
Qcsx2yjicuqeku68odbzvbzs4Q,rotational,8.0,"[[5, 6, 7, 1, 4], [4, 1, 7, 6]]",0.0,9.338,0,Fairly conscious/deliberative,Somewhat clear,Quite hard,Unconfident,"I could remember some pairs from yesterday that had really long distances and some that had really short distances, I knew I would be able to select the short ones with confidence but most pairs I saw I had little confidence in knowing how the stopovers would come into play."
Qcsx2yjicuqeku68odbzvbzs4Q,rotational,9.0,"[[5, 6, 7], [0, 7, 1, 4]]",1.0,1.609,0,Fairly conscious/deliberative,Somewhat clear,Quite hard,Unconfident,"I could remember some pairs from yesterday that had really long distances and some that had really short distances, I knew I would be able to select the short ones with confidence but most pairs I saw I had little confidence in knowing how the stopovers would come into play."
Qcsx2yjicuqeku68odbzvbzs4Q,rotational,10.0,"[[4, 1, 7, 6, 2], [4, 1, 7, 0]]",0.0,2.801,0,Fairly conscious/deliberative,Somewhat clear,Quite hard,Unconfident,"I could remember some pairs from yesterday that had really long distances and some that had really short distances, I knew I would be able to select the short ones with confidence but most pairs I saw I had little confidence in knowing how the stopovers would come into play."
Qcsx2yjicuqeku68odbzvbzs4Q,rotational,11.0,"[[7, 1, 4], [5, 6, 7, 1]]",0.0,2.102,1,Fairly conscious/deliberative,Somewhat clear,Quite hard,Unconfident,"I could remember some pairs from yesterday that had really long distances and some that had really short distances, I knew I would be able to select the short ones with confidence but most pairs I saw I had little confidence in knowing how the stopovers would come into play."
Qcsx2yjicuqeku68odbzvbzs4Q,rotational,12.0,"[[7, 6, 2], [0, 7, 1, 4]]",1.0,2.652,0,Fairly conscious/deliberative,Somewhat clear,Quite hard,Unconfident,"I could remember some pairs from yesterday that had really long distances and some that had really short distances, I knew I would be able to select the short ones with confidence but most pairs I saw I had little confidence in knowing how the stopovers would come into play."
Qcsx2yjicuqeku68odbzvbzs4Q,rotational,13.0,"[[1, 7, 6, 2], [3, 5, 6]]",1.0,1.994,1,Fairly conscious/deliberative,Somewhat clear,Quite hard,Unconfident,"I could remember some pairs from yesterday that had really long distances and some that had really short distances, I knew I would be able to select the short ones with confidence but most pairs I saw I had little confidence in knowing how the stopovers would come into play."
Qcsx2yjicuqeku68odbzvbzs4Q,rotational,14.0,"[[7, 6, 5], [1, 7, 6, 2]]",1.0,1.935,0,Fairly conscious/deliberative,Somewhat clear,Quite hard,Unconfident,"I could remember some pairs from yesterday that had really long distances and some that had really short distances, I knew I would be able to select the short ones with confidence but most pairs I saw I had little confidence in knowing how the stopovers would come into play."
Qcsx2yjicuqeku68odbzvbzs4Q,rotational,15.0,"[[3, 5, 6, 2], [4, 1, 7, 6, 2]]",0.0,3.874,1,Fairly conscious/deliberative,Somewhat clear,Quite hard,Unconfident,"I could remember some pairs from yesterday that had really long distances and some that had really short distances, I knew I would be able to select the short ones with confidence but most pairs I saw I had little confidence in knowing how the stopovers would come into play."
Qcsx2yjicuqeku68odbzvbzs4Q,rotational,16.0,"[[6, 7, 1, 4], [7, 6, 5]]",0.0,1.711,0,Fairly conscious/deliberative,Somewhat clear,Quite hard,Unconfident,"I could remember some pairs from yesterday that had really long distances and some that had really short distances, I knew I would be able to select the short ones with confidence but most pairs I saw I had little confidence in knowing how the stopovers would come into play."
Qcsx2yjicuqeku68odbzvbzs4Q,rotational,17.0,"[[4, 1, 7, 6], [7, 6, 2]]",0.0,1.488,0,Fairly conscious/deliberative,Somewhat clear,Quite hard,Unconfident,"I could remember some pairs from yesterday that had really long distances and some that had really short distances, I knew I would be able to select the short ones with confidence but most pairs I saw I had little confidence in knowing how the stopovers would come into play."
Qcsx2yjicuqeku68odbzvbzs4Q,rotational,18.0,"[[4, 1, 7], [3, 5, 6, 2]]",0.0,2.082,1,Fairly conscious/deliberative,Somewhat clear,Quite hard,Unconfident,"I could remember some pairs from yesterday that had really long distances and some that had really short distances, I knew I would be able to select the short ones with confidence but most pairs I saw I had little confidence in knowing how the stopovers would come into play."
Qcsx2yjicuqeku68odbzvbzs4Q,rotational,19.0,"[[5, 6, 2], [2, 6, 7, 1]]",1.0,1.338,0,Fairly conscious/deliberative,Somewhat clear,Quite hard,Unconfident,"I could remember some pairs from yesterday that had really long distances and some that had really short distances, I knew I would be able to select the short ones with confidence but most pairs I saw I had little confidence in knowing how the stopovers would come into play."
Qcsx2yjicuqeku68odbzvbzs4Q,rotational,20.0,"[[5, 6, 7, 1], [1, 7, 6, 5, 3]]",1.0,2.43,0,Fairly conscious/deliberative,Somewhat clear,Quite hard,Unconfident,"I could remember some pairs from yesterday that had really long distances and some that had really short distances, I knew I would be able to select the short ones with confidence but most pairs I saw I had little confidence in knowing how the stopovers would come into play."
Qcsx2yjicuqeku68odbzvbzs4Q,rotational,21.0,"[[4, 1, 7, 6, 2], [4, 1, 7, 6, 5, 3]]",1.0,1.684,0,Fairly conscious/deliberative,Somewhat clear,Quite hard,Unconfident,"I could remember some pairs from yesterday that had really long distances and some that had really short distances, I knew I would be able to select the short ones with confidence but most pairs I saw I had little confidence in knowing how the stopovers would come into play."
Qcsx2yjicuqeku68odbzvbzs4Q,rotational,0.0,"[[0, 7, 6], [0, 7, 6, 5]]",0.0,3.316,1,Fairly conscious/deliberative,Somewhat clear,Quite hard,Unconfident,"I could remember some pairs from yesterday that had really long distances and some that had really short distances, I knew I would be able to select the short ones with confidence but most pairs I saw I had little confidence in knowing how the stopovers would come into play."
Qcsx2yjicuqeku68odbzvbzs4Q,rotational,1.0,"[[3, 5, 6, 7], [2, 6, 7]]",0.0,1.879,0,Fairly conscious/deliberative,Somewhat clear,Quite hard,Unconfident,"I could remember some pairs from yesterday that had really long distances and some that had really short distances, I knew I would be able to select the short ones with confidence but most pairs I saw I had little confidence in knowing how the stopovers would come into play."
Qcsx2yjicuqeku68odbzvbzs4Q,rotational,2.0,"[[5, 6, 7], [2, 6, 7, 0]]",1.0,2.513,0,Fairly conscious/deliberative,Somewhat clear,Quite hard,Unconfident,"I could remember some pairs from yesterday that had really long distances and some that had really short distances, I knew I would be able to select the short ones with confidence but most pairs I saw I had little confidence in knowing how the stopovers would come into play."
Qcsx2yjicuqeku68odbzvbzs4Q,rotational,3.0,"[[6, 7, 1], [4, 1, 7, 0]]",1.0,7.375,0,Fairly conscious/deliberative,Somewhat clear,Quite hard,Unconfident,"I could remember some pairs from yesterday that had really long distances and some that had really short distances, I knew I would be able to select the short ones with confidence but most pairs I saw I had little confidence in knowing how the stopovers would come into play."
Qcsx2yjicuqeku68odbzvbzs4Q,rotational,4.0,"[[2, 6, 7, 1, 4], [3, 5, 6, 7]]",1.0,3.858,1,Fairly conscious/deliberative,Somewhat clear,Quite hard,Unconfident,"I could remember some pairs from yesterday that had really long distances and some that had really short distances, I knew I would be able to select the short ones with confidence but most pairs I saw I had little confidence in knowing how the stopovers would come into play."
Qcsx2yjicuqeku68odbzvbzs4Q,rotational,5.0,"[[7, 1, 4], [2, 6, 7, 1]]",0.0,3.999,1,Fairly conscious/deliberative,Somewhat clear,Quite hard,Unconfident,"I could remember some pairs from yesterday that had really long distances and some that had really short distances, I knew I would be able to select the short ones with confidence but most pairs I saw I had little confidence in knowing how the stopovers would come into play."
Qcsx2yjicuqeku68odbzvbzs4Q,rotational,6.0,"[[2, 6, 7, 1, 4], [3, 5, 6, 2]]",1.0,2.856,1,Fairly conscious/deliberative,Somewhat clear,Quite hard,Unconfident,"I could remember some pairs from yesterday that had really long distances and some that had really short distances, I knew I would be able to select the short ones with confidence but most pairs I saw I had little confidence in knowing how the stopovers would come into play."
Qcsx2yjicuqeku68odbzvbzs4Q,rotational,7.0,"[[2, 6, 5, 3], [7, 1, 4]]",0.0,1.295,0,Fairly conscious/deliberative,Somewhat clear,Quite hard,Unconfident,"I could remember some pairs from yesterday that had really long distances and some that had really short distances, I knew I would be able to select the short ones with confidence but most pairs I saw I had little confidence in knowing how the stopovers would come into play."
Qcsx2yjicuqeku68odbzvbzs4Q,rotational,8.0,"[[0, 7, 6], [2, 6, 5, 3]]",0.0,1.038,1,Fairly conscious/deliberative,Somewhat clear,Quite hard,Unconfident,"I could remember some pairs from yesterday that had really long distances and some that had really short distances, I knew I would be able to select the short ones with confidence but most pairs I saw I had little confidence in knowing how the stopovers would come into play."
Qcsx2yjicuqeku68odbzvbzs4Q,rotational,9.0,"[[2, 6, 5, 3], [6, 7, 1]]",0.0,1.123,0,Fairly conscious/deliberative,Somewhat clear,Quite hard,Unconfident,"I could remember some pairs from yesterday that had really long distances and some that had really short distances, I knew I would be able to select the short ones with confidence but most pairs I saw I had little confidence in knowing how the stopovers would come into play."
Qcsx2yjicuqeku68odbzvbzs4Q,rotational,10.0,"[[4, 1, 7, 6, 5], [3, 5, 6, 7]]",1.0,6.615,1,Fairly conscious/deliberative,Somewhat clear,Quite hard,Unconfident,"I could remember some pairs from yesterday that had really long distances and some that had really short distances, I knew I would be able to select the short ones with confidence but most pairs I saw I had little confidence in knowing how the stopovers would come into play."
Qcsx2yjicuqeku68odbzvbzs4Q,rotational,11.0,"[[1, 7, 6, 5, 3], [4, 1, 7, 6]]",1.0,2.023,1,Fairly conscious/deliberative,Somewhat clear,Quite hard,Unconfident,"I could remember some pairs from yesterday that had really long distances and some that had really short distances, I knew I would be able to select the short ones with confidence but most pairs I saw I had little confidence in knowing how the stopovers would come into play."
Qcsx2yjicuqeku68odbzvbzs4Q,rotational,12.0,"[[2, 6, 7, 1, 4], [4, 1, 7, 0]]",1.0,2.481,1,Fairly conscious/deliberative,Somewhat clear,Quite hard,Unconfident,"I could remember some pairs from yesterday that had really long distances and some that had really short distances, I knew I would be able to select the short ones with confidence but most pairs I saw I had little confidence in knowing how the stopovers would come into play."
Qcsx2yjicuqeku68odbzvbzs4Q,rotational,13.0,"[[7, 6, 5, 3], [2, 6, 5]]",1.0,3.766,1,Fairly conscious/deliberative,Somewhat clear,Quite hard,Unconfident,"I could remember some pairs from yesterday that had really long distances and some that had really short distances, I knew I would be able to select the short ones with confidence but most pairs I saw I had little confidence in knowing how the stopovers would come into play."
Qcsx2yjicuqeku68odbzvbzs4Q,rotational,14.0,"[[5, 6, 7, 1], [5, 6, 7]]",1.0,2.459,1,Fairly conscious/deliberative,Somewhat clear,Quite hard,Unconfident,"I could remember some pairs from yesterday that had really long distances and some that had really short distances, I knew I would be able to select the short ones with confidence but most pairs I saw I had little confidence in knowing how the stopovers would come into play."
Qcsx2yjicuqeku68odbzvbzs4Q,rotational,15.0,"[[4, 1, 7, 6, 2], [3, 5, 6, 7, 1, 4]]",1.0,2.449,0,Fairly conscious/deliberative,Somewhat clear,Quite hard,Unconfident,"I could remember some pairs from yesterday that had really long distances and some that had really short distances, I knew I would be able to select the short ones with confidence but most pairs I saw I had little confidence in knowing how the stopovers would come into play."
Qcsx2yjicuqeku68odbzvbzs4Q,rotational,16.0,"[[3, 5, 6, 7, 0], [0, 7, 6, 2]]",0.0,2.323,0,Fairly conscious/deliberative,Somewhat clear,Quite hard,Unconfident,"I could remember some pairs from yesterday that had really long distances and some that had really short distances, I knew I would be able to select the short ones with confidence but most pairs I saw I had little confidence in knowing how the stopovers would come into play."
Qcsx2yjicuqeku68odbzvbzs4Q,rotational,17.0,"[[4, 1, 7], [2, 6, 7, 1]]",1.0,2.967,0,Fairly conscious/deliberative,Somewhat clear,Quite hard,Unconfident,"I could remember some pairs from yesterday that had really long distances and some that had really short distances, I knew I would be able to select the short ones with confidence but most pairs I saw I had little confidence in knowing how the stopovers would come into play."
Qcsx2yjicuqeku68odbzvbzs4Q,rotational,18.0,"[[4, 1, 7, 0], [5, 6, 7, 1, 4]]",0.0,1.417,1,Fairly conscious/deliberative,Somewhat clear,Quite hard,Unconfident,"I could remember some pairs from yesterday that had really long distances and some that had really short distances, I knew I would be able to select the short ones with confidence but most pairs I saw I had little confidence in knowing how the stopovers would come into play."
Qcsx2yjicuqeku68odbzvbzs4Q,rotational,19.0,"[[0, 7, 1], [1, 7, 6, 2]]",1.0,1.957,0,Fairly conscious/deliberative,Somewhat clear,Quite hard,Unconfident,"I could remember some pairs from yesterday that had really long distances and some that had really short distances, I knew I would be able to select the short ones with confidence but most pairs I saw I had little confidence in knowing how the stopovers would come into play."
Qcsx2yjicuqeku68odbzvbzs4Q,rotational,20.0,"[[4, 1, 7, 6, 2], [0, 7, 6, 5]]",0.0,6.428,0,Fairly conscious/deliberative,Somewhat clear,Quite hard,Unconfident,"I could remember some pairs from yesterday that had really long distances and some that had really short distances, I knew I would be able to select the short ones with confidence but most pairs I saw I had little confidence in knowing how the stopovers would come into play."
Qcsx2yjicuqeku68odbzvbzs4Q,rotational,21.0,"[[6, 5, 3], [6, 7, 1, 4]]",0.0,2.603,1,Fairly conscious/deliberative,Somewhat clear,Quite hard,Unconfident,"I could remember some pairs from yesterday that had really long distances and some that had really short distances, I knew I would be able to select the short ones with confidence but most pairs I saw I had little confidence in knowing how the stopovers would come into play."
Qcsx2yjicuqeku68odbzvbzs4Q,rotational,22.0,"[[7, 6, 2], [4, 1, 7, 0]]",0.0,3.051,1,Fairly conscious/deliberative,Somewhat clear,Quite hard,Unconfident,"I could remember some pairs from yesterday that had really long distances and some that had really short distances, I knew I would be able to select the short ones with confidence but most pairs I saw I had little confidence in knowing how the stopovers would come into play."
Qcsx2yjicuqeku68odbzvbzs4Q,rotational,23.0,"[[6, 7, 1], [5, 6, 7, 0]]",1.0,1.963,0,Fairly conscious/deliberative,Somewhat clear,Quite hard,Unconfident,"I could remember some pairs from yesterday that had really long distances and some that had really short distances, I knew I would be able to select the short ones with confidence but most pairs I saw I had little confidence in knowing how the stopovers would come into play."
Qcsx2yjicuqeku68odbzvbzs4Q,rotational,24.0,"[[5, 6, 7, 1, 4], [4, 1, 7, 6]]",1.0,2.235,1,Fairly conscious/deliberative,Somewhat clear,Quite hard,Unconfident,"I could remember some pairs from yesterday that had really long distances and some that had really short distances, I knew I would be able to select the short ones with confidence but most pairs I saw I had little confidence in knowing how the stopovers would come into play."
Qcsx2yjicuqeku68odbzvbzs4Q,rotational,25.0,"[[1, 7, 6, 2], [3, 5, 6]]",1.0,4.107,1,Fairly conscious/deliberative,Somewhat clear,Quite hard,Unconfident,"I could remember some pairs from yesterday that had really long distances and some that had really short distances, I knew I would be able to select the short ones with confidence but most pairs I saw I had little confidence in knowing how the stopovers would come into play."
Qcsx2yjicuqeku68odbzvbzs4Q,rotational,26.0,"[[5, 6, 2], [4, 1, 7, 0]]",0.0,2.181,1,Fairly conscious/deliberative,Somewhat clear,Quite hard,Unconfident,"I could remember some pairs from yesterday that had really long distances and some that had really short distances, I knew I would be able to select the short ones with confidence but most pairs I saw I had little confidence in knowing how the stopovers would come into play."
Qcsx2yjicuqeku68odbzvbzs4Q,rotational,27.0,"[[6, 7, 1, 4], [5, 6, 2]]",0.0,2.5,0,Fairly conscious/deliberative,Somewhat clear,Quite hard,Unconfident,"I could remember some pairs from yesterday that had really long distances and some that had really short distances, I knew I would be able to select the short ones with confidence but most pairs I saw I had little confidence in knowing how the stopovers would come into play."
Qcsx2yjicuqeku68odbzvbzs4Q,rotational,28.0,"[[1, 7, 6, 2], [2, 6, 7]]",0.0,3.214,0,Fairly conscious/deliberative,Somewhat clear,Quite hard,Unconfident,"I could remember some pairs from yesterday that had really long distances and some that had really short distances, I knew I would be able to select the short ones with confidence but most pairs I saw I had little confidence in knowing how the stopovers would come into play."
Qcsx2yjicuqeku68odbzvbzs4Q,rotational,29.0,"[[1, 7, 6, 2], [3, 5, 6, 7, 1]]",1.0,4.056,0,Fairly conscious/deliberative,Somewhat clear,Quite hard,Unconfident,"I could remember some pairs from yesterday that had really long distances and some that had really short distances, I knew I would be able to select the short ones with confidence but most pairs I saw I had little confidence in knowing how the stopovers would come into play."
Qcsx2yjicuqeku68odbzvbzs4Q,rotational,30.0,"[[4, 1, 7, 6], [7, 6, 5]]",0.0,1.522,0,Fairly conscious/deliberative,Somewhat clear,Quite hard,Unconfident,"I could remember some pairs from yesterday that had really long distances and some that had really short distances, I knew I would be able to select the short ones with confidence but most pairs I saw I had little confidence in knowing how the stopovers would come into play."
Qcsx2yjicuqeku68odbzvbzs4Q,rotational,31.0,"[[0, 7, 1], [1, 7, 6, 2]]",0.0,2.725,1,Fairly conscious/deliberative,Somewhat clear,Quite hard,Unconfident,"I could remember some pairs from yesterday that had really long distances and some that had really short distances, I knew I would be able to select the short ones with confidence but most pairs I saw I had little confidence in knowing how the stopovers would come into play."
Qcsx2yjicuqeku68odbzvbzs4Q,rotational,32.0,"[[4, 1, 7], [1, 7, 6, 5]]",1.0,3.176,0,Fairly conscious/deliberative,Somewhat clear,Quite hard,Unconfident,"I could remember some pairs from yesterday that had really long distances and some that had really short distances, I knew I would be able to select the short ones with confidence but most pairs I saw I had little confidence in knowing how the stopovers would come into play."
Qcsx2yjicuqeku68odbzvbzs4Q,rotational,33.0,"[[3, 5, 6, 7, 1], [5, 6, 7, 1]]",1.0,3.431,1,Fairly conscious/deliberative,Somewhat clear,Quite hard,Unconfident,"I could remember some pairs from yesterday that had really long distances and some that had really short distances, I knew I would be able to select the short ones with confidence but most pairs I saw I had little confidence in knowing how the stopovers would come into play."
Qcsx2yjicuqeku68odbzvbzs4Q,rotational,34.0,"[[2, 6, 7, 1], [5, 6, 7]]",1.0,2.26,1,Fairly conscious/deliberative,Somewhat clear,Quite hard,Unconfident,"I could remember some pairs from yesterday that had really long distances and some that had really short distances, I knew I would be able to select the short ones with confidence but most pairs I saw I had little confidence in knowing how the stopovers would come into play."
Qcsx2yjicuqeku68odbzvbzs4Q,rotational,35.0,"[[1, 7, 6, 2], [6, 7, 1]]",0.0,6.35,0,Fairly conscious/deliberative,Somewhat clear,Quite hard,Unconfident,"I could remember some pairs from yesterday that had really long distances and some that had really short distances, I knew I would be able to select the short ones with confidence but most pairs I saw I had little confidence in knowing how the stopovers would come into play."
Qcsx2yjicuqeku68odbzvbzs4Q,rotational,36.0,"[[4, 1, 7, 0], [0, 7, 6]]",0.0,3.237,0,Fairly conscious/deliberative,Somewhat clear,Quite hard,Unconfident,"I could remember some pairs from yesterday that had really long distances and some that had really short distances, I knew I would be able to select the short ones with confidence but most pairs I saw I had little confidence in knowing how the stopovers would come into play."
Qcsx2yjicuqeku68odbzvbzs4Q,rotational,37.0,"[[7, 1, 4], [2, 6, 7, 0]]",0.0,2.423,1,Fairly conscious/deliberative,Somewhat clear,Quite hard,Unconfident,"I could remember some pairs from yesterday that had really long distances and some that had really short distances, I knew I would be able to select the short ones with confidence but most pairs I saw I had little confidence in knowing how the stopovers would come into play."
Qcsx2yjicuqeku68odbzvbzs4Q,rotational,38.0,"[[0, 7, 1], [2, 6, 7, 0]]",1.0,2.256,0,Fairly conscious/deliberative,Somewhat clear,Quite hard,Unconfident,"I could remember some pairs from yesterday that had really long distances and some that had really short distances, I knew I would be able to select the short ones with confidence but most pairs I saw I had little confidence in knowing how the stopovers would come into play."
Qcsx2yjicuqeku68odbzvbzs4Q,rotational,39.0,"[[7, 6, 5], [0, 7, 6, 5]]",1.0,2.175,0,Fairly conscious/deliberative,Somewhat clear,Quite hard,Unconfident,"I could remember some pairs from yesterday that had really long distances and some that had really short distances, I knew I would be able to select the short ones with confidence but most pairs I saw I had little confidence in knowing how the stopovers would come into play."
Qcsx2yjicuqeku68odbzvbzs4Q,rotational,40.0,"[[4, 1, 7, 0], [7, 6, 5]]",1.0,1.116,1,Fairly conscious/deliberative,Somewhat clear,Quite hard,Unconfident,"I could remember some pairs from yesterday that had really long distances and some that had really short distances, I knew I would be able to select the short ones with confidence but most pairs I saw I had little confidence in knowing how the stopovers would come into play."
Qcsx2yjicuqeku68odbzvbzs4Q,rotational,41.0,"[[5, 6, 2], [0, 7, 6, 5]]",1.0,4.978,0,Fairly conscious/deliberative,Somewhat clear,Quite hard,Unconfident,"I could remember some pairs from yesterday that had really long distances and some that had really short distances, I knew I would be able to select the short ones with confidence but most pairs I saw I had little confidence in knowing how the stopovers would come into play."
Qcsx2yjicuqeku68odbzvbzs4Q,rotational,42.0,"[[2, 6, 5, 3], [2, 6, 5]]",1.0,1.478,1,Fairly conscious/deliberative,Somewhat clear,Quite hard,Unconfident,"I could remember some pairs from yesterday that had really long distances and some that had really short distances, I knew I would be able to select the short ones with confidence but most pairs I saw I had little confidence in knowing how the stopovers would come into play."
Qcsx2yjicuqeku68odbzvbzs4Q,rotational,43.0,"[[1, 7, 6, 2], [3, 5, 6, 7, 0]]",0.0,6.167,1,Fairly conscious/deliberative,Somewhat clear,Quite hard,Unconfident,"I could remember some pairs from yesterday that had really long distances and some that had really short distances, I knew I would be able to select the short ones with confidence but most pairs I saw I had little confidence in knowing how the stopovers would come into play."
Qcsx2yjicuqeku68odbzvbzs4Q,rotational,44.0,"[[7, 6, 2], [4, 1, 7, 6]]",0.0,2.235,1,Fairly conscious/deliberative,Somewhat clear,Quite hard,Unconfident,"I could remember some pairs from yesterday that had really long distances and some that had really short distances, I knew I would be able to select the short ones with confidence but most pairs I saw I had little confidence in knowing how the stopovers would come into play."
Qcsx2yjicuqeku68odbzvbzs4Q,rotational,45.0,"[[0, 7, 1, 4], [2, 6, 7]]",0.0,2.519,0,Fairly conscious/deliberative,Somewhat clear,Quite hard,Unconfident,"I could remember some pairs from yesterday that had really long distances and some that had really short distances, I knew I would be able to select the short ones with confidence but most pairs I saw I had little confidence in knowing how the stopovers would come into play."
Qcsx2yjicuqeku68odbzvbzs4Q,rotational,46.0,"[[6, 7, 1, 4], [0, 7, 6, 5, 3]]",1.0,1.561,0,Fairly conscious/deliberative,Somewhat clear,Quite hard,Unconfident,"I could remember some pairs from yesterday that had really long distances and some that had really short distances, I knew I would be able to select the short ones with confidence but most pairs I saw I had little confidence in knowing how the stopovers would come into play."
Qcsx2yjicuqeku68odbzvbzs4Q,rotational,47.0,"[[6, 7, 1, 4], [0, 7, 1]]",0.0,1.269,0,Fairly conscious/deliberative,Somewhat clear,Quite hard,Unconfident,"I could remember some pairs from yesterday that had really long distances and some that had really short distances, I knew I would be able to select the short ones with confidence but most pairs I saw I had little confidence in knowing how the stopovers would come into play."
Qcsx2yjicuqeku68odbzvbzs4Q,rotational,48.0,"[[5, 6, 7, 1], [7, 1, 4]]",0.0,3.975,0,Fairly conscious/deliberative,Somewhat clear,Quite hard,Unconfident,"I could remember some pairs from yesterday that had really long distances and some that had really short distances, I knew I would be able to select the short ones with confidence but most pairs I saw I had little confidence in knowing how the stopovers would come into play."
Qcsx2yjicuqeku68odbzvbzs4Q,rotational,49.0,"[[5, 6, 7, 1], [2, 6, 7]]",0.0,3.378,0,Fairly conscious/deliberative,Somewhat clear,Quite hard,Unconfident,"I could remember some pairs from yesterday that had really long distances and some that had really short distances, I knew I would be able to select the short ones with confidence but most pairs I saw I had little confidence in knowing how the stopovers would come into play."
Qcsx2yjicuqeku68odbzvbzs4Q,rotational,50.0,"[[7, 1, 4], [5, 6, 7, 0]]",0.0,3.681,1,Fairly conscious/deliberative,Somewhat clear,Quite hard,Unconfident,"I could remember some pairs from yesterday that had really long distances and some that had really short distances, I knew I would be able to select the short ones with confidence but most pairs I saw I had little confidence in knowing how the stopovers would come into play."
Qcsx2yjicuqeku68odbzvbzs4Q,rotational,51.0,"[[1, 7, 6, 5, 3], [2, 6, 5, 3]]",1.0,2.617,1,Fairly conscious/deliberative,Somewhat clear,Quite hard,Unconfident,"I could remember some pairs from yesterday that had really long distances and some that had really short distances, I knew I would be able to select the short ones with confidence but most pairs I saw I had little confidence in knowing how the stopovers would come into play."
Qcsx2yjicuqeku68odbzvbzs4Q,rotational,52.0,"[[5, 6, 7, 1], [3, 5, 6]]",0.0,5.293,0,Fairly conscious/deliberative,Somewhat clear,Quite hard,Unconfident,"I could remember some pairs from yesterday that had really long distances and some that had really short distances, I knew I would be able to select the short ones with confidence but most pairs I saw I had little confidence in knowing how the stopovers would come into play."
Qcsx2yjicuqeku68odbzvbzs4Q,rotational,53.0,"[[5, 6, 7, 1, 4], [7, 6, 5, 3]]",0.0,3.015,0,Fairly conscious/deliberative,Somewhat clear,Quite hard,Unconfident,"I could remember some pairs from yesterday that had really long distances and some that had really short distances, I knew I would be able to select the short ones with confidence but most pairs I saw I had little confidence in knowing how the stopovers would come into play."
Qcsx2yjicuqeku68odbzvbzs4Q,rotational,54.0,"[[1, 7, 6, 5], [6, 7, 1]]",0.0,2.746,0,Fairly conscious/deliberative,Somewhat clear,Quite hard,Unconfident,"I could remember some pairs from yesterday that had really long distances and some that had really short distances, I knew I would be able to select the short ones with confidence but most pairs I saw I had little confidence in knowing how the stopovers would come into play."
Qcsx2yjicuqeku68odbzvbzs4Q,rotational,55.0,"[[7, 6, 2], [4, 1, 7, 6]]",0.0,1.659,1,Fairly conscious/deliberative,Somewhat clear,Quite hard,Unconfident,"I could remember some pairs from yesterday that had really long distances and some that had really short distances, I knew I would be able to select the short ones with confidence but most pairs I saw I had little confidence in knowing how the stopovers would come into play."
Qcsx2yjicuqeku68odbzvbzs4Q,rotational,56.0,"[[5, 6, 7], [3, 5, 6, 2]]",0.0,3.338,1,Fairly conscious/deliberative,Somewhat clear,Quite hard,Unconfident,"I could remember some pairs from yesterday that had really long distances and some that had really short distances, I knew I would be able to select the short ones with confidence but most pairs I saw I had little confidence in knowing how the stopovers would come into play."
Qcsx2yjicuqeku68odbzvbzs4Q,rotational,57.0,"[[1, 7, 0], [1, 7, 6, 5]]",0.0,2.041,1,Fairly conscious/deliberative,Somewhat clear,Quite hard,Unconfident,"I could remember some pairs from yesterday that had really long distances and some that had really short distances, I knew I would be able to select the short ones with confidence but most pairs I saw I had little confidence in knowing how the stopovers would come into play."
Qcsx2yjicuqeku68odbzvbzs4Q,rotational,58.0,"[[5, 6, 7, 1], [5, 6, 2]]",1.0,3.472,1,Fairly conscious/deliberative,Somewhat clear,Quite hard,Unconfident,"I could remember some pairs from yesterday that had really long distances and some that had really short distances, I knew I would be able to select the short ones with confidence but most pairs I saw I had little confidence in knowing how the stopovers would come into play."
Qcsx2yjicuqeku68odbzvbzs4Q,rotational,59.0,"[[2, 6, 7, 1], [2, 6, 5]]",1.0,1.555,1,Fairly conscious/deliberative,Somewhat clear,Quite hard,Unconfident,"I could remember some pairs from yesterday that had really long distances and some that had really short distances, I knew I would be able to select the short ones with confidence but most pairs I saw I had little confidence in knowing how the stopovers would come into play."
Qcsx2yjicuqeku68odbzvbzs4Q,rotational,60.0,"[[1, 7, 0], [5, 6, 7, 0]]",1.0,3.216,0,Fairly conscious/deliberative,Somewhat clear,Quite hard,Unconfident,"I could remember some pairs from yesterday that had really long distances and some that had really short distances, I knew I would be able to select the short ones with confidence but most pairs I saw I had little confidence in knowing how the stopovers would come into play."
Qcsx2yjicuqeku68odbzvbzs4Q,rotational,61.0,"[[6, 7, 1, 4], [6, 5, 3]]",0.0,1.655,0,Fairly conscious/deliberative,Somewhat clear,Quite hard,Unconfident,"I could remember some pairs from yesterday that had really long distances and some that had really short distances, I knew I would be able to select the short ones with confidence but most pairs I saw I had little confidence in knowing how the stopovers would come into play."
Qcsx2yjicuqeku68odbzvbzs4Q,rotational,62.0,"[[0, 7, 6, 2], [6, 5, 3]]",0.0,1.891,0,Fairly conscious/deliberative,Somewhat clear,Quite hard,Unconfident,"I could remember some pairs from yesterday that had really long distances and some that had really short distances, I knew I would be able to select the short ones with confidence but most pairs I saw I had little confidence in knowing how the stopovers would come into play."
Qcsx2yjicuqeku68odbzvbzs4Q,rotational,63.0,"[[0, 7, 1, 4], [6, 5, 3]]",0.0,1.914,0,Fairly conscious/deliberative,Somewhat clear,Quite hard,Unconfident,"I could remember some pairs from yesterday that had really long distances and some that had really short distances, I knew I would be able to select the short ones with confidence but most pairs I saw I had little confidence in knowing how the stopovers would come into play."
Qcsx2yjicuqeku68odbzvbzs4Q,rotational,64.0,"[[0, 7, 1], [2, 6, 5, 3]]",0.0,2.477,1,Fairly conscious/deliberative,Somewhat clear,Quite hard,Unconfident,"I could remember some pairs from yesterday that had really long distances and some that had really short distances, I knew I would be able to select the short ones with confidence but most pairs I saw I had little confidence in knowing how the stopovers would come into play."
Qei45sv1c0az91ceoi087flqnQ,rotational,0.0,"[[2, 6, 7, 1], [6, 5, 3]]",0.0,14.883,0,Fully conscious/deliberative,Somewhat unclear,Hard,Rather confident,I looked at the similarities in flowers
Qei45sv1c0az91ceoi087flqnQ,rotational,1.0,"[[4, 1, 7, 0], [2, 6, 5]]",1.0,6.06,1,Fully conscious/deliberative,Somewhat unclear,Hard,Rather confident,I looked at the similarities in flowers
Qei45sv1c0az91ceoi087flqnQ,rotational,2.0,"[[3, 5, 6, 7, 1, 4], [4, 1, 7, 6, 2]]",1.0,3.5,1,Fully conscious/deliberative,Somewhat unclear,Hard,Rather confident,I looked at the similarities in flowers
Qei45sv1c0az91ceoi087flqnQ,rotational,3.0,"[[1, 7, 6, 5], [6, 5, 3]]",0.0,2.541,0,Fully conscious/deliberative,Somewhat unclear,Hard,Rather confident,I looked at the similarities in flowers
Qei45sv1c0az91ceoi087flqnQ,rotational,4.0,"[[1, 7, 6, 2], [1, 7, 6]]",1.0,4.115,1,Fully conscious/deliberative,Somewhat unclear,Hard,Rather confident,I looked at the similarities in flowers
Qei45sv1c0az91ceoi087flqnQ,rotational,5.0,"[[5, 6, 7, 1], [7, 6, 5]]",0.0,2.285,0,Fully conscious/deliberative,Somewhat unclear,Hard,Rather confident,I looked at the similarities in flowers
Qei45sv1c0az91ceoi087flqnQ,rotational,6.0,"[[2, 6, 5, 3], [4, 1, 7, 6, 2]]",1.0,1.661,0,Fully conscious/deliberative,Somewhat unclear,Hard,Rather confident,I looked at the similarities in flowers
Qei45sv1c0az91ceoi087flqnQ,rotational,7.0,"[[4, 1, 7, 6], [5, 6, 7, 1, 4]]",1.0,0.989,0,Fully conscious/deliberative,Somewhat unclear,Hard,Rather confident,I looked at the similarities in flowers
Qei45sv1c0az91ceoi087flqnQ,rotational,8.0,"[[7, 6, 2], [0, 7, 1, 4]]",0.0,1.917,1,Fully conscious/deliberative,Somewhat unclear,Hard,Rather confident,I looked at the similarities in flowers
Qei45sv1c0az91ceoi087flqnQ,rotational,9.0,"[[6, 7, 1, 4], [6, 5, 3]]",0.0,5.428,0,Fully conscious/deliberative,Somewhat unclear,Hard,Rather confident,I looked at the similarities in flowers
Qei45sv1c0az91ceoi087flqnQ,rotational,10.0,"[[5, 6, 7, 1], [1, 7, 6]]",1.0,1.645,1,Fully conscious/deliberative,Somewhat unclear,Hard,Rather confident,I looked at the similarities in flowers
Qei45sv1c0az91ceoi087flqnQ,rotational,11.0,"[[4, 1, 7], [2, 6, 7, 1]]",1.0,3.396,0,Fully conscious/deliberative,Somewhat unclear,Hard,Rather confident,I looked at the similarities in flowers
Qei45sv1c0az91ceoi087flqnQ,rotational,12.0,"[[2, 6, 7], [5, 6, 7, 1]]",1.0,1.181,0,Fully conscious/deliberative,Somewhat unclear,Hard,Rather confident,I looked at the similarities in flowers
Qei45sv1c0az91ceoi087flqnQ,rotational,13.0,"[[0, 7, 6, 5], [2, 6, 7, 1, 4]]",0.0,1.325,1,Fully conscious/deliberative,Somewhat unclear,Hard,Rather confident,I looked at the similarities in flowers
Qei45sv1c0az91ceoi087flqnQ,rotational,14.0,"[[6, 7, 1, 4], [3, 5, 6, 7, 1]]",1.0,1.045,0,Fully conscious/deliberative,Somewhat unclear,Hard,Rather confident,I looked at the similarities in flowers
Qei45sv1c0az91ceoi087flqnQ,rotational,15.0,"[[4, 1, 7], [5, 6, 7, 0]]",1.0,0.661,0,Fully conscious/deliberative,Somewhat unclear,Hard,Rather confident,I looked at the similarities in flowers
Qei45sv1c0az91ceoi087flqnQ,rotational,16.0,"[[0, 7, 6, 2], [5, 6, 7]]",1.0,0.645,1,Fully conscious/deliberative,Somewhat unclear,Hard,Rather confident,I looked at the similarities in flowers
Qei45sv1c0az91ceoi087flqnQ,rotational,17.0,"[[4, 1, 7, 6, 5], [3, 5, 6, 7]]",0.0,0.589,0,Fully conscious/deliberative,Somewhat unclear,Hard,Rather confident,I looked at the similarities in flowers
Qei45sv1c0az91ceoi087flqnQ,rotational,18.0,"[[5, 6, 7], [2, 6, 7, 1]]",0.0,0.629,1,Fully conscious/deliberative,Somewhat unclear,Hard,Rather confident,I looked at the similarities in flowers
Qei45sv1c0az91ceoi087flqnQ,rotational,19.0,"[[1, 7, 6, 2], [0, 7, 1]]",1.0,0.597,1,Fully conscious/deliberative,Somewhat unclear,Hard,Rather confident,I looked at the similarities in flowers
Qei45sv1c0az91ceoi087flqnQ,rotational,20.0,"[[2, 6, 7, 1], [2, 6, 7]]",0.0,0.573,0,Fully conscious/deliberative,Somewhat unclear,Hard,Rather confident,I looked at the similarities in flowers
Qei45sv1c0az91ceoi087flqnQ,rotational,21.0,"[[4, 1, 7, 6], [5, 6, 7]]",1.0,0.645,1,Fully conscious/deliberative,Somewhat unclear,Hard,Rather confident,I looked at the similarities in flowers
Qei45sv1c0az91ceoi087flqnQ,rotational,22.0,"[[4, 1, 7, 0], [0, 7, 6]]",0.0,0.701,0,Fully conscious/deliberative,Somewhat unclear,Hard,Rather confident,I looked at the similarities in flowers
Qei45sv1c0az91ceoi087flqnQ,rotational,23.0,"[[0, 7, 6], [5, 6, 7, 0]]",0.0,0.837,1,Fully conscious/deliberative,Somewhat unclear,Hard,Rather confident,I looked at the similarities in flowers
Qei45sv1c0az91ceoi087flqnQ,rotational,24.0,"[[4, 1, 7, 6, 2], [3, 5, 6, 7]]",0.0,0.861,0,Fully conscious/deliberative,Somewhat unclear,Hard,Rather confident,I looked at the similarities in flowers
Qei45sv1c0az91ceoi087flqnQ,rotational,25.0,"[[4, 1, 7, 0], [2, 6, 7, 1, 4]]",0.0,0.565,1,Fully conscious/deliberative,Somewhat unclear,Hard,Rather confident,I looked at the similarities in flowers
Qei45sv1c0az91ceoi087flqnQ,rotational,26.0,"[[7, 6, 2], [6, 7, 1, 4]]",1.0,0.685,0,Fully conscious/deliberative,Somewhat unclear,Hard,Rather confident,I looked at the similarities in flowers
Qei45sv1c0az91ceoi087flqnQ,rotational,27.0,"[[0, 7, 6, 5], [5, 6, 7]]",1.0,0.773,1,Fully conscious/deliberative,Somewhat unclear,Hard,Rather confident,I looked at the similarities in flowers
Qei45sv1c0az91ceoi087flqnQ,rotational,28.0,"[[6, 7, 1], [2, 6, 5, 3]]",1.0,0.589,0,Fully conscious/deliberative,Somewhat unclear,Hard,Rather confident,I looked at the similarities in flowers
Qei45sv1c0az91ceoi087flqnQ,rotational,29.0,"[[5, 6, 7, 1, 4], [7, 6, 5, 3]]",1.0,0.805,1,Fully conscious/deliberative,Somewhat unclear,Hard,Rather confident,I looked at the similarities in flowers
Qei45sv1c0az91ceoi087flqnQ,rotational,30.0,"[[2, 6, 5, 3], [4, 1, 7]]",0.0,0.524,0,Fully conscious/deliberative,Somewhat unclear,Hard,Rather confident,I looked at the similarities in flowers
Qei45sv1c0az91ceoi087flqnQ,rotational,31.0,"[[2, 6, 7, 0], [1, 7, 0]]",0.0,0.365,0,Fully conscious/deliberative,Somewhat unclear,Hard,Rather confident,I looked at the similarities in flowers
Qei45sv1c0az91ceoi087flqnQ,rotational,32.0,"[[4, 1, 7, 0], [5, 6, 7]]",1.0,0.645,1,Fully conscious/deliberative,Somewhat unclear,Hard,Rather confident,I looked at the similarities in flowers
Qei45sv1c0az91ceoi087flqnQ,rotational,33.0,"[[0, 7, 6, 2], [3, 5, 6, 7, 0]]",1.0,0.741,0,Fully conscious/deliberative,Somewhat unclear,Hard,Rather confident,I looked at the similarities in flowers
Qei45sv1c0az91ceoi087flqnQ,rotational,34.0,"[[1, 7, 6, 5, 3], [5, 6, 7, 1]]",1.0,0.845,1,Fully conscious/deliberative,Somewhat unclear,Hard,Rather confident,I looked at the similarities in flowers
Qei45sv1c0az91ceoi087flqnQ,rotational,35.0,"[[2, 6, 5, 3], [5, 6, 2]]",0.0,1.189,0,Fully conscious/deliberative,Somewhat unclear,Hard,Rather confident,I looked at the similarities in flowers
Qei45sv1c0az91ceoi087flqnQ,rotational,36.0,"[[1, 7, 6, 5], [0, 7, 1]]",0.0,0.741,0,Fully conscious/deliberative,Somewhat unclear,Hard,Rather confident,I looked at the similarities in flowers
Qei45sv1c0az91ceoi087flqnQ,rotational,37.0,"[[4, 1, 7, 0], [5, 6, 7, 1, 4]]",1.0,0.805,0,Fully conscious/deliberative,Somewhat unclear,Hard,Rather confident,I looked at the similarities in flowers
Qei45sv1c0az91ceoi087flqnQ,rotational,38.0,"[[3, 5, 6], [2, 6, 7, 0]]",0.0,1.261,1,Fully conscious/deliberative,Somewhat unclear,Hard,Rather confident,I looked at the similarities in flowers
Qei45sv1c0az91ceoi087flqnQ,rotational,39.0,"[[0, 7, 1, 4], [6, 5, 3]]",1.0,1.013,1,Fully conscious/deliberative,Somewhat unclear,Hard,Rather confident,I looked at the similarities in flowers
Qei45sv1c0az91ceoi087flqnQ,rotational,40.0,"[[5, 6, 7], [2, 6, 5, 3]]",0.0,0.965,1,Fully conscious/deliberative,Somewhat unclear,Hard,Rather confident,I looked at the similarities in flowers
Qei45sv1c0az91ceoi087flqnQ,rotational,41.0,"[[3, 5, 6, 2], [1, 7, 6, 5, 3]]",1.0,1.509,0,Fully conscious/deliberative,Somewhat unclear,Hard,Rather confident,I looked at the similarities in flowers
Qei45sv1c0az91ceoi087flqnQ,rotational,42.0,"[[1, 7, 6, 2], [3, 5, 6, 7, 0]]",1.0,1.085,0,Fully conscious/deliberative,Somewhat unclear,Hard,Rather confident,I looked at the similarities in flowers
Qei45sv1c0az91ceoi087flqnQ,rotational,43.0,"[[6, 7, 1, 4], [2, 6, 7]]",1.0,0.917,1,Fully conscious/deliberative,Somewhat unclear,Hard,Rather confident,I looked at the similarities in flowers
Qei45sv1c0az91ceoi087flqnQ,rotational,44.0,"[[1, 7, 0], [1, 7, 6, 2]]",1.0,0.613,0,Fully conscious/deliberative,Somewhat unclear,Hard,Rather confident,I looked at the similarities in flowers
Qei45sv1c0az91ceoi087flqnQ,rotational,45.0,"[[1, 7, 6, 5], [7, 1, 4]]",0.0,0.813,0,Fully conscious/deliberative,Somewhat unclear,Hard,Rather confident,I looked at the similarities in flowers
Qei45sv1c0az91ceoi087flqnQ,rotational,46.0,"[[1, 7, 6], [4, 1, 7, 0]]",1.0,0.685,0,Fully conscious/deliberative,Somewhat unclear,Hard,Rather confident,I looked at the similarities in flowers
Qei45sv1c0az91ceoi087flqnQ,rotational,47.0,"[[3, 5, 6, 2], [1, 7, 0]]",0.0,0.733,0,Fully conscious/deliberative,Somewhat unclear,Hard,Rather confident,I looked at the similarities in flowers
Qei45sv1c0az91ceoi087flqnQ,rotational,48.0,"[[6, 7, 1, 4], [0, 7, 1]]",0.0,0.749,0,Fully conscious/deliberative,Somewhat unclear,Hard,Rather confident,I looked at the similarities in flowers
Qei45sv1c0az91ceoi087flqnQ,rotational,49.0,"[[1, 7, 0], [5, 6, 7, 0]]",0.0,0.501,1,Fully conscious/deliberative,Somewhat unclear,Hard,Rather confident,I looked at the similarities in flowers
Qei45sv1c0az91ceoi087flqnQ,rotational,50.0,"[[4, 1, 7, 0], [7, 6, 2]]",0.0,0.501,0,Fully conscious/deliberative,Somewhat unclear,Hard,Rather confident,I looked at the similarities in flowers
Qei45sv1c0az91ceoi087flqnQ,rotational,51.0,"[[2, 6, 5], [4, 1, 7, 6]]",0.0,0.821,1,Fully conscious/deliberative,Somewhat unclear,Hard,Rather confident,I looked at the similarities in flowers
Qei45sv1c0az91ceoi087flqnQ,rotational,52.0,"[[5, 6, 7, 0], [6, 7, 1]]",0.0,0.997,0,Fully conscious/deliberative,Somewhat unclear,Hard,Rather confident,I looked at the similarities in flowers
Qei45sv1c0az91ceoi087flqnQ,rotational,53.0,"[[7, 6, 5, 3], [5, 6, 2]]",1.0,0.477,1,Fully conscious/deliberative,Somewhat unclear,Hard,Rather confident,I looked at the similarities in flowers
Qei45sv1c0az91ceoi087flqnQ,rotational,54.0,"[[5, 6, 2], [1, 7, 6, 2]]",1.0,0.405,0,Fully conscious/deliberative,Somewhat unclear,Hard,Rather confident,I looked at the similarities in flowers
Qei45sv1c0az91ceoi087flqnQ,rotational,55.0,"[[5, 6, 7, 1], [5, 6, 2]]",1.0,0.989,1,Fully conscious/deliberative,Somewhat unclear,Hard,Rather confident,I looked at the similarities in flowers
Qei45sv1c0az91ceoi087flqnQ,rotational,56.0,"[[7, 1, 4], [1, 7, 6, 2]]",0.0,0.333,1,Fully conscious/deliberative,Somewhat unclear,Hard,Rather confident,I looked at the similarities in flowers
Qei45sv1c0az91ceoi087flqnQ,rotational,57.0,"[[4, 1, 7, 6], [6, 5, 3]]",0.0,0.629,0,Fully conscious/deliberative,Somewhat unclear,Hard,Rather confident,I looked at the similarities in flowers
Qei45sv1c0az91ceoi087flqnQ,rotational,58.0,"[[7, 6, 2], [3, 5, 6, 7]]",0.0,1.029,1,Fully conscious/deliberative,Somewhat unclear,Hard,Rather confident,I looked at the similarities in flowers
Qei45sv1c0az91ceoi087flqnQ,rotational,59.0,"[[1, 7, 6, 5, 3], [2, 6, 7, 1]]",0.0,1.109,0,Fully conscious/deliberative,Somewhat unclear,Hard,Rather confident,I looked at the similarities in flowers
Qei45sv1c0az91ceoi087flqnQ,rotational,60.0,"[[3, 5, 6, 7, 0], [4, 1, 7, 6]]",0.0,0.693,0,Fully conscious/deliberative,Somewhat unclear,Hard,Rather confident,I looked at the similarities in flowers
Qei45sv1c0az91ceoi087flqnQ,rotational,61.0,"[[6, 7, 0], [3, 5, 6, 2]]",0.0,0.453,1,Fully conscious/deliberative,Somewhat unclear,Hard,Rather confident,I looked at the similarities in flowers
Qei45sv1c0az91ceoi087flqnQ,rotational,62.0,"[[2, 6, 5], [5, 6, 7, 0]]",1.0,0.469,0,Fully conscious/deliberative,Somewhat unclear,Hard,Rather confident,I looked at the similarities in flowers
Qei45sv1c0az91ceoi087flqnQ,rotational,63.0,"[[1, 7, 6, 5], [4, 1, 7]]",0.0,1.077,0,Fully conscious/deliberative,Somewhat unclear,Hard,Rather confident,I looked at the similarities in flowers
Qei45sv1c0az91ceoi087flqnQ,rotational,64.0,"[[0, 7, 6, 2], [7, 1, 4]]",0.0,0.613,0,Fully conscious/deliberative,Somewhat unclear,Hard,Rather confident,I looked at the similarities in flowers
Qhc77d4bh03jukv6vv3sr1yc9Q,rotational,0.0,"[[3, 5, 6, 7, 0], [1, 7, 6, 2]]",1.0,88.397,1,Fully conscious/deliberative,Fully clear,Quite hard,Rather confident,I managed to remember which colors connect to others. Then it was a simple matter of counting the jumps. 
Qhc77d4bh03jukv6vv3sr1yc9Q,rotational,1.0,"[[5, 6, 7, 1], [3, 5, 6]]",1.0,13.104,1,Fully conscious/deliberative,Fully clear,Quite hard,Rather confident,I managed to remember which colors connect to others. Then it was a simple matter of counting the jumps. 
Qhc77d4bh03jukv6vv3sr1yc9Q,rotational,2.0,"[[4, 1, 7, 6, 2], [0, 7, 1, 4]]",1.0,53.855,1,Fully conscious/deliberative,Fully clear,Quite hard,Rather confident,I managed to remember which colors connect to others. Then it was a simple matter of counting the jumps. 
Qhc77d4bh03jukv6vv3sr1yc9Q,rotational,3.0,"[[6, 5, 3], [6, 7, 1, 4]]",1.0,24.713,0,Fully conscious/deliberative,Fully clear,Quite hard,Rather confident,I managed to remember which colors connect to others. Then it was a simple matter of counting the jumps. 
Qhc77d4bh03jukv6vv3sr1yc9Q,rotational,4.0,"[[1, 7, 6], [1, 7, 6, 2]]",1.0,15.135,0,Fully conscious/deliberative,Fully clear,Quite hard,Rather confident,I managed to remember which colors connect to others. Then it was a simple matter of counting the jumps. 
Qhc77d4bh03jukv6vv3sr1yc9Q,rotational,5.0,"[[5, 6, 7], [5, 6, 7, 1]]",1.0,8.171,0,Fully conscious/deliberative,Fully clear,Quite hard,Rather confident,I managed to remember which colors connect to others. Then it was a simple matter of counting the jumps. 
Qhc77d4bh03jukv6vv3sr1yc9Q,rotational,6.0,"[[3, 5, 6, 7, 1], [3, 5, 6, 2]]",1.0,12.338,1,Fully conscious/deliberative,Fully clear,Quite hard,Rather confident,I managed to remember which colors connect to others. Then it was a simple matter of counting the jumps. 
Qhc77d4bh03jukv6vv3sr1yc9Q,rotational,7.0,"[[2, 6, 5], [2, 6, 7, 1]]",1.0,20.152,0,Fully conscious/deliberative,Fully clear,Quite hard,Rather confident,I managed to remember which colors connect to others. Then it was a simple matter of counting the jumps. 
Qhc77d4bh03jukv6vv3sr1yc9Q,rotational,8.0,"[[0, 7, 1, 4], [5, 6, 2]]",1.0,31.709,1,Fully conscious/deliberative,Fully clear,Quite hard,Rather confident,I managed to remember which colors connect to others. Then it was a simple matter of counting the jumps. 
Qhc77d4bh03jukv6vv3sr1yc9Q,rotational,9.0,"[[4, 1, 7, 6], [7, 6, 2]]",1.0,69.921,1,Fully conscious/deliberative,Fully clear,Quite hard,Rather confident,I managed to remember which colors connect to others. Then it was a simple matter of counting the jumps. 
Qhc77d4bh03jukv6vv3sr1yc9Q,rotational,10.0,"[[6, 5, 3], [2, 6, 7, 1]]",1.0,7.565,0,Fully conscious/deliberative,Fully clear,Quite hard,Rather confident,I managed to remember which colors connect to others. Then it was a simple matter of counting the jumps. 
Qhc77d4bh03jukv6vv3sr1yc9Q,rotational,11.0,"[[5, 6, 7], [2, 6, 5, 3]]",1.0,14.764,0,Fully conscious/deliberative,Fully clear,Quite hard,Rather confident,I managed to remember which colors connect to others. Then it was a simple matter of counting the jumps. 
Qhc77d4bh03jukv6vv3sr1yc9Q,rotational,12.0,"[[5, 6, 7, 1, 4], [3, 5, 6, 7]]",1.0,9.419,1,Fully conscious/deliberative,Fully clear,Quite hard,Rather confident,I managed to remember which colors connect to others. Then it was a simple matter of counting the jumps. 
Qhc77d4bh03jukv6vv3sr1yc9Q,rotational,13.0,"[[2, 6, 7, 1], [2, 6, 7]]",1.0,10.703,1,Fully conscious/deliberative,Fully clear,Quite hard,Rather confident,I managed to remember which colors connect to others. Then it was a simple matter of counting the jumps. 
Qhc77d4bh03jukv6vv3sr1yc9Q,rotational,14.0,"[[4, 1, 7, 0], [4, 1, 7, 6, 5]]",1.0,51.192,0,Fully conscious/deliberative,Fully clear,Quite hard,Rather confident,I managed to remember which colors connect to others. Then it was a simple matter of counting the jumps. 
Qhc77d4bh03jukv6vv3sr1yc9Q,rotational,15.0,"[[1, 7, 0], [2, 6, 5, 3]]",1.0,10.029,0,Fully conscious/deliberative,Fully clear,Quite hard,Rather confident,I managed to remember which colors connect to others. Then it was a simple matter of counting the jumps. 
Qhc77d4bh03jukv6vv3sr1yc9Q,rotational,16.0,"[[2, 6, 7, 1], [7, 1, 4]]",1.0,115.645,1,Fully conscious/deliberative,Fully clear,Quite hard,Rather confident,I managed to remember which colors connect to others. Then it was a simple matter of counting the jumps. 
Qhc77d4bh03jukv6vv3sr1yc9Q,rotational,17.0,"[[5, 6, 7, 1], [1, 7, 6]]",1.0,22.351,1,Fully conscious/deliberative,Fully clear,Quite hard,Rather confident,I managed to remember which colors connect to others. Then it was a simple matter of counting the jumps. 
Qhc77d4bh03jukv6vv3sr1yc9Q,rotational,18.0,"[[6, 7, 1, 4], [7, 6, 5]]",1.0,11.194,1,Fully conscious/deliberative,Fully clear,Quite hard,Rather confident,I managed to remember which colors connect to others. Then it was a simple matter of counting the jumps. 
Qhc77d4bh03jukv6vv3sr1yc9Q,rotational,19.0,"[[1, 7, 6, 5, 3], [2, 6, 7, 1]]",1.0,18.439,1,Fully conscious/deliberative,Fully clear,Quite hard,Rather confident,I managed to remember which colors connect to others. Then it was a simple matter of counting the jumps. 
Qhc77d4bh03jukv6vv3sr1yc9Q,rotational,20.0,"[[0, 7, 6, 5, 3], [2, 6, 7, 0]]",1.0,36.781,1,Fully conscious/deliberative,Fully clear,Quite hard,Rather confident,I managed to remember which colors connect to others. Then it was a simple matter of counting the jumps. 
Qhc77d4bh03jukv6vv3sr1yc9Q,rotational,21.0,"[[4, 1, 7, 6, 2], [3, 5, 6, 7, 1, 4]]",1.0,12.975,0,Fully conscious/deliberative,Fully clear,Quite hard,Rather confident,I managed to remember which colors connect to others. Then it was a simple matter of counting the jumps. 
Qhc77d4bh03jukv6vv3sr1yc9Q,rotational,22.0,"[[4, 1, 7, 6, 5], [3, 5, 6, 7]]",0.0,14.535,0,Fully conscious/deliberative,Fully clear,Quite hard,Rather confident,I managed to remember which colors connect to others. Then it was a simple matter of counting the jumps. 
Qhc77d4bh03jukv6vv3sr1yc9Q,rotational,23.0,"[[0, 7, 1, 4], [7, 6, 5]]",1.0,45.199,1,Fully conscious/deliberative,Fully clear,Quite hard,Rather confident,I managed to remember which colors connect to others. Then it was a simple matter of counting the jumps. 
Qhc77d4bh03jukv6vv3sr1yc9Q,rotational,24.0,"[[6, 7, 0], [2, 6, 5, 3]]",1.0,126.008,0,Fully conscious/deliberative,Fully clear,Quite hard,Rather confident,I managed to remember which colors connect to others. Then it was a simple matter of counting the jumps. 
Qhc77d4bh03jukv6vv3sr1yc9Q,rotational,25.0,"[[2, 6, 5], [5, 6, 7, 1]]",1.0,13.418,0,Fully conscious/deliberative,Fully clear,Quite hard,Rather confident,I managed to remember which colors connect to others. Then it was a simple matter of counting the jumps. 
Qhc77d4bh03jukv6vv3sr1yc9Q,rotational,26.0,"[[0, 7, 6], [5, 6, 7, 0]]",1.0,18.888,0,Fully conscious/deliberative,Fully clear,Quite hard,Rather confident,I managed to remember which colors connect to others. Then it was a simple matter of counting the jumps. 
Qhc77d4bh03jukv6vv3sr1yc9Q,rotational,27.0,"[[1, 7, 6, 5], [7, 1, 4]]",1.0,11.713,1,Fully conscious/deliberative,Fully clear,Quite hard,Rather confident,I managed to remember which colors connect to others. Then it was a simple matter of counting the jumps. 
Qhc77d4bh03jukv6vv3sr1yc9Q,rotational,28.0,"[[6, 7, 1, 4], [5, 6, 7, 1, 4]]",1.0,10.57,0,Fully conscious/deliberative,Fully clear,Quite hard,Rather confident,I managed to remember which colors connect to others. Then it was a simple matter of counting the jumps. 
Qhc77d4bh03jukv6vv3sr1yc9Q,rotational,29.0,"[[7, 1, 4], [5, 6, 7, 0]]",0.0,8.74,1,Fully conscious/deliberative,Fully clear,Quite hard,Rather confident,I managed to remember which colors connect to others. Then it was a simple matter of counting the jumps. 
Qhc77d4bh03jukv6vv3sr1yc9Q,rotational,30.0,"[[4, 1, 7, 0], [6, 7, 1]]",1.0,27.221,1,Fully conscious/deliberative,Fully clear,Quite hard,Rather confident,I managed to remember which colors connect to others. Then it was a simple matter of counting the jumps. 
Qhc77d4bh03jukv6vv3sr1yc9Q,rotational,31.0,"[[4, 1, 7, 0], [2, 6, 7]]",1.0,12.587,1,Fully conscious/deliberative,Fully clear,Quite hard,Rather confident,I managed to remember which colors connect to others. Then it was a simple matter of counting the jumps. 
Qhc77d4bh03jukv6vv3sr1yc9Q,rotational,32.0,"[[3, 5, 6, 7, 0], [4, 1, 7, 6]]",1.0,11.936,1,Fully conscious/deliberative,Fully clear,Quite hard,Rather confident,I managed to remember which colors connect to others. Then it was a simple matter of counting the jumps. 
Qhc77d4bh03jukv6vv3sr1yc9Q,rotational,33.0,"[[2, 6, 5, 3], [6, 7, 1]]",1.0,23.209,1,Fully conscious/deliberative,Fully clear,Quite hard,Rather confident,I managed to remember which colors connect to others. Then it was a simple matter of counting the jumps. 
Qhc77d4bh03jukv6vv3sr1yc9Q,rotational,34.0,"[[2, 6, 7, 1, 4], [7, 6, 5, 3]]",0.0,24.22,0,Fully conscious/deliberative,Fully clear,Quite hard,Rather confident,I managed to remember which colors connect to others. Then it was a simple matter of counting the jumps. 
Qhc77d4bh03jukv6vv3sr1yc9Q,rotational,35.0,"[[5, 6, 7, 0], [1, 7, 6]]",1.0,14.607,1,Fully conscious/deliberative,Fully clear,Quite hard,Rather confident,I managed to remember which colors connect to others. Then it was a simple matter of counting the jumps. 
Qhc77d4bh03jukv6vv3sr1yc9Q,rotational,36.0,"[[0, 7, 6, 5], [2, 6, 7, 1, 4]]",1.0,7.769,0,Fully conscious/deliberative,Fully clear,Quite hard,Rather confident,I managed to remember which colors connect to others. Then it was a simple matter of counting the jumps. 
Qhc77d4bh03jukv6vv3sr1yc9Q,rotational,37.0,"[[0, 7, 1, 4], [2, 6, 7]]",1.0,16.544,1,Fully conscious/deliberative,Fully clear,Quite hard,Rather confident,I managed to remember which colors connect to others. Then it was a simple matter of counting the jumps. 
Qhc77d4bh03jukv6vv3sr1yc9Q,rotational,38.0,"[[0, 7, 6, 2], [7, 1, 4]]",1.0,14.333,1,Fully conscious/deliberative,Fully clear,Quite hard,Rather confident,I managed to remember which colors connect to others. Then it was a simple matter of counting the jumps. 
Qhc77d4bh03jukv6vv3sr1yc9Q,rotational,39.0,"[[5, 6, 7, 0], [2, 6, 5]]",1.0,7.696,1,Fully conscious/deliberative,Fully clear,Quite hard,Rather confident,I managed to remember which colors connect to others. Then it was a simple matter of counting the jumps. 
Qhc77d4bh03jukv6vv3sr1yc9Q,rotational,40.0,"[[1, 7, 0], [2, 6, 7, 1]]",1.0,31.899,0,Fully conscious/deliberative,Fully clear,Quite hard,Rather confident,I managed to remember which colors connect to others. Then it was a simple matter of counting the jumps. 
Qhc77d4bh03jukv6vv3sr1yc9Q,rotational,41.0,"[[3, 5, 6, 7, 1], [5, 6, 7, 1]]",1.0,9.734,1,Fully conscious/deliberative,Fully clear,Quite hard,Rather confident,I managed to remember which colors connect to others. Then it was a simple matter of counting the jumps. 
Qhc77d4bh03jukv6vv3sr1yc9Q,rotational,42.0,"[[6, 7, 1, 4], [5, 6, 2]]",1.0,10.432,1,Fully conscious/deliberative,Fully clear,Quite hard,Rather confident,I managed to remember which colors connect to others. Then it was a simple matter of counting the jumps. 
Qhc77d4bh03jukv6vv3sr1yc9Q,rotational,43.0,"[[1, 7, 6, 2], [0, 7, 1]]",1.0,7.722,1,Fully conscious/deliberative,Fully clear,Quite hard,Rather confident,I managed to remember which colors connect to others. Then it was a simple matter of counting the jumps. 
Qhc77d4bh03jukv6vv3sr1yc9Q,rotational,44.0,"[[5, 6, 2], [7, 6, 5, 3]]",1.0,7.509,0,Fully conscious/deliberative,Fully clear,Quite hard,Rather confident,I managed to remember which colors connect to others. Then it was a simple matter of counting the jumps. 
Qhc77d4bh03jukv6vv3sr1yc9Q,rotational,45.0,"[[1, 7, 6, 5], [7, 1, 4]]",1.0,8.771,1,Fully conscious/deliberative,Fully clear,Quite hard,Rather confident,I managed to remember which colors connect to others. Then it was a simple matter of counting the jumps. 
Qhc77d4bh03jukv6vv3sr1yc9Q,rotational,46.0,"[[6, 7, 1, 4], [3, 5, 6]]",1.0,11.966,1,Fully conscious/deliberative,Fully clear,Quite hard,Rather confident,I managed to remember which colors connect to others. Then it was a simple matter of counting the jumps. 
Qhc77d4bh03jukv6vv3sr1yc9Q,rotational,47.0,"[[4, 1, 7, 0], [6, 5, 3]]",1.0,6.39,1,Fully conscious/deliberative,Fully clear,Quite hard,Rather confident,I managed to remember which colors connect to others. Then it was a simple matter of counting the jumps. 
Qhc77d4bh03jukv6vv3sr1yc9Q,rotational,48.0,"[[7, 6, 5], [2, 6, 7, 1]]",1.0,22.47,0,Fully conscious/deliberative,Fully clear,Quite hard,Rather confident,I managed to remember which colors connect to others. Then it was a simple matter of counting the jumps. 
Qhc77d4bh03jukv6vv3sr1yc9Q,rotational,49.0,"[[7, 1, 4], [1, 7, 6, 2]]",1.0,14.301,0,Fully conscious/deliberative,Fully clear,Quite hard,Rather confident,I managed to remember which colors connect to others. Then it was a simple matter of counting the jumps. 
Qhc77d4bh03jukv6vv3sr1yc9Q,rotational,50.0,"[[2, 6, 5, 3], [2, 6, 5]]",1.0,10.341,1,Fully conscious/deliberative,Fully clear,Quite hard,Rather confident,I managed to remember which colors connect to others. Then it was a simple matter of counting the jumps. 
Qhc77d4bh03jukv6vv3sr1yc9Q,rotational,51.0,"[[4, 1, 7, 6], [0, 7, 1]]",1.0,10.148,1,Fully conscious/deliberative,Fully clear,Quite hard,Rather confident,I managed to remember which colors connect to others. Then it was a simple matter of counting the jumps. 
Qhc77d4bh03jukv6vv3sr1yc9Q,rotational,52.0,"[[0, 7, 6], [0, 7, 1, 4]]",1.0,7.803,0,Fully conscious/deliberative,Fully clear,Quite hard,Rather confident,I managed to remember which colors connect to others. Then it was a simple matter of counting the jumps. 
Qhc77d4bh03jukv6vv3sr1yc9Q,rotational,53.0,"[[0, 7, 1], [2, 6, 7, 0]]",1.0,7.422,0,Fully conscious/deliberative,Fully clear,Quite hard,Rather confident,I managed to remember which colors connect to others. Then it was a simple matter of counting the jumps. 
Qhc77d4bh03jukv6vv3sr1yc9Q,rotational,54.0,"[[2, 6, 7], [7, 6, 5, 3]]",1.0,16.183,0,Fully conscious/deliberative,Fully clear,Quite hard,Rather confident,I managed to remember which colors connect to others. Then it was a simple matter of counting the jumps. 
Qhc77d4bh03jukv6vv3sr1yc9Q,rotational,55.0,"[[0, 7, 6, 5], [5, 6, 7]]",1.0,4.814,1,Fully conscious/deliberative,Fully clear,Quite hard,Rather confident,I managed to remember which colors connect to others. Then it was a simple matter of counting the jumps. 
Qhc77d4bh03jukv6vv3sr1yc9Q,rotational,56.0,"[[0, 7, 1], [5, 6, 7, 0]]",0.0,11.246,1,Fully conscious/deliberative,Fully clear,Quite hard,Rather confident,I managed to remember which colors connect to others. Then it was a simple matter of counting the jumps. 
Qhc77d4bh03jukv6vv3sr1yc9Q,rotational,57.0,"[[4, 1, 7, 6, 2], [2, 6, 5, 3]]",1.0,10.315,1,Fully conscious/deliberative,Fully clear,Quite hard,Rather confident,I managed to remember which colors connect to others. Then it was a simple matter of counting the jumps. 
Qhc77d4bh03jukv6vv3sr1yc9Q,rotational,58.0,"[[3, 5, 6, 2], [7, 1, 4]]",1.0,9.166,1,Fully conscious/deliberative,Fully clear,Quite hard,Rather confident,I managed to remember which colors connect to others. Then it was a simple matter of counting the jumps. 
Qhc77d4bh03jukv6vv3sr1yc9Q,rotational,59.0,"[[1, 7, 0], [5, 6, 7, 1]]",1.0,10.438,0,Fully conscious/deliberative,Fully clear,Quite hard,Rather confident,I managed to remember which colors connect to others. Then it was a simple matter of counting the jumps. 
Qhc77d4bh03jukv6vv3sr1yc9Q,rotational,60.0,"[[0, 7, 6, 2], [3, 5, 6]]",1.0,9.305,1,Fully conscious/deliberative,Fully clear,Quite hard,Rather confident,I managed to remember which colors connect to others. Then it was a simple matter of counting the jumps. 
Qhc77d4bh03jukv6vv3sr1yc9Q,rotational,61.0,"[[7, 6, 2], [5, 6, 7, 1]]",1.0,21.355,0,Fully conscious/deliberative,Fully clear,Quite hard,Rather confident,I managed to remember which colors connect to others. Then it was a simple matter of counting the jumps. 
Qhc77d4bh03jukv6vv3sr1yc9Q,rotational,62.0,"[[0, 7, 6, 2], [7, 6, 5]]",1.0,10.328,1,Fully conscious/deliberative,Fully clear,Quite hard,Rather confident,I managed to remember which colors connect to others. Then it was a simple matter of counting the jumps. 
Qhc77d4bh03jukv6vv3sr1yc9Q,rotational,63.0,"[[1, 7, 6, 5, 3], [4, 1, 7, 6]]",1.0,8.41,1,Fully conscious/deliberative,Fully clear,Quite hard,Rather confident,I managed to remember which colors connect to others. Then it was a simple matter of counting the jumps. 
Qhc77d4bh03jukv6vv3sr1yc9Q,rotational,64.0,"[[4, 1, 7, 6], [7, 6, 2]]",1.0,15.906,1,Fully conscious/deliberative,Fully clear,Quite hard,Rather confident,I managed to remember which colors connect to others. Then it was a simple matter of counting the jumps. 
Qifm5p7xchrfjn6361vlxknolQ,rotational,0.0,"[[0, 7, 6, 5, 3], [4, 1, 7, 6]]",0.0,10.661,0,Fully intuitive/unconscious,Somewhat unclear,Hard,Unconfident,I tried remembering yesterday's pathways to try and figure how i would use it to my benefit in completing the task but found very challenging
Qifm5p7xchrfjn6361vlxknolQ,rotational,1.0,"[[2, 6, 7], [4, 1, 7, 0]]",1.0,6.31,0,Fully intuitive/unconscious,Somewhat unclear,Hard,Unconfident,I tried remembering yesterday's pathways to try and figure how i would use it to my benefit in completing the task but found very challenging
Qifm5p7xchrfjn6361vlxknolQ,rotational,2.0,"[[6, 7, 1, 4], [5, 6, 2]]",1.0,12.596,1,Fully intuitive/unconscious,Somewhat unclear,Hard,Unconfident,I tried remembering yesterday's pathways to try and figure how i would use it to my benefit in completing the task but found very challenging
Qifm5p7xchrfjn6361vlxknolQ,rotational,3.0,"[[5, 6, 2], [0, 7, 6, 5]]",0.0,6.862,1,Fully intuitive/unconscious,Somewhat unclear,Hard,Unconfident,I tried remembering yesterday's pathways to try and figure how i would use it to my benefit in completing the task but found very challenging
Qifm5p7xchrfjn6361vlxknolQ,rotational,4.0,"[[7, 6, 5, 3], [7, 6, 2]]",0.0,6.772,0,Fully intuitive/unconscious,Somewhat unclear,Hard,Unconfident,I tried remembering yesterday's pathways to try and figure how i would use it to my benefit in completing the task but found very challenging
Qifm5p7xchrfjn6361vlxknolQ,rotational,5.0,"[[2, 6, 7, 1], [5, 6, 2]]",1.0,175.484,1,Fully intuitive/unconscious,Somewhat unclear,Hard,Unconfident,I tried remembering yesterday's pathways to try and figure how i would use it to my benefit in completing the task but found very challenging
Qifm5p7xchrfjn6361vlxknolQ,rotational,6.0,"[[1, 7, 6, 2], [4, 1, 7]]",0.0,9.208,0,Fully intuitive/unconscious,Somewhat unclear,Hard,Unconfident,I tried remembering yesterday's pathways to try and figure how i would use it to my benefit in completing the task but found very challenging
Qifm5p7xchrfjn6361vlxknolQ,rotational,7.0,"[[1, 7, 6, 2], [3, 5, 6, 7, 0]]",0.0,2.829,1,Fully intuitive/unconscious,Somewhat unclear,Hard,Unconfident,I tried remembering yesterday's pathways to try and figure how i would use it to my benefit in completing the task but found very challenging
Qifm5p7xchrfjn6361vlxknolQ,rotational,8.0,"[[2, 6, 7, 1], [3, 5, 6]]",1.0,1.915,1,Fully intuitive/unconscious,Somewhat unclear,Hard,Unconfident,I tried remembering yesterday's pathways to try and figure how i would use it to my benefit in completing the task but found very challenging
Qifm5p7xchrfjn6361vlxknolQ,rotational,9.0,"[[2, 6, 5], [0, 7, 1, 4]]",1.0,2.204,0,Fully intuitive/unconscious,Somewhat unclear,Hard,Unconfident,I tried remembering yesterday's pathways to try and figure how i would use it to my benefit in completing the task but found very challenging
Qifm5p7xchrfjn6361vlxknolQ,rotational,10.0,"[[1, 7, 0], [2, 6, 7, 0]]",0.0,24.083,1,Fully intuitive/unconscious,Somewhat unclear,Hard,Unconfident,I tried remembering yesterday's pathways to try and figure how i would use it to my benefit in completing the task but found very challenging
Qifm5p7xchrfjn6361vlxknolQ,rotational,11.0,"[[2, 6, 7, 1], [1, 7, 6]]",1.0,2.455,1,Fully intuitive/unconscious,Somewhat unclear,Hard,Unconfident,I tried remembering yesterday's pathways to try and figure how i would use it to my benefit in completing the task but found very challenging
Qifm5p7xchrfjn6361vlxknolQ,rotational,12.0,"[[3, 5, 6, 2], [2, 6, 5]]",1.0,5.555,1,Fully intuitive/unconscious,Somewhat unclear,Hard,Unconfident,I tried remembering yesterday's pathways to try and figure how i would use it to my benefit in completing the task but found very challenging
Qifm5p7xchrfjn6361vlxknolQ,rotational,13.0,"[[0, 7, 1, 4], [4, 1, 7, 6, 5]]",1.0,5.26,0,Fully intuitive/unconscious,Somewhat unclear,Hard,Unconfident,I tried remembering yesterday's pathways to try and figure how i would use it to my benefit in completing the task but found very challenging
Qifm5p7xchrfjn6361vlxknolQ,rotational,14.0,"[[0, 7, 1, 4], [7, 6, 2]]",1.0,3.044,1,Fully intuitive/unconscious,Somewhat unclear,Hard,Unconfident,I tried remembering yesterday's pathways to try and figure how i would use it to my benefit in completing the task but found very challenging
Qifm5p7xchrfjn6361vlxknolQ,rotational,15.0,"[[3, 5, 6, 2], [6, 7, 1]]",0.0,2.005,0,Fully intuitive/unconscious,Somewhat unclear,Hard,Unconfident,I tried remembering yesterday's pathways to try and figure how i would use it to my benefit in completing the task but found very challenging
Qifm5p7xchrfjn6361vlxknolQ,rotational,16.0,"[[5, 6, 7, 1], [4, 1, 7]]",0.0,3.591,0,Fully intuitive/unconscious,Somewhat unclear,Hard,Unconfident,I tried remembering yesterday's pathways to try and figure how i would use it to my benefit in completing the task but found very challenging
Qifm5p7xchrfjn6361vlxknolQ,rotational,17.0,"[[3, 5, 6, 7, 1], [6, 7, 1, 4]]",1.0,12.449,1,Fully intuitive/unconscious,Somewhat unclear,Hard,Unconfident,I tried remembering yesterday's pathways to try and figure how i would use it to my benefit in completing the task but found very challenging
Qifm5p7xchrfjn6361vlxknolQ,rotational,18.0,"[[0, 7, 1], [5, 6, 7, 0]]",0.0,1.899,1,Fully intuitive/unconscious,Somewhat unclear,Hard,Unconfident,I tried remembering yesterday's pathways to try and figure how i would use it to my benefit in completing the task but found very challenging
Qifm5p7xchrfjn6361vlxknolQ,rotational,19.0,"[[3, 5, 6, 7], [5, 6, 7, 1, 4]]",1.0,2.249,0,Fully intuitive/unconscious,Somewhat unclear,Hard,Unconfident,I tried remembering yesterday's pathways to try and figure how i would use it to my benefit in completing the task but found very challenging
Qifm5p7xchrfjn6361vlxknolQ,rotational,20.0,"[[5, 6, 7, 0], [5, 6, 7]]",1.0,1.872,1,Fully intuitive/unconscious,Somewhat unclear,Hard,Unconfident,I tried remembering yesterday's pathways to try and figure how i would use it to my benefit in completing the task but found very challenging
Qifm5p7xchrfjn6361vlxknolQ,rotational,21.0,"[[7, 6, 5, 3], [4, 1, 7, 6, 5]]",1.0,17.638,0,Fully intuitive/unconscious,Somewhat unclear,Hard,Unconfident,I tried remembering yesterday's pathways to try and figure how i would use it to my benefit in completing the task but found very challenging
Qifm5p7xchrfjn6361vlxknolQ,rotational,22.0,"[[3, 5, 6, 7, 1], [3, 5, 6, 2]]",0.0,97.985,0,Fully intuitive/unconscious,Somewhat unclear,Hard,Unconfident,I tried remembering yesterday's pathways to try and figure how i would use it to my benefit in completing the task but found very challenging
Qifm5p7xchrfjn6361vlxknolQ,rotational,23.0,"[[3, 5, 6, 2], [1, 7, 0]]",1.0,2.754,1,Fully intuitive/unconscious,Somewhat unclear,Hard,Unconfident,I tried remembering yesterday's pathways to try and figure how i would use it to my benefit in completing the task but found very challenging
Qifm5p7xchrfjn6361vlxknolQ,rotational,24.0,"[[1, 7, 6], [5, 6, 7, 0]]",1.0,2.123,0,Fully intuitive/unconscious,Somewhat unclear,Hard,Unconfident,I tried remembering yesterday's pathways to try and figure how i would use it to my benefit in completing the task but found very challenging
Qifm5p7xchrfjn6361vlxknolQ,rotational,25.0,"[[7, 6, 5], [3, 5, 6, 2]]",1.0,5.06,0,Fully intuitive/unconscious,Somewhat unclear,Hard,Unconfident,I tried remembering yesterday's pathways to try and figure how i would use it to my benefit in completing the task but found very challenging
Qifm5p7xchrfjn6361vlxknolQ,rotational,26.0,"[[7, 6, 5], [2, 6, 7, 0]]",1.0,2.638,0,Fully intuitive/unconscious,Somewhat unclear,Hard,Unconfident,I tried remembering yesterday's pathways to try and figure how i would use it to my benefit in completing the task but found very challenging
Qifm5p7xchrfjn6361vlxknolQ,rotational,27.0,"[[4, 1, 7, 6, 5, 3], [2, 6, 7, 1, 4]]",1.0,3.988,1,Fully intuitive/unconscious,Somewhat unclear,Hard,Unconfident,I tried remembering yesterday's pathways to try and figure how i would use it to my benefit in completing the task but found very challenging
Qifm5p7xchrfjn6361vlxknolQ,rotational,28.0,"[[1, 7, 6, 5], [7, 6, 5]]",0.0,1.609,0,Fully intuitive/unconscious,Somewhat unclear,Hard,Unconfident,I tried remembering yesterday's pathways to try and figure how i would use it to my benefit in completing the task but found very challenging
Qifm5p7xchrfjn6361vlxknolQ,rotational,29.0,"[[7, 1, 4], [1, 7, 6, 2]]",1.0,3.019,0,Fully intuitive/unconscious,Somewhat unclear,Hard,Unconfident,I tried remembering yesterday's pathways to try and figure how i would use it to my benefit in completing the task but found very challenging
Qifm5p7xchrfjn6361vlxknolQ,rotational,30.0,"[[2, 6, 7, 1], [7, 6, 2]]",0.0,1.827,0,Fully intuitive/unconscious,Somewhat unclear,Hard,Unconfident,I tried remembering yesterday's pathways to try and figure how i would use it to my benefit in completing the task but found very challenging
Qifm5p7xchrfjn6361vlxknolQ,rotational,31.0,"[[1, 7, 6, 5, 3], [2, 6, 7, 1]]",1.0,2.804,1,Fully intuitive/unconscious,Somewhat unclear,Hard,Unconfident,I tried remembering yesterday's pathways to try and figure how i would use it to my benefit in completing the task but found very challenging
Qifm5p7xchrfjn6361vlxknolQ,rotational,32.0,"[[3, 5, 6], [4, 1, 7, 0]]",1.0,4.131,0,Fully intuitive/unconscious,Somewhat unclear,Hard,Unconfident,I tried remembering yesterday's pathways to try and figure how i would use it to my benefit in completing the task but found very challenging
Qifm5p7xchrfjn6361vlxknolQ,rotational,33.0,"[[6, 7, 1, 4], [7, 6, 2]]",1.0,4.272,1,Fully intuitive/unconscious,Somewhat unclear,Hard,Unconfident,I tried remembering yesterday's pathways to try and figure how i would use it to my benefit in completing the task but found very challenging
Qifm5p7xchrfjn6361vlxknolQ,rotational,34.0,"[[1, 7, 0], [4, 1, 7, 6]]",1.0,4.333,0,Fully intuitive/unconscious,Somewhat unclear,Hard,Unconfident,I tried remembering yesterday's pathways to try and figure how i would use it to my benefit in completing the task but found very challenging
Qifm5p7xchrfjn6361vlxknolQ,rotational,35.0,"[[5, 6, 7, 1], [3, 5, 6]]",0.0,2.813,0,Fully intuitive/unconscious,Somewhat unclear,Hard,Unconfident,I tried remembering yesterday's pathways to try and figure how i would use it to my benefit in completing the task but found very challenging
Qifm5p7xchrfjn6361vlxknolQ,rotational,36.0,"[[5, 6, 2], [3, 5, 6, 7]]",0.0,11.952,1,Fully intuitive/unconscious,Somewhat unclear,Hard,Unconfident,I tried remembering yesterday's pathways to try and figure how i would use it to my benefit in completing the task but found very challenging
Qifm5p7xchrfjn6361vlxknolQ,rotational,37.0,"[[6, 7, 0], [4, 1, 7, 0]]",1.0,2.634,0,Fully intuitive/unconscious,Somewhat unclear,Hard,Unconfident,I tried remembering yesterday's pathways to try and figure how i would use it to my benefit in completing the task but found very challenging
Qifm5p7xchrfjn6361vlxknolQ,rotational,38.0,"[[6, 7, 1, 4], [5, 6, 7, 1, 4]]",0.0,3.611,1,Fully intuitive/unconscious,Somewhat unclear,Hard,Unconfident,I tried remembering yesterday's pathways to try and figure how i would use it to my benefit in completing the task but found very challenging
Qifm5p7xchrfjn6361vlxknolQ,rotational,39.0,"[[1, 7, 6, 2], [5, 6, 7]]",0.0,3.461,0,Fully intuitive/unconscious,Somewhat unclear,Hard,Unconfident,I tried remembering yesterday's pathways to try and figure how i would use it to my benefit in completing the task but found very challenging
Qifm5p7xchrfjn6361vlxknolQ,rotational,40.0,"[[1, 7, 0], [1, 7, 6, 2]]",0.0,82.878,1,Fully intuitive/unconscious,Somewhat unclear,Hard,Unconfident,I tried remembering yesterday's pathways to try and figure how i would use it to my benefit in completing the task but found very challenging
Qifm5p7xchrfjn6361vlxknolQ,rotational,41.0,"[[1, 7, 6], [5, 6, 7, 1]]",1.0,2.887,0,Fully intuitive/unconscious,Somewhat unclear,Hard,Unconfident,I tried remembering yesterday's pathways to try and figure how i would use it to my benefit in completing the task but found very challenging
Qifm5p7xchrfjn6361vlxknolQ,rotational,42.0,"[[1, 7, 0], [2, 6, 7, 1]]",1.0,2.983,0,Fully intuitive/unconscious,Somewhat unclear,Hard,Unconfident,I tried remembering yesterday's pathways to try and figure how i would use it to my benefit in completing the task but found very challenging
Qifm5p7xchrfjn6361vlxknolQ,rotational,43.0,"[[4, 1, 7, 6], [3, 5, 6]]",1.0,1.752,1,Fully intuitive/unconscious,Somewhat unclear,Hard,Unconfident,I tried remembering yesterday's pathways to try and figure how i would use it to my benefit in completing the task but found very challenging
Qifm5p7xchrfjn6361vlxknolQ,rotational,44.0,"[[5, 6, 7, 1], [7, 1, 4]]",0.0,1.368,0,Fully intuitive/unconscious,Somewhat unclear,Hard,Unconfident,I tried remembering yesterday's pathways to try and figure how i would use it to my benefit in completing the task but found very challenging
Qifm5p7xchrfjn6361vlxknolQ,rotational,45.0,"[[3, 5, 6, 7, 1], [1, 7, 6, 5]]",1.0,1.701,1,Fully intuitive/unconscious,Somewhat unclear,Hard,Unconfident,I tried remembering yesterday's pathways to try and figure how i would use it to my benefit in completing the task but found very challenging
Qifm5p7xchrfjn6361vlxknolQ,rotational,46.0,"[[3, 5, 6], [6, 7, 1, 4]]",0.0,4.037,1,Fully intuitive/unconscious,Somewhat unclear,Hard,Unconfident,I tried remembering yesterday's pathways to try and figure how i would use it to my benefit in completing the task but found very challenging
Qifm5p7xchrfjn6361vlxknolQ,rotational,47.0,"[[5, 6, 7], [6, 7, 1, 4]]",0.0,2.588,1,Fully intuitive/unconscious,Somewhat unclear,Hard,Unconfident,I tried remembering yesterday's pathways to try and figure how i would use it to my benefit in completing the task but found very challenging
Qifm5p7xchrfjn6361vlxknolQ,rotational,48.0,"[[4, 1, 7, 0], [2, 6, 7, 1, 4]]",1.0,2.266,0,Fully intuitive/unconscious,Somewhat unclear,Hard,Unconfident,I tried remembering yesterday's pathways to try and figure how i would use it to my benefit in completing the task but found very challenging
Qifm5p7xchrfjn6361vlxknolQ,rotational,49.0,"[[2, 6, 7], [1, 7, 6, 5]]",0.0,3.708,1,Fully intuitive/unconscious,Somewhat unclear,Hard,Unconfident,I tried remembering yesterday's pathways to try and figure how i would use it to my benefit in completing the task but found very challenging
Qifm5p7xchrfjn6361vlxknolQ,rotational,50.0,"[[7, 1, 4], [5, 6, 7, 0]]",0.0,3.973,1,Fully intuitive/unconscious,Somewhat unclear,Hard,Unconfident,I tried remembering yesterday's pathways to try and figure how i would use it to my benefit in completing the task but found very challenging
Qifm5p7xchrfjn6361vlxknolQ,rotational,51.0,"[[6, 7, 1, 4], [2, 6, 7]]",0.0,5.958,0,Fully intuitive/unconscious,Somewhat unclear,Hard,Unconfident,I tried remembering yesterday's pathways to try and figure how i would use it to my benefit in completing the task but found very challenging
Qifm5p7xchrfjn6361vlxknolQ,rotational,52.0,"[[7, 6, 5, 3], [2, 6, 7, 1, 4]]",0.0,1.394,1,Fully intuitive/unconscious,Somewhat unclear,Hard,Unconfident,I tried remembering yesterday's pathways to try and figure how i would use it to my benefit in completing the task but found very challenging
Qifm5p7xchrfjn6361vlxknolQ,rotational,53.0,"[[4, 1, 7, 0], [7, 6, 5]]",0.0,5.083,0,Fully intuitive/unconscious,Somewhat unclear,Hard,Unconfident,I tried remembering yesterday's pathways to try and figure how i would use it to my benefit in completing the task but found very challenging
Qifm5p7xchrfjn6361vlxknolQ,rotational,54.0,"[[1, 7, 6], [0, 7, 1, 4]]",1.0,1.406,0,Fully intuitive/unconscious,Somewhat unclear,Hard,Unconfident,I tried remembering yesterday's pathways to try and figure how i would use it to my benefit in completing the task but found very challenging
Qifm5p7xchrfjn6361vlxknolQ,rotational,55.0,"[[2, 6, 7, 0], [3, 5, 6, 7, 0]]",1.0,3.084,0,Fully intuitive/unconscious,Somewhat unclear,Hard,Unconfident,I tried remembering yesterday's pathways to try and figure how i would use it to my benefit in completing the task but found very challenging
Qifm5p7xchrfjn6361vlxknolQ,rotational,56.0,"[[2, 6, 7, 0], [7, 1, 4]]",1.0,2.289,1,Fully intuitive/unconscious,Somewhat unclear,Hard,Unconfident,I tried remembering yesterday's pathways to try and figure how i would use it to my benefit in completing the task but found very challenging
Qifm5p7xchrfjn6361vlxknolQ,rotational,57.0,"[[2, 6, 5, 3], [0, 7, 6]]",1.0,2.358,1,Fully intuitive/unconscious,Somewhat unclear,Hard,Unconfident,I tried remembering yesterday's pathways to try and figure how i would use it to my benefit in completing the task but found very challenging
Qifm5p7xchrfjn6361vlxknolQ,rotational,58.0,"[[5, 6, 7, 0], [4, 1, 7, 6, 2]]",1.0,1.96,0,Fully intuitive/unconscious,Somewhat unclear,Hard,Unconfident,I tried remembering yesterday's pathways to try and figure how i would use it to my benefit in completing the task but found very challenging
Qifm5p7xchrfjn6361vlxknolQ,rotational,59.0,"[[0, 7, 1], [5, 6, 7, 1]]",0.0,1.389,1,Fully intuitive/unconscious,Somewhat unclear,Hard,Unconfident,I tried remembering yesterday's pathways to try and figure how i would use it to my benefit in completing the task but found very challenging
Qifm5p7xchrfjn6361vlxknolQ,rotational,60.0,"[[4, 1, 7], [2, 6, 5, 3]]",1.0,2.98,0,Fully intuitive/unconscious,Somewhat unclear,Hard,Unconfident,I tried remembering yesterday's pathways to try and figure how i would use it to my benefit in completing the task but found very challenging
Qifm5p7xchrfjn6361vlxknolQ,rotational,61.0,"[[2, 6, 7, 1, 4], [3, 5, 6, 2]]",0.0,4.946,0,Fully intuitive/unconscious,Somewhat unclear,Hard,Unconfident,I tried remembering yesterday's pathways to try and figure how i would use it to my benefit in completing the task but found very challenging
Qifm5p7xchrfjn6361vlxknolQ,rotational,62.0,"[[5, 6, 2], [1, 7, 6, 5]]",0.0,3.152,1,Fully intuitive/unconscious,Somewhat unclear,Hard,Unconfident,I tried remembering yesterday's pathways to try and figure how i would use it to my benefit in completing the task but found very challenging
Qifm5p7xchrfjn6361vlxknolQ,rotational,63.0,"[[2, 6, 7, 0], [3, 5, 6]]",1.0,105.815,1,Fully intuitive/unconscious,Somewhat unclear,Hard,Unconfident,I tried remembering yesterday's pathways to try and figure how i would use it to my benefit in completing the task but found very challenging
Qifm5p7xchrfjn6361vlxknolQ,rotational,64.0,"[[0, 7, 6], [5, 6, 7, 0]]",0.0,4.481,1,Fully intuitive/unconscious,Somewhat unclear,Hard,Unconfident,I tried remembering yesterday's pathways to try and figure how i would use it to my benefit in completing the task but found very challenging
Qjivy7srvt2vdewcc2g55u0ygQ,rotational,0.0,"[[0, 7, 6, 5, 3], [6, 7, 1, 4]]",1.0,10.641,1,Fully conscious/deliberative,Fully clear,Quite hard,Rather confident,"I tried to remember from the task I did yesterday even though it was not easy for me, but I feel like I gave it my best shot."
Qjivy7srvt2vdewcc2g55u0ygQ,rotational,1.0,"[[3, 5, 6], [2, 6, 7, 0]]",0.0,11.643,1,Fully conscious/deliberative,Fully clear,Quite hard,Rather confident,"I tried to remember from the task I did yesterday even though it was not easy for me, but I feel like I gave it my best shot."
Qjivy7srvt2vdewcc2g55u0ygQ,rotational,2.0,"[[1, 7, 6, 5, 3], [2, 6, 5, 3]]",1.0,4.102,1,Fully conscious/deliberative,Fully clear,Quite hard,Rather confident,"I tried to remember from the task I did yesterday even though it was not easy for me, but I feel like I gave it my best shot."
Qjivy7srvt2vdewcc2g55u0ygQ,rotational,3.0,"[[4, 1, 7, 6, 2], [7, 6, 5, 3]]",1.0,6.075,1,Fully conscious/deliberative,Fully clear,Quite hard,Rather confident,"I tried to remember from the task I did yesterday even though it was not easy for me, but I feel like I gave it my best shot."
Qjivy7srvt2vdewcc2g55u0ygQ,rotational,4.0,"[[2, 6, 5, 3], [6, 7, 0]]",0.0,5.436,0,Fully conscious/deliberative,Fully clear,Quite hard,Rather confident,"I tried to remember from the task I did yesterday even though it was not easy for me, but I feel like I gave it my best shot."
Qjivy7srvt2vdewcc2g55u0ygQ,rotational,5.0,"[[1, 7, 6], [0, 7, 6, 5]]",0.0,5.024,1,Fully conscious/deliberative,Fully clear,Quite hard,Rather confident,"I tried to remember from the task I did yesterday even though it was not easy for me, but I feel like I gave it my best shot."
Qjivy7srvt2vdewcc2g55u0ygQ,rotational,6.0,"[[0, 7, 1, 4], [2, 6, 7]]",1.0,6.224,1,Fully conscious/deliberative,Fully clear,Quite hard,Rather confident,"I tried to remember from the task I did yesterday even though it was not easy for me, but I feel like I gave it my best shot."
Qjivy7srvt2vdewcc2g55u0ygQ,rotational,7.0,"[[3, 5, 6], [5, 6, 7, 1]]",0.0,3.741,1,Fully conscious/deliberative,Fully clear,Quite hard,Rather confident,"I tried to remember from the task I did yesterday even though it was not easy for me, but I feel like I gave it my best shot."
Qjivy7srvt2vdewcc2g55u0ygQ,rotational,8.0,"[[4, 1, 7], [1, 7, 6, 5]]",0.0,3.074,1,Fully conscious/deliberative,Fully clear,Quite hard,Rather confident,"I tried to remember from the task I did yesterday even though it was not easy for me, but I feel like I gave it my best shot."
Qjivy7srvt2vdewcc2g55u0ygQ,rotational,9.0,"[[3, 5, 6], [2, 6, 7, 1]]",0.0,3.146,1,Fully conscious/deliberative,Fully clear,Quite hard,Rather confident,"I tried to remember from the task I did yesterday even though it was not easy for me, but I feel like I gave it my best shot."
Qjivy7srvt2vdewcc2g55u0ygQ,rotational,10.0,"[[6, 7, 1, 4], [5, 6, 7]]",1.0,10.178,1,Fully conscious/deliberative,Fully clear,Quite hard,Rather confident,"I tried to remember from the task I did yesterday even though it was not easy for me, but I feel like I gave it my best shot."
Qjivy7srvt2vdewcc2g55u0ygQ,rotational,11.0,"[[2, 6, 5], [7, 6, 5, 3]]",1.0,4.517,0,Fully conscious/deliberative,Fully clear,Quite hard,Rather confident,"I tried to remember from the task I did yesterday even though it was not easy for me, but I feel like I gave it my best shot."
Qjivy7srvt2vdewcc2g55u0ygQ,rotational,12.0,"[[1, 7, 6, 2], [0, 7, 6, 5, 3]]",1.0,2.742,0,Fully conscious/deliberative,Fully clear,Quite hard,Rather confident,"I tried to remember from the task I did yesterday even though it was not easy for me, but I feel like I gave it my best shot."
Qjivy7srvt2vdewcc2g55u0ygQ,rotational,13.0,"[[6, 7, 1, 4], [4, 1, 7, 6, 5]]",0.0,6.442,1,Fully conscious/deliberative,Fully clear,Quite hard,Rather confident,"I tried to remember from the task I did yesterday even though it was not easy for me, but I feel like I gave it my best shot."
Qjivy7srvt2vdewcc2g55u0ygQ,rotational,14.0,"[[1, 7, 6], [1, 7, 6, 2]]",0.0,3.381,1,Fully conscious/deliberative,Fully clear,Quite hard,Rather confident,"I tried to remember from the task I did yesterday even though it was not easy for me, but I feel like I gave it my best shot."
Qjivy7srvt2vdewcc2g55u0ygQ,rotational,15.0,"[[5, 6, 2], [0, 7, 6, 5]]",1.0,2.558,0,Fully conscious/deliberative,Fully clear,Quite hard,Rather confident,"I tried to remember from the task I did yesterday even though it was not easy for me, but I feel like I gave it my best shot."
Qjivy7srvt2vdewcc2g55u0ygQ,rotational,16.0,"[[1, 7, 6, 2], [7, 1, 4]]",0.0,4.92,0,Fully conscious/deliberative,Fully clear,Quite hard,Rather confident,"I tried to remember from the task I did yesterday even though it was not easy for me, but I feel like I gave it my best shot."
Qjivy7srvt2vdewcc2g55u0ygQ,rotational,17.0,"[[5, 6, 2], [5, 6, 7, 1]]",0.0,2.923,1,Fully conscious/deliberative,Fully clear,Quite hard,Rather confident,"I tried to remember from the task I did yesterday even though it was not easy for me, but I feel like I gave it my best shot."
Qjivy7srvt2vdewcc2g55u0ygQ,rotational,18.0,"[[4, 1, 7, 6, 5], [3, 5, 6, 7]]",0.0,4.892,0,Fully conscious/deliberative,Fully clear,Quite hard,Rather confident,"I tried to remember from the task I did yesterday even though it was not easy for me, but I feel like I gave it my best shot."
Qjivy7srvt2vdewcc2g55u0ygQ,rotational,19.0,"[[6, 7, 1, 4], [5, 6, 2]]",1.0,3.69,1,Fully conscious/deliberative,Fully clear,Quite hard,Rather confident,"I tried to remember from the task I did yesterday even though it was not easy for me, but I feel like I gave it my best shot."
Qjivy7srvt2vdewcc2g55u0ygQ,rotational,20.0,"[[1, 7, 6, 5], [3, 5, 6, 7, 1]]",1.0,3.093,0,Fully conscious/deliberative,Fully clear,Quite hard,Rather confident,"I tried to remember from the task I did yesterday even though it was not easy for me, but I feel like I gave it my best shot."
Qjivy7srvt2vdewcc2g55u0ygQ,rotational,21.0,"[[4, 1, 7], [1, 7, 6, 2]]",0.0,2.343,1,Fully conscious/deliberative,Fully clear,Quite hard,Rather confident,"I tried to remember from the task I did yesterday even though it was not easy for me, but I feel like I gave it my best shot."
Qjivy7srvt2vdewcc2g55u0ygQ,rotational,22.0,"[[5, 6, 7], [4, 1, 7, 0]]",1.0,2.484,0,Fully conscious/deliberative,Fully clear,Quite hard,Rather confident,"I tried to remember from the task I did yesterday even though it was not easy for me, but I feel like I gave it my best shot."
Qjivy7srvt2vdewcc2g55u0ygQ,rotational,23.0,"[[4, 1, 7, 6, 2], [0, 7, 1, 4]]",0.0,2.471,0,Fully conscious/deliberative,Fully clear,Quite hard,Rather confident,"I tried to remember from the task I did yesterday even though it was not easy for me, but I feel like I gave it my best shot."
Qjivy7srvt2vdewcc2g55u0ygQ,rotational,24.0,"[[4, 1, 7, 6, 5, 3], [4, 1, 7, 6, 2]]",1.0,3.49,1,Fully conscious/deliberative,Fully clear,Quite hard,Rather confident,"I tried to remember from the task I did yesterday even though it was not easy for me, but I feel like I gave it my best shot."
Qjivy7srvt2vdewcc2g55u0ygQ,rotational,25.0,"[[7, 6, 2], [5, 6, 7, 1]]",0.0,1.913,1,Fully conscious/deliberative,Fully clear,Quite hard,Rather confident,"I tried to remember from the task I did yesterday even though it was not easy for me, but I feel like I gave it my best shot."
Qjivy7srvt2vdewcc2g55u0ygQ,rotational,26.0,"[[0, 7, 1], [2, 6, 7, 1]]",0.0,2.444,1,Fully conscious/deliberative,Fully clear,Quite hard,Rather confident,"I tried to remember from the task I did yesterday even though it was not easy for me, but I feel like I gave it my best shot."
Qjivy7srvt2vdewcc2g55u0ygQ,rotational,27.0,"[[2, 6, 7, 1], [5, 6, 7]]",1.0,4.693,1,Fully conscious/deliberative,Fully clear,Quite hard,Rather confident,"I tried to remember from the task I did yesterday even though it was not easy for me, but I feel like I gave it my best shot."
Qjivy7srvt2vdewcc2g55u0ygQ,rotational,28.0,"[[6, 7, 1, 4], [2, 6, 7]]",0.0,4.124,0,Fully conscious/deliberative,Fully clear,Quite hard,Rather confident,"I tried to remember from the task I did yesterday even though it was not easy for me, but I feel like I gave it my best shot."
Qjivy7srvt2vdewcc2g55u0ygQ,rotational,29.0,"[[5, 6, 7, 0], [4, 1, 7]]",1.0,3.875,1,Fully conscious/deliberative,Fully clear,Quite hard,Rather confident,"I tried to remember from the task I did yesterday even though it was not easy for me, but I feel like I gave it my best shot."
Qjivy7srvt2vdewcc2g55u0ygQ,rotational,30.0,"[[0, 7, 6], [4, 1, 7, 0]]",1.0,74.132,0,Fully conscious/deliberative,Fully clear,Quite hard,Rather confident,"I tried to remember from the task I did yesterday even though it was not easy for me, but I feel like I gave it my best shot."
Qjivy7srvt2vdewcc2g55u0ygQ,rotational,31.0,"[[0, 7, 1], [2, 6, 7, 1]]",0.0,2.102,1,Fully conscious/deliberative,Fully clear,Quite hard,Rather confident,"I tried to remember from the task I did yesterday even though it was not easy for me, but I feel like I gave it my best shot."
Qjivy7srvt2vdewcc2g55u0ygQ,rotational,32.0,"[[4, 1, 7, 6], [3, 5, 6]]",0.0,7.628,0,Fully conscious/deliberative,Fully clear,Quite hard,Rather confident,"I tried to remember from the task I did yesterday even though it was not easy for me, but I feel like I gave it my best shot."
Qjivy7srvt2vdewcc2g55u0ygQ,rotational,33.0,"[[7, 6, 2], [6, 7, 1, 4]]",1.0,42.876,0,Fully conscious/deliberative,Fully clear,Quite hard,Rather confident,"I tried to remember from the task I did yesterday even though it was not easy for me, but I feel like I gave it my best shot."
Qjivy7srvt2vdewcc2g55u0ygQ,rotational,34.0,"[[2, 6, 5, 3], [7, 6, 5]]",0.0,2.017,0,Fully conscious/deliberative,Fully clear,Quite hard,Rather confident,"I tried to remember from the task I did yesterday even though it was not easy for me, but I feel like I gave it my best shot."
Qjivy7srvt2vdewcc2g55u0ygQ,rotational,35.0,"[[3, 5, 6, 7], [4, 1, 7, 6, 5]]",1.0,3.43,0,Fully conscious/deliberative,Fully clear,Quite hard,Rather confident,"I tried to remember from the task I did yesterday even though it was not easy for me, but I feel like I gave it my best shot."
Qjivy7srvt2vdewcc2g55u0ygQ,rotational,36.0,"[[2, 6, 5, 3], [2, 6, 7, 1, 4]]",0.0,2.345,1,Fully conscious/deliberative,Fully clear,Quite hard,Rather confident,"I tried to remember from the task I did yesterday even though it was not easy for me, but I feel like I gave it my best shot."
Qjivy7srvt2vdewcc2g55u0ygQ,rotational,37.0,"[[1, 7, 6, 2], [2, 6, 7]]",0.0,31.924,0,Fully conscious/deliberative,Fully clear,Quite hard,Rather confident,"I tried to remember from the task I did yesterday even though it was not easy for me, but I feel like I gave it my best shot."
Qjivy7srvt2vdewcc2g55u0ygQ,rotational,38.0,"[[6, 7, 1], [0, 7, 1, 4]]",1.0,5.922,0,Fully conscious/deliberative,Fully clear,Quite hard,Rather confident,"I tried to remember from the task I did yesterday even though it was not easy for me, but I feel like I gave it my best shot."
Qjivy7srvt2vdewcc2g55u0ygQ,rotational,39.0,"[[4, 1, 7], [2, 6, 5, 3]]",0.0,1.629,1,Fully conscious/deliberative,Fully clear,Quite hard,Rather confident,"I tried to remember from the task I did yesterday even though it was not easy for me, but I feel like I gave it my best shot."
Qjivy7srvt2vdewcc2g55u0ygQ,rotational,40.0,"[[2, 6, 7, 1], [2, 6, 5]]",1.0,1.858,1,Fully conscious/deliberative,Fully clear,Quite hard,Rather confident,"I tried to remember from the task I did yesterday even though it was not easy for me, but I feel like I gave it my best shot."
Qjivy7srvt2vdewcc2g55u0ygQ,rotational,41.0,"[[7, 6, 5, 3], [7, 6, 2]]",1.0,4.015,1,Fully conscious/deliberative,Fully clear,Quite hard,Rather confident,"I tried to remember from the task I did yesterday even though it was not easy for me, but I feel like I gave it my best shot."
Qjivy7srvt2vdewcc2g55u0ygQ,rotational,42.0,"[[0, 7, 1], [1, 7, 6, 5]]",0.0,1.57,1,Fully conscious/deliberative,Fully clear,Quite hard,Rather confident,"I tried to remember from the task I did yesterday even though it was not easy for me, but I feel like I gave it my best shot."
Qjivy7srvt2vdewcc2g55u0ygQ,rotational,43.0,"[[3, 5, 6], [4, 1, 7, 0]]",1.0,2.278,0,Fully conscious/deliberative,Fully clear,Quite hard,Rather confident,"I tried to remember from the task I did yesterday even though it was not easy for me, but I feel like I gave it my best shot."
Qjivy7srvt2vdewcc2g55u0ygQ,rotational,44.0,"[[0, 7, 6], [5, 6, 7, 0]]",0.0,2.911,1,Fully conscious/deliberative,Fully clear,Quite hard,Rather confident,"I tried to remember from the task I did yesterday even though it was not easy for me, but I feel like I gave it my best shot."
Qjivy7srvt2vdewcc2g55u0ygQ,rotational,45.0,"[[5, 6, 2], [0, 7, 1, 4]]",1.0,2.843,0,Fully conscious/deliberative,Fully clear,Quite hard,Rather confident,"I tried to remember from the task I did yesterday even though it was not easy for me, but I feel like I gave it my best shot."
Qjivy7srvt2vdewcc2g55u0ygQ,rotational,46.0,"[[7, 6, 2], [4, 1, 7, 0]]",1.0,5.216,0,Fully conscious/deliberative,Fully clear,Quite hard,Rather confident,"I tried to remember from the task I did yesterday even though it was not easy for me, but I feel like I gave it my best shot."
Qjivy7srvt2vdewcc2g55u0ygQ,rotational,47.0,"[[4, 1, 7, 6, 2], [5, 6, 7, 0]]",0.0,2.034,0,Fully conscious/deliberative,Fully clear,Quite hard,Rather confident,"I tried to remember from the task I did yesterday even though it was not easy for me, but I feel like I gave it my best shot."
Qjivy7srvt2vdewcc2g55u0ygQ,rotational,48.0,"[[3, 5, 6, 7, 1], [1, 7, 6, 2]]",1.0,1.751,1,Fully conscious/deliberative,Fully clear,Quite hard,Rather confident,"I tried to remember from the task I did yesterday even though it was not easy for me, but I feel like I gave it my best shot."
Qjivy7srvt2vdewcc2g55u0ygQ,rotational,49.0,"[[4, 1, 7, 6, 5], [0, 7, 1, 4]]",0.0,10.681,0,Fully conscious/deliberative,Fully clear,Quite hard,Rather confident,"I tried to remember from the task I did yesterday even though it was not easy for me, but I feel like I gave it my best shot."
Qjivy7srvt2vdewcc2g55u0ygQ,rotational,50.0,"[[1, 7, 0], [0, 7, 6, 2]]",0.0,2.055,1,Fully conscious/deliberative,Fully clear,Quite hard,Rather confident,"I tried to remember from the task I did yesterday even though it was not easy for me, but I feel like I gave it my best shot."
Qjivy7srvt2vdewcc2g55u0ygQ,rotational,51.0,"[[5, 6, 7, 0], [1, 7, 0]]",0.0,3.283,0,Fully conscious/deliberative,Fully clear,Quite hard,Rather confident,"I tried to remember from the task I did yesterday even though it was not easy for me, but I feel like I gave it my best shot."
Qjivy7srvt2vdewcc2g55u0ygQ,rotational,52.0,"[[6, 7, 1, 4], [0, 7, 1]]",0.0,2.957,0,Fully conscious/deliberative,Fully clear,Quite hard,Rather confident,"I tried to remember from the task I did yesterday even though it was not easy for me, but I feel like I gave it my best shot."
Qjivy7srvt2vdewcc2g55u0ygQ,rotational,53.0,"[[6, 7, 1, 4], [1, 7, 6, 5, 3]]",1.0,6.394,0,Fully conscious/deliberative,Fully clear,Quite hard,Rather confident,"I tried to remember from the task I did yesterday even though it was not easy for me, but I feel like I gave it my best shot."
Qjivy7srvt2vdewcc2g55u0ygQ,rotational,54.0,"[[3, 5, 6, 2], [0, 7, 1]]",0.0,1.758,0,Fully conscious/deliberative,Fully clear,Quite hard,Rather confident,"I tried to remember from the task I did yesterday even though it was not easy for me, but I feel like I gave it my best shot."
Qjivy7srvt2vdewcc2g55u0ygQ,rotational,55.0,"[[5, 6, 2], [3, 5, 6, 2]]",1.0,3.741,0,Fully conscious/deliberative,Fully clear,Quite hard,Rather confident,"I tried to remember from the task I did yesterday even though it was not easy for me, but I feel like I gave it my best shot."
Qjivy7srvt2vdewcc2g55u0ygQ,rotational,56.0,"[[0, 7, 6, 5, 3], [2, 6, 7, 0]]",1.0,2.514,1,Fully conscious/deliberative,Fully clear,Quite hard,Rather confident,"I tried to remember from the task I did yesterday even though it was not easy for me, but I feel like I gave it my best shot."
Qjivy7srvt2vdewcc2g55u0ygQ,rotational,57.0,"[[5, 6, 7, 0], [7, 6, 5]]",0.0,5.037,0,Fully conscious/deliberative,Fully clear,Quite hard,Rather confident,"I tried to remember from the task I did yesterday even though it was not easy for me, but I feel like I gave it my best shot."
Qjivy7srvt2vdewcc2g55u0ygQ,rotational,58.0,"[[5, 6, 7, 1], [4, 1, 7]]",0.0,1.823,0,Fully conscious/deliberative,Fully clear,Quite hard,Rather confident,"I tried to remember from the task I did yesterday even though it was not easy for me, but I feel like I gave it my best shot."
Qjivy7srvt2vdewcc2g55u0ygQ,rotational,59.0,"[[6, 7, 1], [2, 6, 5, 3]]",0.0,1.794,1,Fully conscious/deliberative,Fully clear,Quite hard,Rather confident,"I tried to remember from the task I did yesterday even though it was not easy for me, but I feel like I gave it my best shot."
Qjivy7srvt2vdewcc2g55u0ygQ,rotational,60.0,"[[1, 7, 6, 5], [6, 7, 1]]",0.0,4.692,0,Fully conscious/deliberative,Fully clear,Quite hard,Rather confident,"I tried to remember from the task I did yesterday even though it was not easy for me, but I feel like I gave it my best shot."
Qjivy7srvt2vdewcc2g55u0ygQ,rotational,61.0,"[[5, 6, 7, 1], [5, 6, 7]]",0.0,2.616,0,Fully conscious/deliberative,Fully clear,Quite hard,Rather confident,"I tried to remember from the task I did yesterday even though it was not easy for me, but I feel like I gave it my best shot."
Qjivy7srvt2vdewcc2g55u0ygQ,rotational,62.0,"[[4, 1, 7], [2, 6, 7, 0]]",1.0,3.105,0,Fully conscious/deliberative,Fully clear,Quite hard,Rather confident,"I tried to remember from the task I did yesterday even though it was not easy for me, but I feel like I gave it my best shot."
Qjivy7srvt2vdewcc2g55u0ygQ,rotational,63.0,"[[6, 5, 3], [4, 1, 7, 6]]",1.0,2.423,0,Fully conscious/deliberative,Fully clear,Quite hard,Rather confident,"I tried to remember from the task I did yesterday even though it was not easy for me, but I feel like I gave it my best shot."
Qjivy7srvt2vdewcc2g55u0ygQ,rotational,64.0,"[[0, 7, 6, 2], [7, 6, 5]]",1.0,2.63,1,Fully conscious/deliberative,Fully clear,Quite hard,Rather confident,"I tried to remember from the task I did yesterday even though it was not easy for me, but I feel like I gave it my best shot."
Qlqt4873b1ffs6w6rj4wkg3t5Q,rotational,0.0,"[[4, 1, 7, 6], [5, 6, 7]]",1.0,23.473,1,Fully conscious/deliberative,Somewhat clear,Quite hard,Rather unconfident,yellow and yellow it require the be to travel long and yellow it took the bee to travel long. blue and blue it took the be to travel long. the rest of the color it too time for the be to travel. all color to colors we known pairs except for light blue to purple and blue and red.
Qlqt4873b1ffs6w6rj4wkg3t5Q,rotational,1.0,"[[3, 5, 6, 2], [1, 7, 6]]",0.0,32.617,0,Fully conscious/deliberative,Somewhat clear,Quite hard,Rather unconfident,yellow and yellow it require the be to travel long and yellow it took the bee to travel long. blue and blue it took the be to travel long. the rest of the color it too time for the be to travel. all color to colors we known pairs except for light blue to purple and blue and red.
Qlqt4873b1ffs6w6rj4wkg3t5Q,rotational,2.0,"[[4, 1, 7, 6], [4, 1, 7, 6, 5]]",1.0,55.663,0,Fully conscious/deliberative,Somewhat clear,Quite hard,Rather unconfident,yellow and yellow it require the be to travel long and yellow it took the bee to travel long. blue and blue it took the be to travel long. the rest of the color it too time for the be to travel. all color to colors we known pairs except for light blue to purple and blue and red.
Qlqt4873b1ffs6w6rj4wkg3t5Q,rotational,3.0,"[[4, 1, 7, 0], [7, 6, 5]]",1.0,27.605,1,Fully conscious/deliberative,Somewhat clear,Quite hard,Rather unconfident,yellow and yellow it require the be to travel long and yellow it took the bee to travel long. blue and blue it took the be to travel long. the rest of the color it too time for the be to travel. all color to colors we known pairs except for light blue to purple and blue and red.
Qlqt4873b1ffs6w6rj4wkg3t5Q,rotational,4.0,"[[5, 6, 7, 1], [5, 6, 2]]",1.0,21.457,1,Fully conscious/deliberative,Somewhat clear,Quite hard,Rather unconfident,yellow and yellow it require the be to travel long and yellow it took the bee to travel long. blue and blue it took the be to travel long. the rest of the color it too time for the be to travel. all color to colors we known pairs except for light blue to purple and blue and red.
Qlqt4873b1ffs6w6rj4wkg3t5Q,rotational,5.0,"[[6, 7, 1, 4], [6, 5, 3]]",0.0,17.699,0,Fully conscious/deliberative,Somewhat clear,Quite hard,Rather unconfident,yellow and yellow it require the be to travel long and yellow it took the bee to travel long. blue and blue it took the be to travel long. the rest of the color it too time for the be to travel. all color to colors we known pairs except for light blue to purple and blue and red.
Qlqt4873b1ffs6w6rj4wkg3t5Q,rotational,6.0,"[[0, 7, 1], [0, 7, 6, 5]]",0.0,10.118,1,Fully conscious/deliberative,Somewhat clear,Quite hard,Rather unconfident,yellow and yellow it require the be to travel long and yellow it took the bee to travel long. blue and blue it took the be to travel long. the rest of the color it too time for the be to travel. all color to colors we known pairs except for light blue to purple and blue and red.
Qlqt4873b1ffs6w6rj4wkg3t5Q,rotational,7.0,"[[2, 6, 5], [0, 7, 6, 5]]",1.0,2.095,0,Fully conscious/deliberative,Somewhat clear,Quite hard,Rather unconfident,yellow and yellow it require the be to travel long and yellow it took the bee to travel long. blue and blue it took the be to travel long. the rest of the color it too time for the be to travel. all color to colors we known pairs except for light blue to purple and blue and red.
Qlqt4873b1ffs6w6rj4wkg3t5Q,rotational,8.0,"[[1, 7, 6, 5], [1, 7, 6]]",0.0,2.115,0,Fully conscious/deliberative,Somewhat clear,Quite hard,Rather unconfident,yellow and yellow it require the be to travel long and yellow it took the bee to travel long. blue and blue it took the be to travel long. the rest of the color it too time for the be to travel. all color to colors we known pairs except for light blue to purple and blue and red.
Qlqt4873b1ffs6w6rj4wkg3t5Q,rotational,9.0,"[[2, 6, 7, 0], [0, 7, 1]]",0.0,35.185,0,Fully conscious/deliberative,Somewhat clear,Quite hard,Rather unconfident,yellow and yellow it require the be to travel long and yellow it took the bee to travel long. blue and blue it took the be to travel long. the rest of the color it too time for the be to travel. all color to colors we known pairs except for light blue to purple and blue and red.
Qlqt4873b1ffs6w6rj4wkg3t5Q,rotational,10.0,"[[5, 6, 7, 1, 4], [3, 5, 6, 7]]",1.0,37.546,1,Fully conscious/deliberative,Somewhat clear,Quite hard,Rather unconfident,yellow and yellow it require the be to travel long and yellow it took the bee to travel long. blue and blue it took the be to travel long. the rest of the color it too time for the be to travel. all color to colors we known pairs except for light blue to purple and blue and red.
Qlqt4873b1ffs6w6rj4wkg3t5Q,rotational,11.0,"[[0, 7, 6, 2], [0, 7, 6, 5, 3]]",0.0,5.47,1,Fully conscious/deliberative,Somewhat clear,Quite hard,Rather unconfident,yellow and yellow it require the be to travel long and yellow it took the bee to travel long. blue and blue it took the be to travel long. the rest of the color it too time for the be to travel. all color to colors we known pairs except for light blue to purple and blue and red.
Qlqt4873b1ffs6w6rj4wkg3t5Q,rotational,12.0,"[[3, 5, 6, 7, 1, 4], [2, 6, 7, 1, 4]]",1.0,30.479,1,Fully conscious/deliberative,Somewhat clear,Quite hard,Rather unconfident,yellow and yellow it require the be to travel long and yellow it took the bee to travel long. blue and blue it took the be to travel long. the rest of the color it too time for the be to travel. all color to colors we known pairs except for light blue to purple and blue and red.
Qlqt4873b1ffs6w6rj4wkg3t5Q,rotational,13.0,"[[7, 6, 2], [7, 6, 5, 3]]",1.0,5.89,0,Fully conscious/deliberative,Somewhat clear,Quite hard,Rather unconfident,yellow and yellow it require the be to travel long and yellow it took the bee to travel long. blue and blue it took the be to travel long. the rest of the color it too time for the be to travel. all color to colors we known pairs except for light blue to purple and blue and red.
Qlqt4873b1ffs6w6rj4wkg3t5Q,rotational,14.0,"[[5, 6, 7, 0], [6, 7, 0]]",0.0,3.78,0,Fully conscious/deliberative,Somewhat clear,Quite hard,Rather unconfident,yellow and yellow it require the be to travel long and yellow it took the bee to travel long. blue and blue it took the be to travel long. the rest of the color it too time for the be to travel. all color to colors we known pairs except for light blue to purple and blue and red.
Qlqt4873b1ffs6w6rj4wkg3t5Q,rotational,15.0,"[[2, 6, 7], [4, 1, 7, 0]]",1.0,2.683,0,Fully conscious/deliberative,Somewhat clear,Quite hard,Rather unconfident,yellow and yellow it require the be to travel long and yellow it took the bee to travel long. blue and blue it took the be to travel long. the rest of the color it too time for the be to travel. all color to colors we known pairs except for light blue to purple and blue and red.
Qlqt4873b1ffs6w6rj4wkg3t5Q,rotational,16.0,"[[5, 6, 7, 0], [6, 7, 1]]",1.0,3.975,1,Fully conscious/deliberative,Somewhat clear,Quite hard,Rather unconfident,yellow and yellow it require the be to travel long and yellow it took the bee to travel long. blue and blue it took the be to travel long. the rest of the color it too time for the be to travel. all color to colors we known pairs except for light blue to purple and blue and red.
Qlqt4873b1ffs6w6rj4wkg3t5Q,rotational,17.0,"[[5, 6, 2], [6, 7, 1, 4]]",1.0,1.93,0,Fully conscious/deliberative,Somewhat clear,Quite hard,Rather unconfident,yellow and yellow it require the be to travel long and yellow it took the bee to travel long. blue and blue it took the be to travel long. the rest of the color it too time for the be to travel. all color to colors we known pairs except for light blue to purple and blue and red.
Qlqt4873b1ffs6w6rj4wkg3t5Q,rotational,18.0,"[[4, 1, 7, 6, 2], [0, 7, 6, 5]]",0.0,3.379,0,Fully conscious/deliberative,Somewhat clear,Quite hard,Rather unconfident,yellow and yellow it require the be to travel long and yellow it took the bee to travel long. blue and blue it took the be to travel long. the rest of the color it too time for the be to travel. all color to colors we known pairs except for light blue to purple and blue and red.
Qlqt4873b1ffs6w6rj4wkg3t5Q,rotational,19.0,"[[6, 7, 1, 4], [6, 5, 3]]",1.0,3.057,1,Fully conscious/deliberative,Somewhat clear,Quite hard,Rather unconfident,yellow and yellow it require the be to travel long and yellow it took the bee to travel long. blue and blue it took the be to travel long. the rest of the color it too time for the be to travel. all color to colors we known pairs except for light blue to purple and blue and red.
Qlqt4873b1ffs6w6rj4wkg3t5Q,rotational,20.0,"[[2, 6, 7, 1], [1, 7, 6, 5, 3]]",0.0,4.403,1,Fully conscious/deliberative,Somewhat clear,Quite hard,Rather unconfident,yellow and yellow it require the be to travel long and yellow it took the bee to travel long. blue and blue it took the be to travel long. the rest of the color it too time for the be to travel. all color to colors we known pairs except for light blue to purple and blue and red.
Qlqt4873b1ffs6w6rj4wkg3t5Q,rotational,21.0,"[[4, 1, 7, 6], [3, 5, 6, 7, 0]]",1.0,2.551,0,Fully conscious/deliberative,Somewhat clear,Quite hard,Rather unconfident,yellow and yellow it require the be to travel long and yellow it took the bee to travel long. blue and blue it took the be to travel long. the rest of the color it too time for the be to travel. all color to colors we known pairs except for light blue to purple and blue and red.
Qlqt4873b1ffs6w6rj4wkg3t5Q,rotational,22.0,"[[5, 6, 7], [2, 6, 7, 0]]",1.0,1.827,0,Fully conscious/deliberative,Somewhat clear,Quite hard,Rather unconfident,yellow and yellow it require the be to travel long and yellow it took the bee to travel long. blue and blue it took the be to travel long. the rest of the color it too time for the be to travel. all color to colors we known pairs except for light blue to purple and blue and red.
Qlqt4873b1ffs6w6rj4wkg3t5Q,rotational,23.0,"[[5, 6, 7, 1], [7, 1, 4]]",0.0,2.798,0,Fully conscious/deliberative,Somewhat clear,Quite hard,Rather unconfident,yellow and yellow it require the be to travel long and yellow it took the bee to travel long. blue and blue it took the be to travel long. the rest of the color it too time for the be to travel. all color to colors we known pairs except for light blue to purple and blue and red.
Qlqt4873b1ffs6w6rj4wkg3t5Q,rotational,24.0,"[[7, 6, 2], [1, 7, 6, 2]]",1.0,1.919,0,Fully conscious/deliberative,Somewhat clear,Quite hard,Rather unconfident,yellow and yellow it require the be to travel long and yellow it took the bee to travel long. blue and blue it took the be to travel long. the rest of the color it too time for the be to travel. all color to colors we known pairs except for light blue to purple and blue and red.
Qlqt4873b1ffs6w6rj4wkg3t5Q,rotational,25.0,"[[5, 6, 7, 0], [7, 6, 5]]",0.0,21.365,0,Fully conscious/deliberative,Somewhat clear,Quite hard,Rather unconfident,yellow and yellow it require the be to travel long and yellow it took the bee to travel long. blue and blue it took the be to travel long. the rest of the color it too time for the be to travel. all color to colors we known pairs except for light blue to purple and blue and red.
Qlqt4873b1ffs6w6rj4wkg3t5Q,rotational,26.0,"[[1, 7, 6], [1, 7, 6, 2]]",0.0,22.353,1,Fully conscious/deliberative,Somewhat clear,Quite hard,Rather unconfident,yellow and yellow it require the be to travel long and yellow it took the bee to travel long. blue and blue it took the be to travel long. the rest of the color it too time for the be to travel. all color to colors we known pairs except for light blue to purple and blue and red.
Qlqt4873b1ffs6w6rj4wkg3t5Q,rotational,27.0,"[[7, 6, 5], [5, 6, 7, 1]]",1.0,8.276,0,Fully conscious/deliberative,Somewhat clear,Quite hard,Rather unconfident,yellow and yellow it require the be to travel long and yellow it took the bee to travel long. blue and blue it took the be to travel long. the rest of the color it too time for the be to travel. all color to colors we known pairs except for light blue to purple and blue and red.
Qlqt4873b1ffs6w6rj4wkg3t5Q,rotational,28.0,"[[3, 5, 6, 2], [1, 7, 6, 5, 3]]",1.0,2.095,0,Fully conscious/deliberative,Somewhat clear,Quite hard,Rather unconfident,yellow and yellow it require the be to travel long and yellow it took the bee to travel long. blue and blue it took the be to travel long. the rest of the color it too time for the be to travel. all color to colors we known pairs except for light blue to purple and blue and red.
Qlqt4873b1ffs6w6rj4wkg3t5Q,rotational,29.0,"[[1, 7, 0], [1, 7, 6, 2]]",0.0,5.538,1,Fully conscious/deliberative,Somewhat clear,Quite hard,Rather unconfident,yellow and yellow it require the be to travel long and yellow it took the bee to travel long. blue and blue it took the be to travel long. the rest of the color it too time for the be to travel. all color to colors we known pairs except for light blue to purple and blue and red.
Qlqt4873b1ffs6w6rj4wkg3t5Q,rotational,30.0,"[[5, 6, 7, 0], [4, 1, 7]]",1.0,4.583,1,Fully conscious/deliberative,Somewhat clear,Quite hard,Rather unconfident,yellow and yellow it require the be to travel long and yellow it took the bee to travel long. blue and blue it took the be to travel long. the rest of the color it too time for the be to travel. all color to colors we known pairs except for light blue to purple and blue and red.
Qlqt4873b1ffs6w6rj4wkg3t5Q,rotational,31.0,"[[4, 1, 7, 0], [3, 5, 6]]",1.0,1.417,1,Fully conscious/deliberative,Somewhat clear,Quite hard,Rather unconfident,yellow and yellow it require the be to travel long and yellow it took the bee to travel long. blue and blue it took the be to travel long. the rest of the color it too time for the be to travel. all color to colors we known pairs except for light blue to purple and blue and red.
Qlqt4873b1ffs6w6rj4wkg3t5Q,rotational,32.0,"[[1, 7, 6, 5], [4, 1, 7]]",0.0,2.801,0,Fully conscious/deliberative,Somewhat clear,Quite hard,Rather unconfident,yellow and yellow it require the be to travel long and yellow it took the bee to travel long. blue and blue it took the be to travel long. the rest of the color it too time for the be to travel. all color to colors we known pairs except for light blue to purple and blue and red.
Qlqt4873b1ffs6w6rj4wkg3t5Q,rotational,33.0,"[[2, 6, 5, 3], [2, 6, 5]]",1.0,7.342,1,Fully conscious/deliberative,Somewhat clear,Quite hard,Rather unconfident,yellow and yellow it require the be to travel long and yellow it took the bee to travel long. blue and blue it took the be to travel long. the rest of the color it too time for the be to travel. all color to colors we known pairs except for light blue to purple and blue and red.
Qlqt4873b1ffs6w6rj4wkg3t5Q,rotational,34.0,"[[0, 7, 1, 4], [0, 7, 6]]",1.0,3.342,1,Fully conscious/deliberative,Somewhat clear,Quite hard,Rather unconfident,yellow and yellow it require the be to travel long and yellow it took the bee to travel long. blue and blue it took the be to travel long. the rest of the color it too time for the be to travel. all color to colors we known pairs except for light blue to purple and blue and red.
Qlqt4873b1ffs6w6rj4wkg3t5Q,rotational,35.0,"[[2, 6, 5, 3], [6, 7, 0]]",0.0,2.321,0,Fully conscious/deliberative,Somewhat clear,Quite hard,Rather unconfident,yellow and yellow it require the be to travel long and yellow it took the bee to travel long. blue and blue it took the be to travel long. the rest of the color it too time for the be to travel. all color to colors we known pairs except for light blue to purple and blue and red.
Qlqt4873b1ffs6w6rj4wkg3t5Q,rotational,36.0,"[[4, 1, 7, 6], [2, 6, 7]]",1.0,1.404,1,Fully conscious/deliberative,Somewhat clear,Quite hard,Rather unconfident,yellow and yellow it require the be to travel long and yellow it took the bee to travel long. blue and blue it took the be to travel long. the rest of the color it too time for the be to travel. all color to colors we known pairs except for light blue to purple and blue and red.
Qlqt4873b1ffs6w6rj4wkg3t5Q,rotational,37.0,"[[2, 6, 7, 1], [3, 5, 6, 7, 0]]",0.0,4.346,1,Fully conscious/deliberative,Somewhat clear,Quite hard,Rather unconfident,yellow and yellow it require the be to travel long and yellow it took the bee to travel long. blue and blue it took the be to travel long. the rest of the color it too time for the be to travel. all color to colors we known pairs except for light blue to purple and blue and red.
Qlqt4873b1ffs6w6rj4wkg3t5Q,rotational,38.0,"[[2, 6, 7, 1, 4], [3, 5, 6, 7]]",1.0,2.849,1,Fully conscious/deliberative,Somewhat clear,Quite hard,Rather unconfident,yellow and yellow it require the be to travel long and yellow it took the bee to travel long. blue and blue it took the be to travel long. the rest of the color it too time for the be to travel. all color to colors we known pairs except for light blue to purple and blue and red.
Qlqt4873b1ffs6w6rj4wkg3t5Q,rotational,39.0,"[[7, 6, 5, 3], [4, 1, 7, 6, 5]]",1.0,2.974,0,Fully conscious/deliberative,Somewhat clear,Quite hard,Rather unconfident,yellow and yellow it require the be to travel long and yellow it took the bee to travel long. blue and blue it took the be to travel long. the rest of the color it too time for the be to travel. all color to colors we known pairs except for light blue to purple and blue and red.
Qlqt4873b1ffs6w6rj4wkg3t5Q,rotational,40.0,"[[1, 7, 0], [3, 5, 6, 2]]",0.0,1.827,1,Fully conscious/deliberative,Somewhat clear,Quite hard,Rather unconfident,yellow and yellow it require the be to travel long and yellow it took the bee to travel long. blue and blue it took the be to travel long. the rest of the color it too time for the be to travel. all color to colors we known pairs except for light blue to purple and blue and red.
Qlqt4873b1ffs6w6rj4wkg3t5Q,rotational,41.0,"[[2, 6, 7, 0], [3, 5, 6]]",1.0,1.534,1,Fully conscious/deliberative,Somewhat clear,Quite hard,Rather unconfident,yellow and yellow it require the be to travel long and yellow it took the bee to travel long. blue and blue it took the be to travel long. the rest of the color it too time for the be to travel. all color to colors we known pairs except for light blue to purple and blue and red.
Qlqt4873b1ffs6w6rj4wkg3t5Q,rotational,42.0,"[[5, 6, 7], [2, 6, 7, 1]]",1.0,1.607,0,Fully conscious/deliberative,Somewhat clear,Quite hard,Rather unconfident,yellow and yellow it require the be to travel long and yellow it took the bee to travel long. blue and blue it took the be to travel long. the rest of the color it too time for the be to travel. all color to colors we known pairs except for light blue to purple and blue and red.
Qlqt4873b1ffs6w6rj4wkg3t5Q,rotational,43.0,"[[3, 5, 6, 2], [2, 6, 7, 1, 4]]",1.0,1.449,0,Fully conscious/deliberative,Somewhat clear,Quite hard,Rather unconfident,yellow and yellow it require the be to travel long and yellow it took the bee to travel long. blue and blue it took the be to travel long. the rest of the color it too time for the be to travel. all color to colors we known pairs except for light blue to purple and blue and red.
Qlqt4873b1ffs6w6rj4wkg3t5Q,rotational,44.0,"[[4, 1, 7, 6], [1, 7, 6, 5, 3]]",0.0,3.315,1,Fully conscious/deliberative,Somewhat clear,Quite hard,Rather unconfident,yellow and yellow it require the be to travel long and yellow it took the bee to travel long. blue and blue it took the be to travel long. the rest of the color it too time for the be to travel. all color to colors we known pairs except for light blue to purple and blue and red.
Qlqt4873b1ffs6w6rj4wkg3t5Q,rotational,45.0,"[[2, 6, 7], [4, 1, 7, 6]]",1.0,1.016,0,Fully conscious/deliberative,Somewhat clear,Quite hard,Rather unconfident,yellow and yellow it require the be to travel long and yellow it took the bee to travel long. blue and blue it took the be to travel long. the rest of the color it too time for the be to travel. all color to colors we known pairs except for light blue to purple and blue and red.
Qlqt4873b1ffs6w6rj4wkg3t5Q,rotational,46.0,"[[5, 6, 7, 1], [1, 7, 6, 5, 3]]",0.0,2.793,1,Fully conscious/deliberative,Somewhat clear,Quite hard,Rather unconfident,yellow and yellow it require the be to travel long and yellow it took the bee to travel long. blue and blue it took the be to travel long. the rest of the color it too time for the be to travel. all color to colors we known pairs except for light blue to purple and blue and red.
Qlqt4873b1ffs6w6rj4wkg3t5Q,rotational,47.0,"[[5, 6, 2], [0, 7, 1, 4]]",1.0,1.294,0,Fully conscious/deliberative,Somewhat clear,Quite hard,Rather unconfident,yellow and yellow it require the be to travel long and yellow it took the bee to travel long. blue and blue it took the be to travel long. the rest of the color it too time for the be to travel. all color to colors we known pairs except for light blue to purple and blue and red.
Qlqt4873b1ffs6w6rj4wkg3t5Q,rotational,48.0,"[[0, 7, 6, 2], [7, 1, 4]]",0.0,0.954,0,Fully conscious/deliberative,Somewhat clear,Quite hard,Rather unconfident,yellow and yellow it require the be to travel long and yellow it took the bee to travel long. blue and blue it took the be to travel long. the rest of the color it too time for the be to travel. all color to colors we known pairs except for light blue to purple and blue and red.
Qlqt4873b1ffs6w6rj4wkg3t5Q,rotational,49.0,"[[2, 6, 7, 1, 4], [4, 1, 7, 0]]",0.0,1.354,0,Fully conscious/deliberative,Somewhat clear,Quite hard,Rather unconfident,yellow and yellow it require the be to travel long and yellow it took the bee to travel long. blue and blue it took the be to travel long. the rest of the color it too time for the be to travel. all color to colors we known pairs except for light blue to purple and blue and red.
Qlqt4873b1ffs6w6rj4wkg3t5Q,rotational,50.0,"[[2, 6, 5, 3], [5, 6, 7]]",1.0,1.185,1,Fully conscious/deliberative,Somewhat clear,Quite hard,Rather unconfident,yellow and yellow it require the be to travel long and yellow it took the bee to travel long. blue and blue it took the be to travel long. the rest of the color it too time for the be to travel. all color to colors we known pairs except for light blue to purple and blue and red.
Qlqt4873b1ffs6w6rj4wkg3t5Q,rotational,51.0,"[[5, 6, 7, 1], [1, 7, 0]]",0.0,3.13,0,Fully conscious/deliberative,Somewhat clear,Quite hard,Rather unconfident,yellow and yellow it require the be to travel long and yellow it took the bee to travel long. blue and blue it took the be to travel long. the rest of the color it too time for the be to travel. all color to colors we known pairs except for light blue to purple and blue and red.
Qlqt4873b1ffs6w6rj4wkg3t5Q,rotational,52.0,"[[1, 7, 6, 2], [5, 6, 2]]",1.0,2.13,1,Fully conscious/deliberative,Somewhat clear,Quite hard,Rather unconfident,yellow and yellow it require the be to travel long and yellow it took the bee to travel long. blue and blue it took the be to travel long. the rest of the color it too time for the be to travel. all color to colors we known pairs except for light blue to purple and blue and red.
Qlqt4873b1ffs6w6rj4wkg3t5Q,rotational,53.0,"[[2, 6, 5, 3], [7, 1, 4]]",0.0,1.748,0,Fully conscious/deliberative,Somewhat clear,Quite hard,Rather unconfident,yellow and yellow it require the be to travel long and yellow it took the bee to travel long. blue and blue it took the be to travel long. the rest of the color it too time for the be to travel. all color to colors we known pairs except for light blue to purple and blue and red.
Qlqt4873b1ffs6w6rj4wkg3t5Q,rotational,54.0,"[[4, 1, 7], [2, 6, 7, 1]]",1.0,3.043,0,Fully conscious/deliberative,Somewhat clear,Quite hard,Rather unconfident,yellow and yellow it require the be to travel long and yellow it took the bee to travel long. blue and blue it took the be to travel long. the rest of the color it too time for the be to travel. all color to colors we known pairs except for light blue to purple and blue and red.
Qlqt4873b1ffs6w6rj4wkg3t5Q,rotational,55.0,"[[2, 6, 7, 1], [0, 7, 1]]",1.0,2.178,1,Fully conscious/deliberative,Somewhat clear,Quite hard,Rather unconfident,yellow and yellow it require the be to travel long and yellow it took the bee to travel long. blue and blue it took the be to travel long. the rest of the color it too time for the be to travel. all color to colors we known pairs except for light blue to purple and blue and red.
Qlqt4873b1ffs6w6rj4wkg3t5Q,rotational,56.0,"[[3, 5, 6], [1, 7, 6, 5]]",1.0,1.469,0,Fully conscious/deliberative,Somewhat clear,Quite hard,Rather unconfident,yellow and yellow it require the be to travel long and yellow it took the bee to travel long. blue and blue it took the be to travel long. the rest of the color it too time for the be to travel. all color to colors we known pairs except for light blue to purple and blue and red.
Qlqt4873b1ffs6w6rj4wkg3t5Q,rotational,57.0,"[[2, 6, 7], [5, 6, 7, 1]]",1.0,1.243,0,Fully conscious/deliberative,Somewhat clear,Quite hard,Rather unconfident,yellow and yellow it require the be to travel long and yellow it took the bee to travel long. blue and blue it took the be to travel long. the rest of the color it too time for the be to travel. all color to colors we known pairs except for light blue to purple and blue and red.
Qlqt4873b1ffs6w6rj4wkg3t5Q,rotational,58.0,"[[2, 6, 7, 1], [3, 5, 6]]",1.0,1.136,1,Fully conscious/deliberative,Somewhat clear,Quite hard,Rather unconfident,yellow and yellow it require the be to travel long and yellow it took the bee to travel long. blue and blue it took the be to travel long. the rest of the color it too time for the be to travel. all color to colors we known pairs except for light blue to purple and blue and red.
Qlqt4873b1ffs6w6rj4wkg3t5Q,rotational,59.0,"[[3, 5, 6, 7], [5, 6, 2]]",1.0,2.125,1,Fully conscious/deliberative,Somewhat clear,Quite hard,Rather unconfident,yellow and yellow it require the be to travel long and yellow it took the bee to travel long. blue and blue it took the be to travel long. the rest of the color it too time for the be to travel. all color to colors we known pairs except for light blue to purple and blue and red.
Qlqt4873b1ffs6w6rj4wkg3t5Q,rotational,60.0,"[[7, 1, 4], [1, 7, 6, 2]]",1.0,2.701,0,Fully conscious/deliberative,Somewhat clear,Quite hard,Rather unconfident,yellow and yellow it require the be to travel long and yellow it took the bee to travel long. blue and blue it took the be to travel long. the rest of the color it too time for the be to travel. all color to colors we known pairs except for light blue to purple and blue and red.
Qlqt4873b1ffs6w6rj4wkg3t5Q,rotational,61.0,"[[4, 1, 7, 0], [6, 7, 1]]",1.0,2.258,1,Fully conscious/deliberative,Somewhat clear,Quite hard,Rather unconfident,yellow and yellow it require the be to travel long and yellow it took the bee to travel long. blue and blue it took the be to travel long. the rest of the color it too time for the be to travel. all color to colors we known pairs except for light blue to purple and blue and red.
Qlqt4873b1ffs6w6rj4wkg3t5Q,rotational,62.0,"[[4, 1, 7, 0], [7, 6, 2]]",1.0,1.667,1,Fully conscious/deliberative,Somewhat clear,Quite hard,Rather unconfident,yellow and yellow it require the be to travel long and yellow it took the bee to travel long. blue and blue it took the be to travel long. the rest of the color it too time for the be to travel. all color to colors we known pairs except for light blue to purple and blue and red.
Qlqt4873b1ffs6w6rj4wkg3t5Q,rotational,63.0,"[[4, 1, 7, 6], [0, 7, 1]]",1.0,5.35,1,Fully conscious/deliberative,Somewhat clear,Quite hard,Rather unconfident,yellow and yellow it require the be to travel long and yellow it took the bee to travel long. blue and blue it took the be to travel long. the rest of the color it too time for the be to travel. all color to colors we known pairs except for light blue to purple and blue and red.
Qlqt4873b1ffs6w6rj4wkg3t5Q,rotational,64.0,"[[4, 1, 7, 0], [5, 6, 7, 1, 4]]",0.0,1.636,1,Fully conscious/deliberative,Somewhat clear,Quite hard,Rather unconfident,yellow and yellow it require the be to travel long and yellow it took the bee to travel long. blue and blue it took the be to travel long. the rest of the color it too time for the be to travel. all color to colors we known pairs except for light blue to purple and blue and red.
Qm58vxgfmrbhv2jvr1vvmpe7wQ,rotational,0.0,"[[2, 6, 5, 3], [6, 7, 0]]",0.0,5.558,0,Fairly conscious/deliberative,Somewhat clear,Quite hard,Rather unconfident,
Qm58vxgfmrbhv2jvr1vvmpe7wQ,rotational,1.0,"[[5, 6, 7, 1], [1, 7, 0]]",1.0,12.445,1,Fairly conscious/deliberative,Somewhat clear,Quite hard,Rather unconfident,
Qm58vxgfmrbhv2jvr1vvmpe7wQ,rotational,2.0,"[[4, 1, 7, 6], [4, 1, 7, 6, 5]]",0.0,13.262,1,Fairly conscious/deliberative,Somewhat clear,Quite hard,Rather unconfident,
Qm58vxgfmrbhv2jvr1vvmpe7wQ,rotational,3.0,"[[7, 1, 4], [1, 7, 6, 2]]",0.0,3.134,1,Fairly conscious/deliberative,Somewhat clear,Quite hard,Rather unconfident,
Qm58vxgfmrbhv2jvr1vvmpe7wQ,rotational,4.0,"[[2, 6, 7, 1], [6, 5, 3]]",1.0,49.118,1,Fairly conscious/deliberative,Somewhat clear,Quite hard,Rather unconfident,
Qm58vxgfmrbhv2jvr1vvmpe7wQ,rotational,5.0,"[[5, 6, 7, 1, 4], [7, 6, 5, 3]]",0.0,1.486,0,Fairly conscious/deliberative,Somewhat clear,Quite hard,Rather unconfident,
Qm58vxgfmrbhv2jvr1vvmpe7wQ,rotational,6.0,"[[7, 6, 5], [2, 6, 5, 3]]",1.0,1.422,0,Fairly conscious/deliberative,Somewhat clear,Quite hard,Rather unconfident,
Qm58vxgfmrbhv2jvr1vvmpe7wQ,rotational,7.0,"[[6, 7, 1, 4], [6, 5, 3]]",1.0,3.71,1,Fairly conscious/deliberative,Somewhat clear,Quite hard,Rather unconfident,
Qm58vxgfmrbhv2jvr1vvmpe7wQ,rotational,8.0,"[[0, 7, 1], [2, 6, 5, 3]]",1.0,1.558,0,Fairly conscious/deliberative,Somewhat clear,Quite hard,Rather unconfident,
Qm58vxgfmrbhv2jvr1vvmpe7wQ,rotational,9.0,"[[3, 5, 6, 2], [2, 6, 7, 1, 4]]",0.0,1.318,1,Fairly conscious/deliberative,Somewhat clear,Quite hard,Rather unconfident,
Qm58vxgfmrbhv2jvr1vvmpe7wQ,rotational,10.0,"[[2, 6, 7, 0], [7, 1, 4]]",1.0,3.39,1,Fairly conscious/deliberative,Somewhat clear,Quite hard,Rather unconfident,
Qm58vxgfmrbhv2jvr1vvmpe7wQ,rotational,11.0,"[[6, 7, 1], [3, 5, 6, 2]]",1.0,2.566,0,Fairly conscious/deliberative,Somewhat clear,Quite hard,Rather unconfident,
Qm58vxgfmrbhv2jvr1vvmpe7wQ,rotational,12.0,"[[2, 6, 7], [4, 1, 7, 6]]",1.0,1.054,0,Fairly conscious/deliberative,Somewhat clear,Quite hard,Rather unconfident,
Qm58vxgfmrbhv2jvr1vvmpe7wQ,rotational,13.0,"[[5, 6, 2], [3, 5, 6, 7]]",1.0,2.702,0,Fairly conscious/deliberative,Somewhat clear,Quite hard,Rather unconfident,
Qm58vxgfmrbhv2jvr1vvmpe7wQ,rotational,14.0,"[[0, 7, 1], [2, 6, 7, 1]]",1.0,1.134,0,Fairly conscious/deliberative,Somewhat clear,Quite hard,Rather unconfident,
Qm58vxgfmrbhv2jvr1vvmpe7wQ,rotational,15.0,"[[5, 6, 7, 1, 4], [7, 6, 5, 3]]",1.0,32.398,1,Fairly conscious/deliberative,Somewhat clear,Quite hard,Rather unconfident,
Qm58vxgfmrbhv2jvr1vvmpe7wQ,rotational,16.0,"[[5, 6, 7], [5, 6, 7, 0]]",1.0,0.893,0,Fairly conscious/deliberative,Somewhat clear,Quite hard,Rather unconfident,
Qm58vxgfmrbhv2jvr1vvmpe7wQ,rotational,17.0,"[[4, 1, 7, 0], [4, 1, 7, 6, 2]]",1.0,116.414,0,Fairly conscious/deliberative,Somewhat clear,Quite hard,Rather unconfident,
Qm58vxgfmrbhv2jvr1vvmpe7wQ,rotational,18.0,"[[2, 6, 7, 1, 4], [0, 7, 6, 5]]",0.0,1.662,0,Fairly conscious/deliberative,Somewhat clear,Quite hard,Rather unconfident,
Qm58vxgfmrbhv2jvr1vvmpe7wQ,rotational,19.0,"[[1, 7, 0], [0, 7, 6, 5]]",1.0,1.382,0,Fairly conscious/deliberative,Somewhat clear,Quite hard,Rather unconfident,
Qm58vxgfmrbhv2jvr1vvmpe7wQ,rotational,20.0,"[[4, 1, 7, 6], [3, 5, 6, 7, 1]]",0.0,23.118,1,Fairly conscious/deliberative,Somewhat clear,Quite hard,Rather unconfident,
Qm58vxgfmrbhv2jvr1vvmpe7wQ,rotational,21.0,"[[2, 6, 5], [3, 5, 6, 2]]",0.0,1.102,1,Fairly conscious/deliberative,Somewhat clear,Quite hard,Rather unconfident,
Qm58vxgfmrbhv2jvr1vvmpe7wQ,rotational,22.0,"[[3, 5, 6, 7, 0], [2, 6, 7, 1]]",1.0,17.286,1,Fairly conscious/deliberative,Somewhat clear,Quite hard,Rather unconfident,
Qm58vxgfmrbhv2jvr1vvmpe7wQ,rotational,23.0,"[[4, 1, 7], [0, 7, 6, 5]]",1.0,5.094,0,Fairly conscious/deliberative,Somewhat clear,Quite hard,Rather unconfident,
Qm58vxgfmrbhv2jvr1vvmpe7wQ,rotational,24.0,"[[7, 6, 2], [4, 1, 7, 0]]",1.0,3.398,0,Fairly conscious/deliberative,Somewhat clear,Quite hard,Rather unconfident,
Qm58vxgfmrbhv2jvr1vvmpe7wQ,rotational,25.0,"[[3, 5, 6, 7, 0], [2, 6, 7, 0]]",0.0,1.526,0,Fairly conscious/deliberative,Somewhat clear,Quite hard,Rather unconfident,
Qm58vxgfmrbhv2jvr1vvmpe7wQ,rotational,26.0,"[[0, 7, 1, 4], [4, 1, 7, 6, 5]]",1.0,1.862,0,Fairly conscious/deliberative,Somewhat clear,Quite hard,Rather unconfident,
Qm58vxgfmrbhv2jvr1vvmpe7wQ,rotational,27.0,"[[1, 7, 6, 5], [6, 5, 3]]",1.0,9.63,1,Fairly conscious/deliberative,Somewhat clear,Quite hard,Rather unconfident,
Qm58vxgfmrbhv2jvr1vvmpe7wQ,rotational,28.0,"[[1, 7, 0], [2, 6, 7, 0]]",1.0,1.534,0,Fairly conscious/deliberative,Somewhat clear,Quite hard,Rather unconfident,
Qm58vxgfmrbhv2jvr1vvmpe7wQ,rotational,29.0,"[[7, 6, 2], [0, 7, 1, 4]]",1.0,11.006,0,Fairly conscious/deliberative,Somewhat clear,Quite hard,Rather unconfident,
Qm58vxgfmrbhv2jvr1vvmpe7wQ,rotational,30.0,"[[6, 5, 3], [0, 7, 1, 4]]",1.0,0.782,0,Fairly conscious/deliberative,Somewhat clear,Quite hard,Rather unconfident,
Qm58vxgfmrbhv2jvr1vvmpe7wQ,rotational,31.0,"[[7, 6, 5], [5, 6, 7, 1]]",1.0,5.31,0,Fairly conscious/deliberative,Somewhat clear,Quite hard,Rather unconfident,
Qm58vxgfmrbhv2jvr1vvmpe7wQ,rotational,32.0,"[[6, 7, 1], [2, 6, 7, 1]]",1.0,1.526,0,Fairly conscious/deliberative,Somewhat clear,Quite hard,Rather unconfident,
Qm58vxgfmrbhv2jvr1vvmpe7wQ,rotational,33.0,"[[5, 6, 7, 0], [0, 7, 6]]",1.0,19.454,1,Fairly conscious/deliberative,Somewhat clear,Quite hard,Rather unconfident,
Qm58vxgfmrbhv2jvr1vvmpe7wQ,rotational,34.0,"[[3, 5, 6, 7, 1], [2, 6, 5, 3]]",0.0,1.27,0,Fairly conscious/deliberative,Somewhat clear,Quite hard,Rather unconfident,
Qm58vxgfmrbhv2jvr1vvmpe7wQ,rotational,35.0,"[[2, 6, 5], [1, 7, 6, 2]]",0.0,1.19,1,Fairly conscious/deliberative,Somewhat clear,Quite hard,Rather unconfident,
Qm58vxgfmrbhv2jvr1vvmpe7wQ,rotational,36.0,"[[5, 6, 7, 0], [6, 7, 1]]",1.0,7.894,1,Fairly conscious/deliberative,Somewhat clear,Quite hard,Rather unconfident,
Qm58vxgfmrbhv2jvr1vvmpe7wQ,rotational,37.0,"[[5, 6, 2], [1, 7, 6, 5]]",1.0,1.87,0,Fairly conscious/deliberative,Somewhat clear,Quite hard,Rather unconfident,
Qm58vxgfmrbhv2jvr1vvmpe7wQ,rotational,38.0,"[[3, 5, 6], [4, 1, 7, 6]]",0.0,1.334,1,Fairly conscious/deliberative,Somewhat clear,Quite hard,Rather unconfident,
Qm58vxgfmrbhv2jvr1vvmpe7wQ,rotational,39.0,"[[2, 6, 7], [4, 1, 7, 6]]",0.0,12.19,1,Fairly conscious/deliberative,Somewhat clear,Quite hard,Rather unconfident,
Qm58vxgfmrbhv2jvr1vvmpe7wQ,rotational,40.0,"[[2, 6, 7], [7, 6, 5, 3]]",1.0,1.982,0,Fairly conscious/deliberative,Somewhat clear,Quite hard,Rather unconfident,
Qm58vxgfmrbhv2jvr1vvmpe7wQ,rotational,41.0,"[[2, 6, 7, 1, 4], [4, 1, 7, 6, 5, 3]]",1.0,2.014,0,Fairly conscious/deliberative,Somewhat clear,Quite hard,Rather unconfident,
Qm58vxgfmrbhv2jvr1vvmpe7wQ,rotational,42.0,"[[7, 6, 5], [6, 7, 1, 4]]",1.0,13.03,0,Fairly conscious/deliberative,Somewhat clear,Quite hard,Rather unconfident,
Qm58vxgfmrbhv2jvr1vvmpe7wQ,rotational,43.0,"[[2, 6, 7, 1, 4], [7, 6, 5, 3]]",1.0,1.294,1,Fairly conscious/deliberative,Somewhat clear,Quite hard,Rather unconfident,
Qm58vxgfmrbhv2jvr1vvmpe7wQ,rotational,44.0,"[[2, 6, 7, 1], [7, 1, 4]]",0.0,0.758,0,Fairly conscious/deliberative,Somewhat clear,Quite hard,Rather unconfident,
Qm58vxgfmrbhv2jvr1vvmpe7wQ,rotational,45.0,"[[1, 7, 0], [1, 7, 6, 2]]",1.0,0.35,0,Fairly conscious/deliberative,Somewhat clear,Quite hard,Rather unconfident,
Qm58vxgfmrbhv2jvr1vvmpe7wQ,rotational,46.0,"[[5, 6, 7], [4, 1, 7, 0]]",1.0,0.702,0,Fairly conscious/deliberative,Somewhat clear,Quite hard,Rather unconfident,
Qm58vxgfmrbhv2jvr1vvmpe7wQ,rotational,47.0,"[[5, 6, 7, 1], [2, 6, 7]]",1.0,1.086,1,Fairly conscious/deliberative,Somewhat clear,Quite hard,Rather unconfident,
Qm58vxgfmrbhv2jvr1vvmpe7wQ,rotational,48.0,"[[2, 6, 7, 0], [3, 5, 6]]",0.0,0.95,0,Fairly conscious/deliberative,Somewhat clear,Quite hard,Rather unconfident,
Qm58vxgfmrbhv2jvr1vvmpe7wQ,rotational,49.0,"[[4, 1, 7, 0], [6, 7, 0]]",0.0,0.79,0,Fairly conscious/deliberative,Somewhat clear,Quite hard,Rather unconfident,
Qm58vxgfmrbhv2jvr1vvmpe7wQ,rotational,50.0,"[[1, 7, 6, 5], [3, 5, 6, 7, 1]]",1.0,2.222,0,Fairly conscious/deliberative,Somewhat clear,Quite hard,Rather unconfident,
Qm58vxgfmrbhv2jvr1vvmpe7wQ,rotational,51.0,"[[2, 6, 5], [4, 1, 7, 0]]",1.0,4.59,0,Fairly conscious/deliberative,Somewhat clear,Quite hard,Rather unconfident,
Qm58vxgfmrbhv2jvr1vvmpe7wQ,rotational,52.0,"[[5, 6, 7, 0], [5, 6, 2]]",0.0,0.502,0,Fairly conscious/deliberative,Somewhat clear,Quite hard,Rather unconfident,
Qm58vxgfmrbhv2jvr1vvmpe7wQ,rotational,53.0,"[[4, 1, 7], [1, 7, 6, 5]]",1.0,0.478,0,Fairly conscious/deliberative,Somewhat clear,Quite hard,Rather unconfident,
Qm58vxgfmrbhv2jvr1vvmpe7wQ,rotational,54.0,"[[3, 5, 6, 2], [4, 1, 7]]",0.0,2.982,0,Fairly conscious/deliberative,Somewhat clear,Quite hard,Rather unconfident,
Qm58vxgfmrbhv2jvr1vvmpe7wQ,rotational,55.0,"[[0, 7, 1], [4, 1, 7, 6]]",0.0,2.174,1,Fairly conscious/deliberative,Somewhat clear,Quite hard,Rather unconfident,
Qm58vxgfmrbhv2jvr1vvmpe7wQ,rotational,56.0,"[[7, 6, 5], [1, 7, 6, 2]]",1.0,1.054,0,Fairly conscious/deliberative,Somewhat clear,Quite hard,Rather unconfident,
Qm58vxgfmrbhv2jvr1vvmpe7wQ,rotational,57.0,"[[1, 7, 6], [5, 6, 7, 1]]",1.0,0.654,0,Fairly conscious/deliberative,Somewhat clear,Quite hard,Rather unconfident,
Qm58vxgfmrbhv2jvr1vvmpe7wQ,rotational,58.0,"[[1, 7, 6], [4, 1, 7, 0]]",1.0,1.511,0,Fairly conscious/deliberative,Somewhat clear,Quite hard,Rather unconfident,
Qm58vxgfmrbhv2jvr1vvmpe7wQ,rotational,59.0,"[[0, 7, 6, 5, 3], [6, 7, 1, 4]]",0.0,0.812,0,Fairly conscious/deliberative,Somewhat clear,Quite hard,Rather unconfident,
Qm58vxgfmrbhv2jvr1vvmpe7wQ,rotational,60.0,"[[3, 5, 6, 7, 1], [1, 7, 6, 2]]",0.0,0.806,0,Fairly conscious/deliberative,Somewhat clear,Quite hard,Rather unconfident,
Qm58vxgfmrbhv2jvr1vvmpe7wQ,rotational,61.0,"[[7, 6, 5], [0, 7, 6, 2]]",1.0,5.262,0,Fairly conscious/deliberative,Somewhat clear,Quite hard,Rather unconfident,
Qm58vxgfmrbhv2jvr1vvmpe7wQ,rotational,62.0,"[[7, 6, 2], [1, 7, 6, 2]]",1.0,1.142,0,Fairly conscious/deliberative,Somewhat clear,Quite hard,Rather unconfident,
Qm58vxgfmrbhv2jvr1vvmpe7wQ,rotational,63.0,"[[7, 1, 4], [1, 7, 6, 5]]",1.0,0.646,0,Fairly conscious/deliberative,Somewhat clear,Quite hard,Rather unconfident,
Qm58vxgfmrbhv2jvr1vvmpe7wQ,rotational,64.0,"[[5, 6, 2], [6, 7, 1, 4]]",1.0,0.862,0,Fairly conscious/deliberative,Somewhat clear,Quite hard,Rather unconfident,
Qmiiq7tqyilhra4rhjgpb81piQ,rotational,0.0,"[[0, 7, 6, 5], [1, 7, 0]]",0.0,4.478,0,Fully conscious/deliberative,Fully clear,Quite easy,Rather confident,Trying to visualize the path each time.
Qmiiq7tqyilhra4rhjgpb81piQ,rotational,1.0,"[[2, 6, 7], [4, 1, 7, 6]]",0.0,11.95,1,Fully conscious/deliberative,Fully clear,Quite easy,Rather confident,Trying to visualize the path each time.
Qmiiq7tqyilhra4rhjgpb81piQ,rotational,2.0,"[[7, 1, 4], [1, 7, 6, 2]]",1.0,4.206,0,Fully conscious/deliberative,Fully clear,Quite easy,Rather confident,Trying to visualize the path each time.
Qmiiq7tqyilhra4rhjgpb81piQ,rotational,3.0,"[[4, 1, 7, 0], [6, 7, 1]]",1.0,3.887,1,Fully conscious/deliberative,Fully clear,Quite easy,Rather confident,Trying to visualize the path each time.
Qmiiq7tqyilhra4rhjgpb81piQ,rotational,4.0,"[[6, 7, 1, 4], [7, 6, 2]]",0.0,1.99,0,Fully conscious/deliberative,Fully clear,Quite easy,Rather confident,Trying to visualize the path each time.
Qmiiq7tqyilhra4rhjgpb81piQ,rotational,5.0,"[[1, 7, 6, 5], [5, 6, 2]]",0.0,2.519,0,Fully conscious/deliberative,Fully clear,Quite easy,Rather confident,Trying to visualize the path each time.
Qmiiq7tqyilhra4rhjgpb81piQ,rotational,6.0,"[[3, 5, 6], [0, 7, 6, 2]]",1.0,3.039,0,Fully conscious/deliberative,Fully clear,Quite easy,Rather confident,Trying to visualize the path each time.
Qmiiq7tqyilhra4rhjgpb81piQ,rotational,7.0,"[[2, 6, 7, 1], [2, 6, 5]]",1.0,1.814,1,Fully conscious/deliberative,Fully clear,Quite easy,Rather confident,Trying to visualize the path each time.
Qmiiq7tqyilhra4rhjgpb81piQ,rotational,8.0,"[[4, 1, 7], [2, 6, 7, 1]]",1.0,5.694,0,Fully conscious/deliberative,Fully clear,Quite easy,Rather confident,Trying to visualize the path each time.
Qmiiq7tqyilhra4rhjgpb81piQ,rotational,9.0,"[[3, 5, 6], [4, 1, 7, 6]]",0.0,5.119,1,Fully conscious/deliberative,Fully clear,Quite easy,Rather confident,Trying to visualize the path each time.
Qmiiq7tqyilhra4rhjgpb81piQ,rotational,10.0,"[[0, 7, 6], [4, 1, 7, 0]]",1.0,1.99,0,Fully conscious/deliberative,Fully clear,Quite easy,Rather confident,Trying to visualize the path each time.
Qmiiq7tqyilhra4rhjgpb81piQ,rotational,11.0,"[[0, 7, 6, 5, 3], [1, 7, 6, 2]]",1.0,2.511,1,Fully conscious/deliberative,Fully clear,Quite easy,Rather confident,Trying to visualize the path each time.
Qmiiq7tqyilhra4rhjgpb81piQ,rotational,12.0,"[[1, 7, 0], [3, 5, 6, 2]]",1.0,1.902,0,Fully conscious/deliberative,Fully clear,Quite easy,Rather confident,Trying to visualize the path each time.
Qmiiq7tqyilhra4rhjgpb81piQ,rotational,13.0,"[[0, 7, 6, 2], [5, 6, 7]]",0.0,3.695,0,Fully conscious/deliberative,Fully clear,Quite easy,Rather confident,Trying to visualize the path each time.
Qmiiq7tqyilhra4rhjgpb81piQ,rotational,14.0,"[[4, 1, 7], [5, 6, 7, 0]]",0.0,3.294,1,Fully conscious/deliberative,Fully clear,Quite easy,Rather confident,Trying to visualize the path each time.
Qmiiq7tqyilhra4rhjgpb81piQ,rotational,15.0,"[[4, 1, 7], [0, 7, 6, 2]]",1.0,3.087,0,Fully conscious/deliberative,Fully clear,Quite easy,Rather confident,Trying to visualize the path each time.
Qmiiq7tqyilhra4rhjgpb81piQ,rotational,16.0,"[[4, 1, 7, 6, 2], [4, 1, 7, 6, 5, 3]]",0.0,1.854,1,Fully conscious/deliberative,Fully clear,Quite easy,Rather confident,Trying to visualize the path each time.
Qmiiq7tqyilhra4rhjgpb81piQ,rotational,17.0,"[[2, 6, 5, 3], [1, 7, 6, 5, 3]]",0.0,2.007,1,Fully conscious/deliberative,Fully clear,Quite easy,Rather confident,Trying to visualize the path each time.
Qmiiq7tqyilhra4rhjgpb81piQ,rotational,18.0,"[[1, 7, 6, 5], [0, 7, 1]]",0.0,1.862,0,Fully conscious/deliberative,Fully clear,Quite easy,Rather confident,Trying to visualize the path each time.
Qmiiq7tqyilhra4rhjgpb81piQ,rotational,19.0,"[[7, 6, 2], [1, 7, 6, 2]]",1.0,2.095,0,Fully conscious/deliberative,Fully clear,Quite easy,Rather confident,Trying to visualize the path each time.
Qmiiq7tqyilhra4rhjgpb81piQ,rotational,20.0,"[[7, 6, 5, 3], [2, 6, 5]]",1.0,2.615,1,Fully conscious/deliberative,Fully clear,Quite easy,Rather confident,Trying to visualize the path each time.
Qmiiq7tqyilhra4rhjgpb81piQ,rotational,21.0,"[[5, 6, 7, 1, 4], [3, 5, 6, 7]]",0.0,1.598,0,Fully conscious/deliberative,Fully clear,Quite easy,Rather confident,Trying to visualize the path each time.
Qmiiq7tqyilhra4rhjgpb81piQ,rotational,22.0,"[[4, 1, 7, 6], [3, 5, 6, 7, 1]]",0.0,4.175,1,Fully conscious/deliberative,Fully clear,Quite easy,Rather confident,Trying to visualize the path each time.
Qmiiq7tqyilhra4rhjgpb81piQ,rotational,23.0,"[[2, 6, 5, 3], [0, 7, 6]]",0.0,2.175,0,Fully conscious/deliberative,Fully clear,Quite easy,Rather confident,Trying to visualize the path each time.
Qmiiq7tqyilhra4rhjgpb81piQ,rotational,24.0,"[[0, 7, 1, 4], [6, 5, 3]]",1.0,3.374,1,Fully conscious/deliberative,Fully clear,Quite easy,Rather confident,Trying to visualize the path each time.
Qmiiq7tqyilhra4rhjgpb81piQ,rotational,25.0,"[[2, 6, 7, 1, 4], [3, 5, 6, 2]]",1.0,3.111,1,Fully conscious/deliberative,Fully clear,Quite easy,Rather confident,Trying to visualize the path each time.
Qmiiq7tqyilhra4rhjgpb81piQ,rotational,26.0,"[[3, 5, 6], [5, 6, 7, 1]]",1.0,1.502,0,Fully conscious/deliberative,Fully clear,Quite easy,Rather confident,Trying to visualize the path each time.
Qmiiq7tqyilhra4rhjgpb81piQ,rotational,27.0,"[[5, 6, 7, 1, 4], [4, 1, 7, 0]]",0.0,3.599,0,Fully conscious/deliberative,Fully clear,Quite easy,Rather confident,Trying to visualize the path each time.
Qmiiq7tqyilhra4rhjgpb81piQ,rotational,28.0,"[[1, 7, 6], [1, 7, 6, 2]]",0.0,2.711,1,Fully conscious/deliberative,Fully clear,Quite easy,Rather confident,Trying to visualize the path each time.
Qmiiq7tqyilhra4rhjgpb81piQ,rotational,29.0,"[[7, 6, 2], [1, 7, 6, 5]]",0.0,2.855,1,Fully conscious/deliberative,Fully clear,Quite easy,Rather confident,Trying to visualize the path each time.
Qmiiq7tqyilhra4rhjgpb81piQ,rotational,30.0,"[[5, 6, 7, 1], [4, 1, 7]]",1.0,1.263,1,Fully conscious/deliberative,Fully clear,Quite easy,Rather confident,Trying to visualize the path each time.
Qmiiq7tqyilhra4rhjgpb81piQ,rotational,31.0,"[[7, 1, 4], [5, 6, 7, 1]]",1.0,1.159,0,Fully conscious/deliberative,Fully clear,Quite easy,Rather confident,Trying to visualize the path each time.
Qmiiq7tqyilhra4rhjgpb81piQ,rotational,32.0,"[[3, 5, 6, 2], [1, 7, 6]]",1.0,3.182,1,Fully conscious/deliberative,Fully clear,Quite easy,Rather confident,Trying to visualize the path each time.
Qmiiq7tqyilhra4rhjgpb81piQ,rotational,33.0,"[[5, 6, 7], [5, 6, 7, 0]]",1.0,1.079,0,Fully conscious/deliberative,Fully clear,Quite easy,Rather confident,Trying to visualize the path each time.
Qmiiq7tqyilhra4rhjgpb81piQ,rotational,34.0,"[[4, 1, 7, 6], [5, 6, 2]]",1.0,1.839,1,Fully conscious/deliberative,Fully clear,Quite easy,Rather confident,Trying to visualize the path each time.
Qmiiq7tqyilhra4rhjgpb81piQ,rotational,35.0,"[[3, 5, 6, 2], [7, 6, 5]]",0.0,4.663,0,Fully conscious/deliberative,Fully clear,Quite easy,Rather confident,Trying to visualize the path each time.
Qmiiq7tqyilhra4rhjgpb81piQ,rotational,36.0,"[[5, 6, 7, 1, 4], [7, 6, 5, 3]]",0.0,9.582,0,Fully conscious/deliberative,Fully clear,Quite easy,Rather confident,Trying to visualize the path each time.
Qmiiq7tqyilhra4rhjgpb81piQ,rotational,37.0,"[[4, 1, 7, 6, 2], [5, 6, 7, 0]]",1.0,3.927,1,Fully conscious/deliberative,Fully clear,Quite easy,Rather confident,Trying to visualize the path each time.
Qmiiq7tqyilhra4rhjgpb81piQ,rotational,38.0,"[[5, 6, 7], [4, 1, 7, 6]]",1.0,1.919,0,Fully conscious/deliberative,Fully clear,Quite easy,Rather confident,Trying to visualize the path each time.
Qmiiq7tqyilhra4rhjgpb81piQ,rotational,39.0,"[[1, 7, 6, 5], [1, 7, 6, 5, 3]]",0.0,2.134,1,Fully conscious/deliberative,Fully clear,Quite easy,Rather confident,Trying to visualize the path each time.
Qmiiq7tqyilhra4rhjgpb81piQ,rotational,40.0,"[[6, 7, 1, 4], [0, 7, 1]]",0.0,3.447,0,Fully conscious/deliberative,Fully clear,Quite easy,Rather confident,Trying to visualize the path each time.
Qmiiq7tqyilhra4rhjgpb81piQ,rotational,41.0,"[[0, 7, 1, 4], [2, 6, 7]]",0.0,1.775,0,Fully conscious/deliberative,Fully clear,Quite easy,Rather confident,Trying to visualize the path each time.
Qmiiq7tqyilhra4rhjgpb81piQ,rotational,42.0,"[[4, 1, 7, 6], [5, 6, 7, 1, 4]]",0.0,3.262,1,Fully conscious/deliberative,Fully clear,Quite easy,Rather confident,Trying to visualize the path each time.
Qmiiq7tqyilhra4rhjgpb81piQ,rotational,43.0,"[[4, 1, 7, 6, 2], [0, 7, 1, 4]]",0.0,1.879,0,Fully conscious/deliberative,Fully clear,Quite easy,Rather confident,Trying to visualize the path each time.
Qmiiq7tqyilhra4rhjgpb81piQ,rotational,44.0,"[[3, 5, 6, 7], [7, 6, 2]]",0.0,2.143,0,Fully conscious/deliberative,Fully clear,Quite easy,Rather confident,Trying to visualize the path each time.
Qmiiq7tqyilhra4rhjgpb81piQ,rotational,45.0,"[[2, 6, 7, 1], [1, 7, 6, 5, 3]]",0.0,2.663,1,Fully conscious/deliberative,Fully clear,Quite easy,Rather confident,Trying to visualize the path each time.
Qmiiq7tqyilhra4rhjgpb81piQ,rotational,46.0,"[[1, 7, 0], [0, 7, 6, 2]]",1.0,1.847,0,Fully conscious/deliberative,Fully clear,Quite easy,Rather confident,Trying to visualize the path each time.
Qmiiq7tqyilhra4rhjgpb81piQ,rotational,47.0,"[[4, 1, 7, 6], [6, 5, 3]]",1.0,1.567,1,Fully conscious/deliberative,Fully clear,Quite easy,Rather confident,Trying to visualize the path each time.
Qmiiq7tqyilhra4rhjgpb81piQ,rotational,48.0,"[[6, 7, 1], [5, 6, 7, 1]]",0.0,0.855,1,Fully conscious/deliberative,Fully clear,Quite easy,Rather confident,Trying to visualize the path each time.
Qmiiq7tqyilhra4rhjgpb81piQ,rotational,49.0,"[[6, 7, 1, 4], [3, 5, 6, 7, 0]]",1.0,4.119,0,Fully conscious/deliberative,Fully clear,Quite easy,Rather confident,Trying to visualize the path each time.
Qmiiq7tqyilhra4rhjgpb81piQ,rotational,50.0,"[[2, 6, 7, 0], [0, 7, 6, 5, 3]]",0.0,4.391,1,Fully conscious/deliberative,Fully clear,Quite easy,Rather confident,Trying to visualize the path each time.
Qmiiq7tqyilhra4rhjgpb81piQ,rotational,51.0,"[[2, 6, 7, 1, 4], [7, 6, 5, 3]]",1.0,2.319,1,Fully conscious/deliberative,Fully clear,Quite easy,Rather confident,Trying to visualize the path each time.
Qmiiq7tqyilhra4rhjgpb81piQ,rotational,52.0,"[[0, 7, 1, 4], [7, 6, 2]]",0.0,1.311,0,Fully conscious/deliberative,Fully clear,Quite easy,Rather confident,Trying to visualize the path each time.
Qmiiq7tqyilhra4rhjgpb81piQ,rotational,53.0,"[[1, 7, 6, 5], [5, 6, 7]]",1.0,2.239,1,Fully conscious/deliberative,Fully clear,Quite easy,Rather confident,Trying to visualize the path each time.
Qmiiq7tqyilhra4rhjgpb81piQ,rotational,54.0,"[[4, 1, 7, 0], [5, 6, 7]]",1.0,2.167,1,Fully conscious/deliberative,Fully clear,Quite easy,Rather confident,Trying to visualize the path each time.
Qmiiq7tqyilhra4rhjgpb81piQ,rotational,55.0,"[[6, 5, 3], [1, 7, 6, 2]]",1.0,1.231,0,Fully conscious/deliberative,Fully clear,Quite easy,Rather confident,Trying to visualize the path each time.
Qmiiq7tqyilhra4rhjgpb81piQ,rotational,56.0,"[[2, 6, 7, 1], [7, 6, 5]]",0.0,4.767,0,Fully conscious/deliberative,Fully clear,Quite easy,Rather confident,Trying to visualize the path each time.
Qmiiq7tqyilhra4rhjgpb81piQ,rotational,57.0,"[[2, 6, 5], [5, 6, 7, 0]]",0.0,2.296,1,Fully conscious/deliberative,Fully clear,Quite easy,Rather confident,Trying to visualize the path each time.
Qmiiq7tqyilhra4rhjgpb81piQ,rotational,58.0,"[[1, 7, 6, 2], [0, 7, 1]]",1.0,1.853,1,Fully conscious/deliberative,Fully clear,Quite easy,Rather confident,Trying to visualize the path each time.
Qmiiq7tqyilhra4rhjgpb81piQ,rotational,59.0,"[[3, 5, 6, 2], [5, 6, 2]]",0.0,1.951,0,Fully conscious/deliberative,Fully clear,Quite easy,Rather confident,Trying to visualize the path each time.
Qmiiq7tqyilhra4rhjgpb81piQ,rotational,60.0,"[[0, 7, 1, 4], [5, 6, 2]]",0.0,2.039,0,Fully conscious/deliberative,Fully clear,Quite easy,Rather confident,Trying to visualize the path each time.
Qmiiq7tqyilhra4rhjgpb81piQ,rotational,61.0,"[[7, 1, 4], [2, 6, 5, 3]]",1.0,2.038,0,Fully conscious/deliberative,Fully clear,Quite easy,Rather confident,Trying to visualize the path each time.
Qmiiq7tqyilhra4rhjgpb81piQ,rotational,62.0,"[[1, 7, 0], [2, 6, 7, 1]]",1.0,2.55,0,Fully conscious/deliberative,Fully clear,Quite easy,Rather confident,Trying to visualize the path each time.
Qmiiq7tqyilhra4rhjgpb81piQ,rotational,63.0,"[[1, 7, 6], [0, 7, 6, 5]]",0.0,1.855,1,Fully conscious/deliberative,Fully clear,Quite easy,Rather confident,Trying to visualize the path each time.
Qmiiq7tqyilhra4rhjgpb81piQ,rotational,64.0,"[[6, 7, 0], [0, 7, 6, 5]]",0.0,1.207,1,Fully conscious/deliberative,Fully clear,Quite easy,Rather confident,Trying to visualize the path each time.
Qnik0m508xy27zjtab6ipo296Q,rotational,0.0,"[[1, 7, 6], [5, 6, 7, 0]]",0.0,5.505,1,Fairly conscious/deliberative,Somewhat unclear,Quite hard,Rather confident,I tried to remember the different pairs that the bee was going under
Qnik0m508xy27zjtab6ipo296Q,rotational,1.0,"[[1, 7, 6, 5], [2, 6, 5]]",1.0,3.238,1,Fairly conscious/deliberative,Somewhat unclear,Quite hard,Rather confident,I tried to remember the different pairs that the bee was going under
Qnik0m508xy27zjtab6ipo296Q,rotational,2.0,"[[6, 7, 1], [5, 6, 7, 1]]",0.0,4.493,1,Fairly conscious/deliberative,Somewhat unclear,Quite hard,Rather confident,I tried to remember the different pairs that the bee was going under
Qnik0m508xy27zjtab6ipo296Q,rotational,3.0,"[[7, 6, 5], [3, 5, 6, 2]]",1.0,3.353,0,Fairly conscious/deliberative,Somewhat unclear,Quite hard,Rather confident,I tried to remember the different pairs that the bee was going under
Qnik0m508xy27zjtab6ipo296Q,rotational,4.0,"[[4, 1, 7, 6, 2], [0, 7, 6, 5]]",0.0,3.608,0,Fairly conscious/deliberative,Somewhat unclear,Quite hard,Rather confident,I tried to remember the different pairs that the bee was going under
Qnik0m508xy27zjtab6ipo296Q,rotational,5.0,"[[0, 7, 6, 5, 3], [1, 7, 6, 2]]",1.0,3.324,1,Fairly conscious/deliberative,Somewhat unclear,Quite hard,Rather confident,I tried to remember the different pairs that the bee was going under
Qnik0m508xy27zjtab6ipo296Q,rotational,6.0,"[[2, 6, 7], [6, 7, 1, 4]]",1.0,2.785,0,Fairly conscious/deliberative,Somewhat unclear,Quite hard,Rather confident,I tried to remember the different pairs that the bee was going under
Qnik0m508xy27zjtab6ipo296Q,rotational,7.0,"[[3, 5, 6, 7, 1], [1, 7, 6, 5]]",1.0,4.608,1,Fairly conscious/deliberative,Somewhat unclear,Quite hard,Rather confident,I tried to remember the different pairs that the bee was going under
Qnik0m508xy27zjtab6ipo296Q,rotational,8.0,"[[1, 7, 0], [2, 6, 7, 1]]",1.0,2.774,0,Fairly conscious/deliberative,Somewhat unclear,Quite hard,Rather confident,I tried to remember the different pairs that the bee was going under
Qnik0m508xy27zjtab6ipo296Q,rotational,9.0,"[[5, 6, 7, 1], [0, 7, 1]]",1.0,3.233,1,Fairly conscious/deliberative,Somewhat unclear,Quite hard,Rather confident,I tried to remember the different pairs that the bee was going under
Qnik0m508xy27zjtab6ipo296Q,rotational,10.0,"[[2, 6, 5, 3], [4, 1, 7]]",1.0,3.355,1,Fairly conscious/deliberative,Somewhat unclear,Quite hard,Rather confident,I tried to remember the different pairs that the bee was going under
Qnik0m508xy27zjtab6ipo296Q,rotational,11.0,"[[7, 6, 2], [1, 7, 6, 2]]",1.0,2.053,0,Fairly conscious/deliberative,Somewhat unclear,Quite hard,Rather confident,I tried to remember the different pairs that the bee was going under
Qnik0m508xy27zjtab6ipo296Q,rotational,12.0,"[[7, 6, 2], [4, 1, 7, 0]]",1.0,2.08,0,Fairly conscious/deliberative,Somewhat unclear,Quite hard,Rather confident,I tried to remember the different pairs that the bee was going under
Qnik0m508xy27zjtab6ipo296Q,rotational,13.0,"[[7, 1, 4], [0, 7, 6, 5]]",0.0,2.37,1,Fairly conscious/deliberative,Somewhat unclear,Quite hard,Rather confident,I tried to remember the different pairs that the bee was going under
Qnik0m508xy27zjtab6ipo296Q,rotational,14.0,"[[1, 7, 6, 5], [7, 1, 4]]",1.0,5.327,1,Fairly conscious/deliberative,Somewhat unclear,Quite hard,Rather confident,I tried to remember the different pairs that the bee was going under
Qnik0m508xy27zjtab6ipo296Q,rotational,15.0,"[[7, 6, 5, 3], [4, 1, 7, 6, 2]]",1.0,2.083,0,Fairly conscious/deliberative,Somewhat unclear,Quite hard,Rather confident,I tried to remember the different pairs that the bee was going under
Qnik0m508xy27zjtab6ipo296Q,rotational,16.0,"[[4, 1, 7, 6], [2, 6, 7]]",1.0,1.99,1,Fairly conscious/deliberative,Somewhat unclear,Quite hard,Rather confident,I tried to remember the different pairs that the bee was going under
Qnik0m508xy27zjtab6ipo296Q,rotational,17.0,"[[4, 1, 7, 6], [4, 1, 7, 6, 5]]",0.0,3.623,1,Fairly conscious/deliberative,Somewhat unclear,Quite hard,Rather confident,I tried to remember the different pairs that the bee was going under
Qnik0m508xy27zjtab6ipo296Q,rotational,18.0,"[[4, 1, 7, 6], [0, 7, 1]]",1.0,3.74,1,Fairly conscious/deliberative,Somewhat unclear,Quite hard,Rather confident,I tried to remember the different pairs that the bee was going under
Qnik0m508xy27zjtab6ipo296Q,rotational,19.0,"[[2, 6, 7, 1, 4], [2, 6, 5, 3]]",0.0,3.165,0,Fairly conscious/deliberative,Somewhat unclear,Quite hard,Rather confident,I tried to remember the different pairs that the bee was going under
Qnik0m508xy27zjtab6ipo296Q,rotational,20.0,"[[6, 5, 3], [6, 7, 1, 4]]",1.0,2.605,0,Fairly conscious/deliberative,Somewhat unclear,Quite hard,Rather confident,I tried to remember the different pairs that the bee was going under
Qnik0m508xy27zjtab6ipo296Q,rotational,21.0,"[[2, 6, 7, 1], [7, 6, 5]]",1.0,2.384,1,Fairly conscious/deliberative,Somewhat unclear,Quite hard,Rather confident,I tried to remember the different pairs that the bee was going under
Qnik0m508xy27zjtab6ipo296Q,rotational,22.0,"[[7, 6, 5, 3], [4, 1, 7, 6, 5]]",0.0,3.605,1,Fairly conscious/deliberative,Somewhat unclear,Quite hard,Rather confident,I tried to remember the different pairs that the bee was going under
Qnik0m508xy27zjtab6ipo296Q,rotational,23.0,"[[2, 6, 7, 0], [4, 1, 7]]",0.0,1.568,0,Fairly conscious/deliberative,Somewhat unclear,Quite hard,Rather confident,I tried to remember the different pairs that the bee was going under
Qnik0m508xy27zjtab6ipo296Q,rotational,24.0,"[[2, 6, 7, 0], [3, 5, 6, 7, 0]]",1.0,1.253,0,Fairly conscious/deliberative,Somewhat unclear,Quite hard,Rather confident,I tried to remember the different pairs that the bee was going under
Qnik0m508xy27zjtab6ipo296Q,rotational,25.0,"[[2, 6, 5], [1, 7, 6, 2]]",1.0,2.171,0,Fairly conscious/deliberative,Somewhat unclear,Quite hard,Rather confident,I tried to remember the different pairs that the bee was going under
Qnik0m508xy27zjtab6ipo296Q,rotational,26.0,"[[3, 5, 6], [4, 1, 7, 0]]",1.0,2.452,0,Fairly conscious/deliberative,Somewhat unclear,Quite hard,Rather confident,I tried to remember the different pairs that the bee was going under
Qnik0m508xy27zjtab6ipo296Q,rotational,27.0,"[[5, 6, 7, 1], [6, 5, 3]]",1.0,11.132,1,Fairly conscious/deliberative,Somewhat unclear,Quite hard,Rather confident,I tried to remember the different pairs that the bee was going under
Qnik0m508xy27zjtab6ipo296Q,rotational,28.0,"[[1, 7, 6, 5, 3], [2, 6, 7, 1]]",1.0,5.71,1,Fairly conscious/deliberative,Somewhat unclear,Quite hard,Rather confident,I tried to remember the different pairs that the bee was going under
Qnik0m508xy27zjtab6ipo296Q,rotational,29.0,"[[6, 7, 1, 4], [3, 5, 6]]",0.0,2.39,0,Fairly conscious/deliberative,Somewhat unclear,Quite hard,Rather confident,I tried to remember the different pairs that the bee was going under
Qnik0m508xy27zjtab6ipo296Q,rotational,30.0,"[[4, 1, 7, 6, 2], [4, 1, 7, 0]]",1.0,2.317,1,Fairly conscious/deliberative,Somewhat unclear,Quite hard,Rather confident,I tried to remember the different pairs that the bee was going under
Qnik0m508xy27zjtab6ipo296Q,rotational,31.0,"[[6, 7, 1], [3, 5, 6, 2]]",0.0,4.423,1,Fairly conscious/deliberative,Somewhat unclear,Quite hard,Rather confident,I tried to remember the different pairs that the bee was going under
Qnik0m508xy27zjtab6ipo296Q,rotational,32.0,"[[6, 7, 1, 4], [2, 6, 5]]",1.0,5.016,1,Fairly conscious/deliberative,Somewhat unclear,Quite hard,Rather confident,I tried to remember the different pairs that the bee was going under
Qnik0m508xy27zjtab6ipo296Q,rotational,33.0,"[[1, 7, 0], [3, 5, 6, 2]]",0.0,2.494,1,Fairly conscious/deliberative,Somewhat unclear,Quite hard,Rather confident,I tried to remember the different pairs that the bee was going under
Qnik0m508xy27zjtab6ipo296Q,rotational,34.0,"[[3, 5, 6, 7, 1], [2, 6, 5, 3]]",0.0,1.668,0,Fairly conscious/deliberative,Somewhat unclear,Quite hard,Rather confident,I tried to remember the different pairs that the bee was going under
Qnik0m508xy27zjtab6ipo296Q,rotational,35.0,"[[1, 7, 6, 2], [1, 7, 6]]",0.0,1.997,0,Fairly conscious/deliberative,Somewhat unclear,Quite hard,Rather confident,I tried to remember the different pairs that the bee was going under
Qnik0m508xy27zjtab6ipo296Q,rotational,36.0,"[[6, 7, 0], [4, 1, 7, 0]]",0.0,3.743,1,Fairly conscious/deliberative,Somewhat unclear,Quite hard,Rather confident,I tried to remember the different pairs that the bee was going under
Qnik0m508xy27zjtab6ipo296Q,rotational,37.0,"[[7, 1, 4], [2, 6, 7, 1]]",0.0,7.657,1,Fairly conscious/deliberative,Somewhat unclear,Quite hard,Rather confident,I tried to remember the different pairs that the bee was going under
Qnik0m508xy27zjtab6ipo296Q,rotational,38.0,"[[7, 6, 5, 3], [7, 6, 2]]",0.0,5.712,0,Fairly conscious/deliberative,Somewhat unclear,Quite hard,Rather confident,I tried to remember the different pairs that the bee was going under
Qnik0m508xy27zjtab6ipo296Q,rotational,39.0,"[[6, 7, 1], [4, 1, 7, 0]]",0.0,7.792,1,Fairly conscious/deliberative,Somewhat unclear,Quite hard,Rather confident,I tried to remember the different pairs that the bee was going under
Qnik0m508xy27zjtab6ipo296Q,rotational,40.0,"[[4, 1, 7, 6], [3, 5, 6, 7, 0]]",1.0,20.021,0,Fairly conscious/deliberative,Somewhat unclear,Quite hard,Rather confident,I tried to remember the different pairs that the bee was going under
Qnik0m508xy27zjtab6ipo296Q,rotational,41.0,"[[2, 6, 7], [5, 6, 7, 1]]",0.0,1.812,1,Fairly conscious/deliberative,Somewhat unclear,Quite hard,Rather confident,I tried to remember the different pairs that the bee was going under
Qnik0m508xy27zjtab6ipo296Q,rotational,42.0,"[[5, 6, 2], [0, 7, 1, 4]]",1.0,2.254,0,Fairly conscious/deliberative,Somewhat unclear,Quite hard,Rather confident,I tried to remember the different pairs that the bee was going under
Qnik0m508xy27zjtab6ipo296Q,rotational,43.0,"[[0, 7, 6, 5], [0, 7, 6]]",1.0,1.994,1,Fairly conscious/deliberative,Somewhat unclear,Quite hard,Rather confident,I tried to remember the different pairs that the bee was going under
Qnik0m508xy27zjtab6ipo296Q,rotational,44.0,"[[5, 6, 7, 0], [2, 6, 5]]",1.0,3.07,1,Fairly conscious/deliberative,Somewhat unclear,Quite hard,Rather confident,I tried to remember the different pairs that the bee was going under
Qnik0m508xy27zjtab6ipo296Q,rotational,45.0,"[[3, 5, 6], [2, 6, 7, 1]]",0.0,3.186,1,Fairly conscious/deliberative,Somewhat unclear,Quite hard,Rather confident,I tried to remember the different pairs that the bee was going under
Qnik0m508xy27zjtab6ipo296Q,rotational,46.0,"[[0, 7, 6, 2], [1, 7, 0]]",1.0,3.336,1,Fairly conscious/deliberative,Somewhat unclear,Quite hard,Rather confident,I tried to remember the different pairs that the bee was going under
Qnik0m508xy27zjtab6ipo296Q,rotational,47.0,"[[0, 7, 1], [1, 7, 6, 2]]",1.0,2.588,0,Fairly conscious/deliberative,Somewhat unclear,Quite hard,Rather confident,I tried to remember the different pairs that the bee was going under
Qnik0m508xy27zjtab6ipo296Q,rotational,48.0,"[[4, 1, 7, 0], [5, 6, 7, 1, 4]]",0.0,2.87,1,Fairly conscious/deliberative,Somewhat unclear,Quite hard,Rather confident,I tried to remember the different pairs that the bee was going under
Qnik0m508xy27zjtab6ipo296Q,rotational,49.0,"[[0, 7, 6, 5], [7, 6, 5]]",1.0,2.405,1,Fairly conscious/deliberative,Somewhat unclear,Quite hard,Rather confident,I tried to remember the different pairs that the bee was going under
Qnik0m508xy27zjtab6ipo296Q,rotational,50.0,"[[1, 7, 6, 5, 3], [6, 7, 1, 4]]",1.0,3.514,1,Fairly conscious/deliberative,Somewhat unclear,Quite hard,Rather confident,I tried to remember the different pairs that the bee was going under
Qnik0m508xy27zjtab6ipo296Q,rotational,51.0,"[[4, 1, 7, 0], [5, 6, 7]]",0.0,3.22,0,Fairly conscious/deliberative,Somewhat unclear,Quite hard,Rather confident,I tried to remember the different pairs that the bee was going under
Qnik0m508xy27zjtab6ipo296Q,rotational,52.0,"[[7, 1, 4], [1, 7, 6, 2]]",0.0,3.784,1,Fairly conscious/deliberative,Somewhat unclear,Quite hard,Rather confident,I tried to remember the different pairs that the bee was going under
Qnik0m508xy27zjtab6ipo296Q,rotational,53.0,"[[7, 6, 5], [6, 7, 1, 4]]",1.0,3.194,0,Fairly conscious/deliberative,Somewhat unclear,Quite hard,Rather confident,I tried to remember the different pairs that the bee was going under
Qnik0m508xy27zjtab6ipo296Q,rotational,54.0,"[[3, 5, 6, 7], [4, 1, 7, 6, 5]]",0.0,3.57,1,Fairly conscious/deliberative,Somewhat unclear,Quite hard,Rather confident,I tried to remember the different pairs that the bee was going under
Qnik0m508xy27zjtab6ipo296Q,rotational,55.0,"[[3, 5, 6], [0, 7, 6, 2]]",0.0,6.162,1,Fairly conscious/deliberative,Somewhat unclear,Quite hard,Rather confident,I tried to remember the different pairs that the bee was going under
Qnik0m508xy27zjtab6ipo296Q,rotational,56.0,"[[4, 1, 7], [1, 7, 6, 5]]",1.0,5.238,0,Fairly conscious/deliberative,Somewhat unclear,Quite hard,Rather confident,I tried to remember the different pairs that the bee was going under
Qnik0m508xy27zjtab6ipo296Q,rotational,57.0,"[[2, 6, 7, 1, 4], [3, 5, 6, 7, 1, 4]]",0.0,4.446,1,Fairly conscious/deliberative,Somewhat unclear,Quite hard,Rather confident,I tried to remember the different pairs that the bee was going under
Qnik0m508xy27zjtab6ipo296Q,rotational,58.0,"[[2, 6, 5], [3, 5, 6, 7]]",1.0,2.166,0,Fairly conscious/deliberative,Somewhat unclear,Quite hard,Rather confident,I tried to remember the different pairs that the bee was going under
Qnik0m508xy27zjtab6ipo296Q,rotational,59.0,"[[3, 5, 6, 2], [6, 7, 0]]",0.0,3.339,0,Fairly conscious/deliberative,Somewhat unclear,Quite hard,Rather confident,I tried to remember the different pairs that the bee was going under
Qnik0m508xy27zjtab6ipo296Q,rotational,60.0,"[[7, 6, 5], [0, 7, 6, 2]]",1.0,12.397,0,Fairly conscious/deliberative,Somewhat unclear,Quite hard,Rather confident,I tried to remember the different pairs that the bee was going under
Qnik0m508xy27zjtab6ipo296Q,rotational,61.0,"[[1, 7, 0], [5, 6, 7, 0]]",0.0,2.412,1,Fairly conscious/deliberative,Somewhat unclear,Quite hard,Rather confident,I tried to remember the different pairs that the bee was going under
Qnik0m508xy27zjtab6ipo296Q,rotational,62.0,"[[0, 7, 1, 4], [7, 6, 2]]",1.0,2.568,1,Fairly conscious/deliberative,Somewhat unclear,Quite hard,Rather confident,I tried to remember the different pairs that the bee was going under
Qnik0m508xy27zjtab6ipo296Q,rotational,63.0,"[[5, 6, 7], [1, 7, 6, 5]]",1.0,2.054,0,Fairly conscious/deliberative,Somewhat unclear,Quite hard,Rather confident,I tried to remember the different pairs that the bee was going under
Qnik0m508xy27zjtab6ipo296Q,rotational,64.0,"[[3, 5, 6, 2], [2, 6, 5]]",1.0,1.866,1,Fairly conscious/deliberative,Somewhat unclear,Quite hard,Rather confident,I tried to remember the different pairs that the bee was going under
Qnmxphnc8wp0gw69gbzrkqw54Q,rotational,0.0,"[[5, 6, 7, 0], [7, 6, 5]]",0.0,16.947,0,Fairly intuitive/unconscious,Somewhat unclear,Hard,Rather unconfident,would need a photographic memory to be able to answer 
Qnmxphnc8wp0gw69gbzrkqw54Q,rotational,1.0,"[[0, 7, 1], [2, 6, 7, 1]]",1.0,23.246,0,Fairly intuitive/unconscious,Somewhat unclear,Hard,Rather unconfident,would need a photographic memory to be able to answer 
Qnmxphnc8wp0gw69gbzrkqw54Q,rotational,2.0,"[[5, 6, 7, 1], [6, 5, 3]]",1.0,25.878,1,Fairly intuitive/unconscious,Somewhat unclear,Hard,Rather unconfident,would need a photographic memory to be able to answer 
Qnmxphnc8wp0gw69gbzrkqw54Q,rotational,3.0,"[[2, 6, 7, 1], [1, 7, 0]]",1.0,45.877,1,Fairly intuitive/unconscious,Somewhat unclear,Hard,Rather unconfident,would need a photographic memory to be able to answer 
Qnmxphnc8wp0gw69gbzrkqw54Q,rotational,4.0,"[[7, 1, 4], [1, 7, 6, 2]]",1.0,47.378,0,Fairly intuitive/unconscious,Somewhat unclear,Hard,Rather unconfident,would need a photographic memory to be able to answer 
Qnmxphnc8wp0gw69gbzrkqw54Q,rotational,5.0,"[[2, 6, 5, 3], [0, 7, 1]]",1.0,14.398,1,Fairly intuitive/unconscious,Somewhat unclear,Hard,Rather unconfident,would need a photographic memory to be able to answer 
Qnmxphnc8wp0gw69gbzrkqw54Q,rotational,6.0,"[[5, 6, 7, 0], [2, 6, 7, 1, 4]]",1.0,15.976,0,Fairly intuitive/unconscious,Somewhat unclear,Hard,Rather unconfident,would need a photographic memory to be able to answer 
Qnmxphnc8wp0gw69gbzrkqw54Q,rotational,7.0,"[[3, 5, 6, 7, 1], [6, 7, 1, 4]]",0.0,44.283,0,Fairly intuitive/unconscious,Somewhat unclear,Hard,Rather unconfident,would need a photographic memory to be able to answer 
Qnmxphnc8wp0gw69gbzrkqw54Q,rotational,8.0,"[[1, 7, 6], [4, 1, 7, 0]]",0.0,40.93,1,Fairly intuitive/unconscious,Somewhat unclear,Hard,Rather unconfident,would need a photographic memory to be able to answer 
Qnmxphnc8wp0gw69gbzrkqw54Q,rotational,9.0,"[[5, 6, 7, 1], [1, 7, 6]]",1.0,18.276,1,Fairly intuitive/unconscious,Somewhat unclear,Hard,Rather unconfident,would need a photographic memory to be able to answer 
Qnmxphnc8wp0gw69gbzrkqw54Q,rotational,10.0,"[[2, 6, 7, 1, 4], [4, 1, 7, 6, 5, 3]]",1.0,1.476,0,Fairly intuitive/unconscious,Somewhat unclear,Hard,Rather unconfident,would need a photographic memory to be able to answer 
Qnmxphnc8wp0gw69gbzrkqw54Q,rotational,11.0,"[[2, 6, 5], [0, 7, 1, 4]]",1.0,2.465,0,Fairly intuitive/unconscious,Somewhat unclear,Hard,Rather unconfident,would need a photographic memory to be able to answer 
Qnmxphnc8wp0gw69gbzrkqw54Q,rotational,12.0,"[[6, 7, 1, 4], [0, 7, 1]]",1.0,3.681,1,Fairly intuitive/unconscious,Somewhat unclear,Hard,Rather unconfident,would need a photographic memory to be able to answer 
Qnmxphnc8wp0gw69gbzrkqw54Q,rotational,13.0,"[[0, 7, 6, 5], [7, 1, 4]]",0.0,2.18,0,Fairly intuitive/unconscious,Somewhat unclear,Hard,Rather unconfident,would need a photographic memory to be able to answer 
Qnmxphnc8wp0gw69gbzrkqw54Q,rotational,14.0,"[[4, 1, 7, 0], [6, 7, 0]]",0.0,1.329,0,Fairly intuitive/unconscious,Somewhat unclear,Hard,Rather unconfident,would need a photographic memory to be able to answer 
Qnmxphnc8wp0gw69gbzrkqw54Q,rotational,15.0,"[[1, 7, 6, 5, 3], [3, 5, 6, 2]]",0.0,4.944,0,Fairly intuitive/unconscious,Somewhat unclear,Hard,Rather unconfident,would need a photographic memory to be able to answer 
Qnmxphnc8wp0gw69gbzrkqw54Q,rotational,16.0,"[[3, 5, 6, 7], [5, 6, 7, 1, 4]]",0.0,6.581,1,Fairly intuitive/unconscious,Somewhat unclear,Hard,Rather unconfident,would need a photographic memory to be able to answer 
Qnmxphnc8wp0gw69gbzrkqw54Q,rotational,17.0,"[[2, 6, 7], [6, 7, 1, 4]]",1.0,3.193,0,Fairly intuitive/unconscious,Somewhat unclear,Hard,Rather unconfident,would need a photographic memory to be able to answer 
Qnmxphnc8wp0gw69gbzrkqw54Q,rotational,18.0,"[[0, 7, 6, 2], [6, 5, 3]]",1.0,15.131,1,Fairly intuitive/unconscious,Somewhat unclear,Hard,Rather unconfident,would need a photographic memory to be able to answer 
Qnmxphnc8wp0gw69gbzrkqw54Q,rotational,19.0,"[[3, 5, 6, 7, 1], [5, 6, 7, 1]]",0.0,2.714,0,Fairly intuitive/unconscious,Somewhat unclear,Hard,Rather unconfident,would need a photographic memory to be able to answer 
Qnmxphnc8wp0gw69gbzrkqw54Q,rotational,20.0,"[[5, 6, 7, 1], [2, 6, 7]]",0.0,1.658,0,Fairly intuitive/unconscious,Somewhat unclear,Hard,Rather unconfident,would need a photographic memory to be able to answer 
Qnmxphnc8wp0gw69gbzrkqw54Q,rotational,21.0,"[[3, 5, 6, 2], [5, 6, 2]]",0.0,1.864,0,Fairly intuitive/unconscious,Somewhat unclear,Hard,Rather unconfident,would need a photographic memory to be able to answer 
Qnmxphnc8wp0gw69gbzrkqw54Q,rotational,22.0,"[[5, 6, 7, 0], [6, 7, 0]]",0.0,1.261,0,Fairly intuitive/unconscious,Somewhat unclear,Hard,Rather unconfident,would need a photographic memory to be able to answer 
Qnmxphnc8wp0gw69gbzrkqw54Q,rotational,23.0,"[[4, 1, 7], [0, 7, 6, 2]]",1.0,2.249,0,Fairly intuitive/unconscious,Somewhat unclear,Hard,Rather unconfident,would need a photographic memory to be able to answer 
Qnmxphnc8wp0gw69gbzrkqw54Q,rotational,24.0,"[[1, 7, 6], [2, 6, 5, 3]]",0.0,0.616,1,Fairly intuitive/unconscious,Somewhat unclear,Hard,Rather unconfident,would need a photographic memory to be able to answer 
Qnmxphnc8wp0gw69gbzrkqw54Q,rotational,25.0,"[[0, 7, 1], [5, 6, 7, 1]]",0.0,11.225,1,Fairly intuitive/unconscious,Somewhat unclear,Hard,Rather unconfident,would need a photographic memory to be able to answer 
Qnmxphnc8wp0gw69gbzrkqw54Q,rotational,26.0,"[[7, 6, 5], [3, 5, 6, 2]]",1.0,2.346,0,Fairly intuitive/unconscious,Somewhat unclear,Hard,Rather unconfident,would need a photographic memory to be able to answer 
Qnmxphnc8wp0gw69gbzrkqw54Q,rotational,27.0,"[[2, 6, 7], [4, 1, 7, 0]]",1.0,1.929,0,Fairly intuitive/unconscious,Somewhat unclear,Hard,Rather unconfident,would need a photographic memory to be able to answer 
Qnmxphnc8wp0gw69gbzrkqw54Q,rotational,28.0,"[[0, 7, 1, 4], [2, 6, 7, 1, 4]]",1.0,8.349,0,Fairly intuitive/unconscious,Somewhat unclear,Hard,Rather unconfident,would need a photographic memory to be able to answer 
Qnmxphnc8wp0gw69gbzrkqw54Q,rotational,29.0,"[[2, 6, 7, 1], [7, 6, 5]]",1.0,2.327,1,Fairly intuitive/unconscious,Somewhat unclear,Hard,Rather unconfident,would need a photographic memory to be able to answer 
Qnmxphnc8wp0gw69gbzrkqw54Q,rotational,30.0,"[[2, 6, 7, 1, 4], [3, 5, 6, 2]]",1.0,13.584,1,Fairly intuitive/unconscious,Somewhat unclear,Hard,Rather unconfident,would need a photographic memory to be able to answer 
Qnmxphnc8wp0gw69gbzrkqw54Q,rotational,31.0,"[[3, 5, 6, 7, 0], [6, 7, 1, 4]]",0.0,12.66,0,Fairly intuitive/unconscious,Somewhat unclear,Hard,Rather unconfident,would need a photographic memory to be able to answer 
Qnmxphnc8wp0gw69gbzrkqw54Q,rotational,32.0,"[[5, 6, 2], [3, 5, 6, 7]]",0.0,1.178,1,Fairly intuitive/unconscious,Somewhat unclear,Hard,Rather unconfident,would need a photographic memory to be able to answer 
Qnmxphnc8wp0gw69gbzrkqw54Q,rotational,33.0,"[[0, 7, 6], [2, 6, 5, 3]]",0.0,1.162,1,Fairly intuitive/unconscious,Somewhat unclear,Hard,Rather unconfident,would need a photographic memory to be able to answer 
Qnmxphnc8wp0gw69gbzrkqw54Q,rotational,34.0,"[[6, 5, 3], [6, 7, 1, 4]]",1.0,1.431,0,Fairly intuitive/unconscious,Somewhat unclear,Hard,Rather unconfident,would need a photographic memory to be able to answer 
Qnmxphnc8wp0gw69gbzrkqw54Q,rotational,35.0,"[[7, 6, 5, 3], [4, 1, 7, 6, 5]]",1.0,2.93,0,Fairly intuitive/unconscious,Somewhat unclear,Hard,Rather unconfident,would need a photographic memory to be able to answer 
Qnmxphnc8wp0gw69gbzrkqw54Q,rotational,36.0,"[[2, 6, 7, 0], [0, 7, 1]]",1.0,1.194,1,Fairly intuitive/unconscious,Somewhat unclear,Hard,Rather unconfident,would need a photographic memory to be able to answer 
Qnmxphnc8wp0gw69gbzrkqw54Q,rotational,37.0,"[[0, 7, 1], [5, 6, 7, 0]]",0.0,0.894,1,Fairly intuitive/unconscious,Somewhat unclear,Hard,Rather unconfident,would need a photographic memory to be able to answer 
Qnmxphnc8wp0gw69gbzrkqw54Q,rotational,38.0,"[[2, 6, 7], [0, 7, 1, 4]]",0.0,1.545,1,Fairly intuitive/unconscious,Somewhat unclear,Hard,Rather unconfident,would need a photographic memory to be able to answer 
Qnmxphnc8wp0gw69gbzrkqw54Q,rotational,39.0,"[[7, 6, 5, 3], [7, 6, 2]]",0.0,2.679,0,Fairly intuitive/unconscious,Somewhat unclear,Hard,Rather unconfident,would need a photographic memory to be able to answer 
Qnmxphnc8wp0gw69gbzrkqw54Q,rotational,40.0,"[[1, 7, 6, 2], [6, 7, 1]]",0.0,2.015,0,Fairly intuitive/unconscious,Somewhat unclear,Hard,Rather unconfident,would need a photographic memory to be able to answer 
Qnmxphnc8wp0gw69gbzrkqw54Q,rotational,41.0,"[[0, 7, 1, 4], [7, 6, 5]]",1.0,2.044,1,Fairly intuitive/unconscious,Somewhat unclear,Hard,Rather unconfident,would need a photographic memory to be able to answer 
Qnmxphnc8wp0gw69gbzrkqw54Q,rotational,42.0,"[[4, 1, 7, 0], [6, 5, 3]]",0.0,2.496,0,Fairly intuitive/unconscious,Somewhat unclear,Hard,Rather unconfident,would need a photographic memory to be able to answer 
Qnmxphnc8wp0gw69gbzrkqw54Q,rotational,43.0,"[[2, 6, 5], [5, 6, 7, 0]]",1.0,1.982,0,Fairly intuitive/unconscious,Somewhat unclear,Hard,Rather unconfident,would need a photographic memory to be able to answer 
Qnmxphnc8wp0gw69gbzrkqw54Q,rotational,44.0,"[[2, 6, 5, 3], [4, 1, 7]]",0.0,1.311,0,Fairly intuitive/unconscious,Somewhat unclear,Hard,Rather unconfident,would need a photographic memory to be able to answer 
Qnmxphnc8wp0gw69gbzrkqw54Q,rotational,45.0,"[[4, 1, 7, 6], [5, 6, 7]]",1.0,1.463,1,Fairly intuitive/unconscious,Somewhat unclear,Hard,Rather unconfident,would need a photographic memory to be able to answer 
Qnmxphnc8wp0gw69gbzrkqw54Q,rotational,46.0,"[[6, 7, 1, 4], [4, 1, 7, 6, 5]]",0.0,1.493,1,Fairly intuitive/unconscious,Somewhat unclear,Hard,Rather unconfident,would need a photographic memory to be able to answer 
Qnmxphnc8wp0gw69gbzrkqw54Q,rotational,47.0,"[[2, 6, 5], [1, 7, 6, 5]]",0.0,1.296,1,Fairly intuitive/unconscious,Somewhat unclear,Hard,Rather unconfident,would need a photographic memory to be able to answer 
Qnmxphnc8wp0gw69gbzrkqw54Q,rotational,48.0,"[[4, 1, 7, 6], [2, 6, 5]]",1.0,1.495,1,Fairly intuitive/unconscious,Somewhat unclear,Hard,Rather unconfident,would need a photographic memory to be able to answer 
Qnmxphnc8wp0gw69gbzrkqw54Q,rotational,49.0,"[[1, 7, 6, 5, 3], [1, 7, 6, 2]]",0.0,1.578,0,Fairly intuitive/unconscious,Somewhat unclear,Hard,Rather unconfident,would need a photographic memory to be able to answer 
Qnmxphnc8wp0gw69gbzrkqw54Q,rotational,50.0,"[[2, 6, 7, 1, 4], [3, 5, 6, 7]]",1.0,1.38,1,Fairly intuitive/unconscious,Somewhat unclear,Hard,Rather unconfident,would need a photographic memory to be able to answer 
Qnmxphnc8wp0gw69gbzrkqw54Q,rotational,51.0,"[[2, 6, 7, 0], [3, 5, 6, 7, 0]]",0.0,1.681,1,Fairly intuitive/unconscious,Somewhat unclear,Hard,Rather unconfident,would need a photographic memory to be able to answer 
Qnmxphnc8wp0gw69gbzrkqw54Q,rotational,52.0,"[[6, 7, 1], [5, 6, 7, 0]]",1.0,0.828,0,Fairly intuitive/unconscious,Somewhat unclear,Hard,Rather unconfident,would need a photographic memory to be able to answer 
Qnmxphnc8wp0gw69gbzrkqw54Q,rotational,53.0,"[[1, 7, 6, 5], [7, 6, 5]]",0.0,5.895,0,Fairly intuitive/unconscious,Somewhat unclear,Hard,Rather unconfident,would need a photographic memory to be able to answer 
Qnmxphnc8wp0gw69gbzrkqw54Q,rotational,54.0,"[[2, 6, 7], [2, 6, 7, 1]]",1.0,8.898,0,Fairly intuitive/unconscious,Somewhat unclear,Hard,Rather unconfident,would need a photographic memory to be able to answer 
Qnmxphnc8wp0gw69gbzrkqw54Q,rotational,55.0,"[[6, 5, 3], [4, 1, 7, 6]]",1.0,2.113,0,Fairly intuitive/unconscious,Somewhat unclear,Hard,Rather unconfident,would need a photographic memory to be able to answer 
Qnmxphnc8wp0gw69gbzrkqw54Q,rotational,56.0,"[[5, 6, 7, 1, 4], [0, 7, 1, 4]]",0.0,2.113,0,Fairly intuitive/unconscious,Somewhat unclear,Hard,Rather unconfident,would need a photographic memory to be able to answer 
Qnmxphnc8wp0gw69gbzrkqw54Q,rotational,57.0,"[[1, 7, 6, 2], [3, 5, 6]]",1.0,1.195,1,Fairly intuitive/unconscious,Somewhat unclear,Hard,Rather unconfident,would need a photographic memory to be able to answer 
Qnmxphnc8wp0gw69gbzrkqw54Q,rotational,58.0,"[[7, 6, 2], [6, 7, 1, 4]]",1.0,0.927,0,Fairly intuitive/unconscious,Somewhat unclear,Hard,Rather unconfident,would need a photographic memory to be able to answer 
Qnmxphnc8wp0gw69gbzrkqw54Q,rotational,59.0,"[[1, 7, 6, 2], [7, 1, 4]]",0.0,0.648,0,Fairly intuitive/unconscious,Somewhat unclear,Hard,Rather unconfident,would need a photographic memory to be able to answer 
Qnmxphnc8wp0gw69gbzrkqw54Q,rotational,60.0,"[[7, 1, 4], [1, 7, 6, 5]]",0.0,3.378,1,Fairly intuitive/unconscious,Somewhat unclear,Hard,Rather unconfident,would need a photographic memory to be able to answer 
Qnmxphnc8wp0gw69gbzrkqw54Q,rotational,61.0,"[[2, 6, 7, 1], [5, 6, 2]]",0.0,9.995,0,Fairly intuitive/unconscious,Somewhat unclear,Hard,Rather unconfident,would need a photographic memory to be able to answer 
Qnmxphnc8wp0gw69gbzrkqw54Q,rotational,62.0,"[[1, 7, 6, 2], [0, 7, 6, 5, 3]]",1.0,10.999,0,Fairly intuitive/unconscious,Somewhat unclear,Hard,Rather unconfident,would need a photographic memory to be able to answer 
Qnmxphnc8wp0gw69gbzrkqw54Q,rotational,63.0,"[[4, 1, 7], [1, 7, 6, 5]]",1.0,0.792,0,Fairly intuitive/unconscious,Somewhat unclear,Hard,Rather unconfident,would need a photographic memory to be able to answer 
Qnmxphnc8wp0gw69gbzrkqw54Q,rotational,64.0,"[[7, 6, 5], [0, 7, 6, 2]]",1.0,0.662,0,Fairly intuitive/unconscious,Somewhat unclear,Hard,Rather unconfident,would need a photographic memory to be able to answer 
Qog3gba4r2sgqgowky5ja0ptzQ,rotational,0.0,"[[0, 7, 6, 5], [0, 7, 1]]",1.0,6.219,1,Fully conscious/deliberative,Fully clear,Easy,Confident,I pictured the flowers on the map from yesterday and imagined the connections between them from what I could remember. Then I counted the number of stops the bee would have to make and chose the lesser option.
Qog3gba4r2sgqgowky5ja0ptzQ,rotational,1.0,"[[3, 5, 6, 7], [5, 6, 7, 1, 4]]",1.0,11.907,0,Fully conscious/deliberative,Fully clear,Easy,Confident,I pictured the flowers on the map from yesterday and imagined the connections between them from what I could remember. Then I counted the number of stops the bee would have to make and chose the lesser option.
Qog3gba4r2sgqgowky5ja0ptzQ,rotational,2.0,"[[6, 7, 1], [2, 6, 5, 3]]",1.0,18.344,0,Fully conscious/deliberative,Fully clear,Easy,Confident,I pictured the flowers on the map from yesterday and imagined the connections between them from what I could remember. Then I counted the number of stops the bee would have to make and chose the lesser option.
Qog3gba4r2sgqgowky5ja0ptzQ,rotational,3.0,"[[7, 6, 5], [2, 6, 7, 1]]",1.0,12.367,0,Fully conscious/deliberative,Fully clear,Easy,Confident,I pictured the flowers on the map from yesterday and imagined the connections between them from what I could remember. Then I counted the number of stops the bee would have to make and chose the lesser option.
Qog3gba4r2sgqgowky5ja0ptzQ,rotational,4.0,"[[4, 1, 7, 6, 2], [3, 5, 6, 2]]",1.0,14.771,1,Fully conscious/deliberative,Fully clear,Easy,Confident,I pictured the flowers on the map from yesterday and imagined the connections between them from what I could remember. Then I counted the number of stops the bee would have to make and chose the lesser option.
Qog3gba4r2sgqgowky5ja0ptzQ,rotational,5.0,"[[5, 6, 7, 1], [7, 1, 4]]",1.0,15.651,1,Fully conscious/deliberative,Fully clear,Easy,Confident,I pictured the flowers on the map from yesterday and imagined the connections between them from what I could remember. Then I counted the number of stops the bee would have to make and chose the lesser option.
Qog3gba4r2sgqgowky5ja0ptzQ,rotational,6.0,"[[5, 6, 2], [4, 1, 7, 6]]",1.0,10.812,0,Fully conscious/deliberative,Fully clear,Easy,Confident,I pictured the flowers on the map from yesterday and imagined the connections between them from what I could remember. Then I counted the number of stops the bee would have to make and chose the lesser option.
Qog3gba4r2sgqgowky5ja0ptzQ,rotational,7.0,"[[5, 6, 2], [5, 6, 7, 1]]",1.0,5.004,0,Fully conscious/deliberative,Fully clear,Easy,Confident,I pictured the flowers on the map from yesterday and imagined the connections between them from what I could remember. Then I counted the number of stops the bee would have to make and chose the lesser option.
Qog3gba4r2sgqgowky5ja0ptzQ,rotational,8.0,"[[7, 6, 2], [0, 7, 1, 4]]",1.0,9.482,0,Fully conscious/deliberative,Fully clear,Easy,Confident,I pictured the flowers on the map from yesterday and imagined the connections between them from what I could remember. Then I counted the number of stops the bee would have to make and chose the lesser option.
Qog3gba4r2sgqgowky5ja0ptzQ,rotational,9.0,"[[7, 6, 5], [1, 7, 6, 5]]",1.0,12.972,0,Fully conscious/deliberative,Fully clear,Easy,Confident,I pictured the flowers on the map from yesterday and imagined the connections between them from what I could remember. Then I counted the number of stops the bee would have to make and chose the lesser option.
Qog3gba4r2sgqgowky5ja0ptzQ,rotational,10.0,"[[4, 1, 7, 6, 2], [4, 1, 7, 6, 5, 3]]",0.0,15.469,1,Fully conscious/deliberative,Fully clear,Easy,Confident,I pictured the flowers on the map from yesterday and imagined the connections between them from what I could remember. Then I counted the number of stops the bee would have to make and chose the lesser option.
Qog3gba4r2sgqgowky5ja0ptzQ,rotational,11.0,"[[7, 6, 5, 3], [2, 6, 5]]",1.0,7.331,1,Fully conscious/deliberative,Fully clear,Easy,Confident,I pictured the flowers on the map from yesterday and imagined the connections between them from what I could remember. Then I counted the number of stops the bee would have to make and chose the lesser option.
Qog3gba4r2sgqgowky5ja0ptzQ,rotational,12.0,"[[6, 7, 1, 4], [3, 5, 6, 7, 0]]",1.0,12.194,0,Fully conscious/deliberative,Fully clear,Easy,Confident,I pictured the flowers on the map from yesterday and imagined the connections between them from what I could remember. Then I counted the number of stops the bee would have to make and chose the lesser option.
Qog3gba4r2sgqgowky5ja0ptzQ,rotational,13.0,"[[0, 7, 6, 2], [6, 5, 3]]",1.0,9.085,1,Fully conscious/deliberative,Fully clear,Easy,Confident,I pictured the flowers on the map from yesterday and imagined the connections between them from what I could remember. Then I counted the number of stops the bee would have to make and chose the lesser option.
Qog3gba4r2sgqgowky5ja0ptzQ,rotational,14.0,"[[4, 1, 7, 6], [3, 5, 6, 7, 1]]",1.0,11.344,0,Fully conscious/deliberative,Fully clear,Easy,Confident,I pictured the flowers on the map from yesterday and imagined the connections between them from what I could remember. Then I counted the number of stops the bee would have to make and chose the lesser option.
Qog3gba4r2sgqgowky5ja0ptzQ,rotational,15.0,"[[0, 7, 1, 4], [6, 5, 3]]",0.0,2.471,0,Fully conscious/deliberative,Fully clear,Easy,Confident,I pictured the flowers on the map from yesterday and imagined the connections between them from what I could remember. Then I counted the number of stops the bee would have to make and chose the lesser option.
Qog3gba4r2sgqgowky5ja0ptzQ,rotational,16.0,"[[5, 6, 2], [0, 7, 6, 5]]",1.0,1.709,0,Fully conscious/deliberative,Fully clear,Easy,Confident,I pictured the flowers on the map from yesterday and imagined the connections between them from what I could remember. Then I counted the number of stops the bee would have to make and chose the lesser option.
Qog3gba4r2sgqgowky5ja0ptzQ,rotational,17.0,"[[1, 7, 6], [0, 7, 6, 5]]",1.0,5.842,0,Fully conscious/deliberative,Fully clear,Easy,Confident,I pictured the flowers on the map from yesterday and imagined the connections between them from what I could remember. Then I counted the number of stops the bee would have to make and chose the lesser option.
Qog3gba4r2sgqgowky5ja0ptzQ,rotational,18.0,"[[2, 6, 5], [3, 5, 6, 2]]",1.0,5.177,0,Fully conscious/deliberative,Fully clear,Easy,Confident,I pictured the flowers on the map from yesterday and imagined the connections between them from what I could remember. Then I counted the number of stops the bee would have to make and chose the lesser option.
Qog3gba4r2sgqgowky5ja0ptzQ,rotational,19.0,"[[7, 1, 4], [0, 7, 6, 5]]",1.0,3.035,0,Fully conscious/deliberative,Fully clear,Easy,Confident,I pictured the flowers on the map from yesterday and imagined the connections between them from what I could remember. Then I counted the number of stops the bee would have to make and chose the lesser option.
Qog3gba4r2sgqgowky5ja0ptzQ,rotational,20.0,"[[2, 6, 7, 1], [3, 5, 6, 7, 0]]",1.0,48.456,0,Fully conscious/deliberative,Fully clear,Easy,Confident,I pictured the flowers on the map from yesterday and imagined the connections between them from what I could remember. Then I counted the number of stops the bee would have to make and chose the lesser option.
Qog3gba4r2sgqgowky5ja0ptzQ,rotational,21.0,"[[4, 1, 7], [2, 6, 5, 3]]",1.0,19.628,0,Fully conscious/deliberative,Fully clear,Easy,Confident,I pictured the flowers on the map from yesterday and imagined the connections between them from what I could remember. Then I counted the number of stops the bee would have to make and chose the lesser option.
Qog3gba4r2sgqgowky5ja0ptzQ,rotational,22.0,"[[4, 1, 7, 0], [6, 7, 0]]",1.0,3.642,1,Fully conscious/deliberative,Fully clear,Easy,Confident,I pictured the flowers on the map from yesterday and imagined the connections between them from what I could remember. Then I counted the number of stops the bee would have to make and chose the lesser option.
Qog3gba4r2sgqgowky5ja0ptzQ,rotational,23.0,"[[3, 5, 6, 2], [7, 6, 5]]",1.0,9.855,1,Fully conscious/deliberative,Fully clear,Easy,Confident,I pictured the flowers on the map from yesterday and imagined the connections between them from what I could remember. Then I counted the number of stops the bee would have to make and chose the lesser option.
Qog3gba4r2sgqgowky5ja0ptzQ,rotational,24.0,"[[1, 7, 6, 5], [6, 7, 1]]",1.0,4.364,1,Fully conscious/deliberative,Fully clear,Easy,Confident,I pictured the flowers on the map from yesterday and imagined the connections between them from what I could remember. Then I counted the number of stops the bee would have to make and chose the lesser option.
Qog3gba4r2sgqgowky5ja0ptzQ,rotational,25.0,"[[2, 6, 5], [1, 7, 6, 2]]",1.0,3.849,0,Fully conscious/deliberative,Fully clear,Easy,Confident,I pictured the flowers on the map from yesterday and imagined the connections between them from what I could remember. Then I counted the number of stops the bee would have to make and chose the lesser option.
Qog3gba4r2sgqgowky5ja0ptzQ,rotational,26.0,"[[3, 5, 6, 7, 1], [5, 6, 7, 1]]",1.0,12.815,1,Fully conscious/deliberative,Fully clear,Easy,Confident,I pictured the flowers on the map from yesterday and imagined the connections between them from what I could remember. Then I counted the number of stops the bee would have to make and chose the lesser option.
Qog3gba4r2sgqgowky5ja0ptzQ,rotational,27.0,"[[2, 6, 7], [2, 6, 7, 1]]",1.0,3.423,0,Fully conscious/deliberative,Fully clear,Easy,Confident,I pictured the flowers on the map from yesterday and imagined the connections between them from what I could remember. Then I counted the number of stops the bee would have to make and chose the lesser option.
Qog3gba4r2sgqgowky5ja0ptzQ,rotational,28.0,"[[1, 7, 6, 5], [7, 6, 2]]",1.0,13.135,1,Fully conscious/deliberative,Fully clear,Easy,Confident,I pictured the flowers on the map from yesterday and imagined the connections between them from what I could remember. Then I counted the number of stops the bee would have to make and chose the lesser option.
Qog3gba4r2sgqgowky5ja0ptzQ,rotational,29.0,"[[2, 6, 7, 1], [1, 7, 6, 5, 3]]",1.0,73.735,0,Fully conscious/deliberative,Fully clear,Easy,Confident,I pictured the flowers on the map from yesterday and imagined the connections between them from what I could remember. Then I counted the number of stops the bee would have to make and chose the lesser option.
Qog3gba4r2sgqgowky5ja0ptzQ,rotational,30.0,"[[0, 7, 6, 5], [5, 6, 7]]",1.0,6.483,1,Fully conscious/deliberative,Fully clear,Easy,Confident,I pictured the flowers on the map from yesterday and imagined the connections between them from what I could remember. Then I counted the number of stops the bee would have to make and chose the lesser option.
Qog3gba4r2sgqgowky5ja0ptzQ,rotational,31.0,"[[1, 7, 6, 5], [0, 7, 1]]",1.0,6.085,1,Fully conscious/deliberative,Fully clear,Easy,Confident,I pictured the flowers on the map from yesterday and imagined the connections between them from what I could remember. Then I counted the number of stops the bee would have to make and chose the lesser option.
Qog3gba4r2sgqgowky5ja0ptzQ,rotational,32.0,"[[3, 5, 6, 2], [6, 7, 0]]",1.0,5.075,1,Fully conscious/deliberative,Fully clear,Easy,Confident,I pictured the flowers on the map from yesterday and imagined the connections between them from what I could remember. Then I counted the number of stops the bee would have to make and chose the lesser option.
Qog3gba4r2sgqgowky5ja0ptzQ,rotational,33.0,"[[2, 6, 7, 1, 4], [0, 7, 6, 5]]",1.0,23.233,1,Fully conscious/deliberative,Fully clear,Easy,Confident,I pictured the flowers on the map from yesterday and imagined the connections between them from what I could remember. Then I counted the number of stops the bee would have to make and chose the lesser option.
Qog3gba4r2sgqgowky5ja0ptzQ,rotational,34.0,"[[4, 1, 7, 6], [2, 6, 7]]",1.0,12.499,1,Fully conscious/deliberative,Fully clear,Easy,Confident,I pictured the flowers on the map from yesterday and imagined the connections between them from what I could remember. Then I counted the number of stops the bee would have to make and chose the lesser option.
Qog3gba4r2sgqgowky5ja0ptzQ,rotational,35.0,"[[6, 7, 1, 4], [7, 6, 5]]",1.0,6.024,1,Fully conscious/deliberative,Fully clear,Easy,Confident,I pictured the flowers on the map from yesterday and imagined the connections between them from what I could remember. Then I counted the number of stops the bee would have to make and chose the lesser option.
Qog3gba4r2sgqgowky5ja0ptzQ,rotational,36.0,"[[2, 6, 7, 1], [1, 7, 0]]",1.0,3.373,1,Fully conscious/deliberative,Fully clear,Easy,Confident,I pictured the flowers on the map from yesterday and imagined the connections between them from what I could remember. Then I counted the number of stops the bee would have to make and chose the lesser option.
Qog3gba4r2sgqgowky5ja0ptzQ,rotational,37.0,"[[0, 7, 6, 5, 3], [2, 6, 7, 0]]",1.0,8.223,1,Fully conscious/deliberative,Fully clear,Easy,Confident,I pictured the flowers on the map from yesterday and imagined the connections between them from what I could remember. Then I counted the number of stops the bee would have to make and chose the lesser option.
Qog3gba4r2sgqgowky5ja0ptzQ,rotational,38.0,"[[4, 1, 7], [2, 6, 7, 1]]",1.0,7.0,0,Fully conscious/deliberative,Fully clear,Easy,Confident,I pictured the flowers on the map from yesterday and imagined the connections between them from what I could remember. Then I counted the number of stops the bee would have to make and chose the lesser option.
Qog3gba4r2sgqgowky5ja0ptzQ,rotational,39.0,"[[1, 7, 6, 2], [4, 1, 7]]",1.0,6.346,1,Fully conscious/deliberative,Fully clear,Easy,Confident,I pictured the flowers on the map from yesterday and imagined the connections between them from what I could remember. Then I counted the number of stops the bee would have to make and chose the lesser option.
Qog3gba4r2sgqgowky5ja0ptzQ,rotational,40.0,"[[2, 6, 7], [7, 6, 5, 3]]",1.0,4.49,0,Fully conscious/deliberative,Fully clear,Easy,Confident,I pictured the flowers on the map from yesterday and imagined the connections between them from what I could remember. Then I counted the number of stops the bee would have to make and chose the lesser option.
Qog3gba4r2sgqgowky5ja0ptzQ,rotational,41.0,"[[6, 5, 3], [1, 7, 6, 5]]",1.0,8.69,0,Fully conscious/deliberative,Fully clear,Easy,Confident,I pictured the flowers on the map from yesterday and imagined the connections between them from what I could remember. Then I counted the number of stops the bee would have to make and chose the lesser option.
Qog3gba4r2sgqgowky5ja0ptzQ,rotational,42.0,"[[3, 5, 6], [6, 7, 1, 4]]",1.0,3.24,0,Fully conscious/deliberative,Fully clear,Easy,Confident,I pictured the flowers on the map from yesterday and imagined the connections between them from what I could remember. Then I counted the number of stops the bee would have to make and chose the lesser option.
Qog3gba4r2sgqgowky5ja0ptzQ,rotational,43.0,"[[6, 7, 1, 4], [4, 1, 7, 6, 5]]",1.0,22.044,0,Fully conscious/deliberative,Fully clear,Easy,Confident,I pictured the flowers on the map from yesterday and imagined the connections between them from what I could remember. Then I counted the number of stops the bee would have to make and chose the lesser option.
Qog3gba4r2sgqgowky5ja0ptzQ,rotational,44.0,"[[4, 1, 7, 6, 2], [7, 6, 5, 3]]",1.0,20.621,1,Fully conscious/deliberative,Fully clear,Easy,Confident,I pictured the flowers on the map from yesterday and imagined the connections between them from what I could remember. Then I counted the number of stops the bee would have to make and chose the lesser option.
Qog3gba4r2sgqgowky5ja0ptzQ,rotational,45.0,"[[6, 7, 1], [2, 6, 7, 1]]",1.0,5.615,0,Fully conscious/deliberative,Fully clear,Easy,Confident,I pictured the flowers on the map from yesterday and imagined the connections between them from what I could remember. Then I counted the number of stops the bee would have to make and chose the lesser option.
Qog3gba4r2sgqgowky5ja0ptzQ,rotational,46.0,"[[5, 6, 7], [0, 7, 1, 4]]",1.0,8.187,0,Fully conscious/deliberative,Fully clear,Easy,Confident,I pictured the flowers on the map from yesterday and imagined the connections between them from what I could remember. Then I counted the number of stops the bee would have to make and chose the lesser option.
Qog3gba4r2sgqgowky5ja0ptzQ,rotational,47.0,"[[0, 7, 1], [4, 1, 7, 6]]",1.0,3.445,0,Fully conscious/deliberative,Fully clear,Easy,Confident,I pictured the flowers on the map from yesterday and imagined the connections between them from what I could remember. Then I counted the number of stops the bee would have to make and chose the lesser option.
Qog3gba4r2sgqgowky5ja0ptzQ,rotational,48.0,"[[5, 6, 7], [0, 7, 6, 2]]",1.0,1.857,0,Fully conscious/deliberative,Fully clear,Easy,Confident,I pictured the flowers on the map from yesterday and imagined the connections between them from what I could remember. Then I counted the number of stops the bee would have to make and chose the lesser option.
Qog3gba4r2sgqgowky5ja0ptzQ,rotational,49.0,"[[1, 7, 0], [0, 7, 6, 2]]",1.0,2.442,0,Fully conscious/deliberative,Fully clear,Easy,Confident,I pictured the flowers on the map from yesterday and imagined the connections between them from what I could remember. Then I counted the number of stops the bee would have to make and chose the lesser option.
Qog3gba4r2sgqgowky5ja0ptzQ,rotational,50.0,"[[0, 7, 1, 4], [4, 1, 7, 6, 5]]",1.0,7.902,0,Fully conscious/deliberative,Fully clear,Easy,Confident,I pictured the flowers on the map from yesterday and imagined the connections between them from what I could remember. Then I counted the number of stops the bee would have to make and chose the lesser option.
Qog3gba4r2sgqgowky5ja0ptzQ,rotational,51.0,"[[0, 7, 1], [1, 7, 6, 2]]",1.0,3.874,0,Fully conscious/deliberative,Fully clear,Easy,Confident,I pictured the flowers on the map from yesterday and imagined the connections between them from what I could remember. Then I counted the number of stops the bee would have to make and chose the lesser option.
Qog3gba4r2sgqgowky5ja0ptzQ,rotational,52.0,"[[5, 6, 7, 0], [6, 7, 0]]",1.0,5.23,1,Fully conscious/deliberative,Fully clear,Easy,Confident,I pictured the flowers on the map from yesterday and imagined the connections between them from what I could remember. Then I counted the number of stops the bee would have to make and chose the lesser option.
Qog3gba4r2sgqgowky5ja0ptzQ,rotational,53.0,"[[0, 7, 6, 2], [4, 1, 7]]",1.0,9.116,1,Fully conscious/deliberative,Fully clear,Easy,Confident,I pictured the flowers on the map from yesterday and imagined the connections between them from what I could remember. Then I counted the number of stops the bee would have to make and chose the lesser option.
Qog3gba4r2sgqgowky5ja0ptzQ,rotational,54.0,"[[2, 6, 7, 1, 4], [0, 7, 1, 4]]",1.0,2.774,1,Fully conscious/deliberative,Fully clear,Easy,Confident,I pictured the flowers on the map from yesterday and imagined the connections between them from what I could remember. Then I counted the number of stops the bee would have to make and chose the lesser option.
Qog3gba4r2sgqgowky5ja0ptzQ,rotational,55.0,"[[5, 6, 7, 1], [7, 1, 4]]",0.0,9.88,0,Fully conscious/deliberative,Fully clear,Easy,Confident,I pictured the flowers on the map from yesterday and imagined the connections between them from what I could remember. Then I counted the number of stops the bee would have to make and chose the lesser option.
Qog3gba4r2sgqgowky5ja0ptzQ,rotational,56.0,"[[4, 1, 7, 6], [2, 6, 7]]",1.0,30.561,1,Fully conscious/deliberative,Fully clear,Easy,Confident,I pictured the flowers on the map from yesterday and imagined the connections between them from what I could remember. Then I counted the number of stops the bee would have to make and chose the lesser option.
Qog3gba4r2sgqgowky5ja0ptzQ,rotational,57.0,"[[6, 5, 3], [4, 1, 7, 6]]",1.0,7.44,0,Fully conscious/deliberative,Fully clear,Easy,Confident,I pictured the flowers on the map from yesterday and imagined the connections between them from what I could remember. Then I counted the number of stops the bee would have to make and chose the lesser option.
Qog3gba4r2sgqgowky5ja0ptzQ,rotational,58.0,"[[4, 1, 7, 0], [5, 6, 2]]",1.0,3.896,1,Fully conscious/deliberative,Fully clear,Easy,Confident,I pictured the flowers on the map from yesterday and imagined the connections between them from what I could remember. Then I counted the number of stops the bee would have to make and chose the lesser option.
Qog3gba4r2sgqgowky5ja0ptzQ,rotational,59.0,"[[5, 6, 7, 1, 4], [3, 5, 6, 7]]",1.0,13.328,1,Fully conscious/deliberative,Fully clear,Easy,Confident,I pictured the flowers on the map from yesterday and imagined the connections between them from what I could remember. Then I counted the number of stops the bee would have to make and chose the lesser option.
Qog3gba4r2sgqgowky5ja0ptzQ,rotational,60.0,"[[0, 7, 1, 4], [6, 7, 1]]",1.0,9.07,1,Fully conscious/deliberative,Fully clear,Easy,Confident,I pictured the flowers on the map from yesterday and imagined the connections between them from what I could remember. Then I counted the number of stops the bee would have to make and chose the lesser option.
Qog3gba4r2sgqgowky5ja0ptzQ,rotational,61.0,"[[3, 5, 6, 2], [1, 7, 6, 5, 3]]",1.0,18.462,0,Fully conscious/deliberative,Fully clear,Easy,Confident,I pictured the flowers on the map from yesterday and imagined the connections between them from what I could remember. Then I counted the number of stops the bee would have to make and chose the lesser option.
Qog3gba4r2sgqgowky5ja0ptzQ,rotational,62.0,"[[2, 6, 7, 1], [3, 5, 6]]",1.0,5.059,1,Fully conscious/deliberative,Fully clear,Easy,Confident,I pictured the flowers on the map from yesterday and imagined the connections between them from what I could remember. Then I counted the number of stops the bee would have to make and chose the lesser option.
Qog3gba4r2sgqgowky5ja0ptzQ,rotational,63.0,"[[4, 1, 7, 0], [2, 6, 7]]",0.0,4.053,0,Fully conscious/deliberative,Fully clear,Easy,Confident,I pictured the flowers on the map from yesterday and imagined the connections between them from what I could remember. Then I counted the number of stops the bee would have to make and chose the lesser option.
Qog3gba4r2sgqgowky5ja0ptzQ,rotational,64.0,"[[1, 7, 0], [2, 6, 5, 3]]",1.0,8.615,0,Fully conscious/deliberative,Fully clear,Easy,Confident,I pictured the flowers on the map from yesterday and imagined the connections between them from what I could remember. Then I counted the number of stops the bee would have to make and chose the lesser option.
Qorg7peapbumj9d003tv079ccQ,rotational,0.0,"[[2, 6, 7], [6, 7, 1, 4]]",0.0,2.495,1,Fully conscious/deliberative,Fully clear,Quite easy,Confident,I tried to remember that pattern from the first task
Qorg7peapbumj9d003tv079ccQ,rotational,1.0,"[[4, 1, 7, 6], [3, 5, 6]]",1.0,6.589,1,Fully conscious/deliberative,Fully clear,Quite easy,Confident,I tried to remember that pattern from the first task
Qorg7peapbumj9d003tv079ccQ,rotational,2.0,"[[4, 1, 7, 6], [2, 6, 7]]",0.0,7.591,0,Fully conscious/deliberative,Fully clear,Quite easy,Confident,I tried to remember that pattern from the first task
Qorg7peapbumj9d003tv079ccQ,rotational,3.0,"[[0, 7, 6], [4, 1, 7, 0]]",1.0,4.802,0,Fully conscious/deliberative,Fully clear,Quite easy,Confident,I tried to remember that pattern from the first task
Qorg7peapbumj9d003tv079ccQ,rotational,4.0,"[[0, 7, 6, 5], [6, 7, 0]]",1.0,4.502,1,Fully conscious/deliberative,Fully clear,Quite easy,Confident,I tried to remember that pattern from the first task
Qorg7peapbumj9d003tv079ccQ,rotational,5.0,"[[2, 6, 7, 1], [0, 7, 1]]",0.0,5.145,0,Fully conscious/deliberative,Fully clear,Quite easy,Confident,I tried to remember that pattern from the first task
Qorg7peapbumj9d003tv079ccQ,rotational,6.0,"[[3, 5, 6, 7, 1], [2, 6, 7, 1]]",0.0,3.38,0,Fully conscious/deliberative,Fully clear,Quite easy,Confident,I tried to remember that pattern from the first task
Qorg7peapbumj9d003tv079ccQ,rotational,7.0,"[[2, 6, 7, 1], [6, 7, 1]]",0.0,2.799,0,Fully conscious/deliberative,Fully clear,Quite easy,Confident,I tried to remember that pattern from the first task
Qorg7peapbumj9d003tv079ccQ,rotational,8.0,"[[2, 6, 7], [1, 7, 6, 5]]",1.0,1.68,0,Fully conscious/deliberative,Fully clear,Quite easy,Confident,I tried to remember that pattern from the first task
Qorg7peapbumj9d003tv079ccQ,rotational,9.0,"[[7, 6, 2], [1, 7, 6, 2]]",0.0,1.881,1,Fully conscious/deliberative,Fully clear,Quite easy,Confident,I tried to remember that pattern from the first task
Qorg7peapbumj9d003tv079ccQ,rotational,10.0,"[[0, 7, 1], [2, 6, 5, 3]]",0.0,4.749,1,Fully conscious/deliberative,Fully clear,Quite easy,Confident,I tried to remember that pattern from the first task
Qorg7peapbumj9d003tv079ccQ,rotational,11.0,"[[6, 7, 0], [3, 5, 6, 2]]",0.0,3.595,1,Fully conscious/deliberative,Fully clear,Quite easy,Confident,I tried to remember that pattern from the first task
Qorg7peapbumj9d003tv079ccQ,rotational,12.0,"[[2, 6, 7, 1, 4], [3, 5, 6, 7, 1, 4]]",1.0,3.067,0,Fully conscious/deliberative,Fully clear,Quite easy,Confident,I tried to remember that pattern from the first task
Qorg7peapbumj9d003tv079ccQ,rotational,13.0,"[[5, 6, 7], [1, 7, 6, 5]]",0.0,1.961,1,Fully conscious/deliberative,Fully clear,Quite easy,Confident,I tried to remember that pattern from the first task
Qorg7peapbumj9d003tv079ccQ,rotational,14.0,"[[3, 5, 6, 7, 1], [5, 6, 7, 1]]",1.0,1.111,1,Fully conscious/deliberative,Fully clear,Quite easy,Confident,I tried to remember that pattern from the first task
Qorg7peapbumj9d003tv079ccQ,rotational,15.0,"[[5, 6, 7, 0], [4, 1, 7, 6, 2]]",0.0,2.026,1,Fully conscious/deliberative,Fully clear,Quite easy,Confident,I tried to remember that pattern from the first task
Qorg7peapbumj9d003tv079ccQ,rotational,16.0,"[[4, 1, 7, 6, 5], [7, 6, 5, 3]]",1.0,3.642,1,Fully conscious/deliberative,Fully clear,Quite easy,Confident,I tried to remember that pattern from the first task
Qorg7peapbumj9d003tv079ccQ,rotational,17.0,"[[7, 6, 5], [0, 7, 6, 2]]",0.0,1.854,1,Fully conscious/deliberative,Fully clear,Quite easy,Confident,I tried to remember that pattern from the first task
Qorg7peapbumj9d003tv079ccQ,rotational,18.0,"[[1, 7, 0], [2, 6, 7, 1]]",0.0,2.714,1,Fully conscious/deliberative,Fully clear,Quite easy,Confident,I tried to remember that pattern from the first task
Qorg7peapbumj9d003tv079ccQ,rotational,19.0,"[[3, 5, 6, 7], [4, 1, 7, 6, 2]]",0.0,7.325,1,Fully conscious/deliberative,Fully clear,Quite easy,Confident,I tried to remember that pattern from the first task
Qorg7peapbumj9d003tv079ccQ,rotational,20.0,"[[3, 5, 6], [5, 6, 7, 1]]",1.0,1.533,0,Fully conscious/deliberative,Fully clear,Quite easy,Confident,I tried to remember that pattern from the first task
Qorg7peapbumj9d003tv079ccQ,rotational,21.0,"[[4, 1, 7, 6, 5], [6, 7, 1, 4]]",1.0,1.514,1,Fully conscious/deliberative,Fully clear,Quite easy,Confident,I tried to remember that pattern from the first task
Qorg7peapbumj9d003tv079ccQ,rotational,22.0,"[[5, 6, 7, 1], [1, 7, 0]]",0.0,1.978,0,Fully conscious/deliberative,Fully clear,Quite easy,Confident,I tried to remember that pattern from the first task
Qorg7peapbumj9d003tv079ccQ,rotational,23.0,"[[6, 7, 1], [5, 6, 7, 0]]",0.0,4.987,1,Fully conscious/deliberative,Fully clear,Quite easy,Confident,I tried to remember that pattern from the first task
Qorg7peapbumj9d003tv079ccQ,rotational,24.0,"[[1, 7, 6, 2], [7, 1, 4]]",1.0,3.952,1,Fully conscious/deliberative,Fully clear,Quite easy,Confident,I tried to remember that pattern from the first task
Qorg7peapbumj9d003tv079ccQ,rotational,25.0,"[[6, 7, 1, 4], [3, 5, 6, 7, 1]]",1.0,4.257,0,Fully conscious/deliberative,Fully clear,Quite easy,Confident,I tried to remember that pattern from the first task
Qorg7peapbumj9d003tv079ccQ,rotational,26.0,"[[1, 7, 6, 5], [1, 7, 6]]",0.0,2.004,0,Fully conscious/deliberative,Fully clear,Quite easy,Confident,I tried to remember that pattern from the first task
Qorg7peapbumj9d003tv079ccQ,rotational,27.0,"[[1, 7, 0], [5, 6, 7, 0]]",1.0,2.125,0,Fully conscious/deliberative,Fully clear,Quite easy,Confident,I tried to remember that pattern from the first task
Qorg7peapbumj9d003tv079ccQ,rotational,28.0,"[[6, 7, 1, 4], [1, 7, 0]]",0.0,1.85,0,Fully conscious/deliberative,Fully clear,Quite easy,Confident,I tried to remember that pattern from the first task
Qorg7peapbumj9d003tv079ccQ,rotational,29.0,"[[2, 6, 5, 3], [7, 1, 4]]",0.0,1.092,0,Fully conscious/deliberative,Fully clear,Quite easy,Confident,I tried to remember that pattern from the first task
Qorg7peapbumj9d003tv079ccQ,rotational,30.0,"[[4, 1, 7, 0], [5, 6, 7]]",0.0,1.534,0,Fully conscious/deliberative,Fully clear,Quite easy,Confident,I tried to remember that pattern from the first task
Qorg7peapbumj9d003tv079ccQ,rotational,31.0,"[[2, 6, 7], [4, 1, 7, 0]]",0.0,1.323,1,Fully conscious/deliberative,Fully clear,Quite easy,Confident,I tried to remember that pattern from the first task
Qorg7peapbumj9d003tv079ccQ,rotational,32.0,"[[4, 1, 7, 0], [4, 1, 7, 6, 2]]",0.0,1.065,1,Fully conscious/deliberative,Fully clear,Quite easy,Confident,I tried to remember that pattern from the first task
Qorg7peapbumj9d003tv079ccQ,rotational,33.0,"[[3, 5, 6, 7], [5, 6, 7, 1, 4]]",1.0,2.604,0,Fully conscious/deliberative,Fully clear,Quite easy,Confident,I tried to remember that pattern from the first task
Qorg7peapbumj9d003tv079ccQ,rotational,34.0,"[[3, 5, 6, 2], [7, 6, 5]]",0.0,1.268,0,Fully conscious/deliberative,Fully clear,Quite easy,Confident,I tried to remember that pattern from the first task
Qorg7peapbumj9d003tv079ccQ,rotational,35.0,"[[4, 1, 7, 6, 2], [2, 6, 5, 3]]",1.0,1.808,1,Fully conscious/deliberative,Fully clear,Quite easy,Confident,I tried to remember that pattern from the first task
Qorg7peapbumj9d003tv079ccQ,rotational,36.0,"[[3, 5, 6, 2], [3, 5, 6, 7, 1]]",1.0,2.959,0,Fully conscious/deliberative,Fully clear,Quite easy,Confident,I tried to remember that pattern from the first task
Qorg7peapbumj9d003tv079ccQ,rotational,37.0,"[[2, 6, 5], [2, 6, 7, 1]]",0.0,2.902,1,Fully conscious/deliberative,Fully clear,Quite easy,Confident,I tried to remember that pattern from the first task
Qorg7peapbumj9d003tv079ccQ,rotational,38.0,"[[0, 7, 1, 4], [2, 6, 5]]",0.0,2.553,0,Fully conscious/deliberative,Fully clear,Quite easy,Confident,I tried to remember that pattern from the first task
Qorg7peapbumj9d003tv079ccQ,rotational,39.0,"[[3, 5, 6, 2], [1, 7, 6]]",0.0,1.66,0,Fully conscious/deliberative,Fully clear,Quite easy,Confident,I tried to remember that pattern from the first task
Qorg7peapbumj9d003tv079ccQ,rotational,40.0,"[[1, 7, 0], [2, 6, 7, 0]]",0.0,1.674,1,Fully conscious/deliberative,Fully clear,Quite easy,Confident,I tried to remember that pattern from the first task
Qorg7peapbumj9d003tv079ccQ,rotational,41.0,"[[7, 6, 2], [4, 1, 7, 0]]",0.0,6.37,1,Fully conscious/deliberative,Fully clear,Quite easy,Confident,I tried to remember that pattern from the first task
Qorg7peapbumj9d003tv079ccQ,rotational,42.0,"[[5, 6, 2], [5, 6, 7, 0]]",1.0,2.705,0,Fully conscious/deliberative,Fully clear,Quite easy,Confident,I tried to remember that pattern from the first task
Qorg7peapbumj9d003tv079ccQ,rotational,43.0,"[[5, 6, 2], [7, 6, 5, 3]]",0.0,1.347,1,Fully conscious/deliberative,Fully clear,Quite easy,Confident,I tried to remember that pattern from the first task
Qorg7peapbumj9d003tv079ccQ,rotational,44.0,"[[5, 6, 2], [2, 6, 5, 3]]",0.0,1.552,1,Fully conscious/deliberative,Fully clear,Quite easy,Confident,I tried to remember that pattern from the first task
Qorg7peapbumj9d003tv079ccQ,rotational,45.0,"[[5, 6, 7], [5, 6, 7, 0]]",0.0,1.348,1,Fully conscious/deliberative,Fully clear,Quite easy,Confident,I tried to remember that pattern from the first task
Qorg7peapbumj9d003tv079ccQ,rotational,46.0,"[[7, 6, 2], [3, 5, 6, 7]]",0.0,10.936,1,Fully conscious/deliberative,Fully clear,Quite easy,Confident,I tried to remember that pattern from the first task
Qorg7peapbumj9d003tv079ccQ,rotational,47.0,"[[2, 6, 7, 0], [3, 5, 6]]",0.0,1.498,0,Fully conscious/deliberative,Fully clear,Quite easy,Confident,I tried to remember that pattern from the first task
Qorg7peapbumj9d003tv079ccQ,rotational,48.0,"[[5, 6, 7, 1], [7, 1, 4]]",1.0,9.104,1,Fully conscious/deliberative,Fully clear,Quite easy,Confident,I tried to remember that pattern from the first task
Qorg7peapbumj9d003tv079ccQ,rotational,49.0,"[[4, 1, 7, 6], [5, 6, 7]]",0.0,1.259,0,Fully conscious/deliberative,Fully clear,Quite easy,Confident,I tried to remember that pattern from the first task
Qorg7peapbumj9d003tv079ccQ,rotational,50.0,"[[0, 7, 6, 2], [0, 7, 6, 5, 3]]",1.0,16.033,0,Fully conscious/deliberative,Fully clear,Quite easy,Confident,I tried to remember that pattern from the first task
Qorg7peapbumj9d003tv079ccQ,rotational,51.0,"[[6, 7, 1, 4], [2, 6, 5]]",0.0,2.303,0,Fully conscious/deliberative,Fully clear,Quite easy,Confident,I tried to remember that pattern from the first task
Qorg7peapbumj9d003tv079ccQ,rotational,52.0,"[[4, 1, 7], [5, 6, 7, 0]]",1.0,1.772,0,Fully conscious/deliberative,Fully clear,Quite easy,Confident,I tried to remember that pattern from the first task
Qorg7peapbumj9d003tv079ccQ,rotational,53.0,"[[7, 1, 4], [0, 7, 6, 2]]",0.0,1.862,1,Fully conscious/deliberative,Fully clear,Quite easy,Confident,I tried to remember that pattern from the first task
Qorg7peapbumj9d003tv079ccQ,rotational,54.0,"[[1, 7, 6, 5], [5, 6, 2]]",0.0,1.411,0,Fully conscious/deliberative,Fully clear,Quite easy,Confident,I tried to remember that pattern from the first task
Qorg7peapbumj9d003tv079ccQ,rotational,55.0,"[[6, 7, 1], [4, 1, 7, 0]]",0.0,2.393,1,Fully conscious/deliberative,Fully clear,Quite easy,Confident,I tried to remember that pattern from the first task
Qorg7peapbumj9d003tv079ccQ,rotational,56.0,"[[5, 6, 7, 1], [7, 1, 4]]",0.0,3.774,0,Fully conscious/deliberative,Fully clear,Quite easy,Confident,I tried to remember that pattern from the first task
Qorg7peapbumj9d003tv079ccQ,rotational,57.0,"[[3, 5, 6], [6, 7, 1, 4]]",1.0,3.19,0,Fully conscious/deliberative,Fully clear,Quite easy,Confident,I tried to remember that pattern from the first task
Qorg7peapbumj9d003tv079ccQ,rotational,58.0,"[[2, 6, 7, 1], [5, 6, 7]]",0.0,1.659,0,Fully conscious/deliberative,Fully clear,Quite easy,Confident,I tried to remember that pattern from the first task
Qorg7peapbumj9d003tv079ccQ,rotational,59.0,"[[6, 7, 1, 4], [0, 7, 6, 5, 3]]",1.0,1.983,0,Fully conscious/deliberative,Fully clear,Quite easy,Confident,I tried to remember that pattern from the first task
Qorg7peapbumj9d003tv079ccQ,rotational,60.0,"[[4, 1, 7, 6, 5], [0, 7, 1, 4]]",1.0,11.589,1,Fully conscious/deliberative,Fully clear,Quite easy,Confident,I tried to remember that pattern from the first task
Qorg7peapbumj9d003tv079ccQ,rotational,61.0,"[[6, 5, 3], [4, 1, 7, 0]]",1.0,1.144,0,Fully conscious/deliberative,Fully clear,Quite easy,Confident,I tried to remember that pattern from the first task
Qorg7peapbumj9d003tv079ccQ,rotational,62.0,"[[1, 7, 6, 2], [7, 1, 4]]",1.0,1.257,1,Fully conscious/deliberative,Fully clear,Quite easy,Confident,I tried to remember that pattern from the first task
Qorg7peapbumj9d003tv079ccQ,rotational,63.0,"[[3, 5, 6], [1, 7, 6, 2]]",1.0,1.636,0,Fully conscious/deliberative,Fully clear,Quite easy,Confident,I tried to remember that pattern from the first task
Qorg7peapbumj9d003tv079ccQ,rotational,64.0,"[[3, 5, 6, 7, 0], [2, 6, 7, 1]]",0.0,2.012,0,Fully conscious/deliberative,Fully clear,Quite easy,Confident,I tried to remember that pattern from the first task
Qq8p9jrr430l497ac5zdj6qjeQ,rotational,0.0,"[[5, 6, 2], [0, 7, 1, 4]]",0.0,36.386,1,Fairly conscious/deliberative,Somewhat clear,Hard,Rather unconfident,My strategy was remembering which colors usually connected to each other. It was really hard because I struggled with it even when I took the first part of the study.
Qq8p9jrr430l497ac5zdj6qjeQ,rotational,1.0,"[[0, 7, 1, 4], [7, 6, 2]]",1.0,7.101,1,Fairly conscious/deliberative,Somewhat clear,Hard,Rather unconfident,My strategy was remembering which colors usually connected to each other. It was really hard because I struggled with it even when I took the first part of the study.
Qq8p9jrr430l497ac5zdj6qjeQ,rotational,2.0,"[[2, 6, 7, 1], [7, 1, 4]]",0.0,6.756,0,Fairly conscious/deliberative,Somewhat clear,Hard,Rather unconfident,My strategy was remembering which colors usually connected to each other. It was really hard because I struggled with it even when I took the first part of the study.
Qq8p9jrr430l497ac5zdj6qjeQ,rotational,3.0,"[[3, 5, 6, 2], [7, 6, 5]]",1.0,9.058,1,Fairly conscious/deliberative,Somewhat clear,Hard,Rather unconfident,My strategy was remembering which colors usually connected to each other. It was really hard because I struggled with it even when I took the first part of the study.
Qq8p9jrr430l497ac5zdj6qjeQ,rotational,4.0,"[[3, 5, 6, 7, 0], [2, 6, 7, 0]]",1.0,23.544,1,Fairly conscious/deliberative,Somewhat clear,Hard,Rather unconfident,My strategy was remembering which colors usually connected to each other. It was really hard because I struggled with it even when I took the first part of the study.
Qq8p9jrr430l497ac5zdj6qjeQ,rotational,5.0,"[[4, 1, 7, 6, 5], [0, 7, 1, 4]]",1.0,7.746,1,Fairly conscious/deliberative,Somewhat clear,Hard,Rather unconfident,My strategy was remembering which colors usually connected to each other. It was really hard because I struggled with it even when I took the first part of the study.
Qq8p9jrr430l497ac5zdj6qjeQ,rotational,6.0,"[[6, 7, 1, 4], [0, 7, 1]]",1.0,13.746,1,Fairly conscious/deliberative,Somewhat clear,Hard,Rather unconfident,My strategy was remembering which colors usually connected to each other. It was really hard because I struggled with it even when I took the first part of the study.
Qq8p9jrr430l497ac5zdj6qjeQ,rotational,7.0,"[[2, 6, 5, 3], [4, 1, 7, 6, 2]]",1.0,13.209,0,Fairly conscious/deliberative,Somewhat clear,Hard,Rather unconfident,My strategy was remembering which colors usually connected to each other. It was really hard because I struggled with it even when I took the first part of the study.
Qq8p9jrr430l497ac5zdj6qjeQ,rotational,8.0,"[[2, 6, 7, 0], [7, 1, 4]]",1.0,2.598,1,Fairly conscious/deliberative,Somewhat clear,Hard,Rather unconfident,My strategy was remembering which colors usually connected to each other. It was really hard because I struggled with it even when I took the first part of the study.
Qq8p9jrr430l497ac5zdj6qjeQ,rotational,9.0,"[[0, 7, 6, 2], [3, 5, 6]]",0.0,6.463,0,Fairly conscious/deliberative,Somewhat clear,Hard,Rather unconfident,My strategy was remembering which colors usually connected to each other. It was really hard because I struggled with it even when I took the first part of the study.
Qq8p9jrr430l497ac5zdj6qjeQ,rotational,10.0,"[[3, 5, 6, 7, 0], [4, 1, 7, 6]]",1.0,10.142,1,Fairly conscious/deliberative,Somewhat clear,Hard,Rather unconfident,My strategy was remembering which colors usually connected to each other. It was really hard because I struggled with it even when I took the first part of the study.
Qq8p9jrr430l497ac5zdj6qjeQ,rotational,11.0,"[[5, 6, 7, 1], [7, 6, 5]]",1.0,3.455,1,Fairly conscious/deliberative,Somewhat clear,Hard,Rather unconfident,My strategy was remembering which colors usually connected to each other. It was really hard because I struggled with it even when I took the first part of the study.
Qq8p9jrr430l497ac5zdj6qjeQ,rotational,12.0,"[[7, 6, 5], [5, 6, 7, 0]]",0.0,4.832,1,Fairly conscious/deliberative,Somewhat clear,Hard,Rather unconfident,My strategy was remembering which colors usually connected to each other. It was really hard because I struggled with it even when I took the first part of the study.
Qq8p9jrr430l497ac5zdj6qjeQ,rotational,13.0,"[[2, 6, 7], [4, 1, 7, 0]]",1.0,1.682,0,Fairly conscious/deliberative,Somewhat clear,Hard,Rather unconfident,My strategy was remembering which colors usually connected to each other. It was really hard because I struggled with it even when I took the first part of the study.
Qq8p9jrr430l497ac5zdj6qjeQ,rotational,14.0,"[[5, 6, 7, 1], [4, 1, 7]]",0.0,4.949,0,Fairly conscious/deliberative,Somewhat clear,Hard,Rather unconfident,My strategy was remembering which colors usually connected to each other. It was really hard because I struggled with it even when I took the first part of the study.
Qq8p9jrr430l497ac5zdj6qjeQ,rotational,15.0,"[[0, 7, 1, 4], [5, 6, 7]]",1.0,20.857,1,Fairly conscious/deliberative,Somewhat clear,Hard,Rather unconfident,My strategy was remembering which colors usually connected to each other. It was really hard because I struggled with it even when I took the first part of the study.
Qq8p9jrr430l497ac5zdj6qjeQ,rotational,16.0,"[[6, 5, 3], [4, 1, 7, 0]]",0.0,8.767,1,Fairly conscious/deliberative,Somewhat clear,Hard,Rather unconfident,My strategy was remembering which colors usually connected to each other. It was really hard because I struggled with it even when I took the first part of the study.
Qq8p9jrr430l497ac5zdj6qjeQ,rotational,17.0,"[[0, 7, 6, 5], [1, 7, 0]]",0.0,1.73,0,Fairly conscious/deliberative,Somewhat clear,Hard,Rather unconfident,My strategy was remembering which colors usually connected to each other. It was really hard because I struggled with it even when I took the first part of the study.
Qq8p9jrr430l497ac5zdj6qjeQ,rotational,18.0,"[[1, 7, 6, 2], [1, 7, 0]]",0.0,2.251,0,Fairly conscious/deliberative,Somewhat clear,Hard,Rather unconfident,My strategy was remembering which colors usually connected to each other. It was really hard because I struggled with it even when I took the first part of the study.
Qq8p9jrr430l497ac5zdj6qjeQ,rotational,19.0,"[[5, 6, 7, 1], [1, 7, 0]]",0.0,2.008,0,Fairly conscious/deliberative,Somewhat clear,Hard,Rather unconfident,My strategy was remembering which colors usually connected to each other. It was really hard because I struggled with it even when I took the first part of the study.
Qq8p9jrr430l497ac5zdj6qjeQ,rotational,20.0,"[[6, 7, 0], [3, 5, 6, 2]]",0.0,8.306,1,Fairly conscious/deliberative,Somewhat clear,Hard,Rather unconfident,My strategy was remembering which colors usually connected to each other. It was really hard because I struggled with it even when I took the first part of the study.
Qq8p9jrr430l497ac5zdj6qjeQ,rotational,21.0,"[[3, 5, 6], [1, 7, 6, 2]]",0.0,8.594,1,Fairly conscious/deliberative,Somewhat clear,Hard,Rather unconfident,My strategy was remembering which colors usually connected to each other. It was really hard because I struggled with it even when I took the first part of the study.
Qq8p9jrr430l497ac5zdj6qjeQ,rotational,22.0,"[[7, 6, 5, 3], [2, 6, 7]]",0.0,2.422,0,Fairly conscious/deliberative,Somewhat clear,Hard,Rather unconfident,My strategy was remembering which colors usually connected to each other. It was really hard because I struggled with it even when I took the first part of the study.
Qq8p9jrr430l497ac5zdj6qjeQ,rotational,23.0,"[[3, 5, 6, 7, 1, 4], [4, 1, 7, 6, 2]]",1.0,2.593,1,Fairly conscious/deliberative,Somewhat clear,Hard,Rather unconfident,My strategy was remembering which colors usually connected to each other. It was really hard because I struggled with it even when I took the first part of the study.
Qq8p9jrr430l497ac5zdj6qjeQ,rotational,24.0,"[[6, 7, 1], [1, 7, 6, 2]]",1.0,3.527,0,Fairly conscious/deliberative,Somewhat clear,Hard,Rather unconfident,My strategy was remembering which colors usually connected to each other. It was really hard because I struggled with it even when I took the first part of the study.
Qq8p9jrr430l497ac5zdj6qjeQ,rotational,25.0,"[[0, 7, 6], [0, 7, 6, 5]]",0.0,6.01,1,Fairly conscious/deliberative,Somewhat clear,Hard,Rather unconfident,My strategy was remembering which colors usually connected to each other. It was really hard because I struggled with it even when I took the first part of the study.
Qq8p9jrr430l497ac5zdj6qjeQ,rotational,26.0,"[[4, 1, 7, 6, 2], [3, 5, 6, 7]]",0.0,3.784,0,Fairly conscious/deliberative,Somewhat clear,Hard,Rather unconfident,My strategy was remembering which colors usually connected to each other. It was really hard because I struggled with it even when I took the first part of the study.
Qq8p9jrr430l497ac5zdj6qjeQ,rotational,27.0,"[[6, 7, 0], [4, 1, 7, 0]]",1.0,19.324,0,Fairly conscious/deliberative,Somewhat clear,Hard,Rather unconfident,My strategy was remembering which colors usually connected to each other. It was really hard because I struggled with it even when I took the first part of the study.
Qq8p9jrr430l497ac5zdj6qjeQ,rotational,28.0,"[[3, 5, 6, 7], [5, 6, 7, 1, 4]]",1.0,43.099,0,Fairly conscious/deliberative,Somewhat clear,Hard,Rather unconfident,My strategy was remembering which colors usually connected to each other. It was really hard because I struggled with it even when I took the first part of the study.
Qq8p9jrr430l497ac5zdj6qjeQ,rotational,29.0,"[[5, 6, 7, 1], [4, 1, 7]]",0.0,17.836,0,Fairly conscious/deliberative,Somewhat clear,Hard,Rather unconfident,My strategy was remembering which colors usually connected to each other. It was really hard because I struggled with it even when I took the first part of the study.
Qq8p9jrr430l497ac5zdj6qjeQ,rotational,30.0,"[[3, 5, 6, 7, 1], [6, 7, 1, 4]]",0.0,5.074,0,Fairly conscious/deliberative,Somewhat clear,Hard,Rather unconfident,My strategy was remembering which colors usually connected to each other. It was really hard because I struggled with it even when I took the first part of the study.
Qq8p9jrr430l497ac5zdj6qjeQ,rotational,31.0,"[[4, 1, 7, 6], [6, 5, 3]]",0.0,43.75,0,Fairly conscious/deliberative,Somewhat clear,Hard,Rather unconfident,My strategy was remembering which colors usually connected to each other. It was really hard because I struggled with it even when I took the first part of the study.
Qq8p9jrr430l497ac5zdj6qjeQ,rotational,32.0,"[[1, 7, 0], [0, 7, 6, 2]]",0.0,2.161,1,Fairly conscious/deliberative,Somewhat clear,Hard,Rather unconfident,My strategy was remembering which colors usually connected to each other. It was really hard because I struggled with it even when I took the first part of the study.
Qq8p9jrr430l497ac5zdj6qjeQ,rotational,33.0,"[[7, 6, 5], [2, 6, 7, 1]]",1.0,6.631,0,Fairly conscious/deliberative,Somewhat clear,Hard,Rather unconfident,My strategy was remembering which colors usually connected to each other. It was really hard because I struggled with it even when I took the first part of the study.
Qq8p9jrr430l497ac5zdj6qjeQ,rotational,34.0,"[[4, 1, 7, 6], [7, 6, 2]]",1.0,8.948,1,Fairly conscious/deliberative,Somewhat clear,Hard,Rather unconfident,My strategy was remembering which colors usually connected to each other. It was really hard because I struggled with it even when I took the first part of the study.
Qq8p9jrr430l497ac5zdj6qjeQ,rotational,35.0,"[[1, 7, 6], [5, 6, 7, 1]]",1.0,12.716,0,Fairly conscious/deliberative,Somewhat clear,Hard,Rather unconfident,My strategy was remembering which colors usually connected to each other. It was really hard because I struggled with it even when I took the first part of the study.
Qq8p9jrr430l497ac5zdj6qjeQ,rotational,36.0,"[[1, 7, 6, 5], [6, 5, 3]]",0.0,4.12,0,Fairly conscious/deliberative,Somewhat clear,Hard,Rather unconfident,My strategy was remembering which colors usually connected to each other. It was really hard because I struggled with it even when I took the first part of the study.
Qq8p9jrr430l497ac5zdj6qjeQ,rotational,37.0,"[[4, 1, 7], [2, 6, 7, 1]]",0.0,2.621,1,Fairly conscious/deliberative,Somewhat clear,Hard,Rather unconfident,My strategy was remembering which colors usually connected to each other. It was really hard because I struggled with it even when I took the first part of the study.
Qq8p9jrr430l497ac5zdj6qjeQ,rotational,38.0,"[[1, 7, 6], [0, 7, 1, 4]]",1.0,19.105,0,Fairly conscious/deliberative,Somewhat clear,Hard,Rather unconfident,My strategy was remembering which colors usually connected to each other. It was really hard because I struggled with it even when I took the first part of the study.
Qq8p9jrr430l497ac5zdj6qjeQ,rotational,39.0,"[[4, 1, 7, 6], [5, 6, 7]]",1.0,1.845,1,Fairly conscious/deliberative,Somewhat clear,Hard,Rather unconfident,My strategy was remembering which colors usually connected to each other. It was really hard because I struggled with it even when I took the first part of the study.
Qq8p9jrr430l497ac5zdj6qjeQ,rotational,40.0,"[[5, 6, 2], [2, 6, 7, 1]]",1.0,2.546,0,Fairly conscious/deliberative,Somewhat clear,Hard,Rather unconfident,My strategy was remembering which colors usually connected to each other. It was really hard because I struggled with it even when I took the first part of the study.
Qq8p9jrr430l497ac5zdj6qjeQ,rotational,41.0,"[[0, 7, 6, 5], [1, 7, 6]]",0.0,7.135,0,Fairly conscious/deliberative,Somewhat clear,Hard,Rather unconfident,My strategy was remembering which colors usually connected to each other. It was really hard because I struggled with it even when I took the first part of the study.
Qq8p9jrr430l497ac5zdj6qjeQ,rotational,42.0,"[[7, 6, 2], [1, 7, 6, 2]]",1.0,4.18,0,Fairly conscious/deliberative,Somewhat clear,Hard,Rather unconfident,My strategy was remembering which colors usually connected to each other. It was really hard because I struggled with it even when I took the first part of the study.
Qq8p9jrr430l497ac5zdj6qjeQ,rotational,43.0,"[[7, 6, 5, 3], [4, 1, 7, 6, 5]]",1.0,2.403,0,Fairly conscious/deliberative,Somewhat clear,Hard,Rather unconfident,My strategy was remembering which colors usually connected to each other. It was really hard because I struggled with it even when I took the first part of the study.
Qq8p9jrr430l497ac5zdj6qjeQ,rotational,44.0,"[[2, 6, 5], [1, 7, 6, 5]]",1.0,42.392,0,Fairly conscious/deliberative,Somewhat clear,Hard,Rather unconfident,My strategy was remembering which colors usually connected to each other. It was really hard because I struggled with it even when I took the first part of the study.
Qq8p9jrr430l497ac5zdj6qjeQ,rotational,45.0,"[[5, 6, 7, 0], [4, 1, 7]]",0.0,5.088,0,Fairly conscious/deliberative,Somewhat clear,Hard,Rather unconfident,My strategy was remembering which colors usually connected to each other. It was really hard because I struggled with it even when I took the first part of the study.
Qq8p9jrr430l497ac5zdj6qjeQ,rotational,46.0,"[[1, 7, 0], [3, 5, 6, 2]]",0.0,2.594,1,Fairly conscious/deliberative,Somewhat clear,Hard,Rather unconfident,My strategy was remembering which colors usually connected to each other. It was really hard because I struggled with it even when I took the first part of the study.
Qq8p9jrr430l497ac5zdj6qjeQ,rotational,47.0,"[[4, 1, 7], [3, 5, 6, 2]]",0.0,4.456,1,Fairly conscious/deliberative,Somewhat clear,Hard,Rather unconfident,My strategy was remembering which colors usually connected to each other. It was really hard because I struggled with it even when I took the first part of the study.
Qq8p9jrr430l497ac5zdj6qjeQ,rotational,48.0,"[[2, 6, 5], [3, 5, 6, 7]]",0.0,3.45,1,Fairly conscious/deliberative,Somewhat clear,Hard,Rather unconfident,My strategy was remembering which colors usually connected to each other. It was really hard because I struggled with it even when I took the first part of the study.
Qq8p9jrr430l497ac5zdj6qjeQ,rotational,49.0,"[[4, 1, 7, 6], [3, 5, 6]]",0.0,4.565,0,Fairly conscious/deliberative,Somewhat clear,Hard,Rather unconfident,My strategy was remembering which colors usually connected to each other. It was really hard because I struggled with it even when I took the first part of the study.
Qq8p9jrr430l497ac5zdj6qjeQ,rotational,50.0,"[[2, 6, 5, 3], [1, 7, 6, 5, 3]]",1.0,5.154,0,Fairly conscious/deliberative,Somewhat clear,Hard,Rather unconfident,My strategy was remembering which colors usually connected to each other. It was really hard because I struggled with it even when I took the first part of the study.
Qq8p9jrr430l497ac5zdj6qjeQ,rotational,51.0,"[[1, 7, 6, 5], [2, 6, 7]]",1.0,1.93,1,Fairly conscious/deliberative,Somewhat clear,Hard,Rather unconfident,My strategy was remembering which colors usually connected to each other. It was really hard because I struggled with it even when I took the first part of the study.
Qq8p9jrr430l497ac5zdj6qjeQ,rotational,52.0,"[[6, 7, 1, 4], [5, 6, 7, 1, 4]]",1.0,30.616,0,Fairly conscious/deliberative,Somewhat clear,Hard,Rather unconfident,My strategy was remembering which colors usually connected to each other. It was really hard because I struggled with it even when I took the first part of the study.
Qq8p9jrr430l497ac5zdj6qjeQ,rotational,53.0,"[[4, 1, 7, 6], [7, 6, 2]]",0.0,3.428,0,Fairly conscious/deliberative,Somewhat clear,Hard,Rather unconfident,My strategy was remembering which colors usually connected to each other. It was really hard because I struggled with it even when I took the first part of the study.
Qq8p9jrr430l497ac5zdj6qjeQ,rotational,54.0,"[[1, 7, 6], [2, 6, 5, 3]]",0.0,1.426,1,Fairly conscious/deliberative,Somewhat clear,Hard,Rather unconfident,My strategy was remembering which colors usually connected to each other. It was really hard because I struggled with it even when I took the first part of the study.
Qq8p9jrr430l497ac5zdj6qjeQ,rotational,55.0,"[[4, 1, 7, 0], [4, 1, 7, 6, 2]]",0.0,3.055,1,Fairly conscious/deliberative,Somewhat clear,Hard,Rather unconfident,My strategy was remembering which colors usually connected to each other. It was really hard because I struggled with it even when I took the first part of the study.
Qq8p9jrr430l497ac5zdj6qjeQ,rotational,56.0,"[[1, 7, 6, 2], [0, 7, 1]]",0.0,25.613,0,Fairly conscious/deliberative,Somewhat clear,Hard,Rather unconfident,My strategy was remembering which colors usually connected to each other. It was really hard because I struggled with it even when I took the first part of the study.
Qq8p9jrr430l497ac5zdj6qjeQ,rotational,57.0,"[[2, 6, 5], [2, 6, 5, 3]]",1.0,1.979,0,Fairly conscious/deliberative,Somewhat clear,Hard,Rather unconfident,My strategy was remembering which colors usually connected to each other. It was really hard because I struggled with it even when I took the first part of the study.
Qq8p9jrr430l497ac5zdj6qjeQ,rotational,58.0,"[[5, 6, 7, 0], [5, 6, 2]]",1.0,3.009,1,Fairly conscious/deliberative,Somewhat clear,Hard,Rather unconfident,My strategy was remembering which colors usually connected to each other. It was really hard because I struggled with it even when I took the first part of the study.
Qq8p9jrr430l497ac5zdj6qjeQ,rotational,59.0,"[[2, 6, 7, 0], [7, 6, 5]]",0.0,3.453,0,Fairly conscious/deliberative,Somewhat clear,Hard,Rather unconfident,My strategy was remembering which colors usually connected to each other. It was really hard because I struggled with it even when I took the first part of the study.
Qq8p9jrr430l497ac5zdj6qjeQ,rotational,60.0,"[[5, 6, 7, 0], [4, 1, 7, 6, 2]]",0.0,6.431,1,Fairly conscious/deliberative,Somewhat clear,Hard,Rather unconfident,My strategy was remembering which colors usually connected to each other. It was really hard because I struggled with it even when I took the first part of the study.
Qq8p9jrr430l497ac5zdj6qjeQ,rotational,61.0,"[[2, 6, 7, 1], [3, 5, 6, 7, 0]]",0.0,9.5,1,Fairly conscious/deliberative,Somewhat clear,Hard,Rather unconfident,My strategy was remembering which colors usually connected to each other. It was really hard because I struggled with it even when I took the first part of the study.
Qq8p9jrr430l497ac5zdj6qjeQ,rotational,62.0,"[[1, 7, 6, 5], [3, 5, 6, 7, 1]]",0.0,5.356,1,Fairly conscious/deliberative,Somewhat clear,Hard,Rather unconfident,My strategy was remembering which colors usually connected to each other. It was really hard because I struggled with it even when I took the first part of the study.
Qq8p9jrr430l497ac5zdj6qjeQ,rotational,63.0,"[[2, 6, 7, 1], [1, 7, 6, 5, 3]]",0.0,2.129,1,Fairly conscious/deliberative,Somewhat clear,Hard,Rather unconfident,My strategy was remembering which colors usually connected to each other. It was really hard because I struggled with it even when I took the first part of the study.
Qq8p9jrr430l497ac5zdj6qjeQ,rotational,64.0,"[[5, 6, 2], [6, 7, 1, 4]]",1.0,2.447,0,Fairly conscious/deliberative,Somewhat clear,Hard,Rather unconfident,My strategy was remembering which colors usually connected to each other. It was really hard because I struggled with it even when I took the first part of the study.
Qqqdb57ubrb5a1cjcyswxwo8dQ,rotational,0.0,"[[0, 7, 1, 4], [6, 7, 1]]",1.0,185.045,1,Fully conscious/deliberative,Somewhat unclear,Hard,Rather confident,"The concept of the stopover was not adequately explained in the instructions. An example visual demonstration would have been more helpful than a written instruction set. My understanding of the task was that the new destination had to happen by way of a known prior pathway. For example, to go from Purple to Blue, the bee would need to first go from Purple to Yellow and then from Yellow to Blue because the bee did not know a pathway from Blue to Purple directly. I was confused about whether these midway points were what was meant by a stopover, or if a known destination, when flown over and not directly related to the current movement plan, counted as a stopover. For example, if going from Blue to Yellow, whether the bee needed to stop at the cyan colored flower en route to Yellow because Blue to Cyan was a known route for the bee starting at Blue. A visual demonstration would have cleared this confusion up. "
Qqqdb57ubrb5a1cjcyswxwo8dQ,rotational,1.0,"[[0, 7, 6], [0, 7, 6, 5]]",1.0,77.996,0,Fully conscious/deliberative,Somewhat unclear,Hard,Rather confident,"The concept of the stopover was not adequately explained in the instructions. An example visual demonstration would have been more helpful than a written instruction set. My understanding of the task was that the new destination had to happen by way of a known prior pathway. For example, to go from Purple to Blue, the bee would need to first go from Purple to Yellow and then from Yellow to Blue because the bee did not know a pathway from Blue to Purple directly. I was confused about whether these midway points were what was meant by a stopover, or if a known destination, when flown over and not directly related to the current movement plan, counted as a stopover. For example, if going from Blue to Yellow, whether the bee needed to stop at the cyan colored flower en route to Yellow because Blue to Cyan was a known route for the bee starting at Blue. A visual demonstration would have cleared this confusion up. "
Qqqdb57ubrb5a1cjcyswxwo8dQ,rotational,2.0,"[[2, 6, 7, 1], [0, 7, 1]]",1.0,302.792,1,Fully conscious/deliberative,Somewhat unclear,Hard,Rather confident,"The concept of the stopover was not adequately explained in the instructions. An example visual demonstration would have been more helpful than a written instruction set. My understanding of the task was that the new destination had to happen by way of a known prior pathway. For example, to go from Purple to Blue, the bee would need to first go from Purple to Yellow and then from Yellow to Blue because the bee did not know a pathway from Blue to Purple directly. I was confused about whether these midway points were what was meant by a stopover, or if a known destination, when flown over and not directly related to the current movement plan, counted as a stopover. For example, if going from Blue to Yellow, whether the bee needed to stop at the cyan colored flower en route to Yellow because Blue to Cyan was a known route for the bee starting at Blue. A visual demonstration would have cleared this confusion up. "
Qqqdb57ubrb5a1cjcyswxwo8dQ,rotational,3.0,"[[0, 7, 6], [0, 7, 1, 4]]",1.0,15.156,0,Fully conscious/deliberative,Somewhat unclear,Hard,Rather confident,"The concept of the stopover was not adequately explained in the instructions. An example visual demonstration would have been more helpful than a written instruction set. My understanding of the task was that the new destination had to happen by way of a known prior pathway. For example, to go from Purple to Blue, the bee would need to first go from Purple to Yellow and then from Yellow to Blue because the bee did not know a pathway from Blue to Purple directly. I was confused about whether these midway points were what was meant by a stopover, or if a known destination, when flown over and not directly related to the current movement plan, counted as a stopover. For example, if going from Blue to Yellow, whether the bee needed to stop at the cyan colored flower en route to Yellow because Blue to Cyan was a known route for the bee starting at Blue. A visual demonstration would have cleared this confusion up. "
Qqqdb57ubrb5a1cjcyswxwo8dQ,rotational,4.0,"[[5, 6, 7, 0], [7, 6, 5]]",1.0,100.09,1,Fully conscious/deliberative,Somewhat unclear,Hard,Rather confident,"The concept of the stopover was not adequately explained in the instructions. An example visual demonstration would have been more helpful than a written instruction set. My understanding of the task was that the new destination had to happen by way of a known prior pathway. For example, to go from Purple to Blue, the bee would need to first go from Purple to Yellow and then from Yellow to Blue because the bee did not know a pathway from Blue to Purple directly. I was confused about whether these midway points were what was meant by a stopover, or if a known destination, when flown over and not directly related to the current movement plan, counted as a stopover. For example, if going from Blue to Yellow, whether the bee needed to stop at the cyan colored flower en route to Yellow because Blue to Cyan was a known route for the bee starting at Blue. A visual demonstration would have cleared this confusion up. "
Qqqdb57ubrb5a1cjcyswxwo8dQ,rotational,5.0,"[[1, 7, 6, 5], [3, 5, 6]]",1.0,52.975,1,Fully conscious/deliberative,Somewhat unclear,Hard,Rather confident,"The concept of the stopover was not adequately explained in the instructions. An example visual demonstration would have been more helpful than a written instruction set. My understanding of the task was that the new destination had to happen by way of a known prior pathway. For example, to go from Purple to Blue, the bee would need to first go from Purple to Yellow and then from Yellow to Blue because the bee did not know a pathway from Blue to Purple directly. I was confused about whether these midway points were what was meant by a stopover, or if a known destination, when flown over and not directly related to the current movement plan, counted as a stopover. For example, if going from Blue to Yellow, whether the bee needed to stop at the cyan colored flower en route to Yellow because Blue to Cyan was a known route for the bee starting at Blue. A visual demonstration would have cleared this confusion up. "
Qqqdb57ubrb5a1cjcyswxwo8dQ,rotational,6.0,"[[5, 6, 7, 1, 4], [0, 7, 1, 4]]",1.0,79.013,1,Fully conscious/deliberative,Somewhat unclear,Hard,Rather confident,"The concept of the stopover was not adequately explained in the instructions. An example visual demonstration would have been more helpful than a written instruction set. My understanding of the task was that the new destination had to happen by way of a known prior pathway. For example, to go from Purple to Blue, the bee would need to first go from Purple to Yellow and then from Yellow to Blue because the bee did not know a pathway from Blue to Purple directly. I was confused about whether these midway points were what was meant by a stopover, or if a known destination, when flown over and not directly related to the current movement plan, counted as a stopover. For example, if going from Blue to Yellow, whether the bee needed to stop at the cyan colored flower en route to Yellow because Blue to Cyan was a known route for the bee starting at Blue. A visual demonstration would have cleared this confusion up. "
Qqqdb57ubrb5a1cjcyswxwo8dQ,rotational,7.0,"[[5, 6, 7, 0], [7, 1, 4]]",1.0,13.751,1,Fully conscious/deliberative,Somewhat unclear,Hard,Rather confident,"The concept of the stopover was not adequately explained in the instructions. An example visual demonstration would have been more helpful than a written instruction set. My understanding of the task was that the new destination had to happen by way of a known prior pathway. For example, to go from Purple to Blue, the bee would need to first go from Purple to Yellow and then from Yellow to Blue because the bee did not know a pathway from Blue to Purple directly. I was confused about whether these midway points were what was meant by a stopover, or if a known destination, when flown over and not directly related to the current movement plan, counted as a stopover. For example, if going from Blue to Yellow, whether the bee needed to stop at the cyan colored flower en route to Yellow because Blue to Cyan was a known route for the bee starting at Blue. A visual demonstration would have cleared this confusion up. "
Qqqdb57ubrb5a1cjcyswxwo8dQ,rotational,8.0,"[[7, 6, 5, 3], [5, 6, 7, 1, 4]]",1.0,144.857,0,Fully conscious/deliberative,Somewhat unclear,Hard,Rather confident,"The concept of the stopover was not adequately explained in the instructions. An example visual demonstration would have been more helpful than a written instruction set. My understanding of the task was that the new destination had to happen by way of a known prior pathway. For example, to go from Purple to Blue, the bee would need to first go from Purple to Yellow and then from Yellow to Blue because the bee did not know a pathway from Blue to Purple directly. I was confused about whether these midway points were what was meant by a stopover, or if a known destination, when flown over and not directly related to the current movement plan, counted as a stopover. For example, if going from Blue to Yellow, whether the bee needed to stop at the cyan colored flower en route to Yellow because Blue to Cyan was a known route for the bee starting at Blue. A visual demonstration would have cleared this confusion up. "
Qqqdb57ubrb5a1cjcyswxwo8dQ,rotational,9.0,"[[1, 7, 6, 2], [5, 6, 7]]",1.0,16.063,1,Fully conscious/deliberative,Somewhat unclear,Hard,Rather confident,"The concept of the stopover was not adequately explained in the instructions. An example visual demonstration would have been more helpful than a written instruction set. My understanding of the task was that the new destination had to happen by way of a known prior pathway. For example, to go from Purple to Blue, the bee would need to first go from Purple to Yellow and then from Yellow to Blue because the bee did not know a pathway from Blue to Purple directly. I was confused about whether these midway points were what was meant by a stopover, or if a known destination, when flown over and not directly related to the current movement plan, counted as a stopover. For example, if going from Blue to Yellow, whether the bee needed to stop at the cyan colored flower en route to Yellow because Blue to Cyan was a known route for the bee starting at Blue. A visual demonstration would have cleared this confusion up. "
Qqqdb57ubrb5a1cjcyswxwo8dQ,rotational,10.0,"[[1, 7, 6], [1, 7, 6, 2]]",0.0,97.991,1,Fully conscious/deliberative,Somewhat unclear,Hard,Rather confident,"The concept of the stopover was not adequately explained in the instructions. An example visual demonstration would have been more helpful than a written instruction set. My understanding of the task was that the new destination had to happen by way of a known prior pathway. For example, to go from Purple to Blue, the bee would need to first go from Purple to Yellow and then from Yellow to Blue because the bee did not know a pathway from Blue to Purple directly. I was confused about whether these midway points were what was meant by a stopover, or if a known destination, when flown over and not directly related to the current movement plan, counted as a stopover. For example, if going from Blue to Yellow, whether the bee needed to stop at the cyan colored flower en route to Yellow because Blue to Cyan was a known route for the bee starting at Blue. A visual demonstration would have cleared this confusion up. "
Qqqdb57ubrb5a1cjcyswxwo8dQ,rotational,11.0,"[[4, 1, 7, 0], [5, 6, 7]]",1.0,30.356,1,Fully conscious/deliberative,Somewhat unclear,Hard,Rather confident,"The concept of the stopover was not adequately explained in the instructions. An example visual demonstration would have been more helpful than a written instruction set. My understanding of the task was that the new destination had to happen by way of a known prior pathway. For example, to go from Purple to Blue, the bee would need to first go from Purple to Yellow and then from Yellow to Blue because the bee did not know a pathway from Blue to Purple directly. I was confused about whether these midway points were what was meant by a stopover, or if a known destination, when flown over and not directly related to the current movement plan, counted as a stopover. For example, if going from Blue to Yellow, whether the bee needed to stop at the cyan colored flower en route to Yellow because Blue to Cyan was a known route for the bee starting at Blue. A visual demonstration would have cleared this confusion up. "
Qqqdb57ubrb5a1cjcyswxwo8dQ,rotational,12.0,"[[3, 5, 6, 7], [2, 6, 7]]",1.0,24.252,1,Fully conscious/deliberative,Somewhat unclear,Hard,Rather confident,"The concept of the stopover was not adequately explained in the instructions. An example visual demonstration would have been more helpful than a written instruction set. My understanding of the task was that the new destination had to happen by way of a known prior pathway. For example, to go from Purple to Blue, the bee would need to first go from Purple to Yellow and then from Yellow to Blue because the bee did not know a pathway from Blue to Purple directly. I was confused about whether these midway points were what was meant by a stopover, or if a known destination, when flown over and not directly related to the current movement plan, counted as a stopover. For example, if going from Blue to Yellow, whether the bee needed to stop at the cyan colored flower en route to Yellow because Blue to Cyan was a known route for the bee starting at Blue. A visual demonstration would have cleared this confusion up. "
Qqqdb57ubrb5a1cjcyswxwo8dQ,rotational,13.0,"[[1, 7, 6, 5], [7, 6, 5]]",1.0,14.937,1,Fully conscious/deliberative,Somewhat unclear,Hard,Rather confident,"The concept of the stopover was not adequately explained in the instructions. An example visual demonstration would have been more helpful than a written instruction set. My understanding of the task was that the new destination had to happen by way of a known prior pathway. For example, to go from Purple to Blue, the bee would need to first go from Purple to Yellow and then from Yellow to Blue because the bee did not know a pathway from Blue to Purple directly. I was confused about whether these midway points were what was meant by a stopover, or if a known destination, when flown over and not directly related to the current movement plan, counted as a stopover. For example, if going from Blue to Yellow, whether the bee needed to stop at the cyan colored flower en route to Yellow because Blue to Cyan was a known route for the bee starting at Blue. A visual demonstration would have cleared this confusion up. "
Qqqdb57ubrb5a1cjcyswxwo8dQ,rotational,14.0,"[[4, 1, 7, 6], [1, 7, 6, 5, 3]]",1.0,29.367,0,Fully conscious/deliberative,Somewhat unclear,Hard,Rather confident,"The concept of the stopover was not adequately explained in the instructions. An example visual demonstration would have been more helpful than a written instruction set. My understanding of the task was that the new destination had to happen by way of a known prior pathway. For example, to go from Purple to Blue, the bee would need to first go from Purple to Yellow and then from Yellow to Blue because the bee did not know a pathway from Blue to Purple directly. I was confused about whether these midway points were what was meant by a stopover, or if a known destination, when flown over and not directly related to the current movement plan, counted as a stopover. For example, if going from Blue to Yellow, whether the bee needed to stop at the cyan colored flower en route to Yellow because Blue to Cyan was a known route for the bee starting at Blue. A visual demonstration would have cleared this confusion up. "
Qqqdb57ubrb5a1cjcyswxwo8dQ,rotational,15.0,"[[7, 6, 5], [0, 7, 6, 2]]",1.0,56.71,0,Fully conscious/deliberative,Somewhat unclear,Hard,Rather confident,"The concept of the stopover was not adequately explained in the instructions. An example visual demonstration would have been more helpful than a written instruction set. My understanding of the task was that the new destination had to happen by way of a known prior pathway. For example, to go from Purple to Blue, the bee would need to first go from Purple to Yellow and then from Yellow to Blue because the bee did not know a pathway from Blue to Purple directly. I was confused about whether these midway points were what was meant by a stopover, or if a known destination, when flown over and not directly related to the current movement plan, counted as a stopover. For example, if going from Blue to Yellow, whether the bee needed to stop at the cyan colored flower en route to Yellow because Blue to Cyan was a known route for the bee starting at Blue. A visual demonstration would have cleared this confusion up. "
Qqqdb57ubrb5a1cjcyswxwo8dQ,rotational,16.0,"[[7, 6, 2], [1, 7, 6, 5]]",1.0,15.349,0,Fully conscious/deliberative,Somewhat unclear,Hard,Rather confident,"The concept of the stopover was not adequately explained in the instructions. An example visual demonstration would have been more helpful than a written instruction set. My understanding of the task was that the new destination had to happen by way of a known prior pathway. For example, to go from Purple to Blue, the bee would need to first go from Purple to Yellow and then from Yellow to Blue because the bee did not know a pathway from Blue to Purple directly. I was confused about whether these midway points were what was meant by a stopover, or if a known destination, when flown over and not directly related to the current movement plan, counted as a stopover. For example, if going from Blue to Yellow, whether the bee needed to stop at the cyan colored flower en route to Yellow because Blue to Cyan was a known route for the bee starting at Blue. A visual demonstration would have cleared this confusion up. "
Qqqdb57ubrb5a1cjcyswxwo8dQ,rotational,17.0,"[[4, 1, 7, 0], [7, 6, 2]]",1.0,11.482,1,Fully conscious/deliberative,Somewhat unclear,Hard,Rather confident,"The concept of the stopover was not adequately explained in the instructions. An example visual demonstration would have been more helpful than a written instruction set. My understanding of the task was that the new destination had to happen by way of a known prior pathway. For example, to go from Purple to Blue, the bee would need to first go from Purple to Yellow and then from Yellow to Blue because the bee did not know a pathway from Blue to Purple directly. I was confused about whether these midway points were what was meant by a stopover, or if a known destination, when flown over and not directly related to the current movement plan, counted as a stopover. For example, if going from Blue to Yellow, whether the bee needed to stop at the cyan colored flower en route to Yellow because Blue to Cyan was a known route for the bee starting at Blue. A visual demonstration would have cleared this confusion up. "
Qqqdb57ubrb5a1cjcyswxwo8dQ,rotational,18.0,"[[4, 1, 7], [2, 6, 7, 0]]",1.0,12.367,0,Fully conscious/deliberative,Somewhat unclear,Hard,Rather confident,"The concept of the stopover was not adequately explained in the instructions. An example visual demonstration would have been more helpful than a written instruction set. My understanding of the task was that the new destination had to happen by way of a known prior pathway. For example, to go from Purple to Blue, the bee would need to first go from Purple to Yellow and then from Yellow to Blue because the bee did not know a pathway from Blue to Purple directly. I was confused about whether these midway points were what was meant by a stopover, or if a known destination, when flown over and not directly related to the current movement plan, counted as a stopover. For example, if going from Blue to Yellow, whether the bee needed to stop at the cyan colored flower en route to Yellow because Blue to Cyan was a known route for the bee starting at Blue. A visual demonstration would have cleared this confusion up. "
Qqqdb57ubrb5a1cjcyswxwo8dQ,rotational,19.0,"[[4, 1, 7, 6], [3, 5, 6]]",1.0,19.042,1,Fully conscious/deliberative,Somewhat unclear,Hard,Rather confident,"The concept of the stopover was not adequately explained in the instructions. An example visual demonstration would have been more helpful than a written instruction set. My understanding of the task was that the new destination had to happen by way of a known prior pathway. For example, to go from Purple to Blue, the bee would need to first go from Purple to Yellow and then from Yellow to Blue because the bee did not know a pathway from Blue to Purple directly. I was confused about whether these midway points were what was meant by a stopover, or if a known destination, when flown over and not directly related to the current movement plan, counted as a stopover. For example, if going from Blue to Yellow, whether the bee needed to stop at the cyan colored flower en route to Yellow because Blue to Cyan was a known route for the bee starting at Blue. A visual demonstration would have cleared this confusion up. "
Qqqdb57ubrb5a1cjcyswxwo8dQ,rotational,20.0,"[[0, 7, 1], [5, 6, 7, 1]]",0.0,47.229,1,Fully conscious/deliberative,Somewhat unclear,Hard,Rather confident,"The concept of the stopover was not adequately explained in the instructions. An example visual demonstration would have been more helpful than a written instruction set. My understanding of the task was that the new destination had to happen by way of a known prior pathway. For example, to go from Purple to Blue, the bee would need to first go from Purple to Yellow and then from Yellow to Blue because the bee did not know a pathway from Blue to Purple directly. I was confused about whether these midway points were what was meant by a stopover, or if a known destination, when flown over and not directly related to the current movement plan, counted as a stopover. For example, if going from Blue to Yellow, whether the bee needed to stop at the cyan colored flower en route to Yellow because Blue to Cyan was a known route for the bee starting at Blue. A visual demonstration would have cleared this confusion up. "
Qqqdb57ubrb5a1cjcyswxwo8dQ,rotational,21.0,"[[2, 6, 7, 0], [3, 5, 6]]",1.0,30.211,1,Fully conscious/deliberative,Somewhat unclear,Hard,Rather confident,"The concept of the stopover was not adequately explained in the instructions. An example visual demonstration would have been more helpful than a written instruction set. My understanding of the task was that the new destination had to happen by way of a known prior pathway. For example, to go from Purple to Blue, the bee would need to first go from Purple to Yellow and then from Yellow to Blue because the bee did not know a pathway from Blue to Purple directly. I was confused about whether these midway points were what was meant by a stopover, or if a known destination, when flown over and not directly related to the current movement plan, counted as a stopover. For example, if going from Blue to Yellow, whether the bee needed to stop at the cyan colored flower en route to Yellow because Blue to Cyan was a known route for the bee starting at Blue. A visual demonstration would have cleared this confusion up. "
Qqqdb57ubrb5a1cjcyswxwo8dQ,rotational,22.0,"[[2, 6, 7], [4, 1, 7, 0]]",1.0,40.752,0,Fully conscious/deliberative,Somewhat unclear,Hard,Rather confident,"The concept of the stopover was not adequately explained in the instructions. An example visual demonstration would have been more helpful than a written instruction set. My understanding of the task was that the new destination had to happen by way of a known prior pathway. For example, to go from Purple to Blue, the bee would need to first go from Purple to Yellow and then from Yellow to Blue because the bee did not know a pathway from Blue to Purple directly. I was confused about whether these midway points were what was meant by a stopover, or if a known destination, when flown over and not directly related to the current movement plan, counted as a stopover. For example, if going from Blue to Yellow, whether the bee needed to stop at the cyan colored flower en route to Yellow because Blue to Cyan was a known route for the bee starting at Blue. A visual demonstration would have cleared this confusion up. "
Qqqdb57ubrb5a1cjcyswxwo8dQ,rotational,23.0,"[[0, 7, 1, 4], [4, 1, 7, 6, 2]]",1.0,26.163,0,Fully conscious/deliberative,Somewhat unclear,Hard,Rather confident,"The concept of the stopover was not adequately explained in the instructions. An example visual demonstration would have been more helpful than a written instruction set. My understanding of the task was that the new destination had to happen by way of a known prior pathway. For example, to go from Purple to Blue, the bee would need to first go from Purple to Yellow and then from Yellow to Blue because the bee did not know a pathway from Blue to Purple directly. I was confused about whether these midway points were what was meant by a stopover, or if a known destination, when flown over and not directly related to the current movement plan, counted as a stopover. For example, if going from Blue to Yellow, whether the bee needed to stop at the cyan colored flower en route to Yellow because Blue to Cyan was a known route for the bee starting at Blue. A visual demonstration would have cleared this confusion up. "
Qqqdb57ubrb5a1cjcyswxwo8dQ,rotational,24.0,"[[5, 6, 7, 1], [7, 1, 4]]",1.0,17.511,1,Fully conscious/deliberative,Somewhat unclear,Hard,Rather confident,"The concept of the stopover was not adequately explained in the instructions. An example visual demonstration would have been more helpful than a written instruction set. My understanding of the task was that the new destination had to happen by way of a known prior pathway. For example, to go from Purple to Blue, the bee would need to first go from Purple to Yellow and then from Yellow to Blue because the bee did not know a pathway from Blue to Purple directly. I was confused about whether these midway points were what was meant by a stopover, or if a known destination, when flown over and not directly related to the current movement plan, counted as a stopover. For example, if going from Blue to Yellow, whether the bee needed to stop at the cyan colored flower en route to Yellow because Blue to Cyan was a known route for the bee starting at Blue. A visual demonstration would have cleared this confusion up. "
Qqqdb57ubrb5a1cjcyswxwo8dQ,rotational,25.0,"[[2, 6, 5, 3], [4, 1, 7]]",1.0,35.723,1,Fully conscious/deliberative,Somewhat unclear,Hard,Rather confident,"The concept of the stopover was not adequately explained in the instructions. An example visual demonstration would have been more helpful than a written instruction set. My understanding of the task was that the new destination had to happen by way of a known prior pathway. For example, to go from Purple to Blue, the bee would need to first go from Purple to Yellow and then from Yellow to Blue because the bee did not know a pathway from Blue to Purple directly. I was confused about whether these midway points were what was meant by a stopover, or if a known destination, when flown over and not directly related to the current movement plan, counted as a stopover. For example, if going from Blue to Yellow, whether the bee needed to stop at the cyan colored flower en route to Yellow because Blue to Cyan was a known route for the bee starting at Blue. A visual demonstration would have cleared this confusion up. "
Qqqdb57ubrb5a1cjcyswxwo8dQ,rotational,26.0,"[[1, 7, 6, 5], [5, 6, 2]]",1.0,21.525,1,Fully conscious/deliberative,Somewhat unclear,Hard,Rather confident,"The concept of the stopover was not adequately explained in the instructions. An example visual demonstration would have been more helpful than a written instruction set. My understanding of the task was that the new destination had to happen by way of a known prior pathway. For example, to go from Purple to Blue, the bee would need to first go from Purple to Yellow and then from Yellow to Blue because the bee did not know a pathway from Blue to Purple directly. I was confused about whether these midway points were what was meant by a stopover, or if a known destination, when flown over and not directly related to the current movement plan, counted as a stopover. For example, if going from Blue to Yellow, whether the bee needed to stop at the cyan colored flower en route to Yellow because Blue to Cyan was a known route for the bee starting at Blue. A visual demonstration would have cleared this confusion up. "
Qqqdb57ubrb5a1cjcyswxwo8dQ,rotational,27.0,"[[4, 1, 7, 6, 2], [3, 5, 6, 7, 1, 4]]",1.0,21.422,0,Fully conscious/deliberative,Somewhat unclear,Hard,Rather confident,"The concept of the stopover was not adequately explained in the instructions. An example visual demonstration would have been more helpful than a written instruction set. My understanding of the task was that the new destination had to happen by way of a known prior pathway. For example, to go from Purple to Blue, the bee would need to first go from Purple to Yellow and then from Yellow to Blue because the bee did not know a pathway from Blue to Purple directly. I was confused about whether these midway points were what was meant by a stopover, or if a known destination, when flown over and not directly related to the current movement plan, counted as a stopover. For example, if going from Blue to Yellow, whether the bee needed to stop at the cyan colored flower en route to Yellow because Blue to Cyan was a known route for the bee starting at Blue. A visual demonstration would have cleared this confusion up. "
Qqqdb57ubrb5a1cjcyswxwo8dQ,rotational,28.0,"[[3, 5, 6, 7], [2, 6, 5]]",1.0,24.559,1,Fully conscious/deliberative,Somewhat unclear,Hard,Rather confident,"The concept of the stopover was not adequately explained in the instructions. An example visual demonstration would have been more helpful than a written instruction set. My understanding of the task was that the new destination had to happen by way of a known prior pathway. For example, to go from Purple to Blue, the bee would need to first go from Purple to Yellow and then from Yellow to Blue because the bee did not know a pathway from Blue to Purple directly. I was confused about whether these midway points were what was meant by a stopover, or if a known destination, when flown over and not directly related to the current movement plan, counted as a stopover. For example, if going from Blue to Yellow, whether the bee needed to stop at the cyan colored flower en route to Yellow because Blue to Cyan was a known route for the bee starting at Blue. A visual demonstration would have cleared this confusion up. "
Qqqdb57ubrb5a1cjcyswxwo8dQ,rotational,29.0,"[[0, 7, 1], [2, 6, 5, 3]]",0.0,86.306,1,Fully conscious/deliberative,Somewhat unclear,Hard,Rather confident,"The concept of the stopover was not adequately explained in the instructions. An example visual demonstration would have been more helpful than a written instruction set. My understanding of the task was that the new destination had to happen by way of a known prior pathway. For example, to go from Purple to Blue, the bee would need to first go from Purple to Yellow and then from Yellow to Blue because the bee did not know a pathway from Blue to Purple directly. I was confused about whether these midway points were what was meant by a stopover, or if a known destination, when flown over and not directly related to the current movement plan, counted as a stopover. For example, if going from Blue to Yellow, whether the bee needed to stop at the cyan colored flower en route to Yellow because Blue to Cyan was a known route for the bee starting at Blue. A visual demonstration would have cleared this confusion up. "
Qqqdb57ubrb5a1cjcyswxwo8dQ,rotational,30.0,"[[0, 7, 1, 4], [5, 6, 2]]",1.0,6.668,1,Fully conscious/deliberative,Somewhat unclear,Hard,Rather confident,"The concept of the stopover was not adequately explained in the instructions. An example visual demonstration would have been more helpful than a written instruction set. My understanding of the task was that the new destination had to happen by way of a known prior pathway. For example, to go from Purple to Blue, the bee would need to first go from Purple to Yellow and then from Yellow to Blue because the bee did not know a pathway from Blue to Purple directly. I was confused about whether these midway points were what was meant by a stopover, or if a known destination, when flown over and not directly related to the current movement plan, counted as a stopover. For example, if going from Blue to Yellow, whether the bee needed to stop at the cyan colored flower en route to Yellow because Blue to Cyan was a known route for the bee starting at Blue. A visual demonstration would have cleared this confusion up. "
Qqqdb57ubrb5a1cjcyswxwo8dQ,rotational,31.0,"[[3, 5, 6, 7, 1], [1, 7, 6, 2]]",1.0,24.156,1,Fully conscious/deliberative,Somewhat unclear,Hard,Rather confident,"The concept of the stopover was not adequately explained in the instructions. An example visual demonstration would have been more helpful than a written instruction set. My understanding of the task was that the new destination had to happen by way of a known prior pathway. For example, to go from Purple to Blue, the bee would need to first go from Purple to Yellow and then from Yellow to Blue because the bee did not know a pathway from Blue to Purple directly. I was confused about whether these midway points were what was meant by a stopover, or if a known destination, when flown over and not directly related to the current movement plan, counted as a stopover. For example, if going from Blue to Yellow, whether the bee needed to stop at the cyan colored flower en route to Yellow because Blue to Cyan was a known route for the bee starting at Blue. A visual demonstration would have cleared this confusion up. "
Qqqdb57ubrb5a1cjcyswxwo8dQ,rotational,32.0,"[[2, 6, 7], [6, 7, 1, 4]]",1.0,14.425,0,Fully conscious/deliberative,Somewhat unclear,Hard,Rather confident,"The concept of the stopover was not adequately explained in the instructions. An example visual demonstration would have been more helpful than a written instruction set. My understanding of the task was that the new destination had to happen by way of a known prior pathway. For example, to go from Purple to Blue, the bee would need to first go from Purple to Yellow and then from Yellow to Blue because the bee did not know a pathway from Blue to Purple directly. I was confused about whether these midway points were what was meant by a stopover, or if a known destination, when flown over and not directly related to the current movement plan, counted as a stopover. For example, if going from Blue to Yellow, whether the bee needed to stop at the cyan colored flower en route to Yellow because Blue to Cyan was a known route for the bee starting at Blue. A visual demonstration would have cleared this confusion up. "
Qqqdb57ubrb5a1cjcyswxwo8dQ,rotational,33.0,"[[4, 1, 7, 6, 5], [7, 6, 5, 3]]",1.0,14.274,1,Fully conscious/deliberative,Somewhat unclear,Hard,Rather confident,"The concept of the stopover was not adequately explained in the instructions. An example visual demonstration would have been more helpful than a written instruction set. My understanding of the task was that the new destination had to happen by way of a known prior pathway. For example, to go from Purple to Blue, the bee would need to first go from Purple to Yellow and then from Yellow to Blue because the bee did not know a pathway from Blue to Purple directly. I was confused about whether these midway points were what was meant by a stopover, or if a known destination, when flown over and not directly related to the current movement plan, counted as a stopover. For example, if going from Blue to Yellow, whether the bee needed to stop at the cyan colored flower en route to Yellow because Blue to Cyan was a known route for the bee starting at Blue. A visual demonstration would have cleared this confusion up. "
Qqqdb57ubrb5a1cjcyswxwo8dQ,rotational,34.0,"[[2, 6, 5, 3], [3, 5, 6, 7, 1]]",1.0,30.864,0,Fully conscious/deliberative,Somewhat unclear,Hard,Rather confident,"The concept of the stopover was not adequately explained in the instructions. An example visual demonstration would have been more helpful than a written instruction set. My understanding of the task was that the new destination had to happen by way of a known prior pathway. For example, to go from Purple to Blue, the bee would need to first go from Purple to Yellow and then from Yellow to Blue because the bee did not know a pathway from Blue to Purple directly. I was confused about whether these midway points were what was meant by a stopover, or if a known destination, when flown over and not directly related to the current movement plan, counted as a stopover. For example, if going from Blue to Yellow, whether the bee needed to stop at the cyan colored flower en route to Yellow because Blue to Cyan was a known route for the bee starting at Blue. A visual demonstration would have cleared this confusion up. "
Qqqdb57ubrb5a1cjcyswxwo8dQ,rotational,35.0,"[[7, 6, 5], [3, 5, 6, 2]]",1.0,12.344,0,Fully conscious/deliberative,Somewhat unclear,Hard,Rather confident,"The concept of the stopover was not adequately explained in the instructions. An example visual demonstration would have been more helpful than a written instruction set. My understanding of the task was that the new destination had to happen by way of a known prior pathway. For example, to go from Purple to Blue, the bee would need to first go from Purple to Yellow and then from Yellow to Blue because the bee did not know a pathway from Blue to Purple directly. I was confused about whether these midway points were what was meant by a stopover, or if a known destination, when flown over and not directly related to the current movement plan, counted as a stopover. For example, if going from Blue to Yellow, whether the bee needed to stop at the cyan colored flower en route to Yellow because Blue to Cyan was a known route for the bee starting at Blue. A visual demonstration would have cleared this confusion up. "
Qqqdb57ubrb5a1cjcyswxwo8dQ,rotational,36.0,"[[7, 6, 5, 3], [4, 1, 7, 6, 2]]",1.0,15.839,0,Fully conscious/deliberative,Somewhat unclear,Hard,Rather confident,"The concept of the stopover was not adequately explained in the instructions. An example visual demonstration would have been more helpful than a written instruction set. My understanding of the task was that the new destination had to happen by way of a known prior pathway. For example, to go from Purple to Blue, the bee would need to first go from Purple to Yellow and then from Yellow to Blue because the bee did not know a pathway from Blue to Purple directly. I was confused about whether these midway points were what was meant by a stopover, or if a known destination, when flown over and not directly related to the current movement plan, counted as a stopover. For example, if going from Blue to Yellow, whether the bee needed to stop at the cyan colored flower en route to Yellow because Blue to Cyan was a known route for the bee starting at Blue. A visual demonstration would have cleared this confusion up. "
Qqqdb57ubrb5a1cjcyswxwo8dQ,rotational,37.0,"[[3, 5, 6, 2], [5, 6, 2]]",1.0,27.093,1,Fully conscious/deliberative,Somewhat unclear,Hard,Rather confident,"The concept of the stopover was not adequately explained in the instructions. An example visual demonstration would have been more helpful than a written instruction set. My understanding of the task was that the new destination had to happen by way of a known prior pathway. For example, to go from Purple to Blue, the bee would need to first go from Purple to Yellow and then from Yellow to Blue because the bee did not know a pathway from Blue to Purple directly. I was confused about whether these midway points were what was meant by a stopover, or if a known destination, when flown over and not directly related to the current movement plan, counted as a stopover. For example, if going from Blue to Yellow, whether the bee needed to stop at the cyan colored flower en route to Yellow because Blue to Cyan was a known route for the bee starting at Blue. A visual demonstration would have cleared this confusion up. "
Qqqdb57ubrb5a1cjcyswxwo8dQ,rotational,38.0,"[[2, 6, 7, 0], [3, 5, 6, 7, 0]]",1.0,27.325,0,Fully conscious/deliberative,Somewhat unclear,Hard,Rather confident,"The concept of the stopover was not adequately explained in the instructions. An example visual demonstration would have been more helpful than a written instruction set. My understanding of the task was that the new destination had to happen by way of a known prior pathway. For example, to go from Purple to Blue, the bee would need to first go from Purple to Yellow and then from Yellow to Blue because the bee did not know a pathway from Blue to Purple directly. I was confused about whether these midway points were what was meant by a stopover, or if a known destination, when flown over and not directly related to the current movement plan, counted as a stopover. For example, if going from Blue to Yellow, whether the bee needed to stop at the cyan colored flower en route to Yellow because Blue to Cyan was a known route for the bee starting at Blue. A visual demonstration would have cleared this confusion up. "
Qqqdb57ubrb5a1cjcyswxwo8dQ,rotational,39.0,"[[2, 6, 7, 1, 4], [5, 6, 7, 0]]",1.0,43.205,1,Fully conscious/deliberative,Somewhat unclear,Hard,Rather confident,"The concept of the stopover was not adequately explained in the instructions. An example visual demonstration would have been more helpful than a written instruction set. My understanding of the task was that the new destination had to happen by way of a known prior pathway. For example, to go from Purple to Blue, the bee would need to first go from Purple to Yellow and then from Yellow to Blue because the bee did not know a pathway from Blue to Purple directly. I was confused about whether these midway points were what was meant by a stopover, or if a known destination, when flown over and not directly related to the current movement plan, counted as a stopover. For example, if going from Blue to Yellow, whether the bee needed to stop at the cyan colored flower en route to Yellow because Blue to Cyan was a known route for the bee starting at Blue. A visual demonstration would have cleared this confusion up. "
Qqqdb57ubrb5a1cjcyswxwo8dQ,rotational,40.0,"[[2, 6, 5], [5, 6, 7, 0]]",1.0,16.966,0,Fully conscious/deliberative,Somewhat unclear,Hard,Rather confident,"The concept of the stopover was not adequately explained in the instructions. An example visual demonstration would have been more helpful than a written instruction set. My understanding of the task was that the new destination had to happen by way of a known prior pathway. For example, to go from Purple to Blue, the bee would need to first go from Purple to Yellow and then from Yellow to Blue because the bee did not know a pathway from Blue to Purple directly. I was confused about whether these midway points were what was meant by a stopover, or if a known destination, when flown over and not directly related to the current movement plan, counted as a stopover. For example, if going from Blue to Yellow, whether the bee needed to stop at the cyan colored flower en route to Yellow because Blue to Cyan was a known route for the bee starting at Blue. A visual demonstration would have cleared this confusion up. "
Qqqdb57ubrb5a1cjcyswxwo8dQ,rotational,41.0,"[[3, 5, 6, 7, 1], [1, 7, 6, 5]]",1.0,11.057,1,Fully conscious/deliberative,Somewhat unclear,Hard,Rather confident,"The concept of the stopover was not adequately explained in the instructions. An example visual demonstration would have been more helpful than a written instruction set. My understanding of the task was that the new destination had to happen by way of a known prior pathway. For example, to go from Purple to Blue, the bee would need to first go from Purple to Yellow and then from Yellow to Blue because the bee did not know a pathway from Blue to Purple directly. I was confused about whether these midway points were what was meant by a stopover, or if a known destination, when flown over and not directly related to the current movement plan, counted as a stopover. For example, if going from Blue to Yellow, whether the bee needed to stop at the cyan colored flower en route to Yellow because Blue to Cyan was a known route for the bee starting at Blue. A visual demonstration would have cleared this confusion up. "
Qqqdb57ubrb5a1cjcyswxwo8dQ,rotational,42.0,"[[3, 5, 6], [6, 7, 1, 4]]",1.0,19.302,0,Fully conscious/deliberative,Somewhat unclear,Hard,Rather confident,"The concept of the stopover was not adequately explained in the instructions. An example visual demonstration would have been more helpful than a written instruction set. My understanding of the task was that the new destination had to happen by way of a known prior pathway. For example, to go from Purple to Blue, the bee would need to first go from Purple to Yellow and then from Yellow to Blue because the bee did not know a pathway from Blue to Purple directly. I was confused about whether these midway points were what was meant by a stopover, or if a known destination, when flown over and not directly related to the current movement plan, counted as a stopover. For example, if going from Blue to Yellow, whether the bee needed to stop at the cyan colored flower en route to Yellow because Blue to Cyan was a known route for the bee starting at Blue. A visual demonstration would have cleared this confusion up. "
Qqqdb57ubrb5a1cjcyswxwo8dQ,rotational,43.0,"[[3, 5, 6], [1, 7, 6, 2]]",1.0,7.874,0,Fully conscious/deliberative,Somewhat unclear,Hard,Rather confident,"The concept of the stopover was not adequately explained in the instructions. An example visual demonstration would have been more helpful than a written instruction set. My understanding of the task was that the new destination had to happen by way of a known prior pathway. For example, to go from Purple to Blue, the bee would need to first go from Purple to Yellow and then from Yellow to Blue because the bee did not know a pathway from Blue to Purple directly. I was confused about whether these midway points were what was meant by a stopover, or if a known destination, when flown over and not directly related to the current movement plan, counted as a stopover. For example, if going from Blue to Yellow, whether the bee needed to stop at the cyan colored flower en route to Yellow because Blue to Cyan was a known route for the bee starting at Blue. A visual demonstration would have cleared this confusion up. "
Qqqdb57ubrb5a1cjcyswxwo8dQ,rotational,44.0,"[[6, 7, 1, 4], [0, 7, 1]]",1.0,33.891,1,Fully conscious/deliberative,Somewhat unclear,Hard,Rather confident,"The concept of the stopover was not adequately explained in the instructions. An example visual demonstration would have been more helpful than a written instruction set. My understanding of the task was that the new destination had to happen by way of a known prior pathway. For example, to go from Purple to Blue, the bee would need to first go from Purple to Yellow and then from Yellow to Blue because the bee did not know a pathway from Blue to Purple directly. I was confused about whether these midway points were what was meant by a stopover, or if a known destination, when flown over and not directly related to the current movement plan, counted as a stopover. For example, if going from Blue to Yellow, whether the bee needed to stop at the cyan colored flower en route to Yellow because Blue to Cyan was a known route for the bee starting at Blue. A visual demonstration would have cleared this confusion up. "
Qqqdb57ubrb5a1cjcyswxwo8dQ,rotational,45.0,"[[0, 7, 6, 5], [6, 7, 1]]",1.0,13.184,1,Fully conscious/deliberative,Somewhat unclear,Hard,Rather confident,"The concept of the stopover was not adequately explained in the instructions. An example visual demonstration would have been more helpful than a written instruction set. My understanding of the task was that the new destination had to happen by way of a known prior pathway. For example, to go from Purple to Blue, the bee would need to first go from Purple to Yellow and then from Yellow to Blue because the bee did not know a pathway from Blue to Purple directly. I was confused about whether these midway points were what was meant by a stopover, or if a known destination, when flown over and not directly related to the current movement plan, counted as a stopover. For example, if going from Blue to Yellow, whether the bee needed to stop at the cyan colored flower en route to Yellow because Blue to Cyan was a known route for the bee starting at Blue. A visual demonstration would have cleared this confusion up. "
Qqqdb57ubrb5a1cjcyswxwo8dQ,rotational,46.0,"[[2, 6, 7], [4, 1, 7, 6]]",1.0,111.778,0,Fully conscious/deliberative,Somewhat unclear,Hard,Rather confident,"The concept of the stopover was not adequately explained in the instructions. An example visual demonstration would have been more helpful than a written instruction set. My understanding of the task was that the new destination had to happen by way of a known prior pathway. For example, to go from Purple to Blue, the bee would need to first go from Purple to Yellow and then from Yellow to Blue because the bee did not know a pathway from Blue to Purple directly. I was confused about whether these midway points were what was meant by a stopover, or if a known destination, when flown over and not directly related to the current movement plan, counted as a stopover. For example, if going from Blue to Yellow, whether the bee needed to stop at the cyan colored flower en route to Yellow because Blue to Cyan was a known route for the bee starting at Blue. A visual demonstration would have cleared this confusion up. "
Qqqdb57ubrb5a1cjcyswxwo8dQ,rotational,47.0,"[[3, 5, 6, 2], [6, 7, 0]]",1.0,15.321,1,Fully conscious/deliberative,Somewhat unclear,Hard,Rather confident,"The concept of the stopover was not adequately explained in the instructions. An example visual demonstration would have been more helpful than a written instruction set. My understanding of the task was that the new destination had to happen by way of a known prior pathway. For example, to go from Purple to Blue, the bee would need to first go from Purple to Yellow and then from Yellow to Blue because the bee did not know a pathway from Blue to Purple directly. I was confused about whether these midway points were what was meant by a stopover, or if a known destination, when flown over and not directly related to the current movement plan, counted as a stopover. For example, if going from Blue to Yellow, whether the bee needed to stop at the cyan colored flower en route to Yellow because Blue to Cyan was a known route for the bee starting at Blue. A visual demonstration would have cleared this confusion up. "
Qqqdb57ubrb5a1cjcyswxwo8dQ,rotational,48.0,"[[5, 6, 2], [2, 6, 7, 1]]",1.0,41.877,0,Fully conscious/deliberative,Somewhat unclear,Hard,Rather confident,"The concept of the stopover was not adequately explained in the instructions. An example visual demonstration would have been more helpful than a written instruction set. My understanding of the task was that the new destination had to happen by way of a known prior pathway. For example, to go from Purple to Blue, the bee would need to first go from Purple to Yellow and then from Yellow to Blue because the bee did not know a pathway from Blue to Purple directly. I was confused about whether these midway points were what was meant by a stopover, or if a known destination, when flown over and not directly related to the current movement plan, counted as a stopover. For example, if going from Blue to Yellow, whether the bee needed to stop at the cyan colored flower en route to Yellow because Blue to Cyan was a known route for the bee starting at Blue. A visual demonstration would have cleared this confusion up. "
Qqqdb57ubrb5a1cjcyswxwo8dQ,rotational,49.0,"[[3, 5, 6, 2], [6, 7, 1]]",1.0,22.563,1,Fully conscious/deliberative,Somewhat unclear,Hard,Rather confident,"The concept of the stopover was not adequately explained in the instructions. An example visual demonstration would have been more helpful than a written instruction set. My understanding of the task was that the new destination had to happen by way of a known prior pathway. For example, to go from Purple to Blue, the bee would need to first go from Purple to Yellow and then from Yellow to Blue because the bee did not know a pathway from Blue to Purple directly. I was confused about whether these midway points were what was meant by a stopover, or if a known destination, when flown over and not directly related to the current movement plan, counted as a stopover. For example, if going from Blue to Yellow, whether the bee needed to stop at the cyan colored flower en route to Yellow because Blue to Cyan was a known route for the bee starting at Blue. A visual demonstration would have cleared this confusion up. "
Qqqdb57ubrb5a1cjcyswxwo8dQ,rotational,50.0,"[[2, 6, 5, 3], [2, 6, 7, 1, 4]]",1.0,11.784,0,Fully conscious/deliberative,Somewhat unclear,Hard,Rather confident,"The concept of the stopover was not adequately explained in the instructions. An example visual demonstration would have been more helpful than a written instruction set. My understanding of the task was that the new destination had to happen by way of a known prior pathway. For example, to go from Purple to Blue, the bee would need to first go from Purple to Yellow and then from Yellow to Blue because the bee did not know a pathway from Blue to Purple directly. I was confused about whether these midway points were what was meant by a stopover, or if a known destination, when flown over and not directly related to the current movement plan, counted as a stopover. For example, if going from Blue to Yellow, whether the bee needed to stop at the cyan colored flower en route to Yellow because Blue to Cyan was a known route for the bee starting at Blue. A visual demonstration would have cleared this confusion up. "
Qqqdb57ubrb5a1cjcyswxwo8dQ,rotational,51.0,"[[2, 6, 7], [2, 6, 7, 1]]",1.0,8.005,0,Fully conscious/deliberative,Somewhat unclear,Hard,Rather confident,"The concept of the stopover was not adequately explained in the instructions. An example visual demonstration would have been more helpful than a written instruction set. My understanding of the task was that the new destination had to happen by way of a known prior pathway. For example, to go from Purple to Blue, the bee would need to first go from Purple to Yellow and then from Yellow to Blue because the bee did not know a pathway from Blue to Purple directly. I was confused about whether these midway points were what was meant by a stopover, or if a known destination, when flown over and not directly related to the current movement plan, counted as a stopover. For example, if going from Blue to Yellow, whether the bee needed to stop at the cyan colored flower en route to Yellow because Blue to Cyan was a known route for the bee starting at Blue. A visual demonstration would have cleared this confusion up. "
Qqqdb57ubrb5a1cjcyswxwo8dQ,rotational,52.0,"[[1, 7, 0], [0, 7, 6, 5]]",1.0,24.717,0,Fully conscious/deliberative,Somewhat unclear,Hard,Rather confident,"The concept of the stopover was not adequately explained in the instructions. An example visual demonstration would have been more helpful than a written instruction set. My understanding of the task was that the new destination had to happen by way of a known prior pathway. For example, to go from Purple to Blue, the bee would need to first go from Purple to Yellow and then from Yellow to Blue because the bee did not know a pathway from Blue to Purple directly. I was confused about whether these midway points were what was meant by a stopover, or if a known destination, when flown over and not directly related to the current movement plan, counted as a stopover. For example, if going from Blue to Yellow, whether the bee needed to stop at the cyan colored flower en route to Yellow because Blue to Cyan was a known route for the bee starting at Blue. A visual demonstration would have cleared this confusion up. "
Qqqdb57ubrb5a1cjcyswxwo8dQ,rotational,53.0,"[[4, 1, 7], [5, 6, 7, 1]]",1.0,6.655,0,Fully conscious/deliberative,Somewhat unclear,Hard,Rather confident,"The concept of the stopover was not adequately explained in the instructions. An example visual demonstration would have been more helpful than a written instruction set. My understanding of the task was that the new destination had to happen by way of a known prior pathway. For example, to go from Purple to Blue, the bee would need to first go from Purple to Yellow and then from Yellow to Blue because the bee did not know a pathway from Blue to Purple directly. I was confused about whether these midway points were what was meant by a stopover, or if a known destination, when flown over and not directly related to the current movement plan, counted as a stopover. For example, if going from Blue to Yellow, whether the bee needed to stop at the cyan colored flower en route to Yellow because Blue to Cyan was a known route for the bee starting at Blue. A visual demonstration would have cleared this confusion up. "
Qqqdb57ubrb5a1cjcyswxwo8dQ,rotational,54.0,"[[6, 5, 3], [4, 1, 7, 0]]",1.0,17.898,0,Fully conscious/deliberative,Somewhat unclear,Hard,Rather confident,"The concept of the stopover was not adequately explained in the instructions. An example visual demonstration would have been more helpful than a written instruction set. My understanding of the task was that the new destination had to happen by way of a known prior pathway. For example, to go from Purple to Blue, the bee would need to first go from Purple to Yellow and then from Yellow to Blue because the bee did not know a pathway from Blue to Purple directly. I was confused about whether these midway points were what was meant by a stopover, or if a known destination, when flown over and not directly related to the current movement plan, counted as a stopover. For example, if going from Blue to Yellow, whether the bee needed to stop at the cyan colored flower en route to Yellow because Blue to Cyan was a known route for the bee starting at Blue. A visual demonstration would have cleared this confusion up. "
Qqqdb57ubrb5a1cjcyswxwo8dQ,rotational,55.0,"[[4, 1, 7, 6], [2, 6, 5]]",1.0,9.691,1,Fully conscious/deliberative,Somewhat unclear,Hard,Rather confident,"The concept of the stopover was not adequately explained in the instructions. An example visual demonstration would have been more helpful than a written instruction set. My understanding of the task was that the new destination had to happen by way of a known prior pathway. For example, to go from Purple to Blue, the bee would need to first go from Purple to Yellow and then from Yellow to Blue because the bee did not know a pathway from Blue to Purple directly. I was confused about whether these midway points were what was meant by a stopover, or if a known destination, when flown over and not directly related to the current movement plan, counted as a stopover. For example, if going from Blue to Yellow, whether the bee needed to stop at the cyan colored flower en route to Yellow because Blue to Cyan was a known route for the bee starting at Blue. A visual demonstration would have cleared this confusion up. "
Qqqdb57ubrb5a1cjcyswxwo8dQ,rotational,56.0,"[[1, 7, 6, 2], [4, 1, 7]]",1.0,9.49,1,Fully conscious/deliberative,Somewhat unclear,Hard,Rather confident,"The concept of the stopover was not adequately explained in the instructions. An example visual demonstration would have been more helpful than a written instruction set. My understanding of the task was that the new destination had to happen by way of a known prior pathway. For example, to go from Purple to Blue, the bee would need to first go from Purple to Yellow and then from Yellow to Blue because the bee did not know a pathway from Blue to Purple directly. I was confused about whether these midway points were what was meant by a stopover, or if a known destination, when flown over and not directly related to the current movement plan, counted as a stopover. For example, if going from Blue to Yellow, whether the bee needed to stop at the cyan colored flower en route to Yellow because Blue to Cyan was a known route for the bee starting at Blue. A visual demonstration would have cleared this confusion up. "
Qqqdb57ubrb5a1cjcyswxwo8dQ,rotational,57.0,"[[7, 1, 4], [1, 7, 6, 2]]",1.0,9.114,0,Fully conscious/deliberative,Somewhat unclear,Hard,Rather confident,"The concept of the stopover was not adequately explained in the instructions. An example visual demonstration would have been more helpful than a written instruction set. My understanding of the task was that the new destination had to happen by way of a known prior pathway. For example, to go from Purple to Blue, the bee would need to first go from Purple to Yellow and then from Yellow to Blue because the bee did not know a pathway from Blue to Purple directly. I was confused about whether these midway points were what was meant by a stopover, or if a known destination, when flown over and not directly related to the current movement plan, counted as a stopover. For example, if going from Blue to Yellow, whether the bee needed to stop at the cyan colored flower en route to Yellow because Blue to Cyan was a known route for the bee starting at Blue. A visual demonstration would have cleared this confusion up. "
Qqqdb57ubrb5a1cjcyswxwo8dQ,rotational,58.0,"[[0, 7, 6, 5, 3], [2, 6, 7, 1]]",1.0,12.488,1,Fully conscious/deliberative,Somewhat unclear,Hard,Rather confident,"The concept of the stopover was not adequately explained in the instructions. An example visual demonstration would have been more helpful than a written instruction set. My understanding of the task was that the new destination had to happen by way of a known prior pathway. For example, to go from Purple to Blue, the bee would need to first go from Purple to Yellow and then from Yellow to Blue because the bee did not know a pathway from Blue to Purple directly. I was confused about whether these midway points were what was meant by a stopover, or if a known destination, when flown over and not directly related to the current movement plan, counted as a stopover. For example, if going from Blue to Yellow, whether the bee needed to stop at the cyan colored flower en route to Yellow because Blue to Cyan was a known route for the bee starting at Blue. A visual demonstration would have cleared this confusion up. "
Qqqdb57ubrb5a1cjcyswxwo8dQ,rotational,59.0,"[[6, 7, 1], [5, 6, 7, 1]]",1.0,7.339,0,Fully conscious/deliberative,Somewhat unclear,Hard,Rather confident,"The concept of the stopover was not adequately explained in the instructions. An example visual demonstration would have been more helpful than a written instruction set. My understanding of the task was that the new destination had to happen by way of a known prior pathway. For example, to go from Purple to Blue, the bee would need to first go from Purple to Yellow and then from Yellow to Blue because the bee did not know a pathway from Blue to Purple directly. I was confused about whether these midway points were what was meant by a stopover, or if a known destination, when flown over and not directly related to the current movement plan, counted as a stopover. For example, if going from Blue to Yellow, whether the bee needed to stop at the cyan colored flower en route to Yellow because Blue to Cyan was a known route for the bee starting at Blue. A visual demonstration would have cleared this confusion up. "
Qqqdb57ubrb5a1cjcyswxwo8dQ,rotational,60.0,"[[7, 6, 5], [6, 7, 1, 4]]",1.0,6.558,0,Fully conscious/deliberative,Somewhat unclear,Hard,Rather confident,"The concept of the stopover was not adequately explained in the instructions. An example visual demonstration would have been more helpful than a written instruction set. My understanding of the task was that the new destination had to happen by way of a known prior pathway. For example, to go from Purple to Blue, the bee would need to first go from Purple to Yellow and then from Yellow to Blue because the bee did not know a pathway from Blue to Purple directly. I was confused about whether these midway points were what was meant by a stopover, or if a known destination, when flown over and not directly related to the current movement plan, counted as a stopover. For example, if going from Blue to Yellow, whether the bee needed to stop at the cyan colored flower en route to Yellow because Blue to Cyan was a known route for the bee starting at Blue. A visual demonstration would have cleared this confusion up. "
Qqqdb57ubrb5a1cjcyswxwo8dQ,rotational,61.0,"[[4, 1, 7, 6], [3, 5, 6, 7, 0]]",1.0,27.236,0,Fully conscious/deliberative,Somewhat unclear,Hard,Rather confident,"The concept of the stopover was not adequately explained in the instructions. An example visual demonstration would have been more helpful than a written instruction set. My understanding of the task was that the new destination had to happen by way of a known prior pathway. For example, to go from Purple to Blue, the bee would need to first go from Purple to Yellow and then from Yellow to Blue because the bee did not know a pathway from Blue to Purple directly. I was confused about whether these midway points were what was meant by a stopover, or if a known destination, when flown over and not directly related to the current movement plan, counted as a stopover. For example, if going from Blue to Yellow, whether the bee needed to stop at the cyan colored flower en route to Yellow because Blue to Cyan was a known route for the bee starting at Blue. A visual demonstration would have cleared this confusion up. "
Qqqdb57ubrb5a1cjcyswxwo8dQ,rotational,62.0,"[[4, 1, 7, 6], [5, 6, 7, 1, 4]]",1.0,9.439,0,Fully conscious/deliberative,Somewhat unclear,Hard,Rather confident,"The concept of the stopover was not adequately explained in the instructions. An example visual demonstration would have been more helpful than a written instruction set. My understanding of the task was that the new destination had to happen by way of a known prior pathway. For example, to go from Purple to Blue, the bee would need to first go from Purple to Yellow and then from Yellow to Blue because the bee did not know a pathway from Blue to Purple directly. I was confused about whether these midway points were what was meant by a stopover, or if a known destination, when flown over and not directly related to the current movement plan, counted as a stopover. For example, if going from Blue to Yellow, whether the bee needed to stop at the cyan colored flower en route to Yellow because Blue to Cyan was a known route for the bee starting at Blue. A visual demonstration would have cleared this confusion up. "
Qqqdb57ubrb5a1cjcyswxwo8dQ,rotational,63.0,"[[0, 7, 1], [2, 6, 7, 1]]",1.0,13.624,0,Fully conscious/deliberative,Somewhat unclear,Hard,Rather confident,"The concept of the stopover was not adequately explained in the instructions. An example visual demonstration would have been more helpful than a written instruction set. My understanding of the task was that the new destination had to happen by way of a known prior pathway. For example, to go from Purple to Blue, the bee would need to first go from Purple to Yellow and then from Yellow to Blue because the bee did not know a pathway from Blue to Purple directly. I was confused about whether these midway points were what was meant by a stopover, or if a known destination, when flown over and not directly related to the current movement plan, counted as a stopover. For example, if going from Blue to Yellow, whether the bee needed to stop at the cyan colored flower en route to Yellow because Blue to Cyan was a known route for the bee starting at Blue. A visual demonstration would have cleared this confusion up. "
Qqqdb57ubrb5a1cjcyswxwo8dQ,rotational,64.0,"[[0, 7, 1], [2, 6, 7, 0]]",1.0,9.054,0,Fully conscious/deliberative,Somewhat unclear,Hard,Rather confident,"The concept of the stopover was not adequately explained in the instructions. An example visual demonstration would have been more helpful than a written instruction set. My understanding of the task was that the new destination had to happen by way of a known prior pathway. For example, to go from Purple to Blue, the bee would need to first go from Purple to Yellow and then from Yellow to Blue because the bee did not know a pathway from Blue to Purple directly. I was confused about whether these midway points were what was meant by a stopover, or if a known destination, when flown over and not directly related to the current movement plan, counted as a stopover. For example, if going from Blue to Yellow, whether the bee needed to stop at the cyan colored flower en route to Yellow because Blue to Cyan was a known route for the bee starting at Blue. A visual demonstration would have cleared this confusion up. "
Qs9u9i32ww1j4k18vuzriicg7Q,rotational,0.0,"[[2, 6, 7, 1], [3, 5, 6, 7, 0]]",0.0,6.7,1,Fairly conscious/deliberative,Somewhat unclear,Quite hard,Rather confident,i tried to recall as much as i could from yesterday
Qs9u9i32ww1j4k18vuzriicg7Q,rotational,1.0,"[[4, 1, 7], [5, 6, 7, 1]]",0.0,2.702,1,Fairly conscious/deliberative,Somewhat unclear,Quite hard,Rather confident,i tried to recall as much as i could from yesterday
Qs9u9i32ww1j4k18vuzriicg7Q,rotational,2.0,"[[0, 7, 1], [2, 6, 7, 1]]",0.0,3.928,1,Fairly conscious/deliberative,Somewhat unclear,Quite hard,Rather confident,i tried to recall as much as i could from yesterday
Qs9u9i32ww1j4k18vuzriicg7Q,rotational,3.0,"[[6, 5, 3], [5, 6, 7, 1]]",1.0,2.527,0,Fairly conscious/deliberative,Somewhat unclear,Quite hard,Rather confident,i tried to recall as much as i could from yesterday
Qs9u9i32ww1j4k18vuzriicg7Q,rotational,4.0,"[[2, 6, 5, 3], [5, 6, 2]]",1.0,3.29,1,Fairly conscious/deliberative,Somewhat unclear,Quite hard,Rather confident,i tried to recall as much as i could from yesterday
Qs9u9i32ww1j4k18vuzriicg7Q,rotational,5.0,"[[2, 6, 5, 3], [6, 7, 1]]",0.0,5.316,0,Fairly conscious/deliberative,Somewhat unclear,Quite hard,Rather confident,i tried to recall as much as i could from yesterday
Qs9u9i32ww1j4k18vuzriicg7Q,rotational,6.0,"[[1, 7, 6], [1, 7, 6, 2]]",0.0,3.029,1,Fairly conscious/deliberative,Somewhat unclear,Quite hard,Rather confident,i tried to recall as much as i could from yesterday
Qs9u9i32ww1j4k18vuzriicg7Q,rotational,7.0,"[[7, 1, 4], [2, 6, 7, 1]]",0.0,8.546,1,Fairly conscious/deliberative,Somewhat unclear,Quite hard,Rather confident,i tried to recall as much as i could from yesterday
Qs9u9i32ww1j4k18vuzriicg7Q,rotational,8.0,"[[4, 1, 7, 6], [5, 6, 7]]",1.0,3.165,1,Fairly conscious/deliberative,Somewhat unclear,Quite hard,Rather confident,i tried to recall as much as i could from yesterday
Qs9u9i32ww1j4k18vuzriicg7Q,rotational,9.0,"[[4, 1, 7, 0], [7, 6, 5]]",0.0,5.101,0,Fairly conscious/deliberative,Somewhat unclear,Quite hard,Rather confident,i tried to recall as much as i could from yesterday
Qs9u9i32ww1j4k18vuzriicg7Q,rotational,10.0,"[[4, 1, 7], [1, 7, 6, 5]]",1.0,3.251,0,Fairly conscious/deliberative,Somewhat unclear,Quite hard,Rather confident,i tried to recall as much as i could from yesterday
Qs9u9i32ww1j4k18vuzriicg7Q,rotational,11.0,"[[3, 5, 6, 7], [4, 1, 7, 6, 2]]",1.0,2.135,0,Fairly conscious/deliberative,Somewhat unclear,Quite hard,Rather confident,i tried to recall as much as i could from yesterday
Qs9u9i32ww1j4k18vuzriicg7Q,rotational,12.0,"[[4, 1, 7, 6], [3, 5, 6, 7, 1]]",0.0,2.91,1,Fairly conscious/deliberative,Somewhat unclear,Quite hard,Rather confident,i tried to recall as much as i could from yesterday
Qs9u9i32ww1j4k18vuzriicg7Q,rotational,13.0,"[[1, 7, 0], [3, 5, 6, 2]]",0.0,2.015,1,Fairly conscious/deliberative,Somewhat unclear,Quite hard,Rather confident,i tried to recall as much as i could from yesterday
Qs9u9i32ww1j4k18vuzriicg7Q,rotational,14.0,"[[4, 1, 7, 6], [1, 7, 0]]",0.0,1.836,0,Fairly conscious/deliberative,Somewhat unclear,Quite hard,Rather confident,i tried to recall as much as i could from yesterday
Qs9u9i32ww1j4k18vuzriicg7Q,rotational,15.0,"[[2, 6, 7], [4, 1, 7, 0]]",0.0,2.542,1,Fairly conscious/deliberative,Somewhat unclear,Quite hard,Rather confident,i tried to recall as much as i could from yesterday
Qs9u9i32ww1j4k18vuzriicg7Q,rotational,16.0,"[[6, 5, 3], [4, 1, 7, 0]]",1.0,3.13,0,Fairly conscious/deliberative,Somewhat unclear,Quite hard,Rather confident,i tried to recall as much as i could from yesterday
Qs9u9i32ww1j4k18vuzriicg7Q,rotational,17.0,"[[4, 1, 7, 6], [6, 5, 3]]",1.0,2.641,1,Fairly conscious/deliberative,Somewhat unclear,Quite hard,Rather confident,i tried to recall as much as i could from yesterday
Qs9u9i32ww1j4k18vuzriicg7Q,rotational,18.0,"[[2, 6, 7], [4, 1, 7, 6]]",1.0,3.045,0,Fairly conscious/deliberative,Somewhat unclear,Quite hard,Rather confident,i tried to recall as much as i could from yesterday
Qs9u9i32ww1j4k18vuzriicg7Q,rotational,19.0,"[[1, 7, 6], [1, 7, 6, 5]]",1.0,2.644,0,Fairly conscious/deliberative,Somewhat unclear,Quite hard,Rather confident,i tried to recall as much as i could from yesterday
Qs9u9i32ww1j4k18vuzriicg7Q,rotational,20.0,"[[3, 5, 6, 7, 0], [6, 7, 1, 4]]",1.0,2.054,1,Fairly conscious/deliberative,Somewhat unclear,Quite hard,Rather confident,i tried to recall as much as i could from yesterday
Qs9u9i32ww1j4k18vuzriicg7Q,rotational,21.0,"[[2, 6, 5, 3], [6, 7, 0]]",0.0,2.157,0,Fairly conscious/deliberative,Somewhat unclear,Quite hard,Rather confident,i tried to recall as much as i could from yesterday
Qs9u9i32ww1j4k18vuzriicg7Q,rotational,22.0,"[[4, 1, 7, 6, 5, 3], [2, 6, 7, 1, 4]]",0.0,2.847,0,Fairly conscious/deliberative,Somewhat unclear,Quite hard,Rather confident,i tried to recall as much as i could from yesterday
Qs9u9i32ww1j4k18vuzriicg7Q,rotational,23.0,"[[2, 6, 7, 1], [2, 6, 7]]",0.0,2.38,0,Fairly conscious/deliberative,Somewhat unclear,Quite hard,Rather confident,i tried to recall as much as i could from yesterday
Qs9u9i32ww1j4k18vuzriicg7Q,rotational,24.0,"[[1, 7, 6, 2], [6, 5, 3]]",1.0,1.691,1,Fairly conscious/deliberative,Somewhat unclear,Quite hard,Rather confident,i tried to recall as much as i could from yesterday
Qs9u9i32ww1j4k18vuzriicg7Q,rotational,25.0,"[[0, 7, 6, 2], [1, 7, 0]]",0.0,1.925,0,Fairly conscious/deliberative,Somewhat unclear,Quite hard,Rather confident,i tried to recall as much as i could from yesterday
Qs9u9i32ww1j4k18vuzriicg7Q,rotational,26.0,"[[4, 1, 7, 6, 5], [3, 5, 6, 7]]",0.0,1.731,0,Fairly conscious/deliberative,Somewhat unclear,Quite hard,Rather confident,i tried to recall as much as i could from yesterday
Qs9u9i32ww1j4k18vuzriicg7Q,rotational,27.0,"[[2, 6, 7, 1], [0, 7, 1]]",1.0,1.939,1,Fairly conscious/deliberative,Somewhat unclear,Quite hard,Rather confident,i tried to recall as much as i could from yesterday
Qs9u9i32ww1j4k18vuzriicg7Q,rotational,28.0,"[[0, 7, 6, 5], [5, 6, 2]]",1.0,5.823,1,Fairly conscious/deliberative,Somewhat unclear,Quite hard,Rather confident,i tried to recall as much as i could from yesterday
Qs9u9i32ww1j4k18vuzriicg7Q,rotational,29.0,"[[6, 7, 1, 4], [2, 6, 5]]",0.0,5.869,0,Fairly conscious/deliberative,Somewhat unclear,Quite hard,Rather confident,i tried to recall as much as i could from yesterday
Qs9u9i32ww1j4k18vuzriicg7Q,rotational,30.0,"[[0, 7, 1, 4], [0, 7, 6]]",0.0,3.358,0,Fairly conscious/deliberative,Somewhat unclear,Quite hard,Rather confident,i tried to recall as much as i could from yesterday
Qs9u9i32ww1j4k18vuzriicg7Q,rotational,31.0,"[[0, 7, 1, 4], [2, 6, 7, 1, 4]]",1.0,2.445,0,Fairly conscious/deliberative,Somewhat unclear,Quite hard,Rather confident,i tried to recall as much as i could from yesterday
Qs9u9i32ww1j4k18vuzriicg7Q,rotational,32.0,"[[3, 5, 6, 7, 1], [1, 7, 6, 5]]",0.0,3.374,0,Fairly conscious/deliberative,Somewhat unclear,Quite hard,Rather confident,i tried to recall as much as i could from yesterday
Qs9u9i32ww1j4k18vuzriicg7Q,rotational,33.0,"[[2, 6, 7, 1], [2, 6, 5]]",1.0,2.16,1,Fairly conscious/deliberative,Somewhat unclear,Quite hard,Rather confident,i tried to recall as much as i could from yesterday
Qs9u9i32ww1j4k18vuzriicg7Q,rotational,34.0,"[[6, 7, 1], [0, 7, 6, 5]]",0.0,6.316,1,Fairly conscious/deliberative,Somewhat unclear,Quite hard,Rather confident,i tried to recall as much as i could from yesterday
Qs9u9i32ww1j4k18vuzriicg7Q,rotational,35.0,"[[5, 6, 7, 1], [7, 6, 2]]",0.0,2.53,0,Fairly conscious/deliberative,Somewhat unclear,Quite hard,Rather confident,i tried to recall as much as i could from yesterday
Qs9u9i32ww1j4k18vuzriicg7Q,rotational,36.0,"[[4, 1, 7, 0], [2, 6, 5]]",1.0,2.841,1,Fairly conscious/deliberative,Somewhat unclear,Quite hard,Rather confident,i tried to recall as much as i could from yesterday
Qs9u9i32ww1j4k18vuzriicg7Q,rotational,37.0,"[[5, 6, 7, 0], [7, 6, 5]]",0.0,2.016,0,Fairly conscious/deliberative,Somewhat unclear,Quite hard,Rather confident,i tried to recall as much as i could from yesterday
Qs9u9i32ww1j4k18vuzriicg7Q,rotational,38.0,"[[2, 6, 7, 1], [7, 6, 5]]",1.0,2.08,1,Fairly conscious/deliberative,Somewhat unclear,Quite hard,Rather confident,i tried to recall as much as i could from yesterday
Qs9u9i32ww1j4k18vuzriicg7Q,rotational,39.0,"[[0, 7, 6, 2], [4, 1, 7]]",1.0,2.545,1,Fairly conscious/deliberative,Somewhat unclear,Quite hard,Rather confident,i tried to recall as much as i could from yesterday
Qs9u9i32ww1j4k18vuzriicg7Q,rotational,40.0,"[[1, 7, 6, 5], [0, 7, 1]]",1.0,2.928,1,Fairly conscious/deliberative,Somewhat unclear,Quite hard,Rather confident,i tried to recall as much as i could from yesterday
Qs9u9i32ww1j4k18vuzriicg7Q,rotational,41.0,"[[6, 7, 0], [0, 7, 6, 5]]",1.0,1.854,0,Fairly conscious/deliberative,Somewhat unclear,Quite hard,Rather confident,i tried to recall as much as i could from yesterday
Qs9u9i32ww1j4k18vuzriicg7Q,rotational,42.0,"[[6, 7, 1, 4], [3, 5, 6]]",0.0,2.578,0,Fairly conscious/deliberative,Somewhat unclear,Quite hard,Rather confident,i tried to recall as much as i could from yesterday
Qs9u9i32ww1j4k18vuzriicg7Q,rotational,43.0,"[[7, 1, 4], [0, 7, 6, 5]]",0.0,3.509,1,Fairly conscious/deliberative,Somewhat unclear,Quite hard,Rather confident,i tried to recall as much as i could from yesterday
Qs9u9i32ww1j4k18vuzriicg7Q,rotational,44.0,"[[3, 5, 6, 7], [7, 6, 2]]",0.0,1.741,0,Fairly conscious/deliberative,Somewhat unclear,Quite hard,Rather confident,i tried to recall as much as i could from yesterday
Qs9u9i32ww1j4k18vuzriicg7Q,rotational,45.0,"[[2, 6, 5, 3], [7, 1, 4]]",0.0,2.063,0,Fairly conscious/deliberative,Somewhat unclear,Quite hard,Rather confident,i tried to recall as much as i could from yesterday
Qs9u9i32ww1j4k18vuzriicg7Q,rotational,46.0,"[[6, 7, 1, 4], [5, 6, 7, 1, 4]]",0.0,1.824,1,Fairly conscious/deliberative,Somewhat unclear,Quite hard,Rather confident,i tried to recall as much as i could from yesterday
Qs9u9i32ww1j4k18vuzriicg7Q,rotational,47.0,"[[3, 5, 6, 7, 0], [0, 7, 6, 2]]",0.0,2.137,0,Fairly conscious/deliberative,Somewhat unclear,Quite hard,Rather confident,i tried to recall as much as i could from yesterday
Qs9u9i32ww1j4k18vuzriicg7Q,rotational,48.0,"[[3, 5, 6, 2], [5, 6, 7]]",0.0,2.106,0,Fairly conscious/deliberative,Somewhat unclear,Quite hard,Rather confident,i tried to recall as much as i could from yesterday
Qs9u9i32ww1j4k18vuzriicg7Q,rotational,49.0,"[[4, 1, 7, 6, 5], [0, 7, 1, 4]]",1.0,2.977,1,Fairly conscious/deliberative,Somewhat unclear,Quite hard,Rather confident,i tried to recall as much as i could from yesterday
Qs9u9i32ww1j4k18vuzriicg7Q,rotational,50.0,"[[6, 5, 3], [0, 7, 6, 2]]",0.0,2.476,1,Fairly conscious/deliberative,Somewhat unclear,Quite hard,Rather confident,i tried to recall as much as i could from yesterday
Qs9u9i32ww1j4k18vuzriicg7Q,rotational,51.0,"[[0, 7, 1], [5, 6, 7, 0]]",0.0,2.251,1,Fairly conscious/deliberative,Somewhat unclear,Quite hard,Rather confident,i tried to recall as much as i could from yesterday
Qs9u9i32ww1j4k18vuzriicg7Q,rotational,52.0,"[[0, 7, 6, 5], [4, 1, 7, 6, 2]]",0.0,2.648,1,Fairly conscious/deliberative,Somewhat unclear,Quite hard,Rather confident,i tried to recall as much as i could from yesterday
Qs9u9i32ww1j4k18vuzriicg7Q,rotational,53.0,"[[4, 1, 7], [1, 7, 6, 2]]",1.0,5.029,0,Fairly conscious/deliberative,Somewhat unclear,Quite hard,Rather confident,i tried to recall as much as i could from yesterday
Qs9u9i32ww1j4k18vuzriicg7Q,rotational,54.0,"[[4, 1, 7, 6, 5], [7, 6, 5, 3]]",0.0,4.554,0,Fairly conscious/deliberative,Somewhat unclear,Quite hard,Rather confident,i tried to recall as much as i could from yesterday
Qs9u9i32ww1j4k18vuzriicg7Q,rotational,55.0,"[[2, 6, 7], [4, 1, 7, 0]]",0.0,2.783,1,Fairly conscious/deliberative,Somewhat unclear,Quite hard,Rather confident,i tried to recall as much as i could from yesterday
Qs9u9i32ww1j4k18vuzriicg7Q,rotational,56.0,"[[3, 5, 6, 7, 1], [1, 7, 6, 2]]",0.0,2.473,0,Fairly conscious/deliberative,Somewhat unclear,Quite hard,Rather confident,i tried to recall as much as i could from yesterday
Qs9u9i32ww1j4k18vuzriicg7Q,rotational,57.0,"[[1, 7, 6, 5], [5, 6, 2]]",0.0,1.627,0,Fairly conscious/deliberative,Somewhat unclear,Quite hard,Rather confident,i tried to recall as much as i could from yesterday
Qs9u9i32ww1j4k18vuzriicg7Q,rotational,58.0,"[[4, 1, 7, 6, 2], [2, 6, 5, 3]]",1.0,2.35,1,Fairly conscious/deliberative,Somewhat unclear,Quite hard,Rather confident,i tried to recall as much as i could from yesterday
Qs9u9i32ww1j4k18vuzriicg7Q,rotational,59.0,"[[0, 7, 1, 4], [6, 7, 1]]",1.0,2.713,1,Fairly conscious/deliberative,Somewhat unclear,Quite hard,Rather confident,i tried to recall as much as i could from yesterday
Qs9u9i32ww1j4k18vuzriicg7Q,rotational,60.0,"[[7, 6, 2], [6, 7, 1, 4]]",1.0,1.728,0,Fairly conscious/deliberative,Somewhat unclear,Quite hard,Rather confident,i tried to recall as much as i could from yesterday
Qs9u9i32ww1j4k18vuzriicg7Q,rotational,61.0,"[[7, 6, 5], [2, 6, 7, 0]]",0.0,2.011,1,Fairly conscious/deliberative,Somewhat unclear,Quite hard,Rather confident,i tried to recall as much as i could from yesterday
Qs9u9i32ww1j4k18vuzriicg7Q,rotational,62.0,"[[5, 6, 2], [7, 6, 5, 3]]",0.0,1.96,1,Fairly conscious/deliberative,Somewhat unclear,Quite hard,Rather confident,i tried to recall as much as i could from yesterday
Qs9u9i32ww1j4k18vuzriicg7Q,rotational,63.0,"[[5, 6, 7, 1], [5, 6, 7]]",1.0,2.397,1,Fairly conscious/deliberative,Somewhat unclear,Quite hard,Rather confident,i tried to recall as much as i could from yesterday
Qs9u9i32ww1j4k18vuzriicg7Q,rotational,64.0,"[[2, 6, 5, 3], [3, 5, 6, 7, 1]]",1.0,1.892,0,Fairly conscious/deliberative,Somewhat unclear,Quite hard,Rather confident,i tried to recall as much as i could from yesterday
Qv46cyxd55287ybz4g24oopg7Q,rotational,0.0,"[[0, 7, 6, 2], [0, 7, 6, 5, 3]]",0.0,7.235,1,Fully conscious/deliberative,Fully clear,Easy,Confident,I imagined the task's colors what I have done yesterday and I have made the path's that way.
Qv46cyxd55287ybz4g24oopg7Q,rotational,1.0,"[[3, 5, 6], [0, 7, 1, 4]]",0.0,5.268,1,Fully conscious/deliberative,Fully clear,Easy,Confident,I imagined the task's colors what I have done yesterday and I have made the path's that way.
Qv46cyxd55287ybz4g24oopg7Q,rotational,2.0,"[[5, 6, 2], [4, 1, 7, 0]]",0.0,3.285,1,Fully conscious/deliberative,Fully clear,Easy,Confident,I imagined the task's colors what I have done yesterday and I have made the path's that way.
Qv46cyxd55287ybz4g24oopg7Q,rotational,3.0,"[[5, 6, 7, 1, 4], [3, 5, 6, 7]]",0.0,9.284,0,Fully conscious/deliberative,Fully clear,Easy,Confident,I imagined the task's colors what I have done yesterday and I have made the path's that way.
Qv46cyxd55287ybz4g24oopg7Q,rotational,4.0,"[[1, 7, 6, 2], [5, 6, 2]]",1.0,3.202,1,Fully conscious/deliberative,Fully clear,Easy,Confident,I imagined the task's colors what I have done yesterday and I have made the path's that way.
Qv46cyxd55287ybz4g24oopg7Q,rotational,5.0,"[[2, 6, 7, 1], [0, 7, 6, 5, 3]]",0.0,5.152,1,Fully conscious/deliberative,Fully clear,Easy,Confident,I imagined the task's colors what I have done yesterday and I have made the path's that way.
Qv46cyxd55287ybz4g24oopg7Q,rotational,6.0,"[[4, 1, 7, 6, 2], [4, 1, 7, 6, 5, 3]]",0.0,4.074,1,Fully conscious/deliberative,Fully clear,Easy,Confident,I imagined the task's colors what I have done yesterday and I have made the path's that way.
Qv46cyxd55287ybz4g24oopg7Q,rotational,7.0,"[[7, 6, 2], [2, 6, 7, 1]]",1.0,3.935,0,Fully conscious/deliberative,Fully clear,Easy,Confident,I imagined the task's colors what I have done yesterday and I have made the path's that way.
Qv46cyxd55287ybz4g24oopg7Q,rotational,8.0,"[[4, 1, 7, 6, 2], [3, 5, 6, 7]]",1.0,4.294,1,Fully conscious/deliberative,Fully clear,Easy,Confident,I imagined the task's colors what I have done yesterday and I have made the path's that way.
Qv46cyxd55287ybz4g24oopg7Q,rotational,9.0,"[[2, 6, 5, 3], [1, 7, 6, 5, 3]]",1.0,1.712,0,Fully conscious/deliberative,Fully clear,Easy,Confident,I imagined the task's colors what I have done yesterday and I have made the path's that way.
Qv46cyxd55287ybz4g24oopg7Q,rotational,10.0,"[[4, 1, 7], [5, 6, 7, 1]]",1.0,3.608,0,Fully conscious/deliberative,Fully clear,Easy,Confident,I imagined the task's colors what I have done yesterday and I have made the path's that way.
Qv46cyxd55287ybz4g24oopg7Q,rotational,11.0,"[[7, 6, 5], [1, 7, 6, 2]]",1.0,3.176,0,Fully conscious/deliberative,Fully clear,Easy,Confident,I imagined the task's colors what I have done yesterday and I have made the path's that way.
Qv46cyxd55287ybz4g24oopg7Q,rotational,12.0,"[[4, 1, 7, 6, 5], [7, 6, 5, 3]]",0.0,3.185,0,Fully conscious/deliberative,Fully clear,Easy,Confident,I imagined the task's colors what I have done yesterday and I have made the path's that way.
Qv46cyxd55287ybz4g24oopg7Q,rotational,13.0,"[[0, 7, 6], [4, 1, 7, 0]]",0.0,4.259,1,Fully conscious/deliberative,Fully clear,Easy,Confident,I imagined the task's colors what I have done yesterday and I have made the path's that way.
Qv46cyxd55287ybz4g24oopg7Q,rotational,14.0,"[[5, 6, 7, 0], [1, 7, 6]]",1.0,4.834,1,Fully conscious/deliberative,Fully clear,Easy,Confident,I imagined the task's colors what I have done yesterday and I have made the path's that way.
Qv46cyxd55287ybz4g24oopg7Q,rotational,15.0,"[[4, 1, 7], [0, 7, 6, 2]]",1.0,2.353,0,Fully conscious/deliberative,Fully clear,Easy,Confident,I imagined the task's colors what I have done yesterday and I have made the path's that way.
Qv46cyxd55287ybz4g24oopg7Q,rotational,16.0,"[[7, 1, 4], [5, 6, 7, 1]]",1.0,3.069,0,Fully conscious/deliberative,Fully clear,Easy,Confident,I imagined the task's colors what I have done yesterday and I have made the path's that way.
Qv46cyxd55287ybz4g24oopg7Q,rotational,17.0,"[[5, 6, 7, 0], [0, 7, 1]]",0.0,5.114,0,Fully conscious/deliberative,Fully clear,Easy,Confident,I imagined the task's colors what I have done yesterday and I have made the path's that way.
Qv46cyxd55287ybz4g24oopg7Q,rotational,18.0,"[[0, 7, 1], [3, 5, 6, 2]]",1.0,1.66,0,Fully conscious/deliberative,Fully clear,Easy,Confident,I imagined the task's colors what I have done yesterday and I have made the path's that way.
Qv46cyxd55287ybz4g24oopg7Q,rotational,19.0,"[[1, 7, 6, 2], [1, 7, 6, 5, 3]]",0.0,4.006,1,Fully conscious/deliberative,Fully clear,Easy,Confident,I imagined the task's colors what I have done yesterday and I have made the path's that way.
Qv46cyxd55287ybz4g24oopg7Q,rotational,20.0,"[[4, 1, 7, 6], [0, 7, 6, 5, 3]]",0.0,5.21,1,Fully conscious/deliberative,Fully clear,Easy,Confident,I imagined the task's colors what I have done yesterday and I have made the path's that way.
Qv46cyxd55287ybz4g24oopg7Q,rotational,21.0,"[[2, 6, 5, 3], [2, 6, 7, 1, 4]]",1.0,3.341,0,Fully conscious/deliberative,Fully clear,Easy,Confident,I imagined the task's colors what I have done yesterday and I have made the path's that way.
Qv46cyxd55287ybz4g24oopg7Q,rotational,22.0,"[[7, 1, 4], [2, 6, 7, 1]]",1.0,4.534,0,Fully conscious/deliberative,Fully clear,Easy,Confident,I imagined the task's colors what I have done yesterday and I have made the path's that way.
Qv46cyxd55287ybz4g24oopg7Q,rotational,23.0,"[[3, 5, 6, 2], [2, 6, 5]]",0.0,4.431,0,Fully conscious/deliberative,Fully clear,Easy,Confident,I imagined the task's colors what I have done yesterday and I have made the path's that way.
Qv46cyxd55287ybz4g24oopg7Q,rotational,24.0,"[[5, 6, 7, 1], [0, 7, 1]]",1.0,5.84,1,Fully conscious/deliberative,Fully clear,Easy,Confident,I imagined the task's colors what I have done yesterday and I have made the path's that way.
Qv46cyxd55287ybz4g24oopg7Q,rotational,25.0,"[[5, 6, 2], [3, 5, 6, 7]]",1.0,6.422,0,Fully conscious/deliberative,Fully clear,Easy,Confident,I imagined the task's colors what I have done yesterday and I have made the path's that way.
Qv46cyxd55287ybz4g24oopg7Q,rotational,26.0,"[[6, 7, 1, 4], [5, 6, 2]]",1.0,3.59,1,Fully conscious/deliberative,Fully clear,Easy,Confident,I imagined the task's colors what I have done yesterday and I have made the path's that way.
Qv46cyxd55287ybz4g24oopg7Q,rotational,27.0,"[[5, 6, 7, 1, 4], [6, 7, 1, 4]]",0.0,5.604,0,Fully conscious/deliberative,Fully clear,Easy,Confident,I imagined the task's colors what I have done yesterday and I have made the path's that way.
Qv46cyxd55287ybz4g24oopg7Q,rotational,28.0,"[[6, 7, 1, 4], [7, 6, 2]]",0.0,4.838,0,Fully conscious/deliberative,Fully clear,Easy,Confident,I imagined the task's colors what I have done yesterday and I have made the path's that way.
Qv46cyxd55287ybz4g24oopg7Q,rotational,29.0,"[[3, 5, 6, 2], [7, 1, 4]]",0.0,2.642,0,Fully conscious/deliberative,Fully clear,Easy,Confident,I imagined the task's colors what I have done yesterday and I have made the path's that way.
Qv46cyxd55287ybz4g24oopg7Q,rotational,30.0,"[[6, 7, 1, 4], [6, 5, 3]]",1.0,5.128,1,Fully conscious/deliberative,Fully clear,Easy,Confident,I imagined the task's colors what I have done yesterday and I have made the path's that way.
Qv46cyxd55287ybz4g24oopg7Q,rotational,31.0,"[[2, 6, 5], [1, 7, 6, 5]]",1.0,5.57,0,Fully conscious/deliberative,Fully clear,Easy,Confident,I imagined the task's colors what I have done yesterday and I have made the path's that way.
Qv46cyxd55287ybz4g24oopg7Q,rotational,32.0,"[[2, 6, 7, 1, 4], [5, 6, 7, 0]]",0.0,6.383,0,Fully conscious/deliberative,Fully clear,Easy,Confident,I imagined the task's colors what I have done yesterday and I have made the path's that way.
Qv46cyxd55287ybz4g24oopg7Q,rotational,33.0,"[[5, 6, 7, 1, 4], [0, 7, 1, 4]]",0.0,3.682,0,Fully conscious/deliberative,Fully clear,Easy,Confident,I imagined the task's colors what I have done yesterday and I have made the path's that way.
Qv46cyxd55287ybz4g24oopg7Q,rotational,34.0,"[[0, 7, 1, 4], [4, 1, 7, 6, 2]]",0.0,4.752,1,Fully conscious/deliberative,Fully clear,Easy,Confident,I imagined the task's colors what I have done yesterday and I have made the path's that way.
Qv46cyxd55287ybz4g24oopg7Q,rotational,35.0,"[[1, 7, 6], [5, 6, 7, 1]]",0.0,2.582,1,Fully conscious/deliberative,Fully clear,Easy,Confident,I imagined the task's colors what I have done yesterday and I have made the path's that way.
Qv46cyxd55287ybz4g24oopg7Q,rotational,36.0,"[[6, 5, 3], [2, 6, 7, 1]]",1.0,5.85,0,Fully conscious/deliberative,Fully clear,Easy,Confident,I imagined the task's colors what I have done yesterday and I have made the path's that way.
Qv46cyxd55287ybz4g24oopg7Q,rotational,37.0,"[[1, 7, 6, 2], [7, 1, 4]]",1.0,2.67,1,Fully conscious/deliberative,Fully clear,Easy,Confident,I imagined the task's colors what I have done yesterday and I have made the path's that way.
Qv46cyxd55287ybz4g24oopg7Q,rotational,38.0,"[[6, 7, 1], [4, 1, 7, 0]]",0.0,2.5,1,Fully conscious/deliberative,Fully clear,Easy,Confident,I imagined the task's colors what I have done yesterday and I have made the path's that way.
Qv46cyxd55287ybz4g24oopg7Q,rotational,39.0,"[[6, 7, 1], [2, 6, 7, 1]]",0.0,1.865,1,Fully conscious/deliberative,Fully clear,Easy,Confident,I imagined the task's colors what I have done yesterday and I have made the path's that way.
Qv46cyxd55287ybz4g24oopg7Q,rotational,40.0,"[[0, 7, 6, 2], [0, 7, 1]]",0.0,5.147,0,Fully conscious/deliberative,Fully clear,Easy,Confident,I imagined the task's colors what I have done yesterday and I have made the path's that way.
Qv46cyxd55287ybz4g24oopg7Q,rotational,41.0,"[[6, 5, 3], [6, 7, 1, 4]]",0.0,4.997,1,Fully conscious/deliberative,Fully clear,Easy,Confident,I imagined the task's colors what I have done yesterday and I have made the path's that way.
Qv46cyxd55287ybz4g24oopg7Q,rotational,42.0,"[[7, 6, 2], [3, 5, 6, 7]]",0.0,3.988,1,Fully conscious/deliberative,Fully clear,Easy,Confident,I imagined the task's colors what I have done yesterday and I have made the path's that way.
Qv46cyxd55287ybz4g24oopg7Q,rotational,43.0,"[[1, 7, 6, 5], [5, 6, 7]]",1.0,4.772,1,Fully conscious/deliberative,Fully clear,Easy,Confident,I imagined the task's colors what I have done yesterday and I have made the path's that way.
Qv46cyxd55287ybz4g24oopg7Q,rotational,44.0,"[[2, 6, 7], [4, 1, 7, 0]]",1.0,3.323,0,Fully conscious/deliberative,Fully clear,Easy,Confident,I imagined the task's colors what I have done yesterday and I have made the path's that way.
Qv46cyxd55287ybz4g24oopg7Q,rotational,45.0,"[[2, 6, 7, 1], [0, 7, 1]]",1.0,3.434,1,Fully conscious/deliberative,Fully clear,Easy,Confident,I imagined the task's colors what I have done yesterday and I have made the path's that way.
Qv46cyxd55287ybz4g24oopg7Q,rotational,46.0,"[[3, 5, 6, 2], [1, 7, 6]]",0.0,4.313,0,Fully conscious/deliberative,Fully clear,Easy,Confident,I imagined the task's colors what I have done yesterday and I have made the path's that way.
Qv46cyxd55287ybz4g24oopg7Q,rotational,47.0,"[[6, 7, 0], [0, 7, 6, 5]]",0.0,6.942,1,Fully conscious/deliberative,Fully clear,Easy,Confident,I imagined the task's colors what I have done yesterday and I have made the path's that way.
Qv46cyxd55287ybz4g24oopg7Q,rotational,48.0,"[[0, 7, 6, 5], [5, 6, 2]]",1.0,4.346,1,Fully conscious/deliberative,Fully clear,Easy,Confident,I imagined the task's colors what I have done yesterday and I have made the path's that way.
Qv46cyxd55287ybz4g24oopg7Q,rotational,49.0,"[[7, 6, 5], [4, 1, 7, 6]]",1.0,3.401,0,Fully conscious/deliberative,Fully clear,Easy,Confident,I imagined the task's colors what I have done yesterday and I have made the path's that way.
Qv46cyxd55287ybz4g24oopg7Q,rotational,50.0,"[[5, 6, 7], [4, 1, 7, 0]]",1.0,2.467,0,Fully conscious/deliberative,Fully clear,Easy,Confident,I imagined the task's colors what I have done yesterday and I have made the path's that way.
Qv46cyxd55287ybz4g24oopg7Q,rotational,51.0,"[[4, 1, 7, 6], [2, 6, 7]]",0.0,3.851,0,Fully conscious/deliberative,Fully clear,Easy,Confident,I imagined the task's colors what I have done yesterday and I have made the path's that way.
Qv46cyxd55287ybz4g24oopg7Q,rotational,52.0,"[[0, 7, 6, 2], [5, 6, 7]]",1.0,4.584,1,Fully conscious/deliberative,Fully clear,Easy,Confident,I imagined the task's colors what I have done yesterday and I have made the path's that way.
Qv46cyxd55287ybz4g24oopg7Q,rotational,53.0,"[[2, 6, 5, 3], [7, 6, 5]]",1.0,3.016,1,Fully conscious/deliberative,Fully clear,Easy,Confident,I imagined the task's colors what I have done yesterday and I have made the path's that way.
Qv46cyxd55287ybz4g24oopg7Q,rotational,54.0,"[[4, 1, 7, 0], [7, 6, 2]]",1.0,3.265,1,Fully conscious/deliberative,Fully clear,Easy,Confident,I imagined the task's colors what I have done yesterday and I have made the path's that way.
Qv46cyxd55287ybz4g24oopg7Q,rotational,55.0,"[[5, 6, 7, 0], [7, 1, 4]]",1.0,4.457,1,Fully conscious/deliberative,Fully clear,Easy,Confident,I imagined the task's colors what I have done yesterday and I have made the path's that way.
Qv46cyxd55287ybz4g24oopg7Q,rotational,56.0,"[[4, 1, 7, 6], [3, 5, 6, 7, 1]]",1.0,6.294,0,Fully conscious/deliberative,Fully clear,Easy,Confident,I imagined the task's colors what I have done yesterday and I have made the path's that way.
Qv46cyxd55287ybz4g24oopg7Q,rotational,57.0,"[[3, 5, 6, 7, 1], [5, 6, 7, 1]]",1.0,3.172,1,Fully conscious/deliberative,Fully clear,Easy,Confident,I imagined the task's colors what I have done yesterday and I have made the path's that way.
Qv46cyxd55287ybz4g24oopg7Q,rotational,58.0,"[[1, 7, 6, 5], [2, 6, 7]]",1.0,4.315,1,Fully conscious/deliberative,Fully clear,Easy,Confident,I imagined the task's colors what I have done yesterday and I have made the path's that way.
Qv46cyxd55287ybz4g24oopg7Q,rotational,59.0,"[[3, 5, 6, 2], [0, 7, 6]]",0.0,2.842,0,Fully conscious/deliberative,Fully clear,Easy,Confident,I imagined the task's colors what I have done yesterday and I have made the path's that way.
Qv46cyxd55287ybz4g24oopg7Q,rotational,60.0,"[[5, 6, 7, 0], [7, 6, 5]]",1.0,3.445,1,Fully conscious/deliberative,Fully clear,Easy,Confident,I imagined the task's colors what I have done yesterday and I have made the path's that way.
Qv46cyxd55287ybz4g24oopg7Q,rotational,61.0,"[[0, 7, 6, 2], [6, 5, 3]]",1.0,5.529,1,Fully conscious/deliberative,Fully clear,Easy,Confident,I imagined the task's colors what I have done yesterday and I have made the path's that way.
Qv46cyxd55287ybz4g24oopg7Q,rotational,62.0,"[[1, 7, 0], [6, 7, 1, 4]]",0.0,4.755,1,Fully conscious/deliberative,Fully clear,Easy,Confident,I imagined the task's colors what I have done yesterday and I have made the path's that way.
Qv46cyxd55287ybz4g24oopg7Q,rotational,63.0,"[[2, 6, 7, 1], [0, 7, 1]]",1.0,3.396,1,Fully conscious/deliberative,Fully clear,Easy,Confident,I imagined the task's colors what I have done yesterday and I have made the path's that way.
Qv46cyxd55287ybz4g24oopg7Q,rotational,64.0,"[[5, 6, 7, 1], [6, 5, 3]]",1.0,4.505,1,Fully conscious/deliberative,Fully clear,Easy,Confident,I imagined the task's colors what I have done yesterday and I have made the path's that way.
Qz1iwndokhhl5gqb18vsjr283Q,rotational,0.0,"[[5, 6, 7, 1, 4], [7, 6, 5, 3]]",0.0,34.283,0,Fairly conscious/deliberative,Fully unclear,Quite hard,Rather unconfident,"To solve the task, I tried to remember what the usual positions of the flowers were in order to see what would work best. 

Please make the instructions more clear"
Qz1iwndokhhl5gqb18vsjr283Q,rotational,1.0,"[[0, 7, 6, 5, 3], [6, 7, 1, 4]]",1.0,11.928,1,Fairly conscious/deliberative,Fully unclear,Quite hard,Rather unconfident,"To solve the task, I tried to remember what the usual positions of the flowers were in order to see what would work best. 

Please make the instructions more clear"
Qz1iwndokhhl5gqb18vsjr283Q,rotational,2.0,"[[1, 7, 6], [2, 6, 5, 3]]",1.0,17.941,0,Fairly conscious/deliberative,Fully unclear,Quite hard,Rather unconfident,"To solve the task, I tried to remember what the usual positions of the flowers were in order to see what would work best. 

Please make the instructions more clear"
Qz1iwndokhhl5gqb18vsjr283Q,rotational,3.0,"[[0, 7, 1], [6, 7, 1, 4]]",1.0,12.575,0,Fairly conscious/deliberative,Fully unclear,Quite hard,Rather unconfident,"To solve the task, I tried to remember what the usual positions of the flowers were in order to see what would work best. 

Please make the instructions more clear"
Qz1iwndokhhl5gqb18vsjr283Q,rotational,4.0,"[[7, 1, 4], [2, 6, 5, 3]]",1.0,21.356,0,Fairly conscious/deliberative,Fully unclear,Quite hard,Rather unconfident,"To solve the task, I tried to remember what the usual positions of the flowers were in order to see what would work best. 

Please make the instructions more clear"
Qz1iwndokhhl5gqb18vsjr283Q,rotational,5.0,"[[1, 7, 0], [3, 5, 6, 2]]",1.0,12.343,0,Fairly conscious/deliberative,Fully unclear,Quite hard,Rather unconfident,"To solve the task, I tried to remember what the usual positions of the flowers were in order to see what would work best. 

Please make the instructions more clear"
Qz1iwndokhhl5gqb18vsjr283Q,rotational,6.0,"[[4, 1, 7, 0], [0, 7, 6]]",1.0,12.664,1,Fairly conscious/deliberative,Fully unclear,Quite hard,Rather unconfident,"To solve the task, I tried to remember what the usual positions of the flowers were in order to see what would work best. 

Please make the instructions more clear"
Qz1iwndokhhl5gqb18vsjr283Q,rotational,7.0,"[[6, 5, 3], [5, 6, 7, 1]]",0.0,3.075,1,Fairly conscious/deliberative,Fully unclear,Quite hard,Rather unconfident,"To solve the task, I tried to remember what the usual positions of the flowers were in order to see what would work best. 

Please make the instructions more clear"
Qz1iwndokhhl5gqb18vsjr283Q,rotational,8.0,"[[3, 5, 6, 7], [7, 6, 2]]",0.0,3.052,0,Fairly conscious/deliberative,Fully unclear,Quite hard,Rather unconfident,"To solve the task, I tried to remember what the usual positions of the flowers were in order to see what would work best. 

Please make the instructions more clear"
Qz1iwndokhhl5gqb18vsjr283Q,rotational,9.0,"[[4, 1, 7, 0], [2, 6, 5]]",0.0,3.428,0,Fairly conscious/deliberative,Fully unclear,Quite hard,Rather unconfident,"To solve the task, I tried to remember what the usual positions of the flowers were in order to see what would work best. 

Please make the instructions more clear"
Qz1iwndokhhl5gqb18vsjr283Q,rotational,10.0,"[[5, 6, 7], [0, 7, 1, 4]]",1.0,1.709,0,Fairly conscious/deliberative,Fully unclear,Quite hard,Rather unconfident,"To solve the task, I tried to remember what the usual positions of the flowers were in order to see what would work best. 

Please make the instructions more clear"
Qz1iwndokhhl5gqb18vsjr283Q,rotational,11.0,"[[6, 5, 3], [0, 7, 1, 4]]",0.0,1.876,1,Fairly conscious/deliberative,Fully unclear,Quite hard,Rather unconfident,"To solve the task, I tried to remember what the usual positions of the flowers were in order to see what would work best. 

Please make the instructions more clear"
Qz1iwndokhhl5gqb18vsjr283Q,rotational,12.0,"[[1, 7, 6, 2], [4, 1, 7]]",0.0,9.073,0,Fairly conscious/deliberative,Fully unclear,Quite hard,Rather unconfident,"To solve the task, I tried to remember what the usual positions of the flowers were in order to see what would work best. 

Please make the instructions more clear"
Qz1iwndokhhl5gqb18vsjr283Q,rotational,13.0,"[[5, 6, 2], [3, 5, 6, 2]]",0.0,7.426,1,Fairly conscious/deliberative,Fully unclear,Quite hard,Rather unconfident,"To solve the task, I tried to remember what the usual positions of the flowers were in order to see what would work best. 

Please make the instructions more clear"
Qz1iwndokhhl5gqb18vsjr283Q,rotational,14.0,"[[7, 6, 2], [1, 7, 6, 5]]",0.0,2.747,1,Fairly conscious/deliberative,Fully unclear,Quite hard,Rather unconfident,"To solve the task, I tried to remember what the usual positions of the flowers were in order to see what would work best. 

Please make the instructions more clear"
Qz1iwndokhhl5gqb18vsjr283Q,rotational,15.0,"[[1, 7, 6, 2], [7, 6, 5]]",0.0,1.077,0,Fairly conscious/deliberative,Fully unclear,Quite hard,Rather unconfident,"To solve the task, I tried to remember what the usual positions of the flowers were in order to see what would work best. 

Please make the instructions more clear"
Qz1iwndokhhl5gqb18vsjr283Q,rotational,16.0,"[[0, 7, 6, 5, 3], [2, 6, 7, 1]]",1.0,1.708,1,Fairly conscious/deliberative,Fully unclear,Quite hard,Rather unconfident,"To solve the task, I tried to remember what the usual positions of the flowers were in order to see what would work best. 

Please make the instructions more clear"
Qz1iwndokhhl5gqb18vsjr283Q,rotational,17.0,"[[7, 1, 4], [5, 6, 7, 1]]",1.0,1.125,0,Fairly conscious/deliberative,Fully unclear,Quite hard,Rather unconfident,"To solve the task, I tried to remember what the usual positions of the flowers were in order to see what would work best. 

Please make the instructions more clear"
Qz1iwndokhhl5gqb18vsjr283Q,rotational,18.0,"[[3, 5, 6, 7, 1], [6, 7, 1, 4]]",0.0,39.844,0,Fairly conscious/deliberative,Fully unclear,Quite hard,Rather unconfident,"To solve the task, I tried to remember what the usual positions of the flowers were in order to see what would work best. 

Please make the instructions more clear"
Qz1iwndokhhl5gqb18vsjr283Q,rotational,19.0,"[[0, 7, 6], [2, 6, 5, 3]]",0.0,1.796,1,Fairly conscious/deliberative,Fully unclear,Quite hard,Rather unconfident,"To solve the task, I tried to remember what the usual positions of the flowers were in order to see what would work best. 

Please make the instructions more clear"
Qz1iwndokhhl5gqb18vsjr283Q,rotational,20.0,"[[4, 1, 7, 0], [2, 6, 7, 1, 4]]",0.0,1.477,1,Fairly conscious/deliberative,Fully unclear,Quite hard,Rather unconfident,"To solve the task, I tried to remember what the usual positions of the flowers were in order to see what would work best. 

Please make the instructions more clear"
Qz1iwndokhhl5gqb18vsjr283Q,rotational,21.0,"[[7, 6, 5], [0, 7, 6, 2]]",1.0,4.914,0,Fairly conscious/deliberative,Fully unclear,Quite hard,Rather unconfident,"To solve the task, I tried to remember what the usual positions of the flowers were in order to see what would work best. 

Please make the instructions more clear"
Qz1iwndokhhl5gqb18vsjr283Q,rotational,22.0,"[[5, 6, 7, 1], [6, 7, 1]]",1.0,7.45,1,Fairly conscious/deliberative,Fully unclear,Quite hard,Rather unconfident,"To solve the task, I tried to remember what the usual positions of the flowers were in order to see what would work best. 

Please make the instructions more clear"
Qz1iwndokhhl5gqb18vsjr283Q,rotational,23.0,"[[5, 6, 7, 1, 4], [0, 7, 1, 4]]",1.0,2.66,1,Fairly conscious/deliberative,Fully unclear,Quite hard,Rather unconfident,"To solve the task, I tried to remember what the usual positions of the flowers were in order to see what would work best. 

Please make the instructions more clear"
Qz1iwndokhhl5gqb18vsjr283Q,rotational,24.0,"[[1, 7, 6], [2, 6, 7, 1]]",0.0,1.772,1,Fairly conscious/deliberative,Fully unclear,Quite hard,Rather unconfident,"To solve the task, I tried to remember what the usual positions of the flowers were in order to see what would work best. 

Please make the instructions more clear"
Qz1iwndokhhl5gqb18vsjr283Q,rotational,25.0,"[[4, 1, 7, 6, 2], [2, 6, 5, 3]]",1.0,1.373,1,Fairly conscious/deliberative,Fully unclear,Quite hard,Rather unconfident,"To solve the task, I tried to remember what the usual positions of the flowers were in order to see what would work best. 

Please make the instructions more clear"
Qz1iwndokhhl5gqb18vsjr283Q,rotational,26.0,"[[6, 7, 1, 4], [7, 6, 2]]",0.0,1.27,0,Fairly conscious/deliberative,Fully unclear,Quite hard,Rather unconfident,"To solve the task, I tried to remember what the usual positions of the flowers were in order to see what would work best. 

Please make the instructions more clear"
Qz1iwndokhhl5gqb18vsjr283Q,rotational,27.0,"[[2, 6, 7, 1], [0, 7, 1]]",0.0,1.084,0,Fairly conscious/deliberative,Fully unclear,Quite hard,Rather unconfident,"To solve the task, I tried to remember what the usual positions of the flowers were in order to see what would work best. 

Please make the instructions more clear"
Qz1iwndokhhl5gqb18vsjr283Q,rotational,28.0,"[[2, 6, 7, 0], [6, 5, 3]]",1.0,0.997,1,Fairly conscious/deliberative,Fully unclear,Quite hard,Rather unconfident,"To solve the task, I tried to remember what the usual positions of the flowers were in order to see what would work best. 

Please make the instructions more clear"
Qz1iwndokhhl5gqb18vsjr283Q,rotational,29.0,"[[3, 5, 6], [4, 1, 7, 6]]",1.0,1.348,0,Fairly conscious/deliberative,Fully unclear,Quite hard,Rather unconfident,"To solve the task, I tried to remember what the usual positions of the flowers were in order to see what would work best. 

Please make the instructions more clear"
Qz1iwndokhhl5gqb18vsjr283Q,rotational,30.0,"[[5, 6, 7, 0], [6, 7, 1]]",1.0,1.59,1,Fairly conscious/deliberative,Fully unclear,Quite hard,Rather unconfident,"To solve the task, I tried to remember what the usual positions of the flowers were in order to see what would work best. 

Please make the instructions more clear"
Qz1iwndokhhl5gqb18vsjr283Q,rotational,31.0,"[[4, 1, 7], [5, 6, 7, 1]]",0.0,1.165,1,Fairly conscious/deliberative,Fully unclear,Quite hard,Rather unconfident,"To solve the task, I tried to remember what the usual positions of the flowers were in order to see what would work best. 

Please make the instructions more clear"
Qz1iwndokhhl5gqb18vsjr283Q,rotational,32.0,"[[5, 6, 7, 0], [0, 7, 6]]",0.0,1.125,0,Fairly conscious/deliberative,Fully unclear,Quite hard,Rather unconfident,"To solve the task, I tried to remember what the usual positions of the flowers were in order to see what would work best. 

Please make the instructions more clear"
Qz1iwndokhhl5gqb18vsjr283Q,rotational,33.0,"[[0, 7, 6, 5, 3], [2, 6, 7, 0]]",0.0,2.445,0,Fairly conscious/deliberative,Fully unclear,Quite hard,Rather unconfident,"To solve the task, I tried to remember what the usual positions of the flowers were in order to see what would work best. 

Please make the instructions more clear"
Qz1iwndokhhl5gqb18vsjr283Q,rotational,34.0,"[[7, 6, 5, 3], [4, 1, 7, 6, 2]]",1.0,7.17,0,Fairly conscious/deliberative,Fully unclear,Quite hard,Rather unconfident,"To solve the task, I tried to remember what the usual positions of the flowers were in order to see what would work best. 

Please make the instructions more clear"
Qz1iwndokhhl5gqb18vsjr283Q,rotational,35.0,"[[5, 6, 7, 1, 4], [4, 1, 7, 6]]",1.0,2.084,1,Fairly conscious/deliberative,Fully unclear,Quite hard,Rather unconfident,"To solve the task, I tried to remember what the usual positions of the flowers were in order to see what would work best. 

Please make the instructions more clear"
Qz1iwndokhhl5gqb18vsjr283Q,rotational,36.0,"[[1, 7, 0], [0, 7, 6, 5]]",0.0,1.501,1,Fairly conscious/deliberative,Fully unclear,Quite hard,Rather unconfident,"To solve the task, I tried to remember what the usual positions of the flowers were in order to see what would work best. 

Please make the instructions more clear"
Qz1iwndokhhl5gqb18vsjr283Q,rotational,37.0,"[[2, 6, 7, 1], [1, 7, 6, 5, 3]]",0.0,1.397,1,Fairly conscious/deliberative,Fully unclear,Quite hard,Rather unconfident,"To solve the task, I tried to remember what the usual positions of the flowers were in order to see what would work best. 

Please make the instructions more clear"
Qz1iwndokhhl5gqb18vsjr283Q,rotational,38.0,"[[2, 6, 7], [4, 1, 7, 0]]",1.0,14.735,0,Fairly conscious/deliberative,Fully unclear,Quite hard,Rather unconfident,"To solve the task, I tried to remember what the usual positions of the flowers were in order to see what would work best. 

Please make the instructions more clear"
Qz1iwndokhhl5gqb18vsjr283Q,rotational,39.0,"[[1, 7, 6, 5, 3], [1, 7, 6, 5]]",0.0,5.69,0,Fairly conscious/deliberative,Fully unclear,Quite hard,Rather unconfident,"To solve the task, I tried to remember what the usual positions of the flowers were in order to see what would work best. 

Please make the instructions more clear"
Qz1iwndokhhl5gqb18vsjr283Q,rotational,40.0,"[[4, 1, 7, 6], [2, 6, 7]]",0.0,1.325,0,Fairly conscious/deliberative,Fully unclear,Quite hard,Rather unconfident,"To solve the task, I tried to remember what the usual positions of the flowers were in order to see what would work best. 

Please make the instructions more clear"
Qz1iwndokhhl5gqb18vsjr283Q,rotational,41.0,"[[4, 1, 7, 6, 2], [4, 1, 7, 6, 5, 3]]",0.0,0.468,1,Fairly conscious/deliberative,Fully unclear,Quite hard,Rather unconfident,"To solve the task, I tried to remember what the usual positions of the flowers were in order to see what would work best. 

Please make the instructions more clear"
Qz1iwndokhhl5gqb18vsjr283Q,rotational,42.0,"[[4, 1, 7, 0], [7, 6, 2]]",1.0,0.605,1,Fairly conscious/deliberative,Fully unclear,Quite hard,Rather unconfident,"To solve the task, I tried to remember what the usual positions of the flowers were in order to see what would work best. 

Please make the instructions more clear"
Qz1iwndokhhl5gqb18vsjr283Q,rotational,43.0,"[[1, 7, 6, 2], [1, 7, 0]]",1.0,0.213,1,Fairly conscious/deliberative,Fully unclear,Quite hard,Rather unconfident,"To solve the task, I tried to remember what the usual positions of the flowers were in order to see what would work best. 

Please make the instructions more clear"
Qz1iwndokhhl5gqb18vsjr283Q,rotational,44.0,"[[5, 6, 7, 1], [0, 7, 1]]",0.0,0.933,0,Fairly conscious/deliberative,Fully unclear,Quite hard,Rather unconfident,"To solve the task, I tried to remember what the usual positions of the flowers were in order to see what would work best. 

Please make the instructions more clear"
Qz1iwndokhhl5gqb18vsjr283Q,rotational,45.0,"[[2, 6, 7, 1, 4], [5, 6, 7, 0]]",0.0,2.34,0,Fairly conscious/deliberative,Fully unclear,Quite hard,Rather unconfident,"To solve the task, I tried to remember what the usual positions of the flowers were in order to see what would work best. 

Please make the instructions more clear"
Qz1iwndokhhl5gqb18vsjr283Q,rotational,46.0,"[[4, 1, 7, 6, 5], [7, 6, 5, 3]]",0.0,0.845,0,Fairly conscious/deliberative,Fully unclear,Quite hard,Rather unconfident,"To solve the task, I tried to remember what the usual positions of the flowers were in order to see what would work best. 

Please make the instructions more clear"
Qz1iwndokhhl5gqb18vsjr283Q,rotational,47.0,"[[3, 5, 6, 7, 1], [2, 6, 5, 3]]",1.0,1.189,1,Fairly conscious/deliberative,Fully unclear,Quite hard,Rather unconfident,"To solve the task, I tried to remember what the usual positions of the flowers were in order to see what would work best. 

Please make the instructions more clear"
Qz1iwndokhhl5gqb18vsjr283Q,rotational,48.0,"[[2, 6, 5], [7, 6, 5, 3]]",0.0,8.257,1,Fairly conscious/deliberative,Fully unclear,Quite hard,Rather unconfident,"To solve the task, I tried to remember what the usual positions of the flowers were in order to see what would work best. 

Please make the instructions more clear"
Qz1iwndokhhl5gqb18vsjr283Q,rotational,49.0,"[[4, 1, 7, 0], [1, 7, 6]]",1.0,0.853,1,Fairly conscious/deliberative,Fully unclear,Quite hard,Rather unconfident,"To solve the task, I tried to remember what the usual positions of the flowers were in order to see what would work best. 

Please make the instructions more clear"
Qz1iwndokhhl5gqb18vsjr283Q,rotational,50.0,"[[1, 7, 6, 5], [2, 6, 5]]",0.0,0.94,0,Fairly conscious/deliberative,Fully unclear,Quite hard,Rather unconfident,"To solve the task, I tried to remember what the usual positions of the flowers were in order to see what would work best. 

Please make the instructions more clear"
Qz1iwndokhhl5gqb18vsjr283Q,rotational,51.0,"[[3, 5, 6, 2], [7, 6, 5]]",1.0,1.94,1,Fairly conscious/deliberative,Fully unclear,Quite hard,Rather unconfident,"To solve the task, I tried to remember what the usual positions of the flowers were in order to see what would work best. 

Please make the instructions more clear"
Qz1iwndokhhl5gqb18vsjr283Q,rotational,52.0,"[[2, 6, 7, 0], [1, 7, 0]]",1.0,1.196,1,Fairly conscious/deliberative,Fully unclear,Quite hard,Rather unconfident,"To solve the task, I tried to remember what the usual positions of the flowers were in order to see what would work best. 

Please make the instructions more clear"
Qz1iwndokhhl5gqb18vsjr283Q,rotational,53.0,"[[5, 6, 7], [5, 6, 7, 1]]",0.0,0.764,1,Fairly conscious/deliberative,Fully unclear,Quite hard,Rather unconfident,"To solve the task, I tried to remember what the usual positions of the flowers were in order to see what would work best. 

Please make the instructions more clear"
Qz1iwndokhhl5gqb18vsjr283Q,rotational,54.0,"[[2, 6, 7, 1], [4, 1, 7]]",0.0,1.821,0,Fairly conscious/deliberative,Fully unclear,Quite hard,Rather unconfident,"To solve the task, I tried to remember what the usual positions of the flowers were in order to see what would work best. 

Please make the instructions more clear"
Qz1iwndokhhl5gqb18vsjr283Q,rotational,55.0,"[[5, 6, 7], [0, 7, 6, 5]]",1.0,3.427,0,Fairly conscious/deliberative,Fully unclear,Quite hard,Rather unconfident,"To solve the task, I tried to remember what the usual positions of the flowers were in order to see what would work best. 

Please make the instructions more clear"
Qz1iwndokhhl5gqb18vsjr283Q,rotational,56.0,"[[2, 6, 5], [2, 6, 7, 1]]",1.0,0.893,0,Fairly conscious/deliberative,Fully unclear,Quite hard,Rather unconfident,"To solve the task, I tried to remember what the usual positions of the flowers were in order to see what would work best. 

Please make the instructions more clear"
Qz1iwndokhhl5gqb18vsjr283Q,rotational,57.0,"[[1, 7, 6, 2], [6, 5, 3]]",1.0,0.781,1,Fairly conscious/deliberative,Fully unclear,Quite hard,Rather unconfident,"To solve the task, I tried to remember what the usual positions of the flowers were in order to see what would work best. 

Please make the instructions more clear"
Qz1iwndokhhl5gqb18vsjr283Q,rotational,58.0,"[[5, 6, 7, 0], [2, 6, 5]]",1.0,8.154,1,Fairly conscious/deliberative,Fully unclear,Quite hard,Rather unconfident,"To solve the task, I tried to remember what the usual positions of the flowers were in order to see what would work best. 

Please make the instructions more clear"
Qz1iwndokhhl5gqb18vsjr283Q,rotational,59.0,"[[7, 6, 2], [1, 7, 6, 2]]",0.0,1.228,1,Fairly conscious/deliberative,Fully unclear,Quite hard,Rather unconfident,"To solve the task, I tried to remember what the usual positions of the flowers were in order to see what would work best. 

Please make the instructions more clear"
Qz1iwndokhhl5gqb18vsjr283Q,rotational,60.0,"[[7, 1, 4], [0, 7, 6, 2]]",0.0,0.941,1,Fairly conscious/deliberative,Fully unclear,Quite hard,Rather unconfident,"To solve the task, I tried to remember what the usual positions of the flowers were in order to see what would work best. 

Please make the instructions more clear"
Qz1iwndokhhl5gqb18vsjr283Q,rotational,61.0,"[[7, 6, 5], [6, 7, 1, 4]]",0.0,1.148,1,Fairly conscious/deliberative,Fully unclear,Quite hard,Rather unconfident,"To solve the task, I tried to remember what the usual positions of the flowers were in order to see what would work best. 

Please make the instructions more clear"
Qz1iwndokhhl5gqb18vsjr283Q,rotational,62.0,"[[0, 7, 6, 5], [7, 1, 4]]",1.0,1.629,1,Fairly conscious/deliberative,Fully unclear,Quite hard,Rather unconfident,"To solve the task, I tried to remember what the usual positions of the flowers were in order to see what would work best. 

Please make the instructions more clear"
Qz1iwndokhhl5gqb18vsjr283Q,rotational,63.0,"[[6, 7, 1, 4], [6, 5, 3]]",0.0,7.353,0,Fairly conscious/deliberative,Fully unclear,Quite hard,Rather unconfident,"To solve the task, I tried to remember what the usual positions of the flowers were in order to see what would work best. 

Please make the instructions more clear"
Qz1iwndokhhl5gqb18vsjr283Q,rotational,64.0,"[[5, 6, 2], [6, 7, 1, 4]]",1.0,1.101,0,Fairly conscious/deliberative,Fully unclear,Quite hard,Rather unconfident,"To solve the task, I tried to remember what the usual positions of the flowers were in order to see what would work best. 

Please make the instructions more clear"
Qztbk8kxiw3fpu351calbggmuQ,rotational,0.0,"[[5, 6, 7, 1, 4], [4, 1, 7, 6]]",1.0,8.883,1,Fairly conscious/deliberative,Fully clear,Quite easy,Rather confident,
Qztbk8kxiw3fpu351calbggmuQ,rotational,1.0,"[[2, 6, 7, 1], [6, 5, 3]]",0.0,3.802,0,Fairly conscious/deliberative,Fully clear,Quite easy,Rather confident,
Qztbk8kxiw3fpu351calbggmuQ,rotational,2.0,"[[3, 5, 6], [6, 7, 1, 4]]",1.0,3.221,0,Fairly conscious/deliberative,Fully clear,Quite easy,Rather confident,
Qztbk8kxiw3fpu351calbggmuQ,rotational,3.0,"[[6, 7, 1, 4], [1, 7, 6, 5, 3]]",0.0,5.106,1,Fairly conscious/deliberative,Fully clear,Quite easy,Rather confident,
Qztbk8kxiw3fpu351calbggmuQ,rotational,4.0,"[[7, 6, 5, 3], [2, 6, 7, 1, 4]]",1.0,2.363,0,Fairly conscious/deliberative,Fully clear,Quite easy,Rather confident,
Qztbk8kxiw3fpu351calbggmuQ,rotational,5.0,"[[2, 6, 7, 1], [5, 6, 2]]",0.0,5.62,0,Fairly conscious/deliberative,Fully clear,Quite easy,Rather confident,
Qztbk8kxiw3fpu351calbggmuQ,rotational,6.0,"[[6, 7, 0], [0, 7, 1, 4]]",1.0,5.093,0,Fairly conscious/deliberative,Fully clear,Quite easy,Rather confident,
Qztbk8kxiw3fpu351calbggmuQ,rotational,7.0,"[[1, 7, 6, 2], [7, 1, 4]]",0.0,9.61,0,Fairly conscious/deliberative,Fully clear,Quite easy,Rather confident,
Qztbk8kxiw3fpu351calbggmuQ,rotational,8.0,"[[4, 1, 7, 0], [6, 5, 3]]",1.0,2.394,1,Fairly conscious/deliberative,Fully clear,Quite easy,Rather confident,
Qztbk8kxiw3fpu351calbggmuQ,rotational,9.0,"[[6, 7, 1], [2, 6, 5, 3]]",0.0,9.131,1,Fairly conscious/deliberative,Fully clear,Quite easy,Rather confident,
Qztbk8kxiw3fpu351calbggmuQ,rotational,10.0,"[[6, 5, 3], [0, 7, 6, 2]]",1.0,5.131,0,Fairly conscious/deliberative,Fully clear,Quite easy,Rather confident,
Qztbk8kxiw3fpu351calbggmuQ,rotational,11.0,"[[1, 7, 6], [0, 7, 1, 4]]",1.0,33.305,0,Fairly conscious/deliberative,Fully clear,Quite easy,Rather confident,
Qztbk8kxiw3fpu351calbggmuQ,rotational,12.0,"[[1, 7, 6, 5], [1, 7, 6, 5, 3]]",0.0,3.409,1,Fairly conscious/deliberative,Fully clear,Quite easy,Rather confident,
Qztbk8kxiw3fpu351calbggmuQ,rotational,13.0,"[[0, 7, 6], [2, 6, 5, 3]]",0.0,1.759,1,Fairly conscious/deliberative,Fully clear,Quite easy,Rather confident,
Qztbk8kxiw3fpu351calbggmuQ,rotational,14.0,"[[1, 7, 6, 5], [5, 6, 2]]",1.0,2.178,1,Fairly conscious/deliberative,Fully clear,Quite easy,Rather confident,
Qztbk8kxiw3fpu351calbggmuQ,rotational,15.0,"[[2, 6, 7, 1, 4], [0, 7, 6, 5]]",1.0,9.945,1,Fairly conscious/deliberative,Fully clear,Quite easy,Rather confident,
Qztbk8kxiw3fpu351calbggmuQ,rotational,16.0,"[[5, 6, 7, 0], [5, 6, 7]]",1.0,3.194,1,Fairly conscious/deliberative,Fully clear,Quite easy,Rather confident,
Qztbk8kxiw3fpu351calbggmuQ,rotational,17.0,"[[1, 7, 6, 5], [7, 1, 4]]",0.0,11.579,0,Fairly conscious/deliberative,Fully clear,Quite easy,Rather confident,
Qztbk8kxiw3fpu351calbggmuQ,rotational,18.0,"[[5, 6, 2], [3, 5, 6, 7]]",1.0,2.276,0,Fairly conscious/deliberative,Fully clear,Quite easy,Rather confident,
Qztbk8kxiw3fpu351calbggmuQ,rotational,19.0,"[[5, 6, 7, 0], [0, 7, 1]]",0.0,5.733,0,Fairly conscious/deliberative,Fully clear,Quite easy,Rather confident,
Qztbk8kxiw3fpu351calbggmuQ,rotational,20.0,"[[0, 7, 1], [4, 1, 7, 6]]",1.0,5.724,0,Fairly conscious/deliberative,Fully clear,Quite easy,Rather confident,
Qztbk8kxiw3fpu351calbggmuQ,rotational,21.0,"[[6, 7, 1, 4], [7, 6, 2]]",1.0,3.94,1,Fairly conscious/deliberative,Fully clear,Quite easy,Rather confident,
Qztbk8kxiw3fpu351calbggmuQ,rotational,22.0,"[[7, 6, 2], [5, 6, 7, 1]]",0.0,1.926,1,Fairly conscious/deliberative,Fully clear,Quite easy,Rather confident,
Qztbk8kxiw3fpu351calbggmuQ,rotational,23.0,"[[7, 6, 2], [3, 5, 6, 7]]",1.0,2.028,0,Fairly conscious/deliberative,Fully clear,Quite easy,Rather confident,
Qztbk8kxiw3fpu351calbggmuQ,rotational,24.0,"[[1, 7, 6, 5], [6, 7, 1]]",0.0,4.944,0,Fairly conscious/deliberative,Fully clear,Quite easy,Rather confident,
Qztbk8kxiw3fpu351calbggmuQ,rotational,25.0,"[[7, 1, 4], [5, 6, 7, 1]]",0.0,16.15,1,Fairly conscious/deliberative,Fully clear,Quite easy,Rather confident,
Qztbk8kxiw3fpu351calbggmuQ,rotational,26.0,"[[7, 6, 5], [6, 7, 1, 4]]",1.0,2.342,0,Fairly conscious/deliberative,Fully clear,Quite easy,Rather confident,
Qztbk8kxiw3fpu351calbggmuQ,rotational,27.0,"[[3, 5, 6, 7, 1], [1, 7, 6, 2]]",1.0,1.664,1,Fairly conscious/deliberative,Fully clear,Quite easy,Rather confident,
Qztbk8kxiw3fpu351calbggmuQ,rotational,28.0,"[[7, 1, 4], [2, 6, 7, 1]]",0.0,2.085,1,Fairly conscious/deliberative,Fully clear,Quite easy,Rather confident,
Qztbk8kxiw3fpu351calbggmuQ,rotational,29.0,"[[2, 6, 7], [4, 1, 7, 6]]",0.0,2.655,1,Fairly conscious/deliberative,Fully clear,Quite easy,Rather confident,
Qztbk8kxiw3fpu351calbggmuQ,rotational,30.0,"[[5, 6, 7, 0], [0, 7, 6]]",0.0,2.285,0,Fairly conscious/deliberative,Fully clear,Quite easy,Rather confident,
Qztbk8kxiw3fpu351calbggmuQ,rotational,31.0,"[[1, 7, 0], [3, 5, 6, 2]]",0.0,1.417,1,Fairly conscious/deliberative,Fully clear,Quite easy,Rather confident,
Qztbk8kxiw3fpu351calbggmuQ,rotational,32.0,"[[5, 6, 7, 0], [4, 1, 7]]",0.0,3.948,0,Fairly conscious/deliberative,Fully clear,Quite easy,Rather confident,
Qztbk8kxiw3fpu351calbggmuQ,rotational,33.0,"[[6, 7, 1, 4], [3, 5, 6]]",1.0,2.661,1,Fairly conscious/deliberative,Fully clear,Quite easy,Rather confident,
Qztbk8kxiw3fpu351calbggmuQ,rotational,34.0,"[[2, 6, 7, 1], [7, 6, 2]]",0.0,5.566,0,Fairly conscious/deliberative,Fully clear,Quite easy,Rather confident,
Qztbk8kxiw3fpu351calbggmuQ,rotational,35.0,"[[4, 1, 7, 0], [2, 6, 5]]",1.0,6.388,1,Fairly conscious/deliberative,Fully clear,Quite easy,Rather confident,
Qztbk8kxiw3fpu351calbggmuQ,rotational,36.0,"[[7, 1, 4], [3, 5, 6, 2]]",0.0,4.021,1,Fairly conscious/deliberative,Fully clear,Quite easy,Rather confident,
Qztbk8kxiw3fpu351calbggmuQ,rotational,37.0,"[[7, 6, 5], [0, 7, 6, 2]]",0.0,3.801,1,Fairly conscious/deliberative,Fully clear,Quite easy,Rather confident,
Qztbk8kxiw3fpu351calbggmuQ,rotational,38.0,"[[0, 7, 1, 4], [7, 6, 2]]",1.0,17.188,1,Fairly conscious/deliberative,Fully clear,Quite easy,Rather confident,
Qztbk8kxiw3fpu351calbggmuQ,rotational,39.0,"[[5, 6, 7, 1, 4], [3, 5, 6, 7]]",0.0,3.354,0,Fairly conscious/deliberative,Fully clear,Quite easy,Rather confident,
Qztbk8kxiw3fpu351calbggmuQ,rotational,40.0,"[[4, 1, 7, 0], [2, 6, 7]]",1.0,1.496,1,Fairly conscious/deliberative,Fully clear,Quite easy,Rather confident,
Qztbk8kxiw3fpu351calbggmuQ,rotational,41.0,"[[1, 7, 6], [1, 7, 6, 2]]",0.0,3.627,1,Fairly conscious/deliberative,Fully clear,Quite easy,Rather confident,
Qztbk8kxiw3fpu351calbggmuQ,rotational,42.0,"[[4, 1, 7, 6, 2], [4, 1, 7, 0]]",0.0,9.247,0,Fairly conscious/deliberative,Fully clear,Quite easy,Rather confident,
Qztbk8kxiw3fpu351calbggmuQ,rotational,43.0,"[[1, 7, 0], [1, 7, 6, 2]]",1.0,7.601,0,Fairly conscious/deliberative,Fully clear,Quite easy,Rather confident,
Qztbk8kxiw3fpu351calbggmuQ,rotational,44.0,"[[5, 6, 2], [5, 6, 7, 0]]",1.0,2.708,0,Fairly conscious/deliberative,Fully clear,Quite easy,Rather confident,
Qztbk8kxiw3fpu351calbggmuQ,rotational,45.0,"[[0, 7, 1], [1, 7, 6, 5]]",0.0,3.472,1,Fairly conscious/deliberative,Fully clear,Quite easy,Rather confident,
Qztbk8kxiw3fpu351calbggmuQ,rotational,46.0,"[[2, 6, 5], [4, 1, 7, 6]]",1.0,1.965,0,Fairly conscious/deliberative,Fully clear,Quite easy,Rather confident,
Qztbk8kxiw3fpu351calbggmuQ,rotational,47.0,"[[4, 1, 7], [0, 7, 6, 2]]",0.0,2.243,1,Fairly conscious/deliberative,Fully clear,Quite easy,Rather confident,
Qztbk8kxiw3fpu351calbggmuQ,rotational,48.0,"[[0, 7, 6, 5], [1, 7, 6]]",1.0,2.366,1,Fairly conscious/deliberative,Fully clear,Quite easy,Rather confident,
Qztbk8kxiw3fpu351calbggmuQ,rotational,49.0,"[[1, 7, 6, 2], [0, 7, 6, 5, 3]]",1.0,2.582,0,Fairly conscious/deliberative,Fully clear,Quite easy,Rather confident,
Qztbk8kxiw3fpu351calbggmuQ,rotational,50.0,"[[3, 5, 6, 2], [2, 6, 5]]",0.0,1.878,0,Fairly conscious/deliberative,Fully clear,Quite easy,Rather confident,
Qztbk8kxiw3fpu351calbggmuQ,rotational,51.0,"[[7, 6, 5], [5, 6, 7, 1]]",1.0,1.204,0,Fairly conscious/deliberative,Fully clear,Quite easy,Rather confident,
Qztbk8kxiw3fpu351calbggmuQ,rotational,52.0,"[[6, 5, 3], [1, 7, 6, 5]]",1.0,3.034,0,Fairly conscious/deliberative,Fully clear,Quite easy,Rather confident,
Qztbk8kxiw3fpu351calbggmuQ,rotational,53.0,"[[2, 6, 7, 1, 4], [4, 1, 7, 6, 5, 3]]",1.0,14.951,0,Fairly conscious/deliberative,Fully clear,Quite easy,Rather confident,
Qztbk8kxiw3fpu351calbggmuQ,rotational,54.0,"[[5, 6, 7], [1, 7, 6, 2]]",1.0,4.212,0,Fairly conscious/deliberative,Fully clear,Quite easy,Rather confident,
Qztbk8kxiw3fpu351calbggmuQ,rotational,55.0,"[[4, 1, 7, 6, 5], [3, 5, 6, 7]]",1.0,4.904,1,Fairly conscious/deliberative,Fully clear,Quite easy,Rather confident,
Qztbk8kxiw3fpu351calbggmuQ,rotational,56.0,"[[1, 7, 0], [2, 6, 7, 0]]",1.0,1.726,0,Fairly conscious/deliberative,Fully clear,Quite easy,Rather confident,
Qztbk8kxiw3fpu351calbggmuQ,rotational,57.0,"[[0, 7, 1, 4], [5, 6, 7, 1, 4]]",0.0,2.694,1,Fairly conscious/deliberative,Fully clear,Quite easy,Rather confident,
Qztbk8kxiw3fpu351calbggmuQ,rotational,58.0,"[[4, 1, 7, 6, 2], [3, 5, 6, 2]]",1.0,0.201,1,Fairly conscious/deliberative,Fully clear,Quite easy,Rather confident,
Qztbk8kxiw3fpu351calbggmuQ,rotational,59.0,"[[2, 6, 7, 0], [0, 7, 6, 5, 3]]",1.0,12.442,0,Fairly conscious/deliberative,Fully clear,Quite easy,Rather confident,
Qztbk8kxiw3fpu351calbggmuQ,rotational,60.0,"[[1, 7, 6, 2], [1, 7, 0]]",0.0,8.632,0,Fairly conscious/deliberative,Fully clear,Quite easy,Rather confident,
Qztbk8kxiw3fpu351calbggmuQ,rotational,61.0,"[[4, 1, 7, 0], [7, 6, 5]]",1.0,2.838,1,Fairly conscious/deliberative,Fully clear,Quite easy,Rather confident,
Qztbk8kxiw3fpu351calbggmuQ,rotational,62.0,"[[6, 7, 1, 4], [3, 5, 6, 7, 0]]",1.0,8.862,0,Fairly conscious/deliberative,Fully clear,Quite easy,Rather confident,
Qztbk8kxiw3fpu351calbggmuQ,rotational,63.0,"[[3, 5, 6, 2], [5, 6, 7]]",0.0,1.274,0,Fairly conscious/deliberative,Fully clear,Quite easy,Rather confident,
Qztbk8kxiw3fpu351calbggmuQ,rotational,64.0,"[[3, 5, 6, 2], [3, 5, 6, 7, 1]]",1.0,1.243,0,Fairly conscious/deliberative,Fully clear,Quite easy,Rather confident,
