subject_id,trial_name,known_learnrelquest,pair_learnrelquest,trial_ind_learnrelquest,rt_learnrelquest,response_learnrelquest,acc_learnrelquest,trial_index,type
Qhc77d4bh03jukv6vv3sr1yc9Q,learn_relquest,0.0,"[4, 5]",0.0,3.402,1,1.0,101,first
Qhc77d4bh03jukv6vv3sr1yc9Q,learn_relquest,1.0,"[7, 1]",1.0,2.359,1,0.0,102,first
Qhc77d4bh03jukv6vv3sr1yc9Q,learn_relquest,1.0,"[5, 6]",2.0,2.492,0,1.0,103,first
Qhc77d4bh03jukv6vv3sr1yc9Q,learn_relquest,1.0,"[1, 7]",3.0,1.288,1,0.0,104,first
Qhc77d4bh03jukv6vv3sr1yc9Q,learn_relquest,0.0,"[5, 4]",4.0,3.976,0,0.0,105,first
Qhc77d4bh03jukv6vv3sr1yc9Q,learn_relquest,1.0,"[4, 1]",5.0,2.214,0,1.0,106,first
Qhc77d4bh03jukv6vv3sr1yc9Q,learn_relquest,1.0,"[3, 5]",6.0,1.623,0,1.0,107,first
Qhc77d4bh03jukv6vv3sr1yc9Q,learn_relquest,0.0,"[2, 4]",7.0,3.201,0,0.0,108,first
Qhc77d4bh03jukv6vv3sr1yc9Q,learn_relquest,1.0,"[2, 6]",8.0,2.011,0,1.0,109,first
Qhc77d4bh03jukv6vv3sr1yc9Q,learn_relquest,1.0,"[5, 3]",9.0,1.292,0,1.0,110,first
Qhc77d4bh03jukv6vv3sr1yc9Q,learn_relquest,0.0,"[1, 3]",10.0,3.085,1,1.0,111,first
Qhc77d4bh03jukv6vv3sr1yc9Q,learn_relquest,0.0,"[7, 2]",11.0,1.857,1,1.0,112,first
Qhc77d4bh03jukv6vv3sr1yc9Q,learn_relquest,1.0,"[1, 4]",12.0,4.252,0,1.0,113,first
Qhc77d4bh03jukv6vv3sr1yc9Q,learn_relquest,0.0,"[5, 2]",13.0,2.586,1,1.0,114,first
Qhc77d4bh03jukv6vv3sr1yc9Q,learn_relquest,1.0,"[0, 7]",14.0,1.108,1,0.0,115,first
Qhc77d4bh03jukv6vv3sr1yc9Q,learn_relquest,0.0,"[0, 4]",15.0,6.167,1,1.0,116,first
Qhc77d4bh03jukv6vv3sr1yc9Q,learn_relquest,1.0,"[7, 6]",16.0,3.109,1,0.0,117,first
Qhc77d4bh03jukv6vv3sr1yc9Q,learn_relquest,1.0,"[6, 2]",17.0,6.27,0,1.0,118,first
Qhc77d4bh03jukv6vv3sr1yc9Q,learn_relquest,0.0,"[5, 0]",18.0,9.766,1,1.0,119,first
Qhc77d4bh03jukv6vv3sr1yc9Q,learn_relquest,0.0,"[4, 6]",19.0,1.946,0,0.0,120,first
Qhc77d4bh03jukv6vv3sr1yc9Q,learn_relquest,0.0,"[7, 3]",20.0,1.152,1,1.0,121,first
Qhc77d4bh03jukv6vv3sr1yc9Q,learn_relquest,0.0,"[2, 5]",21.0,2.533,0,0.0,122,first
Qhc77d4bh03jukv6vv3sr1yc9Q,learn_relquest,0.0,"[5, 7]",22.0,1.104,1,1.0,123,first
Qhc77d4bh03jukv6vv3sr1yc9Q,learn_relquest,1.0,"[6, 5]",23.0,2.194,0,1.0,124,first
Qhc77d4bh03jukv6vv3sr1yc9Q,learn_relquest,0.0,"[4, 0]",24.0,1.029,1,1.0,125,first
Qhc77d4bh03jukv6vv3sr1yc9Q,learn_relquest,1.0,"[7, 0]",25.0,1.221,1,0.0,126,first
Qhc77d4bh03jukv6vv3sr1yc9Q,learn_relquest,0.0,"[2, 7]",26.0,0.832,1,1.0,127,first
Qhc77d4bh03jukv6vv3sr1yc9Q,learn_relquest,1.0,"[6, 7]",27.0,0.639,1,0.0,128,first
Qhc77d4bh03jukv6vv3sr1yc9Q,learn_relquest,1.0,"[6, 7]",0.0,2.127,1,0.0,217,second
Qhc77d4bh03jukv6vv3sr1yc9Q,learn_relquest,0.0,"[6, 4]",1.0,7.077,1,1.0,218,second
Qhc77d4bh03jukv6vv3sr1yc9Q,learn_relquest,1.0,"[2, 6]",2.0,2.839,0,1.0,219,second
Qhc77d4bh03jukv6vv3sr1yc9Q,learn_relquest,0.0,"[4, 7]",3.0,1.368,1,1.0,220,second
Qhc77d4bh03jukv6vv3sr1yc9Q,learn_relquest,0.0,"[6, 0]",4.0,2.228,1,1.0,221,second
Qhc77d4bh03jukv6vv3sr1yc9Q,learn_relquest,1.0,"[5, 6]",5.0,4.916,0,1.0,222,second
Qhc77d4bh03jukv6vv3sr1yc9Q,learn_relquest,0.0,"[2, 1]",6.0,2.288,1,1.0,223,second
Qhc77d4bh03jukv6vv3sr1yc9Q,learn_relquest,0.0,"[0, 5]",7.0,4.82,1,1.0,224,second
Qhc77d4bh03jukv6vv3sr1yc9Q,learn_relquest,1.0,"[7, 6]",8.0,0.881,1,0.0,225,second
Qhc77d4bh03jukv6vv3sr1yc9Q,learn_relquest,0.0,"[0, 4]",9.0,3.087,1,1.0,226,second
Qhc77d4bh03jukv6vv3sr1yc9Q,learn_relquest,0.0,"[0, 6]",10.0,1.329,1,1.0,227,second
Qhc77d4bh03jukv6vv3sr1yc9Q,learn_relquest,0.0,"[7, 4]",11.0,0.826,1,1.0,228,second
Qhc77d4bh03jukv6vv3sr1yc9Q,learn_relquest,1.0,"[7, 0]",12.0,1.025,1,0.0,229,second
Qhc77d4bh03jukv6vv3sr1yc9Q,learn_relquest,1.0,"[7, 1]",13.0,0.657,1,0.0,230,second
Qhc77d4bh03jukv6vv3sr1yc9Q,learn_relquest,0.0,"[2, 5]",14.0,9.993,1,1.0,231,second
Qhc77d4bh03jukv6vv3sr1yc9Q,learn_relquest,1.0,"[6, 5]",15.0,5.686,1,0.0,232,second
Qhc77d4bh03jukv6vv3sr1yc9Q,learn_relquest,0.0,"[4, 2]",16.0,15.723,1,1.0,233,second
Qhc77d4bh03jukv6vv3sr1yc9Q,learn_relquest,1.0,"[6, 2]",17.0,3.158,0,1.0,234,second
Qhc77d4bh03jukv6vv3sr1yc9Q,learn_relquest,1.0,"[5, 3]",18.0,2.731,0,1.0,235,second
Qhc77d4bh03jukv6vv3sr1yc9Q,learn_relquest,1.0,"[1, 4]",19.0,2.138,0,1.0,236,second
Qhc77d4bh03jukv6vv3sr1yc9Q,learn_relquest,1.0,"[3, 5]",20.0,2.603,0,1.0,237,second
Qhc77d4bh03jukv6vv3sr1yc9Q,learn_relquest,0.0,"[6, 1]",21.0,4.958,1,1.0,238,second
Qhc77d4bh03jukv6vv3sr1yc9Q,learn_relquest,0.0,"[3, 2]",22.0,3.53,1,1.0,239,second
Qhc77d4bh03jukv6vv3sr1yc9Q,learn_relquest,0.0,"[6, 3]",23.0,3.668,1,1.0,240,second
Qhc77d4bh03jukv6vv3sr1yc9Q,learn_relquest,0.0,"[4, 5]",24.0,1.488,1,1.0,241,second
Qhc77d4bh03jukv6vv3sr1yc9Q,learn_relquest,1.0,"[0, 7]",25.0,0.808,1,0.0,242,second
Qhc77d4bh03jukv6vv3sr1yc9Q,learn_relquest,1.0,"[4, 1]",26.0,4.763,1,0.0,243,second
Qhc77d4bh03jukv6vv3sr1yc9Q,learn_relquest,1.0,"[1, 7]",27.0,0.709,1,0.0,244,second
Qhc77d4bh03jukv6vv3sr1yc9Q,learn_relquest,1.0,"[5, 3]",0.0,7.9,0,1.0,331,third
Qhc77d4bh03jukv6vv3sr1yc9Q,learn_relquest,0.0,"[6, 0]",1.0,2.148,1,1.0,332,third
Qhc77d4bh03jukv6vv3sr1yc9Q,learn_relquest,0.0,"[0, 2]",2.0,4.32,1,1.0,333,third
Qhc77d4bh03jukv6vv3sr1yc9Q,learn_relquest,1.0,"[6, 2]",3.0,4.716,0,1.0,334,third
Qhc77d4bh03jukv6vv3sr1yc9Q,learn_relquest,0.0,"[7, 2]",4.0,4.165,1,1.0,335,third
Qhc77d4bh03jukv6vv3sr1yc9Q,learn_relquest,1.0,"[3, 5]",5.0,9.1,1,0.0,336,third
Qhc77d4bh03jukv6vv3sr1yc9Q,learn_relquest,1.0,"[0, 7]",6.0,3.6,0,1.0,337,third
Qhc77d4bh03jukv6vv3sr1yc9Q,learn_relquest,1.0,"[4, 1]",7.0,6.553,0,1.0,338,third
Qhc77d4bh03jukv6vv3sr1yc9Q,learn_relquest,1.0,"[7, 6]",8.0,2.977,0,1.0,339,third
Qhc77d4bh03jukv6vv3sr1yc9Q,learn_relquest,1.0,"[2, 6]",9.0,2.027,0,1.0,340,third
Qhc77d4bh03jukv6vv3sr1yc9Q,learn_relquest,0.0,"[0, 1]",10.0,3.959,1,1.0,341,third
Qhc77d4bh03jukv6vv3sr1yc9Q,learn_relquest,0.0,"[2, 5]",11.0,2.125,1,1.0,342,third
Qhc77d4bh03jukv6vv3sr1yc9Q,learn_relquest,0.0,"[4, 5]",12.0,3.019,1,1.0,343,third
Qhc77d4bh03jukv6vv3sr1yc9Q,learn_relquest,0.0,"[4, 0]",13.0,2.406,1,1.0,344,third
Qhc77d4bh03jukv6vv3sr1yc9Q,learn_relquest,1.0,"[7, 0]",14.0,4.925,0,1.0,345,third
Qhc77d4bh03jukv6vv3sr1yc9Q,learn_relquest,0.0,"[4, 3]",15.0,2.283,1,1.0,346,third
Qhc77d4bh03jukv6vv3sr1yc9Q,learn_relquest,1.0,"[1, 4]",16.0,4.394,1,0.0,347,third
Qhc77d4bh03jukv6vv3sr1yc9Q,learn_relquest,0.0,"[3, 4]",17.0,2.373,1,1.0,348,third
Qhc77d4bh03jukv6vv3sr1yc9Q,learn_relquest,1.0,"[5, 6]",18.0,2.757,0,1.0,349,third
Qhc77d4bh03jukv6vv3sr1yc9Q,learn_relquest,0.0,"[1, 5]",19.0,1.849,1,1.0,350,third
Qhc77d4bh03jukv6vv3sr1yc9Q,learn_relquest,1.0,"[1, 7]",20.0,3.854,0,1.0,351,third
Qhc77d4bh03jukv6vv3sr1yc9Q,learn_relquest,0.0,"[3, 6]",21.0,2.462,0,0.0,352,third
Qhc77d4bh03jukv6vv3sr1yc9Q,learn_relquest,0.0,"[7, 5]",22.0,3.517,1,1.0,353,third
Qhc77d4bh03jukv6vv3sr1yc9Q,learn_relquest,0.0,"[1, 6]",23.0,4.907,1,1.0,354,third
Qhc77d4bh03jukv6vv3sr1yc9Q,learn_relquest,0.0,"[3, 0]",24.0,4.429,1,1.0,355,third
Qhc77d4bh03jukv6vv3sr1yc9Q,learn_relquest,1.0,"[6, 7]",25.0,2.017,0,1.0,356,third
Qhc77d4bh03jukv6vv3sr1yc9Q,learn_relquest,1.0,"[6, 5]",26.0,6.03,1,0.0,357,third
Qhc77d4bh03jukv6vv3sr1yc9Q,learn_relquest,1.0,"[7, 1]",27.0,3.104,0,1.0,358,third
Qhc77d4bh03jukv6vv3sr1yc9Q,learn_relquest,0.0,"[4, 6]",0.0,4.559,1,1.0,445,fourth
Qhc77d4bh03jukv6vv3sr1yc9Q,learn_relquest,1.0,"[3, 5]",1.0,2.816,0,1.0,446,fourth
Qhc77d4bh03jukv6vv3sr1yc9Q,learn_relquest,0.0,"[1, 0]",2.0,4.719,1,1.0,447,fourth
Qhc77d4bh03jukv6vv3sr1yc9Q,learn_relquest,0.0,"[6, 3]",3.0,6.644,0,0.0,448,fourth
Qhc77d4bh03jukv6vv3sr1yc9Q,learn_relquest,0.0,"[7, 5]",4.0,2.525,1,1.0,449,fourth
Qhc77d4bh03jukv6vv3sr1yc9Q,learn_relquest,1.0,"[6, 2]",5.0,2.339,0,1.0,450,fourth
Qhc77d4bh03jukv6vv3sr1yc9Q,learn_relquest,1.0,"[1, 4]",6.0,5.979,0,1.0,451,fourth
Qhc77d4bh03jukv6vv3sr1yc9Q,learn_relquest,0.0,"[3, 0]",7.0,2.969,1,1.0,452,fourth
Qhc77d4bh03jukv6vv3sr1yc9Q,learn_relquest,1.0,"[6, 5]",8.0,4.249,0,1.0,453,fourth
Qhc77d4bh03jukv6vv3sr1yc9Q,learn_relquest,1.0,"[5, 3]",9.0,2.078,0,1.0,454,fourth
Qhc77d4bh03jukv6vv3sr1yc9Q,learn_relquest,1.0,"[0, 7]",10.0,4.461,0,1.0,455,fourth
Qhc77d4bh03jukv6vv3sr1yc9Q,learn_relquest,0.0,"[4, 2]",11.0,8.929,1,1.0,456,fourth
Qhc77d4bh03jukv6vv3sr1yc9Q,learn_relquest,1.0,"[6, 7]",12.0,2.679,0,1.0,457,fourth
Qhc77d4bh03jukv6vv3sr1yc9Q,learn_relquest,1.0,"[7, 6]",13.0,1.006,0,1.0,458,fourth
Qhc77d4bh03jukv6vv3sr1yc9Q,learn_relquest,0.0,"[7, 2]",14.0,2.472,1,1.0,459,fourth
Qhc77d4bh03jukv6vv3sr1yc9Q,learn_relquest,0.0,"[3, 4]",15.0,1.863,1,1.0,460,fourth
Qhc77d4bh03jukv6vv3sr1yc9Q,learn_relquest,1.0,"[7, 0]",16.0,4.626,0,1.0,461,fourth
Qhc77d4bh03jukv6vv3sr1yc9Q,learn_relquest,1.0,"[4, 1]",17.0,4.822,0,1.0,462,fourth
Qhc77d4bh03jukv6vv3sr1yc9Q,learn_relquest,1.0,"[5, 6]",18.0,1.312,0,1.0,463,fourth
Qhc77d4bh03jukv6vv3sr1yc9Q,learn_relquest,0.0,"[5, 4]",19.0,1.376,1,1.0,464,fourth
Qhc77d4bh03jukv6vv3sr1yc9Q,learn_relquest,1.0,"[2, 6]",20.0,2.977,0,1.0,465,fourth
Qhc77d4bh03jukv6vv3sr1yc9Q,learn_relquest,1.0,"[1, 7]",21.0,3.517,0,1.0,466,fourth
Qhc77d4bh03jukv6vv3sr1yc9Q,learn_relquest,1.0,"[7, 1]",22.0,0.751,0,1.0,467,fourth
Qhc77d4bh03jukv6vv3sr1yc9Q,learn_relquest,0.0,"[2, 5]",23.0,2.566,0,0.0,468,fourth
Qhc77d4bh03jukv6vv3sr1yc9Q,learn_relquest,0.0,"[1, 6]",24.0,3.014,1,1.0,469,fourth
Qhc77d4bh03jukv6vv3sr1yc9Q,learn_relquest,0.0,"[5, 7]",25.0,1.669,1,1.0,470,fourth
Qhc77d4bh03jukv6vv3sr1yc9Q,learn_relquest,0.0,"[4, 3]",26.0,2.943,1,1.0,471,fourth
Qhc77d4bh03jukv6vv3sr1yc9Q,learn_relquest,0.0,"[5, 2]",27.0,3.58,1,1.0,472,fourth
Qhc77d4bh03jukv6vv3sr1yc9Q,learn_relquest,0.0,"[2, 0]",0.0,3.123,1,1.0,559,fifth
Qhc77d4bh03jukv6vv3sr1yc9Q,learn_relquest,1.0,"[0, 7]",1.0,3.403,0,1.0,560,fifth
Qhc77d4bh03jukv6vv3sr1yc9Q,learn_relquest,1.0,"[5, 6]",2.0,3.846,0,1.0,561,fifth
Qhc77d4bh03jukv6vv3sr1yc9Q,learn_relquest,1.0,"[6, 5]",3.0,0.865,0,1.0,562,fifth
Qhc77d4bh03jukv6vv3sr1yc9Q,learn_relquest,1.0,"[5, 3]",4.0,2.582,0,1.0,563,fifth
Qhc77d4bh03jukv6vv3sr1yc9Q,learn_relquest,0.0,"[5, 4]",5.0,1.578,1,1.0,564,fifth
Qhc77d4bh03jukv6vv3sr1yc9Q,learn_relquest,1.0,"[3, 5]",6.0,0.982,0,1.0,565,fifth
Qhc77d4bh03jukv6vv3sr1yc9Q,learn_relquest,1.0,"[7, 1]",7.0,2.307,0,1.0,566,fifth
Qhc77d4bh03jukv6vv3sr1yc9Q,learn_relquest,0.0,"[6, 4]",8.0,4.237,1,1.0,567,fifth
Qhc77d4bh03jukv6vv3sr1yc9Q,learn_relquest,1.0,"[2, 6]",9.0,4.142,0,1.0,568,fifth
Qhc77d4bh03jukv6vv3sr1yc9Q,learn_relquest,1.0,"[7, 0]",10.0,7.015,0,1.0,569,fifth
Qhc77d4bh03jukv6vv3sr1yc9Q,learn_relquest,1.0,"[7, 6]",11.0,1.268,0,1.0,570,fifth
Qhc77d4bh03jukv6vv3sr1yc9Q,learn_relquest,0.0,"[5, 1]",12.0,2.467,1,1.0,571,fifth
Qhc77d4bh03jukv6vv3sr1yc9Q,learn_relquest,0.0,"[3, 2]",13.0,2.468,0,0.0,572,fifth
Qhc77d4bh03jukv6vv3sr1yc9Q,learn_relquest,0.0,"[4, 6]",14.0,4.21,1,1.0,573,fifth
Qhc77d4bh03jukv6vv3sr1yc9Q,learn_relquest,0.0,"[4, 2]",15.0,0.766,1,1.0,574,fifth
Qhc77d4bh03jukv6vv3sr1yc9Q,learn_relquest,0.0,"[2, 1]",16.0,3.125,1,1.0,575,fifth
Qhc77d4bh03jukv6vv3sr1yc9Q,learn_relquest,0.0,"[6, 1]",17.0,5.329,1,1.0,576,fifth
Qhc77d4bh03jukv6vv3sr1yc9Q,learn_relquest,1.0,"[6, 2]",18.0,1.595,0,1.0,577,fifth
Qhc77d4bh03jukv6vv3sr1yc9Q,learn_relquest,1.0,"[4, 1]",19.0,5.234,0,1.0,578,fifth
Qhc77d4bh03jukv6vv3sr1yc9Q,learn_relquest,1.0,"[1, 7]",20.0,3.808,0,1.0,579,fifth
Qhc77d4bh03jukv6vv3sr1yc9Q,learn_relquest,0.0,"[2, 3]",21.0,7.891,1,1.0,580,fifth
Qhc77d4bh03jukv6vv3sr1yc9Q,learn_relquest,0.0,"[1, 2]",22.0,2.545,1,1.0,581,fifth
Qhc77d4bh03jukv6vv3sr1yc9Q,learn_relquest,1.0,"[1, 4]",23.0,2.814,0,1.0,582,fifth
Qhc77d4bh03jukv6vv3sr1yc9Q,learn_relquest,1.0,"[6, 7]",24.0,1.552,0,1.0,583,fifth
Qhc77d4bh03jukv6vv3sr1yc9Q,learn_relquest,0.0,"[0, 5]",25.0,2.159,1,1.0,584,fifth
Qhc77d4bh03jukv6vv3sr1yc9Q,learn_relquest,0.0,"[0, 6]",26.0,2.213,1,1.0,585,fifth
Qhc77d4bh03jukv6vv3sr1yc9Q,learn_relquest,0.0,"[5, 0]",27.0,2.328,1,1.0,586,fifth
Qaghonrdjm26hem6zgs0iztfcQ,learn_relquest,0.0,"[5, 4]",0.0,4.489,1,1.0,101,first
Qaghonrdjm26hem6zgs0iztfcQ,learn_relquest,0.0,"[3, 0]",1.0,3.11,1,1.0,102,first
Qaghonrdjm26hem6zgs0iztfcQ,learn_relquest,0.0,"[6, 1]",2.0,3.418,0,0.0,103,first
Qaghonrdjm26hem6zgs0iztfcQ,learn_relquest,0.0,"[4, 0]",3.0,3.24,0,0.0,104,first
Qaghonrdjm26hem6zgs0iztfcQ,learn_relquest,1.0,"[7, 0]",4.0,3.483,1,0.0,105,first
Qaghonrdjm26hem6zgs0iztfcQ,learn_relquest,0.0,"[5, 7]",5.0,2.56,1,1.0,106,first
Qaghonrdjm26hem6zgs0iztfcQ,learn_relquest,1.0,"[6, 2]",6.0,3.139,0,1.0,107,first
Qaghonrdjm26hem6zgs0iztfcQ,learn_relquest,1.0,"[4, 1]",7.0,2.528,0,1.0,108,first
Qaghonrdjm26hem6zgs0iztfcQ,learn_relquest,0.0,"[4, 7]",8.0,3.334,1,1.0,109,first
Qaghonrdjm26hem6zgs0iztfcQ,learn_relquest,1.0,"[2, 6]",9.0,3.614,1,0.0,110,first
Qaghonrdjm26hem6zgs0iztfcQ,learn_relquest,0.0,"[0, 2]",10.0,2.914,1,1.0,111,first
Qaghonrdjm26hem6zgs0iztfcQ,learn_relquest,0.0,"[0, 3]",11.0,3.763,1,1.0,112,first
Qaghonrdjm26hem6zgs0iztfcQ,learn_relquest,0.0,"[3, 6]",12.0,4.932,0,0.0,113,first
Qaghonrdjm26hem6zgs0iztfcQ,learn_relquest,0.0,"[7, 2]",13.0,5.272,0,0.0,114,first
Qaghonrdjm26hem6zgs0iztfcQ,learn_relquest,0.0,"[2, 3]",14.0,5.773,1,1.0,115,first
Qaghonrdjm26hem6zgs0iztfcQ,learn_relquest,1.0,"[5, 3]",15.0,3.032,0,1.0,116,first
Qaghonrdjm26hem6zgs0iztfcQ,learn_relquest,1.0,"[7, 6]",16.0,4.098,1,0.0,117,first
Qaghonrdjm26hem6zgs0iztfcQ,learn_relquest,1.0,"[7, 1]",17.0,4.986,1,0.0,118,first
Qaghonrdjm26hem6zgs0iztfcQ,learn_relquest,1.0,"[6, 5]",18.0,7.674,0,1.0,119,first
Qaghonrdjm26hem6zgs0iztfcQ,learn_relquest,1.0,"[1, 7]",19.0,2.806,1,0.0,120,first
Qaghonrdjm26hem6zgs0iztfcQ,learn_relquest,1.0,"[6, 7]",20.0,5.406,0,1.0,121,first
Qaghonrdjm26hem6zgs0iztfcQ,learn_relquest,1.0,"[0, 7]",21.0,3.209,1,0.0,122,first
Qaghonrdjm26hem6zgs0iztfcQ,learn_relquest,0.0,"[1, 2]",22.0,3.034,1,1.0,123,first
Qaghonrdjm26hem6zgs0iztfcQ,learn_relquest,1.0,"[1, 4]",23.0,3.275,0,1.0,124,first
Qaghonrdjm26hem6zgs0iztfcQ,learn_relquest,0.0,"[3, 7]",24.0,5.038,0,0.0,125,first
Qaghonrdjm26hem6zgs0iztfcQ,learn_relquest,1.0,"[3, 5]",25.0,3.486,1,0.0,126,first
Qaghonrdjm26hem6zgs0iztfcQ,learn_relquest,1.0,"[5, 6]",26.0,2.563,0,1.0,127,first
Qaghonrdjm26hem6zgs0iztfcQ,learn_relquest,0.0,"[2, 1]",27.0,2.94,1,1.0,128,first
Qaghonrdjm26hem6zgs0iztfcQ,learn_relquest,0.0,"[5, 0]",0.0,5.707,1,1.0,216,second
Qaghonrdjm26hem6zgs0iztfcQ,learn_relquest,0.0,"[2, 5]",1.0,5.405,0,0.0,217,second
Qaghonrdjm26hem6zgs0iztfcQ,learn_relquest,1.0,"[7, 1]",2.0,3.464,0,1.0,218,second
Qaghonrdjm26hem6zgs0iztfcQ,learn_relquest,0.0,"[0, 6]",3.0,1.655,1,1.0,219,second
Qaghonrdjm26hem6zgs0iztfcQ,learn_relquest,0.0,"[2, 7]",4.0,5.848,1,1.0,220,second
Qaghonrdjm26hem6zgs0iztfcQ,learn_relquest,0.0,"[0, 4]",5.0,2.929,1,1.0,221,second
Qaghonrdjm26hem6zgs0iztfcQ,learn_relquest,1.0,"[6, 5]",6.0,2.594,0,1.0,222,second
Qaghonrdjm26hem6zgs0iztfcQ,learn_relquest,1.0,"[5, 3]",7.0,2.128,1,0.0,223,second
Qaghonrdjm26hem6zgs0iztfcQ,learn_relquest,1.0,"[3, 5]",8.0,1.519,1,0.0,224,second
Qaghonrdjm26hem6zgs0iztfcQ,learn_relquest,0.0,"[1, 5]",9.0,1.792,0,0.0,225,second
Qaghonrdjm26hem6zgs0iztfcQ,learn_relquest,0.0,"[0, 5]",10.0,4.132,1,1.0,226,second
Qaghonrdjm26hem6zgs0iztfcQ,learn_relquest,0.0,"[7, 4]",11.0,3.699,1,1.0,227,second
Qaghonrdjm26hem6zgs0iztfcQ,learn_relquest,1.0,"[0, 7]",12.0,2.535,1,0.0,228,second
Qaghonrdjm26hem6zgs0iztfcQ,learn_relquest,0.0,"[4, 0]",13.0,3.827,1,1.0,229,second
Qaghonrdjm26hem6zgs0iztfcQ,learn_relquest,1.0,"[1, 4]",14.0,1.367,0,1.0,230,second
Qaghonrdjm26hem6zgs0iztfcQ,learn_relquest,1.0,"[7, 6]",15.0,5.964,0,1.0,231,second
Qaghonrdjm26hem6zgs0iztfcQ,learn_relquest,0.0,"[0, 1]",16.0,2.68,0,0.0,232,second
Qaghonrdjm26hem6zgs0iztfcQ,learn_relquest,0.0,"[6, 1]",17.0,2.549,1,1.0,233,second
Qaghonrdjm26hem6zgs0iztfcQ,learn_relquest,1.0,"[6, 7]",18.0,8.211,1,0.0,234,second
Qaghonrdjm26hem6zgs0iztfcQ,learn_relquest,1.0,"[7, 0]",19.0,3.549,0,1.0,235,second
Qaghonrdjm26hem6zgs0iztfcQ,learn_relquest,1.0,"[4, 1]",20.0,1.605,0,1.0,236,second
Qaghonrdjm26hem6zgs0iztfcQ,learn_relquest,0.0,"[4, 7]",21.0,2.606,1,1.0,237,second
Qaghonrdjm26hem6zgs0iztfcQ,learn_relquest,1.0,"[6, 2]",22.0,2.415,0,1.0,238,second
Qaghonrdjm26hem6zgs0iztfcQ,learn_relquest,1.0,"[1, 7]",23.0,5.129,1,0.0,239,second
Qaghonrdjm26hem6zgs0iztfcQ,learn_relquest,1.0,"[2, 6]",24.0,1.597,0,1.0,240,second
Qaghonrdjm26hem6zgs0iztfcQ,learn_relquest,1.0,"[5, 6]",25.0,7.948,0,1.0,241,second
Qaghonrdjm26hem6zgs0iztfcQ,learn_relquest,0.0,"[6, 3]",26.0,2.591,1,1.0,242,second
Qaghonrdjm26hem6zgs0iztfcQ,learn_relquest,0.0,"[3, 6]",27.0,1.678,1,1.0,243,second
Qaghonrdjm26hem6zgs0iztfcQ,learn_relquest,0.0,"[7, 3]",0.0,4.065,1,1.0,329,third
Qaghonrdjm26hem6zgs0iztfcQ,learn_relquest,1.0,"[0, 7]",1.0,3.798,0,1.0,330,third
Qaghonrdjm26hem6zgs0iztfcQ,learn_relquest,0.0,"[0, 1]",2.0,1.983,0,0.0,331,third
Qaghonrdjm26hem6zgs0iztfcQ,learn_relquest,0.0,"[4, 0]",3.0,4.215,1,1.0,332,third
Qaghonrdjm26hem6zgs0iztfcQ,learn_relquest,0.0,"[0, 5]",4.0,5.736,1,1.0,333,third
Qaghonrdjm26hem6zgs0iztfcQ,learn_relquest,0.0,"[6, 1]",5.0,1.912,1,1.0,334,third
Qaghonrdjm26hem6zgs0iztfcQ,learn_relquest,1.0,"[7, 0]",6.0,2.862,0,1.0,335,third
Qaghonrdjm26hem6zgs0iztfcQ,learn_relquest,1.0,"[2, 6]",7.0,2.106,0,1.0,336,third
Qaghonrdjm26hem6zgs0iztfcQ,learn_relquest,0.0,"[5, 7]",8.0,2.794,1,1.0,337,third
Qaghonrdjm26hem6zgs0iztfcQ,learn_relquest,1.0,"[7, 1]",9.0,2.591,0,1.0,338,third
Qaghonrdjm26hem6zgs0iztfcQ,learn_relquest,1.0,"[7, 6]",10.0,4.185,1,0.0,339,third
Qaghonrdjm26hem6zgs0iztfcQ,learn_relquest,0.0,"[2, 4]",11.0,2.262,1,1.0,340,third
Qaghonrdjm26hem6zgs0iztfcQ,learn_relquest,1.0,"[5, 3]",12.0,3.382,1,0.0,341,third
Qaghonrdjm26hem6zgs0iztfcQ,learn_relquest,0.0,"[5, 0]",13.0,1.866,0,0.0,342,third
Qaghonrdjm26hem6zgs0iztfcQ,learn_relquest,0.0,"[4, 6]",14.0,2.736,1,1.0,343,third
Qaghonrdjm26hem6zgs0iztfcQ,learn_relquest,1.0,"[1, 7]",15.0,2.24,0,1.0,344,third
Qaghonrdjm26hem6zgs0iztfcQ,learn_relquest,1.0,"[6, 2]",16.0,1.738,0,1.0,345,third
Qaghonrdjm26hem6zgs0iztfcQ,learn_relquest,1.0,"[6, 5]",17.0,4.512,0,1.0,346,third
Qaghonrdjm26hem6zgs0iztfcQ,learn_relquest,0.0,"[2, 7]",18.0,2.767,1,1.0,347,third
Qaghonrdjm26hem6zgs0iztfcQ,learn_relquest,1.0,"[5, 6]",19.0,1.789,0,1.0,348,third
Qaghonrdjm26hem6zgs0iztfcQ,learn_relquest,1.0,"[6, 7]",20.0,1.519,1,0.0,349,third
Qaghonrdjm26hem6zgs0iztfcQ,learn_relquest,0.0,"[4, 2]",21.0,2.943,1,1.0,350,third
Qaghonrdjm26hem6zgs0iztfcQ,learn_relquest,1.0,"[3, 5]",22.0,3.722,1,0.0,351,third
Qaghonrdjm26hem6zgs0iztfcQ,learn_relquest,1.0,"[4, 1]",23.0,1.377,0,1.0,352,third
Qaghonrdjm26hem6zgs0iztfcQ,learn_relquest,0.0,"[3, 1]",24.0,4.305,1,1.0,353,third
Qaghonrdjm26hem6zgs0iztfcQ,learn_relquest,0.0,"[4, 3]",25.0,2.454,1,1.0,354,third
Qaghonrdjm26hem6zgs0iztfcQ,learn_relquest,1.0,"[1, 4]",26.0,1.291,0,1.0,355,third
Qaghonrdjm26hem6zgs0iztfcQ,learn_relquest,0.0,"[3, 2]",27.0,7.92,1,1.0,356,third
Qaghonrdjm26hem6zgs0iztfcQ,learn_relquest,0.0,"[7, 2]",0.0,4.147,1,1.0,442,fourth
Qaghonrdjm26hem6zgs0iztfcQ,learn_relquest,1.0,"[0, 7]",1.0,2.834,0,1.0,443,fourth
Qaghonrdjm26hem6zgs0iztfcQ,learn_relquest,0.0,"[2, 4]",2.0,4.431,1,1.0,444,fourth
Qaghonrdjm26hem6zgs0iztfcQ,learn_relquest,0.0,"[2, 0]",3.0,3.35,1,1.0,445,fourth
Qaghonrdjm26hem6zgs0iztfcQ,learn_relquest,1.0,"[7, 0]",4.0,2.427,0,1.0,446,fourth
Qaghonrdjm26hem6zgs0iztfcQ,learn_relquest,0.0,"[4, 6]",5.0,3.35,1,1.0,447,fourth
Qaghonrdjm26hem6zgs0iztfcQ,learn_relquest,1.0,"[1, 4]",6.0,1.36,0,1.0,448,fourth
Qaghonrdjm26hem6zgs0iztfcQ,learn_relquest,1.0,"[6, 7]",7.0,2.498,0,1.0,449,fourth
Qaghonrdjm26hem6zgs0iztfcQ,learn_relquest,1.0,"[6, 2]",8.0,6.733,1,0.0,450,fourth
Qaghonrdjm26hem6zgs0iztfcQ,learn_relquest,1.0,"[2, 6]",9.0,2.016,1,0.0,451,fourth
Qaghonrdjm26hem6zgs0iztfcQ,learn_relquest,1.0,"[5, 3]",10.0,7.41,1,0.0,452,fourth
Qaghonrdjm26hem6zgs0iztfcQ,learn_relquest,1.0,"[5, 6]",11.0,1.797,0,1.0,453,fourth
Qaghonrdjm26hem6zgs0iztfcQ,learn_relquest,0.0,"[2, 3]",12.0,6.051,1,1.0,454,fourth
Qaghonrdjm26hem6zgs0iztfcQ,learn_relquest,1.0,"[1, 7]",13.0,2.045,0,1.0,455,fourth
Qaghonrdjm26hem6zgs0iztfcQ,learn_relquest,0.0,"[0, 1]",14.0,1.64,0,0.0,456,fourth
Qaghonrdjm26hem6zgs0iztfcQ,learn_relquest,0.0,"[0, 2]",15.0,4.707,1,1.0,457,fourth
Qaghonrdjm26hem6zgs0iztfcQ,learn_relquest,1.0,"[3, 5]",16.0,4.032,1,0.0,458,fourth
Qaghonrdjm26hem6zgs0iztfcQ,learn_relquest,1.0,"[4, 1]",17.0,1.611,0,1.0,459,fourth
Qaghonrdjm26hem6zgs0iztfcQ,learn_relquest,0.0,"[3, 0]",18.0,4.195,1,1.0,460,fourth
Qaghonrdjm26hem6zgs0iztfcQ,learn_relquest,0.0,"[1, 5]",19.0,10.057,1,1.0,461,fourth
Qaghonrdjm26hem6zgs0iztfcQ,learn_relquest,0.0,"[5, 7]",20.0,2.839,1,1.0,462,fourth
Qaghonrdjm26hem6zgs0iztfcQ,learn_relquest,0.0,"[7, 3]",21.0,2.181,1,1.0,463,fourth
Qaghonrdjm26hem6zgs0iztfcQ,learn_relquest,0.0,"[0, 5]",22.0,5.031,1,1.0,464,fourth
Qaghonrdjm26hem6zgs0iztfcQ,learn_relquest,1.0,"[7, 1]",23.0,1.633,0,1.0,465,fourth
Qaghonrdjm26hem6zgs0iztfcQ,learn_relquest,0.0,"[0, 3]",24.0,5.348,1,1.0,466,fourth
Qaghonrdjm26hem6zgs0iztfcQ,learn_relquest,1.0,"[7, 6]",25.0,5.421,1,0.0,467,fourth
Qaghonrdjm26hem6zgs0iztfcQ,learn_relquest,1.0,"[6, 5]",26.0,2.209,0,1.0,468,fourth
Qaghonrdjm26hem6zgs0iztfcQ,learn_relquest,0.0,"[6, 3]",27.0,1.634,0,0.0,469,fourth
Qaghonrdjm26hem6zgs0iztfcQ,learn_relquest,1.0,"[7, 6]",0.0,6.354,1,0.0,555,fifth
Qaghonrdjm26hem6zgs0iztfcQ,learn_relquest,1.0,"[4, 1]",1.0,1.633,0,1.0,556,fifth
Qaghonrdjm26hem6zgs0iztfcQ,learn_relquest,1.0,"[6, 5]",2.0,3.205,0,1.0,557,fifth
Qaghonrdjm26hem6zgs0iztfcQ,learn_relquest,1.0,"[5, 6]",3.0,1.4,0,1.0,558,fifth
Qaghonrdjm26hem6zgs0iztfcQ,learn_relquest,0.0,"[6, 3]",4.0,2.399,0,0.0,559,fifth
Qaghonrdjm26hem6zgs0iztfcQ,learn_relquest,1.0,"[1, 7]",5.0,1.761,0,1.0,560,fifth
Qaghonrdjm26hem6zgs0iztfcQ,learn_relquest,1.0,"[7, 1]",6.0,1.466,0,1.0,561,fifth
Qaghonrdjm26hem6zgs0iztfcQ,learn_relquest,0.0,"[4, 2]",7.0,1.681,1,1.0,562,fifth
Qaghonrdjm26hem6zgs0iztfcQ,learn_relquest,1.0,"[5, 3]",8.0,4.157,1,0.0,563,fifth
Qaghonrdjm26hem6zgs0iztfcQ,learn_relquest,1.0,"[1, 4]",9.0,1.224,0,1.0,564,fifth
Qaghonrdjm26hem6zgs0iztfcQ,learn_relquest,1.0,"[2, 6]",10.0,6.856,0,1.0,565,fifth
Qaghonrdjm26hem6zgs0iztfcQ,learn_relquest,1.0,"[0, 7]",11.0,3.37,0,1.0,566,fifth
Qaghonrdjm26hem6zgs0iztfcQ,learn_relquest,0.0,"[1, 2]",12.0,3.541,1,1.0,567,fifth
Qaghonrdjm26hem6zgs0iztfcQ,learn_relquest,0.0,"[1, 6]",13.0,3.089,1,1.0,568,fifth
Qaghonrdjm26hem6zgs0iztfcQ,learn_relquest,1.0,"[6, 2]",14.0,2.232,0,1.0,569,fifth
Qaghonrdjm26hem6zgs0iztfcQ,learn_relquest,1.0,"[3, 5]",15.0,4.263,0,1.0,570,fifth
Qaghonrdjm26hem6zgs0iztfcQ,learn_relquest,0.0,"[1, 5]",16.0,2.715,1,1.0,571,fifth
Qaghonrdjm26hem6zgs0iztfcQ,learn_relquest,0.0,"[3, 0]",17.0,7.303,1,1.0,572,fifth
Qaghonrdjm26hem6zgs0iztfcQ,learn_relquest,0.0,"[5, 7]",18.0,3.93,1,1.0,573,fifth
Qaghonrdjm26hem6zgs0iztfcQ,learn_relquest,0.0,"[3, 7]",19.0,3.126,1,1.0,574,fifth
Qaghonrdjm26hem6zgs0iztfcQ,learn_relquest,0.0,"[2, 1]",20.0,3.665,1,1.0,575,fifth
Qaghonrdjm26hem6zgs0iztfcQ,learn_relquest,1.0,"[7, 0]",21.0,3.036,0,1.0,576,fifth
Qaghonrdjm26hem6zgs0iztfcQ,learn_relquest,0.0,"[4, 6]",22.0,3.159,1,1.0,577,fifth
Qaghonrdjm26hem6zgs0iztfcQ,learn_relquest,0.0,"[6, 4]",23.0,1.42,1,1.0,578,fifth
Qaghonrdjm26hem6zgs0iztfcQ,learn_relquest,0.0,"[4, 3]",24.0,2.27,1,1.0,579,fifth
Qaghonrdjm26hem6zgs0iztfcQ,learn_relquest,1.0,"[6, 7]",25.0,5.113,0,1.0,580,fifth
Qaghonrdjm26hem6zgs0iztfcQ,learn_relquest,0.0,"[0, 1]",26.0,2.916,0,0.0,581,fifth
Qaghonrdjm26hem6zgs0iztfcQ,learn_relquest,0.0,"[1, 3]",27.0,4.872,1,1.0,582,fifth
Qqqdb57ubrb5a1cjcyswxwo8dQ,learn_relquest,0.0,"[6, 1]",0.0,4.843,1,1.0,101,first
Qqqdb57ubrb5a1cjcyswxwo8dQ,learn_relquest,1.0,"[7, 0]",1.0,8.199,0,1.0,102,first
Qqqdb57ubrb5a1cjcyswxwo8dQ,learn_relquest,0.0,"[4, 0]",2.0,2.166,1,1.0,103,first
Qqqdb57ubrb5a1cjcyswxwo8dQ,learn_relquest,1.0,"[7, 1]",3.0,1.602,0,1.0,104,first
Qqqdb57ubrb5a1cjcyswxwo8dQ,learn_relquest,1.0,"[3, 5]",4.0,2.668,0,1.0,105,first
Qqqdb57ubrb5a1cjcyswxwo8dQ,learn_relquest,1.0,"[2, 6]",5.0,1.826,0,1.0,106,first
Qqqdb57ubrb5a1cjcyswxwo8dQ,learn_relquest,0.0,"[4, 5]",6.0,2.281,1,1.0,107,first
Qqqdb57ubrb5a1cjcyswxwo8dQ,learn_relquest,0.0,"[2, 1]",7.0,3.343,1,1.0,108,first
Qqqdb57ubrb5a1cjcyswxwo8dQ,learn_relquest,0.0,"[5, 4]",8.0,1.539,1,1.0,109,first
Qqqdb57ubrb5a1cjcyswxwo8dQ,learn_relquest,0.0,"[0, 3]",9.0,4.371,1,1.0,110,first
Qqqdb57ubrb5a1cjcyswxwo8dQ,learn_relquest,1.0,"[0, 7]",10.0,1.409,0,1.0,111,first
Qqqdb57ubrb5a1cjcyswxwo8dQ,learn_relquest,0.0,"[1, 2]",11.0,3.086,1,1.0,112,first
Qqqdb57ubrb5a1cjcyswxwo8dQ,learn_relquest,1.0,"[5, 6]",12.0,2.822,0,1.0,113,first
Qqqdb57ubrb5a1cjcyswxwo8dQ,learn_relquest,1.0,"[6, 2]",13.0,6.356,0,1.0,114,first
Qqqdb57ubrb5a1cjcyswxwo8dQ,learn_relquest,1.0,"[5, 3]",14.0,2.456,0,1.0,115,first
Qqqdb57ubrb5a1cjcyswxwo8dQ,learn_relquest,0.0,"[4, 3]",15.0,3.183,1,1.0,116,first
Qqqdb57ubrb5a1cjcyswxwo8dQ,learn_relquest,1.0,"[1, 7]",16.0,2.884,0,1.0,117,first
Qqqdb57ubrb5a1cjcyswxwo8dQ,learn_relquest,0.0,"[1, 0]",17.0,2.764,1,1.0,118,first
Qqqdb57ubrb5a1cjcyswxwo8dQ,learn_relquest,0.0,"[7, 4]",18.0,3.35,1,1.0,119,first
Qqqdb57ubrb5a1cjcyswxwo8dQ,learn_relquest,0.0,"[5, 0]",19.0,9.664,1,1.0,120,first
Qqqdb57ubrb5a1cjcyswxwo8dQ,learn_relquest,1.0,"[6, 5]",20.0,1.791,0,1.0,121,first
Qqqdb57ubrb5a1cjcyswxwo8dQ,learn_relquest,1.0,"[6, 7]",21.0,3.846,0,1.0,122,first
Qqqdb57ubrb5a1cjcyswxwo8dQ,learn_relquest,1.0,"[4, 1]",22.0,1.378,0,1.0,123,first
Qqqdb57ubrb5a1cjcyswxwo8dQ,learn_relquest,0.0,"[5, 1]",23.0,20.026,1,1.0,124,first
Qqqdb57ubrb5a1cjcyswxwo8dQ,learn_relquest,0.0,"[7, 3]",24.0,1.473,0,0.0,125,first
Qqqdb57ubrb5a1cjcyswxwo8dQ,learn_relquest,1.0,"[7, 6]",25.0,1.49,0,1.0,126,first
Qqqdb57ubrb5a1cjcyswxwo8dQ,learn_relquest,0.0,"[0, 6]",26.0,2.932,0,0.0,127,first
Qqqdb57ubrb5a1cjcyswxwo8dQ,learn_relquest,1.0,"[1, 4]",27.0,1.495,0,1.0,128,first
Qqqdb57ubrb5a1cjcyswxwo8dQ,learn_relquest,1.0,"[5, 6]",0.0,10.356,0,1.0,216,second
Qqqdb57ubrb5a1cjcyswxwo8dQ,learn_relquest,1.0,"[4, 1]",1.0,19.976,0,1.0,217,second
Qqqdb57ubrb5a1cjcyswxwo8dQ,learn_relquest,0.0,"[4, 0]",2.0,3.322,1,1.0,218,second
Qqqdb57ubrb5a1cjcyswxwo8dQ,learn_relquest,1.0,"[0, 7]",3.0,1.502,0,1.0,219,second
Qqqdb57ubrb5a1cjcyswxwo8dQ,learn_relquest,0.0,"[2, 7]",4.0,2.945,1,1.0,220,second
Qqqdb57ubrb5a1cjcyswxwo8dQ,learn_relquest,0.0,"[4, 3]",5.0,2.02,1,1.0,221,second
Qqqdb57ubrb5a1cjcyswxwo8dQ,learn_relquest,1.0,"[2, 6]",6.0,1.913,0,1.0,222,second
Qqqdb57ubrb5a1cjcyswxwo8dQ,learn_relquest,1.0,"[7, 6]",7.0,1.39,0,1.0,223,second
Qqqdb57ubrb5a1cjcyswxwo8dQ,learn_relquest,1.0,"[3, 5]",8.0,1.598,0,1.0,224,second
Qqqdb57ubrb5a1cjcyswxwo8dQ,learn_relquest,0.0,"[0, 1]",9.0,1.688,1,1.0,225,second
Qqqdb57ubrb5a1cjcyswxwo8dQ,learn_relquest,0.0,"[2, 1]",10.0,2.23,1,1.0,226,second
Qqqdb57ubrb5a1cjcyswxwo8dQ,learn_relquest,0.0,"[1, 3]",11.0,1.976,1,1.0,227,second
Qqqdb57ubrb5a1cjcyswxwo8dQ,learn_relquest,0.0,"[7, 3]",12.0,4.707,1,1.0,228,second
Qqqdb57ubrb5a1cjcyswxwo8dQ,learn_relquest,0.0,"[3, 7]",13.0,1.94,1,1.0,229,second
Qqqdb57ubrb5a1cjcyswxwo8dQ,learn_relquest,0.0,"[1, 0]",14.0,1.203,1,1.0,230,second
Qqqdb57ubrb5a1cjcyswxwo8dQ,learn_relquest,0.0,"[5, 4]",15.0,2.078,1,1.0,231,second
Qqqdb57ubrb5a1cjcyswxwo8dQ,learn_relquest,1.0,"[7, 0]",16.0,3.456,0,1.0,232,second
Qqqdb57ubrb5a1cjcyswxwo8dQ,learn_relquest,0.0,"[0, 3]",17.0,2.101,1,1.0,233,second
Qqqdb57ubrb5a1cjcyswxwo8dQ,learn_relquest,0.0,"[2, 3]",18.0,8.315,0,0.0,234,second
Qqqdb57ubrb5a1cjcyswxwo8dQ,learn_relquest,1.0,"[6, 5]",19.0,1.947,0,1.0,235,second
Qqqdb57ubrb5a1cjcyswxwo8dQ,learn_relquest,1.0,"[5, 3]",20.0,1.906,0,1.0,236,second
Qqqdb57ubrb5a1cjcyswxwo8dQ,learn_relquest,1.0,"[1, 7]",21.0,2.44,0,1.0,237,second
Qqqdb57ubrb5a1cjcyswxwo8dQ,learn_relquest,1.0,"[7, 1]",22.0,2.813,0,1.0,238,second
Qqqdb57ubrb5a1cjcyswxwo8dQ,learn_relquest,1.0,"[1, 4]",23.0,2.161,0,1.0,239,second
Qqqdb57ubrb5a1cjcyswxwo8dQ,learn_relquest,1.0,"[6, 7]",24.0,1.495,0,1.0,240,second
Qqqdb57ubrb5a1cjcyswxwo8dQ,learn_relquest,0.0,"[0, 6]",25.0,4.699,1,1.0,241,second
Qqqdb57ubrb5a1cjcyswxwo8dQ,learn_relquest,0.0,"[5, 0]",26.0,3.038,1,1.0,242,second
Qqqdb57ubrb5a1cjcyswxwo8dQ,learn_relquest,1.0,"[6, 2]",27.0,2.15,0,1.0,243,second
Qqqdb57ubrb5a1cjcyswxwo8dQ,learn_relquest,0.0,"[0, 4]",0.0,3.585,1,1.0,329,third
Qqqdb57ubrb5a1cjcyswxwo8dQ,learn_relquest,1.0,"[7, 6]",1.0,7.586,0,1.0,330,third
Qqqdb57ubrb5a1cjcyswxwo8dQ,learn_relquest,0.0,"[5, 4]",2.0,1.837,1,1.0,331,third
Qqqdb57ubrb5a1cjcyswxwo8dQ,learn_relquest,1.0,"[6, 2]",3.0,1.422,0,1.0,332,third
Qqqdb57ubrb5a1cjcyswxwo8dQ,learn_relquest,1.0,"[7, 1]",4.0,1.293,0,1.0,333,third
Qqqdb57ubrb5a1cjcyswxwo8dQ,learn_relquest,1.0,"[5, 6]",5.0,1.792,0,1.0,334,third
Qqqdb57ubrb5a1cjcyswxwo8dQ,learn_relquest,0.0,"[6, 3]",6.0,2.453,1,1.0,335,third
Qqqdb57ubrb5a1cjcyswxwo8dQ,learn_relquest,1.0,"[7, 0]",7.0,1.816,0,1.0,336,third
Qqqdb57ubrb5a1cjcyswxwo8dQ,learn_relquest,1.0,"[4, 1]",8.0,1.269,0,1.0,337,third
Qqqdb57ubrb5a1cjcyswxwo8dQ,learn_relquest,0.0,"[1, 0]",9.0,1.453,1,1.0,338,third
Qqqdb57ubrb5a1cjcyswxwo8dQ,learn_relquest,0.0,"[3, 0]",10.0,1.865,1,1.0,339,third
Qqqdb57ubrb5a1cjcyswxwo8dQ,learn_relquest,1.0,"[5, 3]",11.0,2.042,0,1.0,340,third
Qqqdb57ubrb5a1cjcyswxwo8dQ,learn_relquest,1.0,"[1, 4]",12.0,1.583,0,1.0,341,third
Qqqdb57ubrb5a1cjcyswxwo8dQ,learn_relquest,0.0,"[3, 6]",13.0,9.172,1,1.0,342,third
Qqqdb57ubrb5a1cjcyswxwo8dQ,learn_relquest,1.0,"[3, 5]",14.0,1.727,0,1.0,343,third
Qqqdb57ubrb5a1cjcyswxwo8dQ,learn_relquest,0.0,"[6, 4]",15.0,6.805,1,1.0,344,third
Qqqdb57ubrb5a1cjcyswxwo8dQ,learn_relquest,1.0,"[6, 5]",16.0,1.791,0,1.0,345,third
Qqqdb57ubrb5a1cjcyswxwo8dQ,learn_relquest,0.0,"[7, 2]",17.0,7.127,1,1.0,346,third
Qqqdb57ubrb5a1cjcyswxwo8dQ,learn_relquest,0.0,"[6, 0]",18.0,2.556,1,1.0,347,third
Qqqdb57ubrb5a1cjcyswxwo8dQ,learn_relquest,0.0,"[2, 0]",19.0,2.098,1,1.0,348,third
Qqqdb57ubrb5a1cjcyswxwo8dQ,learn_relquest,1.0,"[6, 7]",20.0,3.366,0,1.0,349,third
Qqqdb57ubrb5a1cjcyswxwo8dQ,learn_relquest,1.0,"[2, 6]",21.0,4.004,0,1.0,350,third
Qqqdb57ubrb5a1cjcyswxwo8dQ,learn_relquest,1.0,"[0, 7]",22.0,1.292,0,1.0,351,third
Qqqdb57ubrb5a1cjcyswxwo8dQ,learn_relquest,0.0,"[5, 2]",23.0,2.26,1,1.0,352,third
Qqqdb57ubrb5a1cjcyswxwo8dQ,learn_relquest,0.0,"[7, 4]",24.0,1.295,1,1.0,353,third
Qqqdb57ubrb5a1cjcyswxwo8dQ,learn_relquest,0.0,"[3, 7]",25.0,1.716,1,1.0,354,third
Qqqdb57ubrb5a1cjcyswxwo8dQ,learn_relquest,1.0,"[1, 7]",26.0,1.28,0,1.0,355,third
Qqqdb57ubrb5a1cjcyswxwo8dQ,learn_relquest,0.0,"[0, 5]",27.0,1.5,1,1.0,356,third
Qqqdb57ubrb5a1cjcyswxwo8dQ,learn_relquest,0.0,"[3, 7]",0.0,4.345,1,1.0,442,fourth
Qqqdb57ubrb5a1cjcyswxwo8dQ,learn_relquest,1.0,"[6, 2]",1.0,1.787,0,1.0,443,fourth
Qqqdb57ubrb5a1cjcyswxwo8dQ,learn_relquest,0.0,"[2, 3]",2.0,1.468,1,1.0,444,fourth
Qqqdb57ubrb5a1cjcyswxwo8dQ,learn_relquest,1.0,"[0, 7]",3.0,1.329,0,1.0,445,fourth
Qqqdb57ubrb5a1cjcyswxwo8dQ,learn_relquest,1.0,"[7, 1]",4.0,1.475,0,1.0,446,fourth
Qqqdb57ubrb5a1cjcyswxwo8dQ,learn_relquest,1.0,"[2, 6]",5.0,1.198,0,1.0,447,fourth
Qqqdb57ubrb5a1cjcyswxwo8dQ,learn_relquest,0.0,"[7, 5]",6.0,1.308,1,1.0,448,fourth
Qqqdb57ubrb5a1cjcyswxwo8dQ,learn_relquest,0.0,"[5, 1]",7.0,1.684,1,1.0,449,fourth
Qqqdb57ubrb5a1cjcyswxwo8dQ,learn_relquest,0.0,"[7, 4]",8.0,1.166,1,1.0,450,fourth
Qqqdb57ubrb5a1cjcyswxwo8dQ,learn_relquest,0.0,"[4, 0]",9.0,2.723,1,1.0,451,fourth
Qqqdb57ubrb5a1cjcyswxwo8dQ,learn_relquest,1.0,"[7, 0]",10.0,1.228,0,1.0,452,fourth
Qqqdb57ubrb5a1cjcyswxwo8dQ,learn_relquest,0.0,"[1, 6]",11.0,3.603,1,1.0,453,fourth
Qqqdb57ubrb5a1cjcyswxwo8dQ,learn_relquest,0.0,"[2, 0]",12.0,1.316,1,1.0,454,fourth
Qqqdb57ubrb5a1cjcyswxwo8dQ,learn_relquest,0.0,"[7, 3]",13.0,2.314,1,1.0,455,fourth
Qqqdb57ubrb5a1cjcyswxwo8dQ,learn_relquest,0.0,"[7, 2]",14.0,2.42,1,1.0,456,fourth
Qqqdb57ubrb5a1cjcyswxwo8dQ,learn_relquest,1.0,"[5, 3]",15.0,1.562,0,1.0,457,fourth
Qqqdb57ubrb5a1cjcyswxwo8dQ,learn_relquest,0.0,"[0, 2]",16.0,1.372,1,1.0,458,fourth
Qqqdb57ubrb5a1cjcyswxwo8dQ,learn_relquest,0.0,"[1, 3]",17.0,1.522,1,1.0,459,fourth
Qqqdb57ubrb5a1cjcyswxwo8dQ,learn_relquest,1.0,"[1, 4]",18.0,1.173,0,1.0,460,fourth
Qqqdb57ubrb5a1cjcyswxwo8dQ,learn_relquest,1.0,"[6, 5]",19.0,1.964,0,1.0,461,fourth
Qqqdb57ubrb5a1cjcyswxwo8dQ,learn_relquest,0.0,"[5, 4]",20.0,1.502,1,1.0,462,fourth
Qqqdb57ubrb5a1cjcyswxwo8dQ,learn_relquest,1.0,"[6, 7]",21.0,1.958,0,1.0,463,fourth
Qqqdb57ubrb5a1cjcyswxwo8dQ,learn_relquest,0.0,"[2, 4]",22.0,1.354,1,1.0,464,fourth
Qqqdb57ubrb5a1cjcyswxwo8dQ,learn_relquest,1.0,"[1, 7]",23.0,1.512,0,1.0,465,fourth
Qqqdb57ubrb5a1cjcyswxwo8dQ,learn_relquest,1.0,"[7, 6]",24.0,2.259,0,1.0,466,fourth
Qqqdb57ubrb5a1cjcyswxwo8dQ,learn_relquest,1.0,"[4, 1]",25.0,1.18,0,1.0,467,fourth
Qqqdb57ubrb5a1cjcyswxwo8dQ,learn_relquest,1.0,"[5, 6]",26.0,4.591,0,1.0,468,fourth
Qqqdb57ubrb5a1cjcyswxwo8dQ,learn_relquest,1.0,"[3, 5]",27.0,1.089,0,1.0,469,fourth
Qqqdb57ubrb5a1cjcyswxwo8dQ,learn_relquest,1.0,"[6, 2]",0.0,4.916,0,1.0,555,fifth
Qqqdb57ubrb5a1cjcyswxwo8dQ,learn_relquest,1.0,"[6, 7]",1.0,1.718,0,1.0,556,fifth
Qqqdb57ubrb5a1cjcyswxwo8dQ,learn_relquest,0.0,"[3, 6]",2.0,1.169,1,1.0,557,fifth
Qqqdb57ubrb5a1cjcyswxwo8dQ,learn_relquest,0.0,"[7, 4]",3.0,1.092,1,1.0,558,fifth
Qqqdb57ubrb5a1cjcyswxwo8dQ,learn_relquest,0.0,"[6, 1]",4.0,1.918,1,1.0,559,fifth
Qqqdb57ubrb5a1cjcyswxwo8dQ,learn_relquest,1.0,"[1, 4]",5.0,1.045,0,1.0,560,fifth
Qqqdb57ubrb5a1cjcyswxwo8dQ,learn_relquest,0.0,"[3, 0]",6.0,1.506,1,1.0,561,fifth
Qqqdb57ubrb5a1cjcyswxwo8dQ,learn_relquest,1.0,"[6, 5]",7.0,1.474,0,1.0,562,fifth
Qqqdb57ubrb5a1cjcyswxwo8dQ,learn_relquest,1.0,"[5, 3]",8.0,1.121,0,1.0,563,fifth
Qqqdb57ubrb5a1cjcyswxwo8dQ,learn_relquest,0.0,"[3, 2]",9.0,1.601,1,1.0,564,fifth
Qqqdb57ubrb5a1cjcyswxwo8dQ,learn_relquest,1.0,"[7, 6]",10.0,3.182,0,1.0,565,fifth
Qqqdb57ubrb5a1cjcyswxwo8dQ,learn_relquest,1.0,"[7, 0]",11.0,1.194,0,1.0,566,fifth
Qqqdb57ubrb5a1cjcyswxwo8dQ,learn_relquest,1.0,"[7, 1]",12.0,0.756,0,1.0,567,fifth
Qqqdb57ubrb5a1cjcyswxwo8dQ,learn_relquest,1.0,"[5, 6]",13.0,1.936,0,1.0,568,fifth
Qqqdb57ubrb5a1cjcyswxwo8dQ,learn_relquest,0.0,"[3, 4]",14.0,1.25,1,1.0,569,fifth
Qqqdb57ubrb5a1cjcyswxwo8dQ,learn_relquest,1.0,"[3, 5]",15.0,2.459,0,1.0,570,fifth
Qqqdb57ubrb5a1cjcyswxwo8dQ,learn_relquest,1.0,"[1, 7]",16.0,1.006,0,1.0,571,fifth
Qqqdb57ubrb5a1cjcyswxwo8dQ,learn_relquest,0.0,"[1, 5]",17.0,1.643,1,1.0,572,fifth
Qqqdb57ubrb5a1cjcyswxwo8dQ,learn_relquest,1.0,"[0, 7]",18.0,1.302,0,1.0,573,fifth
Qqqdb57ubrb5a1cjcyswxwo8dQ,learn_relquest,0.0,"[7, 5]",19.0,1.294,0,0.0,574,fifth
Qqqdb57ubrb5a1cjcyswxwo8dQ,learn_relquest,0.0,"[0, 4]",20.0,3.359,1,1.0,575,fifth
Qqqdb57ubrb5a1cjcyswxwo8dQ,learn_relquest,0.0,"[4, 0]",21.0,1.239,1,1.0,576,fifth
Qqqdb57ubrb5a1cjcyswxwo8dQ,learn_relquest,0.0,"[7, 3]",22.0,3.065,1,1.0,577,fifth
Qqqdb57ubrb5a1cjcyswxwo8dQ,learn_relquest,0.0,"[4, 6]",23.0,3.246,1,1.0,578,fifth
Qqqdb57ubrb5a1cjcyswxwo8dQ,learn_relquest,1.0,"[2, 6]",24.0,2.153,0,1.0,579,fifth
Qqqdb57ubrb5a1cjcyswxwo8dQ,learn_relquest,0.0,"[7, 2]",25.0,4.515,1,1.0,580,fifth
Qqqdb57ubrb5a1cjcyswxwo8dQ,learn_relquest,1.0,"[4, 1]",26.0,1.398,0,1.0,581,fifth
Qqqdb57ubrb5a1cjcyswxwo8dQ,learn_relquest,0.0,"[1, 6]",27.0,2.852,1,1.0,582,fifth
Qs9u9i32ww1j4k18vuzriicg7Q,learn_relquest,1.0,"[1, 4]",0.0,7.279,1,0.0,73,first
Qs9u9i32ww1j4k18vuzriicg7Q,learn_relquest,1.0,"[6, 5]",1.0,1.331,0,1.0,74,first
Qs9u9i32ww1j4k18vuzriicg7Q,learn_relquest,0.0,"[5, 4]",2.0,2.608,1,1.0,75,first
Qs9u9i32ww1j4k18vuzriicg7Q,learn_relquest,1.0,"[3, 5]",3.0,2.616,0,1.0,76,first
Qs9u9i32ww1j4k18vuzriicg7Q,learn_relquest,1.0,"[2, 6]",4.0,3.743,1,0.0,77,first
Qs9u9i32ww1j4k18vuzriicg7Q,learn_relquest,1.0,"[6, 7]",5.0,1.166,0,1.0,78,first
Qs9u9i32ww1j4k18vuzriicg7Q,learn_relquest,0.0,"[4, 5]",6.0,1.788,1,1.0,79,first
Qs9u9i32ww1j4k18vuzriicg7Q,learn_relquest,0.0,"[2, 3]",7.0,1.071,0,0.0,80,first
Qs9u9i32ww1j4k18vuzriicg7Q,learn_relquest,1.0,"[7, 6]",8.0,1.415,0,1.0,81,first
Qs9u9i32ww1j4k18vuzriicg7Q,learn_relquest,0.0,"[3, 1]",9.0,2.962,0,0.0,82,first
Qs9u9i32ww1j4k18vuzriicg7Q,learn_relquest,0.0,"[6, 0]",10.0,2.684,0,0.0,83,first
Qs9u9i32ww1j4k18vuzriicg7Q,learn_relquest,1.0,"[4, 1]",11.0,1.439,1,0.0,84,first
Qs9u9i32ww1j4k18vuzriicg7Q,learn_relquest,0.0,"[6, 3]",12.0,1.16,0,0.0,85,first
Qs9u9i32ww1j4k18vuzriicg7Q,learn_relquest,1.0,"[1, 7]",13.0,1.229,0,1.0,86,first
Qs9u9i32ww1j4k18vuzriicg7Q,learn_relquest,0.0,"[2, 4]",0.0,3.432,1,1.0,146,second
Qs9u9i32ww1j4k18vuzriicg7Q,learn_relquest,0.0,"[0, 2]",1.0,6.013,0,0.0,147,second
Qs9u9i32ww1j4k18vuzriicg7Q,learn_relquest,0.0,"[4, 0]",2.0,2.924,0,0.0,148,second
Qs9u9i32ww1j4k18vuzriicg7Q,learn_relquest,0.0,"[7, 5]",3.0,3.223,1,1.0,149,second
Qs9u9i32ww1j4k18vuzriicg7Q,learn_relquest,1.0,"[4, 1]",4.0,1.554,0,1.0,150,second
Qs9u9i32ww1j4k18vuzriicg7Q,learn_relquest,0.0,"[4, 3]",5.0,2.146,0,0.0,151,second
Qs9u9i32ww1j4k18vuzriicg7Q,learn_relquest,1.0,"[0, 7]",6.0,2.461,1,0.0,152,second
Qs9u9i32ww1j4k18vuzriicg7Q,learn_relquest,1.0,"[1, 4]",7.0,2.662,0,1.0,153,second
Qs9u9i32ww1j4k18vuzriicg7Q,learn_relquest,0.0,"[5, 1]",8.0,1.577,1,1.0,154,second
Qs9u9i32ww1j4k18vuzriicg7Q,learn_relquest,1.0,"[6, 7]",9.0,1.014,0,1.0,155,second
Qs9u9i32ww1j4k18vuzriicg7Q,learn_relquest,0.0,"[6, 0]",10.0,1.264,0,0.0,156,second
Qs9u9i32ww1j4k18vuzriicg7Q,learn_relquest,0.0,"[0, 4]",11.0,4.332,0,0.0,157,second
Qs9u9i32ww1j4k18vuzriicg7Q,learn_relquest,0.0,"[7, 2]",12.0,3.732,1,1.0,158,second
Qs9u9i32ww1j4k18vuzriicg7Q,learn_relquest,0.0,"[4, 5]",13.0,1.997,1,1.0,159,second
Qs9u9i32ww1j4k18vuzriicg7Q,learn_relquest,1.0,"[7, 1]",0.0,3.188,0,1.0,217,third
Qs9u9i32ww1j4k18vuzriicg7Q,learn_relquest,0.0,"[0, 3]",1.0,1.968,1,1.0,218,third
Qs9u9i32ww1j4k18vuzriicg7Q,learn_relquest,1.0,"[1, 4]",2.0,1.274,0,1.0,219,third
Qs9u9i32ww1j4k18vuzriicg7Q,learn_relquest,1.0,"[5, 3]",3.0,1.447,0,1.0,220,third
Qs9u9i32ww1j4k18vuzriicg7Q,learn_relquest,0.0,"[2, 4]",4.0,2.096,1,1.0,221,third
Qs9u9i32ww1j4k18vuzriicg7Q,learn_relquest,1.0,"[3, 5]",5.0,1.159,0,1.0,222,third
Qs9u9i32ww1j4k18vuzriicg7Q,learn_relquest,0.0,"[3, 4]",6.0,1.83,1,1.0,223,third
Qs9u9i32ww1j4k18vuzriicg7Q,learn_relquest,1.0,"[4, 1]",7.0,1.201,0,1.0,224,third
Qs9u9i32ww1j4k18vuzriicg7Q,learn_relquest,1.0,"[6, 2]",8.0,1.036,0,1.0,225,third
Qs9u9i32ww1j4k18vuzriicg7Q,learn_relquest,0.0,"[0, 4]",9.0,3.012,1,1.0,226,third
Qs9u9i32ww1j4k18vuzriicg7Q,learn_relquest,0.0,"[3, 6]",10.0,2.566,1,1.0,227,third
Qs9u9i32ww1j4k18vuzriicg7Q,learn_relquest,1.0,"[6, 7]",11.0,0.905,0,1.0,228,third
Qs9u9i32ww1j4k18vuzriicg7Q,learn_relquest,0.0,"[4, 3]",12.0,1.523,1,1.0,229,third
Qs9u9i32ww1j4k18vuzriicg7Q,learn_relquest,0.0,"[4, 0]",13.0,1.205,0,0.0,230,third
Qs9u9i32ww1j4k18vuzriicg7Q,learn_relquest,1.0,"[6, 7]",0.0,1.793,0,1.0,288,fourth
Qs9u9i32ww1j4k18vuzriicg7Q,learn_relquest,1.0,"[0, 7]",1.0,1.367,0,1.0,289,fourth
Qs9u9i32ww1j4k18vuzriicg7Q,learn_relquest,0.0,"[2, 5]",2.0,1.844,1,1.0,290,fourth
Qs9u9i32ww1j4k18vuzriicg7Q,learn_relquest,0.0,"[7, 5]",3.0,1.4,0,0.0,291,fourth
Qs9u9i32ww1j4k18vuzriicg7Q,learn_relquest,1.0,"[7, 1]",4.0,1.372,0,1.0,292,fourth
Qs9u9i32ww1j4k18vuzriicg7Q,learn_relquest,0.0,"[6, 1]",5.0,1.325,0,0.0,293,fourth
Qs9u9i32ww1j4k18vuzriicg7Q,learn_relquest,1.0,"[5, 6]",6.0,1.181,0,1.0,294,fourth
Qs9u9i32ww1j4k18vuzriicg7Q,learn_relquest,1.0,"[1, 4]",7.0,2.418,0,1.0,295,fourth
Qs9u9i32ww1j4k18vuzriicg7Q,learn_relquest,1.0,"[5, 3]",8.0,0.961,0,1.0,296,fourth
Qs9u9i32ww1j4k18vuzriicg7Q,learn_relquest,1.0,"[7, 0]",9.0,1.426,0,1.0,297,fourth
Qs9u9i32ww1j4k18vuzriicg7Q,learn_relquest,0.0,"[7, 2]",10.0,1.995,1,1.0,298,fourth
Qs9u9i32ww1j4k18vuzriicg7Q,learn_relquest,0.0,"[2, 3]",11.0,1.607,1,1.0,299,fourth
Qs9u9i32ww1j4k18vuzriicg7Q,learn_relquest,1.0,"[3, 5]",12.0,1.044,0,1.0,300,fourth
Qs9u9i32ww1j4k18vuzriicg7Q,learn_relquest,1.0,"[1, 7]",13.0,0.8,0,1.0,301,fourth
Qq8p9jrr430l497ac5zdj6qjeQ,learn_relquest,0.0,"[7, 3]",0.0,4.59,1,1.0,101,first
Qq8p9jrr430l497ac5zdj6qjeQ,learn_relquest,1.0,"[2, 6]",1.0,1.517,0,1.0,102,first
Qq8p9jrr430l497ac5zdj6qjeQ,learn_relquest,0.0,"[3, 4]",2.0,1.275,0,0.0,103,first
Qq8p9jrr430l497ac5zdj6qjeQ,learn_relquest,1.0,"[7, 6]",3.0,1.302,0,1.0,104,first
Qq8p9jrr430l497ac5zdj6qjeQ,learn_relquest,0.0,"[7, 4]",4.0,1.085,1,1.0,105,first
Qq8p9jrr430l497ac5zdj6qjeQ,learn_relquest,1.0,"[4, 1]",5.0,1.185,1,0.0,106,first
Qq8p9jrr430l497ac5zdj6qjeQ,learn_relquest,1.0,"[6, 7]",6.0,1.091,1,0.0,107,first
Qq8p9jrr430l497ac5zdj6qjeQ,learn_relquest,0.0,"[4, 2]",7.0,1.514,1,1.0,108,first
Qq8p9jrr430l497ac5zdj6qjeQ,learn_relquest,0.0,"[0, 1]",8.0,1.493,0,0.0,109,first
Qq8p9jrr430l497ac5zdj6qjeQ,learn_relquest,1.0,"[5, 6]",9.0,2.344,0,1.0,110,first
Qq8p9jrr430l497ac5zdj6qjeQ,learn_relquest,0.0,"[1, 5]",10.0,1.234,1,1.0,111,first
Qq8p9jrr430l497ac5zdj6qjeQ,learn_relquest,0.0,"[0, 6]",11.0,1.078,1,1.0,112,first
Qq8p9jrr430l497ac5zdj6qjeQ,learn_relquest,1.0,"[6, 2]",12.0,1.087,0,1.0,113,first
Qq8p9jrr430l497ac5zdj6qjeQ,learn_relquest,1.0,"[1, 7]",13.0,0.99,1,0.0,114,first
Qq8p9jrr430l497ac5zdj6qjeQ,learn_relquest,0.0,"[5, 7]",14.0,1.963,1,1.0,115,first
Qq8p9jrr430l497ac5zdj6qjeQ,learn_relquest,0.0,"[3, 7]",15.0,6.245,0,0.0,116,first
Qq8p9jrr430l497ac5zdj6qjeQ,learn_relquest,1.0,"[7, 0]",16.0,1.404,1,0.0,117,first
Qq8p9jrr430l497ac5zdj6qjeQ,learn_relquest,1.0,"[3, 5]",17.0,1.168,1,0.0,118,first
Qq8p9jrr430l497ac5zdj6qjeQ,learn_relquest,0.0,"[1, 6]",18.0,1.047,0,0.0,119,first
Qq8p9jrr430l497ac5zdj6qjeQ,learn_relquest,1.0,"[0, 7]",19.0,2.245,1,0.0,120,first
Qq8p9jrr430l497ac5zdj6qjeQ,learn_relquest,0.0,"[5, 4]",20.0,0.936,1,1.0,121,first
Qq8p9jrr430l497ac5zdj6qjeQ,learn_relquest,0.0,"[4, 6]",21.0,0.939,0,0.0,122,first
Qq8p9jrr430l497ac5zdj6qjeQ,learn_relquest,1.0,"[1, 4]",22.0,3.361,0,1.0,123,first
Qq8p9jrr430l497ac5zdj6qjeQ,learn_relquest,1.0,"[7, 1]",23.0,2.581,1,0.0,124,first
Qq8p9jrr430l497ac5zdj6qjeQ,learn_relquest,1.0,"[6, 5]",24.0,5.593,0,1.0,125,first
Qq8p9jrr430l497ac5zdj6qjeQ,learn_relquest,1.0,"[5, 3]",25.0,1.961,1,0.0,126,first
Qq8p9jrr430l497ac5zdj6qjeQ,learn_relquest,0.0,"[3, 0]",26.0,1.178,1,1.0,127,first
Qq8p9jrr430l497ac5zdj6qjeQ,learn_relquest,0.0,"[1, 0]",27.0,1.226,0,0.0,128,first
Qq8p9jrr430l497ac5zdj6qjeQ,learn_relquest,1.0,"[6, 7]",0.0,2.961,1,0.0,217,second
Qq8p9jrr430l497ac5zdj6qjeQ,learn_relquest,0.0,"[1, 5]",1.0,1.698,0,0.0,218,second
Qq8p9jrr430l497ac5zdj6qjeQ,learn_relquest,0.0,"[2, 4]",2.0,1.776,0,0.0,219,second
Qq8p9jrr430l497ac5zdj6qjeQ,learn_relquest,1.0,"[5, 3]",3.0,2.282,1,0.0,220,second
Qq8p9jrr430l497ac5zdj6qjeQ,learn_relquest,0.0,"[4, 0]",4.0,1.092,1,1.0,221,second
Qq8p9jrr430l497ac5zdj6qjeQ,learn_relquest,0.0,"[5, 2]",5.0,2.321,0,0.0,222,second
Qq8p9jrr430l497ac5zdj6qjeQ,learn_relquest,1.0,"[7, 0]",6.0,2.521,0,1.0,223,second
Qq8p9jrr430l497ac5zdj6qjeQ,learn_relquest,1.0,"[6, 2]",7.0,1.356,0,1.0,224,second
Qq8p9jrr430l497ac5zdj6qjeQ,learn_relquest,0.0,"[3, 2]",8.0,0.909,1,1.0,225,second
Qq8p9jrr430l497ac5zdj6qjeQ,learn_relquest,1.0,"[1, 7]",9.0,1.889,0,1.0,226,second
Qq8p9jrr430l497ac5zdj6qjeQ,learn_relquest,0.0,"[4, 7]",10.0,1.256,1,1.0,227,second
Qq8p9jrr430l497ac5zdj6qjeQ,learn_relquest,1.0,"[6, 5]",11.0,1.133,0,1.0,228,second
Qq8p9jrr430l497ac5zdj6qjeQ,learn_relquest,0.0,"[7, 3]",12.0,1.68,1,1.0,229,second
Qq8p9jrr430l497ac5zdj6qjeQ,learn_relquest,0.0,"[0, 1]",13.0,1.286,0,0.0,230,second
Qq8p9jrr430l497ac5zdj6qjeQ,learn_relquest,1.0,"[7, 6]",14.0,1.23,0,1.0,231,second
Qq8p9jrr430l497ac5zdj6qjeQ,learn_relquest,1.0,"[2, 6]",15.0,0.917,0,1.0,232,second
Qq8p9jrr430l497ac5zdj6qjeQ,learn_relquest,1.0,"[5, 6]",16.0,0.926,0,1.0,233,second
Qq8p9jrr430l497ac5zdj6qjeQ,learn_relquest,0.0,"[5, 1]",17.0,0.864,1,1.0,234,second
Qq8p9jrr430l497ac5zdj6qjeQ,learn_relquest,0.0,"[0, 6]",18.0,1.251,1,1.0,235,second
Qq8p9jrr430l497ac5zdj6qjeQ,learn_relquest,0.0,"[5, 0]",19.0,1.376,0,0.0,236,second
Qq8p9jrr430l497ac5zdj6qjeQ,learn_relquest,1.0,"[4, 1]",20.0,1.212,1,0.0,237,second
Qq8p9jrr430l497ac5zdj6qjeQ,learn_relquest,0.0,"[5, 7]",21.0,1.845,1,1.0,238,second
Qq8p9jrr430l497ac5zdj6qjeQ,learn_relquest,1.0,"[0, 7]",22.0,1.737,1,0.0,239,second
Qq8p9jrr430l497ac5zdj6qjeQ,learn_relquest,0.0,"[3, 4]",23.0,1.238,1,1.0,240,second
Qq8p9jrr430l497ac5zdj6qjeQ,learn_relquest,0.0,"[7, 5]",24.0,1.122,1,1.0,241,second
Qq8p9jrr430l497ac5zdj6qjeQ,learn_relquest,1.0,"[3, 5]",25.0,0.717,0,1.0,242,second
Qq8p9jrr430l497ac5zdj6qjeQ,learn_relquest,1.0,"[1, 4]",26.0,1.425,0,1.0,243,second
Qq8p9jrr430l497ac5zdj6qjeQ,learn_relquest,1.0,"[7, 1]",27.0,0.705,1,0.0,244,second
Qq8p9jrr430l497ac5zdj6qjeQ,learn_relquest,0.0,"[4, 0]",0.0,2.271,1,1.0,331,third
Qq8p9jrr430l497ac5zdj6qjeQ,learn_relquest,1.0,"[5, 3]",1.0,3.513,1,0.0,332,third
Qq8p9jrr430l497ac5zdj6qjeQ,learn_relquest,1.0,"[3, 5]",2.0,0.898,1,0.0,333,third
Qq8p9jrr430l497ac5zdj6qjeQ,learn_relquest,0.0,"[3, 1]",3.0,2.632,1,1.0,334,third
Qq8p9jrr430l497ac5zdj6qjeQ,learn_relquest,1.0,"[4, 1]",4.0,1.473,0,1.0,335,third
Qq8p9jrr430l497ac5zdj6qjeQ,learn_relquest,0.0,"[6, 0]",5.0,1.517,0,0.0,336,third
Qq8p9jrr430l497ac5zdj6qjeQ,learn_relquest,0.0,"[2, 0]",6.0,0.695,0,0.0,337,third
Qq8p9jrr430l497ac5zdj6qjeQ,learn_relquest,1.0,"[6, 5]",7.0,0.777,0,1.0,338,third
Qq8p9jrr430l497ac5zdj6qjeQ,learn_relquest,1.0,"[1, 4]",8.0,2.05,0,1.0,339,third
Qq8p9jrr430l497ac5zdj6qjeQ,learn_relquest,1.0,"[2, 6]",9.0,1.175,0,1.0,340,third
Qq8p9jrr430l497ac5zdj6qjeQ,learn_relquest,0.0,"[3, 0]",10.0,0.984,0,0.0,341,third
Qq8p9jrr430l497ac5zdj6qjeQ,learn_relquest,1.0,"[7, 1]",11.0,1.104,1,0.0,342,third
Qq8p9jrr430l497ac5zdj6qjeQ,learn_relquest,0.0,"[3, 6]",12.0,1.159,0,0.0,343,third
Qq8p9jrr430l497ac5zdj6qjeQ,learn_relquest,1.0,"[0, 7]",13.0,1.511,1,0.0,344,third
Qq8p9jrr430l497ac5zdj6qjeQ,learn_relquest,0.0,"[0, 2]",14.0,1.005,0,0.0,345,third
Qq8p9jrr430l497ac5zdj6qjeQ,learn_relquest,1.0,"[1, 7]",15.0,1.267,0,1.0,346,third
Qq8p9jrr430l497ac5zdj6qjeQ,learn_relquest,1.0,"[7, 6]",16.0,1.153,0,1.0,347,third
Qq8p9jrr430l497ac5zdj6qjeQ,learn_relquest,1.0,"[7, 0]",17.0,2.308,0,1.0,348,third
Qq8p9jrr430l497ac5zdj6qjeQ,learn_relquest,1.0,"[6, 7]",18.0,1.168,1,0.0,349,third
Qq8p9jrr430l497ac5zdj6qjeQ,learn_relquest,0.0,"[0, 3]",19.0,1.715,0,0.0,350,third
Qq8p9jrr430l497ac5zdj6qjeQ,learn_relquest,0.0,"[7, 5]",20.0,1.25,0,0.0,351,third
Qq8p9jrr430l497ac5zdj6qjeQ,learn_relquest,1.0,"[6, 2]",21.0,1.248,0,1.0,352,third
Qq8p9jrr430l497ac5zdj6qjeQ,learn_relquest,0.0,"[6, 3]",22.0,1.197,1,1.0,353,third
Qq8p9jrr430l497ac5zdj6qjeQ,learn_relquest,0.0,"[7, 3]",23.0,1.304,1,1.0,354,third
Qq8p9jrr430l497ac5zdj6qjeQ,learn_relquest,0.0,"[0, 4]",24.0,1.657,1,1.0,355,third
Qq8p9jrr430l497ac5zdj6qjeQ,learn_relquest,0.0,"[5, 4]",25.0,1.425,0,0.0,356,third
Qq8p9jrr430l497ac5zdj6qjeQ,learn_relquest,1.0,"[5, 6]",26.0,2.036,0,1.0,357,third
Qq8p9jrr430l497ac5zdj6qjeQ,learn_relquest,0.0,"[6, 1]",27.0,1.761,0,0.0,358,third
Qq8p9jrr430l497ac5zdj6qjeQ,learn_relquest,1.0,"[1, 4]",0.0,2.671,0,1.0,445,fourth
Qq8p9jrr430l497ac5zdj6qjeQ,learn_relquest,0.0,"[4, 2]",1.0,1.886,1,1.0,446,fourth
Qq8p9jrr430l497ac5zdj6qjeQ,learn_relquest,1.0,"[1, 7]",2.0,1.026,0,1.0,447,fourth
Qq8p9jrr430l497ac5zdj6qjeQ,learn_relquest,1.0,"[6, 2]",3.0,1.243,0,1.0,448,fourth
Qq8p9jrr430l497ac5zdj6qjeQ,learn_relquest,0.0,"[7, 3]",4.0,1.318,0,0.0,449,fourth
Qq8p9jrr430l497ac5zdj6qjeQ,learn_relquest,0.0,"[0, 3]",5.0,1.215,1,1.0,450,fourth
Qq8p9jrr430l497ac5zdj6qjeQ,learn_relquest,0.0,"[7, 2]",6.0,1.497,1,1.0,451,fourth
Qq8p9jrr430l497ac5zdj6qjeQ,learn_relquest,0.0,"[1, 5]",7.0,1.646,0,0.0,452,fourth
Qq8p9jrr430l497ac5zdj6qjeQ,learn_relquest,1.0,"[7, 0]",8.0,1.004,0,1.0,453,fourth
Qq8p9jrr430l497ac5zdj6qjeQ,learn_relquest,0.0,"[3, 6]",9.0,1.137,1,1.0,454,fourth
Qq8p9jrr430l497ac5zdj6qjeQ,learn_relquest,0.0,"[2, 4]",10.0,1.418,0,0.0,455,fourth
Qq8p9jrr430l497ac5zdj6qjeQ,learn_relquest,0.0,"[3, 4]",11.0,2.662,0,0.0,456,fourth
Qq8p9jrr430l497ac5zdj6qjeQ,learn_relquest,1.0,"[0, 7]",12.0,1.105,0,1.0,457,fourth
Qq8p9jrr430l497ac5zdj6qjeQ,learn_relquest,0.0,"[4, 0]",13.0,1.009,1,1.0,458,fourth
Qq8p9jrr430l497ac5zdj6qjeQ,learn_relquest,1.0,"[3, 5]",14.0,1.928,1,0.0,459,fourth
Qq8p9jrr430l497ac5zdj6qjeQ,learn_relquest,1.0,"[7, 6]",15.0,1.654,0,1.0,460,fourth
Qq8p9jrr430l497ac5zdj6qjeQ,learn_relquest,1.0,"[5, 6]",16.0,0.948,0,1.0,461,fourth
Qq8p9jrr430l497ac5zdj6qjeQ,learn_relquest,1.0,"[5, 3]",17.0,1.349,1,0.0,462,fourth
Qq8p9jrr430l497ac5zdj6qjeQ,learn_relquest,0.0,"[5, 0]",18.0,1.462,0,0.0,463,fourth
Qq8p9jrr430l497ac5zdj6qjeQ,learn_relquest,0.0,"[3, 7]",19.0,2.24,0,0.0,464,fourth
Qq8p9jrr430l497ac5zdj6qjeQ,learn_relquest,1.0,"[6, 5]",20.0,3.693,1,0.0,465,fourth
Qq8p9jrr430l497ac5zdj6qjeQ,learn_relquest,1.0,"[6, 7]",21.0,4.275,0,1.0,466,fourth
Qq8p9jrr430l497ac5zdj6qjeQ,learn_relquest,0.0,"[1, 0]",22.0,3.391,0,0.0,467,fourth
Qq8p9jrr430l497ac5zdj6qjeQ,learn_relquest,0.0,"[2, 3]",23.0,0.954,0,0.0,468,fourth
Qq8p9jrr430l497ac5zdj6qjeQ,learn_relquest,1.0,"[4, 1]",24.0,1.297,0,1.0,469,fourth
Qq8p9jrr430l497ac5zdj6qjeQ,learn_relquest,0.0,"[0, 4]",25.0,1.379,1,1.0,470,fourth
Qq8p9jrr430l497ac5zdj6qjeQ,learn_relquest,1.0,"[7, 1]",26.0,0.886,0,1.0,471,fourth
Qq8p9jrr430l497ac5zdj6qjeQ,learn_relquest,1.0,"[2, 6]",27.0,1.345,0,1.0,472,fourth
Qq8p9jrr430l497ac5zdj6qjeQ,learn_relquest,1.0,"[0, 7]",0.0,4.745,0,1.0,559,fifth
Qq8p9jrr430l497ac5zdj6qjeQ,learn_relquest,1.0,"[5, 3]",1.0,1.358,0,1.0,560,fifth
Qq8p9jrr430l497ac5zdj6qjeQ,learn_relquest,0.0,"[7, 2]",2.0,1.419,1,1.0,561,fifth
Qq8p9jrr430l497ac5zdj6qjeQ,learn_relquest,1.0,"[6, 5]",3.0,1.689,0,1.0,562,fifth
Qq8p9jrr430l497ac5zdj6qjeQ,learn_relquest,0.0,"[6, 0]",4.0,1.797,1,1.0,563,fifth
Qq8p9jrr430l497ac5zdj6qjeQ,learn_relquest,0.0,"[5, 4]",5.0,3.151,1,1.0,564,fifth
Qq8p9jrr430l497ac5zdj6qjeQ,learn_relquest,1.0,"[2, 6]",6.0,1.149,0,1.0,565,fifth
Qq8p9jrr430l497ac5zdj6qjeQ,learn_relquest,1.0,"[6, 7]",7.0,1.593,1,0.0,566,fifth
Qq8p9jrr430l497ac5zdj6qjeQ,learn_relquest,0.0,"[6, 1]",8.0,2.746,1,1.0,567,fifth
Qq8p9jrr430l497ac5zdj6qjeQ,learn_relquest,0.0,"[0, 5]",9.0,1.526,0,0.0,568,fifth
Qq8p9jrr430l497ac5zdj6qjeQ,learn_relquest,1.0,"[3, 5]",10.0,2.004,0,1.0,569,fifth
Qq8p9jrr430l497ac5zdj6qjeQ,learn_relquest,1.0,"[1, 7]",11.0,1.576,0,1.0,570,fifth
Qq8p9jrr430l497ac5zdj6qjeQ,learn_relquest,0.0,"[0, 6]",12.0,1.522,1,1.0,571,fifth
Qq8p9jrr430l497ac5zdj6qjeQ,learn_relquest,0.0,"[3, 2]",13.0,1.164,0,0.0,572,fifth
Qq8p9jrr430l497ac5zdj6qjeQ,learn_relquest,1.0,"[4, 1]",14.0,0.964,1,0.0,573,fifth
Qq8p9jrr430l497ac5zdj6qjeQ,learn_relquest,0.0,"[3, 7]",15.0,1.164,1,1.0,574,fifth
Qq8p9jrr430l497ac5zdj6qjeQ,learn_relquest,0.0,"[7, 3]",16.0,1.385,0,0.0,575,fifth
Qq8p9jrr430l497ac5zdj6qjeQ,learn_relquest,1.0,"[6, 2]",17.0,1.114,0,1.0,576,fifth
Qq8p9jrr430l497ac5zdj6qjeQ,learn_relquest,1.0,"[5, 6]",18.0,0.843,0,1.0,577,fifth
Qq8p9jrr430l497ac5zdj6qjeQ,learn_relquest,1.0,"[7, 1]",19.0,1.096,1,0.0,578,fifth
Qq8p9jrr430l497ac5zdj6qjeQ,learn_relquest,0.0,"[0, 3]",20.0,1.459,0,0.0,579,fifth
Qq8p9jrr430l497ac5zdj6qjeQ,learn_relquest,1.0,"[7, 0]",21.0,0.875,0,1.0,580,fifth
Qq8p9jrr430l497ac5zdj6qjeQ,learn_relquest,0.0,"[5, 1]",22.0,2.643,1,1.0,581,fifth
Qq8p9jrr430l497ac5zdj6qjeQ,learn_relquest,1.0,"[7, 6]",23.0,2.387,1,0.0,582,fifth
Qq8p9jrr430l497ac5zdj6qjeQ,learn_relquest,0.0,"[2, 3]",24.0,1.296,0,0.0,583,fifth
Qq8p9jrr430l497ac5zdj6qjeQ,learn_relquest,0.0,"[7, 5]",25.0,2.15,1,1.0,584,fifth
Qq8p9jrr430l497ac5zdj6qjeQ,learn_relquest,1.0,"[1, 4]",26.0,1.565,0,1.0,585,fifth
Qq8p9jrr430l497ac5zdj6qjeQ,learn_relquest,0.0,"[4, 2]",27.0,4.115,0,0.0,586,fifth
Qog3gba4r2sgqgowky5ja0ptzQ,learn_relquest,0.0,"[5, 0]",0.0,2.722,1,1.0,101,first
Qog3gba4r2sgqgowky5ja0ptzQ,learn_relquest,0.0,"[1, 3]",1.0,1.63,0,0.0,102,first
Qog3gba4r2sgqgowky5ja0ptzQ,learn_relquest,1.0,"[7, 0]",2.0,1.19,0,1.0,103,first
Qog3gba4r2sgqgowky5ja0ptzQ,learn_relquest,0.0,"[0, 4]",3.0,1.349,1,1.0,104,first
Qog3gba4r2sgqgowky5ja0ptzQ,learn_relquest,0.0,"[1, 5]",4.0,2.061,1,1.0,105,first
Qog3gba4r2sgqgowky5ja0ptzQ,learn_relquest,1.0,"[5, 3]",5.0,1.395,0,1.0,106,first
Qog3gba4r2sgqgowky5ja0ptzQ,learn_relquest,0.0,"[3, 2]",6.0,2.44,1,1.0,107,first
Qog3gba4r2sgqgowky5ja0ptzQ,learn_relquest,1.0,"[6, 5]",7.0,1.134,0,1.0,108,first
Qog3gba4r2sgqgowky5ja0ptzQ,learn_relquest,0.0,"[6, 4]",8.0,2.16,1,1.0,109,first
Qog3gba4r2sgqgowky5ja0ptzQ,learn_relquest,0.0,"[7, 5]",9.0,2.936,1,1.0,110,first
Qog3gba4r2sgqgowky5ja0ptzQ,learn_relquest,1.0,"[4, 1]",10.0,1.782,1,0.0,111,first
Qog3gba4r2sgqgowky5ja0ptzQ,learn_relquest,1.0,"[5, 6]",11.0,0.993,0,1.0,112,first
Qog3gba4r2sgqgowky5ja0ptzQ,learn_relquest,0.0,"[0, 1]",12.0,1.308,1,1.0,113,first
Qog3gba4r2sgqgowky5ja0ptzQ,learn_relquest,1.0,"[1, 7]",13.0,2.199,0,1.0,114,first
Qog3gba4r2sgqgowky5ja0ptzQ,learn_relquest,0.0,"[1, 2]",14.0,1.492,1,1.0,115,first
Qog3gba4r2sgqgowky5ja0ptzQ,learn_relquest,1.0,"[2, 6]",15.0,1.599,0,1.0,116,first
Qog3gba4r2sgqgowky5ja0ptzQ,learn_relquest,1.0,"[6, 2]",16.0,0.741,0,1.0,117,first
Qog3gba4r2sgqgowky5ja0ptzQ,learn_relquest,1.0,"[7, 6]",17.0,2.288,0,1.0,118,first
Qog3gba4r2sgqgowky5ja0ptzQ,learn_relquest,0.0,"[5, 7]",18.0,2.726,1,1.0,119,first
Qog3gba4r2sgqgowky5ja0ptzQ,learn_relquest,0.0,"[4, 5]",19.0,2.657,0,0.0,120,first
Qog3gba4r2sgqgowky5ja0ptzQ,learn_relquest,1.0,"[1, 4]",20.0,1.847,1,0.0,121,first
Qog3gba4r2sgqgowky5ja0ptzQ,learn_relquest,0.0,"[4, 2]",21.0,2.643,1,1.0,122,first
Qog3gba4r2sgqgowky5ja0ptzQ,learn_relquest,0.0,"[2, 1]",22.0,0.925,1,1.0,123,first
Qog3gba4r2sgqgowky5ja0ptzQ,learn_relquest,1.0,"[0, 7]",23.0,1.472,0,1.0,124,first
Qog3gba4r2sgqgowky5ja0ptzQ,learn_relquest,1.0,"[7, 1]",24.0,5.992,1,0.0,125,first
Qog3gba4r2sgqgowky5ja0ptzQ,learn_relquest,1.0,"[3, 5]",25.0,1.291,0,1.0,126,first
Qog3gba4r2sgqgowky5ja0ptzQ,learn_relquest,1.0,"[6, 7]",26.0,1.275,0,1.0,127,first
Qog3gba4r2sgqgowky5ja0ptzQ,learn_relquest,0.0,"[2, 7]",27.0,1.672,0,0.0,128,first
Qog3gba4r2sgqgowky5ja0ptzQ,learn_relquest,1.0,"[6, 7]",0.0,2.954,0,1.0,216,second
Qog3gba4r2sgqgowky5ja0ptzQ,learn_relquest,1.0,"[5, 6]",1.0,1.704,0,1.0,217,second
Qog3gba4r2sgqgowky5ja0ptzQ,learn_relquest,0.0,"[3, 7]",2.0,1.744,1,1.0,218,second
Qog3gba4r2sgqgowky5ja0ptzQ,learn_relquest,1.0,"[2, 6]",3.0,1.292,0,1.0,219,second
Qog3gba4r2sgqgowky5ja0ptzQ,learn_relquest,1.0,"[3, 5]",4.0,1.098,0,1.0,220,second
Qog3gba4r2sgqgowky5ja0ptzQ,learn_relquest,0.0,"[2, 1]",5.0,1.351,1,1.0,221,second
Qog3gba4r2sgqgowky5ja0ptzQ,learn_relquest,0.0,"[5, 0]",6.0,1.217,1,1.0,222,second
Qog3gba4r2sgqgowky5ja0ptzQ,learn_relquest,0.0,"[1, 5]",7.0,3.692,1,1.0,223,second
Qog3gba4r2sgqgowky5ja0ptzQ,learn_relquest,0.0,"[0, 6]",8.0,1.707,1,1.0,224,second
Qog3gba4r2sgqgowky5ja0ptzQ,learn_relquest,0.0,"[2, 4]",9.0,1.951,1,1.0,225,second
Qog3gba4r2sgqgowky5ja0ptzQ,learn_relquest,1.0,"[6, 5]",10.0,1.46,0,1.0,226,second
Qog3gba4r2sgqgowky5ja0ptzQ,learn_relquest,0.0,"[4, 6]",11.0,1.769,1,1.0,227,second
Qog3gba4r2sgqgowky5ja0ptzQ,learn_relquest,1.0,"[7, 1]",12.0,1.35,0,1.0,228,second
Qog3gba4r2sgqgowky5ja0ptzQ,learn_relquest,0.0,"[0, 5]",13.0,1.198,1,1.0,229,second
Qog3gba4r2sgqgowky5ja0ptzQ,learn_relquest,1.0,"[0, 7]",14.0,1.271,0,1.0,230,second
Qog3gba4r2sgqgowky5ja0ptzQ,learn_relquest,1.0,"[1, 4]",15.0,2.879,1,0.0,231,second
Qog3gba4r2sgqgowky5ja0ptzQ,learn_relquest,0.0,"[0, 2]",16.0,1.16,1,1.0,232,second
Qog3gba4r2sgqgowky5ja0ptzQ,learn_relquest,1.0,"[7, 0]",17.0,2.079,0,1.0,233,second
Qog3gba4r2sgqgowky5ja0ptzQ,learn_relquest,1.0,"[1, 7]",18.0,1.217,0,1.0,234,second
Qog3gba4r2sgqgowky5ja0ptzQ,learn_relquest,0.0,"[7, 5]",19.0,1.699,1,1.0,235,second
Qog3gba4r2sgqgowky5ja0ptzQ,learn_relquest,0.0,"[4, 3]",20.0,1.255,1,1.0,236,second
Qog3gba4r2sgqgowky5ja0ptzQ,learn_relquest,1.0,"[4, 1]",21.0,1.713,0,1.0,237,second
Qog3gba4r2sgqgowky5ja0ptzQ,learn_relquest,1.0,"[5, 3]",22.0,2.44,0,1.0,238,second
Qog3gba4r2sgqgowky5ja0ptzQ,learn_relquest,0.0,"[3, 4]",23.0,1.31,1,1.0,239,second
Qog3gba4r2sgqgowky5ja0ptzQ,learn_relquest,1.0,"[7, 6]",24.0,2.125,0,1.0,240,second
Qog3gba4r2sgqgowky5ja0ptzQ,learn_relquest,0.0,"[4, 7]",25.0,2.608,1,1.0,241,second
Qog3gba4r2sgqgowky5ja0ptzQ,learn_relquest,1.0,"[6, 2]",26.0,2.458,0,1.0,242,second
Qog3gba4r2sgqgowky5ja0ptzQ,learn_relquest,0.0,"[0, 4]",27.0,1.529,1,1.0,243,second
Qog3gba4r2sgqgowky5ja0ptzQ,learn_relquest,0.0,"[3, 6]",0.0,2.245,1,1.0,329,third
Qog3gba4r2sgqgowky5ja0ptzQ,learn_relquest,0.0,"[1, 3]",1.0,1.366,0,0.0,330,third
Qog3gba4r2sgqgowky5ja0ptzQ,learn_relquest,1.0,"[6, 5]",2.0,1.253,0,1.0,331,third
Qog3gba4r2sgqgowky5ja0ptzQ,learn_relquest,0.0,"[4, 3]",3.0,1.265,1,1.0,332,third
Qog3gba4r2sgqgowky5ja0ptzQ,learn_relquest,1.0,"[6, 7]",4.0,1.249,0,1.0,333,third
Qog3gba4r2sgqgowky5ja0ptzQ,learn_relquest,0.0,"[6, 1]",5.0,3.953,1,1.0,334,third
Qog3gba4r2sgqgowky5ja0ptzQ,learn_relquest,0.0,"[4, 5]",6.0,2.888,1,1.0,335,third
Qog3gba4r2sgqgowky5ja0ptzQ,learn_relquest,0.0,"[0, 2]",7.0,1.573,1,1.0,336,third
Qog3gba4r2sgqgowky5ja0ptzQ,learn_relquest,1.0,"[7, 1]",8.0,1.306,0,1.0,337,third
Qog3gba4r2sgqgowky5ja0ptzQ,learn_relquest,0.0,"[2, 3]",9.0,2.135,1,1.0,338,third
Qog3gba4r2sgqgowky5ja0ptzQ,learn_relquest,1.0,"[3, 5]",10.0,1.223,0,1.0,339,third
Qog3gba4r2sgqgowky5ja0ptzQ,learn_relquest,0.0,"[0, 6]",11.0,1.766,1,1.0,340,third
Qog3gba4r2sgqgowky5ja0ptzQ,learn_relquest,0.0,"[3, 0]",12.0,4.441,1,1.0,341,third
Qog3gba4r2sgqgowky5ja0ptzQ,learn_relquest,1.0,"[6, 2]",13.0,1.49,0,1.0,342,third
Qog3gba4r2sgqgowky5ja0ptzQ,learn_relquest,1.0,"[5, 3]",14.0,0.94,0,1.0,343,third
Qog3gba4r2sgqgowky5ja0ptzQ,learn_relquest,0.0,"[6, 4]",15.0,1.767,1,1.0,344,third
Qog3gba4r2sgqgowky5ja0ptzQ,learn_relquest,1.0,"[1, 4]",16.0,1.99,0,1.0,345,third
Qog3gba4r2sgqgowky5ja0ptzQ,learn_relquest,0.0,"[7, 2]",17.0,3.04,1,1.0,346,third
Qog3gba4r2sgqgowky5ja0ptzQ,learn_relquest,1.0,"[2, 6]",18.0,1.908,0,1.0,347,third
Qog3gba4r2sgqgowky5ja0ptzQ,learn_relquest,1.0,"[7, 0]",19.0,1.137,0,1.0,348,third
Qog3gba4r2sgqgowky5ja0ptzQ,learn_relquest,1.0,"[0, 7]",20.0,1.107,0,1.0,349,third
Qog3gba4r2sgqgowky5ja0ptzQ,learn_relquest,1.0,"[4, 1]",21.0,2.621,0,1.0,350,third
Qog3gba4r2sgqgowky5ja0ptzQ,learn_relquest,1.0,"[7, 6]",22.0,3.538,0,1.0,351,third
Qog3gba4r2sgqgowky5ja0ptzQ,learn_relquest,1.0,"[1, 7]",23.0,2.489,0,1.0,352,third
Qog3gba4r2sgqgowky5ja0ptzQ,learn_relquest,1.0,"[5, 6]",24.0,29.267,0,1.0,353,third
Qog3gba4r2sgqgowky5ja0ptzQ,learn_relquest,0.0,"[1, 2]",25.0,4.964,1,1.0,354,third
Qog3gba4r2sgqgowky5ja0ptzQ,learn_relquest,0.0,"[4, 0]",26.0,2.337,1,1.0,355,third
Qog3gba4r2sgqgowky5ja0ptzQ,learn_relquest,0.0,"[0, 4]",27.0,1.007,1,1.0,356,third
Qog3gba4r2sgqgowky5ja0ptzQ,learn_relquest,1.0,"[6, 2]",0.0,2.847,1,0.0,442,fourth
Qog3gba4r2sgqgowky5ja0ptzQ,learn_relquest,0.0,"[0, 2]",1.0,2.191,1,1.0,443,fourth
Qog3gba4r2sgqgowky5ja0ptzQ,learn_relquest,1.0,"[7, 6]",2.0,1.374,0,1.0,444,fourth
Qog3gba4r2sgqgowky5ja0ptzQ,learn_relquest,1.0,"[6, 7]",3.0,0.819,0,1.0,445,fourth
Qog3gba4r2sgqgowky5ja0ptzQ,learn_relquest,0.0,"[1, 3]",4.0,4.472,1,1.0,446,fourth
Qog3gba4r2sgqgowky5ja0ptzQ,learn_relquest,1.0,"[6, 5]",5.0,2.336,0,1.0,447,fourth
Qog3gba4r2sgqgowky5ja0ptzQ,learn_relquest,0.0,"[5, 7]",6.0,6.11,1,1.0,448,fourth
Qog3gba4r2sgqgowky5ja0ptzQ,learn_relquest,1.0,"[1, 4]",7.0,2.139,0,1.0,449,fourth
Qog3gba4r2sgqgowky5ja0ptzQ,learn_relquest,1.0,"[7, 1]",8.0,1.455,0,1.0,450,fourth
Qog3gba4r2sgqgowky5ja0ptzQ,learn_relquest,1.0,"[2, 6]",9.0,1.258,0,1.0,451,fourth
Qog3gba4r2sgqgowky5ja0ptzQ,learn_relquest,0.0,"[5, 2]",10.0,2.071,1,1.0,452,fourth
Qog3gba4r2sgqgowky5ja0ptzQ,learn_relquest,1.0,"[5, 6]",11.0,2.019,0,1.0,453,fourth
Qog3gba4r2sgqgowky5ja0ptzQ,learn_relquest,0.0,"[5, 4]",12.0,1.843,1,1.0,454,fourth
Qog3gba4r2sgqgowky5ja0ptzQ,learn_relquest,0.0,"[7, 3]",13.0,2.517,1,1.0,455,fourth
Qog3gba4r2sgqgowky5ja0ptzQ,learn_relquest,1.0,"[0, 7]",14.0,1.371,0,1.0,456,fourth
Qog3gba4r2sgqgowky5ja0ptzQ,learn_relquest,0.0,"[6, 0]",15.0,1.407,1,1.0,457,fourth
Qog3gba4r2sgqgowky5ja0ptzQ,learn_relquest,0.0,"[6, 4]",16.0,2.448,1,1.0,458,fourth
Qog3gba4r2sgqgowky5ja0ptzQ,learn_relquest,1.0,"[4, 1]",17.0,2.21,0,1.0,459,fourth
Qog3gba4r2sgqgowky5ja0ptzQ,learn_relquest,0.0,"[4, 5]",18.0,2.573,1,1.0,460,fourth
Qog3gba4r2sgqgowky5ja0ptzQ,learn_relquest,1.0,"[5, 3]",19.0,1.186,0,1.0,461,fourth
Qog3gba4r2sgqgowky5ja0ptzQ,learn_relquest,0.0,"[3, 2]",20.0,2.566,1,1.0,462,fourth
Qog3gba4r2sgqgowky5ja0ptzQ,learn_relquest,1.0,"[7, 0]",21.0,1.184,0,1.0,463,fourth
Qog3gba4r2sgqgowky5ja0ptzQ,learn_relquest,0.0,"[2, 7]",22.0,4.952,1,1.0,464,fourth
Qog3gba4r2sgqgowky5ja0ptzQ,learn_relquest,0.0,"[6, 3]",23.0,6.341,1,1.0,465,fourth
Qog3gba4r2sgqgowky5ja0ptzQ,learn_relquest,1.0,"[3, 5]",24.0,1.564,0,1.0,466,fourth
Qog3gba4r2sgqgowky5ja0ptzQ,learn_relquest,1.0,"[1, 7]",25.0,1.854,0,1.0,467,fourth
Qog3gba4r2sgqgowky5ja0ptzQ,learn_relquest,0.0,"[5, 1]",26.0,4.396,1,1.0,468,fourth
Qog3gba4r2sgqgowky5ja0ptzQ,learn_relquest,0.0,"[1, 5]",27.0,1.037,1,1.0,469,fourth
Qog3gba4r2sgqgowky5ja0ptzQ,learn_relquest,0.0,"[1, 6]",0.0,2.629,1,1.0,555,fifth
Qog3gba4r2sgqgowky5ja0ptzQ,learn_relquest,0.0,"[7, 2]",1.0,1.302,1,1.0,556,fifth
Qog3gba4r2sgqgowky5ja0ptzQ,learn_relquest,1.0,"[6, 7]",2.0,1.315,0,1.0,557,fifth
Qog3gba4r2sgqgowky5ja0ptzQ,learn_relquest,0.0,"[1, 5]",3.0,4.172,1,1.0,558,fifth
Qog3gba4r2sgqgowky5ja0ptzQ,learn_relquest,0.0,"[6, 1]",4.0,2.205,1,1.0,559,fifth
Qog3gba4r2sgqgowky5ja0ptzQ,learn_relquest,1.0,"[5, 3]",5.0,1.239,0,1.0,560,fifth
Qog3gba4r2sgqgowky5ja0ptzQ,learn_relquest,0.0,"[6, 4]",6.0,1.666,1,1.0,561,fifth
Qog3gba4r2sgqgowky5ja0ptzQ,learn_relquest,0.0,"[0, 4]",7.0,1.138,1,1.0,562,fifth
Qog3gba4r2sgqgowky5ja0ptzQ,learn_relquest,1.0,"[1, 7]",8.0,1.352,0,1.0,563,fifth
Qog3gba4r2sgqgowky5ja0ptzQ,learn_relquest,1.0,"[7, 0]",9.0,1.192,0,1.0,564,fifth
Qog3gba4r2sgqgowky5ja0ptzQ,learn_relquest,0.0,"[3, 0]",10.0,1.402,1,1.0,565,fifth
Qog3gba4r2sgqgowky5ja0ptzQ,learn_relquest,1.0,"[0, 7]",11.0,1.824,0,1.0,566,fifth
Qog3gba4r2sgqgowky5ja0ptzQ,learn_relquest,0.0,"[0, 1]",12.0,1.377,1,1.0,567,fifth
Qog3gba4r2sgqgowky5ja0ptzQ,learn_relquest,1.0,"[6, 2]",13.0,1.458,0,1.0,568,fifth
Qog3gba4r2sgqgowky5ja0ptzQ,learn_relquest,1.0,"[7, 1]",14.0,1.073,0,1.0,569,fifth
Qog3gba4r2sgqgowky5ja0ptzQ,learn_relquest,0.0,"[5, 7]",15.0,1.07,1,1.0,570,fifth
Qog3gba4r2sgqgowky5ja0ptzQ,learn_relquest,0.0,"[2, 7]",16.0,1.344,1,1.0,571,fifth
Qog3gba4r2sgqgowky5ja0ptzQ,learn_relquest,0.0,"[4, 3]",17.0,1.127,1,1.0,572,fifth
Qog3gba4r2sgqgowky5ja0ptzQ,learn_relquest,1.0,"[1, 4]",18.0,1.55,0,1.0,573,fifth
Qog3gba4r2sgqgowky5ja0ptzQ,learn_relquest,1.0,"[6, 5]",19.0,1.318,0,1.0,574,fifth
Qog3gba4r2sgqgowky5ja0ptzQ,learn_relquest,1.0,"[3, 5]",20.0,1.055,0,1.0,575,fifth
Qog3gba4r2sgqgowky5ja0ptzQ,learn_relquest,1.0,"[4, 1]",21.0,4.101,0,1.0,576,fifth
Qog3gba4r2sgqgowky5ja0ptzQ,learn_relquest,0.0,"[3, 6]",22.0,2.367,1,1.0,577,fifth
Qog3gba4r2sgqgowky5ja0ptzQ,learn_relquest,1.0,"[7, 6]",23.0,1.345,0,1.0,578,fifth
Qog3gba4r2sgqgowky5ja0ptzQ,learn_relquest,1.0,"[5, 6]",24.0,1.017,0,1.0,579,fifth
Qog3gba4r2sgqgowky5ja0ptzQ,learn_relquest,0.0,"[5, 0]",25.0,1.028,1,1.0,580,fifth
Qog3gba4r2sgqgowky5ja0ptzQ,learn_relquest,1.0,"[2, 6]",26.0,1.124,0,1.0,581,fifth
Qog3gba4r2sgqgowky5ja0ptzQ,learn_relquest,0.0,"[1, 3]",27.0,1.806,1,1.0,582,fifth
Q8hawdaz510oac2zrhkt543r7Q,learn_relquest,0.0,"[1, 2]",0.0,4.468,1,1.0,101,first
Q8hawdaz510oac2zrhkt543r7Q,learn_relquest,1.0,"[6, 7]",1.0,6.922,1,0.0,102,first
Q8hawdaz510oac2zrhkt543r7Q,learn_relquest,1.0,"[7, 0]",2.0,1.333,0,1.0,103,first
Q8hawdaz510oac2zrhkt543r7Q,learn_relquest,1.0,"[6, 5]",3.0,1.86,0,1.0,104,first
Q8hawdaz510oac2zrhkt543r7Q,learn_relquest,0.0,"[2, 0]",4.0,2.675,0,0.0,105,first
Q8hawdaz510oac2zrhkt543r7Q,learn_relquest,1.0,"[5, 6]",5.0,3.385,0,1.0,106,first
Q8hawdaz510oac2zrhkt543r7Q,learn_relquest,1.0,"[6, 2]",6.0,2.081,1,0.0,107,first
Q8hawdaz510oac2zrhkt543r7Q,learn_relquest,0.0,"[2, 7]",7.0,3.681,1,1.0,108,first
Q8hawdaz510oac2zrhkt543r7Q,learn_relquest,0.0,"[4, 0]",8.0,2.057,1,1.0,109,first
Q8hawdaz510oac2zrhkt543r7Q,learn_relquest,0.0,"[2, 3]",9.0,2.691,1,1.0,110,first
Q8hawdaz510oac2zrhkt543r7Q,learn_relquest,1.0,"[1, 4]",10.0,3.605,0,1.0,111,first
Q8hawdaz510oac2zrhkt543r7Q,learn_relquest,0.0,"[1, 3]",11.0,1.752,1,1.0,112,first
Q8hawdaz510oac2zrhkt543r7Q,learn_relquest,1.0,"[7, 1]",12.0,1.981,0,1.0,113,first
Q8hawdaz510oac2zrhkt543r7Q,learn_relquest,1.0,"[1, 7]",13.0,3.691,0,1.0,114,first
Q8hawdaz510oac2zrhkt543r7Q,learn_relquest,0.0,"[1, 5]",14.0,2.177,1,1.0,115,first
Q8hawdaz510oac2zrhkt543r7Q,learn_relquest,1.0,"[0, 7]",15.0,2.269,0,1.0,116,first
Q8hawdaz510oac2zrhkt543r7Q,learn_relquest,1.0,"[2, 6]",16.0,2.696,0,1.0,117,first
Q8hawdaz510oac2zrhkt543r7Q,learn_relquest,0.0,"[0, 5]",17.0,2.237,1,1.0,118,first
Q8hawdaz510oac2zrhkt543r7Q,learn_relquest,0.0,"[7, 3]",18.0,1.152,1,1.0,119,first
Q8hawdaz510oac2zrhkt543r7Q,learn_relquest,1.0,"[5, 3]",19.0,1.852,1,0.0,120,first
Q8hawdaz510oac2zrhkt543r7Q,learn_relquest,0.0,"[6, 4]",20.0,3.592,1,1.0,121,first
Q8hawdaz510oac2zrhkt543r7Q,learn_relquest,1.0,"[7, 6]",21.0,2.175,0,1.0,122,first
Q8hawdaz510oac2zrhkt543r7Q,learn_relquest,0.0,"[0, 4]",22.0,2.733,0,0.0,123,first
Q8hawdaz510oac2zrhkt543r7Q,learn_relquest,0.0,"[0, 1]",23.0,2.619,1,1.0,124,first
Q8hawdaz510oac2zrhkt543r7Q,learn_relquest,0.0,"[3, 1]",24.0,1.065,1,1.0,125,first
Q8hawdaz510oac2zrhkt543r7Q,learn_relquest,0.0,"[4, 3]",25.0,1.118,1,1.0,126,first
Q8hawdaz510oac2zrhkt543r7Q,learn_relquest,1.0,"[3, 5]",26.0,1.165,1,0.0,127,first
Q8hawdaz510oac2zrhkt543r7Q,learn_relquest,1.0,"[4, 1]",27.0,2.939,0,1.0,128,first
Q8hawdaz510oac2zrhkt543r7Q,learn_relquest,0.0,"[2, 4]",0.0,5.216,1,1.0,216,second
Q8hawdaz510oac2zrhkt543r7Q,learn_relquest,1.0,"[6, 2]",1.0,1.815,0,1.0,217,second
Q8hawdaz510oac2zrhkt543r7Q,learn_relquest,1.0,"[7, 6]",2.0,1.705,0,1.0,218,second
Q8hawdaz510oac2zrhkt543r7Q,learn_relquest,1.0,"[3, 5]",3.0,6.069,0,1.0,219,second
Q8hawdaz510oac2zrhkt543r7Q,learn_relquest,0.0,"[2, 7]",4.0,3.726,1,1.0,220,second
Q8hawdaz510oac2zrhkt543r7Q,learn_relquest,1.0,"[4, 1]",5.0,1.321,0,1.0,221,second
Q8hawdaz510oac2zrhkt543r7Q,learn_relquest,1.0,"[7, 1]",6.0,1.019,0,1.0,222,second
Q8hawdaz510oac2zrhkt543r7Q,learn_relquest,0.0,"[7, 2]",7.0,3.523,0,0.0,223,second
Q8hawdaz510oac2zrhkt543r7Q,learn_relquest,1.0,"[5, 6]",8.0,1.753,0,1.0,224,second
Q8hawdaz510oac2zrhkt543r7Q,learn_relquest,0.0,"[0, 5]",9.0,2.135,1,1.0,225,second
Q8hawdaz510oac2zrhkt543r7Q,learn_relquest,0.0,"[4, 6]",10.0,2.709,1,1.0,226,second
Q8hawdaz510oac2zrhkt543r7Q,learn_relquest,0.0,"[0, 6]",11.0,1.687,1,1.0,227,second
Q8hawdaz510oac2zrhkt543r7Q,learn_relquest,1.0,"[1, 4]",12.0,1.041,0,1.0,228,second
Q8hawdaz510oac2zrhkt543r7Q,learn_relquest,1.0,"[6, 5]",13.0,1.393,0,1.0,229,second
Q8hawdaz510oac2zrhkt543r7Q,learn_relquest,1.0,"[7, 0]",14.0,1.219,0,1.0,230,second
Q8hawdaz510oac2zrhkt543r7Q,learn_relquest,0.0,"[2, 1]",15.0,2.917,1,1.0,231,second
Q8hawdaz510oac2zrhkt543r7Q,learn_relquest,1.0,"[6, 7]",16.0,3.035,0,1.0,232,second
Q8hawdaz510oac2zrhkt543r7Q,learn_relquest,0.0,"[6, 4]",17.0,1.489,1,1.0,233,second
Q8hawdaz510oac2zrhkt543r7Q,learn_relquest,0.0,"[3, 0]",18.0,3.271,1,1.0,234,second
Q8hawdaz510oac2zrhkt543r7Q,learn_relquest,0.0,"[7, 4]",19.0,1.775,1,1.0,235,second
Q8hawdaz510oac2zrhkt543r7Q,learn_relquest,0.0,"[1, 5]",20.0,1.989,1,1.0,236,second
Q8hawdaz510oac2zrhkt543r7Q,learn_relquest,1.0,"[5, 3]",21.0,1.763,0,1.0,237,second
Q8hawdaz510oac2zrhkt543r7Q,learn_relquest,1.0,"[0, 7]",22.0,1.753,0,1.0,238,second
Q8hawdaz510oac2zrhkt543r7Q,learn_relquest,0.0,"[4, 2]",23.0,2.225,0,0.0,239,second
Q8hawdaz510oac2zrhkt543r7Q,learn_relquest,1.0,"[1, 7]",24.0,2.157,0,1.0,240,second
Q8hawdaz510oac2zrhkt543r7Q,learn_relquest,0.0,"[3, 2]",25.0,1.717,1,1.0,241,second
Q8hawdaz510oac2zrhkt543r7Q,learn_relquest,0.0,"[6, 1]",26.0,1.683,1,1.0,242,second
Q8hawdaz510oac2zrhkt543r7Q,learn_relquest,1.0,"[2, 6]",27.0,2.583,1,0.0,243,second
Q8hawdaz510oac2zrhkt543r7Q,learn_relquest,0.0,"[5, 1]",0.0,6.497,0,0.0,329,third
Q8hawdaz510oac2zrhkt543r7Q,learn_relquest,1.0,"[0, 7]",1.0,1.997,0,1.0,330,third
Q8hawdaz510oac2zrhkt543r7Q,learn_relquest,1.0,"[2, 6]",2.0,2.889,0,1.0,331,third
Q8hawdaz510oac2zrhkt543r7Q,learn_relquest,1.0,"[3, 5]",3.0,1.627,0,1.0,332,third
Q8hawdaz510oac2zrhkt543r7Q,learn_relquest,0.0,"[7, 2]",4.0,2.353,0,0.0,333,third
Q8hawdaz510oac2zrhkt543r7Q,learn_relquest,0.0,"[5, 2]",5.0,3.76,1,1.0,334,third
Q8hawdaz510oac2zrhkt543r7Q,learn_relquest,0.0,"[0, 4]",6.0,1.744,1,1.0,335,third
Q8hawdaz510oac2zrhkt543r7Q,learn_relquest,1.0,"[7, 0]",7.0,0.937,0,1.0,336,third
Q8hawdaz510oac2zrhkt543r7Q,learn_relquest,0.0,"[3, 2]",8.0,3.292,1,1.0,337,third
Q8hawdaz510oac2zrhkt543r7Q,learn_relquest,1.0,"[1, 4]",9.0,1.347,0,1.0,338,third
Q8hawdaz510oac2zrhkt543r7Q,learn_relquest,0.0,"[5, 4]",10.0,2.127,1,1.0,339,third
Q8hawdaz510oac2zrhkt543r7Q,learn_relquest,1.0,"[6, 2]",11.0,1.317,0,1.0,340,third
Q8hawdaz510oac2zrhkt543r7Q,learn_relquest,1.0,"[7, 1]",12.0,2.431,0,1.0,341,third
Q8hawdaz510oac2zrhkt543r7Q,learn_relquest,0.0,"[4, 0]",13.0,1.444,1,1.0,342,third
Q8hawdaz510oac2zrhkt543r7Q,learn_relquest,0.0,"[0, 2]",14.0,2.443,0,0.0,343,third
Q8hawdaz510oac2zrhkt543r7Q,learn_relquest,0.0,"[2, 1]",15.0,6.393,1,1.0,344,third
Q8hawdaz510oac2zrhkt543r7Q,learn_relquest,1.0,"[7, 6]",16.0,2.506,1,0.0,345,third
Q8hawdaz510oac2zrhkt543r7Q,learn_relquest,1.0,"[6, 7]",17.0,0.817,1,0.0,346,third
Q8hawdaz510oac2zrhkt543r7Q,learn_relquest,1.0,"[5, 3]",18.0,1.531,0,1.0,347,third
Q8hawdaz510oac2zrhkt543r7Q,learn_relquest,0.0,"[6, 4]",19.0,8.543,1,1.0,348,third
Q8hawdaz510oac2zrhkt543r7Q,learn_relquest,1.0,"[6, 5]",20.0,3.493,1,0.0,349,third
Q8hawdaz510oac2zrhkt543r7Q,learn_relquest,1.0,"[4, 1]",21.0,1.202,0,1.0,350,third
Q8hawdaz510oac2zrhkt543r7Q,learn_relquest,1.0,"[1, 7]",22.0,1.527,0,1.0,351,third
Q8hawdaz510oac2zrhkt543r7Q,learn_relquest,0.0,"[0, 6]",23.0,2.02,1,1.0,352,third
Q8hawdaz510oac2zrhkt543r7Q,learn_relquest,0.0,"[4, 6]",24.0,1.331,1,1.0,353,third
Q8hawdaz510oac2zrhkt543r7Q,learn_relquest,0.0,"[3, 7]",25.0,3.893,1,1.0,354,third
Q8hawdaz510oac2zrhkt543r7Q,learn_relquest,1.0,"[5, 6]",26.0,1.811,0,1.0,355,third
Q8hawdaz510oac2zrhkt543r7Q,learn_relquest,0.0,"[3, 4]",27.0,1.873,1,1.0,356,third
Q8hawdaz510oac2zrhkt543r7Q,learn_relquest,0.0,"[6, 1]",0.0,4.227,1,1.0,442,fourth
Q8hawdaz510oac2zrhkt543r7Q,learn_relquest,1.0,"[7, 1]",1.0,1.163,0,1.0,443,fourth
Q8hawdaz510oac2zrhkt543r7Q,learn_relquest,0.0,"[0, 2]",2.0,5.742,1,1.0,444,fourth
Q8hawdaz510oac2zrhkt543r7Q,learn_relquest,0.0,"[2, 0]",3.0,0.921,1,1.0,445,fourth
Q8hawdaz510oac2zrhkt543r7Q,learn_relquest,0.0,"[3, 7]",4.0,4.129,1,1.0,446,fourth
Q8hawdaz510oac2zrhkt543r7Q,learn_relquest,1.0,"[3, 5]",5.0,2.185,0,1.0,447,fourth
Q8hawdaz510oac2zrhkt543r7Q,learn_relquest,0.0,"[4, 5]",6.0,2.212,1,1.0,448,fourth
Q8hawdaz510oac2zrhkt543r7Q,learn_relquest,0.0,"[5, 7]",7.0,2.481,1,1.0,449,fourth
Q8hawdaz510oac2zrhkt543r7Q,learn_relquest,0.0,"[3, 2]",8.0,1.871,1,1.0,450,fourth
Q8hawdaz510oac2zrhkt543r7Q,learn_relquest,1.0,"[5, 6]",9.0,1.131,0,1.0,451,fourth
Q8hawdaz510oac2zrhkt543r7Q,learn_relquest,0.0,"[1, 6]",10.0,2.681,1,1.0,452,fourth
Q8hawdaz510oac2zrhkt543r7Q,learn_relquest,0.0,"[0, 4]",11.0,1.767,1,1.0,453,fourth
Q8hawdaz510oac2zrhkt543r7Q,learn_relquest,1.0,"[2, 6]",12.0,2.33,0,1.0,454,fourth
Q8hawdaz510oac2zrhkt543r7Q,learn_relquest,1.0,"[1, 4]",13.0,1.67,0,1.0,455,fourth
Q8hawdaz510oac2zrhkt543r7Q,learn_relquest,1.0,"[1, 7]",14.0,1.012,0,1.0,456,fourth
Q8hawdaz510oac2zrhkt543r7Q,learn_relquest,0.0,"[6, 3]",15.0,3.709,1,1.0,457,fourth
Q8hawdaz510oac2zrhkt543r7Q,learn_relquest,1.0,"[5, 3]",16.0,1.723,0,1.0,458,fourth
Q8hawdaz510oac2zrhkt543r7Q,learn_relquest,0.0,"[7, 5]",17.0,2.011,1,1.0,459,fourth
Q8hawdaz510oac2zrhkt543r7Q,learn_relquest,1.0,"[7, 0]",18.0,1.147,0,1.0,460,fourth
Q8hawdaz510oac2zrhkt543r7Q,learn_relquest,1.0,"[4, 1]",19.0,1.445,0,1.0,461,fourth
Q8hawdaz510oac2zrhkt543r7Q,learn_relquest,1.0,"[0, 7]",20.0,1.789,0,1.0,462,fourth
Q8hawdaz510oac2zrhkt543r7Q,learn_relquest,1.0,"[7, 6]",21.0,2.752,0,1.0,463,fourth
Q8hawdaz510oac2zrhkt543r7Q,learn_relquest,0.0,"[0, 6]",22.0,2.643,1,1.0,464,fourth
Q8hawdaz510oac2zrhkt543r7Q,learn_relquest,1.0,"[6, 5]",23.0,2.251,1,0.0,465,fourth
Q8hawdaz510oac2zrhkt543r7Q,learn_relquest,1.0,"[6, 7]",24.0,1.629,0,1.0,466,fourth
Q8hawdaz510oac2zrhkt543r7Q,learn_relquest,1.0,"[6, 2]",25.0,1.815,1,0.0,467,fourth
Q8hawdaz510oac2zrhkt543r7Q,learn_relquest,0.0,"[2, 3]",26.0,1.177,1,1.0,468,fourth
Q8hawdaz510oac2zrhkt543r7Q,learn_relquest,0.0,"[5, 2]",27.0,3.228,0,0.0,469,fourth
Q8hawdaz510oac2zrhkt543r7Q,learn_relquest,1.0,"[2, 6]",0.0,2.211,0,1.0,555,fifth
Q8hawdaz510oac2zrhkt543r7Q,learn_relquest,1.0,"[7, 0]",1.0,1.275,0,1.0,556,fifth
Q8hawdaz510oac2zrhkt543r7Q,learn_relquest,1.0,"[6, 7]",2.0,2.124,0,1.0,557,fifth
Q8hawdaz510oac2zrhkt543r7Q,learn_relquest,0.0,"[0, 2]",3.0,3.153,1,1.0,558,fifth
Q8hawdaz510oac2zrhkt543r7Q,learn_relquest,0.0,"[1, 2]",4.0,1.583,1,1.0,559,fifth
Q8hawdaz510oac2zrhkt543r7Q,learn_relquest,1.0,"[5, 6]",5.0,2.181,0,1.0,560,fifth
Q8hawdaz510oac2zrhkt543r7Q,learn_relquest,1.0,"[5, 3]",6.0,1.795,0,1.0,561,fifth
Q8hawdaz510oac2zrhkt543r7Q,learn_relquest,1.0,"[6, 2]",7.0,1.516,0,1.0,562,fifth
Q8hawdaz510oac2zrhkt543r7Q,learn_relquest,1.0,"[4, 1]",8.0,1.279,0,1.0,563,fifth
Q8hawdaz510oac2zrhkt543r7Q,learn_relquest,1.0,"[7, 1]",9.0,1.497,0,1.0,564,fifth
Q8hawdaz510oac2zrhkt543r7Q,learn_relquest,0.0,"[6, 0]",10.0,2.041,1,1.0,565,fifth
Q8hawdaz510oac2zrhkt543r7Q,learn_relquest,0.0,"[5, 4]",11.0,2.401,1,1.0,566,fifth
Q8hawdaz510oac2zrhkt543r7Q,learn_relquest,0.0,"[3, 6]",12.0,3.801,1,1.0,567,fifth
Q8hawdaz510oac2zrhkt543r7Q,learn_relquest,1.0,"[3, 5]",13.0,1.411,0,1.0,568,fifth
Q8hawdaz510oac2zrhkt543r7Q,learn_relquest,1.0,"[0, 7]",14.0,1.042,0,1.0,569,fifth
Q8hawdaz510oac2zrhkt543r7Q,learn_relquest,0.0,"[1, 5]",15.0,1.327,1,1.0,570,fifth
Q8hawdaz510oac2zrhkt543r7Q,learn_relquest,1.0,"[1, 7]",16.0,1.083,0,1.0,571,fifth
Q8hawdaz510oac2zrhkt543r7Q,learn_relquest,0.0,"[3, 0]",17.0,2.185,1,1.0,572,fifth
Q8hawdaz510oac2zrhkt543r7Q,learn_relquest,0.0,"[2, 4]",18.0,2.285,1,1.0,573,fifth
Q8hawdaz510oac2zrhkt543r7Q,learn_relquest,0.0,"[2, 0]",19.0,3.797,1,1.0,574,fifth
Q8hawdaz510oac2zrhkt543r7Q,learn_relquest,0.0,"[7, 3]",20.0,3.723,1,1.0,575,fifth
Q8hawdaz510oac2zrhkt543r7Q,learn_relquest,0.0,"[4, 3]",21.0,3.171,1,1.0,576,fifth
Q8hawdaz510oac2zrhkt543r7Q,learn_relquest,0.0,"[3, 7]",22.0,3.442,1,1.0,577,fifth
Q8hawdaz510oac2zrhkt543r7Q,learn_relquest,1.0,"[6, 5]",23.0,1.321,0,1.0,578,fifth
Q8hawdaz510oac2zrhkt543r7Q,learn_relquest,0.0,"[3, 4]",24.0,2.833,1,1.0,579,fifth
Q8hawdaz510oac2zrhkt543r7Q,learn_relquest,1.0,"[1, 4]",25.0,0.989,0,1.0,580,fifth
Q8hawdaz510oac2zrhkt543r7Q,learn_relquest,0.0,"[4, 2]",26.0,3.027,1,1.0,581,fifth
Q8hawdaz510oac2zrhkt543r7Q,learn_relquest,1.0,"[7, 6]",27.0,1.685,0,1.0,582,fifth
Q9l15mtch6q0mmkzlx0g448iyQ,learn_relquest,1.0,"[0, 7]",0.0,5.697,0,1.0,101,first
Q9l15mtch6q0mmkzlx0g448iyQ,learn_relquest,0.0,"[4, 6]",1.0,1.45,0,0.0,102,first
Q9l15mtch6q0mmkzlx0g448iyQ,learn_relquest,0.0,"[3, 4]",2.0,3.146,1,1.0,103,first
Q9l15mtch6q0mmkzlx0g448iyQ,learn_relquest,1.0,"[7, 0]",3.0,5.139,1,0.0,104,first
Q9l15mtch6q0mmkzlx0g448iyQ,learn_relquest,0.0,"[0, 1]",4.0,1.667,0,0.0,105,first
Q9l15mtch6q0mmkzlx0g448iyQ,learn_relquest,1.0,"[7, 1]",5.0,3.907,0,1.0,106,first
Q9l15mtch6q0mmkzlx0g448iyQ,learn_relquest,1.0,"[5, 6]",6.0,2.514,1,0.0,107,first
Q9l15mtch6q0mmkzlx0g448iyQ,learn_relquest,0.0,"[2, 3]",7.0,2.036,0,0.0,108,first
Q9l15mtch6q0mmkzlx0g448iyQ,learn_relquest,0.0,"[1, 0]",8.0,3.475,1,1.0,109,first
Q9l15mtch6q0mmkzlx0g448iyQ,learn_relquest,0.0,"[1, 3]",9.0,2.331,1,1.0,110,first
Q9l15mtch6q0mmkzlx0g448iyQ,learn_relquest,0.0,"[1, 6]",10.0,1.283,0,0.0,111,first
Q9l15mtch6q0mmkzlx0g448iyQ,learn_relquest,1.0,"[6, 5]",11.0,1.635,0,1.0,112,first
Q9l15mtch6q0mmkzlx0g448iyQ,learn_relquest,0.0,"[6, 4]",12.0,1.443,1,1.0,113,first
Q9l15mtch6q0mmkzlx0g448iyQ,learn_relquest,1.0,"[7, 6]",13.0,1.618,0,1.0,114,first
Q9l15mtch6q0mmkzlx0g448iyQ,learn_relquest,1.0,"[5, 3]",14.0,2.234,0,1.0,115,first
Q9l15mtch6q0mmkzlx0g448iyQ,learn_relquest,1.0,"[6, 7]",15.0,1.836,0,1.0,116,first
Q9l15mtch6q0mmkzlx0g448iyQ,learn_relquest,0.0,"[0, 6]",16.0,2.066,1,1.0,117,first
Q9l15mtch6q0mmkzlx0g448iyQ,learn_relquest,0.0,"[7, 3]",17.0,2.259,1,1.0,118,first
Q9l15mtch6q0mmkzlx0g448iyQ,learn_relquest,1.0,"[1, 7]",18.0,3.267,0,1.0,119,first
Q9l15mtch6q0mmkzlx0g448iyQ,learn_relquest,0.0,"[1, 5]",19.0,9.083,1,1.0,120,first
Q9l15mtch6q0mmkzlx0g448iyQ,learn_relquest,0.0,"[5, 1]",20.0,1.515,1,1.0,121,first
Q9l15mtch6q0mmkzlx0g448iyQ,learn_relquest,0.0,"[3, 2]",21.0,2.842,0,0.0,122,first
Q9l15mtch6q0mmkzlx0g448iyQ,learn_relquest,1.0,"[1, 4]",22.0,2.404,1,0.0,123,first
Q9l15mtch6q0mmkzlx0g448iyQ,learn_relquest,1.0,"[3, 5]",23.0,4.003,1,0.0,124,first
Q9l15mtch6q0mmkzlx0g448iyQ,learn_relquest,1.0,"[4, 1]",24.0,5.434,1,0.0,125,first
Q9l15mtch6q0mmkzlx0g448iyQ,learn_relquest,1.0,"[6, 2]",25.0,2.132,0,1.0,126,first
Q9l15mtch6q0mmkzlx0g448iyQ,learn_relquest,1.0,"[2, 6]",26.0,1.292,0,1.0,127,first
Q9l15mtch6q0mmkzlx0g448iyQ,learn_relquest,0.0,"[7, 2]",27.0,3.233,1,1.0,128,first
Q9l15mtch6q0mmkzlx0g448iyQ,learn_relquest,1.0,"[6, 7]",0.0,5.114,0,1.0,217,second
Q9l15mtch6q0mmkzlx0g448iyQ,learn_relquest,1.0,"[5, 3]",1.0,2.684,0,1.0,218,second
Q9l15mtch6q0mmkzlx0g448iyQ,learn_relquest,0.0,"[3, 7]",2.0,10.875,1,1.0,219,second
Q9l15mtch6q0mmkzlx0g448iyQ,learn_relquest,0.0,"[3, 6]",3.0,3.083,1,1.0,220,second
Q9l15mtch6q0mmkzlx0g448iyQ,learn_relquest,1.0,"[4, 1]",4.0,1.738,0,1.0,221,second
Q9l15mtch6q0mmkzlx0g448iyQ,learn_relquest,1.0,"[6, 5]",5.0,4.426,0,1.0,222,second
Q9l15mtch6q0mmkzlx0g448iyQ,learn_relquest,1.0,"[0, 7]",6.0,6.707,0,1.0,223,second
Q9l15mtch6q0mmkzlx0g448iyQ,learn_relquest,0.0,"[0, 5]",7.0,12.586,1,1.0,224,second
Q9l15mtch6q0mmkzlx0g448iyQ,learn_relquest,1.0,"[5, 6]",8.0,3.019,0,1.0,225,second
Q9l15mtch6q0mmkzlx0g448iyQ,learn_relquest,0.0,"[5, 7]",9.0,5.323,1,1.0,226,second
Q9l15mtch6q0mmkzlx0g448iyQ,learn_relquest,0.0,"[5, 2]",10.0,8.579,1,1.0,227,second
Q9l15mtch6q0mmkzlx0g448iyQ,learn_relquest,1.0,"[1, 4]",11.0,4.715,0,1.0,228,second
Q9l15mtch6q0mmkzlx0g448iyQ,learn_relquest,0.0,"[4, 0]",12.0,2.403,1,1.0,229,second
Q9l15mtch6q0mmkzlx0g448iyQ,learn_relquest,1.0,"[6, 2]",13.0,5.682,0,1.0,230,second
Q9l15mtch6q0mmkzlx0g448iyQ,learn_relquest,0.0,"[0, 1]",14.0,15.091,1,1.0,231,second
Q9l15mtch6q0mmkzlx0g448iyQ,learn_relquest,1.0,"[7, 0]",15.0,3.827,0,1.0,232,second
Q9l15mtch6q0mmkzlx0g448iyQ,learn_relquest,0.0,"[0, 4]",16.0,3.868,1,1.0,233,second
Q9l15mtch6q0mmkzlx0g448iyQ,learn_relquest,0.0,"[7, 2]",17.0,12.618,1,1.0,234,second
Q9l15mtch6q0mmkzlx0g448iyQ,learn_relquest,0.0,"[1, 6]",18.0,1.771,0,0.0,235,second
Q9l15mtch6q0mmkzlx0g448iyQ,learn_relquest,0.0,"[0, 6]",19.0,18.978,1,1.0,236,second
Q9l15mtch6q0mmkzlx0g448iyQ,learn_relquest,1.0,"[2, 6]",20.0,4.45,0,1.0,237,second
Q9l15mtch6q0mmkzlx0g448iyQ,learn_relquest,0.0,"[1, 5]",21.0,11.386,1,1.0,238,second
Q9l15mtch6q0mmkzlx0g448iyQ,learn_relquest,0.0,"[1, 2]",22.0,11.059,1,1.0,239,second
Q9l15mtch6q0mmkzlx0g448iyQ,learn_relquest,1.0,"[7, 6]",23.0,5.858,0,1.0,240,second
Q9l15mtch6q0mmkzlx0g448iyQ,learn_relquest,1.0,"[1, 7]",24.0,7.724,1,0.0,241,second
Q9l15mtch6q0mmkzlx0g448iyQ,learn_relquest,0.0,"[4, 7]",25.0,7.979,1,1.0,242,second
Q9l15mtch6q0mmkzlx0g448iyQ,learn_relquest,1.0,"[7, 1]",26.0,8.027,0,1.0,243,second
Q9l15mtch6q0mmkzlx0g448iyQ,learn_relquest,1.0,"[3, 5]",27.0,11.891,0,1.0,244,second
Q9l15mtch6q0mmkzlx0g448iyQ,learn_relquest,1.0,"[7, 0]",0.0,2.867,0,1.0,331,third
Q9l15mtch6q0mmkzlx0g448iyQ,learn_relquest,1.0,"[3, 5]",1.0,3.7,0,1.0,332,third
Q9l15mtch6q0mmkzlx0g448iyQ,learn_relquest,1.0,"[5, 3]",2.0,2.491,0,1.0,333,third
Q9l15mtch6q0mmkzlx0g448iyQ,learn_relquest,0.0,"[1, 2]",3.0,16.252,1,1.0,334,third
Q9l15mtch6q0mmkzlx0g448iyQ,learn_relquest,1.0,"[6, 7]",4.0,7.011,0,1.0,335,third
Q9l15mtch6q0mmkzlx0g448iyQ,learn_relquest,0.0,"[0, 3]",5.0,24.851,1,1.0,336,third
Q9l15mtch6q0mmkzlx0g448iyQ,learn_relquest,0.0,"[2, 0]",6.0,18.603,1,1.0,337,third
Q9l15mtch6q0mmkzlx0g448iyQ,learn_relquest,1.0,"[7, 6]",7.0,1.747,0,1.0,338,third
Q9l15mtch6q0mmkzlx0g448iyQ,learn_relquest,1.0,"[0, 7]",8.0,1.195,0,1.0,339,third
Q9l15mtch6q0mmkzlx0g448iyQ,learn_relquest,0.0,"[5, 2]",9.0,8.826,1,1.0,340,third
Q9l15mtch6q0mmkzlx0g448iyQ,learn_relquest,0.0,"[2, 5]",10.0,6.235,1,1.0,341,third
Q9l15mtch6q0mmkzlx0g448iyQ,learn_relquest,0.0,"[2, 4]",11.0,14.828,1,1.0,342,third
Q9l15mtch6q0mmkzlx0g448iyQ,learn_relquest,0.0,"[3, 0]",12.0,23.043,1,1.0,343,third
Q9l15mtch6q0mmkzlx0g448iyQ,learn_relquest,0.0,"[4, 3]",13.0,15.979,1,1.0,344,third
Q9l15mtch6q0mmkzlx0g448iyQ,learn_relquest,0.0,"[0, 2]",14.0,11.579,1,1.0,345,third
Q9l15mtch6q0mmkzlx0g448iyQ,learn_relquest,0.0,"[0, 4]",15.0,3.483,1,1.0,346,third
Q9l15mtch6q0mmkzlx0g448iyQ,learn_relquest,1.0,"[4, 1]",16.0,5.155,0,1.0,347,third
Q9l15mtch6q0mmkzlx0g448iyQ,learn_relquest,0.0,"[1, 6]",17.0,14.995,0,0.0,348,third
Q9l15mtch6q0mmkzlx0g448iyQ,learn_relquest,1.0,"[7, 1]",18.0,6.331,0,1.0,349,third
Q9l15mtch6q0mmkzlx0g448iyQ,learn_relquest,1.0,"[1, 7]",19.0,1.059,0,1.0,350,third
Q9l15mtch6q0mmkzlx0g448iyQ,learn_relquest,1.0,"[6, 5]",20.0,4.38,0,1.0,351,third
Q9l15mtch6q0mmkzlx0g448iyQ,learn_relquest,1.0,"[1, 4]",21.0,3.916,0,1.0,352,third
Q9l15mtch6q0mmkzlx0g448iyQ,learn_relquest,1.0,"[6, 2]",22.0,20.779,0,1.0,353,third
Q9l15mtch6q0mmkzlx0g448iyQ,learn_relquest,0.0,"[6, 3]",23.0,2.14,1,1.0,354,third
Q9l15mtch6q0mmkzlx0g448iyQ,learn_relquest,0.0,"[7, 4]",24.0,20.563,1,1.0,355,third
Q9l15mtch6q0mmkzlx0g448iyQ,learn_relquest,1.0,"[5, 6]",25.0,3.395,0,1.0,356,third
Q9l15mtch6q0mmkzlx0g448iyQ,learn_relquest,1.0,"[2, 6]",26.0,4.468,0,1.0,357,third
Q9l15mtch6q0mmkzlx0g448iyQ,learn_relquest,0.0,"[3, 7]",27.0,42.395,1,1.0,358,third
Q9l15mtch6q0mmkzlx0g448iyQ,learn_relquest,1.0,"[6, 7]",0.0,9.155,0,1.0,445,fourth
Q9l15mtch6q0mmkzlx0g448iyQ,learn_relquest,0.0,"[5, 0]",1.0,16.674,1,1.0,446,fourth
Q9l15mtch6q0mmkzlx0g448iyQ,learn_relquest,0.0,"[4, 7]",2.0,18.123,1,1.0,447,fourth
Q9l15mtch6q0mmkzlx0g448iyQ,learn_relquest,0.0,"[4, 5]",3.0,31.235,1,1.0,448,fourth
Q9l15mtch6q0mmkzlx0g448iyQ,learn_relquest,1.0,"[0, 7]",4.0,2.651,0,1.0,449,fourth
Q9l15mtch6q0mmkzlx0g448iyQ,learn_relquest,1.0,"[7, 1]",5.0,3.651,0,1.0,450,fourth
Q9l15mtch6q0mmkzlx0g448iyQ,learn_relquest,0.0,"[0, 4]",6.0,2.283,1,1.0,451,fourth
Q9l15mtch6q0mmkzlx0g448iyQ,learn_relquest,1.0,"[2, 6]",7.0,4.364,0,1.0,452,fourth
Q9l15mtch6q0mmkzlx0g448iyQ,learn_relquest,0.0,"[2, 0]",8.0,16.571,1,1.0,453,fourth
Q9l15mtch6q0mmkzlx0g448iyQ,learn_relquest,1.0,"[7, 6]",9.0,4.955,0,1.0,454,fourth
Q9l15mtch6q0mmkzlx0g448iyQ,learn_relquest,0.0,"[2, 1]",10.0,12.939,1,1.0,455,fourth
Q9l15mtch6q0mmkzlx0g448iyQ,learn_relquest,0.0,"[2, 7]",11.0,19.195,1,1.0,456,fourth
Q9l15mtch6q0mmkzlx0g448iyQ,learn_relquest,0.0,"[3, 4]",12.0,25.084,1,1.0,457,fourth
Q9l15mtch6q0mmkzlx0g448iyQ,learn_relquest,1.0,"[3, 5]",13.0,6.227,0,1.0,458,fourth
Q9l15mtch6q0mmkzlx0g448iyQ,learn_relquest,0.0,"[4, 2]",14.0,14.81,1,1.0,459,fourth
Q9l15mtch6q0mmkzlx0g448iyQ,learn_relquest,1.0,"[1, 7]",15.0,4.515,0,1.0,460,fourth
Q9l15mtch6q0mmkzlx0g448iyQ,learn_relquest,1.0,"[5, 3]",16.0,4.753,0,1.0,461,fourth
Q9l15mtch6q0mmkzlx0g448iyQ,learn_relquest,0.0,"[1, 5]",17.0,15.764,1,1.0,462,fourth
Q9l15mtch6q0mmkzlx0g448iyQ,learn_relquest,1.0,"[4, 1]",18.0,1.547,0,1.0,463,fourth
Q9l15mtch6q0mmkzlx0g448iyQ,learn_relquest,1.0,"[7, 0]",19.0,4.811,0,1.0,464,fourth
Q9l15mtch6q0mmkzlx0g448iyQ,learn_relquest,1.0,"[1, 4]",20.0,3.955,0,1.0,465,fourth
Q9l15mtch6q0mmkzlx0g448iyQ,learn_relquest,1.0,"[6, 5]",21.0,4.18,0,1.0,466,fourth
Q9l15mtch6q0mmkzlx0g448iyQ,learn_relquest,1.0,"[6, 2]",22.0,2.851,0,1.0,467,fourth
Q9l15mtch6q0mmkzlx0g448iyQ,learn_relquest,0.0,"[6, 1]",23.0,14.547,1,1.0,468,fourth
Q9l15mtch6q0mmkzlx0g448iyQ,learn_relquest,0.0,"[2, 3]",24.0,14.027,1,1.0,469,fourth
Q9l15mtch6q0mmkzlx0g448iyQ,learn_relquest,0.0,"[6, 3]",25.0,3.506,1,1.0,470,fourth
Q9l15mtch6q0mmkzlx0g448iyQ,learn_relquest,0.0,"[2, 5]",26.0,14.539,1,1.0,471,fourth
Q9l15mtch6q0mmkzlx0g448iyQ,learn_relquest,1.0,"[5, 6]",27.0,8.227,0,1.0,472,fourth
Q9l15mtch6q0mmkzlx0g448iyQ,learn_relquest,0.0,"[2, 4]",0.0,14.043,1,1.0,559,fifth
Q9l15mtch6q0mmkzlx0g448iyQ,learn_relquest,0.0,"[3, 7]",1.0,15.971,1,1.0,560,fifth
Q9l15mtch6q0mmkzlx0g448iyQ,learn_relquest,1.0,"[7, 1]",2.0,3.852,0,1.0,561,fifth
Q9l15mtch6q0mmkzlx0g448iyQ,learn_relquest,0.0,"[6, 1]",3.0,13.06,1,1.0,562,fifth
Q9l15mtch6q0mmkzlx0g448iyQ,learn_relquest,0.0,"[1, 6]",4.0,10.762,1,1.0,563,fifth
Q9l15mtch6q0mmkzlx0g448iyQ,learn_relquest,0.0,"[7, 2]",5.0,14.164,1,1.0,564,fifth
Q9l15mtch6q0mmkzlx0g448iyQ,learn_relquest,0.0,"[7, 3]",6.0,13.859,1,1.0,565,fifth
Q9l15mtch6q0mmkzlx0g448iyQ,learn_relquest,1.0,"[1, 4]",7.0,1.89,0,1.0,566,fifth
Q9l15mtch6q0mmkzlx0g448iyQ,learn_relquest,0.0,"[2, 0]",8.0,20.331,1,1.0,567,fifth
Q9l15mtch6q0mmkzlx0g448iyQ,learn_relquest,0.0,"[3, 4]",9.0,18.196,1,1.0,568,fifth
Q9l15mtch6q0mmkzlx0g448iyQ,learn_relquest,1.0,"[7, 0]",10.0,2.731,0,1.0,569,fifth
Q9l15mtch6q0mmkzlx0g448iyQ,learn_relquest,0.0,"[4, 0]",11.0,1.81,1,1.0,570,fifth
Q9l15mtch6q0mmkzlx0g448iyQ,learn_relquest,0.0,"[3, 2]",12.0,17.227,1,1.0,571,fifth
Q9l15mtch6q0mmkzlx0g448iyQ,learn_relquest,1.0,"[3, 5]",13.0,3.595,0,1.0,572,fifth
Q9l15mtch6q0mmkzlx0g448iyQ,learn_relquest,0.0,"[0, 5]",14.0,12.914,1,1.0,573,fifth
Q9l15mtch6q0mmkzlx0g448iyQ,learn_relquest,0.0,"[3, 6]",15.0,1.243,1,1.0,574,fifth
Q9l15mtch6q0mmkzlx0g448iyQ,learn_relquest,1.0,"[2, 6]",16.0,5.156,0,1.0,575,fifth
Q9l15mtch6q0mmkzlx0g448iyQ,learn_relquest,1.0,"[1, 7]",17.0,3.306,0,1.0,576,fifth
Q9l15mtch6q0mmkzlx0g448iyQ,learn_relquest,1.0,"[0, 7]",18.0,1.986,0,1.0,577,fifth
Q9l15mtch6q0mmkzlx0g448iyQ,learn_relquest,0.0,"[5, 4]",19.0,11.332,1,1.0,578,fifth
Q9l15mtch6q0mmkzlx0g448iyQ,learn_relquest,1.0,"[6, 5]",20.0,5.476,0,1.0,579,fifth
Q9l15mtch6q0mmkzlx0g448iyQ,learn_relquest,1.0,"[6, 2]",21.0,6.795,0,1.0,580,fifth
Q9l15mtch6q0mmkzlx0g448iyQ,learn_relquest,1.0,"[6, 7]",22.0,9.923,0,1.0,581,fifth
Q9l15mtch6q0mmkzlx0g448iyQ,learn_relquest,1.0,"[4, 1]",23.0,5.291,0,1.0,582,fifth
Q9l15mtch6q0mmkzlx0g448iyQ,learn_relquest,1.0,"[5, 6]",24.0,2.715,0,1.0,583,fifth
Q9l15mtch6q0mmkzlx0g448iyQ,learn_relquest,1.0,"[7, 6]",25.0,3.379,0,1.0,584,fifth
Q9l15mtch6q0mmkzlx0g448iyQ,learn_relquest,0.0,"[2, 7]",26.0,26.939,1,1.0,585,fifth
Q9l15mtch6q0mmkzlx0g448iyQ,learn_relquest,1.0,"[5, 3]",27.0,2.69,0,1.0,586,fifth
Qifm5p7xchrfjn6361vlxknolQ,learn_relquest,0.0,"[2, 4]",0.0,6.379,1,1.0,101,first
Qifm5p7xchrfjn6361vlxknolQ,learn_relquest,1.0,"[1, 7]",1.0,1.942,0,1.0,102,first
Qifm5p7xchrfjn6361vlxknolQ,learn_relquest,0.0,"[1, 6]",2.0,2.447,0,0.0,103,first
Qifm5p7xchrfjn6361vlxknolQ,learn_relquest,1.0,"[6, 2]",3.0,3.558,1,0.0,104,first
Qifm5p7xchrfjn6361vlxknolQ,learn_relquest,1.0,"[4, 1]",4.0,3.176,0,1.0,105,first
Qifm5p7xchrfjn6361vlxknolQ,learn_relquest,0.0,"[6, 0]",5.0,1.484,0,0.0,106,first
Qifm5p7xchrfjn6361vlxknolQ,learn_relquest,0.0,"[3, 6]",6.0,1.691,1,1.0,107,first
Qifm5p7xchrfjn6361vlxknolQ,learn_relquest,1.0,"[7, 6]",7.0,1.764,0,1.0,108,first
Qifm5p7xchrfjn6361vlxknolQ,learn_relquest,1.0,"[3, 5]",8.0,1.617,0,1.0,109,first
Qifm5p7xchrfjn6361vlxknolQ,learn_relquest,0.0,"[7, 2]",9.0,1.85,1,1.0,110,first
Qifm5p7xchrfjn6361vlxknolQ,learn_relquest,0.0,"[4, 6]",10.0,5.337,1,1.0,111,first
Qifm5p7xchrfjn6361vlxknolQ,learn_relquest,1.0,"[0, 7]",11.0,3.293,0,1.0,112,first
Qifm5p7xchrfjn6361vlxknolQ,learn_relquest,0.0,"[6, 4]",12.0,3.914,1,1.0,113,first
Qifm5p7xchrfjn6361vlxknolQ,learn_relquest,1.0,"[1, 4]",13.0,33.71,0,1.0,114,first
Qifm5p7xchrfjn6361vlxknolQ,learn_relquest,0.0,"[3, 2]",14.0,52.151,0,0.0,115,first
Qifm5p7xchrfjn6361vlxknolQ,learn_relquest,1.0,"[7, 1]",15.0,2.982,0,1.0,116,first
Qifm5p7xchrfjn6361vlxknolQ,learn_relquest,0.0,"[3, 0]",16.0,3.105,1,1.0,117,first
Qifm5p7xchrfjn6361vlxknolQ,learn_relquest,1.0,"[2, 6]",17.0,0.175,1,0.0,118,first
Qifm5p7xchrfjn6361vlxknolQ,learn_relquest,1.0,"[6, 7]",18.0,1.324,0,1.0,119,first
Qifm5p7xchrfjn6361vlxknolQ,learn_relquest,0.0,"[1, 3]",19.0,3.553,0,0.0,120,first
Qifm5p7xchrfjn6361vlxknolQ,learn_relquest,0.0,"[2, 0]",20.0,2.771,0,0.0,121,first
Qifm5p7xchrfjn6361vlxknolQ,learn_relquest,1.0,"[5, 3]",21.0,2.004,0,1.0,122,first
Qifm5p7xchrfjn6361vlxknolQ,learn_relquest,0.0,"[4, 2]",22.0,3.107,1,1.0,123,first
Qifm5p7xchrfjn6361vlxknolQ,learn_relquest,0.0,"[0, 4]",23.0,1.985,1,1.0,124,first
Qifm5p7xchrfjn6361vlxknolQ,learn_relquest,0.0,"[6, 3]",24.0,2.255,1,1.0,125,first
Qifm5p7xchrfjn6361vlxknolQ,learn_relquest,1.0,"[6, 5]",25.0,2.116,0,1.0,126,first
Qifm5p7xchrfjn6361vlxknolQ,learn_relquest,1.0,"[7, 0]",26.0,1.268,0,1.0,127,first
Qifm5p7xchrfjn6361vlxknolQ,learn_relquest,1.0,"[5, 6]",27.0,1.338,0,1.0,128,first
Qifm5p7xchrfjn6361vlxknolQ,learn_relquest,1.0,"[3, 5]",0.0,3.315,0,1.0,216,second
Qifm5p7xchrfjn6361vlxknolQ,learn_relquest,0.0,"[1, 2]",1.0,1.474,0,0.0,217,second
Qifm5p7xchrfjn6361vlxknolQ,learn_relquest,1.0,"[5, 6]",2.0,1.814,0,1.0,218,second
Qifm5p7xchrfjn6361vlxknolQ,learn_relquest,0.0,"[6, 0]",3.0,1.56,0,0.0,219,second
Qifm5p7xchrfjn6361vlxknolQ,learn_relquest,1.0,"[1, 7]",4.0,1.28,1,0.0,220,second
Qifm5p7xchrfjn6361vlxknolQ,learn_relquest,0.0,"[0, 6]",5.0,4.127,0,0.0,221,second
Qifm5p7xchrfjn6361vlxknolQ,learn_relquest,1.0,"[6, 7]",6.0,0.469,0,1.0,222,second
Qifm5p7xchrfjn6361vlxknolQ,learn_relquest,0.0,"[7, 4]",7.0,1.156,1,1.0,223,second
Qifm5p7xchrfjn6361vlxknolQ,learn_relquest,0.0,"[3, 0]",8.0,1.412,1,1.0,224,second
Qifm5p7xchrfjn6361vlxknolQ,learn_relquest,1.0,"[7, 0]",9.0,1.306,1,0.0,225,second
Qifm5p7xchrfjn6361vlxknolQ,learn_relquest,0.0,"[3, 2]",10.0,1.8,0,0.0,226,second
Qifm5p7xchrfjn6361vlxknolQ,learn_relquest,0.0,"[4, 3]",11.0,2.269,1,1.0,227,second
Qifm5p7xchrfjn6361vlxknolQ,learn_relquest,1.0,"[2, 6]",12.0,1.035,1,0.0,228,second
Qifm5p7xchrfjn6361vlxknolQ,learn_relquest,1.0,"[0, 7]",13.0,1.166,1,0.0,229,second
Qifm5p7xchrfjn6361vlxknolQ,learn_relquest,0.0,"[6, 4]",14.0,4.055,1,1.0,230,second
Qifm5p7xchrfjn6361vlxknolQ,learn_relquest,1.0,"[7, 1]",15.0,2.247,0,1.0,231,second
Qifm5p7xchrfjn6361vlxknolQ,learn_relquest,0.0,"[7, 5]",16.0,1.58,0,0.0,232,second
Qifm5p7xchrfjn6361vlxknolQ,learn_relquest,1.0,"[5, 3]",17.0,1.778,0,1.0,233,second
Qifm5p7xchrfjn6361vlxknolQ,learn_relquest,1.0,"[6, 2]",18.0,5.892,0,1.0,234,second
Qifm5p7xchrfjn6361vlxknolQ,learn_relquest,1.0,"[4, 1]",19.0,5.855,1,0.0,235,second
Qifm5p7xchrfjn6361vlxknolQ,learn_relquest,0.0,"[7, 2]",20.0,7.591,1,1.0,236,second
Qifm5p7xchrfjn6361vlxknolQ,learn_relquest,0.0,"[3, 1]",21.0,2.777,0,0.0,237,second
Qifm5p7xchrfjn6361vlxknolQ,learn_relquest,0.0,"[5, 4]",22.0,1.682,0,0.0,238,second
Qifm5p7xchrfjn6361vlxknolQ,learn_relquest,1.0,"[1, 4]",23.0,1.969,1,0.0,239,second
Qifm5p7xchrfjn6361vlxknolQ,learn_relquest,0.0,"[5, 7]",24.0,3.677,1,1.0,240,second
Qifm5p7xchrfjn6361vlxknolQ,learn_relquest,0.0,"[0, 4]",25.0,1.472,1,1.0,241,second
Qifm5p7xchrfjn6361vlxknolQ,learn_relquest,1.0,"[6, 5]",26.0,3.557,0,1.0,242,second
Qifm5p7xchrfjn6361vlxknolQ,learn_relquest,1.0,"[7, 6]",27.0,0.232,0,1.0,243,second
Qifm5p7xchrfjn6361vlxknolQ,learn_relquest,1.0,"[5, 6]",0.0,3.122,0,1.0,329,third
Qifm5p7xchrfjn6361vlxknolQ,learn_relquest,1.0,"[3, 5]",1.0,1.68,0,1.0,330,third
Qifm5p7xchrfjn6361vlxknolQ,learn_relquest,1.0,"[2, 6]",2.0,2.206,1,0.0,331,third
Qifm5p7xchrfjn6361vlxknolQ,learn_relquest,1.0,"[7, 0]",3.0,1.263,1,0.0,332,third
Qifm5p7xchrfjn6361vlxknolQ,learn_relquest,1.0,"[1, 7]",4.0,1.654,0,1.0,333,third
Qifm5p7xchrfjn6361vlxknolQ,learn_relquest,0.0,"[3, 7]",5.0,1.437,1,1.0,334,third
Qifm5p7xchrfjn6361vlxknolQ,learn_relquest,1.0,"[6, 7]",6.0,1.257,1,0.0,335,third
Qifm5p7xchrfjn6361vlxknolQ,learn_relquest,0.0,"[2, 7]",7.0,83.119,1,1.0,336,third
Qifm5p7xchrfjn6361vlxknolQ,learn_relquest,1.0,"[5, 3]",8.0,2.057,0,1.0,337,third
Qifm5p7xchrfjn6361vlxknolQ,learn_relquest,0.0,"[5, 4]",9.0,1.87,1,1.0,338,third
Qifm5p7xchrfjn6361vlxknolQ,learn_relquest,0.0,"[3, 6]",10.0,2.675,1,1.0,339,third
Qifm5p7xchrfjn6361vlxknolQ,learn_relquest,1.0,"[0, 7]",11.0,3.988,0,1.0,340,third
Qifm5p7xchrfjn6361vlxknolQ,learn_relquest,1.0,"[7, 6]",12.0,0.017,0,1.0,341,third
Qifm5p7xchrfjn6361vlxknolQ,learn_relquest,0.0,"[6, 4]",13.0,2.009,1,1.0,342,third
Qifm5p7xchrfjn6361vlxknolQ,learn_relquest,0.0,"[6, 0]",14.0,1.415,0,0.0,343,third
Qifm5p7xchrfjn6361vlxknolQ,learn_relquest,1.0,"[1, 4]",15.0,1.277,1,0.0,344,third
Qifm5p7xchrfjn6361vlxknolQ,learn_relquest,0.0,"[4, 2]",16.0,1.193,1,1.0,345,third
Qifm5p7xchrfjn6361vlxknolQ,learn_relquest,1.0,"[4, 1]",17.0,1.692,0,1.0,346,third
Qifm5p7xchrfjn6361vlxknolQ,learn_relquest,1.0,"[6, 2]",18.0,2.474,0,1.0,347,third
Qifm5p7xchrfjn6361vlxknolQ,learn_relquest,1.0,"[7, 1]",19.0,1.709,0,1.0,348,third
Qifm5p7xchrfjn6361vlxknolQ,learn_relquest,0.0,"[3, 1]",20.0,2.214,1,1.0,349,third
Qifm5p7xchrfjn6361vlxknolQ,learn_relquest,1.0,"[6, 5]",21.0,1.369,0,1.0,350,third
Qifm5p7xchrfjn6361vlxknolQ,learn_relquest,0.0,"[2, 5]",22.0,1.474,1,1.0,351,third
Qifm5p7xchrfjn6361vlxknolQ,learn_relquest,0.0,"[2, 1]",23.0,2.19,0,0.0,352,third
Qifm5p7xchrfjn6361vlxknolQ,learn_relquest,0.0,"[4, 3]",24.0,0.921,1,1.0,353,third
Qifm5p7xchrfjn6361vlxknolQ,learn_relquest,0.0,"[3, 4]",25.0,1.179,1,1.0,354,third
Qifm5p7xchrfjn6361vlxknolQ,learn_relquest,0.0,"[7, 4]",26.0,1.999,1,1.0,355,third
Qifm5p7xchrfjn6361vlxknolQ,learn_relquest,0.0,"[6, 1]",27.0,1.699,0,0.0,356,third
Qifm5p7xchrfjn6361vlxknolQ,learn_relquest,1.0,"[0, 7]",0.0,2.124,0,1.0,442,fourth
Qifm5p7xchrfjn6361vlxknolQ,learn_relquest,1.0,"[7, 6]",1.0,2.139,0,1.0,443,fourth
Qifm5p7xchrfjn6361vlxknolQ,learn_relquest,1.0,"[3, 5]",2.0,1.506,0,1.0,444,fourth
Qifm5p7xchrfjn6361vlxknolQ,learn_relquest,0.0,"[2, 5]",3.0,2.87,1,1.0,445,fourth
Qifm5p7xchrfjn6361vlxknolQ,learn_relquest,1.0,"[6, 2]",4.0,1.274,0,1.0,446,fourth
Qifm5p7xchrfjn6361vlxknolQ,learn_relquest,0.0,"[1, 3]",5.0,1.29,0,0.0,447,fourth
Qifm5p7xchrfjn6361vlxknolQ,learn_relquest,0.0,"[0, 1]",6.0,2.156,0,0.0,448,fourth
Qifm5p7xchrfjn6361vlxknolQ,learn_relquest,1.0,"[2, 6]",7.0,1.84,1,0.0,449,fourth
Qifm5p7xchrfjn6361vlxknolQ,learn_relquest,1.0,"[4, 1]",8.0,1.604,1,0.0,450,fourth
Qifm5p7xchrfjn6361vlxknolQ,learn_relquest,1.0,"[7, 1]",9.0,2.074,0,1.0,451,fourth
Qifm5p7xchrfjn6361vlxknolQ,learn_relquest,0.0,"[7, 2]",10.0,1.291,1,1.0,452,fourth
Qifm5p7xchrfjn6361vlxknolQ,learn_relquest,1.0,"[1, 4]",11.0,1.386,1,0.0,453,fourth
Qifm5p7xchrfjn6361vlxknolQ,learn_relquest,0.0,"[1, 5]",12.0,1.362,0,0.0,454,fourth
Qifm5p7xchrfjn6361vlxknolQ,learn_relquest,1.0,"[5, 6]",13.0,1.604,0,1.0,455,fourth
Qifm5p7xchrfjn6361vlxknolQ,learn_relquest,1.0,"[5, 3]",14.0,1.214,0,1.0,456,fourth
Qifm5p7xchrfjn6361vlxknolQ,learn_relquest,0.0,"[1, 2]",15.0,2.849,1,1.0,457,fourth
Qifm5p7xchrfjn6361vlxknolQ,learn_relquest,0.0,"[0, 5]",16.0,2.131,0,0.0,458,fourth
Qifm5p7xchrfjn6361vlxknolQ,learn_relquest,0.0,"[2, 7]",17.0,1.335,1,1.0,459,fourth
Qifm5p7xchrfjn6361vlxknolQ,learn_relquest,0.0,"[2, 1]",18.0,1.638,1,1.0,460,fourth
Qifm5p7xchrfjn6361vlxknolQ,learn_relquest,1.0,"[6, 7]",19.0,6.274,0,1.0,461,fourth
Qifm5p7xchrfjn6361vlxknolQ,learn_relquest,0.0,"[4, 6]",20.0,1.962,1,1.0,462,fourth
Qifm5p7xchrfjn6361vlxknolQ,learn_relquest,1.0,"[6, 5]",21.0,1.166,0,1.0,463,fourth
Qifm5p7xchrfjn6361vlxknolQ,learn_relquest,1.0,"[1, 7]",22.0,1.19,0,1.0,464,fourth
Qifm5p7xchrfjn6361vlxknolQ,learn_relquest,0.0,"[6, 1]",23.0,1.865,0,0.0,465,fourth
Qifm5p7xchrfjn6361vlxknolQ,learn_relquest,1.0,"[7, 0]",24.0,1.616,1,0.0,466,fourth
Qifm5p7xchrfjn6361vlxknolQ,learn_relquest,0.0,"[5, 1]",25.0,1.534,0,0.0,467,fourth
Qifm5p7xchrfjn6361vlxknolQ,learn_relquest,0.0,"[5, 4]",26.0,1.545,1,1.0,468,fourth
Qifm5p7xchrfjn6361vlxknolQ,learn_relquest,0.0,"[3, 4]",27.0,2.621,1,1.0,469,fourth
Qifm5p7xchrfjn6361vlxknolQ,learn_relquest,1.0,"[0, 7]",0.0,3.791,1,0.0,555,fifth
Qifm5p7xchrfjn6361vlxknolQ,learn_relquest,0.0,"[4, 6]",1.0,1.645,1,1.0,556,fifth
Qifm5p7xchrfjn6361vlxknolQ,learn_relquest,0.0,"[5, 1]",2.0,1.302,0,0.0,557,fifth
Qifm5p7xchrfjn6361vlxknolQ,learn_relquest,1.0,"[6, 5]",3.0,1.676,0,1.0,558,fifth
Qifm5p7xchrfjn6361vlxknolQ,learn_relquest,0.0,"[7, 4]",4.0,1.344,1,1.0,559,fifth
Qifm5p7xchrfjn6361vlxknolQ,learn_relquest,1.0,"[5, 6]",5.0,0.993,0,1.0,560,fifth
Qifm5p7xchrfjn6361vlxknolQ,learn_relquest,1.0,"[3, 5]",6.0,1.436,0,1.0,561,fifth
Qifm5p7xchrfjn6361vlxknolQ,learn_relquest,1.0,"[5, 3]",7.0,1.205,0,1.0,562,fifth
Qifm5p7xchrfjn6361vlxknolQ,learn_relquest,1.0,"[7, 1]",8.0,1.627,0,1.0,563,fifth
Qifm5p7xchrfjn6361vlxknolQ,learn_relquest,0.0,"[5, 0]",9.0,1.238,0,0.0,564,fifth
Qifm5p7xchrfjn6361vlxknolQ,learn_relquest,0.0,"[0, 2]",10.0,1.247,0,0.0,565,fifth
Qifm5p7xchrfjn6361vlxknolQ,learn_relquest,1.0,"[6, 2]",11.0,2.693,1,0.0,566,fifth
Qifm5p7xchrfjn6361vlxknolQ,learn_relquest,1.0,"[6, 7]",12.0,1.887,0,1.0,567,fifth
Qifm5p7xchrfjn6361vlxknolQ,learn_relquest,0.0,"[5, 4]",13.0,1.543,1,1.0,568,fifth
Qifm5p7xchrfjn6361vlxknolQ,learn_relquest,0.0,"[5, 7]",14.0,1.682,0,0.0,569,fifth
Qifm5p7xchrfjn6361vlxknolQ,learn_relquest,0.0,"[4, 2]",15.0,1.076,0,0.0,570,fifth
Qifm5p7xchrfjn6361vlxknolQ,learn_relquest,0.0,"[0, 1]",16.0,2.215,0,0.0,571,fifth
Qifm5p7xchrfjn6361vlxknolQ,learn_relquest,0.0,"[4, 3]",17.0,1.805,1,1.0,572,fifth
Qifm5p7xchrfjn6361vlxknolQ,learn_relquest,0.0,"[1, 6]",18.0,1.42,0,0.0,573,fifth
Qifm5p7xchrfjn6361vlxknolQ,learn_relquest,1.0,"[7, 0]",19.0,3.782,0,1.0,574,fifth
Qifm5p7xchrfjn6361vlxknolQ,learn_relquest,1.0,"[7, 6]",20.0,2.005,1,0.0,575,fifth
Qifm5p7xchrfjn6361vlxknolQ,learn_relquest,1.0,"[1, 7]",21.0,3.54,0,1.0,576,fifth
Qifm5p7xchrfjn6361vlxknolQ,learn_relquest,0.0,"[1, 0]",22.0,1.75,0,0.0,577,fifth
Qifm5p7xchrfjn6361vlxknolQ,learn_relquest,0.0,"[0, 3]",23.0,1.634,1,1.0,578,fifth
Qifm5p7xchrfjn6361vlxknolQ,learn_relquest,0.0,"[1, 5]",24.0,5.377,0,0.0,579,fifth
Qifm5p7xchrfjn6361vlxknolQ,learn_relquest,1.0,"[4, 1]",25.0,5.107,1,0.0,580,fifth
Qifm5p7xchrfjn6361vlxknolQ,learn_relquest,1.0,"[2, 6]",26.0,1.514,1,0.0,581,fifth
Qifm5p7xchrfjn6361vlxknolQ,learn_relquest,1.0,"[1, 4]",27.0,2.193,1,0.0,582,fifth
Qztbk8kxiw3fpu351calbggmuQ,learn_relquest,0.0,"[4, 2]",0.0,3.507,1,1.0,101,first
Qztbk8kxiw3fpu351calbggmuQ,learn_relquest,1.0,"[7, 6]",1.0,1.977,0,1.0,102,first
Qztbk8kxiw3fpu351calbggmuQ,learn_relquest,0.0,"[4, 0]",2.0,2.315,1,1.0,103,first
Qztbk8kxiw3fpu351calbggmuQ,learn_relquest,0.0,"[5, 7]",3.0,4.39,1,1.0,104,first
Qztbk8kxiw3fpu351calbggmuQ,learn_relquest,0.0,"[0, 2]",4.0,2.146,1,1.0,105,first
Qztbk8kxiw3fpu351calbggmuQ,learn_relquest,0.0,"[6, 1]",5.0,1.779,0,0.0,106,first
Qztbk8kxiw3fpu351calbggmuQ,learn_relquest,0.0,"[4, 5]",6.0,2.195,1,1.0,107,first
Qztbk8kxiw3fpu351calbggmuQ,learn_relquest,1.0,"[6, 2]",7.0,1.197,0,1.0,108,first
Qztbk8kxiw3fpu351calbggmuQ,learn_relquest,0.0,"[0, 4]",8.0,1.662,1,1.0,109,first
Qztbk8kxiw3fpu351calbggmuQ,learn_relquest,0.0,"[2, 0]",9.0,1.178,0,0.0,110,first
Qztbk8kxiw3fpu351calbggmuQ,learn_relquest,1.0,"[1, 7]",10.0,1.493,0,1.0,111,first
Qztbk8kxiw3fpu351calbggmuQ,learn_relquest,1.0,"[0, 7]",11.0,1.18,0,1.0,112,first
Qztbk8kxiw3fpu351calbggmuQ,learn_relquest,1.0,"[6, 7]",12.0,1.363,0,1.0,113,first
Qztbk8kxiw3fpu351calbggmuQ,learn_relquest,1.0,"[6, 5]",13.0,1.444,0,1.0,114,first
Qztbk8kxiw3fpu351calbggmuQ,learn_relquest,0.0,"[4, 7]",14.0,2.377,1,1.0,115,first
Qztbk8kxiw3fpu351calbggmuQ,learn_relquest,1.0,"[7, 0]",15.0,2.459,0,1.0,116,first
Qztbk8kxiw3fpu351calbggmuQ,learn_relquest,0.0,"[5, 0]",16.0,2.062,1,1.0,117,first
Qztbk8kxiw3fpu351calbggmuQ,learn_relquest,1.0,"[5, 3]",17.0,1.546,0,1.0,118,first
Qztbk8kxiw3fpu351calbggmuQ,learn_relquest,0.0,"[7, 3]",18.0,4.343,1,1.0,119,first
Qztbk8kxiw3fpu351calbggmuQ,learn_relquest,0.0,"[3, 2]",19.0,1.529,0,0.0,120,first
Qztbk8kxiw3fpu351calbggmuQ,learn_relquest,1.0,"[4, 1]",20.0,1.58,0,1.0,121,first
Qztbk8kxiw3fpu351calbggmuQ,learn_relquest,0.0,"[0, 3]",21.0,2.539,1,1.0,122,first
Qztbk8kxiw3fpu351calbggmuQ,learn_relquest,1.0,"[1, 4]",22.0,1.463,0,1.0,123,first
Qztbk8kxiw3fpu351calbggmuQ,learn_relquest,1.0,"[7, 1]",23.0,1.113,0,1.0,124,first
Qztbk8kxiw3fpu351calbggmuQ,learn_relquest,0.0,"[3, 0]",24.0,1.578,1,1.0,125,first
Qztbk8kxiw3fpu351calbggmuQ,learn_relquest,1.0,"[3, 5]",25.0,2.279,1,0.0,126,first
Qztbk8kxiw3fpu351calbggmuQ,learn_relquest,1.0,"[2, 6]",26.0,1.013,0,1.0,127,first
Qztbk8kxiw3fpu351calbggmuQ,learn_relquest,1.0,"[5, 6]",27.0,3.428,0,1.0,128,first
Qztbk8kxiw3fpu351calbggmuQ,learn_relquest,1.0,"[2, 6]",0.0,4.438,0,1.0,216,second
Qztbk8kxiw3fpu351calbggmuQ,learn_relquest,0.0,"[7, 2]",1.0,4.982,0,0.0,217,second
Qztbk8kxiw3fpu351calbggmuQ,learn_relquest,1.0,"[6, 5]",2.0,1.363,0,1.0,218,second
Qztbk8kxiw3fpu351calbggmuQ,learn_relquest,1.0,"[6, 7]",3.0,2.617,0,1.0,219,second
Qztbk8kxiw3fpu351calbggmuQ,learn_relquest,0.0,"[6, 4]",4.0,1.931,1,1.0,220,second
Qztbk8kxiw3fpu351calbggmuQ,learn_relquest,1.0,"[0, 7]",5.0,1.548,0,1.0,221,second
Qztbk8kxiw3fpu351calbggmuQ,learn_relquest,1.0,"[1, 4]",6.0,1.354,0,1.0,222,second
Qztbk8kxiw3fpu351calbggmuQ,learn_relquest,0.0,"[0, 4]",7.0,1.205,0,0.0,223,second
Qztbk8kxiw3fpu351calbggmuQ,learn_relquest,1.0,"[7, 6]",8.0,2.929,0,1.0,224,second
Qztbk8kxiw3fpu351calbggmuQ,learn_relquest,1.0,"[5, 3]",9.0,0.957,0,1.0,225,second
Qztbk8kxiw3fpu351calbggmuQ,learn_relquest,1.0,"[6, 2]",10.0,1.08,0,1.0,226,second
Qztbk8kxiw3fpu351calbggmuQ,learn_relquest,1.0,"[3, 5]",11.0,0.923,0,1.0,227,second
Qztbk8kxiw3fpu351calbggmuQ,learn_relquest,0.0,"[3, 2]",12.0,2.705,0,0.0,228,second
Qztbk8kxiw3fpu351calbggmuQ,learn_relquest,1.0,"[4, 1]",13.0,1.938,0,1.0,229,second
Qztbk8kxiw3fpu351calbggmuQ,learn_relquest,1.0,"[7, 1]",14.0,1.518,0,1.0,230,second
Qztbk8kxiw3fpu351calbggmuQ,learn_relquest,0.0,"[2, 0]",15.0,1.955,0,0.0,231,second
Qztbk8kxiw3fpu351calbggmuQ,learn_relquest,1.0,"[5, 6]",16.0,1.778,0,1.0,232,second
Qztbk8kxiw3fpu351calbggmuQ,learn_relquest,0.0,"[7, 5]",17.0,2.451,1,1.0,233,second
Qztbk8kxiw3fpu351calbggmuQ,learn_relquest,0.0,"[3, 0]",18.0,1.813,1,1.0,234,second
Qztbk8kxiw3fpu351calbggmuQ,learn_relquest,1.0,"[1, 7]",19.0,1.166,0,1.0,235,second
Qztbk8kxiw3fpu351calbggmuQ,learn_relquest,0.0,"[1, 0]",20.0,1.083,0,0.0,236,second
Qztbk8kxiw3fpu351calbggmuQ,learn_relquest,0.0,"[0, 5]",21.0,1.064,0,0.0,237,second
Qztbk8kxiw3fpu351calbggmuQ,learn_relquest,0.0,"[3, 7]",22.0,1.808,0,0.0,238,second
Qztbk8kxiw3fpu351calbggmuQ,learn_relquest,0.0,"[3, 6]",23.0,1.144,0,0.0,239,second
Qztbk8kxiw3fpu351calbggmuQ,learn_relquest,1.0,"[7, 0]",24.0,0.825,0,1.0,240,second
Qztbk8kxiw3fpu351calbggmuQ,learn_relquest,0.0,"[4, 5]",25.0,1.08,0,0.0,241,second
Qztbk8kxiw3fpu351calbggmuQ,learn_relquest,0.0,"[4, 2]",26.0,6.071,0,0.0,242,second
Qztbk8kxiw3fpu351calbggmuQ,learn_relquest,0.0,"[0, 1]",27.0,2.208,0,0.0,243,second
Qztbk8kxiw3fpu351calbggmuQ,learn_relquest,0.0,"[1, 5]",0.0,3.661,1,1.0,329,third
Qztbk8kxiw3fpu351calbggmuQ,learn_relquest,0.0,"[3, 0]",1.0,2.743,1,1.0,330,third
Qztbk8kxiw3fpu351calbggmuQ,learn_relquest,0.0,"[4, 5]",2.0,1.845,1,1.0,331,third
Qztbk8kxiw3fpu351calbggmuQ,learn_relquest,1.0,"[4, 1]",3.0,1.312,0,1.0,332,third
Qztbk8kxiw3fpu351calbggmuQ,learn_relquest,1.0,"[7, 6]",4.0,1.148,0,1.0,333,third
Qztbk8kxiw3fpu351calbggmuQ,learn_relquest,1.0,"[5, 6]",5.0,1.278,0,1.0,334,third
Qztbk8kxiw3fpu351calbggmuQ,learn_relquest,1.0,"[2, 6]",6.0,1.281,0,1.0,335,third
Qztbk8kxiw3fpu351calbggmuQ,learn_relquest,1.0,"[5, 3]",7.0,1.312,0,1.0,336,third
Qztbk8kxiw3fpu351calbggmuQ,learn_relquest,1.0,"[0, 7]",8.0,1.429,0,1.0,337,third
Qztbk8kxiw3fpu351calbggmuQ,learn_relquest,1.0,"[3, 5]",9.0,0.863,0,1.0,338,third
Qztbk8kxiw3fpu351calbggmuQ,learn_relquest,1.0,"[7, 1]",10.0,1.231,0,1.0,339,third
Qztbk8kxiw3fpu351calbggmuQ,learn_relquest,0.0,"[4, 2]",11.0,2.66,1,1.0,340,third
Qztbk8kxiw3fpu351calbggmuQ,learn_relquest,0.0,"[4, 7]",12.0,0.331,1,1.0,341,third
Qztbk8kxiw3fpu351calbggmuQ,learn_relquest,0.0,"[4, 6]",13.0,2.79,1,1.0,342,third
Qztbk8kxiw3fpu351calbggmuQ,learn_relquest,0.0,"[6, 4]",14.0,1.467,1,1.0,343,third
Qztbk8kxiw3fpu351calbggmuQ,learn_relquest,1.0,"[6, 7]",15.0,1.722,0,1.0,344,third
Qztbk8kxiw3fpu351calbggmuQ,learn_relquest,1.0,"[1, 4]",16.0,1.149,0,1.0,345,third
Qztbk8kxiw3fpu351calbggmuQ,learn_relquest,0.0,"[1, 3]",17.0,0.995,0,0.0,346,third
Qztbk8kxiw3fpu351calbggmuQ,learn_relquest,0.0,"[7, 2]",18.0,2.644,0,0.0,347,third
Qztbk8kxiw3fpu351calbggmuQ,learn_relquest,1.0,"[6, 2]",19.0,1.296,0,1.0,348,third
Qztbk8kxiw3fpu351calbggmuQ,learn_relquest,0.0,"[0, 5]",20.0,2.613,1,1.0,349,third
Qztbk8kxiw3fpu351calbggmuQ,learn_relquest,0.0,"[4, 3]",21.0,1.794,1,1.0,350,third
Qztbk8kxiw3fpu351calbggmuQ,learn_relquest,1.0,"[7, 0]",22.0,1.612,0,1.0,351,third
Qztbk8kxiw3fpu351calbggmuQ,learn_relquest,0.0,"[3, 2]",23.0,1.048,0,0.0,352,third
Qztbk8kxiw3fpu351calbggmuQ,learn_relquest,1.0,"[1, 7]",24.0,1.347,0,1.0,353,third
Qztbk8kxiw3fpu351calbggmuQ,learn_relquest,0.0,"[7, 5]",25.0,1.475,0,0.0,354,third
Qztbk8kxiw3fpu351calbggmuQ,learn_relquest,1.0,"[6, 5]",26.0,1.017,0,1.0,355,third
Qztbk8kxiw3fpu351calbggmuQ,learn_relquest,0.0,"[6, 0]",27.0,1.043,0,0.0,356,third
Qztbk8kxiw3fpu351calbggmuQ,learn_relquest,1.0,"[2, 6]",0.0,2.439,0,1.0,442,fourth
Qztbk8kxiw3fpu351calbggmuQ,learn_relquest,1.0,"[5, 6]",1.0,1.345,0,1.0,443,fourth
Qztbk8kxiw3fpu351calbggmuQ,learn_relquest,1.0,"[7, 6]",2.0,1.746,0,1.0,444,fourth
Qztbk8kxiw3fpu351calbggmuQ,learn_relquest,1.0,"[3, 5]",3.0,1.313,0,1.0,445,fourth
Qztbk8kxiw3fpu351calbggmuQ,learn_relquest,0.0,"[4, 3]",4.0,1.513,1,1.0,446,fourth
Qztbk8kxiw3fpu351calbggmuQ,learn_relquest,1.0,"[0, 7]",5.0,1.346,0,1.0,447,fourth
Qztbk8kxiw3fpu351calbggmuQ,learn_relquest,0.0,"[7, 2]",6.0,1.628,1,1.0,448,fourth
Qztbk8kxiw3fpu351calbggmuQ,learn_relquest,0.0,"[3, 6]",7.0,1.132,0,0.0,449,fourth
Qztbk8kxiw3fpu351calbggmuQ,learn_relquest,1.0,"[7, 0]",8.0,1.011,0,1.0,450,fourth
Qztbk8kxiw3fpu351calbggmuQ,learn_relquest,0.0,"[2, 0]",9.0,1.612,1,1.0,451,fourth
Qztbk8kxiw3fpu351calbggmuQ,learn_relquest,0.0,"[3, 4]",10.0,1.445,1,1.0,452,fourth
Qztbk8kxiw3fpu351calbggmuQ,learn_relquest,0.0,"[4, 2]",11.0,1.044,1,1.0,453,fourth
Qztbk8kxiw3fpu351calbggmuQ,learn_relquest,0.0,"[0, 2]",12.0,1.713,1,1.0,454,fourth
Qztbk8kxiw3fpu351calbggmuQ,learn_relquest,1.0,"[4, 1]",13.0,1.415,0,1.0,455,fourth
Qztbk8kxiw3fpu351calbggmuQ,learn_relquest,0.0,"[6, 0]",14.0,1.444,0,0.0,456,fourth
Qztbk8kxiw3fpu351calbggmuQ,learn_relquest,0.0,"[7, 5]",15.0,1.029,0,0.0,457,fourth
Qztbk8kxiw3fpu351calbggmuQ,learn_relquest,0.0,"[6, 4]",16.0,1.212,0,0.0,458,fourth
Qztbk8kxiw3fpu351calbggmuQ,learn_relquest,1.0,"[1, 7]",17.0,0.797,0,1.0,459,fourth
Qztbk8kxiw3fpu351calbggmuQ,learn_relquest,1.0,"[6, 7]",18.0,0.757,0,1.0,460,fourth
Qztbk8kxiw3fpu351calbggmuQ,learn_relquest,0.0,"[0, 5]",19.0,0.201,0,0.0,461,fourth
Qztbk8kxiw3fpu351calbggmuQ,learn_relquest,1.0,"[1, 4]",20.0,1.597,1,0.0,462,fourth
Qztbk8kxiw3fpu351calbggmuQ,learn_relquest,1.0,"[7, 1]",21.0,0.957,0,1.0,463,fourth
Qztbk8kxiw3fpu351calbggmuQ,learn_relquest,0.0,"[2, 5]",22.0,0.665,0,0.0,464,fourth
Qztbk8kxiw3fpu351calbggmuQ,learn_relquest,0.0,"[1, 0]",23.0,0.763,0,0.0,465,fourth
Qztbk8kxiw3fpu351calbggmuQ,learn_relquest,1.0,"[6, 5]",24.0,0.699,0,1.0,466,fourth
Qztbk8kxiw3fpu351calbggmuQ,learn_relquest,0.0,"[5, 0]",25.0,0.913,0,0.0,467,fourth
Qztbk8kxiw3fpu351calbggmuQ,learn_relquest,1.0,"[5, 3]",26.0,1.264,0,1.0,468,fourth
Qztbk8kxiw3fpu351calbggmuQ,learn_relquest,1.0,"[6, 2]",27.0,0.811,0,1.0,469,fourth
Qztbk8kxiw3fpu351calbggmuQ,learn_relquest,0.0,"[0, 4]",0.0,1.632,0,0.0,555,fifth
Qztbk8kxiw3fpu351calbggmuQ,learn_relquest,1.0,"[2, 6]",1.0,1.294,0,1.0,556,fifth
Qztbk8kxiw3fpu351calbggmuQ,learn_relquest,1.0,"[5, 3]",2.0,1.084,0,1.0,557,fifth
Qztbk8kxiw3fpu351calbggmuQ,learn_relquest,0.0,"[2, 7]",3.0,1.137,0,0.0,558,fifth
Qztbk8kxiw3fpu351calbggmuQ,learn_relquest,1.0,"[6, 2]",4.0,0.716,0,1.0,559,fifth
Qztbk8kxiw3fpu351calbggmuQ,learn_relquest,0.0,"[6, 1]",5.0,1.129,0,0.0,560,fifth
Qztbk8kxiw3fpu351calbggmuQ,learn_relquest,0.0,"[7, 4]",6.0,1.911,1,1.0,561,fifth
Qztbk8kxiw3fpu351calbggmuQ,learn_relquest,0.0,"[4, 7]",7.0,1.359,0,0.0,562,fifth
Qztbk8kxiw3fpu351calbggmuQ,learn_relquest,1.0,"[6, 5]",8.0,1.076,1,0.0,563,fifth
Qztbk8kxiw3fpu351calbggmuQ,learn_relquest,1.0,"[7, 6]",9.0,1.214,0,1.0,564,fifth
Qztbk8kxiw3fpu351calbggmuQ,learn_relquest,0.0,"[4, 0]",10.0,0.431,0,0.0,565,fifth
Qztbk8kxiw3fpu351calbggmuQ,learn_relquest,1.0,"[6, 7]",11.0,1.462,0,1.0,566,fifth
Qztbk8kxiw3fpu351calbggmuQ,learn_relquest,1.0,"[4, 1]",12.0,0.896,0,1.0,567,fifth
Qztbk8kxiw3fpu351calbggmuQ,learn_relquest,0.0,"[5, 2]",13.0,0.93,0,0.0,568,fifth
Qztbk8kxiw3fpu351calbggmuQ,learn_relquest,0.0,"[2, 5]",14.0,1.113,0,0.0,569,fifth
Qztbk8kxiw3fpu351calbggmuQ,learn_relquest,1.0,"[1, 7]",15.0,1.329,0,1.0,570,fifth
Qztbk8kxiw3fpu351calbggmuQ,learn_relquest,1.0,"[3, 5]",16.0,1.629,0,1.0,571,fifth
Qztbk8kxiw3fpu351calbggmuQ,learn_relquest,1.0,"[0, 7]",17.0,0.647,0,1.0,572,fifth
Qztbk8kxiw3fpu351calbggmuQ,learn_relquest,0.0,"[1, 2]",18.0,0.829,0,0.0,573,fifth
Qztbk8kxiw3fpu351calbggmuQ,learn_relquest,0.0,"[0, 6]",19.0,0.764,0,0.0,574,fifth
Qztbk8kxiw3fpu351calbggmuQ,learn_relquest,0.0,"[6, 4]",20.0,1.029,0,0.0,575,fifth
Qztbk8kxiw3fpu351calbggmuQ,learn_relquest,0.0,"[0, 5]",21.0,0.65,0,0.0,576,fifth
Qztbk8kxiw3fpu351calbggmuQ,learn_relquest,1.0,"[1, 4]",22.0,0.645,0,1.0,577,fifth
Qztbk8kxiw3fpu351calbggmuQ,learn_relquest,1.0,"[7, 1]",23.0,0.763,0,1.0,578,fifth
Qztbk8kxiw3fpu351calbggmuQ,learn_relquest,0.0,"[1, 6]",24.0,0.617,0,0.0,579,fifth
Qztbk8kxiw3fpu351calbggmuQ,learn_relquest,1.0,"[5, 6]",25.0,0.627,0,1.0,580,fifth
Qztbk8kxiw3fpu351calbggmuQ,learn_relquest,1.0,"[7, 0]",26.0,0.966,0,1.0,581,fifth
Qztbk8kxiw3fpu351calbggmuQ,learn_relquest,0.0,"[0, 3]",27.0,1.026,0,0.0,582,fifth
Qv46cyxd55287ybz4g24oopg7Q,learn_relquest,1.0,"[6, 5]",0.0,13.903,0,1.0,73,first
Qv46cyxd55287ybz4g24oopg7Q,learn_relquest,1.0,"[0, 7]",1.0,0.959,0,1.0,74,first
Qv46cyxd55287ybz4g24oopg7Q,learn_relquest,0.0,"[5, 2]",2.0,0.673,0,0.0,75,first
Qv46cyxd55287ybz4g24oopg7Q,learn_relquest,0.0,"[7, 4]",3.0,0.484,1,1.0,76,first
Qv46cyxd55287ybz4g24oopg7Q,learn_relquest,0.0,"[2, 4]",4.0,0.424,0,0.0,77,first
Qv46cyxd55287ybz4g24oopg7Q,learn_relquest,1.0,"[3, 5]",5.0,0.42,1,0.0,78,first
Qv46cyxd55287ybz4g24oopg7Q,learn_relquest,1.0,"[6, 2]",6.0,0.836,1,0.0,79,first
Qv46cyxd55287ybz4g24oopg7Q,learn_relquest,0.0,"[0, 4]",7.0,1.251,1,1.0,80,first
Qv46cyxd55287ybz4g24oopg7Q,learn_relquest,1.0,"[6, 7]",8.0,1.11,0,1.0,81,first
Qv46cyxd55287ybz4g24oopg7Q,learn_relquest,0.0,"[3, 2]",9.0,0.785,0,0.0,82,first
Qv46cyxd55287ybz4g24oopg7Q,learn_relquest,0.0,"[1, 6]",10.0,0.881,0,0.0,83,first
Qv46cyxd55287ybz4g24oopg7Q,learn_relquest,0.0,"[5, 0]",11.0,0.738,0,0.0,84,first
Qv46cyxd55287ybz4g24oopg7Q,learn_relquest,0.0,"[7, 3]",12.0,1.175,0,0.0,85,first
Qv46cyxd55287ybz4g24oopg7Q,learn_relquest,1.0,"[7, 1]",13.0,0.594,0,1.0,86,first
Qv46cyxd55287ybz4g24oopg7Q,learn_relquest,0.0,"[3, 2]",0.0,4.449,1,1.0,146,second
Qv46cyxd55287ybz4g24oopg7Q,learn_relquest,0.0,"[0, 3]",1.0,4.103,1,1.0,147,second
Qv46cyxd55287ybz4g24oopg7Q,learn_relquest,1.0,"[2, 6]",2.0,3.062,0,1.0,148,second
Qv46cyxd55287ybz4g24oopg7Q,learn_relquest,1.0,"[7, 0]",3.0,4.012,1,0.0,149,second
Qv46cyxd55287ybz4g24oopg7Q,learn_relquest,1.0,"[4, 1]",4.0,2.0,0,1.0,150,second
Qv46cyxd55287ybz4g24oopg7Q,learn_relquest,1.0,"[3, 5]",5.0,2.143,0,1.0,151,second
Qv46cyxd55287ybz4g24oopg7Q,learn_relquest,1.0,"[7, 1]",6.0,7.264,0,1.0,152,second
Qv46cyxd55287ybz4g24oopg7Q,learn_relquest,0.0,"[0, 2]",7.0,4.405,1,1.0,153,second
Qv46cyxd55287ybz4g24oopg7Q,learn_relquest,0.0,"[5, 4]",8.0,4.198,1,1.0,154,second
Qv46cyxd55287ybz4g24oopg7Q,learn_relquest,0.0,"[6, 0]",9.0,1.627,0,0.0,155,second
Qv46cyxd55287ybz4g24oopg7Q,learn_relquest,0.0,"[1, 3]",10.0,3.759,0,0.0,156,second
Qv46cyxd55287ybz4g24oopg7Q,learn_relquest,0.0,"[7, 4]",11.0,2.014,0,0.0,157,second
Qv46cyxd55287ybz4g24oopg7Q,learn_relquest,1.0,"[5, 6]",12.0,5.452,0,1.0,158,second
Qv46cyxd55287ybz4g24oopg7Q,learn_relquest,0.0,"[2, 1]",13.0,3.77,1,1.0,159,second
Qv46cyxd55287ybz4g24oopg7Q,learn_relquest,0.0,"[7, 4]",0.0,8.532,0,0.0,217,third
Qv46cyxd55287ybz4g24oopg7Q,learn_relquest,0.0,"[5, 4]",1.0,2.068,1,1.0,218,third
Qv46cyxd55287ybz4g24oopg7Q,learn_relquest,1.0,"[6, 5]",2.0,2.24,0,1.0,219,third
Qv46cyxd55287ybz4g24oopg7Q,learn_relquest,1.0,"[5, 3]",3.0,2.095,1,0.0,220,third
Qv46cyxd55287ybz4g24oopg7Q,learn_relquest,0.0,"[4, 6]",4.0,2.852,1,1.0,221,third
Qv46cyxd55287ybz4g24oopg7Q,learn_relquest,0.0,"[6, 4]",5.0,1.265,1,1.0,222,third
Qv46cyxd55287ybz4g24oopg7Q,learn_relquest,1.0,"[4, 1]",6.0,1.808,1,0.0,223,third
Qv46cyxd55287ybz4g24oopg7Q,learn_relquest,1.0,"[0, 7]",7.0,1.679,0,1.0,224,third
Qv46cyxd55287ybz4g24oopg7Q,learn_relquest,1.0,"[6, 2]",8.0,3.38,0,1.0,225,third
Qv46cyxd55287ybz4g24oopg7Q,learn_relquest,1.0,"[7, 6]",9.0,1.527,0,1.0,226,third
Qv46cyxd55287ybz4g24oopg7Q,learn_relquest,1.0,"[7, 0]",10.0,7.742,0,1.0,227,third
Qv46cyxd55287ybz4g24oopg7Q,learn_relquest,0.0,"[2, 4]",11.0,2.202,1,1.0,228,third
Qv46cyxd55287ybz4g24oopg7Q,learn_relquest,1.0,"[1, 7]",12.0,2.795,1,0.0,229,third
Qv46cyxd55287ybz4g24oopg7Q,learn_relquest,1.0,"[5, 6]",13.0,1.796,0,1.0,230,third
Qv46cyxd55287ybz4g24oopg7Q,learn_relquest,1.0,"[0, 7]",0.0,3.916,1,0.0,288,fourth
Qv46cyxd55287ybz4g24oopg7Q,learn_relquest,1.0,"[6, 2]",1.0,3.93,1,0.0,289,fourth
Qv46cyxd55287ybz4g24oopg7Q,learn_relquest,0.0,"[5, 4]",2.0,4.016,1,1.0,290,fourth
Qv46cyxd55287ybz4g24oopg7Q,learn_relquest,1.0,"[6, 7]",3.0,1.666,0,1.0,291,fourth
Qv46cyxd55287ybz4g24oopg7Q,learn_relquest,1.0,"[1, 4]",4.0,2.482,0,1.0,292,fourth
Qv46cyxd55287ybz4g24oopg7Q,learn_relquest,0.0,"[4, 0]",5.0,3.51,1,1.0,293,fourth
Qv46cyxd55287ybz4g24oopg7Q,learn_relquest,1.0,"[1, 7]",6.0,4.696,0,1.0,294,fourth
Qv46cyxd55287ybz4g24oopg7Q,learn_relquest,1.0,"[5, 3]",7.0,4.037,0,1.0,295,fourth
Qv46cyxd55287ybz4g24oopg7Q,learn_relquest,0.0,"[1, 6]",8.0,2.701,1,1.0,296,fourth
Qv46cyxd55287ybz4g24oopg7Q,learn_relquest,0.0,"[3, 1]",9.0,4.551,1,1.0,297,fourth
Qv46cyxd55287ybz4g24oopg7Q,learn_relquest,0.0,"[6, 1]",10.0,3.775,1,1.0,298,fourth
Qv46cyxd55287ybz4g24oopg7Q,learn_relquest,1.0,"[3, 5]",11.0,3.358,1,0.0,299,fourth
Qv46cyxd55287ybz4g24oopg7Q,learn_relquest,1.0,"[6, 5]",12.0,3.551,1,0.0,300,fourth
Qv46cyxd55287ybz4g24oopg7Q,learn_relquest,0.0,"[2, 7]",13.0,5.678,1,1.0,301,fourth
Qorg7peapbumj9d003tv079ccQ,learn_relquest,1.0,"[4, 1]",0.0,4.17,0,1.0,101,first
Qorg7peapbumj9d003tv079ccQ,learn_relquest,0.0,"[1, 6]",1.0,1.843,0,0.0,102,first
Qorg7peapbumj9d003tv079ccQ,learn_relquest,1.0,"[7, 0]",2.0,1.572,0,1.0,103,first
Qorg7peapbumj9d003tv079ccQ,learn_relquest,0.0,"[2, 7]",3.0,1.741,1,1.0,104,first
Qorg7peapbumj9d003tv079ccQ,learn_relquest,1.0,"[2, 6]",4.0,1.906,1,0.0,105,first
Qorg7peapbumj9d003tv079ccQ,learn_relquest,1.0,"[7, 1]",5.0,1.005,0,1.0,106,first
Qorg7peapbumj9d003tv079ccQ,learn_relquest,1.0,"[1, 4]",6.0,1.656,1,0.0,107,first
Qorg7peapbumj9d003tv079ccQ,learn_relquest,1.0,"[6, 7]",7.0,2.608,0,1.0,108,first
Qorg7peapbumj9d003tv079ccQ,learn_relquest,0.0,"[4, 6]",8.0,2.006,0,0.0,109,first
Qorg7peapbumj9d003tv079ccQ,learn_relquest,0.0,"[2, 3]",9.0,1.392,1,1.0,110,first
Qorg7peapbumj9d003tv079ccQ,learn_relquest,1.0,"[3, 5]",10.0,1.566,1,0.0,111,first
Qorg7peapbumj9d003tv079ccQ,learn_relquest,0.0,"[7, 5]",11.0,1.566,0,0.0,112,first
Qorg7peapbumj9d003tv079ccQ,learn_relquest,0.0,"[7, 3]",12.0,3.172,1,1.0,113,first
Qorg7peapbumj9d003tv079ccQ,learn_relquest,0.0,"[4, 5]",13.0,0.94,0,0.0,114,first
Qorg7peapbumj9d003tv079ccQ,learn_relquest,1.0,"[5, 3]",14.0,1.523,0,1.0,115,first
Qorg7peapbumj9d003tv079ccQ,learn_relquest,1.0,"[5, 6]",15.0,0.948,1,0.0,116,first
Qorg7peapbumj9d003tv079ccQ,learn_relquest,1.0,"[6, 2]",16.0,1.969,0,1.0,117,first
Qorg7peapbumj9d003tv079ccQ,learn_relquest,0.0,"[6, 1]",17.0,1.209,0,0.0,118,first
Qorg7peapbumj9d003tv079ccQ,learn_relquest,1.0,"[0, 7]",18.0,1.317,0,1.0,119,first
Qorg7peapbumj9d003tv079ccQ,learn_relquest,0.0,"[3, 1]",19.0,1.097,1,1.0,120,first
Qorg7peapbumj9d003tv079ccQ,learn_relquest,0.0,"[0, 4]",20.0,1.705,1,1.0,121,first
Qorg7peapbumj9d003tv079ccQ,learn_relquest,0.0,"[3, 6]",21.0,4.586,1,1.0,122,first
Qorg7peapbumj9d003tv079ccQ,learn_relquest,0.0,"[5, 4]",22.0,2.163,1,1.0,123,first
Qorg7peapbumj9d003tv079ccQ,learn_relquest,1.0,"[1, 7]",23.0,0.81,0,1.0,124,first
Qorg7peapbumj9d003tv079ccQ,learn_relquest,0.0,"[3, 0]",24.0,1.294,0,0.0,125,first
Qorg7peapbumj9d003tv079ccQ,learn_relquest,1.0,"[6, 5]",25.0,2.148,0,1.0,126,first
Qorg7peapbumj9d003tv079ccQ,learn_relquest,0.0,"[0, 6]",26.0,1.221,0,0.0,127,first
Qorg7peapbumj9d003tv079ccQ,learn_relquest,1.0,"[7, 6]",27.0,0.831,0,1.0,128,first
Qorg7peapbumj9d003tv079ccQ,learn_relquest,0.0,"[1, 3]",0.0,1.644,0,0.0,216,second
Qorg7peapbumj9d003tv079ccQ,learn_relquest,0.0,"[7, 3]",1.0,0.58,0,0.0,217,second
Qorg7peapbumj9d003tv079ccQ,learn_relquest,0.0,"[3, 2]",2.0,0.946,0,0.0,218,second
Qorg7peapbumj9d003tv079ccQ,learn_relquest,0.0,"[2, 5]",3.0,0.854,0,0.0,219,second
Qorg7peapbumj9d003tv079ccQ,learn_relquest,1.0,"[6, 7]",4.0,0.844,0,1.0,220,second
Qorg7peapbumj9d003tv079ccQ,learn_relquest,1.0,"[1, 7]",5.0,1.318,0,1.0,221,second
Qorg7peapbumj9d003tv079ccQ,learn_relquest,1.0,"[7, 0]",6.0,0.841,0,1.0,222,second
Qorg7peapbumj9d003tv079ccQ,learn_relquest,0.0,"[1, 6]",7.0,0.497,0,0.0,223,second
Qorg7peapbumj9d003tv079ccQ,learn_relquest,0.0,"[3, 6]",8.0,2.548,1,1.0,224,second
Qorg7peapbumj9d003tv079ccQ,learn_relquest,1.0,"[1, 4]",9.0,0.707,0,1.0,225,second
Qorg7peapbumj9d003tv079ccQ,learn_relquest,0.0,"[2, 0]",10.0,0.738,1,1.0,226,second
Qorg7peapbumj9d003tv079ccQ,learn_relquest,1.0,"[5, 3]",11.0,0.319,0,1.0,227,second
Qorg7peapbumj9d003tv079ccQ,learn_relquest,1.0,"[4, 1]",12.0,1.637,1,0.0,228,second
Qorg7peapbumj9d003tv079ccQ,learn_relquest,1.0,"[7, 1]",13.0,0.337,0,1.0,229,second
Qorg7peapbumj9d003tv079ccQ,learn_relquest,1.0,"[6, 2]",14.0,0.374,0,1.0,230,second
Qorg7peapbumj9d003tv079ccQ,learn_relquest,0.0,"[6, 0]",15.0,0.409,0,0.0,231,second
Qorg7peapbumj9d003tv079ccQ,learn_relquest,0.0,"[2, 4]",16.0,0.537,0,0.0,232,second
Qorg7peapbumj9d003tv079ccQ,learn_relquest,0.0,"[5, 0]",17.0,0.933,0,0.0,233,second
Qorg7peapbumj9d003tv079ccQ,learn_relquest,0.0,"[6, 4]",18.0,0.531,0,0.0,234,second
Qorg7peapbumj9d003tv079ccQ,learn_relquest,0.0,"[4, 3]",19.0,0.558,1,1.0,235,second
Qorg7peapbumj9d003tv079ccQ,learn_relquest,1.0,"[3, 5]",20.0,0.419,0,1.0,236,second
Qorg7peapbumj9d003tv079ccQ,learn_relquest,1.0,"[7, 6]",21.0,0.469,0,1.0,237,second
Qorg7peapbumj9d003tv079ccQ,learn_relquest,1.0,"[6, 5]",22.0,0.585,0,1.0,238,second
Qorg7peapbumj9d003tv079ccQ,learn_relquest,1.0,"[5, 6]",23.0,0.656,0,1.0,239,second
Qorg7peapbumj9d003tv079ccQ,learn_relquest,1.0,"[2, 6]",24.0,0.389,0,1.0,240,second
Qorg7peapbumj9d003tv079ccQ,learn_relquest,0.0,"[4, 6]",25.0,0.547,0,0.0,241,second
Qorg7peapbumj9d003tv079ccQ,learn_relquest,0.0,"[0, 5]",26.0,0.504,0,0.0,242,second
Qorg7peapbumj9d003tv079ccQ,learn_relquest,1.0,"[0, 7]",27.0,0.989,0,1.0,243,second
Qorg7peapbumj9d003tv079ccQ,learn_relquest,0.0,"[4, 0]",0.0,1.544,0,0.0,329,third
Qorg7peapbumj9d003tv079ccQ,learn_relquest,1.0,"[6, 2]",1.0,0.849,0,1.0,330,third
Qorg7peapbumj9d003tv079ccQ,learn_relquest,1.0,"[1, 4]",2.0,0.375,0,1.0,331,third
Qorg7peapbumj9d003tv079ccQ,learn_relquest,1.0,"[7, 0]",3.0,0.336,0,1.0,332,third
Qorg7peapbumj9d003tv079ccQ,learn_relquest,1.0,"[2, 6]",4.0,0.169,0,1.0,333,third
Qorg7peapbumj9d003tv079ccQ,learn_relquest,0.0,"[0, 4]",5.0,0.179,0,0.0,334,third
Qorg7peapbumj9d003tv079ccQ,learn_relquest,1.0,"[3, 5]",6.0,0.174,0,1.0,335,third
Qorg7peapbumj9d003tv079ccQ,learn_relquest,1.0,"[1, 7]",7.0,0.16,0,1.0,336,third
Qorg7peapbumj9d003tv079ccQ,learn_relquest,1.0,"[7, 1]",8.0,0.364,0,1.0,337,third
Qorg7peapbumj9d003tv079ccQ,learn_relquest,1.0,"[7, 6]",9.0,0.191,0,1.0,338,third
Qorg7peapbumj9d003tv079ccQ,learn_relquest,1.0,"[4, 1]",10.0,0.189,0,1.0,339,third
Qorg7peapbumj9d003tv079ccQ,learn_relquest,1.0,"[5, 3]",11.0,0.195,0,1.0,340,third
Qorg7peapbumj9d003tv079ccQ,learn_relquest,0.0,"[1, 6]",12.0,0.387,0,0.0,341,third
Qorg7peapbumj9d003tv079ccQ,learn_relquest,0.0,"[0, 6]",13.0,0.184,0,0.0,342,third
Qorg7peapbumj9d003tv079ccQ,learn_relquest,0.0,"[3, 7]",14.0,0.179,0,0.0,343,third
Qorg7peapbumj9d003tv079ccQ,learn_relquest,0.0,"[3, 2]",15.0,0.209,0,0.0,344,third
Qorg7peapbumj9d003tv079ccQ,learn_relquest,0.0,"[3, 6]",16.0,0.182,0,0.0,345,third
Qorg7peapbumj9d003tv079ccQ,learn_relquest,0.0,"[0, 1]",17.0,0.181,0,0.0,346,third
Qorg7peapbumj9d003tv079ccQ,learn_relquest,0.0,"[2, 3]",18.0,0.19,0,0.0,347,third
Qorg7peapbumj9d003tv079ccQ,learn_relquest,0.0,"[4, 3]",19.0,0.182,0,0.0,348,third
Qorg7peapbumj9d003tv079ccQ,learn_relquest,0.0,"[6, 4]",20.0,0.186,0,0.0,349,third
Qorg7peapbumj9d003tv079ccQ,learn_relquest,1.0,"[6, 5]",21.0,0.182,0,1.0,350,third
Qorg7peapbumj9d003tv079ccQ,learn_relquest,0.0,"[5, 1]",22.0,0.184,0,0.0,351,third
Qorg7peapbumj9d003tv079ccQ,learn_relquest,1.0,"[0, 7]",23.0,0.181,0,1.0,352,third
Qorg7peapbumj9d003tv079ccQ,learn_relquest,0.0,"[5, 4]",24.0,0.172,0,0.0,353,third
Qorg7peapbumj9d003tv079ccQ,learn_relquest,1.0,"[5, 6]",25.0,0.187,0,1.0,354,third
Qorg7peapbumj9d003tv079ccQ,learn_relquest,1.0,"[6, 7]",26.0,0.162,0,1.0,355,third
Qorg7peapbumj9d003tv079ccQ,learn_relquest,0.0,"[4, 7]",27.0,0.195,0,0.0,356,third
Qorg7peapbumj9d003tv079ccQ,learn_relquest,1.0,"[6, 2]",0.0,2.359,0,1.0,442,fourth
Qorg7peapbumj9d003tv079ccQ,learn_relquest,0.0,"[2, 4]",1.0,2.886,1,1.0,443,fourth
Qorg7peapbumj9d003tv079ccQ,learn_relquest,1.0,"[5, 6]",2.0,1.167,0,1.0,444,fourth
Qorg7peapbumj9d003tv079ccQ,learn_relquest,1.0,"[3, 5]",3.0,4.063,0,1.0,445,fourth
Qorg7peapbumj9d003tv079ccQ,learn_relquest,1.0,"[5, 3]",4.0,0.957,0,1.0,446,fourth
Qorg7peapbumj9d003tv079ccQ,learn_relquest,1.0,"[1, 4]",5.0,2.155,0,1.0,447,fourth
Qorg7peapbumj9d003tv079ccQ,learn_relquest,1.0,"[7, 0]",6.0,1.466,0,1.0,448,fourth
Qorg7peapbumj9d003tv079ccQ,learn_relquest,0.0,"[1, 2]",7.0,1.009,0,0.0,449,fourth
Qorg7peapbumj9d003tv079ccQ,learn_relquest,1.0,"[4, 1]",8.0,2.183,0,1.0,450,fourth
Qorg7peapbumj9d003tv079ccQ,learn_relquest,0.0,"[6, 0]",9.0,2.236,1,1.0,451,fourth
Qorg7peapbumj9d003tv079ccQ,learn_relquest,0.0,"[3, 4]",10.0,1.589,1,1.0,452,fourth
Qorg7peapbumj9d003tv079ccQ,learn_relquest,1.0,"[1, 7]",11.0,1.228,0,1.0,453,fourth
Qorg7peapbumj9d003tv079ccQ,learn_relquest,0.0,"[2, 3]",12.0,1.989,1,1.0,454,fourth
Qorg7peapbumj9d003tv079ccQ,learn_relquest,0.0,"[2, 0]",13.0,1.343,1,1.0,455,fourth
Qorg7peapbumj9d003tv079ccQ,learn_relquest,1.0,"[7, 1]",14.0,2.44,0,1.0,456,fourth
Qorg7peapbumj9d003tv079ccQ,learn_relquest,1.0,"[0, 7]",15.0,1.163,0,1.0,457,fourth
Qorg7peapbumj9d003tv079ccQ,learn_relquest,0.0,"[3, 2]",16.0,1.891,1,1.0,458,fourth
Qorg7peapbumj9d003tv079ccQ,learn_relquest,0.0,"[3, 0]",17.0,2.131,1,1.0,459,fourth
Qorg7peapbumj9d003tv079ccQ,learn_relquest,0.0,"[4, 0]",18.0,1.813,1,1.0,460,fourth
Qorg7peapbumj9d003tv079ccQ,learn_relquest,0.0,"[1, 5]",19.0,0.88,0,0.0,461,fourth
Qorg7peapbumj9d003tv079ccQ,learn_relquest,1.0,"[6, 5]",20.0,2.792,0,1.0,462,fourth
Qorg7peapbumj9d003tv079ccQ,learn_relquest,0.0,"[5, 0]",21.0,1.666,0,0.0,463,fourth
Qorg7peapbumj9d003tv079ccQ,learn_relquest,1.0,"[7, 6]",22.0,3.649,0,1.0,464,fourth
Qorg7peapbumj9d003tv079ccQ,learn_relquest,1.0,"[2, 6]",23.0,1.746,1,0.0,465,fourth
Qorg7peapbumj9d003tv079ccQ,learn_relquest,0.0,"[1, 0]",24.0,1.629,0,0.0,466,fourth
Qorg7peapbumj9d003tv079ccQ,learn_relquest,1.0,"[6, 7]",25.0,1.818,1,0.0,467,fourth
Qorg7peapbumj9d003tv079ccQ,learn_relquest,0.0,"[7, 5]",26.0,1.049,0,0.0,468,fourth
Qorg7peapbumj9d003tv079ccQ,learn_relquest,0.0,"[3, 6]",27.0,1.561,1,1.0,469,fourth
Qorg7peapbumj9d003tv079ccQ,learn_relquest,1.0,"[3, 5]",0.0,2.29,0,1.0,555,fifth
Qorg7peapbumj9d003tv079ccQ,learn_relquest,0.0,"[2, 4]",1.0,2.951,1,1.0,556,fifth
Qorg7peapbumj9d003tv079ccQ,learn_relquest,0.0,"[5, 0]",2.0,1.114,0,0.0,557,fifth
Qorg7peapbumj9d003tv079ccQ,learn_relquest,0.0,"[4, 7]",3.0,2.118,1,1.0,558,fifth
Qorg7peapbumj9d003tv079ccQ,learn_relquest,0.0,"[0, 5]",4.0,1.107,0,0.0,559,fifth
Qorg7peapbumj9d003tv079ccQ,learn_relquest,1.0,"[6, 2]",5.0,1.733,1,0.0,560,fifth
Qorg7peapbumj9d003tv079ccQ,learn_relquest,1.0,"[2, 6]",6.0,1.091,1,0.0,561,fifth
Qorg7peapbumj9d003tv079ccQ,learn_relquest,1.0,"[6, 7]",7.0,2.015,1,0.0,562,fifth
Qorg7peapbumj9d003tv079ccQ,learn_relquest,0.0,"[4, 6]",8.0,2.134,1,1.0,563,fifth
Qorg7peapbumj9d003tv079ccQ,learn_relquest,1.0,"[4, 1]",9.0,0.91,0,1.0,564,fifth
Qorg7peapbumj9d003tv079ccQ,learn_relquest,1.0,"[6, 5]",10.0,1.402,0,1.0,565,fifth
Qorg7peapbumj9d003tv079ccQ,learn_relquest,1.0,"[5, 6]",11.0,1.057,0,1.0,566,fifth
Qorg7peapbumj9d003tv079ccQ,learn_relquest,1.0,"[1, 4]",12.0,0.861,0,1.0,567,fifth
Qorg7peapbumj9d003tv079ccQ,learn_relquest,1.0,"[5, 3]",13.0,1.315,0,1.0,568,fifth
Qorg7peapbumj9d003tv079ccQ,learn_relquest,0.0,"[6, 0]",14.0,1.383,0,0.0,569,fifth
Qorg7peapbumj9d003tv079ccQ,learn_relquest,0.0,"[5, 2]",15.0,2.188,0,0.0,570,fifth
Qorg7peapbumj9d003tv079ccQ,learn_relquest,0.0,"[3, 6]",16.0,1.949,1,1.0,571,fifth
Qorg7peapbumj9d003tv079ccQ,learn_relquest,0.0,"[3, 2]",17.0,1.4,1,1.0,572,fifth
Qorg7peapbumj9d003tv079ccQ,learn_relquest,0.0,"[4, 5]",18.0,1.649,0,0.0,573,fifth
Qorg7peapbumj9d003tv079ccQ,learn_relquest,1.0,"[0, 7]",19.0,1.127,0,1.0,574,fifth
Qorg7peapbumj9d003tv079ccQ,learn_relquest,0.0,"[0, 1]",20.0,1.216,0,0.0,575,fifth
Qorg7peapbumj9d003tv079ccQ,learn_relquest,0.0,"[1, 6]",21.0,0.885,0,0.0,576,fifth
Qorg7peapbumj9d003tv079ccQ,learn_relquest,0.0,"[7, 3]",22.0,3.578,1,1.0,577,fifth
Qorg7peapbumj9d003tv079ccQ,learn_relquest,1.0,"[7, 1]",23.0,1.449,0,1.0,578,fifth
Qorg7peapbumj9d003tv079ccQ,learn_relquest,0.0,"[1, 5]",24.0,1.351,1,1.0,579,fifth
Qorg7peapbumj9d003tv079ccQ,learn_relquest,1.0,"[7, 0]",25.0,2.563,0,1.0,580,fifth
Qorg7peapbumj9d003tv079ccQ,learn_relquest,1.0,"[7, 6]",26.0,1.107,0,1.0,581,fifth
Qorg7peapbumj9d003tv079ccQ,learn_relquest,1.0,"[1, 7]",27.0,1.692,0,1.0,582,fifth
Qm58vxgfmrbhv2jvr1vvmpe7wQ,learn_relquest,0.0,"[5, 7]",0.0,5.877,0,0.0,101,first
Qm58vxgfmrbhv2jvr1vvmpe7wQ,learn_relquest,1.0,"[7, 1]",1.0,1.133,0,1.0,102,first
Qm58vxgfmrbhv2jvr1vvmpe7wQ,learn_relquest,1.0,"[1, 7]",2.0,1.39,0,1.0,103,first
Qm58vxgfmrbhv2jvr1vvmpe7wQ,learn_relquest,0.0,"[0, 5]",3.0,1.366,1,1.0,104,first
Qm58vxgfmrbhv2jvr1vvmpe7wQ,learn_relquest,1.0,"[3, 5]",4.0,1.102,0,1.0,105,first
Qm58vxgfmrbhv2jvr1vvmpe7wQ,learn_relquest,0.0,"[5, 0]",5.0,11.998,1,1.0,106,first
Qm58vxgfmrbhv2jvr1vvmpe7wQ,learn_relquest,1.0,"[4, 1]",6.0,1.718,1,0.0,107,first
Qm58vxgfmrbhv2jvr1vvmpe7wQ,learn_relquest,1.0,"[5, 6]",7.0,0.943,0,1.0,108,first
Qm58vxgfmrbhv2jvr1vvmpe7wQ,learn_relquest,1.0,"[6, 5]",8.0,0.654,0,1.0,109,first
Qm58vxgfmrbhv2jvr1vvmpe7wQ,learn_relquest,0.0,"[3, 1]",9.0,0.965,0,0.0,110,first
Qm58vxgfmrbhv2jvr1vvmpe7wQ,learn_relquest,0.0,"[0, 3]",10.0,0.646,0,0.0,111,first
Qm58vxgfmrbhv2jvr1vvmpe7wQ,learn_relquest,1.0,"[7, 0]",11.0,0.999,1,0.0,112,first
Qm58vxgfmrbhv2jvr1vvmpe7wQ,learn_relquest,0.0,"[1, 6]",12.0,0.894,1,1.0,113,first
Qm58vxgfmrbhv2jvr1vvmpe7wQ,learn_relquest,0.0,"[0, 1]",13.0,0.695,1,1.0,114,first
Qm58vxgfmrbhv2jvr1vvmpe7wQ,learn_relquest,0.0,"[6, 1]",14.0,1.422,1,1.0,115,first
Qm58vxgfmrbhv2jvr1vvmpe7wQ,learn_relquest,0.0,"[6, 3]",15.0,0.893,1,1.0,116,first
Qm58vxgfmrbhv2jvr1vvmpe7wQ,learn_relquest,1.0,"[5, 3]",16.0,1.318,0,1.0,117,first
Qm58vxgfmrbhv2jvr1vvmpe7wQ,learn_relquest,1.0,"[6, 7]",17.0,0.806,1,0.0,118,first
Qm58vxgfmrbhv2jvr1vvmpe7wQ,learn_relquest,1.0,"[0, 7]",18.0,0.534,1,0.0,119,first
Qm58vxgfmrbhv2jvr1vvmpe7wQ,learn_relquest,1.0,"[6, 2]",19.0,3.303,0,1.0,120,first
Qm58vxgfmrbhv2jvr1vvmpe7wQ,learn_relquest,0.0,"[1, 5]",20.0,0.678,0,0.0,121,first
Qm58vxgfmrbhv2jvr1vvmpe7wQ,learn_relquest,1.0,"[1, 4]",21.0,1.086,1,0.0,122,first
Qm58vxgfmrbhv2jvr1vvmpe7wQ,learn_relquest,0.0,"[7, 3]",22.0,1.006,0,0.0,123,first
Qm58vxgfmrbhv2jvr1vvmpe7wQ,learn_relquest,0.0,"[3, 6]",23.0,1.158,0,0.0,124,first
Qm58vxgfmrbhv2jvr1vvmpe7wQ,learn_relquest,1.0,"[7, 6]",24.0,0.878,1,0.0,125,first
Qm58vxgfmrbhv2jvr1vvmpe7wQ,learn_relquest,0.0,"[2, 3]",25.0,1.278,0,0.0,126,first
Qm58vxgfmrbhv2jvr1vvmpe7wQ,learn_relquest,1.0,"[2, 6]",26.0,1.359,0,1.0,127,first
Qm58vxgfmrbhv2jvr1vvmpe7wQ,learn_relquest,0.0,"[5, 2]",27.0,1.109,0,0.0,128,first
Qm58vxgfmrbhv2jvr1vvmpe7wQ,learn_relquest,1.0,"[3, 5]",0.0,2.103,0,1.0,217,second
Qm58vxgfmrbhv2jvr1vvmpe7wQ,learn_relquest,0.0,"[3, 6]",1.0,2.158,1,1.0,218,second
Qm58vxgfmrbhv2jvr1vvmpe7wQ,learn_relquest,1.0,"[6, 7]",2.0,2.127,1,0.0,219,second
Qm58vxgfmrbhv2jvr1vvmpe7wQ,learn_relquest,0.0,"[0, 1]",3.0,1.254,0,0.0,220,second
Qm58vxgfmrbhv2jvr1vvmpe7wQ,learn_relquest,0.0,"[7, 5]",4.0,1.694,0,0.0,221,second
Qm58vxgfmrbhv2jvr1vvmpe7wQ,learn_relquest,0.0,"[7, 4]",5.0,4.774,1,1.0,222,second
Qm58vxgfmrbhv2jvr1vvmpe7wQ,learn_relquest,1.0,"[7, 6]",6.0,1.453,1,0.0,223,second
Qm58vxgfmrbhv2jvr1vvmpe7wQ,learn_relquest,1.0,"[6, 2]",7.0,2.271,0,1.0,224,second
Qm58vxgfmrbhv2jvr1vvmpe7wQ,learn_relquest,0.0,"[3, 2]",8.0,0.822,0,0.0,225,second
Qm58vxgfmrbhv2jvr1vvmpe7wQ,learn_relquest,1.0,"[5, 6]",9.0,4.471,0,1.0,226,second
Qm58vxgfmrbhv2jvr1vvmpe7wQ,learn_relquest,0.0,"[3, 0]",10.0,0.799,0,0.0,227,second
Qm58vxgfmrbhv2jvr1vvmpe7wQ,learn_relquest,1.0,"[7, 1]",11.0,5.022,0,1.0,228,second
Qm58vxgfmrbhv2jvr1vvmpe7wQ,learn_relquest,0.0,"[2, 1]",12.0,1.302,0,0.0,229,second
Qm58vxgfmrbhv2jvr1vvmpe7wQ,learn_relquest,1.0,"[6, 5]",13.0,6.583,0,1.0,230,second
Qm58vxgfmrbhv2jvr1vvmpe7wQ,learn_relquest,1.0,"[0, 7]",14.0,3.966,0,1.0,231,second
Qm58vxgfmrbhv2jvr1vvmpe7wQ,learn_relquest,0.0,"[4, 6]",15.0,8.046,0,0.0,232,second
Qm58vxgfmrbhv2jvr1vvmpe7wQ,learn_relquest,0.0,"[6, 0]",16.0,0.718,0,0.0,233,second
Qm58vxgfmrbhv2jvr1vvmpe7wQ,learn_relquest,0.0,"[3, 7]",17.0,0.767,0,0.0,234,second
Qm58vxgfmrbhv2jvr1vvmpe7wQ,learn_relquest,1.0,"[1, 4]",18.0,7.774,0,1.0,235,second
Qm58vxgfmrbhv2jvr1vvmpe7wQ,learn_relquest,0.0,"[2, 3]",19.0,0.774,0,0.0,236,second
Qm58vxgfmrbhv2jvr1vvmpe7wQ,learn_relquest,1.0,"[5, 3]",20.0,0.67,0,1.0,237,second
Qm58vxgfmrbhv2jvr1vvmpe7wQ,learn_relquest,1.0,"[4, 1]",21.0,1.207,1,0.0,238,second
Qm58vxgfmrbhv2jvr1vvmpe7wQ,learn_relquest,1.0,"[2, 6]",22.0,8.822,1,0.0,239,second
Qm58vxgfmrbhv2jvr1vvmpe7wQ,learn_relquest,1.0,"[7, 0]",23.0,2.222,1,0.0,240,second
Qm58vxgfmrbhv2jvr1vvmpe7wQ,learn_relquest,0.0,"[4, 5]",24.0,1.319,0,0.0,241,second
Qm58vxgfmrbhv2jvr1vvmpe7wQ,learn_relquest,0.0,"[0, 6]",25.0,7.278,0,0.0,242,second
Qm58vxgfmrbhv2jvr1vvmpe7wQ,learn_relquest,1.0,"[1, 7]",26.0,1.782,1,0.0,243,second
Qm58vxgfmrbhv2jvr1vvmpe7wQ,learn_relquest,0.0,"[1, 5]",27.0,0.814,0,0.0,244,second
Qm58vxgfmrbhv2jvr1vvmpe7wQ,learn_relquest,1.0,"[6, 5]",0.0,1.373,0,1.0,331,third
Qm58vxgfmrbhv2jvr1vvmpe7wQ,learn_relquest,0.0,"[1, 3]",1.0,0.975,0,0.0,332,third
Qm58vxgfmrbhv2jvr1vvmpe7wQ,learn_relquest,1.0,"[1, 7]",2.0,4.991,0,1.0,333,third
Qm58vxgfmrbhv2jvr1vvmpe7wQ,learn_relquest,1.0,"[7, 0]",3.0,0.814,0,1.0,334,third
Qm58vxgfmrbhv2jvr1vvmpe7wQ,learn_relquest,0.0,"[6, 0]",4.0,0.614,0,0.0,335,third
Qm58vxgfmrbhv2jvr1vvmpe7wQ,learn_relquest,1.0,"[0, 7]",5.0,0.527,0,1.0,336,third
Qm58vxgfmrbhv2jvr1vvmpe7wQ,learn_relquest,1.0,"[7, 6]",6.0,0.614,0,1.0,337,third
Qm58vxgfmrbhv2jvr1vvmpe7wQ,learn_relquest,0.0,"[2, 7]",7.0,0.703,0,0.0,338,third
Qm58vxgfmrbhv2jvr1vvmpe7wQ,learn_relquest,1.0,"[3, 5]",8.0,1.078,0,1.0,339,third
Qm58vxgfmrbhv2jvr1vvmpe7wQ,learn_relquest,0.0,"[7, 3]",9.0,1.615,0,0.0,340,third
Qm58vxgfmrbhv2jvr1vvmpe7wQ,learn_relquest,1.0,"[5, 6]",10.0,0.862,0,1.0,341,third
Qm58vxgfmrbhv2jvr1vvmpe7wQ,learn_relquest,0.0,"[3, 0]",11.0,0.815,0,0.0,342,third
Qm58vxgfmrbhv2jvr1vvmpe7wQ,learn_relquest,1.0,"[1, 4]",12.0,1.054,0,1.0,343,third
Qm58vxgfmrbhv2jvr1vvmpe7wQ,learn_relquest,0.0,"[1, 5]",13.0,1.838,1,1.0,344,third
Qm58vxgfmrbhv2jvr1vvmpe7wQ,learn_relquest,1.0,"[4, 1]",14.0,0.958,1,0.0,345,third
Qm58vxgfmrbhv2jvr1vvmpe7wQ,learn_relquest,0.0,"[0, 5]",15.0,0.67,1,1.0,346,third
Qm58vxgfmrbhv2jvr1vvmpe7wQ,learn_relquest,0.0,"[4, 0]",16.0,1.294,0,0.0,347,third
Qm58vxgfmrbhv2jvr1vvmpe7wQ,learn_relquest,1.0,"[6, 7]",17.0,0.758,0,1.0,348,third
Qm58vxgfmrbhv2jvr1vvmpe7wQ,learn_relquest,1.0,"[5, 3]",18.0,0.982,0,1.0,349,third
Qm58vxgfmrbhv2jvr1vvmpe7wQ,learn_relquest,0.0,"[5, 0]",19.0,0.903,0,0.0,350,third
Qm58vxgfmrbhv2jvr1vvmpe7wQ,learn_relquest,1.0,"[7, 1]",20.0,0.67,0,1.0,351,third
Qm58vxgfmrbhv2jvr1vvmpe7wQ,learn_relquest,0.0,"[2, 5]",21.0,0.854,1,1.0,352,third
Qm58vxgfmrbhv2jvr1vvmpe7wQ,learn_relquest,0.0,"[2, 1]",22.0,0.751,0,0.0,353,third
Qm58vxgfmrbhv2jvr1vvmpe7wQ,learn_relquest,1.0,"[6, 2]",23.0,1.039,1,0.0,354,third
Qm58vxgfmrbhv2jvr1vvmpe7wQ,learn_relquest,0.0,"[3, 4]",24.0,0.598,0,0.0,355,third
Qm58vxgfmrbhv2jvr1vvmpe7wQ,learn_relquest,0.0,"[6, 4]",25.0,1.231,0,0.0,356,third
Qm58vxgfmrbhv2jvr1vvmpe7wQ,learn_relquest,1.0,"[2, 6]",26.0,1.422,0,1.0,357,third
Qm58vxgfmrbhv2jvr1vvmpe7wQ,learn_relquest,0.0,"[0, 4]",27.0,0.879,1,1.0,358,third
Qm58vxgfmrbhv2jvr1vvmpe7wQ,learn_relquest,0.0,"[5, 0]",0.0,1.271,0,0.0,445,fourth
Qm58vxgfmrbhv2jvr1vvmpe7wQ,learn_relquest,1.0,"[5, 3]",1.0,0.166,0,1.0,446,fourth
Qm58vxgfmrbhv2jvr1vvmpe7wQ,learn_relquest,0.0,"[7, 5]",2.0,0.158,0,0.0,447,fourth
Qm58vxgfmrbhv2jvr1vvmpe7wQ,learn_relquest,0.0,"[0, 1]",3.0,0.166,0,0.0,448,fourth
Qm58vxgfmrbhv2jvr1vvmpe7wQ,learn_relquest,1.0,"[2, 6]",4.0,0.15,0,1.0,449,fourth
Qm58vxgfmrbhv2jvr1vvmpe7wQ,learn_relquest,1.0,"[3, 5]",5.0,0.199,0,1.0,450,fourth
Qm58vxgfmrbhv2jvr1vvmpe7wQ,learn_relquest,1.0,"[0, 7]",6.0,0.174,0,1.0,451,fourth
Qm58vxgfmrbhv2jvr1vvmpe7wQ,learn_relquest,0.0,"[2, 5]",7.0,0.158,0,0.0,452,fourth
Qm58vxgfmrbhv2jvr1vvmpe7wQ,learn_relquest,0.0,"[1, 6]",8.0,0.167,0,0.0,453,fourth
Qm58vxgfmrbhv2jvr1vvmpe7wQ,learn_relquest,1.0,"[7, 6]",9.0,0.166,0,1.0,454,fourth
Qm58vxgfmrbhv2jvr1vvmpe7wQ,learn_relquest,1.0,"[6, 5]",10.0,0.167,0,1.0,455,fourth
Qm58vxgfmrbhv2jvr1vvmpe7wQ,learn_relquest,1.0,"[5, 6]",11.0,0.166,0,1.0,456,fourth
Qm58vxgfmrbhv2jvr1vvmpe7wQ,learn_relquest,1.0,"[6, 7]",12.0,0.159,0,1.0,457,fourth
Qm58vxgfmrbhv2jvr1vvmpe7wQ,learn_relquest,1.0,"[1, 7]",13.0,0.182,0,1.0,458,fourth
Qm58vxgfmrbhv2jvr1vvmpe7wQ,learn_relquest,0.0,"[5, 1]",14.0,0.158,0,0.0,459,fourth
Qm58vxgfmrbhv2jvr1vvmpe7wQ,learn_relquest,0.0,"[3, 0]",15.0,0.175,0,0.0,460,fourth
Qm58vxgfmrbhv2jvr1vvmpe7wQ,learn_relquest,1.0,"[7, 0]",16.0,0.166,0,1.0,461,fourth
Qm58vxgfmrbhv2jvr1vvmpe7wQ,learn_relquest,0.0,"[4, 5]",17.0,0.174,0,0.0,462,fourth
Qm58vxgfmrbhv2jvr1vvmpe7wQ,learn_relquest,0.0,"[6, 4]",18.0,0.175,0,0.0,463,fourth
Qm58vxgfmrbhv2jvr1vvmpe7wQ,learn_relquest,0.0,"[2, 7]",19.0,0.174,0,0.0,464,fourth
Qm58vxgfmrbhv2jvr1vvmpe7wQ,learn_relquest,1.0,"[4, 1]",20.0,0.175,0,1.0,465,fourth
Qm58vxgfmrbhv2jvr1vvmpe7wQ,learn_relquest,0.0,"[3, 6]",21.0,0.166,0,0.0,466,fourth
Qm58vxgfmrbhv2jvr1vvmpe7wQ,learn_relquest,0.0,"[3, 4]",22.0,0.183,0,0.0,467,fourth
Qm58vxgfmrbhv2jvr1vvmpe7wQ,learn_relquest,0.0,"[0, 3]",23.0,0.174,0,0.0,468,fourth
Qm58vxgfmrbhv2jvr1vvmpe7wQ,learn_relquest,1.0,"[6, 2]",24.0,0.174,0,1.0,469,fourth
Qm58vxgfmrbhv2jvr1vvmpe7wQ,learn_relquest,1.0,"[1, 4]",25.0,0.174,0,1.0,470,fourth
Qm58vxgfmrbhv2jvr1vvmpe7wQ,learn_relquest,1.0,"[7, 1]",26.0,0.175,0,1.0,471,fourth
Qm58vxgfmrbhv2jvr1vvmpe7wQ,learn_relquest,0.0,"[7, 3]",27.0,0.166,0,0.0,472,fourth
Qm58vxgfmrbhv2jvr1vvmpe7wQ,learn_relquest,0.0,"[2, 0]",0.0,1.054,0,0.0,559,fifth
Qm58vxgfmrbhv2jvr1vvmpe7wQ,learn_relquest,1.0,"[1, 7]",1.0,0.175,0,1.0,560,fifth
Qm58vxgfmrbhv2jvr1vvmpe7wQ,learn_relquest,1.0,"[5, 6]",2.0,0.166,0,1.0,561,fifth
Qm58vxgfmrbhv2jvr1vvmpe7wQ,learn_relquest,0.0,"[6, 0]",3.0,0.158,0,0.0,562,fifth
Qm58vxgfmrbhv2jvr1vvmpe7wQ,learn_relquest,1.0,"[6, 2]",4.0,0.158,0,1.0,563,fifth
Qm58vxgfmrbhv2jvr1vvmpe7wQ,learn_relquest,1.0,"[6, 5]",5.0,0.174,0,1.0,564,fifth
Qm58vxgfmrbhv2jvr1vvmpe7wQ,learn_relquest,0.0,"[1, 6]",6.0,0.176,0,0.0,565,fifth
Qm58vxgfmrbhv2jvr1vvmpe7wQ,learn_relquest,0.0,"[3, 0]",7.0,0.149,0,0.0,566,fifth
Qm58vxgfmrbhv2jvr1vvmpe7wQ,learn_relquest,0.0,"[3, 1]",8.0,0.175,0,0.0,567,fifth
Qm58vxgfmrbhv2jvr1vvmpe7wQ,learn_relquest,1.0,"[7, 1]",9.0,0.182,0,1.0,568,fifth
Qm58vxgfmrbhv2jvr1vvmpe7wQ,learn_relquest,1.0,"[1, 4]",10.0,0.175,0,1.0,569,fifth
Qm58vxgfmrbhv2jvr1vvmpe7wQ,learn_relquest,0.0,"[1, 5]",11.0,0.174,0,0.0,570,fifth
Qm58vxgfmrbhv2jvr1vvmpe7wQ,learn_relquest,0.0,"[4, 0]",12.0,0.182,0,0.0,571,fifth
Qm58vxgfmrbhv2jvr1vvmpe7wQ,learn_relquest,1.0,"[2, 6]",13.0,0.183,0,1.0,572,fifth
Qm58vxgfmrbhv2jvr1vvmpe7wQ,learn_relquest,0.0,"[1, 2]",14.0,0.182,0,0.0,573,fifth
Qm58vxgfmrbhv2jvr1vvmpe7wQ,learn_relquest,1.0,"[0, 7]",15.0,0.182,0,1.0,574,fifth
Qm58vxgfmrbhv2jvr1vvmpe7wQ,learn_relquest,0.0,"[2, 4]",16.0,0.183,0,0.0,575,fifth
Qm58vxgfmrbhv2jvr1vvmpe7wQ,learn_relquest,1.0,"[4, 1]",17.0,0.182,0,1.0,576,fifth
Qm58vxgfmrbhv2jvr1vvmpe7wQ,learn_relquest,0.0,"[4, 5]",18.0,0.167,0,0.0,577,fifth
Qm58vxgfmrbhv2jvr1vvmpe7wQ,learn_relquest,0.0,"[0, 5]",19.0,0.199,0,0.0,578,fifth
Qm58vxgfmrbhv2jvr1vvmpe7wQ,learn_relquest,1.0,"[5, 3]",20.0,0.174,0,1.0,579,fifth
Qm58vxgfmrbhv2jvr1vvmpe7wQ,learn_relquest,0.0,"[5, 0]",21.0,0.174,0,0.0,580,fifth
Qm58vxgfmrbhv2jvr1vvmpe7wQ,learn_relquest,0.0,"[6, 3]",22.0,0.183,0,0.0,581,fifth
Qm58vxgfmrbhv2jvr1vvmpe7wQ,learn_relquest,1.0,"[3, 5]",23.0,0.174,0,1.0,582,fifth
Qm58vxgfmrbhv2jvr1vvmpe7wQ,learn_relquest,1.0,"[6, 7]",24.0,0.166,0,1.0,583,fifth
Qm58vxgfmrbhv2jvr1vvmpe7wQ,learn_relquest,0.0,"[7, 2]",25.0,0.175,0,0.0,584,fifth
Qm58vxgfmrbhv2jvr1vvmpe7wQ,learn_relquest,1.0,"[7, 6]",26.0,0.19,0,1.0,585,fifth
Qm58vxgfmrbhv2jvr1vvmpe7wQ,learn_relquest,1.0,"[7, 0]",27.0,0.174,0,1.0,586,fifth
Q97y3qyb4guhyiaaxgq3txi89Q,learn_relquest,1.0,"[7, 1]",0.0,7.184,0,1.0,101,first
Q97y3qyb4guhyiaaxgq3txi89Q,learn_relquest,1.0,"[5, 6]",1.0,3.499,0,1.0,102,first
Q97y3qyb4guhyiaaxgq3txi89Q,learn_relquest,0.0,"[1, 0]",2.0,5.162,1,1.0,103,first
Q97y3qyb4guhyiaaxgq3txi89Q,learn_relquest,0.0,"[7, 4]",3.0,2.252,0,0.0,104,first
Q97y3qyb4guhyiaaxgq3txi89Q,learn_relquest,1.0,"[6, 2]",4.0,5.011,0,1.0,105,first
Q97y3qyb4guhyiaaxgq3txi89Q,learn_relquest,1.0,"[3, 5]",5.0,2.084,1,0.0,106,first
Q97y3qyb4guhyiaaxgq3txi89Q,learn_relquest,0.0,"[6, 3]",6.0,2.1,1,1.0,107,first
Q97y3qyb4guhyiaaxgq3txi89Q,learn_relquest,1.0,"[7, 6]",7.0,2.063,0,1.0,108,first
Q97y3qyb4guhyiaaxgq3txi89Q,learn_relquest,1.0,"[6, 5]",8.0,2.918,0,1.0,109,first
Q97y3qyb4guhyiaaxgq3txi89Q,learn_relquest,1.0,"[1, 4]",9.0,1.663,1,0.0,110,first
Q97y3qyb4guhyiaaxgq3txi89Q,learn_relquest,0.0,"[6, 0]",10.0,3.58,0,0.0,111,first
Q97y3qyb4guhyiaaxgq3txi89Q,learn_relquest,1.0,"[1, 7]",11.0,3.449,1,0.0,112,first
Q97y3qyb4guhyiaaxgq3txi89Q,learn_relquest,0.0,"[0, 2]",12.0,1.765,1,1.0,113,first
Q97y3qyb4guhyiaaxgq3txi89Q,learn_relquest,1.0,"[0, 7]",13.0,2.4,0,1.0,114,first
Q97y3qyb4guhyiaaxgq3txi89Q,learn_relquest,0.0,"[3, 0]",14.0,1.966,0,0.0,115,first
Q97y3qyb4guhyiaaxgq3txi89Q,learn_relquest,0.0,"[1, 3]",15.0,4.235,1,1.0,116,first
Q97y3qyb4guhyiaaxgq3txi89Q,learn_relquest,0.0,"[3, 7]",16.0,1.936,0,0.0,117,first
Q97y3qyb4guhyiaaxgq3txi89Q,learn_relquest,0.0,"[1, 6]",17.0,2.523,1,1.0,118,first
Q97y3qyb4guhyiaaxgq3txi89Q,learn_relquest,1.0,"[5, 3]",18.0,2.367,1,0.0,119,first
Q97y3qyb4guhyiaaxgq3txi89Q,learn_relquest,1.0,"[7, 0]",19.0,1.629,0,1.0,120,first
Q97y3qyb4guhyiaaxgq3txi89Q,learn_relquest,0.0,"[4, 7]",20.0,1.863,0,0.0,121,first
Q97y3qyb4guhyiaaxgq3txi89Q,learn_relquest,0.0,"[2, 7]",21.0,2.017,0,0.0,122,first
Q97y3qyb4guhyiaaxgq3txi89Q,learn_relquest,0.0,"[5, 4]",22.0,1.982,1,1.0,123,first
Q97y3qyb4guhyiaaxgq3txi89Q,learn_relquest,0.0,"[2, 0]",23.0,1.43,1,1.0,124,first
Q97y3qyb4guhyiaaxgq3txi89Q,learn_relquest,0.0,"[5, 7]",24.0,2.648,0,0.0,125,first
Q97y3qyb4guhyiaaxgq3txi89Q,learn_relquest,1.0,"[4, 1]",25.0,1.532,1,0.0,126,first
Q97y3qyb4guhyiaaxgq3txi89Q,learn_relquest,1.0,"[2, 6]",26.0,5.266,0,1.0,127,first
Q97y3qyb4guhyiaaxgq3txi89Q,learn_relquest,1.0,"[6, 7]",27.0,1.569,0,1.0,128,first
Q97y3qyb4guhyiaaxgq3txi89Q,learn_relquest,1.0,"[7, 0]",0.0,6.148,0,1.0,216,second
Q97y3qyb4guhyiaaxgq3txi89Q,learn_relquest,1.0,"[6, 5]",1.0,2.016,0,1.0,217,second
Q97y3qyb4guhyiaaxgq3txi89Q,learn_relquest,1.0,"[2, 6]",2.0,4.669,0,1.0,218,second
Q97y3qyb4guhyiaaxgq3txi89Q,learn_relquest,1.0,"[3, 5]",3.0,1.595,1,0.0,219,second
Q97y3qyb4guhyiaaxgq3txi89Q,learn_relquest,1.0,"[7, 6]",4.0,1.832,0,1.0,220,second
Q97y3qyb4guhyiaaxgq3txi89Q,learn_relquest,0.0,"[4, 5]",5.0,1.615,1,1.0,221,second
Q97y3qyb4guhyiaaxgq3txi89Q,learn_relquest,1.0,"[6, 7]",6.0,1.937,0,1.0,222,second
Q97y3qyb4guhyiaaxgq3txi89Q,learn_relquest,0.0,"[5, 2]",7.0,3.197,1,1.0,223,second
Q97y3qyb4guhyiaaxgq3txi89Q,learn_relquest,1.0,"[7, 1]",8.0,1.68,0,1.0,224,second
Q97y3qyb4guhyiaaxgq3txi89Q,learn_relquest,0.0,"[4, 2]",9.0,2.818,0,0.0,225,second
Q97y3qyb4guhyiaaxgq3txi89Q,learn_relquest,0.0,"[0, 3]",10.0,1.7,0,0.0,226,second
Q97y3qyb4guhyiaaxgq3txi89Q,learn_relquest,1.0,"[4, 1]",11.0,1.428,1,0.0,227,second
Q97y3qyb4guhyiaaxgq3txi89Q,learn_relquest,1.0,"[1, 4]",12.0,2.317,1,0.0,228,second
Q97y3qyb4guhyiaaxgq3txi89Q,learn_relquest,1.0,"[0, 7]",13.0,1.562,0,1.0,229,second
Q97y3qyb4guhyiaaxgq3txi89Q,learn_relquest,0.0,"[4, 6]",14.0,2.416,0,0.0,230,second
Q97y3qyb4guhyiaaxgq3txi89Q,learn_relquest,0.0,"[4, 7]",15.0,1.269,0,0.0,231,second
Q97y3qyb4guhyiaaxgq3txi89Q,learn_relquest,0.0,"[0, 5]",16.0,1.711,1,1.0,232,second
Q97y3qyb4guhyiaaxgq3txi89Q,learn_relquest,0.0,"[3, 6]",17.0,1.412,0,0.0,233,second
Q97y3qyb4guhyiaaxgq3txi89Q,learn_relquest,1.0,"[1, 7]",18.0,1.732,0,1.0,234,second
Q97y3qyb4guhyiaaxgq3txi89Q,learn_relquest,0.0,"[6, 3]",19.0,1.532,1,1.0,235,second
Q97y3qyb4guhyiaaxgq3txi89Q,learn_relquest,0.0,"[7, 4]",20.0,1.349,0,0.0,236,second
Q97y3qyb4guhyiaaxgq3txi89Q,learn_relquest,0.0,"[6, 4]",21.0,1.299,0,0.0,237,second
Q97y3qyb4guhyiaaxgq3txi89Q,learn_relquest,1.0,"[5, 3]",22.0,1.1,1,0.0,238,second
Q97y3qyb4guhyiaaxgq3txi89Q,learn_relquest,0.0,"[0, 4]",23.0,1.33,1,1.0,239,second
Q97y3qyb4guhyiaaxgq3txi89Q,learn_relquest,1.0,"[6, 2]",24.0,1.581,1,0.0,240,second
Q97y3qyb4guhyiaaxgq3txi89Q,learn_relquest,1.0,"[5, 6]",25.0,3.133,1,0.0,241,second
Q97y3qyb4guhyiaaxgq3txi89Q,learn_relquest,0.0,"[4, 0]",26.0,1.535,0,0.0,242,second
Q97y3qyb4guhyiaaxgq3txi89Q,learn_relquest,0.0,"[1, 2]",27.0,1.045,0,0.0,243,second
Q97y3qyb4guhyiaaxgq3txi89Q,learn_relquest,0.0,"[4, 0]",0.0,4.247,0,0.0,329,third
Q97y3qyb4guhyiaaxgq3txi89Q,learn_relquest,0.0,"[5, 1]",1.0,2.015,1,1.0,330,third
Q97y3qyb4guhyiaaxgq3txi89Q,learn_relquest,0.0,"[5, 7]",2.0,2.567,0,0.0,331,third
Q97y3qyb4guhyiaaxgq3txi89Q,learn_relquest,0.0,"[4, 3]",3.0,1.663,1,1.0,332,third
Q97y3qyb4guhyiaaxgq3txi89Q,learn_relquest,1.0,"[5, 3]",4.0,1.247,1,0.0,333,third
Q97y3qyb4guhyiaaxgq3txi89Q,learn_relquest,0.0,"[0, 1]",5.0,1.916,0,0.0,334,third
Q97y3qyb4guhyiaaxgq3txi89Q,learn_relquest,1.0,"[6, 5]",6.0,1.431,1,0.0,335,third
Q97y3qyb4guhyiaaxgq3txi89Q,learn_relquest,1.0,"[7, 1]",7.0,1.949,1,0.0,336,third
Q97y3qyb4guhyiaaxgq3txi89Q,learn_relquest,1.0,"[1, 4]",8.0,2.088,0,1.0,337,third
Q97y3qyb4guhyiaaxgq3txi89Q,learn_relquest,0.0,"[3, 4]",9.0,1.993,1,1.0,338,third
Q97y3qyb4guhyiaaxgq3txi89Q,learn_relquest,0.0,"[1, 2]",10.0,2.267,0,0.0,339,third
Q97y3qyb4guhyiaaxgq3txi89Q,learn_relquest,0.0,"[6, 1]",11.0,1.798,0,0.0,340,third
Q97y3qyb4guhyiaaxgq3txi89Q,learn_relquest,1.0,"[5, 6]",12.0,1.283,1,0.0,341,third
Q97y3qyb4guhyiaaxgq3txi89Q,learn_relquest,1.0,"[6, 2]",13.0,1.981,0,1.0,342,third
Q97y3qyb4guhyiaaxgq3txi89Q,learn_relquest,0.0,"[5, 0]",14.0,1.582,1,1.0,343,third
Q97y3qyb4guhyiaaxgq3txi89Q,learn_relquest,1.0,"[6, 7]",15.0,1.167,0,1.0,344,third
Q97y3qyb4guhyiaaxgq3txi89Q,learn_relquest,1.0,"[0, 7]",16.0,1.165,0,1.0,345,third
Q97y3qyb4guhyiaaxgq3txi89Q,learn_relquest,1.0,"[1, 7]",17.0,1.117,0,1.0,346,third
Q97y3qyb4guhyiaaxgq3txi89Q,learn_relquest,0.0,"[2, 4]",18.0,1.547,1,1.0,347,third
Q97y3qyb4guhyiaaxgq3txi89Q,learn_relquest,0.0,"[2, 3]",19.0,1.416,1,1.0,348,third
Q97y3qyb4guhyiaaxgq3txi89Q,learn_relquest,1.0,"[2, 6]",20.0,1.699,0,1.0,349,third
Q97y3qyb4guhyiaaxgq3txi89Q,learn_relquest,0.0,"[7, 4]",21.0,1.315,0,0.0,350,third
Q97y3qyb4guhyiaaxgq3txi89Q,learn_relquest,1.0,"[3, 5]",22.0,2.249,0,1.0,351,third
Q97y3qyb4guhyiaaxgq3txi89Q,learn_relquest,0.0,"[3, 7]",23.0,1.199,1,1.0,352,third
Q97y3qyb4guhyiaaxgq3txi89Q,learn_relquest,1.0,"[4, 1]",24.0,0.849,0,1.0,353,third
Q97y3qyb4guhyiaaxgq3txi89Q,learn_relquest,1.0,"[7, 6]",25.0,0.701,0,1.0,354,third
Q97y3qyb4guhyiaaxgq3txi89Q,learn_relquest,0.0,"[6, 4]",26.0,0.961,1,1.0,355,third
Q97y3qyb4guhyiaaxgq3txi89Q,learn_relquest,1.0,"[7, 0]",27.0,0.715,1,0.0,356,third
Q97y3qyb4guhyiaaxgq3txi89Q,learn_relquest,1.0,"[7, 6]",0.0,2.549,1,0.0,442,fourth
Q97y3qyb4guhyiaaxgq3txi89Q,learn_relquest,0.0,"[5, 7]",1.0,2.316,1,1.0,443,fourth
Q97y3qyb4guhyiaaxgq3txi89Q,learn_relquest,0.0,"[3, 1]",2.0,3.151,1,1.0,444,fourth
Q97y3qyb4guhyiaaxgq3txi89Q,learn_relquest,1.0,"[0, 7]",3.0,2.248,0,1.0,445,fourth
Q97y3qyb4guhyiaaxgq3txi89Q,learn_relquest,0.0,"[2, 5]",4.0,2.396,1,1.0,446,fourth
Q97y3qyb4guhyiaaxgq3txi89Q,learn_relquest,1.0,"[6, 7]",5.0,1.717,0,1.0,447,fourth
Q97y3qyb4guhyiaaxgq3txi89Q,learn_relquest,0.0,"[4, 0]",6.0,2.315,1,1.0,448,fourth
Q97y3qyb4guhyiaaxgq3txi89Q,learn_relquest,0.0,"[2, 4]",7.0,1.68,1,1.0,449,fourth
Q97y3qyb4guhyiaaxgq3txi89Q,learn_relquest,1.0,"[6, 5]",8.0,2.047,1,0.0,450,fourth
Q97y3qyb4guhyiaaxgq3txi89Q,learn_relquest,1.0,"[5, 6]",9.0,1.222,0,1.0,451,fourth
Q97y3qyb4guhyiaaxgq3txi89Q,learn_relquest,1.0,"[2, 6]",10.0,2.041,1,0.0,452,fourth
Q97y3qyb4guhyiaaxgq3txi89Q,learn_relquest,0.0,"[7, 4]",11.0,1.915,1,1.0,453,fourth
Q97y3qyb4guhyiaaxgq3txi89Q,learn_relquest,0.0,"[2, 1]",12.0,0.914,0,0.0,454,fourth
Q97y3qyb4guhyiaaxgq3txi89Q,learn_relquest,1.0,"[7, 0]",13.0,3.23,1,0.0,455,fourth
Q97y3qyb4guhyiaaxgq3txi89Q,learn_relquest,0.0,"[6, 4]",14.0,1.615,1,1.0,456,fourth
Q97y3qyb4guhyiaaxgq3txi89Q,learn_relquest,1.0,"[1, 7]",15.0,1.83,0,1.0,457,fourth
Q97y3qyb4guhyiaaxgq3txi89Q,learn_relquest,1.0,"[4, 1]",16.0,2.366,0,1.0,458,fourth
Q97y3qyb4guhyiaaxgq3txi89Q,learn_relquest,1.0,"[1, 4]",17.0,0.965,0,1.0,459,fourth
Q97y3qyb4guhyiaaxgq3txi89Q,learn_relquest,0.0,"[3, 4]",18.0,1.332,1,1.0,460,fourth
Q97y3qyb4guhyiaaxgq3txi89Q,learn_relquest,1.0,"[7, 1]",19.0,1.664,1,0.0,461,fourth
Q97y3qyb4guhyiaaxgq3txi89Q,learn_relquest,0.0,"[4, 2]",20.0,1.23,0,0.0,462,fourth
Q97y3qyb4guhyiaaxgq3txi89Q,learn_relquest,1.0,"[5, 3]",21.0,0.8,0,1.0,463,fourth
Q97y3qyb4guhyiaaxgq3txi89Q,learn_relquest,0.0,"[0, 2]",22.0,0.78,1,1.0,464,fourth
Q97y3qyb4guhyiaaxgq3txi89Q,learn_relquest,0.0,"[2, 0]",23.0,1.084,1,1.0,465,fourth
Q97y3qyb4guhyiaaxgq3txi89Q,learn_relquest,0.0,"[0, 1]",24.0,0.995,0,0.0,466,fourth
Q97y3qyb4guhyiaaxgq3txi89Q,learn_relquest,1.0,"[3, 5]",25.0,2.565,0,1.0,467,fourth
Q97y3qyb4guhyiaaxgq3txi89Q,learn_relquest,1.0,"[6, 2]",26.0,0.982,0,1.0,468,fourth
Q97y3qyb4guhyiaaxgq3txi89Q,learn_relquest,0.0,"[1, 3]",27.0,1.05,1,1.0,469,fourth
Q97y3qyb4guhyiaaxgq3txi89Q,learn_relquest,0.0,"[7, 5]",0.0,1.814,1,1.0,555,fifth
Q97y3qyb4guhyiaaxgq3txi89Q,learn_relquest,0.0,"[2, 7]",1.0,1.167,1,1.0,556,fifth
Q97y3qyb4guhyiaaxgq3txi89Q,learn_relquest,1.0,"[5, 6]",2.0,0.761,0,1.0,557,fifth
Q97y3qyb4guhyiaaxgq3txi89Q,learn_relquest,1.0,"[0, 7]",3.0,0.702,1,0.0,558,fifth
Q97y3qyb4guhyiaaxgq3txi89Q,learn_relquest,1.0,"[1, 4]",4.0,0.91,0,1.0,559,fifth
Q97y3qyb4guhyiaaxgq3txi89Q,learn_relquest,0.0,"[5, 0]",5.0,0.65,0,0.0,560,fifth
Q97y3qyb4guhyiaaxgq3txi89Q,learn_relquest,1.0,"[1, 7]",6.0,0.68,1,0.0,561,fifth
Q97y3qyb4guhyiaaxgq3txi89Q,learn_relquest,1.0,"[5, 3]",7.0,0.016,1,0.0,562,fifth
Q97y3qyb4guhyiaaxgq3txi89Q,learn_relquest,1.0,"[4, 1]",8.0,0.614,1,0.0,563,fifth
Q97y3qyb4guhyiaaxgq3txi89Q,learn_relquest,0.0,"[3, 0]",9.0,0.665,0,0.0,564,fifth
Q97y3qyb4guhyiaaxgq3txi89Q,learn_relquest,0.0,"[2, 4]",10.0,0.664,1,1.0,565,fifth
Q97y3qyb4guhyiaaxgq3txi89Q,learn_relquest,0.0,"[1, 6]",11.0,0.516,1,1.0,566,fifth
Q97y3qyb4guhyiaaxgq3txi89Q,learn_relquest,0.0,"[4, 2]",12.0,0.317,1,1.0,567,fifth
Q97y3qyb4guhyiaaxgq3txi89Q,learn_relquest,1.0,"[7, 0]",13.0,0.615,0,1.0,568,fifth
Q97y3qyb4guhyiaaxgq3txi89Q,learn_relquest,0.0,"[4, 3]",14.0,0.65,1,1.0,569,fifth
Q97y3qyb4guhyiaaxgq3txi89Q,learn_relquest,1.0,"[3, 5]",15.0,0.715,1,0.0,570,fifth
Q97y3qyb4guhyiaaxgq3txi89Q,learn_relquest,0.0,"[0, 4]",16.0,0.997,0,0.0,571,fifth
Q97y3qyb4guhyiaaxgq3txi89Q,learn_relquest,0.0,"[7, 3]",17.0,0.799,1,1.0,572,fifth
Q97y3qyb4guhyiaaxgq3txi89Q,learn_relquest,0.0,"[6, 4]",18.0,0.616,1,1.0,573,fifth
Q97y3qyb4guhyiaaxgq3txi89Q,learn_relquest,0.0,"[0, 2]",19.0,3.049,1,1.0,574,fifth
Q97y3qyb4guhyiaaxgq3txi89Q,learn_relquest,1.0,"[6, 7]",20.0,0.014,1,0.0,575,fifth
Q97y3qyb4guhyiaaxgq3txi89Q,learn_relquest,1.0,"[7, 6]",21.0,0.199,1,0.0,576,fifth
Q97y3qyb4guhyiaaxgq3txi89Q,learn_relquest,1.0,"[6, 2]",22.0,1.772,1,0.0,577,fifth
Q97y3qyb4guhyiaaxgq3txi89Q,learn_relquest,0.0,"[5, 4]",23.0,1.023,1,1.0,578,fifth
Q97y3qyb4guhyiaaxgq3txi89Q,learn_relquest,0.0,"[3, 6]",24.0,0.882,1,1.0,579,fifth
Q97y3qyb4guhyiaaxgq3txi89Q,learn_relquest,1.0,"[7, 1]",25.0,1.53,0,1.0,580,fifth
Q97y3qyb4guhyiaaxgq3txi89Q,learn_relquest,1.0,"[6, 5]",26.0,1.097,1,0.0,581,fifth
Q97y3qyb4guhyiaaxgq3txi89Q,learn_relquest,1.0,"[2, 6]",27.0,0.017,1,0.0,582,fifth
Qnik0m508xy27zjtab6ipo296Q,learn_relquest,0.0,"[7, 5]",0.0,3.194,1,1.0,101,first
Qnik0m508xy27zjtab6ipo296Q,learn_relquest,1.0,"[4, 1]",1.0,2.13,0,1.0,102,first
Qnik0m508xy27zjtab6ipo296Q,learn_relquest,0.0,"[3, 2]",2.0,2.472,1,1.0,103,first
Qnik0m508xy27zjtab6ipo296Q,learn_relquest,1.0,"[7, 1]",3.0,2.302,1,0.0,104,first
Qnik0m508xy27zjtab6ipo296Q,learn_relquest,0.0,"[6, 4]",4.0,1.815,1,1.0,105,first
Qnik0m508xy27zjtab6ipo296Q,learn_relquest,1.0,"[3, 5]",5.0,1.797,0,1.0,106,first
Qnik0m508xy27zjtab6ipo296Q,learn_relquest,0.0,"[0, 6]",6.0,1.378,0,0.0,107,first
Qnik0m508xy27zjtab6ipo296Q,learn_relquest,1.0,"[5, 3]",7.0,2.545,0,1.0,108,first
Qnik0m508xy27zjtab6ipo296Q,learn_relquest,1.0,"[5, 6]",8.0,3.046,0,1.0,109,first
Qnik0m508xy27zjtab6ipo296Q,learn_relquest,0.0,"[0, 4]",9.0,3.614,0,0.0,110,first
Qnik0m508xy27zjtab6ipo296Q,learn_relquest,0.0,"[2, 4]",10.0,1.911,1,1.0,111,first
Qnik0m508xy27zjtab6ipo296Q,learn_relquest,0.0,"[7, 4]",11.0,2.697,1,1.0,112,first
Qnik0m508xy27zjtab6ipo296Q,learn_relquest,1.0,"[1, 7]",12.0,2.612,0,1.0,113,first
Qnik0m508xy27zjtab6ipo296Q,learn_relquest,1.0,"[6, 7]",13.0,2.197,0,1.0,114,first
Qnik0m508xy27zjtab6ipo296Q,learn_relquest,0.0,"[7, 2]",14.0,2.065,0,0.0,115,first
Qnik0m508xy27zjtab6ipo296Q,learn_relquest,0.0,"[1, 6]",15.0,2.578,1,1.0,116,first
Qnik0m508xy27zjtab6ipo296Q,learn_relquest,1.0,"[7, 6]",16.0,2.478,0,1.0,117,first
Qnik0m508xy27zjtab6ipo296Q,learn_relquest,1.0,"[2, 6]",17.0,2.614,0,1.0,118,first
Qnik0m508xy27zjtab6ipo296Q,learn_relquest,1.0,"[6, 2]",18.0,2.312,0,1.0,119,first
Qnik0m508xy27zjtab6ipo296Q,learn_relquest,0.0,"[7, 3]",19.0,2.648,0,0.0,120,first
Qnik0m508xy27zjtab6ipo296Q,learn_relquest,0.0,"[6, 0]",20.0,2.743,1,1.0,121,first
Qnik0m508xy27zjtab6ipo296Q,learn_relquest,1.0,"[1, 4]",21.0,1.464,1,0.0,122,first
Qnik0m508xy27zjtab6ipo296Q,learn_relquest,0.0,"[1, 0]",22.0,1.53,1,1.0,123,first
Qnik0m508xy27zjtab6ipo296Q,learn_relquest,1.0,"[7, 0]",23.0,2.763,0,1.0,124,first
Qnik0m508xy27zjtab6ipo296Q,learn_relquest,1.0,"[6, 5]",24.0,2.53,0,1.0,125,first
Qnik0m508xy27zjtab6ipo296Q,learn_relquest,1.0,"[0, 7]",25.0,3.848,1,0.0,126,first
Qnik0m508xy27zjtab6ipo296Q,learn_relquest,0.0,"[5, 4]",26.0,1.779,1,1.0,127,first
Qnik0m508xy27zjtab6ipo296Q,learn_relquest,0.0,"[4, 3]",27.0,1.989,1,1.0,128,first
Qnik0m508xy27zjtab6ipo296Q,learn_relquest,0.0,"[2, 5]",0.0,4.798,0,0.0,217,second
Qnik0m508xy27zjtab6ipo296Q,learn_relquest,0.0,"[0, 2]",1.0,6.329,1,1.0,218,second
Qnik0m508xy27zjtab6ipo296Q,learn_relquest,0.0,"[4, 6]",2.0,2.462,1,1.0,219,second
Qnik0m508xy27zjtab6ipo296Q,learn_relquest,1.0,"[6, 7]",3.0,1.847,0,1.0,220,second
Qnik0m508xy27zjtab6ipo296Q,learn_relquest,0.0,"[3, 2]",4.0,1.679,0,0.0,221,second
Qnik0m508xy27zjtab6ipo296Q,learn_relquest,1.0,"[4, 1]",5.0,1.316,0,1.0,222,second
Qnik0m508xy27zjtab6ipo296Q,learn_relquest,1.0,"[2, 6]",6.0,1.626,0,1.0,223,second
Qnik0m508xy27zjtab6ipo296Q,learn_relquest,1.0,"[1, 4]",7.0,7.868,0,1.0,224,second
Qnik0m508xy27zjtab6ipo296Q,learn_relquest,0.0,"[4, 7]",8.0,5.111,1,1.0,225,second
Qnik0m508xy27zjtab6ipo296Q,learn_relquest,1.0,"[5, 6]",9.0,1.817,0,1.0,226,second
Qnik0m508xy27zjtab6ipo296Q,learn_relquest,1.0,"[7, 1]",10.0,2.805,1,0.0,227,second
Qnik0m508xy27zjtab6ipo296Q,learn_relquest,0.0,"[5, 2]",11.0,1.388,0,0.0,228,second
Qnik0m508xy27zjtab6ipo296Q,learn_relquest,0.0,"[3, 4]",12.0,1.527,0,0.0,229,second
Qnik0m508xy27zjtab6ipo296Q,learn_relquest,0.0,"[4, 2]",13.0,3.698,0,0.0,230,second
Qnik0m508xy27zjtab6ipo296Q,learn_relquest,0.0,"[6, 4]",14.0,2.529,0,0.0,231,second
Qnik0m508xy27zjtab6ipo296Q,learn_relquest,0.0,"[2, 3]",15.0,1.364,0,0.0,232,second
Qnik0m508xy27zjtab6ipo296Q,learn_relquest,1.0,"[1, 7]",16.0,2.296,0,1.0,233,second
Qnik0m508xy27zjtab6ipo296Q,learn_relquest,1.0,"[7, 0]",17.0,2.448,0,1.0,234,second
Qnik0m508xy27zjtab6ipo296Q,learn_relquest,1.0,"[7, 6]",18.0,1.944,0,1.0,235,second
Qnik0m508xy27zjtab6ipo296Q,learn_relquest,1.0,"[6, 5]",19.0,4.127,0,1.0,236,second
Qnik0m508xy27zjtab6ipo296Q,learn_relquest,1.0,"[3, 5]",20.0,1.447,0,1.0,237,second
Qnik0m508xy27zjtab6ipo296Q,learn_relquest,1.0,"[6, 2]",21.0,67.466,0,1.0,238,second
Qnik0m508xy27zjtab6ipo296Q,learn_relquest,0.0,"[0, 5]",22.0,1.547,0,0.0,239,second
Qnik0m508xy27zjtab6ipo296Q,learn_relquest,0.0,"[4, 5]",23.0,2.713,1,1.0,240,second
Qnik0m508xy27zjtab6ipo296Q,learn_relquest,1.0,"[0, 7]",24.0,1.446,0,1.0,241,second
Qnik0m508xy27zjtab6ipo296Q,learn_relquest,1.0,"[5, 3]",25.0,1.415,0,1.0,242,second
Qnik0m508xy27zjtab6ipo296Q,learn_relquest,0.0,"[0, 4]",26.0,1.76,1,1.0,243,second
Qnik0m508xy27zjtab6ipo296Q,learn_relquest,0.0,"[0, 3]",27.0,1.864,1,1.0,244,second
Qnik0m508xy27zjtab6ipo296Q,learn_relquest,1.0,"[5, 6]",0.0,5.879,0,1.0,331,third
Qnik0m508xy27zjtab6ipo296Q,learn_relquest,1.0,"[0, 7]",1.0,1.149,0,1.0,332,third
Qnik0m508xy27zjtab6ipo296Q,learn_relquest,0.0,"[3, 0]",2.0,0.969,0,0.0,333,third
Qnik0m508xy27zjtab6ipo296Q,learn_relquest,1.0,"[6, 5]",3.0,1.55,0,1.0,334,third
Qnik0m508xy27zjtab6ipo296Q,learn_relquest,1.0,"[6, 2]",4.0,1.332,0,1.0,335,third
Qnik0m508xy27zjtab6ipo296Q,learn_relquest,1.0,"[7, 6]",5.0,2.213,1,0.0,336,third
Qnik0m508xy27zjtab6ipo296Q,learn_relquest,0.0,"[5, 0]",6.0,1.572,0,0.0,337,third
Qnik0m508xy27zjtab6ipo296Q,learn_relquest,0.0,"[7, 2]",7.0,1.897,0,0.0,338,third
Qnik0m508xy27zjtab6ipo296Q,learn_relquest,1.0,"[5, 3]",8.0,2.053,0,1.0,339,third
Qnik0m508xy27zjtab6ipo296Q,learn_relquest,1.0,"[3, 5]",9.0,3.17,0,1.0,340,third
Qnik0m508xy27zjtab6ipo296Q,learn_relquest,0.0,"[1, 6]",10.0,1.453,1,1.0,341,third
Qnik0m508xy27zjtab6ipo296Q,learn_relquest,0.0,"[4, 5]",11.0,2.219,0,0.0,342,third
Qnik0m508xy27zjtab6ipo296Q,learn_relquest,0.0,"[2, 5]",12.0,1.049,0,0.0,343,third
Qnik0m508xy27zjtab6ipo296Q,learn_relquest,1.0,"[7, 0]",13.0,2.115,0,1.0,344,third
Qnik0m508xy27zjtab6ipo296Q,learn_relquest,0.0,"[1, 3]",14.0,1.579,1,1.0,345,third
Qnik0m508xy27zjtab6ipo296Q,learn_relquest,0.0,"[2, 3]",15.0,1.995,0,0.0,346,third
Qnik0m508xy27zjtab6ipo296Q,learn_relquest,1.0,"[2, 6]",16.0,3.349,0,1.0,347,third
Qnik0m508xy27zjtab6ipo296Q,learn_relquest,1.0,"[6, 7]",17.0,3.208,1,0.0,348,third
Qnik0m508xy27zjtab6ipo296Q,learn_relquest,1.0,"[7, 1]",18.0,1.363,1,0.0,349,third
Qnik0m508xy27zjtab6ipo296Q,learn_relquest,0.0,"[6, 1]",19.0,1.939,1,1.0,350,third
Qnik0m508xy27zjtab6ipo296Q,learn_relquest,0.0,"[1, 5]",20.0,2.294,0,0.0,351,third
Qnik0m508xy27zjtab6ipo296Q,learn_relquest,0.0,"[3, 6]",21.0,1.754,1,1.0,352,third
Qnik0m508xy27zjtab6ipo296Q,learn_relquest,0.0,"[6, 0]",22.0,1.722,0,0.0,353,third
Qnik0m508xy27zjtab6ipo296Q,learn_relquest,1.0,"[1, 4]",23.0,1.14,0,1.0,354,third
Qnik0m508xy27zjtab6ipo296Q,learn_relquest,0.0,"[0, 4]",24.0,1.935,0,0.0,355,third
Qnik0m508xy27zjtab6ipo296Q,learn_relquest,1.0,"[4, 1]",25.0,2.126,1,0.0,356,third
Qnik0m508xy27zjtab6ipo296Q,learn_relquest,0.0,"[1, 2]",26.0,1.839,0,0.0,357,third
Qnik0m508xy27zjtab6ipo296Q,learn_relquest,1.0,"[1, 7]",27.0,1.874,0,1.0,358,third
Qnik0m508xy27zjtab6ipo296Q,learn_relquest,0.0,"[5, 7]",0.0,2.356,0,0.0,445,fourth
Qnik0m508xy27zjtab6ipo296Q,learn_relquest,0.0,"[5, 4]",1.0,1.607,0,0.0,446,fourth
Qnik0m508xy27zjtab6ipo296Q,learn_relquest,1.0,"[2, 6]",2.0,3.075,1,0.0,447,fourth
Qnik0m508xy27zjtab6ipo296Q,learn_relquest,1.0,"[7, 6]",3.0,2.28,0,1.0,448,fourth
Qnik0m508xy27zjtab6ipo296Q,learn_relquest,1.0,"[5, 6]",4.0,19.185,0,1.0,449,fourth
Qnik0m508xy27zjtab6ipo296Q,learn_relquest,0.0,"[4, 6]",5.0,1.637,1,1.0,450,fourth
Qnik0m508xy27zjtab6ipo296Q,learn_relquest,1.0,"[6, 5]",6.0,2.163,0,1.0,451,fourth
Qnik0m508xy27zjtab6ipo296Q,learn_relquest,0.0,"[6, 4]",7.0,1.694,1,1.0,452,fourth
Qnik0m508xy27zjtab6ipo296Q,learn_relquest,0.0,"[0, 1]",8.0,3.505,1,1.0,453,fourth
Qnik0m508xy27zjtab6ipo296Q,learn_relquest,1.0,"[1, 7]",9.0,2.204,1,0.0,454,fourth
Qnik0m508xy27zjtab6ipo296Q,learn_relquest,1.0,"[7, 1]",10.0,1.293,1,0.0,455,fourth
Qnik0m508xy27zjtab6ipo296Q,learn_relquest,1.0,"[1, 4]",11.0,2.724,0,1.0,456,fourth
Qnik0m508xy27zjtab6ipo296Q,learn_relquest,1.0,"[7, 0]",12.0,2.09,0,1.0,457,fourth
Qnik0m508xy27zjtab6ipo296Q,learn_relquest,1.0,"[3, 5]",13.0,2.106,0,1.0,458,fourth
Qnik0m508xy27zjtab6ipo296Q,learn_relquest,0.0,"[2, 7]",14.0,3.62,1,1.0,459,fourth
Qnik0m508xy27zjtab6ipo296Q,learn_relquest,0.0,"[4, 2]",15.0,2.924,1,1.0,460,fourth
Qnik0m508xy27zjtab6ipo296Q,learn_relquest,1.0,"[6, 7]",16.0,2.316,0,1.0,461,fourth
Qnik0m508xy27zjtab6ipo296Q,learn_relquest,1.0,"[0, 7]",17.0,1.338,0,1.0,462,fourth
Qnik0m508xy27zjtab6ipo296Q,learn_relquest,0.0,"[2, 4]",18.0,2.629,1,1.0,463,fourth
Qnik0m508xy27zjtab6ipo296Q,learn_relquest,0.0,"[6, 0]",19.0,1.829,0,0.0,464,fourth
Qnik0m508xy27zjtab6ipo296Q,learn_relquest,0.0,"[3, 0]",20.0,3.935,1,1.0,465,fourth
Qnik0m508xy27zjtab6ipo296Q,learn_relquest,0.0,"[0, 6]",21.0,6.369,0,0.0,466,fourth
Qnik0m508xy27zjtab6ipo296Q,learn_relquest,0.0,"[7, 5]",22.0,1.463,0,0.0,467,fourth
Qnik0m508xy27zjtab6ipo296Q,learn_relquest,0.0,"[2, 1]",23.0,3.338,1,1.0,468,fourth
Qnik0m508xy27zjtab6ipo296Q,learn_relquest,1.0,"[4, 1]",24.0,2.877,0,1.0,469,fourth
Qnik0m508xy27zjtab6ipo296Q,learn_relquest,1.0,"[5, 3]",25.0,2.492,0,1.0,470,fourth
Qnik0m508xy27zjtab6ipo296Q,learn_relquest,0.0,"[3, 4]",26.0,3.598,1,1.0,471,fourth
Qnik0m508xy27zjtab6ipo296Q,learn_relquest,1.0,"[6, 2]",27.0,2.529,0,1.0,472,fourth
Qnik0m508xy27zjtab6ipo296Q,learn_relquest,0.0,"[3, 7]",0.0,3.261,1,1.0,559,fifth
Qnik0m508xy27zjtab6ipo296Q,learn_relquest,0.0,"[4, 6]",1.0,3.445,1,1.0,560,fifth
Qnik0m508xy27zjtab6ipo296Q,learn_relquest,0.0,"[4, 2]",2.0,1.776,0,0.0,561,fifth
Qnik0m508xy27zjtab6ipo296Q,learn_relquest,0.0,"[5, 4]",3.0,2.044,0,0.0,562,fifth
Qnik0m508xy27zjtab6ipo296Q,learn_relquest,0.0,"[5, 1]",4.0,2.496,0,0.0,563,fifth
Qnik0m508xy27zjtab6ipo296Q,learn_relquest,1.0,"[5, 6]",5.0,2.363,0,1.0,564,fifth
Qnik0m508xy27zjtab6ipo296Q,learn_relquest,1.0,"[1, 4]",6.0,1.744,1,0.0,565,fifth
Qnik0m508xy27zjtab6ipo296Q,learn_relquest,1.0,"[7, 6]",7.0,1.612,0,1.0,566,fifth
Qnik0m508xy27zjtab6ipo296Q,learn_relquest,0.0,"[0, 5]",8.0,1.483,0,0.0,567,fifth
Qnik0m508xy27zjtab6ipo296Q,learn_relquest,0.0,"[7, 4]",9.0,1.681,0,0.0,568,fifth
Qnik0m508xy27zjtab6ipo296Q,learn_relquest,1.0,"[3, 5]",10.0,1.345,0,1.0,569,fifth
Qnik0m508xy27zjtab6ipo296Q,learn_relquest,1.0,"[6, 2]",11.0,1.195,0,1.0,570,fifth
Qnik0m508xy27zjtab6ipo296Q,learn_relquest,1.0,"[2, 6]",12.0,1.249,0,1.0,571,fifth
Qnik0m508xy27zjtab6ipo296Q,learn_relquest,0.0,"[1, 0]",13.0,1.535,0,0.0,572,fifth
Qnik0m508xy27zjtab6ipo296Q,learn_relquest,1.0,"[4, 1]",14.0,2.041,1,0.0,573,fifth
Qnik0m508xy27zjtab6ipo296Q,learn_relquest,1.0,"[1, 7]",15.0,2.232,1,0.0,574,fifth
Qnik0m508xy27zjtab6ipo296Q,learn_relquest,1.0,"[7, 0]",16.0,1.729,0,1.0,575,fifth
Qnik0m508xy27zjtab6ipo296Q,learn_relquest,1.0,"[6, 7]",17.0,1.589,1,0.0,576,fifth
Qnik0m508xy27zjtab6ipo296Q,learn_relquest,1.0,"[0, 7]",18.0,11.47,0,1.0,577,fifth
Qnik0m508xy27zjtab6ipo296Q,learn_relquest,0.0,"[0, 2]",19.0,1.34,0,0.0,578,fifth
Qnik0m508xy27zjtab6ipo296Q,learn_relquest,0.0,"[1, 2]",20.0,1.502,0,0.0,579,fifth
Qnik0m508xy27zjtab6ipo296Q,learn_relquest,0.0,"[0, 4]",21.0,1.218,0,0.0,580,fifth
Qnik0m508xy27zjtab6ipo296Q,learn_relquest,1.0,"[6, 5]",22.0,1.702,0,1.0,581,fifth
Qnik0m508xy27zjtab6ipo296Q,learn_relquest,0.0,"[3, 6]",23.0,2.114,1,1.0,582,fifth
Qnik0m508xy27zjtab6ipo296Q,learn_relquest,1.0,"[7, 1]",24.0,1.505,1,0.0,583,fifth
Qnik0m508xy27zjtab6ipo296Q,learn_relquest,1.0,"[5, 3]",25.0,3.63,0,1.0,584,fifth
Qnik0m508xy27zjtab6ipo296Q,learn_relquest,0.0,"[5, 7]",26.0,1.765,0,0.0,585,fifth
Qnik0m508xy27zjtab6ipo296Q,learn_relquest,0.0,"[5, 2]",27.0,1.793,0,0.0,586,fifth
Qnmxphnc8wp0gw69gbzrkqw54Q,learn_relquest,0.0,"[5, 0]",0.0,7.959,1,1.0,101,first
Qnmxphnc8wp0gw69gbzrkqw54Q,learn_relquest,1.0,"[5, 6]",1.0,4.695,1,0.0,102,first
Qnmxphnc8wp0gw69gbzrkqw54Q,learn_relquest,1.0,"[0, 7]",2.0,1.413,0,1.0,103,first
Qnmxphnc8wp0gw69gbzrkqw54Q,learn_relquest,0.0,"[3, 7]",3.0,3.346,1,1.0,104,first
Qnmxphnc8wp0gw69gbzrkqw54Q,learn_relquest,0.0,"[4, 7]",4.0,4.762,0,0.0,105,first
Qnmxphnc8wp0gw69gbzrkqw54Q,learn_relquest,1.0,"[5, 3]",5.0,1.448,1,0.0,106,first
Qnmxphnc8wp0gw69gbzrkqw54Q,learn_relquest,1.0,"[4, 1]",6.0,3.061,1,0.0,107,first
Qnmxphnc8wp0gw69gbzrkqw54Q,learn_relquest,0.0,"[5, 2]",7.0,1.481,1,1.0,108,first
Qnmxphnc8wp0gw69gbzrkqw54Q,learn_relquest,0.0,"[2, 3]",8.0,1.146,1,1.0,109,first
Qnmxphnc8wp0gw69gbzrkqw54Q,learn_relquest,1.0,"[7, 0]",9.0,2.38,0,1.0,110,first
Qnmxphnc8wp0gw69gbzrkqw54Q,learn_relquest,1.0,"[3, 5]",10.0,1.713,1,0.0,111,first
Qnmxphnc8wp0gw69gbzrkqw54Q,learn_relquest,1.0,"[6, 2]",11.0,1.379,1,0.0,112,first
Qnmxphnc8wp0gw69gbzrkqw54Q,learn_relquest,1.0,"[6, 5]",12.0,4.182,1,0.0,113,first
Qnmxphnc8wp0gw69gbzrkqw54Q,learn_relquest,0.0,"[4, 6]",13.0,1.627,1,1.0,114,first
Qnmxphnc8wp0gw69gbzrkqw54Q,learn_relquest,0.0,"[6, 3]",14.0,1.679,1,1.0,115,first
Qnmxphnc8wp0gw69gbzrkqw54Q,learn_relquest,0.0,"[1, 3]",15.0,1.779,1,1.0,116,first
Qnmxphnc8wp0gw69gbzrkqw54Q,learn_relquest,0.0,"[3, 2]",16.0,2.13,1,1.0,117,first
Qnmxphnc8wp0gw69gbzrkqw54Q,learn_relquest,0.0,"[1, 6]",17.0,1.481,0,0.0,118,first
Qnmxphnc8wp0gw69gbzrkqw54Q,learn_relquest,1.0,"[2, 6]",18.0,3.512,1,0.0,119,first
Qnmxphnc8wp0gw69gbzrkqw54Q,learn_relquest,1.0,"[7, 6]",19.0,1.88,0,1.0,120,first
Qnmxphnc8wp0gw69gbzrkqw54Q,learn_relquest,0.0,"[2, 7]",20.0,2.427,1,1.0,121,first
Qnmxphnc8wp0gw69gbzrkqw54Q,learn_relquest,0.0,"[2, 5]",21.0,1.648,1,1.0,122,first
Qnmxphnc8wp0gw69gbzrkqw54Q,learn_relquest,1.0,"[7, 1]",22.0,1.381,0,1.0,123,first
Qnmxphnc8wp0gw69gbzrkqw54Q,learn_relquest,1.0,"[1, 7]",23.0,0.945,0,1.0,124,first
Qnmxphnc8wp0gw69gbzrkqw54Q,learn_relquest,1.0,"[6, 7]",24.0,2.446,0,1.0,125,first
Qnmxphnc8wp0gw69gbzrkqw54Q,learn_relquest,0.0,"[5, 7]",25.0,4.78,1,1.0,126,first
Qnmxphnc8wp0gw69gbzrkqw54Q,learn_relquest,0.0,"[0, 5]",26.0,7.647,1,1.0,127,first
Qnmxphnc8wp0gw69gbzrkqw54Q,learn_relquest,1.0,"[1, 4]",27.0,3.978,0,1.0,128,first
Qnmxphnc8wp0gw69gbzrkqw54Q,learn_relquest,1.0,"[7, 1]",0.0,10.296,0,1.0,217,second
Qnmxphnc8wp0gw69gbzrkqw54Q,learn_relquest,0.0,"[5, 7]",1.0,6.91,1,1.0,218,second
Qnmxphnc8wp0gw69gbzrkqw54Q,learn_relquest,0.0,"[5, 2]",2.0,8.081,1,1.0,219,second
Qnmxphnc8wp0gw69gbzrkqw54Q,learn_relquest,1.0,"[6, 5]",3.0,3.876,0,1.0,220,second
Qnmxphnc8wp0gw69gbzrkqw54Q,learn_relquest,0.0,"[2, 7]",4.0,7.031,1,1.0,221,second
Qnmxphnc8wp0gw69gbzrkqw54Q,learn_relquest,0.0,"[4, 3]",5.0,3.295,1,1.0,222,second
Qnmxphnc8wp0gw69gbzrkqw54Q,learn_relquest,0.0,"[0, 4]",6.0,7.878,1,1.0,223,second
Qnmxphnc8wp0gw69gbzrkqw54Q,learn_relquest,1.0,"[5, 6]",7.0,3.095,0,1.0,224,second
Qnmxphnc8wp0gw69gbzrkqw54Q,learn_relquest,0.0,"[6, 0]",8.0,6.263,1,1.0,225,second
Qnmxphnc8wp0gw69gbzrkqw54Q,learn_relquest,0.0,"[2, 0]",9.0,7.346,1,1.0,226,second
Qnmxphnc8wp0gw69gbzrkqw54Q,learn_relquest,0.0,"[7, 3]",10.0,6.528,1,1.0,227,second
Qnmxphnc8wp0gw69gbzrkqw54Q,learn_relquest,0.0,"[1, 5]",11.0,7.665,1,1.0,228,second
Qnmxphnc8wp0gw69gbzrkqw54Q,learn_relquest,0.0,"[2, 3]",12.0,7.796,1,1.0,229,second
Qnmxphnc8wp0gw69gbzrkqw54Q,learn_relquest,1.0,"[7, 0]",13.0,5.712,0,1.0,230,second
Qnmxphnc8wp0gw69gbzrkqw54Q,learn_relquest,1.0,"[7, 6]",14.0,4.115,0,1.0,231,second
Qnmxphnc8wp0gw69gbzrkqw54Q,learn_relquest,1.0,"[1, 4]",15.0,6.945,0,1.0,232,second
Qnmxphnc8wp0gw69gbzrkqw54Q,learn_relquest,0.0,"[1, 2]",16.0,4.346,1,1.0,233,second
Qnmxphnc8wp0gw69gbzrkqw54Q,learn_relquest,1.0,"[6, 7]",17.0,7.266,1,0.0,234,second
Qnmxphnc8wp0gw69gbzrkqw54Q,learn_relquest,1.0,"[0, 7]",18.0,2.729,0,1.0,235,second
Qnmxphnc8wp0gw69gbzrkqw54Q,learn_relquest,0.0,"[6, 4]",19.0,5.709,1,1.0,236,second
Qnmxphnc8wp0gw69gbzrkqw54Q,learn_relquest,1.0,"[6, 2]",20.0,3.3,0,1.0,237,second
Qnmxphnc8wp0gw69gbzrkqw54Q,learn_relquest,1.0,"[1, 7]",21.0,2.743,0,1.0,238,second
Qnmxphnc8wp0gw69gbzrkqw54Q,learn_relquest,1.0,"[3, 5]",22.0,3.846,0,1.0,239,second
Qnmxphnc8wp0gw69gbzrkqw54Q,learn_relquest,0.0,"[3, 7]",23.0,3.248,1,1.0,240,second
Qnmxphnc8wp0gw69gbzrkqw54Q,learn_relquest,1.0,"[2, 6]",24.0,3.713,0,1.0,241,second
Qnmxphnc8wp0gw69gbzrkqw54Q,learn_relquest,0.0,"[2, 5]",25.0,3.73,1,1.0,242,second
Qnmxphnc8wp0gw69gbzrkqw54Q,learn_relquest,1.0,"[5, 3]",26.0,3.378,0,1.0,243,second
Qnmxphnc8wp0gw69gbzrkqw54Q,learn_relquest,1.0,"[4, 1]",27.0,4.015,0,1.0,244,second
Qnmxphnc8wp0gw69gbzrkqw54Q,learn_relquest,0.0,"[2, 7]",0.0,6.562,0,0.0,331,third
Qnmxphnc8wp0gw69gbzrkqw54Q,learn_relquest,0.0,"[5, 1]",1.0,1.678,0,0.0,332,third
Qnmxphnc8wp0gw69gbzrkqw54Q,learn_relquest,0.0,"[0, 2]",2.0,2.98,1,1.0,333,third
Qnmxphnc8wp0gw69gbzrkqw54Q,learn_relquest,0.0,"[0, 6]",3.0,1.395,1,1.0,334,third
Qnmxphnc8wp0gw69gbzrkqw54Q,learn_relquest,0.0,"[6, 3]",4.0,3.912,0,0.0,335,third
Qnmxphnc8wp0gw69gbzrkqw54Q,learn_relquest,1.0,"[6, 5]",5.0,2.746,0,1.0,336,third
Qnmxphnc8wp0gw69gbzrkqw54Q,learn_relquest,0.0,"[3, 6]",6.0,2.245,0,0.0,337,third
Qnmxphnc8wp0gw69gbzrkqw54Q,learn_relquest,1.0,"[2, 6]",7.0,2.18,1,0.0,338,third
Qnmxphnc8wp0gw69gbzrkqw54Q,learn_relquest,0.0,"[4, 7]",8.0,1.595,0,0.0,339,third
Qnmxphnc8wp0gw69gbzrkqw54Q,learn_relquest,1.0,"[4, 1]",9.0,0.913,0,1.0,340,third
Qnmxphnc8wp0gw69gbzrkqw54Q,learn_relquest,0.0,"[0, 1]",10.0,0.947,0,0.0,341,third
Qnmxphnc8wp0gw69gbzrkqw54Q,learn_relquest,0.0,"[0, 5]",11.0,2.711,1,1.0,342,third
Qnmxphnc8wp0gw69gbzrkqw54Q,learn_relquest,0.0,"[0, 4]",12.0,1.896,0,0.0,343,third
Qnmxphnc8wp0gw69gbzrkqw54Q,learn_relquest,1.0,"[7, 6]",13.0,2.079,1,0.0,344,third
Qnmxphnc8wp0gw69gbzrkqw54Q,learn_relquest,1.0,"[5, 6]",14.0,2.245,0,1.0,345,third
Qnmxphnc8wp0gw69gbzrkqw54Q,learn_relquest,1.0,"[0, 7]",15.0,1.578,0,1.0,346,third
Qnmxphnc8wp0gw69gbzrkqw54Q,learn_relquest,1.0,"[1, 7]",16.0,0.812,0,1.0,347,third
Qnmxphnc8wp0gw69gbzrkqw54Q,learn_relquest,1.0,"[5, 3]",17.0,5.946,0,1.0,348,third
Qnmxphnc8wp0gw69gbzrkqw54Q,learn_relquest,0.0,"[3, 4]",18.0,5.331,0,0.0,349,third
Qnmxphnc8wp0gw69gbzrkqw54Q,learn_relquest,1.0,"[6, 7]",19.0,1.247,0,1.0,350,third
Qnmxphnc8wp0gw69gbzrkqw54Q,learn_relquest,0.0,"[5, 4]",20.0,4.762,1,1.0,351,third
Qnmxphnc8wp0gw69gbzrkqw54Q,learn_relquest,1.0,"[7, 0]",21.0,1.279,0,1.0,352,third
Qnmxphnc8wp0gw69gbzrkqw54Q,learn_relquest,1.0,"[6, 2]",22.0,1.747,0,1.0,353,third
Qnmxphnc8wp0gw69gbzrkqw54Q,learn_relquest,1.0,"[1, 4]",23.0,1.031,0,1.0,354,third
Qnmxphnc8wp0gw69gbzrkqw54Q,learn_relquest,1.0,"[7, 1]",24.0,1.097,0,1.0,355,third
Qnmxphnc8wp0gw69gbzrkqw54Q,learn_relquest,0.0,"[3, 2]",25.0,3.179,1,1.0,356,third
Qnmxphnc8wp0gw69gbzrkqw54Q,learn_relquest,1.0,"[3, 5]",26.0,2.148,1,0.0,357,third
Qnmxphnc8wp0gw69gbzrkqw54Q,learn_relquest,0.0,"[2, 4]",27.0,8.847,0,0.0,358,third
Qnmxphnc8wp0gw69gbzrkqw54Q,learn_relquest,1.0,"[6, 5]",0.0,6.527,0,1.0,445,fourth
Qnmxphnc8wp0gw69gbzrkqw54Q,learn_relquest,0.0,"[0, 4]",1.0,9.863,1,1.0,446,fourth
Qnmxphnc8wp0gw69gbzrkqw54Q,learn_relquest,0.0,"[7, 4]",2.0,7.412,1,1.0,447,fourth
Qnmxphnc8wp0gw69gbzrkqw54Q,learn_relquest,0.0,"[5, 2]",3.0,13.297,1,1.0,448,fourth
Qnmxphnc8wp0gw69gbzrkqw54Q,learn_relquest,0.0,"[4, 7]",4.0,10.063,1,1.0,449,fourth
Qnmxphnc8wp0gw69gbzrkqw54Q,learn_relquest,1.0,"[7, 1]",5.0,7.245,0,1.0,450,fourth
Qnmxphnc8wp0gw69gbzrkqw54Q,learn_relquest,1.0,"[5, 6]",6.0,21.465,0,1.0,451,fourth
Qnmxphnc8wp0gw69gbzrkqw54Q,learn_relquest,0.0,"[4, 6]",7.0,7.812,1,1.0,452,fourth
Qnmxphnc8wp0gw69gbzrkqw54Q,learn_relquest,1.0,"[0, 7]",8.0,5.743,0,1.0,453,fourth
Qnmxphnc8wp0gw69gbzrkqw54Q,learn_relquest,1.0,"[6, 7]",9.0,8.532,0,1.0,454,fourth
Qnmxphnc8wp0gw69gbzrkqw54Q,learn_relquest,1.0,"[7, 6]",10.0,12.546,0,1.0,455,fourth
Qnmxphnc8wp0gw69gbzrkqw54Q,learn_relquest,1.0,"[6, 2]",11.0,8.481,0,1.0,456,fourth
Qnmxphnc8wp0gw69gbzrkqw54Q,learn_relquest,0.0,"[5, 1]",12.0,19.613,1,1.0,457,fourth
Qnmxphnc8wp0gw69gbzrkqw54Q,learn_relquest,0.0,"[4, 2]",13.0,4.611,1,1.0,458,fourth
Qnmxphnc8wp0gw69gbzrkqw54Q,learn_relquest,0.0,"[3, 1]",14.0,11.997,1,1.0,459,fourth
Qnmxphnc8wp0gw69gbzrkqw54Q,learn_relquest,1.0,"[2, 6]",15.0,10.796,0,1.0,460,fourth
Qnmxphnc8wp0gw69gbzrkqw54Q,learn_relquest,1.0,"[4, 1]",16.0,10.38,0,1.0,461,fourth
Qnmxphnc8wp0gw69gbzrkqw54Q,learn_relquest,0.0,"[3, 0]",17.0,10.163,1,1.0,462,fourth
Qnmxphnc8wp0gw69gbzrkqw54Q,learn_relquest,1.0,"[5, 3]",18.0,7.062,0,1.0,463,fourth
Qnmxphnc8wp0gw69gbzrkqw54Q,learn_relquest,1.0,"[3, 5]",19.0,7.261,0,1.0,464,fourth
Qnmxphnc8wp0gw69gbzrkqw54Q,learn_relquest,0.0,"[1, 6]",20.0,24.132,1,1.0,465,fourth
Qnmxphnc8wp0gw69gbzrkqw54Q,learn_relquest,1.0,"[1, 7]",21.0,54.326,0,1.0,466,fourth
Qnmxphnc8wp0gw69gbzrkqw54Q,learn_relquest,1.0,"[7, 0]",22.0,3.679,0,1.0,467,fourth
Qnmxphnc8wp0gw69gbzrkqw54Q,learn_relquest,1.0,"[1, 4]",23.0,5.16,0,1.0,468,fourth
Qnmxphnc8wp0gw69gbzrkqw54Q,learn_relquest,0.0,"[2, 4]",24.0,27.296,1,1.0,469,fourth
Qnmxphnc8wp0gw69gbzrkqw54Q,learn_relquest,0.0,"[5, 0]",25.0,13.747,1,1.0,470,fourth
Qnmxphnc8wp0gw69gbzrkqw54Q,learn_relquest,0.0,"[7, 3]",26.0,6.061,1,1.0,471,fourth
Qnmxphnc8wp0gw69gbzrkqw54Q,learn_relquest,0.0,"[6, 3]",27.0,13.879,1,1.0,472,fourth
Qnmxphnc8wp0gw69gbzrkqw54Q,learn_relquest,0.0,"[4, 2]",0.0,13.028,1,1.0,559,fifth
Qnmxphnc8wp0gw69gbzrkqw54Q,learn_relquest,1.0,"[5, 3]",1.0,3.428,0,1.0,560,fifth
Qnmxphnc8wp0gw69gbzrkqw54Q,learn_relquest,1.0,"[6, 7]",2.0,3.194,0,1.0,561,fifth
Qnmxphnc8wp0gw69gbzrkqw54Q,learn_relquest,1.0,"[4, 1]",3.0,9.597,0,1.0,562,fifth
Qnmxphnc8wp0gw69gbzrkqw54Q,learn_relquest,0.0,"[2, 1]",4.0,13.763,1,1.0,563,fifth
Qnmxphnc8wp0gw69gbzrkqw54Q,learn_relquest,1.0,"[2, 6]",5.0,6.53,0,1.0,564,fifth
Qnmxphnc8wp0gw69gbzrkqw54Q,learn_relquest,1.0,"[6, 2]",6.0,9.729,0,1.0,565,fifth
Qnmxphnc8wp0gw69gbzrkqw54Q,learn_relquest,1.0,"[5, 6]",7.0,3.529,0,1.0,566,fifth
Qnmxphnc8wp0gw69gbzrkqw54Q,learn_relquest,0.0,"[2, 0]",8.0,14.665,1,1.0,567,fifth
Qnmxphnc8wp0gw69gbzrkqw54Q,learn_relquest,0.0,"[4, 6]",9.0,7.413,1,1.0,568,fifth
Qnmxphnc8wp0gw69gbzrkqw54Q,learn_relquest,0.0,"[6, 3]",10.0,18.318,1,1.0,569,fifth
Qnmxphnc8wp0gw69gbzrkqw54Q,learn_relquest,1.0,"[7, 1]",11.0,5.506,0,1.0,570,fifth
Qnmxphnc8wp0gw69gbzrkqw54Q,learn_relquest,0.0,"[1, 0]",12.0,16.813,1,1.0,571,fifth
Qnmxphnc8wp0gw69gbzrkqw54Q,learn_relquest,1.0,"[1, 7]",13.0,9.78,0,1.0,572,fifth
Qnmxphnc8wp0gw69gbzrkqw54Q,learn_relquest,0.0,"[3, 7]",14.0,6.029,1,1.0,573,fifth
Qnmxphnc8wp0gw69gbzrkqw54Q,learn_relquest,0.0,"[0, 4]",15.0,35.465,1,1.0,574,fifth
Qnmxphnc8wp0gw69gbzrkqw54Q,learn_relquest,0.0,"[4, 3]",16.0,4.046,1,1.0,575,fifth
Qnmxphnc8wp0gw69gbzrkqw54Q,learn_relquest,1.0,"[3, 5]",17.0,5.13,0,1.0,576,fifth
Qnmxphnc8wp0gw69gbzrkqw54Q,learn_relquest,1.0,"[0, 7]",18.0,3.961,0,1.0,577,fifth
Qnmxphnc8wp0gw69gbzrkqw54Q,learn_relquest,1.0,"[1, 4]",19.0,5.28,0,1.0,578,fifth
Qnmxphnc8wp0gw69gbzrkqw54Q,learn_relquest,0.0,"[2, 4]",20.0,5.729,1,1.0,579,fifth
Qnmxphnc8wp0gw69gbzrkqw54Q,learn_relquest,0.0,"[1, 5]",21.0,8.712,1,1.0,580,fifth
Qnmxphnc8wp0gw69gbzrkqw54Q,learn_relquest,0.0,"[4, 5]",22.0,3.731,1,1.0,581,fifth
Qnmxphnc8wp0gw69gbzrkqw54Q,learn_relquest,0.0,"[5, 0]",23.0,3.645,1,1.0,582,fifth
Qnmxphnc8wp0gw69gbzrkqw54Q,learn_relquest,1.0,"[7, 6]",24.0,4.061,0,1.0,583,fifth
Qnmxphnc8wp0gw69gbzrkqw54Q,learn_relquest,1.0,"[7, 0]",25.0,2.714,0,1.0,584,fifth
Qnmxphnc8wp0gw69gbzrkqw54Q,learn_relquest,0.0,"[1, 3]",26.0,8.345,1,1.0,585,fifth
Qnmxphnc8wp0gw69gbzrkqw54Q,learn_relquest,1.0,"[6, 5]",27.0,8.994,1,0.0,586,fifth
Qbyqhyaokmq7h7b7c4h5j0xu8Q,learn_relquest,1.0,"[7, 6]",0.0,6.221,0,1.0,101,first
Qbyqhyaokmq7h7b7c4h5j0xu8Q,learn_relquest,1.0,"[6, 7]",1.0,3.279,1,0.0,102,first
Qbyqhyaokmq7h7b7c4h5j0xu8Q,learn_relquest,0.0,"[0, 2]",2.0,3.548,1,1.0,103,first
Qbyqhyaokmq7h7b7c4h5j0xu8Q,learn_relquest,0.0,"[5, 7]",3.0,3.68,1,1.0,104,first
Qbyqhyaokmq7h7b7c4h5j0xu8Q,learn_relquest,1.0,"[6, 2]",4.0,2.573,0,1.0,105,first
Qbyqhyaokmq7h7b7c4h5j0xu8Q,learn_relquest,1.0,"[1, 7]",5.0,2.228,0,1.0,106,first
Qbyqhyaokmq7h7b7c4h5j0xu8Q,learn_relquest,0.0,"[4, 2]",6.0,3.629,1,1.0,107,first
Qbyqhyaokmq7h7b7c4h5j0xu8Q,learn_relquest,0.0,"[7, 3]",7.0,2.012,0,0.0,108,first
Qbyqhyaokmq7h7b7c4h5j0xu8Q,learn_relquest,0.0,"[3, 2]",8.0,0.957,0,0.0,109,first
Qbyqhyaokmq7h7b7c4h5j0xu8Q,learn_relquest,1.0,"[5, 3]",9.0,4.561,0,1.0,110,first
Qbyqhyaokmq7h7b7c4h5j0xu8Q,learn_relquest,0.0,"[0, 3]",10.0,3.051,1,1.0,111,first
Qbyqhyaokmq7h7b7c4h5j0xu8Q,learn_relquest,0.0,"[2, 0]",11.0,3.426,1,1.0,112,first
Qbyqhyaokmq7h7b7c4h5j0xu8Q,learn_relquest,1.0,"[1, 4]",12.0,7.111,1,0.0,113,first
Qbyqhyaokmq7h7b7c4h5j0xu8Q,learn_relquest,0.0,"[4, 7]",13.0,1.615,1,1.0,114,first
Qbyqhyaokmq7h7b7c4h5j0xu8Q,learn_relquest,0.0,"[3, 7]",14.0,1.876,0,0.0,115,first
Qbyqhyaokmq7h7b7c4h5j0xu8Q,learn_relquest,0.0,"[3, 0]",15.0,3.613,0,0.0,116,first
Qbyqhyaokmq7h7b7c4h5j0xu8Q,learn_relquest,1.0,"[7, 1]",16.0,1.312,0,1.0,117,first
Qbyqhyaokmq7h7b7c4h5j0xu8Q,learn_relquest,1.0,"[4, 1]",17.0,2.182,1,0.0,118,first
Qbyqhyaokmq7h7b7c4h5j0xu8Q,learn_relquest,0.0,"[1, 6]",18.0,2.43,1,1.0,119,first
Qbyqhyaokmq7h7b7c4h5j0xu8Q,learn_relquest,0.0,"[5, 2]",19.0,2.505,0,0.0,120,first
Qbyqhyaokmq7h7b7c4h5j0xu8Q,learn_relquest,1.0,"[0, 7]",20.0,2.83,0,1.0,121,first
Qbyqhyaokmq7h7b7c4h5j0xu8Q,learn_relquest,0.0,"[1, 5]",21.0,2.781,1,1.0,122,first
Qbyqhyaokmq7h7b7c4h5j0xu8Q,learn_relquest,1.0,"[2, 6]",22.0,2.086,0,1.0,123,first
Qbyqhyaokmq7h7b7c4h5j0xu8Q,learn_relquest,1.0,"[3, 5]",23.0,1.365,0,1.0,124,first
Qbyqhyaokmq7h7b7c4h5j0xu8Q,learn_relquest,1.0,"[5, 6]",24.0,3.046,1,0.0,125,first
Qbyqhyaokmq7h7b7c4h5j0xu8Q,learn_relquest,1.0,"[6, 5]",25.0,4.277,1,0.0,126,first
Qbyqhyaokmq7h7b7c4h5j0xu8Q,learn_relquest,1.0,"[7, 0]",26.0,2.426,0,1.0,127,first
Qbyqhyaokmq7h7b7c4h5j0xu8Q,learn_relquest,0.0,"[6, 4]",27.0,2.386,0,0.0,128,first
Qbyqhyaokmq7h7b7c4h5j0xu8Q,learn_relquest,0.0,"[4, 0]",0.0,6.184,1,1.0,216,second
Qbyqhyaokmq7h7b7c4h5j0xu8Q,learn_relquest,1.0,"[1, 7]",1.0,1.64,0,1.0,217,second
Qbyqhyaokmq7h7b7c4h5j0xu8Q,learn_relquest,1.0,"[3, 5]",2.0,1.152,0,1.0,218,second
Qbyqhyaokmq7h7b7c4h5j0xu8Q,learn_relquest,1.0,"[5, 3]",3.0,4.016,0,1.0,219,second
Qbyqhyaokmq7h7b7c4h5j0xu8Q,learn_relquest,1.0,"[7, 6]",4.0,2.868,0,1.0,220,second
Qbyqhyaokmq7h7b7c4h5j0xu8Q,learn_relquest,0.0,"[3, 0]",5.0,2.614,1,1.0,221,second
Qbyqhyaokmq7h7b7c4h5j0xu8Q,learn_relquest,0.0,"[1, 2]",6.0,2.254,1,1.0,222,second
Qbyqhyaokmq7h7b7c4h5j0xu8Q,learn_relquest,0.0,"[5, 2]",7.0,1.965,0,0.0,223,second
Qbyqhyaokmq7h7b7c4h5j0xu8Q,learn_relquest,0.0,"[2, 3]",8.0,1.461,0,0.0,224,second
Qbyqhyaokmq7h7b7c4h5j0xu8Q,learn_relquest,1.0,"[5, 6]",9.0,2.784,1,0.0,225,second
Qbyqhyaokmq7h7b7c4h5j0xu8Q,learn_relquest,0.0,"[4, 2]",10.0,2.825,1,1.0,226,second
Qbyqhyaokmq7h7b7c4h5j0xu8Q,learn_relquest,0.0,"[5, 7]",11.0,2.844,1,1.0,227,second
Qbyqhyaokmq7h7b7c4h5j0xu8Q,learn_relquest,0.0,"[2, 5]",12.0,1.382,1,1.0,228,second
Qbyqhyaokmq7h7b7c4h5j0xu8Q,learn_relquest,1.0,"[7, 1]",13.0,2.488,0,1.0,229,second
Qbyqhyaokmq7h7b7c4h5j0xu8Q,learn_relquest,0.0,"[2, 4]",14.0,5.526,1,1.0,230,second
Qbyqhyaokmq7h7b7c4h5j0xu8Q,learn_relquest,0.0,"[0, 5]",15.0,2.399,1,1.0,231,second
Qbyqhyaokmq7h7b7c4h5j0xu8Q,learn_relquest,0.0,"[7, 3]",16.0,1.647,0,0.0,232,second
Qbyqhyaokmq7h7b7c4h5j0xu8Q,learn_relquest,0.0,"[3, 1]",17.0,2.784,1,1.0,233,second
Qbyqhyaokmq7h7b7c4h5j0xu8Q,learn_relquest,1.0,"[0, 7]",18.0,3.52,1,0.0,234,second
Qbyqhyaokmq7h7b7c4h5j0xu8Q,learn_relquest,1.0,"[6, 5]",19.0,1.814,1,0.0,235,second
Qbyqhyaokmq7h7b7c4h5j0xu8Q,learn_relquest,1.0,"[4, 1]",20.0,1.393,1,0.0,236,second
Qbyqhyaokmq7h7b7c4h5j0xu8Q,learn_relquest,1.0,"[7, 0]",21.0,1.491,1,0.0,237,second
Qbyqhyaokmq7h7b7c4h5j0xu8Q,learn_relquest,1.0,"[1, 4]",22.0,1.587,1,0.0,238,second
Qbyqhyaokmq7h7b7c4h5j0xu8Q,learn_relquest,1.0,"[6, 7]",23.0,2.949,1,0.0,239,second
Qbyqhyaokmq7h7b7c4h5j0xu8Q,learn_relquest,1.0,"[2, 6]",24.0,1.994,1,0.0,240,second
Qbyqhyaokmq7h7b7c4h5j0xu8Q,learn_relquest,0.0,"[2, 1]",25.0,1.496,1,1.0,241,second
Qbyqhyaokmq7h7b7c4h5j0xu8Q,learn_relquest,1.0,"[6, 2]",26.0,1.446,1,0.0,242,second
Qbyqhyaokmq7h7b7c4h5j0xu8Q,learn_relquest,0.0,"[0, 3]",27.0,3.239,1,1.0,243,second
Qbyqhyaokmq7h7b7c4h5j0xu8Q,learn_relquest,0.0,"[4, 7]",0.0,3.534,1,1.0,329,third
Qbyqhyaokmq7h7b7c4h5j0xu8Q,learn_relquest,1.0,"[4, 1]",1.0,1.914,1,0.0,330,third
Qbyqhyaokmq7h7b7c4h5j0xu8Q,learn_relquest,0.0,"[7, 3]",2.0,1.636,0,0.0,331,third
Qbyqhyaokmq7h7b7c4h5j0xu8Q,learn_relquest,0.0,"[6, 1]",3.0,0.905,0,0.0,332,third
Qbyqhyaokmq7h7b7c4h5j0xu8Q,learn_relquest,1.0,"[1, 7]",4.0,1.15,0,1.0,333,third
Qbyqhyaokmq7h7b7c4h5j0xu8Q,learn_relquest,1.0,"[1, 4]",5.0,1.334,0,1.0,334,third
Qbyqhyaokmq7h7b7c4h5j0xu8Q,learn_relquest,1.0,"[7, 1]",6.0,1.252,0,1.0,335,third
Qbyqhyaokmq7h7b7c4h5j0xu8Q,learn_relquest,0.0,"[6, 3]",7.0,1.174,0,0.0,336,third
Qbyqhyaokmq7h7b7c4h5j0xu8Q,learn_relquest,1.0,"[6, 5]",8.0,3.351,1,0.0,337,third
Qbyqhyaokmq7h7b7c4h5j0xu8Q,learn_relquest,0.0,"[4, 6]",9.0,1.155,1,1.0,338,third
Qbyqhyaokmq7h7b7c4h5j0xu8Q,learn_relquest,0.0,"[4, 2]",10.0,2.268,1,1.0,339,third
Qbyqhyaokmq7h7b7c4h5j0xu8Q,learn_relquest,1.0,"[5, 3]",11.0,1.521,0,1.0,340,third
Qbyqhyaokmq7h7b7c4h5j0xu8Q,learn_relquest,0.0,"[0, 6]",12.0,4.214,1,1.0,341,third
Qbyqhyaokmq7h7b7c4h5j0xu8Q,learn_relquest,0.0,"[2, 1]",13.0,1.844,1,1.0,342,third
Qbyqhyaokmq7h7b7c4h5j0xu8Q,learn_relquest,0.0,"[2, 0]",14.0,1.546,1,1.0,343,third
Qbyqhyaokmq7h7b7c4h5j0xu8Q,learn_relquest,0.0,"[4, 3]",15.0,2.285,1,1.0,344,third
Qbyqhyaokmq7h7b7c4h5j0xu8Q,learn_relquest,1.0,"[6, 7]",16.0,2.141,1,0.0,345,third
Qbyqhyaokmq7h7b7c4h5j0xu8Q,learn_relquest,1.0,"[7, 6]",17.0,1.482,1,0.0,346,third
Qbyqhyaokmq7h7b7c4h5j0xu8Q,learn_relquest,0.0,"[0, 2]",18.0,1.185,1,1.0,347,third
Qbyqhyaokmq7h7b7c4h5j0xu8Q,learn_relquest,0.0,"[3, 0]",19.0,2.104,1,1.0,348,third
Qbyqhyaokmq7h7b7c4h5j0xu8Q,learn_relquest,1.0,"[7, 0]",20.0,2.888,0,1.0,349,third
Qbyqhyaokmq7h7b7c4h5j0xu8Q,learn_relquest,1.0,"[6, 2]",21.0,1.785,0,1.0,350,third
Qbyqhyaokmq7h7b7c4h5j0xu8Q,learn_relquest,1.0,"[2, 6]",22.0,1.484,0,1.0,351,third
Qbyqhyaokmq7h7b7c4h5j0xu8Q,learn_relquest,1.0,"[5, 6]",23.0,3.268,1,0.0,352,third
Qbyqhyaokmq7h7b7c4h5j0xu8Q,learn_relquest,0.0,"[0, 4]",24.0,2.065,1,1.0,353,third
Qbyqhyaokmq7h7b7c4h5j0xu8Q,learn_relquest,0.0,"[5, 2]",25.0,2.362,1,1.0,354,third
Qbyqhyaokmq7h7b7c4h5j0xu8Q,learn_relquest,1.0,"[0, 7]",26.0,2.882,1,0.0,355,third
Qbyqhyaokmq7h7b7c4h5j0xu8Q,learn_relquest,1.0,"[3, 5]",27.0,2.069,0,1.0,356,third
Qbyqhyaokmq7h7b7c4h5j0xu8Q,learn_relquest,1.0,"[7, 1]",0.0,4.226,0,1.0,442,fourth
Qbyqhyaokmq7h7b7c4h5j0xu8Q,learn_relquest,0.0,"[3, 0]",1.0,2.167,1,1.0,443,fourth
Qbyqhyaokmq7h7b7c4h5j0xu8Q,learn_relquest,0.0,"[2, 3]",2.0,2.25,1,1.0,444,fourth
Qbyqhyaokmq7h7b7c4h5j0xu8Q,learn_relquest,1.0,"[3, 5]",3.0,2.25,0,1.0,445,fourth
Qbyqhyaokmq7h7b7c4h5j0xu8Q,learn_relquest,0.0,"[2, 4]",4.0,2.35,1,1.0,446,fourth
Qbyqhyaokmq7h7b7c4h5j0xu8Q,learn_relquest,0.0,"[4, 3]",5.0,1.784,1,1.0,447,fourth
Qbyqhyaokmq7h7b7c4h5j0xu8Q,learn_relquest,1.0,"[5, 6]",6.0,1.977,1,0.0,448,fourth
Qbyqhyaokmq7h7b7c4h5j0xu8Q,learn_relquest,1.0,"[5, 3]",7.0,3.23,0,1.0,449,fourth
Qbyqhyaokmq7h7b7c4h5j0xu8Q,learn_relquest,1.0,"[1, 7]",8.0,1.786,0,1.0,450,fourth
Qbyqhyaokmq7h7b7c4h5j0xu8Q,learn_relquest,0.0,"[0, 1]",9.0,5.346,1,1.0,451,fourth
Qbyqhyaokmq7h7b7c4h5j0xu8Q,learn_relquest,0.0,"[0, 2]",10.0,4.271,0,0.0,452,fourth
Qbyqhyaokmq7h7b7c4h5j0xu8Q,learn_relquest,0.0,"[5, 4]",11.0,3.133,1,1.0,453,fourth
Qbyqhyaokmq7h7b7c4h5j0xu8Q,learn_relquest,1.0,"[7, 0]",12.0,1.836,1,0.0,454,fourth
Qbyqhyaokmq7h7b7c4h5j0xu8Q,learn_relquest,0.0,"[5, 7]",13.0,1.994,0,0.0,455,fourth
Qbyqhyaokmq7h7b7c4h5j0xu8Q,learn_relquest,0.0,"[3, 2]",14.0,3.05,1,1.0,456,fourth
Qbyqhyaokmq7h7b7c4h5j0xu8Q,learn_relquest,1.0,"[0, 7]",15.0,1.85,1,0.0,457,fourth
Qbyqhyaokmq7h7b7c4h5j0xu8Q,learn_relquest,0.0,"[5, 1]",16.0,1.166,1,1.0,458,fourth
Qbyqhyaokmq7h7b7c4h5j0xu8Q,learn_relquest,1.0,"[4, 1]",17.0,5.429,1,0.0,459,fourth
Qbyqhyaokmq7h7b7c4h5j0xu8Q,learn_relquest,0.0,"[1, 3]",18.0,3.761,1,1.0,460,fourth
Qbyqhyaokmq7h7b7c4h5j0xu8Q,learn_relquest,0.0,"[6, 4]",19.0,2.252,1,1.0,461,fourth
Qbyqhyaokmq7h7b7c4h5j0xu8Q,learn_relquest,1.0,"[7, 6]",20.0,1.529,1,0.0,462,fourth
Qbyqhyaokmq7h7b7c4h5j0xu8Q,learn_relquest,1.0,"[1, 4]",21.0,1.371,1,0.0,463,fourth
Qbyqhyaokmq7h7b7c4h5j0xu8Q,learn_relquest,1.0,"[6, 2]",22.0,1.818,0,1.0,464,fourth
Qbyqhyaokmq7h7b7c4h5j0xu8Q,learn_relquest,1.0,"[6, 7]",23.0,2.931,0,1.0,465,fourth
Qbyqhyaokmq7h7b7c4h5j0xu8Q,learn_relquest,1.0,"[2, 6]",24.0,1.583,0,1.0,466,fourth
Qbyqhyaokmq7h7b7c4h5j0xu8Q,learn_relquest,0.0,"[1, 5]",25.0,3.411,1,1.0,467,fourth
Qbyqhyaokmq7h7b7c4h5j0xu8Q,learn_relquest,1.0,"[6, 5]",26.0,2.131,1,0.0,468,fourth
Qbyqhyaokmq7h7b7c4h5j0xu8Q,learn_relquest,0.0,"[2, 1]",27.0,3.412,1,1.0,469,fourth
Qbyqhyaokmq7h7b7c4h5j0xu8Q,learn_relquest,1.0,"[6, 7]",0.0,3.617,1,0.0,555,fifth
Qbyqhyaokmq7h7b7c4h5j0xu8Q,learn_relquest,0.0,"[1, 6]",1.0,3.4,1,1.0,556,fifth
Qbyqhyaokmq7h7b7c4h5j0xu8Q,learn_relquest,1.0,"[1, 4]",2.0,1.335,1,0.0,557,fifth
Qbyqhyaokmq7h7b7c4h5j0xu8Q,learn_relquest,0.0,"[3, 1]",3.0,1.485,1,1.0,558,fifth
Qbyqhyaokmq7h7b7c4h5j0xu8Q,learn_relquest,0.0,"[3, 2]",4.0,1.927,1,1.0,559,fifth
Qbyqhyaokmq7h7b7c4h5j0xu8Q,learn_relquest,1.0,"[7, 1]",5.0,2.48,0,1.0,560,fifth
Qbyqhyaokmq7h7b7c4h5j0xu8Q,learn_relquest,0.0,"[7, 2]",6.0,2.205,1,1.0,561,fifth
Qbyqhyaokmq7h7b7c4h5j0xu8Q,learn_relquest,1.0,"[3, 5]",7.0,1.65,0,1.0,562,fifth
Qbyqhyaokmq7h7b7c4h5j0xu8Q,learn_relquest,0.0,"[5, 0]",8.0,2.406,1,1.0,563,fifth
Qbyqhyaokmq7h7b7c4h5j0xu8Q,learn_relquest,1.0,"[4, 1]",9.0,1.796,1,0.0,564,fifth
Qbyqhyaokmq7h7b7c4h5j0xu8Q,learn_relquest,0.0,"[2, 3]",10.0,1.716,0,0.0,565,fifth
Qbyqhyaokmq7h7b7c4h5j0xu8Q,learn_relquest,1.0,"[5, 6]",11.0,1.689,0,1.0,566,fifth
Qbyqhyaokmq7h7b7c4h5j0xu8Q,learn_relquest,0.0,"[6, 4]",12.0,1.956,1,1.0,567,fifth
Qbyqhyaokmq7h7b7c4h5j0xu8Q,learn_relquest,1.0,"[6, 5]",13.0,1.366,1,0.0,568,fifth
Qbyqhyaokmq7h7b7c4h5j0xu8Q,learn_relquest,1.0,"[7, 6]",14.0,1.794,1,0.0,569,fifth
Qbyqhyaokmq7h7b7c4h5j0xu8Q,learn_relquest,1.0,"[6, 2]",15.0,2.518,0,1.0,570,fifth
Qbyqhyaokmq7h7b7c4h5j0xu8Q,learn_relquest,0.0,"[7, 4]",16.0,3.849,1,1.0,571,fifth
Qbyqhyaokmq7h7b7c4h5j0xu8Q,learn_relquest,1.0,"[1, 7]",17.0,2.916,0,1.0,572,fifth
Qbyqhyaokmq7h7b7c4h5j0xu8Q,learn_relquest,0.0,"[0, 6]",18.0,3.021,1,1.0,573,fifth
Qbyqhyaokmq7h7b7c4h5j0xu8Q,learn_relquest,0.0,"[1, 0]",19.0,2.532,1,1.0,574,fifth
Qbyqhyaokmq7h7b7c4h5j0xu8Q,learn_relquest,1.0,"[5, 3]",20.0,2.869,0,1.0,575,fifth
Qbyqhyaokmq7h7b7c4h5j0xu8Q,learn_relquest,0.0,"[3, 7]",21.0,3.047,0,0.0,576,fifth
Qbyqhyaokmq7h7b7c4h5j0xu8Q,learn_relquest,0.0,"[2, 1]",22.0,2.904,1,1.0,577,fifth
Qbyqhyaokmq7h7b7c4h5j0xu8Q,learn_relquest,0.0,"[1, 3]",23.0,3.684,1,1.0,578,fifth
Qbyqhyaokmq7h7b7c4h5j0xu8Q,learn_relquest,1.0,"[0, 7]",24.0,3.886,1,0.0,579,fifth
Qbyqhyaokmq7h7b7c4h5j0xu8Q,learn_relquest,1.0,"[2, 6]",25.0,2.302,0,1.0,580,fifth
Qbyqhyaokmq7h7b7c4h5j0xu8Q,learn_relquest,0.0,"[6, 1]",26.0,1.836,1,1.0,581,fifth
Qbyqhyaokmq7h7b7c4h5j0xu8Q,learn_relquest,1.0,"[7, 0]",27.0,3.41,0,1.0,582,fifth
Qz1iwndokhhl5gqb18vsjr283Q,learn_relquest,1.0,"[5, 3]",0.0,3.443,1,0.0,101,first
Qz1iwndokhhl5gqb18vsjr283Q,learn_relquest,0.0,"[6, 4]",1.0,3.627,1,1.0,102,first
Qz1iwndokhhl5gqb18vsjr283Q,learn_relquest,1.0,"[7, 0]",2.0,4.371,1,0.0,103,first
Qz1iwndokhhl5gqb18vsjr283Q,learn_relquest,1.0,"[3, 5]",3.0,2.772,1,0.0,104,first
Qz1iwndokhhl5gqb18vsjr283Q,learn_relquest,1.0,"[2, 6]",4.0,2.741,0,1.0,105,first
Qz1iwndokhhl5gqb18vsjr283Q,learn_relquest,1.0,"[0, 7]",5.0,3.115,0,1.0,106,first
Qz1iwndokhhl5gqb18vsjr283Q,learn_relquest,1.0,"[1, 7]",6.0,1.406,0,1.0,107,first
Qz1iwndokhhl5gqb18vsjr283Q,learn_relquest,1.0,"[6, 5]",7.0,1.948,1,0.0,108,first
Qz1iwndokhhl5gqb18vsjr283Q,learn_relquest,1.0,"[7, 6]",8.0,3.147,0,1.0,109,first
Qz1iwndokhhl5gqb18vsjr283Q,learn_relquest,0.0,"[0, 5]",9.0,3.701,1,1.0,110,first
Qz1iwndokhhl5gqb18vsjr283Q,learn_relquest,0.0,"[1, 0]",10.0,2.284,1,1.0,111,first
Qz1iwndokhhl5gqb18vsjr283Q,learn_relquest,0.0,"[2, 5]",11.0,1.836,0,0.0,112,first
Qz1iwndokhhl5gqb18vsjr283Q,learn_relquest,0.0,"[2, 7]",12.0,1.597,1,1.0,113,first
Qz1iwndokhhl5gqb18vsjr283Q,learn_relquest,1.0,"[6, 2]",13.0,1.708,0,1.0,114,first
Qz1iwndokhhl5gqb18vsjr283Q,learn_relquest,0.0,"[4, 0]",14.0,34.35,1,1.0,115,first
Qz1iwndokhhl5gqb18vsjr283Q,learn_relquest,1.0,"[5, 6]",15.0,5.387,1,0.0,116,first
Qz1iwndokhhl5gqb18vsjr283Q,learn_relquest,0.0,"[3, 0]",16.0,4.627,1,1.0,117,first
Qz1iwndokhhl5gqb18vsjr283Q,learn_relquest,1.0,"[4, 1]",17.0,2.052,1,0.0,118,first
Qz1iwndokhhl5gqb18vsjr283Q,learn_relquest,0.0,"[5, 0]",18.0,1.636,1,1.0,119,first
Qz1iwndokhhl5gqb18vsjr283Q,learn_relquest,0.0,"[3, 6]",19.0,2.572,1,1.0,120,first
Qz1iwndokhhl5gqb18vsjr283Q,learn_relquest,0.0,"[4, 3]",20.0,1.701,1,1.0,121,first
Qz1iwndokhhl5gqb18vsjr283Q,learn_relquest,0.0,"[5, 4]",21.0,1.948,1,1.0,122,first
Qz1iwndokhhl5gqb18vsjr283Q,learn_relquest,1.0,"[6, 7]",22.0,1.485,0,1.0,123,first
Qz1iwndokhhl5gqb18vsjr283Q,learn_relquest,1.0,"[7, 1]",23.0,1.276,0,1.0,124,first
Qz1iwndokhhl5gqb18vsjr283Q,learn_relquest,1.0,"[1, 4]",24.0,6.61,1,0.0,125,first
Qz1iwndokhhl5gqb18vsjr283Q,learn_relquest,0.0,"[4, 5]",25.0,1.573,1,1.0,126,first
Qz1iwndokhhl5gqb18vsjr283Q,learn_relquest,0.0,"[0, 4]",26.0,3.676,1,1.0,127,first
Qz1iwndokhhl5gqb18vsjr283Q,learn_relquest,0.0,"[6, 0]",27.0,8.353,1,1.0,128,first
Qz1iwndokhhl5gqb18vsjr283Q,learn_relquest,0.0,"[1, 3]",0.0,7.858,1,1.0,217,second
Qz1iwndokhhl5gqb18vsjr283Q,learn_relquest,0.0,"[2, 1]",1.0,14.967,1,1.0,218,second
Qz1iwndokhhl5gqb18vsjr283Q,learn_relquest,0.0,"[3, 1]",2.0,10.09,1,1.0,219,second
Qz1iwndokhhl5gqb18vsjr283Q,learn_relquest,1.0,"[3, 5]",3.0,3.347,0,1.0,220,second
Qz1iwndokhhl5gqb18vsjr283Q,learn_relquest,1.0,"[1, 4]",4.0,5.092,0,1.0,221,second
Qz1iwndokhhl5gqb18vsjr283Q,learn_relquest,0.0,"[0, 5]",5.0,15.702,1,1.0,222,second
Qz1iwndokhhl5gqb18vsjr283Q,learn_relquest,1.0,"[5, 6]",6.0,7.178,0,1.0,223,second
Qz1iwndokhhl5gqb18vsjr283Q,learn_relquest,1.0,"[7, 6]",7.0,18.397,0,1.0,224,second
Qz1iwndokhhl5gqb18vsjr283Q,learn_relquest,1.0,"[0, 7]",8.0,14.015,1,0.0,225,second
Qz1iwndokhhl5gqb18vsjr283Q,learn_relquest,1.0,"[5, 3]",9.0,2.005,0,1.0,226,second
Qz1iwndokhhl5gqb18vsjr283Q,learn_relquest,0.0,"[4, 3]",10.0,6.339,1,1.0,227,second
Qz1iwndokhhl5gqb18vsjr283Q,learn_relquest,0.0,"[5, 0]",11.0,9.673,1,1.0,228,second
Qz1iwndokhhl5gqb18vsjr283Q,learn_relquest,0.0,"[0, 6]",12.0,11.983,1,1.0,229,second
Qz1iwndokhhl5gqb18vsjr283Q,learn_relquest,1.0,"[6, 2]",13.0,4.628,0,1.0,230,second
Qz1iwndokhhl5gqb18vsjr283Q,learn_relquest,0.0,"[0, 2]",14.0,13.704,1,1.0,231,second
Qz1iwndokhhl5gqb18vsjr283Q,learn_relquest,0.0,"[3, 0]",15.0,10.129,1,1.0,232,second
Qz1iwndokhhl5gqb18vsjr283Q,learn_relquest,1.0,"[4, 1]",16.0,11.96,0,1.0,233,second
Qz1iwndokhhl5gqb18vsjr283Q,learn_relquest,0.0,"[1, 6]",17.0,16.573,1,1.0,234,second
Qz1iwndokhhl5gqb18vsjr283Q,learn_relquest,1.0,"[2, 6]",18.0,6.595,0,1.0,235,second
Qz1iwndokhhl5gqb18vsjr283Q,learn_relquest,1.0,"[7, 1]",19.0,7.226,0,1.0,236,second
Qz1iwndokhhl5gqb18vsjr283Q,learn_relquest,0.0,"[2, 3]",20.0,9.274,1,1.0,237,second
Qz1iwndokhhl5gqb18vsjr283Q,learn_relquest,0.0,"[7, 5]",21.0,13.311,1,1.0,238,second
Qz1iwndokhhl5gqb18vsjr283Q,learn_relquest,0.0,"[4, 7]",22.0,16.055,1,1.0,239,second
Qz1iwndokhhl5gqb18vsjr283Q,learn_relquest,1.0,"[6, 7]",23.0,12.592,0,1.0,240,second
Qz1iwndokhhl5gqb18vsjr283Q,learn_relquest,1.0,"[6, 5]",24.0,9.649,0,1.0,241,second
Qz1iwndokhhl5gqb18vsjr283Q,learn_relquest,0.0,"[3, 6]",25.0,9.993,1,1.0,242,second
Qz1iwndokhhl5gqb18vsjr283Q,learn_relquest,1.0,"[7, 0]",26.0,12.192,0,1.0,243,second
Qz1iwndokhhl5gqb18vsjr283Q,learn_relquest,1.0,"[1, 7]",27.0,4.539,0,1.0,244,second
Qz1iwndokhhl5gqb18vsjr283Q,learn_relquest,0.0,"[1, 5]",0.0,14.087,1,1.0,331,third
Qz1iwndokhhl5gqb18vsjr283Q,learn_relquest,0.0,"[6, 4]",1.0,5.771,1,1.0,332,third
Qz1iwndokhhl5gqb18vsjr283Q,learn_relquest,1.0,"[2, 6]",2.0,4.812,0,1.0,333,third
Qz1iwndokhhl5gqb18vsjr283Q,learn_relquest,0.0,"[4, 3]",3.0,3.883,1,1.0,334,third
Qz1iwndokhhl5gqb18vsjr283Q,learn_relquest,0.0,"[3, 4]",4.0,5.532,1,1.0,335,third
Qz1iwndokhhl5gqb18vsjr283Q,learn_relquest,0.0,"[0, 1]",5.0,9.818,1,1.0,336,third
Qz1iwndokhhl5gqb18vsjr283Q,learn_relquest,0.0,"[7, 5]",6.0,7.218,1,1.0,337,third
Qz1iwndokhhl5gqb18vsjr283Q,learn_relquest,0.0,"[4, 2]",7.0,9.881,1,1.0,338,third
Qz1iwndokhhl5gqb18vsjr283Q,learn_relquest,1.0,"[3, 5]",8.0,7.921,0,1.0,339,third
Qz1iwndokhhl5gqb18vsjr283Q,learn_relquest,1.0,"[7, 1]",9.0,20.325,0,1.0,340,third
Qz1iwndokhhl5gqb18vsjr283Q,learn_relquest,0.0,"[5, 7]",10.0,5.932,1,1.0,341,third
Qz1iwndokhhl5gqb18vsjr283Q,learn_relquest,1.0,"[6, 5]",11.0,5.659,0,1.0,342,third
Qz1iwndokhhl5gqb18vsjr283Q,learn_relquest,1.0,"[1, 7]",12.0,5.795,0,1.0,343,third
Qz1iwndokhhl5gqb18vsjr283Q,learn_relquest,1.0,"[7, 0]",13.0,6.746,1,0.0,344,third
Qz1iwndokhhl5gqb18vsjr283Q,learn_relquest,1.0,"[6, 2]",14.0,7.713,0,1.0,345,third
Qz1iwndokhhl5gqb18vsjr283Q,learn_relquest,0.0,"[0, 5]",15.0,7.794,1,1.0,346,third
Qz1iwndokhhl5gqb18vsjr283Q,learn_relquest,1.0,"[4, 1]",16.0,4.124,0,1.0,347,third
Qz1iwndokhhl5gqb18vsjr283Q,learn_relquest,0.0,"[1, 2]",17.0,6.979,1,1.0,348,third
Qz1iwndokhhl5gqb18vsjr283Q,learn_relquest,1.0,"[5, 6]",18.0,5.348,0,1.0,349,third
Qz1iwndokhhl5gqb18vsjr283Q,learn_relquest,0.0,"[6, 0]",19.0,12.576,1,1.0,350,third
Qz1iwndokhhl5gqb18vsjr283Q,learn_relquest,0.0,"[1, 0]",20.0,12.681,1,1.0,351,third
Qz1iwndokhhl5gqb18vsjr283Q,learn_relquest,0.0,"[3, 0]",21.0,6.778,1,1.0,352,third
Qz1iwndokhhl5gqb18vsjr283Q,learn_relquest,1.0,"[1, 4]",22.0,4.34,0,1.0,353,third
Qz1iwndokhhl5gqb18vsjr283Q,learn_relquest,1.0,"[7, 6]",23.0,7.345,0,1.0,354,third
Qz1iwndokhhl5gqb18vsjr283Q,learn_relquest,1.0,"[0, 7]",24.0,4.093,0,1.0,355,third
Qz1iwndokhhl5gqb18vsjr283Q,learn_relquest,1.0,"[6, 7]",25.0,4.675,0,1.0,356,third
Qz1iwndokhhl5gqb18vsjr283Q,learn_relquest,1.0,"[5, 3]",26.0,4.156,0,1.0,357,third
Qz1iwndokhhl5gqb18vsjr283Q,learn_relquest,0.0,"[7, 2]",27.0,10.752,1,1.0,358,third
Qz1iwndokhhl5gqb18vsjr283Q,learn_relquest,0.0,"[0, 3]",0.0,7.002,1,1.0,445,fourth
Qz1iwndokhhl5gqb18vsjr283Q,learn_relquest,0.0,"[4, 3]",1.0,3.46,1,1.0,446,fourth
Qz1iwndokhhl5gqb18vsjr283Q,learn_relquest,1.0,"[3, 5]",2.0,5.524,0,1.0,447,fourth
Qz1iwndokhhl5gqb18vsjr283Q,learn_relquest,0.0,"[3, 7]",3.0,2.205,1,1.0,448,fourth
Qz1iwndokhhl5gqb18vsjr283Q,learn_relquest,1.0,"[1, 4]",4.0,3.668,0,1.0,449,fourth
Qz1iwndokhhl5gqb18vsjr283Q,learn_relquest,0.0,"[2, 4]",5.0,3.637,1,1.0,450,fourth
Qz1iwndokhhl5gqb18vsjr283Q,learn_relquest,1.0,"[7, 1]",6.0,4.547,0,1.0,451,fourth
Qz1iwndokhhl5gqb18vsjr283Q,learn_relquest,1.0,"[6, 5]",7.0,4.387,0,1.0,452,fourth
Qz1iwndokhhl5gqb18vsjr283Q,learn_relquest,1.0,"[1, 7]",8.0,6.019,1,0.0,453,fourth
Qz1iwndokhhl5gqb18vsjr283Q,learn_relquest,0.0,"[5, 1]",9.0,5.468,1,1.0,454,fourth
Qz1iwndokhhl5gqb18vsjr283Q,learn_relquest,0.0,"[6, 3]",10.0,4.531,1,1.0,455,fourth
Qz1iwndokhhl5gqb18vsjr283Q,learn_relquest,1.0,"[7, 6]",11.0,4.315,0,1.0,456,fourth
Qz1iwndokhhl5gqb18vsjr283Q,learn_relquest,1.0,"[0, 7]",12.0,2.811,1,0.0,457,fourth
Qz1iwndokhhl5gqb18vsjr283Q,learn_relquest,1.0,"[5, 6]",13.0,4.836,0,1.0,458,fourth
Qz1iwndokhhl5gqb18vsjr283Q,learn_relquest,0.0,"[3, 2]",14.0,5.123,1,1.0,459,fourth
Qz1iwndokhhl5gqb18vsjr283Q,learn_relquest,1.0,"[5, 3]",15.0,4.483,1,0.0,460,fourth
Qz1iwndokhhl5gqb18vsjr283Q,learn_relquest,0.0,"[5, 4]",16.0,6.419,1,1.0,461,fourth
Qz1iwndokhhl5gqb18vsjr283Q,learn_relquest,0.0,"[4, 2]",17.0,11.096,1,1.0,462,fourth
Qz1iwndokhhl5gqb18vsjr283Q,learn_relquest,1.0,"[7, 0]",18.0,8.466,0,1.0,463,fourth
Qz1iwndokhhl5gqb18vsjr283Q,learn_relquest,1.0,"[6, 2]",19.0,4.004,0,1.0,464,fourth
Qz1iwndokhhl5gqb18vsjr283Q,learn_relquest,0.0,"[0, 6]",20.0,5.962,1,1.0,465,fourth
Qz1iwndokhhl5gqb18vsjr283Q,learn_relquest,1.0,"[4, 1]",21.0,3.891,0,1.0,466,fourth
Qz1iwndokhhl5gqb18vsjr283Q,learn_relquest,1.0,"[6, 7]",22.0,3.973,0,1.0,467,fourth
Qz1iwndokhhl5gqb18vsjr283Q,learn_relquest,1.0,"[2, 6]",23.0,3.132,0,1.0,468,fourth
Qz1iwndokhhl5gqb18vsjr283Q,learn_relquest,0.0,"[2, 3]",24.0,2.821,1,1.0,469,fourth
Qz1iwndokhhl5gqb18vsjr283Q,learn_relquest,0.0,"[6, 1]",25.0,9.506,1,1.0,470,fourth
Qz1iwndokhhl5gqb18vsjr283Q,learn_relquest,0.0,"[4, 0]",26.0,3.771,1,1.0,471,fourth
Qz1iwndokhhl5gqb18vsjr283Q,learn_relquest,0.0,"[2, 5]",27.0,3.692,1,1.0,472,fourth
Qz1iwndokhhl5gqb18vsjr283Q,learn_relquest,0.0,"[0, 5]",0.0,7.337,1,1.0,559,fifth
Qz1iwndokhhl5gqb18vsjr283Q,learn_relquest,0.0,"[6, 0]",1.0,5.044,1,1.0,560,fifth
Qz1iwndokhhl5gqb18vsjr283Q,learn_relquest,1.0,"[5, 3]",2.0,5.7,0,1.0,561,fifth
Qz1iwndokhhl5gqb18vsjr283Q,learn_relquest,1.0,"[7, 0]",3.0,8.378,0,1.0,562,fifth
Qz1iwndokhhl5gqb18vsjr283Q,learn_relquest,1.0,"[3, 5]",4.0,3.429,0,1.0,563,fifth
Qz1iwndokhhl5gqb18vsjr283Q,learn_relquest,0.0,"[5, 2]",5.0,3.435,1,1.0,564,fifth
Qz1iwndokhhl5gqb18vsjr283Q,learn_relquest,1.0,"[6, 5]",6.0,3.668,0,1.0,565,fifth
Qz1iwndokhhl5gqb18vsjr283Q,learn_relquest,1.0,"[0, 7]",7.0,5.012,0,1.0,566,fifth
Qz1iwndokhhl5gqb18vsjr283Q,learn_relquest,1.0,"[6, 7]",8.0,3.364,0,1.0,567,fifth
Qz1iwndokhhl5gqb18vsjr283Q,learn_relquest,1.0,"[6, 2]",9.0,2.788,0,1.0,568,fifth
Qz1iwndokhhl5gqb18vsjr283Q,learn_relquest,1.0,"[7, 1]",10.0,4.74,0,1.0,569,fifth
Qz1iwndokhhl5gqb18vsjr283Q,learn_relquest,0.0,"[4, 6]",11.0,6.882,1,1.0,570,fifth
Qz1iwndokhhl5gqb18vsjr283Q,learn_relquest,0.0,"[4, 0]",12.0,2.604,1,1.0,571,fifth
Qz1iwndokhhl5gqb18vsjr283Q,learn_relquest,1.0,"[7, 6]",13.0,5.492,0,1.0,572,fifth
Qz1iwndokhhl5gqb18vsjr283Q,learn_relquest,1.0,"[2, 6]",14.0,7.937,0,1.0,573,fifth
Qz1iwndokhhl5gqb18vsjr283Q,learn_relquest,1.0,"[1, 4]",15.0,4.491,0,1.0,574,fifth
Qz1iwndokhhl5gqb18vsjr283Q,learn_relquest,0.0,"[2, 0]",16.0,4.755,1,1.0,575,fifth
Qz1iwndokhhl5gqb18vsjr283Q,learn_relquest,0.0,"[6, 4]",17.0,7.906,1,1.0,576,fifth
Qz1iwndokhhl5gqb18vsjr283Q,learn_relquest,0.0,"[5, 7]",18.0,9.13,1,1.0,577,fifth
Qz1iwndokhhl5gqb18vsjr283Q,learn_relquest,0.0,"[2, 5]",19.0,6.266,1,1.0,578,fifth
Qz1iwndokhhl5gqb18vsjr283Q,learn_relquest,0.0,"[0, 4]",20.0,9.145,1,1.0,579,fifth
Qz1iwndokhhl5gqb18vsjr283Q,learn_relquest,1.0,"[5, 6]",21.0,4.019,0,1.0,580,fifth
Qz1iwndokhhl5gqb18vsjr283Q,learn_relquest,0.0,"[6, 1]",22.0,8.482,1,1.0,581,fifth
Qz1iwndokhhl5gqb18vsjr283Q,learn_relquest,0.0,"[2, 4]",23.0,4.291,1,1.0,582,fifth
Qz1iwndokhhl5gqb18vsjr283Q,learn_relquest,1.0,"[4, 1]",24.0,3.773,0,1.0,583,fifth
Qz1iwndokhhl5gqb18vsjr283Q,learn_relquest,1.0,"[1, 7]",25.0,4.003,0,1.0,584,fifth
Qz1iwndokhhl5gqb18vsjr283Q,learn_relquest,0.0,"[4, 2]",26.0,2.724,1,1.0,585,fifth
Qz1iwndokhhl5gqb18vsjr283Q,learn_relquest,0.0,"[0, 6]",27.0,3.571,1,1.0,586,fifth
Qlqt4873b1ffs6w6rj4wkg3t5Q,learn_relquest,0.0,"[3, 4]",0.0,16.985,0,0.0,101,first
Qlqt4873b1ffs6w6rj4wkg3t5Q,learn_relquest,1.0,"[3, 5]",1.0,3.765,0,1.0,102,first
Qlqt4873b1ffs6w6rj4wkg3t5Q,learn_relquest,0.0,"[3, 2]",2.0,3.578,1,1.0,103,first
Qlqt4873b1ffs6w6rj4wkg3t5Q,learn_relquest,1.0,"[7, 1]",3.0,2.635,0,1.0,104,first
Qlqt4873b1ffs6w6rj4wkg3t5Q,learn_relquest,1.0,"[7, 0]",4.0,2.44,0,1.0,105,first
Qlqt4873b1ffs6w6rj4wkg3t5Q,learn_relquest,1.0,"[1, 4]",5.0,6.036,1,0.0,106,first
Qlqt4873b1ffs6w6rj4wkg3t5Q,learn_relquest,1.0,"[6, 5]",6.0,2.915,0,1.0,107,first
Qlqt4873b1ffs6w6rj4wkg3t5Q,learn_relquest,1.0,"[6, 7]",7.0,1.411,0,1.0,108,first
Qlqt4873b1ffs6w6rj4wkg3t5Q,learn_relquest,0.0,"[5, 7]",8.0,1.174,0,0.0,109,first
Qlqt4873b1ffs6w6rj4wkg3t5Q,learn_relquest,1.0,"[1, 7]",9.0,2.873,0,1.0,110,first
Qlqt4873b1ffs6w6rj4wkg3t5Q,learn_relquest,0.0,"[4, 0]",10.0,3.38,1,1.0,111,first
Qlqt4873b1ffs6w6rj4wkg3t5Q,learn_relquest,0.0,"[0, 5]",11.0,2.5,1,1.0,112,first
Qlqt4873b1ffs6w6rj4wkg3t5Q,learn_relquest,0.0,"[6, 1]",12.0,10.633,0,0.0,113,first
Qlqt4873b1ffs6w6rj4wkg3t5Q,learn_relquest,1.0,"[5, 6]",13.0,1.13,0,1.0,114,first
Qlqt4873b1ffs6w6rj4wkg3t5Q,learn_relquest,0.0,"[1, 6]",14.0,4.307,0,0.0,115,first
Qlqt4873b1ffs6w6rj4wkg3t5Q,learn_relquest,0.0,"[2, 4]",15.0,2.127,1,1.0,116,first
Qlqt4873b1ffs6w6rj4wkg3t5Q,learn_relquest,1.0,"[6, 2]",16.0,2.69,0,1.0,117,first
Qlqt4873b1ffs6w6rj4wkg3t5Q,learn_relquest,0.0,"[2, 0]",17.0,2.211,0,0.0,118,first
Qlqt4873b1ffs6w6rj4wkg3t5Q,learn_relquest,0.0,"[7, 2]",18.0,1.537,0,0.0,119,first
Qlqt4873b1ffs6w6rj4wkg3t5Q,learn_relquest,1.0,"[0, 7]",19.0,4.799,1,0.0,120,first
Qlqt4873b1ffs6w6rj4wkg3t5Q,learn_relquest,0.0,"[5, 4]",20.0,3.375,0,0.0,121,first
Qlqt4873b1ffs6w6rj4wkg3t5Q,learn_relquest,0.0,"[7, 4]",21.0,20.703,1,1.0,122,first
Qlqt4873b1ffs6w6rj4wkg3t5Q,learn_relquest,1.0,"[5, 3]",22.0,11.191,0,1.0,123,first
Qlqt4873b1ffs6w6rj4wkg3t5Q,learn_relquest,1.0,"[7, 6]",23.0,16.173,0,1.0,124,first
Qlqt4873b1ffs6w6rj4wkg3t5Q,learn_relquest,1.0,"[2, 6]",24.0,8.352,0,1.0,125,first
Qlqt4873b1ffs6w6rj4wkg3t5Q,learn_relquest,0.0,"[6, 4]",25.0,15.459,1,1.0,126,first
Qlqt4873b1ffs6w6rj4wkg3t5Q,learn_relquest,0.0,"[3, 7]",26.0,10.257,0,0.0,127,first
Qlqt4873b1ffs6w6rj4wkg3t5Q,learn_relquest,1.0,"[4, 1]",27.0,9.927,0,1.0,128,first
Qlqt4873b1ffs6w6rj4wkg3t5Q,learn_relquest,1.0,"[4, 1]",0.0,5.441,0,1.0,217,second
Qlqt4873b1ffs6w6rj4wkg3t5Q,learn_relquest,0.0,"[3, 7]",1.0,22.595,1,1.0,218,second
Qlqt4873b1ffs6w6rj4wkg3t5Q,learn_relquest,0.0,"[0, 5]",2.0,9.983,1,1.0,219,second
Qlqt4873b1ffs6w6rj4wkg3t5Q,learn_relquest,0.0,"[6, 3]",3.0,2.312,0,0.0,220,second
Qlqt4873b1ffs6w6rj4wkg3t5Q,learn_relquest,0.0,"[6, 0]",4.0,2.091,1,1.0,221,second
Qlqt4873b1ffs6w6rj4wkg3t5Q,learn_relquest,1.0,"[6, 5]",5.0,1.498,0,1.0,222,second
Qlqt4873b1ffs6w6rj4wkg3t5Q,learn_relquest,0.0,"[2, 5]",6.0,8.436,0,0.0,223,second
Qlqt4873b1ffs6w6rj4wkg3t5Q,learn_relquest,0.0,"[2, 7]",7.0,6.154,0,0.0,224,second
Qlqt4873b1ffs6w6rj4wkg3t5Q,learn_relquest,1.0,"[0, 7]",8.0,4.148,0,1.0,225,second
Qlqt4873b1ffs6w6rj4wkg3t5Q,learn_relquest,1.0,"[5, 6]",9.0,1.509,0,1.0,226,second
Qlqt4873b1ffs6w6rj4wkg3t5Q,learn_relquest,0.0,"[5, 4]",10.0,14.901,1,1.0,227,second
Qlqt4873b1ffs6w6rj4wkg3t5Q,learn_relquest,1.0,"[6, 2]",11.0,2.105,0,1.0,228,second
Qlqt4873b1ffs6w6rj4wkg3t5Q,learn_relquest,1.0,"[7, 1]",12.0,3.596,0,1.0,229,second
Qlqt4873b1ffs6w6rj4wkg3t5Q,learn_relquest,1.0,"[1, 7]",13.0,2.463,0,1.0,230,second
Qlqt4873b1ffs6w6rj4wkg3t5Q,learn_relquest,1.0,"[7, 0]",14.0,4.854,0,1.0,231,second
Qlqt4873b1ffs6w6rj4wkg3t5Q,learn_relquest,0.0,"[5, 7]",15.0,13.652,1,1.0,232,second
Qlqt4873b1ffs6w6rj4wkg3t5Q,learn_relquest,1.0,"[1, 4]",16.0,1.653,0,1.0,233,second
Qlqt4873b1ffs6w6rj4wkg3t5Q,learn_relquest,1.0,"[7, 6]",17.0,2.243,0,1.0,234,second
Qlqt4873b1ffs6w6rj4wkg3t5Q,learn_relquest,1.0,"[2, 6]",18.0,1.027,0,1.0,235,second
Qlqt4873b1ffs6w6rj4wkg3t5Q,learn_relquest,1.0,"[6, 7]",19.0,2.094,0,1.0,236,second
Qlqt4873b1ffs6w6rj4wkg3t5Q,learn_relquest,0.0,"[5, 2]",20.0,1.698,0,0.0,237,second
Qlqt4873b1ffs6w6rj4wkg3t5Q,learn_relquest,0.0,"[5, 0]",21.0,2.373,1,1.0,238,second
Qlqt4873b1ffs6w6rj4wkg3t5Q,learn_relquest,1.0,"[3, 5]",22.0,1.495,0,1.0,239,second
Qlqt4873b1ffs6w6rj4wkg3t5Q,learn_relquest,0.0,"[4, 3]",23.0,15.125,1,1.0,240,second
Qlqt4873b1ffs6w6rj4wkg3t5Q,learn_relquest,0.0,"[3, 4]",24.0,2.392,1,1.0,241,second
Qlqt4873b1ffs6w6rj4wkg3t5Q,learn_relquest,1.0,"[5, 3]",25.0,1.579,0,1.0,242,second
Qlqt4873b1ffs6w6rj4wkg3t5Q,learn_relquest,0.0,"[4, 5]",26.0,9.044,1,1.0,243,second
Qlqt4873b1ffs6w6rj4wkg3t5Q,learn_relquest,0.0,"[7, 5]",27.0,11.099,1,1.0,244,second
Qlqt4873b1ffs6w6rj4wkg3t5Q,learn_relquest,0.0,"[6, 3]",0.0,17.905,1,1.0,331,third
Qlqt4873b1ffs6w6rj4wkg3t5Q,learn_relquest,1.0,"[7, 1]",1.0,1.351,0,1.0,332,third
Qlqt4873b1ffs6w6rj4wkg3t5Q,learn_relquest,0.0,"[2, 5]",2.0,0.956,0,0.0,333,third
Qlqt4873b1ffs6w6rj4wkg3t5Q,learn_relquest,1.0,"[2, 6]",3.0,0.686,0,1.0,334,third
Qlqt4873b1ffs6w6rj4wkg3t5Q,learn_relquest,0.0,"[3, 6]",4.0,0.885,0,0.0,335,third
Qlqt4873b1ffs6w6rj4wkg3t5Q,learn_relquest,1.0,"[1, 4]",5.0,1.013,0,1.0,336,third
Qlqt4873b1ffs6w6rj4wkg3t5Q,learn_relquest,1.0,"[0, 7]",6.0,0.856,0,1.0,337,third
Qlqt4873b1ffs6w6rj4wkg3t5Q,learn_relquest,0.0,"[5, 2]",7.0,1.225,0,0.0,338,third
Qlqt4873b1ffs6w6rj4wkg3t5Q,learn_relquest,0.0,"[0, 5]",8.0,1.072,0,0.0,339,third
Qlqt4873b1ffs6w6rj4wkg3t5Q,learn_relquest,1.0,"[3, 5]",9.0,0.753,0,1.0,340,third
Qlqt4873b1ffs6w6rj4wkg3t5Q,learn_relquest,0.0,"[6, 1]",10.0,0.86,0,0.0,341,third
Qlqt4873b1ffs6w6rj4wkg3t5Q,learn_relquest,0.0,"[5, 4]",11.0,0.715,0,0.0,342,third
Qlqt4873b1ffs6w6rj4wkg3t5Q,learn_relquest,0.0,"[6, 4]",12.0,0.754,0,0.0,343,third
Qlqt4873b1ffs6w6rj4wkg3t5Q,learn_relquest,0.0,"[0, 3]",13.0,1.408,0,0.0,344,third
Qlqt4873b1ffs6w6rj4wkg3t5Q,learn_relquest,0.0,"[0, 4]",14.0,0.877,0,0.0,345,third
Qlqt4873b1ffs6w6rj4wkg3t5Q,learn_relquest,0.0,"[1, 2]",15.0,0.805,0,0.0,346,third
Qlqt4873b1ffs6w6rj4wkg3t5Q,learn_relquest,1.0,"[5, 6]",16.0,1.138,0,1.0,347,third
Qlqt4873b1ffs6w6rj4wkg3t5Q,learn_relquest,1.0,"[6, 5]",17.0,0.792,0,1.0,348,third
Qlqt4873b1ffs6w6rj4wkg3t5Q,learn_relquest,0.0,"[4, 2]",18.0,0.822,0,0.0,349,third
Qlqt4873b1ffs6w6rj4wkg3t5Q,learn_relquest,0.0,"[2, 7]",19.0,0.777,0,0.0,350,third
Qlqt4873b1ffs6w6rj4wkg3t5Q,learn_relquest,1.0,"[6, 7]",20.0,0.658,0,1.0,351,third
Qlqt4873b1ffs6w6rj4wkg3t5Q,learn_relquest,1.0,"[7, 6]",21.0,0.782,0,1.0,352,third
Qlqt4873b1ffs6w6rj4wkg3t5Q,learn_relquest,1.0,"[4, 1]",22.0,0.738,0,1.0,353,third
Qlqt4873b1ffs6w6rj4wkg3t5Q,learn_relquest,1.0,"[6, 2]",23.0,1.541,0,1.0,354,third
Qlqt4873b1ffs6w6rj4wkg3t5Q,learn_relquest,1.0,"[5, 3]",24.0,0.987,0,1.0,355,third
Qlqt4873b1ffs6w6rj4wkg3t5Q,learn_relquest,1.0,"[1, 7]",25.0,0.759,0,1.0,356,third
Qlqt4873b1ffs6w6rj4wkg3t5Q,learn_relquest,0.0,"[2, 0]",26.0,0.796,0,0.0,357,third
Qlqt4873b1ffs6w6rj4wkg3t5Q,learn_relquest,1.0,"[7, 0]",27.0,0.781,0,1.0,358,third
Qlqt4873b1ffs6w6rj4wkg3t5Q,learn_relquest,0.0,"[2, 0]",0.0,2.679,1,1.0,445,fourth
Qlqt4873b1ffs6w6rj4wkg3t5Q,learn_relquest,1.0,"[4, 1]",1.0,3.384,0,1.0,446,fourth
Qlqt4873b1ffs6w6rj4wkg3t5Q,learn_relquest,1.0,"[7, 0]",2.0,7.222,1,0.0,447,fourth
Qlqt4873b1ffs6w6rj4wkg3t5Q,learn_relquest,1.0,"[0, 7]",3.0,4.463,1,0.0,448,fourth
Qlqt4873b1ffs6w6rj4wkg3t5Q,learn_relquest,0.0,"[3, 4]",4.0,1.394,0,0.0,449,fourth
Qlqt4873b1ffs6w6rj4wkg3t5Q,learn_relquest,0.0,"[7, 3]",5.0,1.452,0,0.0,450,fourth
Qlqt4873b1ffs6w6rj4wkg3t5Q,learn_relquest,0.0,"[3, 2]",6.0,1.143,0,0.0,451,fourth
Qlqt4873b1ffs6w6rj4wkg3t5Q,learn_relquest,1.0,"[5, 6]",7.0,1.367,0,1.0,452,fourth
Qlqt4873b1ffs6w6rj4wkg3t5Q,learn_relquest,0.0,"[7, 4]",8.0,1.182,0,0.0,453,fourth
Qlqt4873b1ffs6w6rj4wkg3t5Q,learn_relquest,1.0,"[6, 5]",9.0,1.165,0,1.0,454,fourth
Qlqt4873b1ffs6w6rj4wkg3t5Q,learn_relquest,1.0,"[5, 3]",10.0,0.887,0,1.0,455,fourth
Qlqt4873b1ffs6w6rj4wkg3t5Q,learn_relquest,0.0,"[0, 2]",11.0,1.6,1,1.0,456,fourth
Qlqt4873b1ffs6w6rj4wkg3t5Q,learn_relquest,1.0,"[3, 5]",12.0,2.172,0,1.0,457,fourth
Qlqt4873b1ffs6w6rj4wkg3t5Q,learn_relquest,0.0,"[3, 6]",13.0,1.173,0,0.0,458,fourth
Qlqt4873b1ffs6w6rj4wkg3t5Q,learn_relquest,1.0,"[2, 6]",14.0,1.153,0,1.0,459,fourth
Qlqt4873b1ffs6w6rj4wkg3t5Q,learn_relquest,0.0,"[2, 4]",15.0,1.037,0,0.0,460,fourth
Qlqt4873b1ffs6w6rj4wkg3t5Q,learn_relquest,1.0,"[6, 7]",16.0,1.022,0,1.0,461,fourth
Qlqt4873b1ffs6w6rj4wkg3t5Q,learn_relquest,1.0,"[1, 4]",17.0,1.12,0,1.0,462,fourth
Qlqt4873b1ffs6w6rj4wkg3t5Q,learn_relquest,1.0,"[7, 6]",18.0,1.29,0,1.0,463,fourth
Qlqt4873b1ffs6w6rj4wkg3t5Q,learn_relquest,0.0,"[1, 0]",19.0,1.535,1,1.0,464,fourth
Qlqt4873b1ffs6w6rj4wkg3t5Q,learn_relquest,1.0,"[6, 2]",20.0,2.445,0,1.0,465,fourth
Qlqt4873b1ffs6w6rj4wkg3t5Q,learn_relquest,0.0,"[7, 2]",21.0,0.81,0,0.0,466,fourth
Qlqt4873b1ffs6w6rj4wkg3t5Q,learn_relquest,0.0,"[2, 7]",22.0,0.798,0,0.0,467,fourth
Qlqt4873b1ffs6w6rj4wkg3t5Q,learn_relquest,0.0,"[2, 5]",23.0,0.899,0,0.0,468,fourth
Qlqt4873b1ffs6w6rj4wkg3t5Q,learn_relquest,0.0,"[0, 6]",24.0,2.544,1,1.0,469,fourth
Qlqt4873b1ffs6w6rj4wkg3t5Q,learn_relquest,1.0,"[7, 1]",25.0,1.585,0,1.0,470,fourth
Qlqt4873b1ffs6w6rj4wkg3t5Q,learn_relquest,1.0,"[1, 7]",26.0,1.083,0,1.0,471,fourth
Qlqt4873b1ffs6w6rj4wkg3t5Q,learn_relquest,0.0,"[4, 7]",27.0,1.291,0,0.0,472,fourth
Qlqt4873b1ffs6w6rj4wkg3t5Q,learn_relquest,0.0,"[3, 0]",0.0,11.793,1,1.0,559,fifth
Qlqt4873b1ffs6w6rj4wkg3t5Q,learn_relquest,0.0,"[7, 2]",1.0,6.754,0,0.0,560,fifth
Qlqt4873b1ffs6w6rj4wkg3t5Q,learn_relquest,0.0,"[2, 0]",2.0,12.527,1,1.0,561,fifth
Qlqt4873b1ffs6w6rj4wkg3t5Q,learn_relquest,0.0,"[4, 5]",3.0,23.046,1,1.0,562,fifth
Qlqt4873b1ffs6w6rj4wkg3t5Q,learn_relquest,0.0,"[5, 0]",4.0,10.901,1,1.0,563,fifth
Qlqt4873b1ffs6w6rj4wkg3t5Q,learn_relquest,1.0,"[7, 6]",5.0,4.985,0,1.0,564,fifth
Qlqt4873b1ffs6w6rj4wkg3t5Q,learn_relquest,1.0,"[6, 5]",6.0,13.214,0,1.0,565,fifth
Qlqt4873b1ffs6w6rj4wkg3t5Q,learn_relquest,0.0,"[3, 6]",7.0,21.193,1,1.0,566,fifth
Qlqt4873b1ffs6w6rj4wkg3t5Q,learn_relquest,1.0,"[4, 1]",8.0,2.167,0,1.0,567,fifth
Qlqt4873b1ffs6w6rj4wkg3t5Q,learn_relquest,1.0,"[6, 7]",9.0,26.869,0,1.0,568,fifth
Qlqt4873b1ffs6w6rj4wkg3t5Q,learn_relquest,1.0,"[7, 1]",10.0,11.346,0,1.0,569,fifth
Qlqt4873b1ffs6w6rj4wkg3t5Q,learn_relquest,1.0,"[7, 0]",11.0,5.588,0,1.0,570,fifth
Qlqt4873b1ffs6w6rj4wkg3t5Q,learn_relquest,0.0,"[2, 4]",12.0,11.399,1,1.0,571,fifth
Qlqt4873b1ffs6w6rj4wkg3t5Q,learn_relquest,0.0,"[6, 4]",13.0,2.703,1,1.0,572,fifth
Qlqt4873b1ffs6w6rj4wkg3t5Q,learn_relquest,0.0,"[5, 1]",14.0,24.407,1,1.0,573,fifth
Qlqt4873b1ffs6w6rj4wkg3t5Q,learn_relquest,1.0,"[1, 7]",15.0,4.259,0,1.0,574,fifth
Qlqt4873b1ffs6w6rj4wkg3t5Q,learn_relquest,1.0,"[5, 3]",16.0,2.753,0,1.0,575,fifth
Qlqt4873b1ffs6w6rj4wkg3t5Q,learn_relquest,1.0,"[3, 5]",17.0,1.268,0,1.0,576,fifth
Qlqt4873b1ffs6w6rj4wkg3t5Q,learn_relquest,1.0,"[0, 7]",18.0,11.996,0,1.0,577,fifth
Qlqt4873b1ffs6w6rj4wkg3t5Q,learn_relquest,1.0,"[2, 6]",19.0,5.296,0,1.0,578,fifth
Qlqt4873b1ffs6w6rj4wkg3t5Q,learn_relquest,0.0,"[2, 3]",20.0,5.365,0,0.0,579,fifth
Qlqt4873b1ffs6w6rj4wkg3t5Q,learn_relquest,0.0,"[0, 3]",21.0,30.483,1,1.0,580,fifth
Qlqt4873b1ffs6w6rj4wkg3t5Q,learn_relquest,0.0,"[1, 5]",22.0,17.037,1,1.0,581,fifth
Qlqt4873b1ffs6w6rj4wkg3t5Q,learn_relquest,1.0,"[5, 6]",23.0,15.397,0,1.0,582,fifth
Qlqt4873b1ffs6w6rj4wkg3t5Q,learn_relquest,0.0,"[4, 3]",24.0,13.269,1,1.0,583,fifth
Qlqt4873b1ffs6w6rj4wkg3t5Q,learn_relquest,0.0,"[2, 7]",25.0,2.612,0,0.0,584,fifth
Qlqt4873b1ffs6w6rj4wkg3t5Q,learn_relquest,1.0,"[6, 2]",26.0,1.068,0,1.0,585,fifth
Qlqt4873b1ffs6w6rj4wkg3t5Q,learn_relquest,1.0,"[1, 4]",27.0,1.019,0,1.0,586,fifth
Qcreqeqdsq8jtpt9la6v8vnqaQ,learn_relquest,1.0,"[4, 1]",0.0,8.857,1,0.0,101,first
Qcreqeqdsq8jtpt9la6v8vnqaQ,learn_relquest,0.0,"[4, 7]",1.0,3.493,0,0.0,102,first
Qcreqeqdsq8jtpt9la6v8vnqaQ,learn_relquest,0.0,"[1, 0]",2.0,2.446,0,0.0,103,first
Qcreqeqdsq8jtpt9la6v8vnqaQ,learn_relquest,1.0,"[2, 6]",3.0,2.848,0,1.0,104,first
Qcreqeqdsq8jtpt9la6v8vnqaQ,learn_relquest,0.0,"[6, 3]",4.0,2.203,0,0.0,105,first
Qcreqeqdsq8jtpt9la6v8vnqaQ,learn_relquest,0.0,"[7, 5]",5.0,1.81,0,0.0,106,first
Qcreqeqdsq8jtpt9la6v8vnqaQ,learn_relquest,1.0,"[3, 5]",6.0,2.359,0,1.0,107,first
Qcreqeqdsq8jtpt9la6v8vnqaQ,learn_relquest,0.0,"[4, 6]",7.0,4.157,1,1.0,108,first
Qcreqeqdsq8jtpt9la6v8vnqaQ,learn_relquest,0.0,"[7, 3]",8.0,4.54,1,1.0,109,first
Qcreqeqdsq8jtpt9la6v8vnqaQ,learn_relquest,0.0,"[6, 0]",9.0,2.261,0,0.0,110,first
Qcreqeqdsq8jtpt9la6v8vnqaQ,learn_relquest,1.0,"[5, 6]",10.0,2.172,0,1.0,111,first
Qcreqeqdsq8jtpt9la6v8vnqaQ,learn_relquest,0.0,"[0, 5]",11.0,1.427,0,0.0,112,first
Qcreqeqdsq8jtpt9la6v8vnqaQ,learn_relquest,0.0,"[5, 4]",12.0,2.662,1,1.0,113,first
Qcreqeqdsq8jtpt9la6v8vnqaQ,learn_relquest,0.0,"[1, 2]",13.0,1.82,0,0.0,114,first
Qcreqeqdsq8jtpt9la6v8vnqaQ,learn_relquest,0.0,"[3, 4]",14.0,1.516,0,0.0,115,first
Qcreqeqdsq8jtpt9la6v8vnqaQ,learn_relquest,0.0,"[3, 6]",15.0,1.116,0,0.0,116,first
Qcreqeqdsq8jtpt9la6v8vnqaQ,learn_relquest,1.0,"[6, 7]",16.0,1.458,0,1.0,117,first
Qcreqeqdsq8jtpt9la6v8vnqaQ,learn_relquest,1.0,"[6, 2]",17.0,1.78,0,1.0,118,first
Qcreqeqdsq8jtpt9la6v8vnqaQ,learn_relquest,1.0,"[7, 6]",18.0,1.657,0,1.0,119,first
Qcreqeqdsq8jtpt9la6v8vnqaQ,learn_relquest,1.0,"[1, 4]",19.0,2.849,1,0.0,120,first
Qcreqeqdsq8jtpt9la6v8vnqaQ,learn_relquest,1.0,"[1, 7]",20.0,1.604,1,0.0,121,first
Qcreqeqdsq8jtpt9la6v8vnqaQ,learn_relquest,1.0,"[0, 7]",21.0,1.729,1,0.0,122,first
Qcreqeqdsq8jtpt9la6v8vnqaQ,learn_relquest,1.0,"[7, 1]",22.0,1.93,0,1.0,123,first
Qcreqeqdsq8jtpt9la6v8vnqaQ,learn_relquest,1.0,"[7, 0]",23.0,0.995,0,1.0,124,first
Qcreqeqdsq8jtpt9la6v8vnqaQ,learn_relquest,1.0,"[5, 3]",24.0,2.153,0,1.0,125,first
Qcreqeqdsq8jtpt9la6v8vnqaQ,learn_relquest,1.0,"[6, 5]",25.0,1.899,1,0.0,126,first
Qcreqeqdsq8jtpt9la6v8vnqaQ,learn_relquest,0.0,"[0, 6]",26.0,1.487,0,0.0,127,first
Qcreqeqdsq8jtpt9la6v8vnqaQ,learn_relquest,0.0,"[3, 2]",27.0,3.525,1,1.0,128,first
Qcreqeqdsq8jtpt9la6v8vnqaQ,learn_relquest,1.0,"[5, 3]",0.0,27.992,0,1.0,217,second
Qcreqeqdsq8jtpt9la6v8vnqaQ,learn_relquest,0.0,"[1, 6]",1.0,9.303,0,0.0,218,second
Qcreqeqdsq8jtpt9la6v8vnqaQ,learn_relquest,0.0,"[5, 0]",2.0,15.08,1,1.0,219,second
Qcreqeqdsq8jtpt9la6v8vnqaQ,learn_relquest,0.0,"[2, 3]",3.0,9.889,1,1.0,220,second
Qcreqeqdsq8jtpt9la6v8vnqaQ,learn_relquest,1.0,"[3, 5]",4.0,4.944,0,1.0,221,second
Qcreqeqdsq8jtpt9la6v8vnqaQ,learn_relquest,0.0,"[5, 7]",5.0,4.651,1,1.0,222,second
Qcreqeqdsq8jtpt9la6v8vnqaQ,learn_relquest,1.0,"[5, 6]",6.0,4.866,0,1.0,223,second
Qcreqeqdsq8jtpt9la6v8vnqaQ,learn_relquest,0.0,"[2, 1]",7.0,7.499,1,1.0,224,second
Qcreqeqdsq8jtpt9la6v8vnqaQ,learn_relquest,0.0,"[0, 4]",8.0,9.813,0,0.0,225,second
Qcreqeqdsq8jtpt9la6v8vnqaQ,learn_relquest,1.0,"[7, 1]",9.0,2.935,0,1.0,226,second
Qcreqeqdsq8jtpt9la6v8vnqaQ,learn_relquest,1.0,"[6, 2]",10.0,2.017,0,1.0,227,second
Qcreqeqdsq8jtpt9la6v8vnqaQ,learn_relquest,1.0,"[7, 0]",11.0,5.579,0,1.0,228,second
Qcreqeqdsq8jtpt9la6v8vnqaQ,learn_relquest,1.0,"[1, 7]",12.0,11.48,0,1.0,229,second
Qcreqeqdsq8jtpt9la6v8vnqaQ,learn_relquest,0.0,"[1, 0]",13.0,9.715,1,1.0,230,second
Qcreqeqdsq8jtpt9la6v8vnqaQ,learn_relquest,1.0,"[1, 4]",14.0,7.916,1,0.0,231,second
Qcreqeqdsq8jtpt9la6v8vnqaQ,learn_relquest,1.0,"[2, 6]",15.0,5.929,0,1.0,232,second
Qcreqeqdsq8jtpt9la6v8vnqaQ,learn_relquest,1.0,"[4, 1]",16.0,3.701,1,0.0,233,second
Qcreqeqdsq8jtpt9la6v8vnqaQ,learn_relquest,1.0,"[7, 6]",17.0,1.657,0,1.0,234,second
Qcreqeqdsq8jtpt9la6v8vnqaQ,learn_relquest,0.0,"[2, 5]",18.0,3.462,0,0.0,235,second
Qcreqeqdsq8jtpt9la6v8vnqaQ,learn_relquest,1.0,"[6, 7]",19.0,1.192,0,1.0,236,second
Qcreqeqdsq8jtpt9la6v8vnqaQ,learn_relquest,0.0,"[4, 3]",20.0,4.001,1,1.0,237,second
Qcreqeqdsq8jtpt9la6v8vnqaQ,learn_relquest,0.0,"[3, 2]",21.0,9.863,1,1.0,238,second
Qcreqeqdsq8jtpt9la6v8vnqaQ,learn_relquest,0.0,"[3, 7]",22.0,3.697,1,1.0,239,second
Qcreqeqdsq8jtpt9la6v8vnqaQ,learn_relquest,1.0,"[0, 7]",23.0,1.907,0,1.0,240,second
Qcreqeqdsq8jtpt9la6v8vnqaQ,learn_relquest,0.0,"[3, 0]",24.0,2.66,1,1.0,241,second
Qcreqeqdsq8jtpt9la6v8vnqaQ,learn_relquest,0.0,"[5, 1]",25.0,2.896,0,0.0,242,second
Qcreqeqdsq8jtpt9la6v8vnqaQ,learn_relquest,1.0,"[6, 5]",26.0,1.181,0,1.0,243,second
Qcreqeqdsq8jtpt9la6v8vnqaQ,learn_relquest,0.0,"[3, 4]",27.0,4.054,1,1.0,244,second
Qcreqeqdsq8jtpt9la6v8vnqaQ,learn_relquest,0.0,"[0, 6]",0.0,35.854,1,1.0,331,third
Qcreqeqdsq8jtpt9la6v8vnqaQ,learn_relquest,1.0,"[2, 6]",1.0,4.588,0,1.0,332,third
Qcreqeqdsq8jtpt9la6v8vnqaQ,learn_relquest,1.0,"[6, 7]",2.0,1.155,0,1.0,333,third
Qcreqeqdsq8jtpt9la6v8vnqaQ,learn_relquest,1.0,"[4, 1]",3.0,4.315,0,1.0,334,third
Qcreqeqdsq8jtpt9la6v8vnqaQ,learn_relquest,1.0,"[0, 7]",4.0,5.079,0,1.0,335,third
Qcreqeqdsq8jtpt9la6v8vnqaQ,learn_relquest,1.0,"[7, 1]",5.0,5.155,0,1.0,336,third
Qcreqeqdsq8jtpt9la6v8vnqaQ,learn_relquest,0.0,"[2, 5]",6.0,19.139,1,1.0,337,third
Qcreqeqdsq8jtpt9la6v8vnqaQ,learn_relquest,0.0,"[0, 4]",7.0,19.286,1,1.0,338,third
Qcreqeqdsq8jtpt9la6v8vnqaQ,learn_relquest,0.0,"[5, 7]",8.0,0.174,1,1.0,339,third
Qcreqeqdsq8jtpt9la6v8vnqaQ,learn_relquest,0.0,"[1, 6]",9.0,45.488,1,1.0,340,third
Qcreqeqdsq8jtpt9la6v8vnqaQ,learn_relquest,0.0,"[2, 0]",10.0,2.533,1,1.0,341,third
Qcreqeqdsq8jtpt9la6v8vnqaQ,learn_relquest,1.0,"[1, 7]",11.0,3.15,0,1.0,342,third
Qcreqeqdsq8jtpt9la6v8vnqaQ,learn_relquest,0.0,"[1, 2]",12.0,23.38,1,1.0,343,third
Qcreqeqdsq8jtpt9la6v8vnqaQ,learn_relquest,0.0,"[3, 0]",13.0,9.047,1,1.0,344,third
Qcreqeqdsq8jtpt9la6v8vnqaQ,learn_relquest,0.0,"[0, 1]",14.0,23.499,1,1.0,345,third
Qcreqeqdsq8jtpt9la6v8vnqaQ,learn_relquest,1.0,"[1, 4]",15.0,2.7,0,1.0,346,third
Qcreqeqdsq8jtpt9la6v8vnqaQ,learn_relquest,1.0,"[6, 2]",16.0,3.806,0,1.0,347,third
Qcreqeqdsq8jtpt9la6v8vnqaQ,learn_relquest,0.0,"[0, 3]",17.0,17.27,1,1.0,348,third
Qcreqeqdsq8jtpt9la6v8vnqaQ,learn_relquest,1.0,"[5, 3]",18.0,4.149,0,1.0,349,third
Qcreqeqdsq8jtpt9la6v8vnqaQ,learn_relquest,1.0,"[3, 5]",19.0,1.212,0,1.0,350,third
Qcreqeqdsq8jtpt9la6v8vnqaQ,learn_relquest,1.0,"[7, 6]",20.0,1.105,0,1.0,351,third
Qcreqeqdsq8jtpt9la6v8vnqaQ,learn_relquest,0.0,"[4, 6]",21.0,18.715,1,1.0,352,third
Qcreqeqdsq8jtpt9la6v8vnqaQ,learn_relquest,0.0,"[5, 4]",22.0,35.956,1,1.0,353,third
Qcreqeqdsq8jtpt9la6v8vnqaQ,learn_relquest,1.0,"[6, 5]",23.0,5.217,0,1.0,354,third
Qcreqeqdsq8jtpt9la6v8vnqaQ,learn_relquest,0.0,"[6, 1]",24.0,1.995,0,0.0,355,third
Qcreqeqdsq8jtpt9la6v8vnqaQ,learn_relquest,0.0,"[2, 7]",25.0,1.751,0,0.0,356,third
Qcreqeqdsq8jtpt9la6v8vnqaQ,learn_relquest,1.0,"[5, 6]",26.0,1.965,0,1.0,357,third
Qcreqeqdsq8jtpt9la6v8vnqaQ,learn_relquest,1.0,"[7, 0]",27.0,2.454,0,1.0,358,third
Qmiiq7tqyilhra4rhjgpb81piQ,learn_relquest,1.0,"[6, 7]",0.0,2.19,0,1.0,101,first
Qmiiq7tqyilhra4rhjgpb81piQ,learn_relquest,1.0,"[6, 2]",1.0,1.231,0,1.0,102,first
Qmiiq7tqyilhra4rhjgpb81piQ,learn_relquest,1.0,"[2, 6]",2.0,1.391,0,1.0,103,first
Qmiiq7tqyilhra4rhjgpb81piQ,learn_relquest,0.0,"[6, 4]",3.0,1.83,1,1.0,104,first
Qmiiq7tqyilhra4rhjgpb81piQ,learn_relquest,1.0,"[1, 4]",4.0,0.92,1,0.0,105,first
Qmiiq7tqyilhra4rhjgpb81piQ,learn_relquest,0.0,"[5, 0]",5.0,0.902,0,0.0,106,first
Qmiiq7tqyilhra4rhjgpb81piQ,learn_relquest,0.0,"[7, 2]",6.0,1.439,1,1.0,107,first
Qmiiq7tqyilhra4rhjgpb81piQ,learn_relquest,0.0,"[6, 0]",7.0,1.255,1,1.0,108,first
Qmiiq7tqyilhra4rhjgpb81piQ,learn_relquest,1.0,"[5, 3]",8.0,1.462,0,1.0,109,first
Qmiiq7tqyilhra4rhjgpb81piQ,learn_relquest,1.0,"[0, 7]",9.0,1.615,0,1.0,110,first
Qmiiq7tqyilhra4rhjgpb81piQ,learn_relquest,0.0,"[2, 1]",10.0,1.32,1,1.0,111,first
Qmiiq7tqyilhra4rhjgpb81piQ,learn_relquest,0.0,"[4, 0]",11.0,1.343,1,1.0,112,first
Qmiiq7tqyilhra4rhjgpb81piQ,learn_relquest,0.0,"[1, 0]",12.0,1.583,0,0.0,113,first
Qmiiq7tqyilhra4rhjgpb81piQ,learn_relquest,1.0,"[7, 6]",13.0,0.951,1,0.0,114,first
Qmiiq7tqyilhra4rhjgpb81piQ,learn_relquest,1.0,"[5, 6]",14.0,0.909,0,1.0,115,first
Qmiiq7tqyilhra4rhjgpb81piQ,learn_relquest,1.0,"[4, 1]",15.0,0.407,1,0.0,116,first
Qmiiq7tqyilhra4rhjgpb81piQ,learn_relquest,1.0,"[3, 5]",16.0,0.375,1,0.0,117,first
Qmiiq7tqyilhra4rhjgpb81piQ,learn_relquest,1.0,"[7, 0]",17.0,0.542,0,1.0,118,first
Qmiiq7tqyilhra4rhjgpb81piQ,learn_relquest,0.0,"[3, 7]",18.0,1.863,1,1.0,119,first
Qmiiq7tqyilhra4rhjgpb81piQ,learn_relquest,0.0,"[2, 5]",19.0,0.887,0,0.0,120,first
Qmiiq7tqyilhra4rhjgpb81piQ,learn_relquest,1.0,"[6, 5]",20.0,0.871,0,1.0,121,first
Qmiiq7tqyilhra4rhjgpb81piQ,learn_relquest,0.0,"[5, 4]",21.0,1.393,0,0.0,122,first
Qmiiq7tqyilhra4rhjgpb81piQ,learn_relquest,0.0,"[1, 3]",22.0,0.436,1,1.0,123,first
Qmiiq7tqyilhra4rhjgpb81piQ,learn_relquest,0.0,"[3, 1]",23.0,1.223,1,1.0,124,first
Qmiiq7tqyilhra4rhjgpb81piQ,learn_relquest,0.0,"[0, 4]",24.0,1.783,0,0.0,125,first
Qmiiq7tqyilhra4rhjgpb81piQ,learn_relquest,1.0,"[1, 7]",25.0,0.568,1,0.0,126,first
Qmiiq7tqyilhra4rhjgpb81piQ,learn_relquest,0.0,"[2, 0]",26.0,1.132,1,1.0,127,first
Qmiiq7tqyilhra4rhjgpb81piQ,learn_relquest,1.0,"[7, 1]",27.0,0.735,0,1.0,128,first
Qmiiq7tqyilhra4rhjgpb81piQ,learn_relquest,0.0,"[4, 0]",0.0,2.488,1,1.0,216,second
Qmiiq7tqyilhra4rhjgpb81piQ,learn_relquest,1.0,"[7, 0]",1.0,1.142,0,1.0,217,second
Qmiiq7tqyilhra4rhjgpb81piQ,learn_relquest,0.0,"[0, 2]",2.0,1.079,1,1.0,218,second
Qmiiq7tqyilhra4rhjgpb81piQ,learn_relquest,1.0,"[4, 1]",3.0,0.791,0,1.0,219,second
Qmiiq7tqyilhra4rhjgpb81piQ,learn_relquest,0.0,"[3, 7]",4.0,0.703,0,0.0,220,second
Qmiiq7tqyilhra4rhjgpb81piQ,learn_relquest,1.0,"[6, 2]",5.0,0.895,0,1.0,221,second
Qmiiq7tqyilhra4rhjgpb81piQ,learn_relquest,1.0,"[3, 5]",6.0,1.12,0,1.0,222,second
Qmiiq7tqyilhra4rhjgpb81piQ,learn_relquest,0.0,"[0, 6]",7.0,1.302,1,1.0,223,second
Qmiiq7tqyilhra4rhjgpb81piQ,learn_relquest,1.0,"[1, 7]",8.0,0.863,0,1.0,224,second
Qmiiq7tqyilhra4rhjgpb81piQ,learn_relquest,1.0,"[1, 4]",9.0,0.64,0,1.0,225,second
Qmiiq7tqyilhra4rhjgpb81piQ,learn_relquest,0.0,"[7, 5]",10.0,0.999,1,1.0,226,second
Qmiiq7tqyilhra4rhjgpb81piQ,learn_relquest,1.0,"[2, 6]",11.0,0.615,0,1.0,227,second
Qmiiq7tqyilhra4rhjgpb81piQ,learn_relquest,0.0,"[2, 4]",12.0,0.399,0,0.0,228,second
Qmiiq7tqyilhra4rhjgpb81piQ,learn_relquest,0.0,"[6, 4]",13.0,1.046,1,1.0,229,second
Qmiiq7tqyilhra4rhjgpb81piQ,learn_relquest,1.0,"[0, 7]",14.0,0.52,0,1.0,230,second
Qmiiq7tqyilhra4rhjgpb81piQ,learn_relquest,0.0,"[0, 5]",15.0,0.55,1,1.0,231,second
Qmiiq7tqyilhra4rhjgpb81piQ,learn_relquest,0.0,"[2, 0]",16.0,0.552,1,1.0,232,second
Qmiiq7tqyilhra4rhjgpb81piQ,learn_relquest,1.0,"[7, 6]",17.0,0.47,0,1.0,233,second
Qmiiq7tqyilhra4rhjgpb81piQ,learn_relquest,1.0,"[6, 5]",18.0,0.799,0,1.0,234,second
Qmiiq7tqyilhra4rhjgpb81piQ,learn_relquest,1.0,"[5, 3]",19.0,0.454,1,0.0,235,second
Qmiiq7tqyilhra4rhjgpb81piQ,learn_relquest,0.0,"[6, 0]",20.0,1.327,1,1.0,236,second
Qmiiq7tqyilhra4rhjgpb81piQ,learn_relquest,1.0,"[7, 1]",21.0,0.855,0,1.0,237,second
Qmiiq7tqyilhra4rhjgpb81piQ,learn_relquest,0.0,"[1, 6]",22.0,0.44,0,0.0,238,second
Qmiiq7tqyilhra4rhjgpb81piQ,learn_relquest,1.0,"[6, 7]",23.0,0.702,0,1.0,239,second
Qmiiq7tqyilhra4rhjgpb81piQ,learn_relquest,0.0,"[1, 0]",24.0,0.544,1,1.0,240,second
Qmiiq7tqyilhra4rhjgpb81piQ,learn_relquest,0.0,"[6, 1]",25.0,0.917,0,0.0,241,second
Qmiiq7tqyilhra4rhjgpb81piQ,learn_relquest,1.0,"[5, 6]",26.0,0.215,0,1.0,242,second
Qmiiq7tqyilhra4rhjgpb81piQ,learn_relquest,0.0,"[5, 2]",27.0,0.487,1,1.0,243,second
Qmiiq7tqyilhra4rhjgpb81piQ,learn_relquest,1.0,"[2, 6]",0.0,3.639,0,1.0,329,third
Qmiiq7tqyilhra4rhjgpb81piQ,learn_relquest,1.0,"[7, 1]",1.0,1.311,0,1.0,330,third
Qmiiq7tqyilhra4rhjgpb81piQ,learn_relquest,1.0,"[7, 6]",2.0,5.463,0,1.0,331,third
Qmiiq7tqyilhra4rhjgpb81piQ,learn_relquest,0.0,"[3, 6]",3.0,0.719,1,1.0,332,third
Qmiiq7tqyilhra4rhjgpb81piQ,learn_relquest,0.0,"[5, 1]",4.0,0.39,1,1.0,333,third
Qmiiq7tqyilhra4rhjgpb81piQ,learn_relquest,1.0,"[6, 2]",5.0,0.454,0,1.0,334,third
Qmiiq7tqyilhra4rhjgpb81piQ,learn_relquest,1.0,"[1, 4]",6.0,0.4,0,1.0,335,third
Qmiiq7tqyilhra4rhjgpb81piQ,learn_relquest,1.0,"[4, 1]",7.0,0.462,1,0.0,336,third
Qmiiq7tqyilhra4rhjgpb81piQ,learn_relquest,1.0,"[5, 3]",8.0,0.399,1,0.0,337,third
Qmiiq7tqyilhra4rhjgpb81piQ,learn_relquest,0.0,"[4, 3]",9.0,0.744,0,0.0,338,third
Qmiiq7tqyilhra4rhjgpb81piQ,learn_relquest,0.0,"[3, 1]",10.0,0.454,1,1.0,339,third
Qmiiq7tqyilhra4rhjgpb81piQ,learn_relquest,1.0,"[5, 6]",11.0,1.039,0,1.0,340,third
Qmiiq7tqyilhra4rhjgpb81piQ,learn_relquest,0.0,"[4, 0]",12.0,1.047,0,0.0,341,third
Qmiiq7tqyilhra4rhjgpb81piQ,learn_relquest,0.0,"[6, 3]",13.0,1.135,1,1.0,342,third
Qmiiq7tqyilhra4rhjgpb81piQ,learn_relquest,0.0,"[6, 0]",14.0,1.383,1,1.0,343,third
Qmiiq7tqyilhra4rhjgpb81piQ,learn_relquest,0.0,"[5, 7]",15.0,0.839,0,0.0,344,third
Qmiiq7tqyilhra4rhjgpb81piQ,learn_relquest,0.0,"[7, 2]",16.0,1.175,1,1.0,345,third
Qmiiq7tqyilhra4rhjgpb81piQ,learn_relquest,0.0,"[6, 4]",17.0,1.104,0,0.0,346,third
Qmiiq7tqyilhra4rhjgpb81piQ,learn_relquest,1.0,"[0, 7]",18.0,0.886,0,1.0,347,third
Qmiiq7tqyilhra4rhjgpb81piQ,learn_relquest,1.0,"[6, 7]",19.0,1.022,1,0.0,348,third
Qmiiq7tqyilhra4rhjgpb81piQ,learn_relquest,0.0,"[2, 4]",20.0,1.127,1,1.0,349,third
Qmiiq7tqyilhra4rhjgpb81piQ,learn_relquest,1.0,"[7, 0]",21.0,0.767,0,1.0,350,third
Qmiiq7tqyilhra4rhjgpb81piQ,learn_relquest,0.0,"[1, 6]",22.0,1.295,0,0.0,351,third
Qmiiq7tqyilhra4rhjgpb81piQ,learn_relquest,1.0,"[1, 7]",23.0,0.823,0,1.0,352,third
Qmiiq7tqyilhra4rhjgpb81piQ,learn_relquest,1.0,"[3, 5]",24.0,0.934,1,0.0,353,third
Qmiiq7tqyilhra4rhjgpb81piQ,learn_relquest,1.0,"[6, 5]",25.0,1.031,1,0.0,354,third
Qmiiq7tqyilhra4rhjgpb81piQ,learn_relquest,0.0,"[2, 1]",26.0,0.672,0,0.0,355,third
Qmiiq7tqyilhra4rhjgpb81piQ,learn_relquest,0.0,"[3, 0]",27.0,0.942,0,0.0,356,third
Qmiiq7tqyilhra4rhjgpb81piQ,learn_relquest,0.0,"[7, 2]",0.0,2.974,1,1.0,442,fourth
Qmiiq7tqyilhra4rhjgpb81piQ,learn_relquest,0.0,"[7, 4]",1.0,4.047,1,1.0,443,fourth
Qmiiq7tqyilhra4rhjgpb81piQ,learn_relquest,0.0,"[3, 1]",2.0,1.678,0,0.0,444,fourth
Qmiiq7tqyilhra4rhjgpb81piQ,learn_relquest,0.0,"[4, 2]",3.0,1.655,1,1.0,445,fourth
Qmiiq7tqyilhra4rhjgpb81piQ,learn_relquest,1.0,"[2, 6]",4.0,1.351,0,1.0,446,fourth
Qmiiq7tqyilhra4rhjgpb81piQ,learn_relquest,1.0,"[7, 0]",5.0,1.031,0,1.0,447,fourth
Qmiiq7tqyilhra4rhjgpb81piQ,learn_relquest,1.0,"[6, 2]",6.0,1.015,0,1.0,448,fourth
Qmiiq7tqyilhra4rhjgpb81piQ,learn_relquest,0.0,"[4, 6]",7.0,1.237,1,1.0,449,fourth
Qmiiq7tqyilhra4rhjgpb81piQ,learn_relquest,1.0,"[3, 5]",8.0,1.039,0,1.0,450,fourth
Qmiiq7tqyilhra4rhjgpb81piQ,learn_relquest,1.0,"[7, 1]",9.0,1.167,0,1.0,451,fourth
Qmiiq7tqyilhra4rhjgpb81piQ,learn_relquest,0.0,"[2, 1]",10.0,1.255,1,1.0,452,fourth
Qmiiq7tqyilhra4rhjgpb81piQ,learn_relquest,1.0,"[7, 6]",11.0,1.119,0,1.0,453,fourth
Qmiiq7tqyilhra4rhjgpb81piQ,learn_relquest,1.0,"[1, 4]",12.0,1.454,0,1.0,454,fourth
Qmiiq7tqyilhra4rhjgpb81piQ,learn_relquest,0.0,"[1, 5]",13.0,1.335,1,1.0,455,fourth
Qmiiq7tqyilhra4rhjgpb81piQ,learn_relquest,0.0,"[7, 5]",14.0,0.919,0,0.0,456,fourth
Qmiiq7tqyilhra4rhjgpb81piQ,learn_relquest,0.0,"[3, 2]",15.0,2.015,1,1.0,457,fourth
Qmiiq7tqyilhra4rhjgpb81piQ,learn_relquest,1.0,"[0, 7]",16.0,1.551,0,1.0,458,fourth
Qmiiq7tqyilhra4rhjgpb81piQ,learn_relquest,0.0,"[4, 7]",17.0,1.526,1,1.0,459,fourth
Qmiiq7tqyilhra4rhjgpb81piQ,learn_relquest,0.0,"[5, 2]",18.0,1.83,1,1.0,460,fourth
Qmiiq7tqyilhra4rhjgpb81piQ,learn_relquest,1.0,"[6, 7]",19.0,1.231,0,1.0,461,fourth
Qmiiq7tqyilhra4rhjgpb81piQ,learn_relquest,1.0,"[4, 1]",20.0,1.207,0,1.0,462,fourth
Qmiiq7tqyilhra4rhjgpb81piQ,learn_relquest,0.0,"[1, 3]",21.0,1.559,0,0.0,463,fourth
Qmiiq7tqyilhra4rhjgpb81piQ,learn_relquest,0.0,"[6, 3]",22.0,2.046,1,1.0,464,fourth
Qmiiq7tqyilhra4rhjgpb81piQ,learn_relquest,1.0,"[1, 7]",23.0,0.983,0,1.0,465,fourth
Qmiiq7tqyilhra4rhjgpb81piQ,learn_relquest,1.0,"[5, 3]",24.0,0.974,0,1.0,466,fourth
Qmiiq7tqyilhra4rhjgpb81piQ,learn_relquest,1.0,"[5, 6]",25.0,1.863,1,0.0,467,fourth
Qmiiq7tqyilhra4rhjgpb81piQ,learn_relquest,1.0,"[6, 5]",26.0,0.975,1,0.0,468,fourth
Qmiiq7tqyilhra4rhjgpb81piQ,learn_relquest,0.0,"[1, 6]",27.0,1.431,1,1.0,469,fourth
Qmiiq7tqyilhra4rhjgpb81piQ,learn_relquest,0.0,"[3, 0]",0.0,1.415,1,1.0,555,fifth
Qmiiq7tqyilhra4rhjgpb81piQ,learn_relquest,1.0,"[7, 0]",1.0,0.998,0,1.0,556,fifth
Qmiiq7tqyilhra4rhjgpb81piQ,learn_relquest,0.0,"[5, 2]",2.0,1.152,1,1.0,557,fifth
Qmiiq7tqyilhra4rhjgpb81piQ,learn_relquest,1.0,"[5, 3]",3.0,0.822,0,1.0,558,fifth
Qmiiq7tqyilhra4rhjgpb81piQ,learn_relquest,1.0,"[1, 4]",4.0,1.663,1,0.0,559,fifth
Qmiiq7tqyilhra4rhjgpb81piQ,learn_relquest,0.0,"[0, 1]",5.0,1.927,1,1.0,560,fifth
Qmiiq7tqyilhra4rhjgpb81piQ,learn_relquest,0.0,"[2, 1]",6.0,0.792,1,1.0,561,fifth
Qmiiq7tqyilhra4rhjgpb81piQ,learn_relquest,1.0,"[6, 7]",7.0,0.814,0,1.0,562,fifth
Qmiiq7tqyilhra4rhjgpb81piQ,learn_relquest,1.0,"[2, 6]",8.0,0.878,1,0.0,563,fifth
Qmiiq7tqyilhra4rhjgpb81piQ,learn_relquest,0.0,"[3, 6]",9.0,0.904,0,0.0,564,fifth
Qmiiq7tqyilhra4rhjgpb81piQ,learn_relquest,0.0,"[4, 5]",10.0,0.335,0,0.0,565,fifth
Qmiiq7tqyilhra4rhjgpb81piQ,learn_relquest,1.0,"[4, 1]",11.0,0.654,1,0.0,566,fifth
Qmiiq7tqyilhra4rhjgpb81piQ,learn_relquest,1.0,"[7, 1]",12.0,0.792,0,1.0,567,fifth
Qmiiq7tqyilhra4rhjgpb81piQ,learn_relquest,0.0,"[5, 0]",13.0,1.263,0,0.0,568,fifth
Qmiiq7tqyilhra4rhjgpb81piQ,learn_relquest,1.0,"[6, 2]",14.0,1.206,0,1.0,569,fifth
Qmiiq7tqyilhra4rhjgpb81piQ,learn_relquest,1.0,"[5, 6]",15.0,0.855,1,0.0,570,fifth
Qmiiq7tqyilhra4rhjgpb81piQ,learn_relquest,0.0,"[1, 3]",16.0,0.823,0,0.0,571,fifth
Qmiiq7tqyilhra4rhjgpb81piQ,learn_relquest,0.0,"[2, 4]",17.0,1.256,1,1.0,572,fifth
Qmiiq7tqyilhra4rhjgpb81piQ,learn_relquest,1.0,"[7, 6]",18.0,1.206,0,1.0,573,fifth
Qmiiq7tqyilhra4rhjgpb81piQ,learn_relquest,1.0,"[1, 7]",19.0,0.727,0,1.0,574,fifth
Qmiiq7tqyilhra4rhjgpb81piQ,learn_relquest,0.0,"[4, 2]",20.0,0.919,1,1.0,575,fifth
Qmiiq7tqyilhra4rhjgpb81piQ,learn_relquest,0.0,"[3, 7]",21.0,0.639,0,0.0,576,fifth
Qmiiq7tqyilhra4rhjgpb81piQ,learn_relquest,1.0,"[3, 5]",22.0,0.52,0,1.0,577,fifth
Qmiiq7tqyilhra4rhjgpb81piQ,learn_relquest,1.0,"[6, 5]",23.0,1.062,1,0.0,578,fifth
Qmiiq7tqyilhra4rhjgpb81piQ,learn_relquest,0.0,"[6, 3]",24.0,0.591,0,0.0,579,fifth
Qmiiq7tqyilhra4rhjgpb81piQ,learn_relquest,0.0,"[6, 1]",25.0,1.383,1,1.0,580,fifth
Qmiiq7tqyilhra4rhjgpb81piQ,learn_relquest,0.0,"[5, 1]",26.0,0.847,0,0.0,581,fifth
Qmiiq7tqyilhra4rhjgpb81piQ,learn_relquest,1.0,"[0, 7]",27.0,0.598,0,1.0,582,fifth
Q7ifzwmoxgozplqq8sv5n99u9Q,learn_relquest,0.0,"[1, 5]",0.0,3.432,1,1.0,101,first
Q7ifzwmoxgozplqq8sv5n99u9Q,learn_relquest,1.0,"[0, 7]",1.0,1.949,0,1.0,102,first
Q7ifzwmoxgozplqq8sv5n99u9Q,learn_relquest,1.0,"[4, 1]",2.0,2.463,0,1.0,103,first
Q7ifzwmoxgozplqq8sv5n99u9Q,learn_relquest,1.0,"[7, 6]",3.0,1.603,0,1.0,104,first
Q7ifzwmoxgozplqq8sv5n99u9Q,learn_relquest,1.0,"[1, 4]",4.0,5.946,1,0.0,105,first
Q7ifzwmoxgozplqq8sv5n99u9Q,learn_relquest,0.0,"[7, 2]",5.0,1.599,1,1.0,106,first
Q7ifzwmoxgozplqq8sv5n99u9Q,learn_relquest,0.0,"[3, 6]",6.0,3.08,0,0.0,107,first
Q7ifzwmoxgozplqq8sv5n99u9Q,learn_relquest,0.0,"[3, 0]",7.0,2.639,1,1.0,108,first
Q7ifzwmoxgozplqq8sv5n99u9Q,learn_relquest,0.0,"[4, 2]",8.0,3.409,1,1.0,109,first
Q7ifzwmoxgozplqq8sv5n99u9Q,learn_relquest,1.0,"[6, 7]",9.0,1.33,0,1.0,110,first
Q7ifzwmoxgozplqq8sv5n99u9Q,learn_relquest,0.0,"[7, 4]",10.0,2.584,0,0.0,111,first
Q7ifzwmoxgozplqq8sv5n99u9Q,learn_relquest,1.0,"[1, 7]",11.0,1.447,0,1.0,112,first
Q7ifzwmoxgozplqq8sv5n99u9Q,learn_relquest,0.0,"[1, 3]",12.0,1.966,1,1.0,113,first
Q7ifzwmoxgozplqq8sv5n99u9Q,learn_relquest,0.0,"[2, 3]",13.0,2.398,1,1.0,114,first
Q7ifzwmoxgozplqq8sv5n99u9Q,learn_relquest,1.0,"[2, 6]",14.0,2.062,0,1.0,115,first
Q7ifzwmoxgozplqq8sv5n99u9Q,learn_relquest,1.0,"[7, 1]",15.0,1.337,0,1.0,116,first
Q7ifzwmoxgozplqq8sv5n99u9Q,learn_relquest,0.0,"[5, 7]",16.0,1.936,1,1.0,117,first
Q7ifzwmoxgozplqq8sv5n99u9Q,learn_relquest,1.0,"[5, 3]",17.0,2.145,0,1.0,118,first
Q7ifzwmoxgozplqq8sv5n99u9Q,learn_relquest,0.0,"[0, 2]",18.0,1.527,0,0.0,119,first
Q7ifzwmoxgozplqq8sv5n99u9Q,learn_relquest,0.0,"[0, 3]",19.0,2.666,1,1.0,120,first
Q7ifzwmoxgozplqq8sv5n99u9Q,learn_relquest,0.0,"[7, 5]",20.0,1.797,1,1.0,121,first
Q7ifzwmoxgozplqq8sv5n99u9Q,learn_relquest,0.0,"[3, 1]",21.0,2.747,0,0.0,122,first
Q7ifzwmoxgozplqq8sv5n99u9Q,learn_relquest,1.0,"[3, 5]",22.0,1.099,0,1.0,123,first
Q7ifzwmoxgozplqq8sv5n99u9Q,learn_relquest,0.0,"[2, 4]",23.0,36.819,0,0.0,124,first
Q7ifzwmoxgozplqq8sv5n99u9Q,learn_relquest,1.0,"[6, 2]",24.0,14.136,0,1.0,125,first
Q7ifzwmoxgozplqq8sv5n99u9Q,learn_relquest,1.0,"[7, 0]",25.0,1.323,0,1.0,126,first
Q7ifzwmoxgozplqq8sv5n99u9Q,learn_relquest,1.0,"[6, 5]",26.0,1.616,1,0.0,127,first
Q7ifzwmoxgozplqq8sv5n99u9Q,learn_relquest,1.0,"[5, 6]",27.0,4.232,1,0.0,128,first
Q7ifzwmoxgozplqq8sv5n99u9Q,learn_relquest,0.0,"[0, 6]",0.0,3.332,0,0.0,217,second
Q7ifzwmoxgozplqq8sv5n99u9Q,learn_relquest,1.0,"[2, 6]",1.0,1.398,0,1.0,218,second
Q7ifzwmoxgozplqq8sv5n99u9Q,learn_relquest,1.0,"[1, 7]",2.0,1.089,0,1.0,219,second
Q7ifzwmoxgozplqq8sv5n99u9Q,learn_relquest,1.0,"[6, 2]",3.0,1.129,0,1.0,220,second
Q7ifzwmoxgozplqq8sv5n99u9Q,learn_relquest,1.0,"[1, 4]",4.0,5.491,0,1.0,221,second
Q7ifzwmoxgozplqq8sv5n99u9Q,learn_relquest,0.0,"[4, 2]",5.0,2.399,1,1.0,222,second
Q7ifzwmoxgozplqq8sv5n99u9Q,learn_relquest,1.0,"[4, 1]",6.0,1.864,0,1.0,223,second
Q7ifzwmoxgozplqq8sv5n99u9Q,learn_relquest,1.0,"[7, 6]",7.0,1.537,0,1.0,224,second
Q7ifzwmoxgozplqq8sv5n99u9Q,learn_relquest,1.0,"[5, 3]",8.0,1.143,0,1.0,225,second
Q7ifzwmoxgozplqq8sv5n99u9Q,learn_relquest,1.0,"[0, 7]",9.0,1.332,0,1.0,226,second
Q7ifzwmoxgozplqq8sv5n99u9Q,learn_relquest,0.0,"[5, 0]",10.0,3.366,1,1.0,227,second
Q7ifzwmoxgozplqq8sv5n99u9Q,learn_relquest,1.0,"[6, 5]",11.0,1.551,0,1.0,228,second
Q7ifzwmoxgozplqq8sv5n99u9Q,learn_relquest,0.0,"[6, 0]",12.0,3.263,1,1.0,229,second
Q7ifzwmoxgozplqq8sv5n99u9Q,learn_relquest,1.0,"[6, 7]",13.0,1.297,0,1.0,230,second
Q7ifzwmoxgozplqq8sv5n99u9Q,learn_relquest,0.0,"[3, 6]",14.0,1.648,1,1.0,231,second
Q7ifzwmoxgozplqq8sv5n99u9Q,learn_relquest,0.0,"[4, 0]",15.0,1.758,1,1.0,232,second
Q7ifzwmoxgozplqq8sv5n99u9Q,learn_relquest,1.0,"[7, 1]",16.0,1.64,0,1.0,233,second
Q7ifzwmoxgozplqq8sv5n99u9Q,learn_relquest,0.0,"[3, 2]",17.0,3.015,1,1.0,234,second
Q7ifzwmoxgozplqq8sv5n99u9Q,learn_relquest,0.0,"[5, 4]",18.0,2.764,1,1.0,235,second
Q7ifzwmoxgozplqq8sv5n99u9Q,learn_relquest,0.0,"[2, 4]",19.0,2.598,1,1.0,236,second
Q7ifzwmoxgozplqq8sv5n99u9Q,learn_relquest,0.0,"[3, 0]",20.0,1.482,1,1.0,237,second
Q7ifzwmoxgozplqq8sv5n99u9Q,learn_relquest,1.0,"[7, 0]",21.0,2.184,1,0.0,238,second
Q7ifzwmoxgozplqq8sv5n99u9Q,learn_relquest,0.0,"[2, 1]",22.0,2.03,1,1.0,239,second
Q7ifzwmoxgozplqq8sv5n99u9Q,learn_relquest,1.0,"[5, 6]",23.0,1.505,0,1.0,240,second
Q7ifzwmoxgozplqq8sv5n99u9Q,learn_relquest,0.0,"[0, 5]",24.0,1.877,1,1.0,241,second
Q7ifzwmoxgozplqq8sv5n99u9Q,learn_relquest,1.0,"[3, 5]",25.0,4.471,0,1.0,242,second
Q7ifzwmoxgozplqq8sv5n99u9Q,learn_relquest,0.0,"[2, 5]",26.0,5.74,1,1.0,243,second
Q7ifzwmoxgozplqq8sv5n99u9Q,learn_relquest,0.0,"[3, 7]",27.0,2.618,1,1.0,244,second
Q7ifzwmoxgozplqq8sv5n99u9Q,learn_relquest,1.0,"[5, 6]",0.0,3.565,0,1.0,331,third
Q7ifzwmoxgozplqq8sv5n99u9Q,learn_relquest,1.0,"[6, 5]",1.0,2.504,0,1.0,332,third
Q7ifzwmoxgozplqq8sv5n99u9Q,learn_relquest,0.0,"[5, 1]",2.0,5.592,1,1.0,333,third
Q7ifzwmoxgozplqq8sv5n99u9Q,learn_relquest,0.0,"[6, 1]",3.0,1.967,1,1.0,334,third
Q7ifzwmoxgozplqq8sv5n99u9Q,learn_relquest,0.0,"[4, 3]",4.0,1.864,1,1.0,335,third
Q7ifzwmoxgozplqq8sv5n99u9Q,learn_relquest,0.0,"[4, 6]",5.0,2.43,1,1.0,336,third
Q7ifzwmoxgozplqq8sv5n99u9Q,learn_relquest,0.0,"[2, 0]",6.0,3.982,1,1.0,337,third
Q7ifzwmoxgozplqq8sv5n99u9Q,learn_relquest,0.0,"[5, 0]",7.0,2.818,1,1.0,338,third
Q7ifzwmoxgozplqq8sv5n99u9Q,learn_relquest,0.0,"[0, 2]",8.0,11.156,1,1.0,339,third
Q7ifzwmoxgozplqq8sv5n99u9Q,learn_relquest,1.0,"[1, 7]",9.0,1.615,0,1.0,340,third
Q7ifzwmoxgozplqq8sv5n99u9Q,learn_relquest,1.0,"[7, 0]",10.0,2.003,0,1.0,341,third
Q7ifzwmoxgozplqq8sv5n99u9Q,learn_relquest,0.0,"[4, 5]",11.0,16.334,1,1.0,342,third
Q7ifzwmoxgozplqq8sv5n99u9Q,learn_relquest,1.0,"[7, 6]",12.0,1.33,0,1.0,343,third
Q7ifzwmoxgozplqq8sv5n99u9Q,learn_relquest,0.0,"[3, 2]",13.0,2.615,1,1.0,344,third
Q7ifzwmoxgozplqq8sv5n99u9Q,learn_relquest,0.0,"[3, 0]",14.0,3.265,1,1.0,345,third
Q7ifzwmoxgozplqq8sv5n99u9Q,learn_relquest,1.0,"[4, 1]",15.0,4.231,0,1.0,346,third
Q7ifzwmoxgozplqq8sv5n99u9Q,learn_relquest,1.0,"[6, 7]",16.0,1.014,0,1.0,347,third
Q7ifzwmoxgozplqq8sv5n99u9Q,learn_relquest,1.0,"[5, 3]",17.0,2.623,0,1.0,348,third
Q7ifzwmoxgozplqq8sv5n99u9Q,learn_relquest,0.0,"[1, 2]",18.0,2.543,1,1.0,349,third
Q7ifzwmoxgozplqq8sv5n99u9Q,learn_relquest,1.0,"[0, 7]",19.0,4.378,0,1.0,350,third
Q7ifzwmoxgozplqq8sv5n99u9Q,learn_relquest,0.0,"[0, 3]",20.0,3.95,1,1.0,351,third
Q7ifzwmoxgozplqq8sv5n99u9Q,learn_relquest,1.0,"[7, 1]",21.0,2.313,0,1.0,352,third
Q7ifzwmoxgozplqq8sv5n99u9Q,learn_relquest,1.0,"[1, 4]",22.0,7.39,0,1.0,353,third
Q7ifzwmoxgozplqq8sv5n99u9Q,learn_relquest,1.0,"[6, 2]",23.0,4.908,0,1.0,354,third
Q7ifzwmoxgozplqq8sv5n99u9Q,learn_relquest,0.0,"[7, 5]",24.0,2.48,1,1.0,355,third
Q7ifzwmoxgozplqq8sv5n99u9Q,learn_relquest,1.0,"[2, 6]",25.0,1.92,0,1.0,356,third
Q7ifzwmoxgozplqq8sv5n99u9Q,learn_relquest,0.0,"[5, 4]",26.0,3.728,1,1.0,357,third
Q7ifzwmoxgozplqq8sv5n99u9Q,learn_relquest,1.0,"[3, 5]",27.0,1.733,0,1.0,358,third
Q7ifzwmoxgozplqq8sv5n99u9Q,learn_relquest,0.0,"[7, 3]",0.0,2.965,1,1.0,445,fourth
Q7ifzwmoxgozplqq8sv5n99u9Q,learn_relquest,1.0,"[6, 2]",1.0,1.732,0,1.0,446,fourth
Q7ifzwmoxgozplqq8sv5n99u9Q,learn_relquest,0.0,"[4, 3]",2.0,2.761,1,1.0,447,fourth
Q7ifzwmoxgozplqq8sv5n99u9Q,learn_relquest,1.0,"[4, 1]",3.0,0.218,1,0.0,448,fourth
Q7ifzwmoxgozplqq8sv5n99u9Q,learn_relquest,0.0,"[3, 4]",4.0,2.531,1,1.0,449,fourth
Q7ifzwmoxgozplqq8sv5n99u9Q,learn_relquest,0.0,"[1, 2]",5.0,5.146,1,1.0,450,fourth
Q7ifzwmoxgozplqq8sv5n99u9Q,learn_relquest,1.0,"[5, 3]",6.0,1.201,0,1.0,451,fourth
Q7ifzwmoxgozplqq8sv5n99u9Q,learn_relquest,1.0,"[7, 6]",7.0,1.181,0,1.0,452,fourth
Q7ifzwmoxgozplqq8sv5n99u9Q,learn_relquest,0.0,"[5, 2]",8.0,2.816,1,1.0,453,fourth
Q7ifzwmoxgozplqq8sv5n99u9Q,learn_relquest,0.0,"[0, 4]",9.0,1.447,1,1.0,454,fourth
Q7ifzwmoxgozplqq8sv5n99u9Q,learn_relquest,1.0,"[6, 7]",10.0,1.24,0,1.0,455,fourth
Q7ifzwmoxgozplqq8sv5n99u9Q,learn_relquest,0.0,"[2, 0]",11.0,2.34,1,1.0,456,fourth
Q7ifzwmoxgozplqq8sv5n99u9Q,learn_relquest,1.0,"[5, 6]",12.0,1.682,0,1.0,457,fourth
Q7ifzwmoxgozplqq8sv5n99u9Q,learn_relquest,1.0,"[6, 5]",13.0,1.09,0,1.0,458,fourth
Q7ifzwmoxgozplqq8sv5n99u9Q,learn_relquest,0.0,"[6, 0]",14.0,1.672,1,1.0,459,fourth
Q7ifzwmoxgozplqq8sv5n99u9Q,learn_relquest,1.0,"[1, 7]",15.0,1.583,0,1.0,460,fourth
Q7ifzwmoxgozplqq8sv5n99u9Q,learn_relquest,0.0,"[3, 7]",16.0,3.649,1,1.0,461,fourth
Q7ifzwmoxgozplqq8sv5n99u9Q,learn_relquest,1.0,"[3, 5]",17.0,1.465,0,1.0,462,fourth
Q7ifzwmoxgozplqq8sv5n99u9Q,learn_relquest,0.0,"[6, 1]",18.0,1.73,1,1.0,463,fourth
Q7ifzwmoxgozplqq8sv5n99u9Q,learn_relquest,1.0,"[0, 7]",19.0,3.355,0,1.0,464,fourth
Q7ifzwmoxgozplqq8sv5n99u9Q,learn_relquest,1.0,"[7, 0]",20.0,0.876,0,1.0,465,fourth
Q7ifzwmoxgozplqq8sv5n99u9Q,learn_relquest,0.0,"[2, 5]",21.0,3.666,1,1.0,466,fourth
Q7ifzwmoxgozplqq8sv5n99u9Q,learn_relquest,1.0,"[1, 4]",22.0,2.621,0,1.0,467,fourth
Q7ifzwmoxgozplqq8sv5n99u9Q,learn_relquest,0.0,"[5, 7]",23.0,4.757,1,1.0,468,fourth
Q7ifzwmoxgozplqq8sv5n99u9Q,learn_relquest,0.0,"[4, 0]",24.0,2.933,1,1.0,469,fourth
Q7ifzwmoxgozplqq8sv5n99u9Q,learn_relquest,1.0,"[7, 1]",25.0,1.414,0,1.0,470,fourth
Q7ifzwmoxgozplqq8sv5n99u9Q,learn_relquest,1.0,"[2, 6]",26.0,1.981,0,1.0,471,fourth
Q7ifzwmoxgozplqq8sv5n99u9Q,learn_relquest,0.0,"[7, 5]",27.0,2.0,1,1.0,472,fourth
Q7ifzwmoxgozplqq8sv5n99u9Q,learn_relquest,0.0,"[2, 7]",0.0,3.735,1,1.0,559,fifth
Q7ifzwmoxgozplqq8sv5n99u9Q,learn_relquest,0.0,"[5, 4]",1.0,1.78,1,1.0,560,fifth
Q7ifzwmoxgozplqq8sv5n99u9Q,learn_relquest,0.0,"[7, 3]",2.0,1.698,1,1.0,561,fifth
Q7ifzwmoxgozplqq8sv5n99u9Q,learn_relquest,1.0,"[0, 7]",3.0,2.531,0,1.0,562,fifth
Q7ifzwmoxgozplqq8sv5n99u9Q,learn_relquest,1.0,"[3, 5]",4.0,1.25,0,1.0,563,fifth
Q7ifzwmoxgozplqq8sv5n99u9Q,learn_relquest,0.0,"[3, 7]",5.0,1.528,1,1.0,564,fifth
Q7ifzwmoxgozplqq8sv5n99u9Q,learn_relquest,0.0,"[6, 3]",6.0,2.402,1,1.0,565,fifth
Q7ifzwmoxgozplqq8sv5n99u9Q,learn_relquest,0.0,"[5, 2]",7.0,4.047,1,1.0,566,fifth
Q7ifzwmoxgozplqq8sv5n99u9Q,learn_relquest,1.0,"[5, 3]",8.0,1.282,0,1.0,567,fifth
Q7ifzwmoxgozplqq8sv5n99u9Q,learn_relquest,0.0,"[1, 6]",9.0,3.473,1,1.0,568,fifth
Q7ifzwmoxgozplqq8sv5n99u9Q,learn_relquest,0.0,"[0, 1]",10.0,5.093,1,1.0,569,fifth
Q7ifzwmoxgozplqq8sv5n99u9Q,learn_relquest,1.0,"[4, 1]",11.0,1.378,0,1.0,570,fifth
Q7ifzwmoxgozplqq8sv5n99u9Q,learn_relquest,1.0,"[5, 6]",12.0,1.45,0,1.0,571,fifth
Q7ifzwmoxgozplqq8sv5n99u9Q,learn_relquest,0.0,"[3, 1]",13.0,1.647,1,1.0,572,fifth
Q7ifzwmoxgozplqq8sv5n99u9Q,learn_relquest,1.0,"[7, 6]",14.0,1.249,0,1.0,573,fifth
Q7ifzwmoxgozplqq8sv5n99u9Q,learn_relquest,0.0,"[2, 3]",15.0,2.484,1,1.0,574,fifth
Q7ifzwmoxgozplqq8sv5n99u9Q,learn_relquest,0.0,"[6, 0]",16.0,2.0,1,1.0,575,fifth
Q7ifzwmoxgozplqq8sv5n99u9Q,learn_relquest,1.0,"[1, 7]",17.0,2.065,0,1.0,576,fifth
Q7ifzwmoxgozplqq8sv5n99u9Q,learn_relquest,0.0,"[3, 6]",18.0,1.31,0,0.0,577,fifth
Q7ifzwmoxgozplqq8sv5n99u9Q,learn_relquest,1.0,"[6, 2]",19.0,2.099,1,0.0,578,fifth
Q7ifzwmoxgozplqq8sv5n99u9Q,learn_relquest,1.0,"[6, 7]",20.0,1.165,0,1.0,579,fifth
Q7ifzwmoxgozplqq8sv5n99u9Q,learn_relquest,1.0,"[2, 6]",21.0,1.49,1,0.0,580,fifth
Q7ifzwmoxgozplqq8sv5n99u9Q,learn_relquest,1.0,"[7, 0]",22.0,1.513,0,1.0,581,fifth
Q7ifzwmoxgozplqq8sv5n99u9Q,learn_relquest,1.0,"[7, 1]",23.0,4.406,0,1.0,582,fifth
Q7ifzwmoxgozplqq8sv5n99u9Q,learn_relquest,1.0,"[1, 4]",24.0,3.114,0,1.0,583,fifth
Q7ifzwmoxgozplqq8sv5n99u9Q,learn_relquest,1.0,"[6, 5]",25.0,1.583,0,1.0,584,fifth
Q7ifzwmoxgozplqq8sv5n99u9Q,learn_relquest,0.0,"[2, 4]",26.0,2.565,1,1.0,585,fifth
Q7ifzwmoxgozplqq8sv5n99u9Q,learn_relquest,0.0,"[7, 2]",27.0,2.482,1,1.0,586,fifth
Qbytety2dn729v4xanc1scjolQ,learn_relquest,0.0,"[3, 0]",0.0,4.848,0,0.0,101,first
Qbytety2dn729v4xanc1scjolQ,learn_relquest,1.0,"[7, 1]",1.0,1.85,0,1.0,102,first
Qbytety2dn729v4xanc1scjolQ,learn_relquest,1.0,"[2, 6]",2.0,2.3,0,1.0,103,first
Qbytety2dn729v4xanc1scjolQ,learn_relquest,1.0,"[5, 6]",3.0,1.688,0,1.0,104,first
Qbytety2dn729v4xanc1scjolQ,learn_relquest,0.0,"[7, 2]",4.0,1.77,1,1.0,105,first
Qbytety2dn729v4xanc1scjolQ,learn_relquest,0.0,"[7, 3]",5.0,1.67,1,1.0,106,first
Qbytety2dn729v4xanc1scjolQ,learn_relquest,1.0,"[6, 7]",6.0,1.928,0,1.0,107,first
Qbytety2dn729v4xanc1scjolQ,learn_relquest,0.0,"[1, 5]",7.0,1.21,0,0.0,108,first
Qbytety2dn729v4xanc1scjolQ,learn_relquest,0.0,"[2, 4]",8.0,1.398,1,1.0,109,first
Qbytety2dn729v4xanc1scjolQ,learn_relquest,0.0,"[4, 6]",9.0,1.793,1,1.0,110,first
Qbytety2dn729v4xanc1scjolQ,learn_relquest,1.0,"[7, 6]",10.0,2.112,0,1.0,111,first
Qbytety2dn729v4xanc1scjolQ,learn_relquest,1.0,"[3, 5]",11.0,1.578,0,1.0,112,first
Qbytety2dn729v4xanc1scjolQ,learn_relquest,1.0,"[7, 0]",12.0,2.044,0,1.0,113,first
Qbytety2dn729v4xanc1scjolQ,learn_relquest,0.0,"[4, 2]",13.0,1.377,1,1.0,114,first
Qbytety2dn729v4xanc1scjolQ,learn_relquest,1.0,"[1, 4]",14.0,2.149,1,0.0,115,first
Qbytety2dn729v4xanc1scjolQ,learn_relquest,1.0,"[6, 5]",15.0,1.822,0,1.0,116,first
Qbytety2dn729v4xanc1scjolQ,learn_relquest,0.0,"[1, 6]",16.0,2.493,1,1.0,117,first
Qbytety2dn729v4xanc1scjolQ,learn_relquest,0.0,"[5, 0]",17.0,3.09,0,0.0,118,first
Qbytety2dn729v4xanc1scjolQ,learn_relquest,0.0,"[2, 1]",18.0,2.666,0,0.0,119,first
Qbytety2dn729v4xanc1scjolQ,learn_relquest,1.0,"[5, 3]",19.0,2.17,0,1.0,120,first
Qbytety2dn729v4xanc1scjolQ,learn_relquest,1.0,"[0, 7]",20.0,1.266,0,1.0,121,first
Qbytety2dn729v4xanc1scjolQ,learn_relquest,0.0,"[3, 6]",21.0,1.518,0,0.0,122,first
Qbytety2dn729v4xanc1scjolQ,learn_relquest,0.0,"[6, 3]",22.0,1.086,0,0.0,123,first
Qbytety2dn729v4xanc1scjolQ,learn_relquest,0.0,"[4, 3]",23.0,1.299,1,1.0,124,first
Qbytety2dn729v4xanc1scjolQ,learn_relquest,1.0,"[1, 7]",24.0,1.614,0,1.0,125,first
Qbytety2dn729v4xanc1scjolQ,learn_relquest,1.0,"[4, 1]",25.0,1.25,1,0.0,126,first
Qbytety2dn729v4xanc1scjolQ,learn_relquest,1.0,"[6, 2]",26.0,2.494,0,1.0,127,first
Qbytety2dn729v4xanc1scjolQ,learn_relquest,0.0,"[3, 2]",27.0,1.274,0,0.0,128,first
Qbytety2dn729v4xanc1scjolQ,learn_relquest,0.0,"[6, 3]",0.0,2.868,0,0.0,217,second
Qbytety2dn729v4xanc1scjolQ,learn_relquest,1.0,"[3, 5]",1.0,1.54,0,1.0,218,second
Qbytety2dn729v4xanc1scjolQ,learn_relquest,0.0,"[4, 6]",2.0,1.378,0,0.0,219,second
Qbytety2dn729v4xanc1scjolQ,learn_relquest,0.0,"[0, 4]",3.0,1.845,0,0.0,220,second
Qbytety2dn729v4xanc1scjolQ,learn_relquest,0.0,"[2, 0]",4.0,2.213,0,0.0,221,second
Qbytety2dn729v4xanc1scjolQ,learn_relquest,1.0,"[6, 7]",5.0,0.658,0,1.0,222,second
Qbytety2dn729v4xanc1scjolQ,learn_relquest,0.0,"[6, 0]",6.0,0.875,0,0.0,223,second
Qbytety2dn729v4xanc1scjolQ,learn_relquest,1.0,"[7, 6]",7.0,0.982,0,1.0,224,second
Qbytety2dn729v4xanc1scjolQ,learn_relquest,1.0,"[2, 6]",8.0,0.676,0,1.0,225,second
Qbytety2dn729v4xanc1scjolQ,learn_relquest,0.0,"[2, 7]",9.0,3.27,1,1.0,226,second
Qbytety2dn729v4xanc1scjolQ,learn_relquest,1.0,"[5, 3]",10.0,1.399,0,1.0,227,second
Qbytety2dn729v4xanc1scjolQ,learn_relquest,1.0,"[1, 4]",11.0,1.382,0,1.0,228,second
Qbytety2dn729v4xanc1scjolQ,learn_relquest,1.0,"[5, 6]",12.0,1.342,1,0.0,229,second
Qbytety2dn729v4xanc1scjolQ,learn_relquest,0.0,"[7, 5]",13.0,1.56,0,0.0,230,second
Qbytety2dn729v4xanc1scjolQ,learn_relquest,0.0,"[5, 0]",14.0,0.78,0,0.0,231,second
Qbytety2dn729v4xanc1scjolQ,learn_relquest,0.0,"[1, 5]",15.0,0.992,0,0.0,232,second
Qbytety2dn729v4xanc1scjolQ,learn_relquest,0.0,"[1, 3]",16.0,0.896,1,1.0,233,second
Qbytety2dn729v4xanc1scjolQ,learn_relquest,1.0,"[1, 7]",17.0,1.09,0,1.0,234,second
Qbytety2dn729v4xanc1scjolQ,learn_relquest,0.0,"[4, 2]",18.0,0.518,0,0.0,235,second
Qbytety2dn729v4xanc1scjolQ,learn_relquest,1.0,"[6, 2]",19.0,0.45,0,1.0,236,second
Qbytety2dn729v4xanc1scjolQ,learn_relquest,1.0,"[4, 1]",20.0,2.03,0,1.0,237,second
Qbytety2dn729v4xanc1scjolQ,learn_relquest,1.0,"[7, 1]",21.0,0.774,0,1.0,238,second
Qbytety2dn729v4xanc1scjolQ,learn_relquest,0.0,"[3, 4]",22.0,1.502,0,0.0,239,second
Qbytety2dn729v4xanc1scjolQ,learn_relquest,1.0,"[6, 5]",23.0,0.6,0,1.0,240,second
Qbytety2dn729v4xanc1scjolQ,learn_relquest,1.0,"[7, 0]",24.0,0.784,0,1.0,241,second
Qbytety2dn729v4xanc1scjolQ,learn_relquest,0.0,"[5, 4]",25.0,1.008,0,0.0,242,second
Qbytety2dn729v4xanc1scjolQ,learn_relquest,1.0,"[0, 7]",26.0,1.216,1,0.0,243,second
Qbytety2dn729v4xanc1scjolQ,learn_relquest,0.0,"[4, 0]",27.0,1.118,0,0.0,244,second
Qbytety2dn729v4xanc1scjolQ,learn_relquest,0.0,"[1, 3]",0.0,2.984,0,0.0,331,third
Qbytety2dn729v4xanc1scjolQ,learn_relquest,0.0,"[5, 0]",1.0,3.401,1,1.0,332,third
Qbytety2dn729v4xanc1scjolQ,learn_relquest,0.0,"[0, 6]",2.0,1.707,0,0.0,333,third
Qbytety2dn729v4xanc1scjolQ,learn_relquest,1.0,"[7, 0]",3.0,2.473,0,1.0,334,third
Qbytety2dn729v4xanc1scjolQ,learn_relquest,0.0,"[2, 1]",4.0,0.968,0,0.0,335,third
Qbytety2dn729v4xanc1scjolQ,learn_relquest,0.0,"[2, 4]",5.0,0.768,0,0.0,336,third
Qbytety2dn729v4xanc1scjolQ,learn_relquest,1.0,"[6, 5]",6.0,2.594,1,0.0,337,third
Qbytety2dn729v4xanc1scjolQ,learn_relquest,1.0,"[5, 6]",7.0,1.088,0,1.0,338,third
Qbytety2dn729v4xanc1scjolQ,learn_relquest,1.0,"[3, 5]",8.0,1.957,0,1.0,339,third
Qbytety2dn729v4xanc1scjolQ,learn_relquest,1.0,"[6, 2]",9.0,2.056,0,1.0,340,third
Qbytety2dn729v4xanc1scjolQ,learn_relquest,1.0,"[6, 7]",10.0,3.024,0,1.0,341,third
Qbytety2dn729v4xanc1scjolQ,learn_relquest,1.0,"[4, 1]",11.0,1.116,0,1.0,342,third
Qbytety2dn729v4xanc1scjolQ,learn_relquest,1.0,"[1, 7]",12.0,2.426,0,1.0,343,third
Qbytety2dn729v4xanc1scjolQ,learn_relquest,0.0,"[7, 5]",13.0,2.858,1,1.0,344,third
Qbytety2dn729v4xanc1scjolQ,learn_relquest,0.0,"[0, 3]",14.0,1.081,0,0.0,345,third
Qbytety2dn729v4xanc1scjolQ,learn_relquest,1.0,"[7, 1]",15.0,1.079,1,0.0,346,third
Qbytety2dn729v4xanc1scjolQ,learn_relquest,1.0,"[5, 3]",16.0,0.723,0,1.0,347,third
Qbytety2dn729v4xanc1scjolQ,learn_relquest,1.0,"[2, 6]",17.0,0.77,0,1.0,348,third
Qbytety2dn729v4xanc1scjolQ,learn_relquest,0.0,"[7, 2]",18.0,0.484,0,0.0,349,third
Qbytety2dn729v4xanc1scjolQ,learn_relquest,0.0,"[0, 2]",19.0,0.803,0,0.0,350,third
Qbytety2dn729v4xanc1scjolQ,learn_relquest,0.0,"[0, 5]",20.0,0.699,0,0.0,351,third
Qbytety2dn729v4xanc1scjolQ,learn_relquest,0.0,"[3, 1]",21.0,2.321,0,0.0,352,third
Qbytety2dn729v4xanc1scjolQ,learn_relquest,1.0,"[7, 6]",22.0,1.126,0,1.0,353,third
Qbytety2dn729v4xanc1scjolQ,learn_relquest,1.0,"[0, 7]",23.0,1.784,1,0.0,354,third
Qbytety2dn729v4xanc1scjolQ,learn_relquest,0.0,"[2, 3]",24.0,0.874,0,0.0,355,third
Qbytety2dn729v4xanc1scjolQ,learn_relquest,1.0,"[1, 4]",25.0,1.026,0,1.0,356,third
Qbytety2dn729v4xanc1scjolQ,learn_relquest,0.0,"[3, 4]",26.0,0.744,1,1.0,357,third
Qbytety2dn729v4xanc1scjolQ,learn_relquest,0.0,"[4, 0]",27.0,0.808,0,0.0,358,third
Qbytety2dn729v4xanc1scjolQ,learn_relquest,1.0,"[6, 2]",0.0,5.602,0,1.0,445,fourth
Qbytety2dn729v4xanc1scjolQ,learn_relquest,1.0,"[0, 7]",1.0,4.129,0,1.0,446,fourth
Qbytety2dn729v4xanc1scjolQ,learn_relquest,1.0,"[1, 4]",2.0,5.655,1,0.0,447,fourth
Qbytety2dn729v4xanc1scjolQ,learn_relquest,0.0,"[5, 2]",3.0,13.407,1,1.0,448,fourth
Qbytety2dn729v4xanc1scjolQ,learn_relquest,0.0,"[3, 1]",4.0,6.968,1,1.0,449,fourth
Qbytety2dn729v4xanc1scjolQ,learn_relquest,0.0,"[5, 1]",5.0,10.254,0,0.0,450,fourth
Qbytety2dn729v4xanc1scjolQ,learn_relquest,0.0,"[6, 0]",6.0,13.373,1,1.0,451,fourth
Qbytety2dn729v4xanc1scjolQ,learn_relquest,0.0,"[2, 1]",7.0,4.542,0,0.0,452,fourth
Qbytety2dn729v4xanc1scjolQ,learn_relquest,1.0,"[7, 6]",8.0,5.63,0,1.0,453,fourth
Qbytety2dn729v4xanc1scjolQ,learn_relquest,1.0,"[6, 7]",9.0,5.884,0,1.0,454,fourth
Qbytety2dn729v4xanc1scjolQ,learn_relquest,1.0,"[5, 6]",10.0,2.9,0,1.0,455,fourth
Qbytety2dn729v4xanc1scjolQ,learn_relquest,1.0,"[1, 7]",11.0,3.642,0,1.0,456,fourth
Qbytety2dn729v4xanc1scjolQ,learn_relquest,0.0,"[2, 0]",12.0,17.017,1,1.0,457,fourth
Qbytety2dn729v4xanc1scjolQ,learn_relquest,0.0,"[6, 4]",13.0,8.066,1,1.0,458,fourth
Qbytety2dn729v4xanc1scjolQ,learn_relquest,0.0,"[0, 2]",14.0,10.545,1,1.0,459,fourth
Qbytety2dn729v4xanc1scjolQ,learn_relquest,0.0,"[7, 4]",15.0,5.157,1,1.0,460,fourth
Qbytety2dn729v4xanc1scjolQ,learn_relquest,1.0,"[3, 5]",16.0,5.516,0,1.0,461,fourth
Qbytety2dn729v4xanc1scjolQ,learn_relquest,0.0,"[3, 7]",17.0,5.62,1,1.0,462,fourth
Qbytety2dn729v4xanc1scjolQ,learn_relquest,0.0,"[1, 0]",18.0,6.669,1,1.0,463,fourth
Qbytety2dn729v4xanc1scjolQ,learn_relquest,1.0,"[7, 1]",19.0,9.746,0,1.0,464,fourth
Qbytety2dn729v4xanc1scjolQ,learn_relquest,1.0,"[6, 5]",20.0,12.675,1,0.0,465,fourth
Qbytety2dn729v4xanc1scjolQ,learn_relquest,0.0,"[1, 5]",21.0,7.326,1,1.0,466,fourth
Qbytety2dn729v4xanc1scjolQ,learn_relquest,1.0,"[2, 6]",22.0,3.864,0,1.0,467,fourth
Qbytety2dn729v4xanc1scjolQ,learn_relquest,1.0,"[5, 3]",23.0,3.359,0,1.0,468,fourth
Qbytety2dn729v4xanc1scjolQ,learn_relquest,1.0,"[4, 1]",24.0,4.937,0,1.0,469,fourth
Qbytety2dn729v4xanc1scjolQ,learn_relquest,1.0,"[7, 0]",25.0,6.94,0,1.0,470,fourth
Qbytety2dn729v4xanc1scjolQ,learn_relquest,0.0,"[0, 3]",26.0,5.734,1,1.0,471,fourth
Qbytety2dn729v4xanc1scjolQ,learn_relquest,0.0,"[4, 3]",27.0,5.837,1,1.0,472,fourth
Qbytety2dn729v4xanc1scjolQ,learn_relquest,1.0,"[7, 6]",0.0,9.954,0,1.0,559,fifth
Qbytety2dn729v4xanc1scjolQ,learn_relquest,1.0,"[7, 1]",1.0,7.364,0,1.0,560,fifth
Qbytety2dn729v4xanc1scjolQ,learn_relquest,0.0,"[3, 7]",2.0,21.36,1,1.0,561,fifth
Qbytety2dn729v4xanc1scjolQ,learn_relquest,0.0,"[0, 1]",3.0,9.504,1,1.0,562,fifth
Qbytety2dn729v4xanc1scjolQ,learn_relquest,0.0,"[7, 5]",4.0,3.121,0,0.0,563,fifth
Qbytety2dn729v4xanc1scjolQ,learn_relquest,0.0,"[1, 6]",5.0,8.516,1,1.0,564,fifth
Qbytety2dn729v4xanc1scjolQ,learn_relquest,1.0,"[5, 3]",6.0,6.683,0,1.0,565,fifth
Qbytety2dn729v4xanc1scjolQ,learn_relquest,0.0,"[5, 2]",7.0,17.05,1,1.0,566,fifth
Qbytety2dn729v4xanc1scjolQ,learn_relquest,0.0,"[4, 0]",8.0,8.458,1,1.0,567,fifth
Qbytety2dn729v4xanc1scjolQ,learn_relquest,0.0,"[3, 6]",9.0,9.489,1,1.0,568,fifth
Qbytety2dn729v4xanc1scjolQ,learn_relquest,1.0,"[4, 1]",10.0,3.912,0,1.0,569,fifth
Qbytety2dn729v4xanc1scjolQ,learn_relquest,0.0,"[3, 1]",11.0,9.544,1,1.0,570,fifth
Qbytety2dn729v4xanc1scjolQ,learn_relquest,1.0,"[0, 7]",12.0,3.288,0,1.0,571,fifth
Qbytety2dn729v4xanc1scjolQ,learn_relquest,1.0,"[5, 6]",13.0,7.292,0,1.0,572,fifth
Qbytety2dn729v4xanc1scjolQ,learn_relquest,1.0,"[2, 6]",14.0,5.28,0,1.0,573,fifth
Qbytety2dn729v4xanc1scjolQ,learn_relquest,1.0,"[7, 0]",15.0,3.057,0,1.0,574,fifth
Qbytety2dn729v4xanc1scjolQ,learn_relquest,1.0,"[6, 7]",16.0,10.186,0,1.0,575,fifth
Qbytety2dn729v4xanc1scjolQ,learn_relquest,0.0,"[7, 2]",17.0,20.136,1,1.0,576,fifth
Qbytety2dn729v4xanc1scjolQ,learn_relquest,0.0,"[6, 0]",18.0,12.23,1,1.0,577,fifth
Qbytety2dn729v4xanc1scjolQ,learn_relquest,1.0,"[6, 2]",19.0,4.389,0,1.0,578,fifth
Qbytety2dn729v4xanc1scjolQ,learn_relquest,1.0,"[1, 7]",20.0,4.628,0,1.0,579,fifth
Qbytety2dn729v4xanc1scjolQ,learn_relquest,1.0,"[6, 5]",21.0,6.721,0,1.0,580,fifth
Qbytety2dn729v4xanc1scjolQ,learn_relquest,0.0,"[6, 4]",22.0,9.019,1,1.0,581,fifth
Qbytety2dn729v4xanc1scjolQ,learn_relquest,0.0,"[5, 1]",23.0,9.519,1,1.0,582,fifth
Qbytety2dn729v4xanc1scjolQ,learn_relquest,1.0,"[3, 5]",24.0,2.826,0,1.0,583,fifth
Qbytety2dn729v4xanc1scjolQ,learn_relquest,1.0,"[1, 4]",25.0,4.401,0,1.0,584,fifth
Qbytety2dn729v4xanc1scjolQ,learn_relquest,0.0,"[0, 4]",26.0,8.274,1,1.0,585,fifth
Qbytety2dn729v4xanc1scjolQ,learn_relquest,0.0,"[3, 2]",27.0,8.358,1,1.0,586,fifth
Qawphyh0r69o2kpr39o49f7xnQ,learn_relquest,1.0,"[2, 6]",0.0,1.166,1,0.0,101,first
Qawphyh0r69o2kpr39o49f7xnQ,learn_relquest,0.0,"[5, 0]",1.0,0.805,0,0.0,102,first
Qawphyh0r69o2kpr39o49f7xnQ,learn_relquest,0.0,"[2, 1]",2.0,0.927,1,1.0,103,first
Qawphyh0r69o2kpr39o49f7xnQ,learn_relquest,0.0,"[6, 4]",3.0,0.615,0,0.0,104,first
Qawphyh0r69o2kpr39o49f7xnQ,learn_relquest,0.0,"[6, 3]",4.0,0.406,1,1.0,105,first
Qawphyh0r69o2kpr39o49f7xnQ,learn_relquest,1.0,"[3, 5]",5.0,0.487,0,1.0,106,first
Qawphyh0r69o2kpr39o49f7xnQ,learn_relquest,0.0,"[1, 0]",6.0,0.743,1,1.0,107,first
Qawphyh0r69o2kpr39o49f7xnQ,learn_relquest,1.0,"[7, 0]",7.0,0.247,0,1.0,108,first
Qawphyh0r69o2kpr39o49f7xnQ,learn_relquest,0.0,"[2, 5]",8.0,0.495,0,0.0,109,first
Qawphyh0r69o2kpr39o49f7xnQ,learn_relquest,1.0,"[5, 3]",9.0,0.431,0,1.0,110,first
Qawphyh0r69o2kpr39o49f7xnQ,learn_relquest,1.0,"[5, 6]",10.0,0.863,0,1.0,111,first
Qawphyh0r69o2kpr39o49f7xnQ,learn_relquest,0.0,"[5, 4]",11.0,0.415,1,1.0,112,first
Qawphyh0r69o2kpr39o49f7xnQ,learn_relquest,1.0,"[7, 6]",12.0,0.807,0,1.0,113,first
Qawphyh0r69o2kpr39o49f7xnQ,learn_relquest,0.0,"[4, 3]",13.0,0.663,1,1.0,114,first
Qawphyh0r69o2kpr39o49f7xnQ,learn_relquest,1.0,"[6, 2]",14.0,0.294,0,1.0,115,first
Qawphyh0r69o2kpr39o49f7xnQ,learn_relquest,0.0,"[0, 3]",15.0,0.566,0,0.0,116,first
Qawphyh0r69o2kpr39o49f7xnQ,learn_relquest,0.0,"[4, 5]",16.0,0.502,1,1.0,117,first
Qawphyh0r69o2kpr39o49f7xnQ,learn_relquest,0.0,"[0, 2]",17.0,0.471,0,0.0,118,first
Qawphyh0r69o2kpr39o49f7xnQ,learn_relquest,1.0,"[6, 5]",18.0,0.519,1,0.0,119,first
Qawphyh0r69o2kpr39o49f7xnQ,learn_relquest,1.0,"[7, 1]",19.0,0.521,0,1.0,120,first
Qawphyh0r69o2kpr39o49f7xnQ,learn_relquest,0.0,"[4, 0]",20.0,0.519,0,0.0,121,first
Qawphyh0r69o2kpr39o49f7xnQ,learn_relquest,1.0,"[1, 4]",21.0,0.422,0,1.0,122,first
Qawphyh0r69o2kpr39o49f7xnQ,learn_relquest,1.0,"[1, 7]",22.0,0.358,0,1.0,123,first
Qawphyh0r69o2kpr39o49f7xnQ,learn_relquest,0.0,"[2, 7]",23.0,1.127,1,1.0,124,first
Qawphyh0r69o2kpr39o49f7xnQ,learn_relquest,1.0,"[6, 7]",24.0,0.687,0,1.0,125,first
Qawphyh0r69o2kpr39o49f7xnQ,learn_relquest,1.0,"[0, 7]",25.0,0.526,1,0.0,126,first
Qawphyh0r69o2kpr39o49f7xnQ,learn_relquest,1.0,"[4, 1]",26.0,0.511,0,1.0,127,first
Qawphyh0r69o2kpr39o49f7xnQ,learn_relquest,0.0,"[0, 6]",27.0,0.623,1,1.0,128,first
Qawphyh0r69o2kpr39o49f7xnQ,learn_relquest,0.0,"[0, 5]",0.0,1.079,1,1.0,217,second
Qawphyh0r69o2kpr39o49f7xnQ,learn_relquest,0.0,"[2, 1]",1.0,0.543,1,1.0,218,second
Qawphyh0r69o2kpr39o49f7xnQ,learn_relquest,1.0,"[3, 5]",2.0,0.415,0,1.0,219,second
Qawphyh0r69o2kpr39o49f7xnQ,learn_relquest,0.0,"[4, 5]",3.0,0.59,0,0.0,220,second
Qawphyh0r69o2kpr39o49f7xnQ,learn_relquest,1.0,"[7, 6]",4.0,0.711,0,1.0,221,second
Qawphyh0r69o2kpr39o49f7xnQ,learn_relquest,1.0,"[6, 2]",5.0,0.482,1,0.0,222,second
Qawphyh0r69o2kpr39o49f7xnQ,learn_relquest,1.0,"[7, 0]",6.0,1.518,1,0.0,223,second
Qawphyh0r69o2kpr39o49f7xnQ,learn_relquest,0.0,"[7, 4]",7.0,0.767,0,0.0,224,second
Qawphyh0r69o2kpr39o49f7xnQ,learn_relquest,1.0,"[5, 6]",8.0,0.303,1,0.0,225,second
Qawphyh0r69o2kpr39o49f7xnQ,learn_relquest,1.0,"[7, 1]",9.0,0.301,0,1.0,226,second
Qawphyh0r69o2kpr39o49f7xnQ,learn_relquest,1.0,"[2, 6]",10.0,0.591,1,0.0,227,second
Qawphyh0r69o2kpr39o49f7xnQ,learn_relquest,0.0,"[5, 4]",11.0,0.399,0,0.0,228,second
Qawphyh0r69o2kpr39o49f7xnQ,learn_relquest,0.0,"[6, 4]",12.0,16.424,0,0.0,229,second
Qawphyh0r69o2kpr39o49f7xnQ,learn_relquest,0.0,"[0, 3]",13.0,0.726,0,0.0,230,second
Qawphyh0r69o2kpr39o49f7xnQ,learn_relquest,0.0,"[2, 5]",14.0,0.31,1,1.0,231,second
Qawphyh0r69o2kpr39o49f7xnQ,learn_relquest,1.0,"[1, 7]",15.0,0.319,0,1.0,232,second
Qawphyh0r69o2kpr39o49f7xnQ,learn_relquest,1.0,"[1, 4]",16.0,0.422,0,1.0,233,second
Qawphyh0r69o2kpr39o49f7xnQ,learn_relquest,0.0,"[4, 3]",17.0,0.334,1,1.0,234,second
Qawphyh0r69o2kpr39o49f7xnQ,learn_relquest,1.0,"[0, 7]",18.0,0.303,0,1.0,235,second
Qawphyh0r69o2kpr39o49f7xnQ,learn_relquest,1.0,"[6, 7]",19.0,0.287,1,0.0,236,second
Qawphyh0r69o2kpr39o49f7xnQ,learn_relquest,1.0,"[4, 1]",20.0,0.247,0,1.0,237,second
Qawphyh0r69o2kpr39o49f7xnQ,learn_relquest,0.0,"[1, 5]",21.0,0.51,1,1.0,238,second
Qawphyh0r69o2kpr39o49f7xnQ,learn_relquest,1.0,"[6, 5]",22.0,0.294,0,1.0,239,second
Qawphyh0r69o2kpr39o49f7xnQ,learn_relquest,1.0,"[5, 3]",23.0,0.591,0,1.0,240,second
Qawphyh0r69o2kpr39o49f7xnQ,learn_relquest,0.0,"[3, 0]",24.0,0.615,1,1.0,241,second
Qawphyh0r69o2kpr39o49f7xnQ,learn_relquest,0.0,"[6, 0]",25.0,0.151,1,1.0,242,second
Qawphyh0r69o2kpr39o49f7xnQ,learn_relquest,0.0,"[7, 2]",26.0,0.398,0,0.0,243,second
Qawphyh0r69o2kpr39o49f7xnQ,learn_relquest,0.0,"[0, 2]",27.0,0.318,1,1.0,244,second
Qawphyh0r69o2kpr39o49f7xnQ,learn_relquest,0.0,"[1, 5]",0.0,0.766,0,0.0,331,third
Qawphyh0r69o2kpr39o49f7xnQ,learn_relquest,1.0,"[2, 6]",1.0,0.655,1,0.0,332,third
Qawphyh0r69o2kpr39o49f7xnQ,learn_relquest,0.0,"[4, 7]",2.0,0.511,0,0.0,333,third
Qawphyh0r69o2kpr39o49f7xnQ,learn_relquest,1.0,"[7, 6]",3.0,0.671,0,1.0,334,third
Qawphyh0r69o2kpr39o49f7xnQ,learn_relquest,0.0,"[4, 0]",4.0,0.43,1,1.0,335,third
Qawphyh0r69o2kpr39o49f7xnQ,learn_relquest,0.0,"[6, 4]",5.0,0.719,0,0.0,336,third
Qawphyh0r69o2kpr39o49f7xnQ,learn_relquest,0.0,"[5, 2]",6.0,0.719,0,0.0,337,third
Qawphyh0r69o2kpr39o49f7xnQ,learn_relquest,1.0,"[5, 6]",7.0,0.414,1,0.0,338,third
Qawphyh0r69o2kpr39o49f7xnQ,learn_relquest,0.0,"[1, 3]",8.0,0.367,1,1.0,339,third
Qawphyh0r69o2kpr39o49f7xnQ,learn_relquest,0.0,"[7, 4]",9.0,0.711,0,0.0,340,third
Qawphyh0r69o2kpr39o49f7xnQ,learn_relquest,0.0,"[0, 4]",10.0,0.895,1,1.0,341,third
Qawphyh0r69o2kpr39o49f7xnQ,learn_relquest,1.0,"[3, 5]",11.0,0.391,0,1.0,342,third
Qawphyh0r69o2kpr39o49f7xnQ,learn_relquest,1.0,"[5, 3]",12.0,0.91,1,0.0,343,third
Qawphyh0r69o2kpr39o49f7xnQ,learn_relquest,0.0,"[2, 4]",13.0,0.551,0,0.0,344,third
Qawphyh0r69o2kpr39o49f7xnQ,learn_relquest,1.0,"[0, 7]",14.0,0.407,0,1.0,345,third
Qawphyh0r69o2kpr39o49f7xnQ,learn_relquest,0.0,"[2, 3]",15.0,0.398,0,0.0,346,third
Qawphyh0r69o2kpr39o49f7xnQ,learn_relquest,1.0,"[6, 5]",16.0,0.422,0,1.0,347,third
Qawphyh0r69o2kpr39o49f7xnQ,learn_relquest,1.0,"[4, 1]",17.0,0.663,0,1.0,348,third
Qawphyh0r69o2kpr39o49f7xnQ,learn_relquest,0.0,"[0, 5]",18.0,0.609,1,1.0,349,third
Qawphyh0r69o2kpr39o49f7xnQ,learn_relquest,0.0,"[3, 6]",19.0,0.598,0,0.0,350,third
Qawphyh0r69o2kpr39o49f7xnQ,learn_relquest,1.0,"[7, 1]",20.0,0.751,0,1.0,351,third
Qawphyh0r69o2kpr39o49f7xnQ,learn_relquest,1.0,"[1, 7]",21.0,0.622,0,1.0,352,third
Qawphyh0r69o2kpr39o49f7xnQ,learn_relquest,0.0,"[3, 2]",22.0,0.831,1,1.0,353,third
Qawphyh0r69o2kpr39o49f7xnQ,learn_relquest,1.0,"[6, 2]",23.0,0.902,1,0.0,354,third
Qawphyh0r69o2kpr39o49f7xnQ,learn_relquest,1.0,"[1, 4]",24.0,0.463,0,1.0,355,third
Qawphyh0r69o2kpr39o49f7xnQ,learn_relquest,1.0,"[6, 7]",25.0,0.303,1,0.0,356,third
Qawphyh0r69o2kpr39o49f7xnQ,learn_relquest,0.0,"[1, 0]",26.0,0.584,0,0.0,357,third
Qawphyh0r69o2kpr39o49f7xnQ,learn_relquest,1.0,"[7, 0]",27.0,0.526,0,1.0,358,third
Qawphyh0r69o2kpr39o49f7xnQ,learn_relquest,1.0,"[0, 7]",1.0,0.583,0,1.0,446,fourth
Qawphyh0r69o2kpr39o49f7xnQ,learn_relquest,0.0,"[5, 1]",0.0,1.357,0,0.0,445,fourth
Qawphyh0r69o2kpr39o49f7xnQ,learn_relquest,1.0,"[1, 7]",2.0,0.606,1,0.0,447,fourth
Qawphyh0r69o2kpr39o49f7xnQ,learn_relquest,1.0,"[7, 6]",3.0,0.951,0,1.0,448,fourth
Qawphyh0r69o2kpr39o49f7xnQ,learn_relquest,1.0,"[6, 2]",4.0,0.822,1,0.0,449,fourth
Qawphyh0r69o2kpr39o49f7xnQ,learn_relquest,0.0,"[7, 4]",5.0,0.479,0,0.0,450,fourth
Qawphyh0r69o2kpr39o49f7xnQ,learn_relquest,0.0,"[4, 0]",6.0,0.631,1,1.0,451,fourth
Qawphyh0r69o2kpr39o49f7xnQ,learn_relquest,0.0,"[1, 3]",7.0,0.918,1,1.0,452,fourth
Qawphyh0r69o2kpr39o49f7xnQ,learn_relquest,1.0,"[5, 3]",8.0,0.727,0,1.0,453,fourth
Qawphyh0r69o2kpr39o49f7xnQ,learn_relquest,1.0,"[2, 6]",9.0,0.927,0,1.0,454,fourth
Qawphyh0r69o2kpr39o49f7xnQ,learn_relquest,1.0,"[6, 5]",10.0,0.502,0,1.0,455,fourth
Qawphyh0r69o2kpr39o49f7xnQ,learn_relquest,0.0,"[0, 4]",11.0,0.839,1,1.0,456,fourth
Qawphyh0r69o2kpr39o49f7xnQ,learn_relquest,1.0,"[7, 0]",12.0,0.807,0,1.0,457,fourth
Qawphyh0r69o2kpr39o49f7xnQ,learn_relquest,0.0,"[2, 1]",13.0,0.863,0,0.0,458,fourth
Qawphyh0r69o2kpr39o49f7xnQ,learn_relquest,1.0,"[6, 7]",14.0,0.902,0,1.0,459,fourth
Qawphyh0r69o2kpr39o49f7xnQ,learn_relquest,0.0,"[6, 3]",15.0,0.982,1,1.0,460,fourth
Qawphyh0r69o2kpr39o49f7xnQ,learn_relquest,0.0,"[5, 7]",16.0,0.623,0,0.0,461,fourth
Qawphyh0r69o2kpr39o49f7xnQ,learn_relquest,0.0,"[4, 5]",17.0,0.582,1,1.0,462,fourth
Qawphyh0r69o2kpr39o49f7xnQ,learn_relquest,0.0,"[4, 7]",18.0,0.607,1,1.0,463,fourth
Qawphyh0r69o2kpr39o49f7xnQ,learn_relquest,1.0,"[1, 4]",19.0,0.782,0,1.0,464,fourth
Qawphyh0r69o2kpr39o49f7xnQ,learn_relquest,1.0,"[3, 5]",21.0,0.743,0,1.0,466,fourth
Qawphyh0r69o2kpr39o49f7xnQ,learn_relquest,0.0,"[6, 4]",20.0,0.558,1,1.0,465,fourth
Qawphyh0r69o2kpr39o49f7xnQ,learn_relquest,0.0,"[3, 0]",22.0,0.689,1,1.0,467,fourth
Qawphyh0r69o2kpr39o49f7xnQ,learn_relquest,1.0,"[4, 1]",23.0,0.791,1,0.0,468,fourth
Qawphyh0r69o2kpr39o49f7xnQ,learn_relquest,1.0,"[7, 1]",24.0,0.735,0,1.0,469,fourth
Qawphyh0r69o2kpr39o49f7xnQ,learn_relquest,1.0,"[5, 6]",25.0,0.759,0,1.0,470,fourth
Qawphyh0r69o2kpr39o49f7xnQ,learn_relquest,0.0,"[5, 4]",26.0,0.486,1,1.0,471,fourth
Qawphyh0r69o2kpr39o49f7xnQ,learn_relquest,0.0,"[1, 0]",27.0,0.951,1,1.0,472,fourth
Qawphyh0r69o2kpr39o49f7xnQ,learn_relquest,1.0,"[7, 1]",0.0,1.991,0,1.0,559,fifth
Qawphyh0r69o2kpr39o49f7xnQ,learn_relquest,0.0,"[0, 1]",1.0,0.815,1,1.0,560,fifth
Qawphyh0r69o2kpr39o49f7xnQ,learn_relquest,1.0,"[6, 7]",2.0,1.495,0,1.0,561,fifth
Qawphyh0r69o2kpr39o49f7xnQ,learn_relquest,0.0,"[2, 0]",3.0,0.814,1,1.0,562,fifth
Qawphyh0r69o2kpr39o49f7xnQ,learn_relquest,0.0,"[3, 7]",4.0,1.135,1,1.0,563,fifth
Qawphyh0r69o2kpr39o49f7xnQ,learn_relquest,1.0,"[1, 4]",5.0,0.863,1,0.0,564,fifth
Qawphyh0r69o2kpr39o49f7xnQ,learn_relquest,1.0,"[4, 1]",6.0,1.311,1,0.0,565,fifth
Qawphyh0r69o2kpr39o49f7xnQ,learn_relquest,0.0,"[0, 2]",7.0,1.415,1,1.0,566,fifth
Qawphyh0r69o2kpr39o49f7xnQ,learn_relquest,0.0,"[6, 3]",8.0,1.318,0,0.0,567,fifth
Qawphyh0r69o2kpr39o49f7xnQ,learn_relquest,1.0,"[5, 3]",9.0,0.767,0,1.0,568,fifth
Qawphyh0r69o2kpr39o49f7xnQ,learn_relquest,1.0,"[6, 5]",10.0,0.631,0,1.0,569,fifth
Qawphyh0r69o2kpr39o49f7xnQ,learn_relquest,1.0,"[1, 7]",11.0,1.294,0,1.0,570,fifth
Qawphyh0r69o2kpr39o49f7xnQ,learn_relquest,0.0,"[3, 1]",12.0,0.83,0,0.0,571,fifth
Qawphyh0r69o2kpr39o49f7xnQ,learn_relquest,1.0,"[3, 5]",13.0,1.151,0,1.0,572,fifth
Qawphyh0r69o2kpr39o49f7xnQ,learn_relquest,1.0,"[2, 6]",14.0,0.743,1,0.0,573,fifth
Qawphyh0r69o2kpr39o49f7xnQ,learn_relquest,0.0,"[1, 3]",15.0,0.625,0,0.0,574,fifth
Qawphyh0r69o2kpr39o49f7xnQ,learn_relquest,0.0,"[7, 5]",16.0,0.47,1,1.0,575,fifth
Qawphyh0r69o2kpr39o49f7xnQ,learn_relquest,0.0,"[4, 7]",17.0,0.623,0,0.0,576,fifth
Qawphyh0r69o2kpr39o49f7xnQ,learn_relquest,1.0,"[7, 0]",18.0,0.902,1,0.0,577,fifth
Qawphyh0r69o2kpr39o49f7xnQ,learn_relquest,1.0,"[7, 6]",19.0,1.03,0,1.0,578,fifth
Qawphyh0r69o2kpr39o49f7xnQ,learn_relquest,0.0,"[0, 6]",20.0,0.615,1,1.0,579,fifth
Qawphyh0r69o2kpr39o49f7xnQ,learn_relquest,1.0,"[0, 7]",21.0,0.734,1,0.0,580,fifth
Qawphyh0r69o2kpr39o49f7xnQ,learn_relquest,0.0,"[1, 5]",22.0,0.679,0,0.0,581,fifth
Qawphyh0r69o2kpr39o49f7xnQ,learn_relquest,1.0,"[5, 6]",23.0,1.102,0,1.0,582,fifth
Qawphyh0r69o2kpr39o49f7xnQ,learn_relquest,1.0,"[6, 2]",24.0,0.535,1,0.0,583,fifth
Qawphyh0r69o2kpr39o49f7xnQ,learn_relquest,0.0,"[7, 3]",25.0,1.343,0,0.0,584,fifth
Qawphyh0r69o2kpr39o49f7xnQ,learn_relquest,0.0,"[3, 4]",26.0,0.519,1,1.0,585,fifth
Qawphyh0r69o2kpr39o49f7xnQ,learn_relquest,0.0,"[5, 2]",27.0,0.702,0,0.0,586,fifth
Qcsx2yjicuqeku68odbzvbzs4Q,learn_relquest,1.0,"[1, 7]",0.0,3.452,0,1.0,101,first
Qcsx2yjicuqeku68odbzvbzs4Q,learn_relquest,0.0,"[1, 0]",1.0,4.38,0,0.0,102,first
Qcsx2yjicuqeku68odbzvbzs4Q,learn_relquest,0.0,"[1, 6]",2.0,1.221,1,1.0,103,first
Qcsx2yjicuqeku68odbzvbzs4Q,learn_relquest,0.0,"[2, 5]",3.0,1.81,1,1.0,104,first
Qcsx2yjicuqeku68odbzvbzs4Q,learn_relquest,0.0,"[5, 2]",4.0,1.493,1,1.0,105,first
Qcsx2yjicuqeku68odbzvbzs4Q,learn_relquest,1.0,"[0, 7]",5.0,1.179,0,1.0,106,first
Qcsx2yjicuqeku68odbzvbzs4Q,learn_relquest,1.0,"[1, 4]",6.0,1.206,0,1.0,107,first
Qcsx2yjicuqeku68odbzvbzs4Q,learn_relquest,1.0,"[5, 6]",7.0,2.955,1,0.0,108,first
Qcsx2yjicuqeku68odbzvbzs4Q,learn_relquest,1.0,"[6, 2]",8.0,1.224,1,0.0,109,first
Qcsx2yjicuqeku68odbzvbzs4Q,learn_relquest,0.0,"[0, 2]",9.0,1.301,1,1.0,110,first
Qcsx2yjicuqeku68odbzvbzs4Q,learn_relquest,1.0,"[3, 5]",10.0,1.779,0,1.0,111,first
Qcsx2yjicuqeku68odbzvbzs4Q,learn_relquest,1.0,"[7, 1]",11.0,1.699,0,1.0,112,first
Qcsx2yjicuqeku68odbzvbzs4Q,learn_relquest,0.0,"[0, 6]",12.0,2.189,0,0.0,113,first
Qcsx2yjicuqeku68odbzvbzs4Q,learn_relquest,0.0,"[3, 7]",13.0,1.732,0,0.0,114,first
Qcsx2yjicuqeku68odbzvbzs4Q,learn_relquest,1.0,"[7, 6]",14.0,1.224,1,0.0,115,first
Qcsx2yjicuqeku68odbzvbzs4Q,learn_relquest,1.0,"[6, 7]",15.0,3.045,1,0.0,116,first
Qcsx2yjicuqeku68odbzvbzs4Q,learn_relquest,1.0,"[6, 5]",16.0,1.574,1,0.0,117,first
Qcsx2yjicuqeku68odbzvbzs4Q,learn_relquest,0.0,"[4, 3]",17.0,1.171,0,0.0,118,first
Qcsx2yjicuqeku68odbzvbzs4Q,learn_relquest,0.0,"[3, 1]",18.0,1.129,0,0.0,119,first
Qcsx2yjicuqeku68odbzvbzs4Q,learn_relquest,0.0,"[5, 1]",19.0,1.532,0,0.0,120,first
Qcsx2yjicuqeku68odbzvbzs4Q,learn_relquest,0.0,"[5, 4]",20.0,0.968,0,0.0,121,first
Qcsx2yjicuqeku68odbzvbzs4Q,learn_relquest,1.0,"[7, 0]",21.0,1.007,0,1.0,122,first
Qcsx2yjicuqeku68odbzvbzs4Q,learn_relquest,0.0,"[2, 0]",22.0,1.547,0,0.0,123,first
Qcsx2yjicuqeku68odbzvbzs4Q,learn_relquest,1.0,"[4, 1]",23.0,1.491,0,1.0,124,first
Qcsx2yjicuqeku68odbzvbzs4Q,learn_relquest,0.0,"[2, 3]",24.0,2.321,0,0.0,125,first
Qcsx2yjicuqeku68odbzvbzs4Q,learn_relquest,1.0,"[5, 3]",25.0,1.291,0,1.0,126,first
Qcsx2yjicuqeku68odbzvbzs4Q,learn_relquest,0.0,"[3, 0]",26.0,1.823,0,0.0,127,first
Qcsx2yjicuqeku68odbzvbzs4Q,learn_relquest,1.0,"[2, 6]",27.0,1.167,1,0.0,128,first
Qcsx2yjicuqeku68odbzvbzs4Q,learn_relquest,1.0,"[7, 1]",0.0,3.45,0,1.0,216,second
Qcsx2yjicuqeku68odbzvbzs4Q,learn_relquest,0.0,"[0, 5]",1.0,1.266,0,0.0,217,second
Qcsx2yjicuqeku68odbzvbzs4Q,learn_relquest,1.0,"[5, 6]",2.0,1.555,1,0.0,218,second
Qcsx2yjicuqeku68odbzvbzs4Q,learn_relquest,0.0,"[4, 5]",3.0,2.099,1,1.0,219,second
Qcsx2yjicuqeku68odbzvbzs4Q,learn_relquest,0.0,"[2, 7]",4.0,1.98,0,0.0,220,second
Qcsx2yjicuqeku68odbzvbzs4Q,learn_relquest,1.0,"[1, 7]",5.0,1.269,0,1.0,221,second
Qcsx2yjicuqeku68odbzvbzs4Q,learn_relquest,1.0,"[7, 6]",6.0,1.07,1,0.0,222,second
Qcsx2yjicuqeku68odbzvbzs4Q,learn_relquest,0.0,"[0, 6]",7.0,1.268,0,0.0,223,second
Qcsx2yjicuqeku68odbzvbzs4Q,learn_relquest,1.0,"[3, 5]",8.0,1.134,0,1.0,224,second
Qcsx2yjicuqeku68odbzvbzs4Q,learn_relquest,0.0,"[6, 1]",9.0,1.511,1,1.0,225,second
Qcsx2yjicuqeku68odbzvbzs4Q,learn_relquest,0.0,"[0, 2]",10.0,1.882,1,1.0,226,second
Qcsx2yjicuqeku68odbzvbzs4Q,learn_relquest,0.0,"[0, 4]",11.0,1.135,0,0.0,227,second
Qcsx2yjicuqeku68odbzvbzs4Q,learn_relquest,1.0,"[6, 5]",12.0,1.506,0,1.0,228,second
Qcsx2yjicuqeku68odbzvbzs4Q,learn_relquest,1.0,"[5, 3]",13.0,1.211,0,1.0,229,second
Qcsx2yjicuqeku68odbzvbzs4Q,learn_relquest,0.0,"[2, 4]",14.0,2.039,1,1.0,230,second
Qcsx2yjicuqeku68odbzvbzs4Q,learn_relquest,1.0,"[2, 6]",15.0,0.989,0,1.0,231,second
Qcsx2yjicuqeku68odbzvbzs4Q,learn_relquest,0.0,"[3, 2]",16.0,2.155,0,0.0,232,second
Qcsx2yjicuqeku68odbzvbzs4Q,learn_relquest,1.0,"[1, 4]",17.0,1.411,0,1.0,233,second
Qcsx2yjicuqeku68odbzvbzs4Q,learn_relquest,0.0,"[1, 0]",18.0,1.169,0,0.0,234,second
Qcsx2yjicuqeku68odbzvbzs4Q,learn_relquest,1.0,"[4, 1]",19.0,1.368,0,1.0,235,second
Qcsx2yjicuqeku68odbzvbzs4Q,learn_relquest,1.0,"[0, 7]",20.0,1.267,0,1.0,236,second
Qcsx2yjicuqeku68odbzvbzs4Q,learn_relquest,1.0,"[7, 0]",21.0,1.16,0,1.0,237,second
Qcsx2yjicuqeku68odbzvbzs4Q,learn_relquest,0.0,"[5, 7]",22.0,2.835,1,1.0,238,second
Qcsx2yjicuqeku68odbzvbzs4Q,learn_relquest,0.0,"[0, 3]",23.0,1.381,0,0.0,239,second
Qcsx2yjicuqeku68odbzvbzs4Q,learn_relquest,1.0,"[6, 7]",24.0,2.105,1,0.0,240,second
Qcsx2yjicuqeku68odbzvbzs4Q,learn_relquest,0.0,"[3, 1]",25.0,1.341,0,0.0,241,second
Qcsx2yjicuqeku68odbzvbzs4Q,learn_relquest,1.0,"[6, 2]",26.0,1.658,0,1.0,242,second
Qcsx2yjicuqeku68odbzvbzs4Q,learn_relquest,0.0,"[7, 3]",27.0,1.665,1,1.0,243,second
Qcsx2yjicuqeku68odbzvbzs4Q,learn_relquest,1.0,"[7, 6]",0.0,2.508,0,1.0,329,third
Qcsx2yjicuqeku68odbzvbzs4Q,learn_relquest,1.0,"[3, 5]",1.0,1.142,0,1.0,330,third
Qcsx2yjicuqeku68odbzvbzs4Q,learn_relquest,0.0,"[5, 1]",2.0,1.966,1,1.0,331,third
Qcsx2yjicuqeku68odbzvbzs4Q,learn_relquest,0.0,"[7, 3]",3.0,1.474,1,1.0,332,third
Qcsx2yjicuqeku68odbzvbzs4Q,learn_relquest,1.0,"[0, 7]",4.0,1.176,0,1.0,333,third
Qcsx2yjicuqeku68odbzvbzs4Q,learn_relquest,1.0,"[2, 6]",5.0,2.434,1,0.0,334,third
Qcsx2yjicuqeku68odbzvbzs4Q,learn_relquest,1.0,"[1, 7]",6.0,1.049,0,1.0,335,third
Qcsx2yjicuqeku68odbzvbzs4Q,learn_relquest,0.0,"[1, 0]",7.0,1.047,0,0.0,336,third
Qcsx2yjicuqeku68odbzvbzs4Q,learn_relquest,0.0,"[0, 2]",8.0,1.075,1,1.0,337,third
Qcsx2yjicuqeku68odbzvbzs4Q,learn_relquest,1.0,"[5, 3]",9.0,0.892,0,1.0,338,third
Qcsx2yjicuqeku68odbzvbzs4Q,learn_relquest,0.0,"[1, 3]",10.0,2.004,1,1.0,339,third
Qcsx2yjicuqeku68odbzvbzs4Q,learn_relquest,0.0,"[3, 4]",11.0,1.458,0,0.0,340,third
Qcsx2yjicuqeku68odbzvbzs4Q,learn_relquest,1.0,"[4, 1]",12.0,0.814,0,1.0,341,third
Qcsx2yjicuqeku68odbzvbzs4Q,learn_relquest,0.0,"[7, 5]",13.0,2.321,1,1.0,342,third
Qcsx2yjicuqeku68odbzvbzs4Q,learn_relquest,0.0,"[0, 4]",14.0,1.238,0,0.0,343,third
Qcsx2yjicuqeku68odbzvbzs4Q,learn_relquest,0.0,"[0, 5]",15.0,1.498,0,0.0,344,third
Qcsx2yjicuqeku68odbzvbzs4Q,learn_relquest,1.0,"[1, 4]",16.0,1.065,0,1.0,345,third
Qcsx2yjicuqeku68odbzvbzs4Q,learn_relquest,0.0,"[4, 0]",17.0,1.78,1,1.0,346,third
Qcsx2yjicuqeku68odbzvbzs4Q,learn_relquest,0.0,"[6, 0]",18.0,2.031,1,1.0,347,third
Qcsx2yjicuqeku68odbzvbzs4Q,learn_relquest,1.0,"[6, 2]",19.0,1.203,0,1.0,348,third
Qcsx2yjicuqeku68odbzvbzs4Q,learn_relquest,0.0,"[3, 0]",20.0,1.285,0,0.0,349,third
Qcsx2yjicuqeku68odbzvbzs4Q,learn_relquest,1.0,"[6, 5]",21.0,1.001,0,1.0,350,third
Qcsx2yjicuqeku68odbzvbzs4Q,learn_relquest,1.0,"[5, 6]",22.0,0.758,0,1.0,351,third
Qcsx2yjicuqeku68odbzvbzs4Q,learn_relquest,0.0,"[5, 0]",23.0,2.351,1,1.0,352,third
Qcsx2yjicuqeku68odbzvbzs4Q,learn_relquest,1.0,"[7, 0]",24.0,1.016,0,1.0,353,third
Qcsx2yjicuqeku68odbzvbzs4Q,learn_relquest,1.0,"[6, 7]",25.0,1.25,0,1.0,354,third
Qcsx2yjicuqeku68odbzvbzs4Q,learn_relquest,0.0,"[7, 4]",26.0,1.509,1,1.0,355,third
Qcsx2yjicuqeku68odbzvbzs4Q,learn_relquest,1.0,"[7, 1]",27.0,1.177,1,0.0,356,third
Qcsx2yjicuqeku68odbzvbzs4Q,learn_relquest,0.0,"[6, 4]",0.0,2.378,1,1.0,442,fourth
Qcsx2yjicuqeku68odbzvbzs4Q,learn_relquest,1.0,"[1, 4]",1.0,0.964,0,1.0,443,fourth
Qcsx2yjicuqeku68odbzvbzs4Q,learn_relquest,1.0,"[5, 6]",2.0,1.672,1,0.0,444,fourth
Qcsx2yjicuqeku68odbzvbzs4Q,learn_relquest,0.0,"[2, 4]",3.0,1.106,0,0.0,445,fourth
Qcsx2yjicuqeku68odbzvbzs4Q,learn_relquest,0.0,"[4, 2]",4.0,1.003,0,0.0,446,fourth
Qcsx2yjicuqeku68odbzvbzs4Q,learn_relquest,0.0,"[5, 0]",5.0,2.568,1,1.0,447,fourth
Qcsx2yjicuqeku68odbzvbzs4Q,learn_relquest,0.0,"[2, 5]",6.0,0.894,0,0.0,448,fourth
Qcsx2yjicuqeku68odbzvbzs4Q,learn_relquest,1.0,"[7, 6]",7.0,0.938,0,1.0,449,fourth
Qcsx2yjicuqeku68odbzvbzs4Q,learn_relquest,1.0,"[4, 1]",8.0,0.922,0,1.0,450,fourth
Qcsx2yjicuqeku68odbzvbzs4Q,learn_relquest,0.0,"[6, 0]",9.0,1.595,0,0.0,451,fourth
Qcsx2yjicuqeku68odbzvbzs4Q,learn_relquest,0.0,"[2, 7]",10.0,2.077,1,1.0,452,fourth
Qcsx2yjicuqeku68odbzvbzs4Q,learn_relquest,1.0,"[2, 6]",11.0,1.061,0,1.0,453,fourth
Qcsx2yjicuqeku68odbzvbzs4Q,learn_relquest,1.0,"[1, 7]",12.0,1.634,0,1.0,454,fourth
Qcsx2yjicuqeku68odbzvbzs4Q,learn_relquest,1.0,"[7, 0]",13.0,1.062,0,1.0,455,fourth
Qcsx2yjicuqeku68odbzvbzs4Q,learn_relquest,1.0,"[7, 1]",14.0,1.654,1,0.0,456,fourth
Qcsx2yjicuqeku68odbzvbzs4Q,learn_relquest,1.0,"[6, 5]",15.0,0.926,0,1.0,457,fourth
Qcsx2yjicuqeku68odbzvbzs4Q,learn_relquest,1.0,"[5, 3]",16.0,1.193,0,1.0,458,fourth
Qcsx2yjicuqeku68odbzvbzs4Q,learn_relquest,1.0,"[3, 5]",17.0,0.975,0,1.0,459,fourth
Qcsx2yjicuqeku68odbzvbzs4Q,learn_relquest,0.0,"[0, 2]",18.0,2.637,1,1.0,460,fourth
Qcsx2yjicuqeku68odbzvbzs4Q,learn_relquest,0.0,"[3, 7]",19.0,1.047,0,0.0,461,fourth
Qcsx2yjicuqeku68odbzvbzs4Q,learn_relquest,1.0,"[6, 2]",20.0,1.031,0,1.0,462,fourth
Qcsx2yjicuqeku68odbzvbzs4Q,learn_relquest,0.0,"[3, 4]",21.0,2.132,1,1.0,463,fourth
Qcsx2yjicuqeku68odbzvbzs4Q,learn_relquest,1.0,"[6, 7]",22.0,0.913,0,1.0,464,fourth
Qcsx2yjicuqeku68odbzvbzs4Q,learn_relquest,0.0,"[1, 0]",23.0,1.062,0,0.0,465,fourth
Qcsx2yjicuqeku68odbzvbzs4Q,learn_relquest,1.0,"[0, 7]",24.0,0.991,0,1.0,466,fourth
Qcsx2yjicuqeku68odbzvbzs4Q,learn_relquest,0.0,"[5, 1]",25.0,1.016,0,0.0,467,fourth
Qcsx2yjicuqeku68odbzvbzs4Q,learn_relquest,0.0,"[1, 6]",26.0,1.113,1,1.0,468,fourth
Qcsx2yjicuqeku68odbzvbzs4Q,learn_relquest,0.0,"[5, 4]",27.0,0.93,0,0.0,469,fourth
Qcsx2yjicuqeku68odbzvbzs4Q,learn_relquest,1.0,"[6, 2]",0.0,1.57,0,1.0,555,fifth
Qcsx2yjicuqeku68odbzvbzs4Q,learn_relquest,0.0,"[2, 0]",1.0,1.24,1,1.0,556,fifth
Qcsx2yjicuqeku68odbzvbzs4Q,learn_relquest,0.0,"[0, 4]",2.0,1.074,0,0.0,557,fifth
Qcsx2yjicuqeku68odbzvbzs4Q,learn_relquest,1.0,"[7, 0]",3.0,1.095,0,1.0,558,fifth
Qcsx2yjicuqeku68odbzvbzs4Q,learn_relquest,0.0,"[3, 4]",4.0,2.098,1,1.0,559,fifth
Qcsx2yjicuqeku68odbzvbzs4Q,learn_relquest,1.0,"[1, 7]",5.0,1.513,1,0.0,560,fifth
Qcsx2yjicuqeku68odbzvbzs4Q,learn_relquest,0.0,"[1, 2]",6.0,1.421,1,1.0,561,fifth
Qcsx2yjicuqeku68odbzvbzs4Q,learn_relquest,1.0,"[1, 4]",7.0,1.035,0,1.0,562,fifth
Qcsx2yjicuqeku68odbzvbzs4Q,learn_relquest,0.0,"[7, 2]",8.0,2.161,1,1.0,563,fifth
Qcsx2yjicuqeku68odbzvbzs4Q,learn_relquest,1.0,"[6, 5]",9.0,0.885,0,1.0,564,fifth
Qcsx2yjicuqeku68odbzvbzs4Q,learn_relquest,1.0,"[7, 6]",10.0,0.834,0,1.0,565,fifth
Qcsx2yjicuqeku68odbzvbzs4Q,learn_relquest,1.0,"[5, 6]",11.0,0.848,0,1.0,566,fifth
Qcsx2yjicuqeku68odbzvbzs4Q,learn_relquest,1.0,"[5, 3]",12.0,1.214,0,1.0,567,fifth
Qcsx2yjicuqeku68odbzvbzs4Q,learn_relquest,1.0,"[6, 7]",13.0,0.876,0,1.0,568,fifth
Qcsx2yjicuqeku68odbzvbzs4Q,learn_relquest,0.0,"[6, 4]",14.0,1.612,1,1.0,569,fifth
Qcsx2yjicuqeku68odbzvbzs4Q,learn_relquest,0.0,"[2, 7]",15.0,0.851,0,0.0,570,fifth
Qcsx2yjicuqeku68odbzvbzs4Q,learn_relquest,0.0,"[3, 7]",16.0,1.151,1,1.0,571,fifth
Qcsx2yjicuqeku68odbzvbzs4Q,learn_relquest,0.0,"[2, 5]",17.0,1.846,1,1.0,572,fifth
Qcsx2yjicuqeku68odbzvbzs4Q,learn_relquest,1.0,"[7, 1]",18.0,0.938,0,1.0,573,fifth
Qcsx2yjicuqeku68odbzvbzs4Q,learn_relquest,0.0,"[0, 5]",19.0,1.053,0,0.0,574,fifth
Qcsx2yjicuqeku68odbzvbzs4Q,learn_relquest,1.0,"[2, 6]",20.0,0.933,0,1.0,575,fifth
Qcsx2yjicuqeku68odbzvbzs4Q,learn_relquest,1.0,"[4, 1]",21.0,1.088,0,1.0,576,fifth
Qcsx2yjicuqeku68odbzvbzs4Q,learn_relquest,0.0,"[6, 0]",22.0,1.573,0,0.0,577,fifth
Qcsx2yjicuqeku68odbzvbzs4Q,learn_relquest,0.0,"[3, 1]",23.0,1.914,1,1.0,578,fifth
Qcsx2yjicuqeku68odbzvbzs4Q,learn_relquest,1.0,"[3, 5]",24.0,1.154,0,1.0,579,fifth
Qcsx2yjicuqeku68odbzvbzs4Q,learn_relquest,1.0,"[0, 7]",25.0,2.11,0,1.0,580,fifth
Qcsx2yjicuqeku68odbzvbzs4Q,learn_relquest,0.0,"[4, 3]",26.0,1.553,1,1.0,581,fifth
Qcsx2yjicuqeku68odbzvbzs4Q,learn_relquest,0.0,"[4, 0]",27.0,1.888,0,0.0,582,fifth
Qid7yaj61aqtgblodgflrw7gcQ,learn_relquest,0.0,"[4, 7]",0.0,8.703,0,0.0,101,first
Qid7yaj61aqtgblodgflrw7gcQ,learn_relquest,0.0,"[1, 3]",1.0,2.751,1,1.0,102,first
Qid7yaj61aqtgblodgflrw7gcQ,learn_relquest,1.0,"[5, 3]",2.0,1.124,0,1.0,103,first
Qid7yaj61aqtgblodgflrw7gcQ,learn_relquest,1.0,"[4, 1]",3.0,1.261,0,1.0,104,first
Qid7yaj61aqtgblodgflrw7gcQ,learn_relquest,0.0,"[0, 1]",4.0,2.757,1,1.0,105,first
Qid7yaj61aqtgblodgflrw7gcQ,learn_relquest,0.0,"[2, 0]",5.0,5.853,1,1.0,106,first
Qid7yaj61aqtgblodgflrw7gcQ,learn_relquest,1.0,"[5, 6]",6.0,1.258,0,1.0,107,first
Qid7yaj61aqtgblodgflrw7gcQ,learn_relquest,1.0,"[6, 7]",7.0,1.852,0,1.0,108,first
Qid7yaj61aqtgblodgflrw7gcQ,learn_relquest,1.0,"[7, 6]",8.0,0.727,0,1.0,109,first
Qid7yaj61aqtgblodgflrw7gcQ,learn_relquest,1.0,"[6, 5]",9.0,2.951,0,1.0,110,first
Qid7yaj61aqtgblodgflrw7gcQ,learn_relquest,1.0,"[6, 2]",10.0,1.469,0,1.0,111,first
Qid7yaj61aqtgblodgflrw7gcQ,learn_relquest,0.0,"[2, 7]",11.0,0.97,0,0.0,112,first
Qid7yaj61aqtgblodgflrw7gcQ,learn_relquest,1.0,"[2, 6]",12.0,0.678,0,1.0,113,first
Qid7yaj61aqtgblodgflrw7gcQ,learn_relquest,1.0,"[1, 4]",13.0,0.987,0,1.0,114,first
Qid7yaj61aqtgblodgflrw7gcQ,learn_relquest,1.0,"[0, 7]",14.0,1.69,0,1.0,115,first
Qid7yaj61aqtgblodgflrw7gcQ,learn_relquest,1.0,"[7, 0]",15.0,0.657,0,1.0,116,first
Qid7yaj61aqtgblodgflrw7gcQ,learn_relquest,0.0,"[5, 2]",16.0,3.764,1,1.0,117,first
Qid7yaj61aqtgblodgflrw7gcQ,learn_relquest,1.0,"[1, 7]",17.0,3.325,0,1.0,118,first
Qid7yaj61aqtgblodgflrw7gcQ,learn_relquest,0.0,"[5, 7]",18.0,1.986,1,1.0,119,first
Qid7yaj61aqtgblodgflrw7gcQ,learn_relquest,0.0,"[3, 6]",19.0,3.697,1,1.0,120,first
Qid7yaj61aqtgblodgflrw7gcQ,learn_relquest,0.0,"[0, 6]",20.0,1.891,0,0.0,121,first
Qid7yaj61aqtgblodgflrw7gcQ,learn_relquest,0.0,"[5, 0]",21.0,3.36,0,0.0,122,first
Qid7yaj61aqtgblodgflrw7gcQ,learn_relquest,0.0,"[3, 1]",22.0,2.892,1,1.0,123,first
Qid7yaj61aqtgblodgflrw7gcQ,learn_relquest,0.0,"[3, 0]",23.0,3.096,1,1.0,124,first
Qid7yaj61aqtgblodgflrw7gcQ,learn_relquest,0.0,"[1, 2]",24.0,3.492,0,0.0,125,first
Qid7yaj61aqtgblodgflrw7gcQ,learn_relquest,1.0,"[7, 1]",25.0,1.379,0,1.0,126,first
Qid7yaj61aqtgblodgflrw7gcQ,learn_relquest,1.0,"[3, 5]",26.0,1.313,0,1.0,127,first
Qid7yaj61aqtgblodgflrw7gcQ,learn_relquest,0.0,"[7, 5]",27.0,3.82,0,0.0,128,first
Qid7yaj61aqtgblodgflrw7gcQ,learn_relquest,1.0,"[5, 6]",0.0,2.513,0,1.0,216,second
Qid7yaj61aqtgblodgflrw7gcQ,learn_relquest,1.0,"[6, 5]",1.0,0.984,0,1.0,217,second
Qid7yaj61aqtgblodgflrw7gcQ,learn_relquest,1.0,"[5, 3]",2.0,1.167,0,1.0,218,second
Qid7yaj61aqtgblodgflrw7gcQ,learn_relquest,0.0,"[2, 3]",3.0,1.116,1,1.0,219,second
Qid7yaj61aqtgblodgflrw7gcQ,learn_relquest,0.0,"[1, 5]",4.0,2.312,0,0.0,220,second
Qid7yaj61aqtgblodgflrw7gcQ,learn_relquest,1.0,"[7, 0]",5.0,2.375,0,1.0,221,second
Qid7yaj61aqtgblodgflrw7gcQ,learn_relquest,1.0,"[6, 7]",6.0,0.964,0,1.0,222,second
Qid7yaj61aqtgblodgflrw7gcQ,learn_relquest,1.0,"[3, 5]",7.0,1.895,0,1.0,223,second
Qid7yaj61aqtgblodgflrw7gcQ,learn_relquest,1.0,"[1, 7]",8.0,1.977,0,1.0,224,second
Qid7yaj61aqtgblodgflrw7gcQ,learn_relquest,0.0,"[4, 5]",9.0,2.606,1,1.0,225,second
Qid7yaj61aqtgblodgflrw7gcQ,learn_relquest,1.0,"[0, 7]",10.0,1.74,0,1.0,226,second
Qid7yaj61aqtgblodgflrw7gcQ,learn_relquest,0.0,"[0, 4]",11.0,1.146,1,1.0,227,second
Qid7yaj61aqtgblodgflrw7gcQ,learn_relquest,1.0,"[2, 6]",12.0,2.0,0,1.0,228,second
Qid7yaj61aqtgblodgflrw7gcQ,learn_relquest,1.0,"[4, 1]",13.0,1.079,0,1.0,229,second
Qid7yaj61aqtgblodgflrw7gcQ,learn_relquest,0.0,"[1, 0]",14.0,2.731,0,0.0,230,second
Qid7yaj61aqtgblodgflrw7gcQ,learn_relquest,0.0,"[5, 4]",15.0,2.781,1,1.0,231,second
Qid7yaj61aqtgblodgflrw7gcQ,learn_relquest,0.0,"[4, 2]",16.0,2.523,1,1.0,232,second
Qid7yaj61aqtgblodgflrw7gcQ,learn_relquest,1.0,"[6, 2]",17.0,1.421,0,1.0,233,second
Qid7yaj61aqtgblodgflrw7gcQ,learn_relquest,0.0,"[6, 0]",18.0,2.095,0,0.0,234,second
Qid7yaj61aqtgblodgflrw7gcQ,learn_relquest,1.0,"[7, 1]",19.0,3.913,0,1.0,235,second
Qid7yaj61aqtgblodgflrw7gcQ,learn_relquest,0.0,"[0, 5]",20.0,3.168,1,1.0,236,second
Qid7yaj61aqtgblodgflrw7gcQ,learn_relquest,0.0,"[1, 3]",21.0,1.373,1,1.0,237,second
Qid7yaj61aqtgblodgflrw7gcQ,learn_relquest,0.0,"[3, 1]",22.0,0.92,1,1.0,238,second
Qid7yaj61aqtgblodgflrw7gcQ,learn_relquest,0.0,"[3, 7]",23.0,6.088,1,1.0,239,second
Qid7yaj61aqtgblodgflrw7gcQ,learn_relquest,0.0,"[4, 3]",24.0,3.793,1,1.0,240,second
Qid7yaj61aqtgblodgflrw7gcQ,learn_relquest,1.0,"[1, 4]",25.0,0.953,0,1.0,241,second
Qid7yaj61aqtgblodgflrw7gcQ,learn_relquest,0.0,"[5, 0]",26.0,4.665,1,1.0,242,second
Qid7yaj61aqtgblodgflrw7gcQ,learn_relquest,1.0,"[7, 6]",27.0,1.381,0,1.0,243,second
Qid7yaj61aqtgblodgflrw7gcQ,learn_relquest,0.0,"[4, 7]",0.0,3.221,1,1.0,329,third
Qid7yaj61aqtgblodgflrw7gcQ,learn_relquest,1.0,"[5, 3]",1.0,0.924,0,1.0,330,third
Qid7yaj61aqtgblodgflrw7gcQ,learn_relquest,0.0,"[1, 3]",2.0,5.291,1,1.0,331,third
Qid7yaj61aqtgblodgflrw7gcQ,learn_relquest,0.0,"[0, 3]",3.0,1.848,1,1.0,332,third
Qid7yaj61aqtgblodgflrw7gcQ,learn_relquest,1.0,"[5, 6]",4.0,3.814,0,1.0,333,third
Qid7yaj61aqtgblodgflrw7gcQ,learn_relquest,1.0,"[0, 7]",5.0,1.351,0,1.0,334,third
Qid7yaj61aqtgblodgflrw7gcQ,learn_relquest,1.0,"[3, 5]",6.0,0.896,0,1.0,335,third
Qid7yaj61aqtgblodgflrw7gcQ,learn_relquest,0.0,"[6, 1]",7.0,1.416,0,0.0,336,third
Qid7yaj61aqtgblodgflrw7gcQ,learn_relquest,0.0,"[5, 1]",8.0,1.461,1,1.0,337,third
Qid7yaj61aqtgblodgflrw7gcQ,learn_relquest,1.0,"[1, 4]",9.0,2.847,0,1.0,338,third
Qid7yaj61aqtgblodgflrw7gcQ,learn_relquest,1.0,"[7, 6]",10.0,1.104,0,1.0,339,third
Qid7yaj61aqtgblodgflrw7gcQ,learn_relquest,0.0,"[2, 5]",11.0,1.971,1,1.0,340,third
Qid7yaj61aqtgblodgflrw7gcQ,learn_relquest,0.0,"[5, 4]",12.0,1.517,1,1.0,341,third
Qid7yaj61aqtgblodgflrw7gcQ,learn_relquest,0.0,"[2, 0]",13.0,2.92,1,1.0,342,third
Qid7yaj61aqtgblodgflrw7gcQ,learn_relquest,0.0,"[5, 2]",14.0,1.897,1,1.0,343,third
Qid7yaj61aqtgblodgflrw7gcQ,learn_relquest,1.0,"[6, 2]",15.0,1.546,0,1.0,344,third
Qid7yaj61aqtgblodgflrw7gcQ,learn_relquest,0.0,"[7, 4]",16.0,3.676,0,0.0,345,third
Qid7yaj61aqtgblodgflrw7gcQ,learn_relquest,0.0,"[1, 0]",17.0,6.754,1,1.0,346,third
Qid7yaj61aqtgblodgflrw7gcQ,learn_relquest,0.0,"[3, 1]",18.0,1.317,1,1.0,347,third
Qid7yaj61aqtgblodgflrw7gcQ,learn_relquest,1.0,"[2, 6]",19.0,1.702,0,1.0,348,third
Qid7yaj61aqtgblodgflrw7gcQ,learn_relquest,0.0,"[2, 4]",20.0,2.385,1,1.0,349,third
Qid7yaj61aqtgblodgflrw7gcQ,learn_relquest,1.0,"[1, 7]",21.0,2.462,0,1.0,350,third
Qid7yaj61aqtgblodgflrw7gcQ,learn_relquest,1.0,"[7, 1]",22.0,0.739,0,1.0,351,third
Qid7yaj61aqtgblodgflrw7gcQ,learn_relquest,1.0,"[6, 7]",23.0,3.439,0,1.0,352,third
Qid7yaj61aqtgblodgflrw7gcQ,learn_relquest,1.0,"[6, 5]",24.0,1.754,0,1.0,353,third
Qid7yaj61aqtgblodgflrw7gcQ,learn_relquest,1.0,"[7, 0]",25.0,2.551,0,1.0,354,third
Qid7yaj61aqtgblodgflrw7gcQ,learn_relquest,1.0,"[4, 1]",26.0,1.038,0,1.0,355,third
Qid7yaj61aqtgblodgflrw7gcQ,learn_relquest,0.0,"[2, 1]",27.0,4.205,1,1.0,356,third
Qid7yaj61aqtgblodgflrw7gcQ,learn_relquest,1.0,"[5, 6]",0.0,1.928,0,1.0,442,fourth
Qid7yaj61aqtgblodgflrw7gcQ,learn_relquest,0.0,"[4, 7]",1.0,3.031,1,1.0,443,fourth
Qid7yaj61aqtgblodgflrw7gcQ,learn_relquest,1.0,"[2, 6]",2.0,0.848,0,1.0,444,fourth
Qid7yaj61aqtgblodgflrw7gcQ,learn_relquest,1.0,"[7, 1]",3.0,1.486,0,1.0,445,fourth
Qid7yaj61aqtgblodgflrw7gcQ,learn_relquest,0.0,"[2, 7]",4.0,2.08,1,1.0,446,fourth
Qid7yaj61aqtgblodgflrw7gcQ,learn_relquest,0.0,"[4, 6]",5.0,1.147,1,1.0,447,fourth
Qid7yaj61aqtgblodgflrw7gcQ,learn_relquest,0.0,"[5, 4]",6.0,1.732,1,1.0,448,fourth
Qid7yaj61aqtgblodgflrw7gcQ,learn_relquest,0.0,"[0, 4]",7.0,3.105,1,1.0,449,fourth
Qid7yaj61aqtgblodgflrw7gcQ,learn_relquest,1.0,"[4, 1]",8.0,1.769,0,1.0,450,fourth
Qid7yaj61aqtgblodgflrw7gcQ,learn_relquest,0.0,"[6, 1]",9.0,1.439,0,0.0,451,fourth
Qid7yaj61aqtgblodgflrw7gcQ,learn_relquest,0.0,"[5, 2]",10.0,2.551,1,1.0,452,fourth
Qid7yaj61aqtgblodgflrw7gcQ,learn_relquest,0.0,"[2, 1]",11.0,2.657,1,1.0,453,fourth
Qid7yaj61aqtgblodgflrw7gcQ,learn_relquest,1.0,"[0, 7]",12.0,2.199,0,1.0,454,fourth
Qid7yaj61aqtgblodgflrw7gcQ,learn_relquest,1.0,"[5, 3]",13.0,1.049,0,1.0,455,fourth
Qid7yaj61aqtgblodgflrw7gcQ,learn_relquest,1.0,"[6, 2]",14.0,0.891,0,1.0,456,fourth
Qid7yaj61aqtgblodgflrw7gcQ,learn_relquest,0.0,"[2, 5]",15.0,2.014,1,1.0,457,fourth
Qid7yaj61aqtgblodgflrw7gcQ,learn_relquest,1.0,"[1, 7]",16.0,2.606,0,1.0,458,fourth
Qid7yaj61aqtgblodgflrw7gcQ,learn_relquest,1.0,"[7, 6]",17.0,1.13,0,1.0,459,fourth
Qid7yaj61aqtgblodgflrw7gcQ,learn_relquest,0.0,"[4, 5]",18.0,3.951,1,1.0,460,fourth
Qid7yaj61aqtgblodgflrw7gcQ,learn_relquest,1.0,"[1, 4]",19.0,1.352,0,1.0,461,fourth
Qid7yaj61aqtgblodgflrw7gcQ,learn_relquest,1.0,"[3, 5]",20.0,1.174,0,1.0,462,fourth
Qid7yaj61aqtgblodgflrw7gcQ,learn_relquest,0.0,"[3, 6]",21.0,3.143,1,1.0,463,fourth
Qid7yaj61aqtgblodgflrw7gcQ,learn_relquest,0.0,"[7, 4]",22.0,3.963,1,1.0,464,fourth
Qid7yaj61aqtgblodgflrw7gcQ,learn_relquest,1.0,"[6, 7]",23.0,1.149,0,1.0,465,fourth
Qid7yaj61aqtgblodgflrw7gcQ,learn_relquest,1.0,"[7, 0]",24.0,1.939,0,1.0,466,fourth
Qid7yaj61aqtgblodgflrw7gcQ,learn_relquest,0.0,"[1, 5]",25.0,3.622,1,1.0,467,fourth
Qid7yaj61aqtgblodgflrw7gcQ,learn_relquest,0.0,"[5, 0]",26.0,2.858,1,1.0,468,fourth
Qid7yaj61aqtgblodgflrw7gcQ,learn_relquest,1.0,"[6, 5]",27.0,1.17,0,1.0,469,fourth
Qid7yaj61aqtgblodgflrw7gcQ,learn_relquest,1.0,"[7, 0]",0.0,2.606,0,1.0,555,fifth
Qid7yaj61aqtgblodgflrw7gcQ,learn_relquest,1.0,"[1, 7]",1.0,2.213,0,1.0,556,fifth
Qid7yaj61aqtgblodgflrw7gcQ,learn_relquest,0.0,"[7, 2]",2.0,1.047,1,1.0,557,fifth
Qid7yaj61aqtgblodgflrw7gcQ,learn_relquest,0.0,"[3, 0]",3.0,1.49,1,1.0,558,fifth
Qid7yaj61aqtgblodgflrw7gcQ,learn_relquest,0.0,"[3, 1]",4.0,0.774,1,1.0,559,fifth
Qid7yaj61aqtgblodgflrw7gcQ,learn_relquest,1.0,"[7, 1]",5.0,0.868,0,1.0,560,fifth
Qid7yaj61aqtgblodgflrw7gcQ,learn_relquest,1.0,"[5, 3]",6.0,1.285,0,1.0,561,fifth
Qid7yaj61aqtgblodgflrw7gcQ,learn_relquest,0.0,"[7, 4]",7.0,1.888,1,1.0,562,fifth
Qid7yaj61aqtgblodgflrw7gcQ,learn_relquest,0.0,"[1, 2]",8.0,0.819,1,1.0,563,fifth
Qid7yaj61aqtgblodgflrw7gcQ,learn_relquest,1.0,"[5, 6]",9.0,1.003,0,1.0,564,fifth
Qid7yaj61aqtgblodgflrw7gcQ,learn_relquest,0.0,"[5, 2]",10.0,1.391,1,1.0,565,fifth
Qid7yaj61aqtgblodgflrw7gcQ,learn_relquest,0.0,"[6, 0]",11.0,1.587,1,1.0,566,fifth
Qid7yaj61aqtgblodgflrw7gcQ,learn_relquest,0.0,"[1, 6]",12.0,2.454,0,0.0,567,fifth
Qid7yaj61aqtgblodgflrw7gcQ,learn_relquest,1.0,"[4, 1]",13.0,1.567,0,1.0,568,fifth
Qid7yaj61aqtgblodgflrw7gcQ,learn_relquest,1.0,"[6, 7]",14.0,1.267,0,1.0,569,fifth
Qid7yaj61aqtgblodgflrw7gcQ,learn_relquest,0.0,"[0, 5]",15.0,1.793,1,1.0,570,fifth
Qid7yaj61aqtgblodgflrw7gcQ,learn_relquest,1.0,"[3, 5]",16.0,1.542,1,0.0,571,fifth
Qid7yaj61aqtgblodgflrw7gcQ,learn_relquest,1.0,"[7, 6]",17.0,1.19,0,1.0,572,fifth
Qid7yaj61aqtgblodgflrw7gcQ,learn_relquest,0.0,"[1, 5]",18.0,4.526,1,1.0,573,fifth
Qid7yaj61aqtgblodgflrw7gcQ,learn_relquest,0.0,"[0, 4]",19.0,1.97,1,1.0,574,fifth
Qid7yaj61aqtgblodgflrw7gcQ,learn_relquest,1.0,"[2, 6]",20.0,1.08,0,1.0,575,fifth
Qid7yaj61aqtgblodgflrw7gcQ,learn_relquest,0.0,"[0, 1]",21.0,2.358,1,1.0,576,fifth
Qid7yaj61aqtgblodgflrw7gcQ,learn_relquest,0.0,"[1, 0]",22.0,1.426,1,1.0,577,fifth
Qid7yaj61aqtgblodgflrw7gcQ,learn_relquest,1.0,"[6, 2]",23.0,1.21,0,1.0,578,fifth
Qid7yaj61aqtgblodgflrw7gcQ,learn_relquest,1.0,"[0, 7]",24.0,4.143,0,1.0,579,fifth
Qid7yaj61aqtgblodgflrw7gcQ,learn_relquest,1.0,"[6, 5]",25.0,1.396,0,1.0,580,fifth
Qid7yaj61aqtgblodgflrw7gcQ,learn_relquest,1.0,"[1, 4]",26.0,1.723,0,1.0,581,fifth
Qid7yaj61aqtgblodgflrw7gcQ,learn_relquest,0.0,"[5, 1]",27.0,0.789,1,1.0,582,fifth
Qjivy7srvt2vdewcc2g55u0ygQ,learn_relquest,0.0,"[2, 3]",0.0,3.501,0,0.0,101,first
Qjivy7srvt2vdewcc2g55u0ygQ,learn_relquest,0.0,"[7, 2]",1.0,1.797,0,0.0,102,first
Qjivy7srvt2vdewcc2g55u0ygQ,learn_relquest,0.0,"[2, 5]",2.0,2.159,0,0.0,103,first
Qjivy7srvt2vdewcc2g55u0ygQ,learn_relquest,1.0,"[6, 7]",3.0,2.077,0,1.0,104,first
Qjivy7srvt2vdewcc2g55u0ygQ,learn_relquest,1.0,"[4, 1]",4.0,2.206,0,1.0,105,first
Qjivy7srvt2vdewcc2g55u0ygQ,learn_relquest,0.0,"[6, 4]",5.0,2.56,1,1.0,106,first
Qjivy7srvt2vdewcc2g55u0ygQ,learn_relquest,1.0,"[7, 1]",6.0,5.394,0,1.0,107,first
Qjivy7srvt2vdewcc2g55u0ygQ,learn_relquest,1.0,"[5, 6]",7.0,2.117,0,1.0,108,first
Qjivy7srvt2vdewcc2g55u0ygQ,learn_relquest,0.0,"[5, 0]",8.0,1.956,1,1.0,109,first
Qjivy7srvt2vdewcc2g55u0ygQ,learn_relquest,0.0,"[6, 1]",9.0,2.007,0,0.0,110,first
Qjivy7srvt2vdewcc2g55u0ygQ,learn_relquest,1.0,"[1, 4]",10.0,2.329,0,1.0,111,first
Qjivy7srvt2vdewcc2g55u0ygQ,learn_relquest,0.0,"[2, 7]",11.0,2.301,0,0.0,112,first
Qjivy7srvt2vdewcc2g55u0ygQ,learn_relquest,1.0,"[7, 0]",12.0,2.186,0,1.0,113,first
Qjivy7srvt2vdewcc2g55u0ygQ,learn_relquest,0.0,"[3, 2]",13.0,1.54,0,0.0,114,first
Qjivy7srvt2vdewcc2g55u0ygQ,learn_relquest,1.0,"[6, 5]",14.0,2.584,0,1.0,115,first
Qjivy7srvt2vdewcc2g55u0ygQ,learn_relquest,1.0,"[1, 7]",15.0,2.926,0,1.0,116,first
Qjivy7srvt2vdewcc2g55u0ygQ,learn_relquest,0.0,"[3, 4]",16.0,2.191,0,0.0,117,first
Qjivy7srvt2vdewcc2g55u0ygQ,learn_relquest,1.0,"[0, 7]",17.0,1.795,1,0.0,118,first
Qjivy7srvt2vdewcc2g55u0ygQ,learn_relquest,0.0,"[2, 0]",18.0,2.84,1,1.0,119,first
Qjivy7srvt2vdewcc2g55u0ygQ,learn_relquest,0.0,"[1, 3]",19.0,1.983,1,1.0,120,first
Qjivy7srvt2vdewcc2g55u0ygQ,learn_relquest,1.0,"[7, 6]",20.0,1.932,0,1.0,121,first
Qjivy7srvt2vdewcc2g55u0ygQ,learn_relquest,0.0,"[5, 4]",21.0,1.389,0,0.0,122,first
Qjivy7srvt2vdewcc2g55u0ygQ,learn_relquest,0.0,"[2, 1]",22.0,1.441,0,0.0,123,first
Qjivy7srvt2vdewcc2g55u0ygQ,learn_relquest,1.0,"[5, 3]",23.0,2.173,0,1.0,124,first
Qjivy7srvt2vdewcc2g55u0ygQ,learn_relquest,1.0,"[2, 6]",24.0,1.72,0,1.0,125,first
Qjivy7srvt2vdewcc2g55u0ygQ,learn_relquest,1.0,"[6, 2]",25.0,1.66,1,0.0,126,first
Qjivy7srvt2vdewcc2g55u0ygQ,learn_relquest,1.0,"[3, 5]",26.0,4.097,0,1.0,127,first
Qjivy7srvt2vdewcc2g55u0ygQ,learn_relquest,0.0,"[4, 6]",27.0,2.178,1,1.0,128,first
Qjivy7srvt2vdewcc2g55u0ygQ,learn_relquest,1.0,"[5, 3]",0.0,2.17,0,1.0,216,second
Qjivy7srvt2vdewcc2g55u0ygQ,learn_relquest,1.0,"[7, 6]",1.0,1.657,0,1.0,217,second
Qjivy7srvt2vdewcc2g55u0ygQ,learn_relquest,0.0,"[0, 5]",2.0,1.85,1,1.0,218,second
Qjivy7srvt2vdewcc2g55u0ygQ,learn_relquest,0.0,"[6, 1]",3.0,2.719,1,1.0,219,second
Qjivy7srvt2vdewcc2g55u0ygQ,learn_relquest,0.0,"[4, 7]",4.0,2.014,1,1.0,220,second
Qjivy7srvt2vdewcc2g55u0ygQ,learn_relquest,1.0,"[6, 7]",5.0,1.84,0,1.0,221,second
Qjivy7srvt2vdewcc2g55u0ygQ,learn_relquest,0.0,"[3, 4]",6.0,1.434,0,0.0,222,second
Qjivy7srvt2vdewcc2g55u0ygQ,learn_relquest,0.0,"[5, 2]",7.0,1.098,0,0.0,223,second
Qjivy7srvt2vdewcc2g55u0ygQ,learn_relquest,1.0,"[1, 4]",8.0,1.76,1,0.0,224,second
Qjivy7srvt2vdewcc2g55u0ygQ,learn_relquest,1.0,"[2, 6]",9.0,1.646,0,1.0,225,second
Qjivy7srvt2vdewcc2g55u0ygQ,learn_relquest,1.0,"[6, 2]",10.0,1.144,0,1.0,226,second
Qjivy7srvt2vdewcc2g55u0ygQ,learn_relquest,0.0,"[4, 6]",11.0,1.786,1,1.0,227,second
Qjivy7srvt2vdewcc2g55u0ygQ,learn_relquest,1.0,"[1, 7]",12.0,1.926,0,1.0,228,second
Qjivy7srvt2vdewcc2g55u0ygQ,learn_relquest,1.0,"[0, 7]",13.0,2.19,1,0.0,229,second
Qjivy7srvt2vdewcc2g55u0ygQ,learn_relquest,1.0,"[5, 6]",14.0,1.541,0,1.0,230,second
Qjivy7srvt2vdewcc2g55u0ygQ,learn_relquest,0.0,"[2, 1]",15.0,1.113,0,0.0,231,second
Qjivy7srvt2vdewcc2g55u0ygQ,learn_relquest,0.0,"[3, 6]",16.0,1.27,0,0.0,232,second
Qjivy7srvt2vdewcc2g55u0ygQ,learn_relquest,1.0,"[3, 5]",17.0,1.051,0,1.0,233,second
Qjivy7srvt2vdewcc2g55u0ygQ,learn_relquest,0.0,"[3, 2]",18.0,1.004,0,0.0,234,second
Qjivy7srvt2vdewcc2g55u0ygQ,learn_relquest,0.0,"[7, 3]",19.0,2.373,0,0.0,235,second
Qjivy7srvt2vdewcc2g55u0ygQ,learn_relquest,0.0,"[5, 4]",20.0,1.095,0,0.0,236,second
Qjivy7srvt2vdewcc2g55u0ygQ,learn_relquest,1.0,"[7, 0]",21.0,1.246,0,1.0,237,second
Qjivy7srvt2vdewcc2g55u0ygQ,learn_relquest,1.0,"[6, 5]",22.0,0.512,0,1.0,238,second
Qjivy7srvt2vdewcc2g55u0ygQ,learn_relquest,0.0,"[2, 3]",23.0,1.057,0,0.0,239,second
Qjivy7srvt2vdewcc2g55u0ygQ,learn_relquest,1.0,"[4, 1]",24.0,1.796,0,1.0,240,second
Qjivy7srvt2vdewcc2g55u0ygQ,learn_relquest,0.0,"[0, 4]",25.0,1.571,1,1.0,241,second
Qjivy7srvt2vdewcc2g55u0ygQ,learn_relquest,0.0,"[6, 4]",26.0,2.098,1,1.0,242,second
Qjivy7srvt2vdewcc2g55u0ygQ,learn_relquest,1.0,"[7, 1]",27.0,1.285,0,1.0,243,second
Qjivy7srvt2vdewcc2g55u0ygQ,learn_relquest,1.0,"[6, 7]",0.0,3.197,0,1.0,329,third
Qjivy7srvt2vdewcc2g55u0ygQ,learn_relquest,0.0,"[3, 1]",1.0,2.057,1,1.0,330,third
Qjivy7srvt2vdewcc2g55u0ygQ,learn_relquest,0.0,"[0, 6]",2.0,1.759,1,1.0,331,third
Qjivy7srvt2vdewcc2g55u0ygQ,learn_relquest,0.0,"[0, 2]",3.0,2.029,1,1.0,332,third
Qjivy7srvt2vdewcc2g55u0ygQ,learn_relquest,0.0,"[2, 4]",4.0,1.864,0,0.0,333,third
Qjivy7srvt2vdewcc2g55u0ygQ,learn_relquest,0.0,"[6, 4]",5.0,1.922,1,1.0,334,third
Qjivy7srvt2vdewcc2g55u0ygQ,learn_relquest,1.0,"[7, 1]",6.0,1.479,0,1.0,335,third
Qjivy7srvt2vdewcc2g55u0ygQ,learn_relquest,0.0,"[0, 3]",7.0,2.026,0,0.0,336,third
Qjivy7srvt2vdewcc2g55u0ygQ,learn_relquest,0.0,"[5, 7]",8.0,2.194,0,0.0,337,third
Qjivy7srvt2vdewcc2g55u0ygQ,learn_relquest,0.0,"[4, 5]",9.0,1.862,1,1.0,338,third
Qjivy7srvt2vdewcc2g55u0ygQ,learn_relquest,1.0,"[1, 7]",10.0,1.567,0,1.0,339,third
Qjivy7srvt2vdewcc2g55u0ygQ,learn_relquest,0.0,"[3, 4]",11.0,1.661,0,0.0,340,third
Qjivy7srvt2vdewcc2g55u0ygQ,learn_relquest,1.0,"[6, 5]",12.0,1.737,0,1.0,341,third
Qjivy7srvt2vdewcc2g55u0ygQ,learn_relquest,0.0,"[1, 2]",13.0,1.547,0,0.0,342,third
Qjivy7srvt2vdewcc2g55u0ygQ,learn_relquest,1.0,"[5, 3]",14.0,1.542,1,0.0,343,third
Qjivy7srvt2vdewcc2g55u0ygQ,learn_relquest,1.0,"[7, 6]",15.0,1.545,0,1.0,344,third
Qjivy7srvt2vdewcc2g55u0ygQ,learn_relquest,1.0,"[7, 0]",16.0,1.779,0,1.0,345,third
Qjivy7srvt2vdewcc2g55u0ygQ,learn_relquest,0.0,"[1, 0]",17.0,1.399,0,0.0,346,third
Qjivy7srvt2vdewcc2g55u0ygQ,learn_relquest,1.0,"[3, 5]",18.0,1.252,0,1.0,347,third
Qjivy7srvt2vdewcc2g55u0ygQ,learn_relquest,0.0,"[6, 3]",19.0,2.03,0,0.0,348,third
Qjivy7srvt2vdewcc2g55u0ygQ,learn_relquest,0.0,"[4, 6]",20.0,1.929,0,0.0,349,third
Qjivy7srvt2vdewcc2g55u0ygQ,learn_relquest,1.0,"[2, 6]",21.0,2.144,0,1.0,350,third
Qjivy7srvt2vdewcc2g55u0ygQ,learn_relquest,1.0,"[5, 6]",22.0,2.726,1,0.0,351,third
Qjivy7srvt2vdewcc2g55u0ygQ,learn_relquest,1.0,"[1, 4]",23.0,1.809,0,1.0,352,third
Qjivy7srvt2vdewcc2g55u0ygQ,learn_relquest,1.0,"[0, 7]",24.0,1.846,0,1.0,353,third
Qjivy7srvt2vdewcc2g55u0ygQ,learn_relquest,0.0,"[5, 0]",25.0,1.86,0,0.0,354,third
Qjivy7srvt2vdewcc2g55u0ygQ,learn_relquest,1.0,"[4, 1]",26.0,1.78,1,0.0,355,third
Qjivy7srvt2vdewcc2g55u0ygQ,learn_relquest,1.0,"[6, 2]",27.0,1.811,0,1.0,356,third
Qjivy7srvt2vdewcc2g55u0ygQ,learn_relquest,0.0,"[1, 2]",0.0,3.134,0,0.0,442,fourth
Qjivy7srvt2vdewcc2g55u0ygQ,learn_relquest,0.0,"[5, 7]",1.0,2.24,1,1.0,443,fourth
Qjivy7srvt2vdewcc2g55u0ygQ,learn_relquest,1.0,"[5, 6]",2.0,1.564,0,1.0,444,fourth
Qjivy7srvt2vdewcc2g55u0ygQ,learn_relquest,0.0,"[3, 6]",3.0,1.01,0,0.0,445,fourth
Qjivy7srvt2vdewcc2g55u0ygQ,learn_relquest,0.0,"[6, 1]",4.0,1.745,1,1.0,446,fourth
Qjivy7srvt2vdewcc2g55u0ygQ,learn_relquest,1.0,"[7, 6]",5.0,1.862,1,0.0,447,fourth
Qjivy7srvt2vdewcc2g55u0ygQ,learn_relquest,0.0,"[0, 2]",6.0,1.804,0,0.0,448,fourth
Qjivy7srvt2vdewcc2g55u0ygQ,learn_relquest,1.0,"[1, 7]",7.0,1.685,0,1.0,449,fourth
Qjivy7srvt2vdewcc2g55u0ygQ,learn_relquest,0.0,"[1, 5]",8.0,1.144,0,0.0,450,fourth
Qjivy7srvt2vdewcc2g55u0ygQ,learn_relquest,0.0,"[6, 3]",9.0,2.194,0,0.0,451,fourth
Qjivy7srvt2vdewcc2g55u0ygQ,learn_relquest,0.0,"[3, 0]",10.0,1.418,0,0.0,452,fourth
Qjivy7srvt2vdewcc2g55u0ygQ,learn_relquest,0.0,"[4, 2]",11.0,2.602,1,1.0,453,fourth
Qjivy7srvt2vdewcc2g55u0ygQ,learn_relquest,0.0,"[0, 3]",12.0,1.411,0,0.0,454,fourth
Qjivy7srvt2vdewcc2g55u0ygQ,learn_relquest,0.0,"[2, 1]",13.0,1.018,0,0.0,455,fourth
Qjivy7srvt2vdewcc2g55u0ygQ,learn_relquest,1.0,"[6, 2]",14.0,0.209,0,1.0,456,fourth
Qjivy7srvt2vdewcc2g55u0ygQ,learn_relquest,1.0,"[3, 5]",15.0,1.078,0,1.0,457,fourth
Qjivy7srvt2vdewcc2g55u0ygQ,learn_relquest,1.0,"[7, 0]",16.0,0.878,0,1.0,458,fourth
Qjivy7srvt2vdewcc2g55u0ygQ,learn_relquest,1.0,"[2, 6]",17.0,0.952,0,1.0,459,fourth
Qjivy7srvt2vdewcc2g55u0ygQ,learn_relquest,0.0,"[3, 7]",18.0,1.836,0,0.0,460,fourth
Qjivy7srvt2vdewcc2g55u0ygQ,learn_relquest,0.0,"[5, 1]",19.0,1.188,0,0.0,461,fourth
Qjivy7srvt2vdewcc2g55u0ygQ,learn_relquest,1.0,"[1, 4]",20.0,1.736,0,1.0,462,fourth
Qjivy7srvt2vdewcc2g55u0ygQ,learn_relquest,1.0,"[6, 7]",21.0,3.34,1,0.0,463,fourth
Qjivy7srvt2vdewcc2g55u0ygQ,learn_relquest,1.0,"[7, 1]",22.0,1.23,0,1.0,464,fourth
Qjivy7srvt2vdewcc2g55u0ygQ,learn_relquest,1.0,"[4, 1]",23.0,2.913,1,0.0,465,fourth
Qjivy7srvt2vdewcc2g55u0ygQ,learn_relquest,1.0,"[6, 5]",24.0,1.643,0,1.0,466,fourth
Qjivy7srvt2vdewcc2g55u0ygQ,learn_relquest,1.0,"[5, 3]",25.0,2.06,0,1.0,467,fourth
Qjivy7srvt2vdewcc2g55u0ygQ,learn_relquest,1.0,"[0, 7]",26.0,1.427,0,1.0,468,fourth
Qjivy7srvt2vdewcc2g55u0ygQ,learn_relquest,0.0,"[5, 2]",27.0,1.197,0,0.0,469,fourth
Qjivy7srvt2vdewcc2g55u0ygQ,learn_relquest,1.0,"[2, 6]",0.0,2.543,0,1.0,555,fifth
Qjivy7srvt2vdewcc2g55u0ygQ,learn_relquest,0.0,"[1, 5]",1.0,1.261,0,0.0,556,fifth
Qjivy7srvt2vdewcc2g55u0ygQ,learn_relquest,0.0,"[6, 1]",2.0,3.629,0,0.0,557,fifth
Qjivy7srvt2vdewcc2g55u0ygQ,learn_relquest,0.0,"[4, 0]",3.0,1.711,1,1.0,558,fifth
Qjivy7srvt2vdewcc2g55u0ygQ,learn_relquest,0.0,"[0, 2]",4.0,1.816,1,1.0,559,fifth
Qjivy7srvt2vdewcc2g55u0ygQ,learn_relquest,1.0,"[6, 5]",5.0,2.287,0,1.0,560,fifth
Qjivy7srvt2vdewcc2g55u0ygQ,learn_relquest,0.0,"[4, 2]",6.0,2.075,1,1.0,561,fifth
Qjivy7srvt2vdewcc2g55u0ygQ,learn_relquest,0.0,"[3, 1]",7.0,1.33,1,1.0,562,fifth
Qjivy7srvt2vdewcc2g55u0ygQ,learn_relquest,0.0,"[1, 6]",8.0,1.995,0,0.0,563,fifth
Qjivy7srvt2vdewcc2g55u0ygQ,learn_relquest,1.0,"[5, 6]",9.0,1.08,0,1.0,564,fifth
Qjivy7srvt2vdewcc2g55u0ygQ,learn_relquest,0.0,"[5, 0]",10.0,2.496,1,1.0,565,fifth
Qjivy7srvt2vdewcc2g55u0ygQ,learn_relquest,0.0,"[1, 0]",11.0,1.594,1,1.0,566,fifth
Qjivy7srvt2vdewcc2g55u0ygQ,learn_relquest,0.0,"[4, 7]",12.0,1.4,0,0.0,567,fifth
Qjivy7srvt2vdewcc2g55u0ygQ,learn_relquest,0.0,"[7, 3]",13.0,2.35,1,1.0,568,fifth
Qjivy7srvt2vdewcc2g55u0ygQ,learn_relquest,1.0,"[6, 7]",14.0,1.495,0,1.0,569,fifth
Qjivy7srvt2vdewcc2g55u0ygQ,learn_relquest,1.0,"[7, 0]",15.0,1.162,0,1.0,570,fifth
Qjivy7srvt2vdewcc2g55u0ygQ,learn_relquest,1.0,"[1, 4]",16.0,1.289,0,1.0,571,fifth
Qjivy7srvt2vdewcc2g55u0ygQ,learn_relquest,1.0,"[6, 2]",17.0,1.534,0,1.0,572,fifth
Qjivy7srvt2vdewcc2g55u0ygQ,learn_relquest,0.0,"[3, 4]",18.0,3.041,0,0.0,573,fifth
Qjivy7srvt2vdewcc2g55u0ygQ,learn_relquest,1.0,"[7, 1]",19.0,3.509,1,0.0,574,fifth
Qjivy7srvt2vdewcc2g55u0ygQ,learn_relquest,1.0,"[1, 7]",20.0,1.445,0,1.0,575,fifth
Qjivy7srvt2vdewcc2g55u0ygQ,learn_relquest,1.0,"[4, 1]",21.0,1.359,1,0.0,576,fifth
Qjivy7srvt2vdewcc2g55u0ygQ,learn_relquest,0.0,"[6, 0]",22.0,2.233,1,1.0,577,fifth
Qjivy7srvt2vdewcc2g55u0ygQ,learn_relquest,1.0,"[0, 7]",23.0,1.325,0,1.0,578,fifth
Qjivy7srvt2vdewcc2g55u0ygQ,learn_relquest,0.0,"[3, 2]",24.0,1.371,0,0.0,579,fifth
Qjivy7srvt2vdewcc2g55u0ygQ,learn_relquest,1.0,"[3, 5]",25.0,1.052,0,1.0,580,fifth
Qjivy7srvt2vdewcc2g55u0ygQ,learn_relquest,1.0,"[7, 6]",26.0,3.092,1,0.0,581,fifth
Qjivy7srvt2vdewcc2g55u0ygQ,learn_relquest,1.0,"[5, 3]",27.0,1.643,0,1.0,582,fifth
Q21w28fj9d43m29bpw0c582isQ,learn_relquest,0.0,"[7, 3]",0.0,10.043,0,0.0,101,first
Q21w28fj9d43m29bpw0c582isQ,learn_relquest,0.0,"[1, 5]",1.0,3.939,0,0.0,102,first
Q21w28fj9d43m29bpw0c582isQ,learn_relquest,0.0,"[5, 1]",2.0,7.462,0,0.0,103,first
Q21w28fj9d43m29bpw0c582isQ,learn_relquest,0.0,"[3, 0]",3.0,2.857,0,0.0,104,first
Q21w28fj9d43m29bpw0c582isQ,learn_relquest,1.0,"[3, 5]",4.0,2.161,1,0.0,105,first
Q21w28fj9d43m29bpw0c582isQ,learn_relquest,1.0,"[1, 4]",5.0,3.073,1,0.0,106,first
Q21w28fj9d43m29bpw0c582isQ,learn_relquest,0.0,"[0, 1]",6.0,2.284,0,0.0,107,first
Q21w28fj9d43m29bpw0c582isQ,learn_relquest,1.0,"[2, 6]",7.0,3.307,1,0.0,108,first
Q21w28fj9d43m29bpw0c582isQ,learn_relquest,0.0,"[3, 6]",8.0,2.381,1,1.0,109,first
Q21w28fj9d43m29bpw0c582isQ,learn_relquest,0.0,"[0, 5]",9.0,3.268,0,0.0,110,first
Q21w28fj9d43m29bpw0c582isQ,learn_relquest,0.0,"[4, 6]",10.0,4.323,1,1.0,111,first
Q21w28fj9d43m29bpw0c582isQ,learn_relquest,1.0,"[5, 3]",11.0,1.746,1,0.0,112,first
Q21w28fj9d43m29bpw0c582isQ,learn_relquest,1.0,"[6, 7]",12.0,1.717,1,0.0,113,first
Q21w28fj9d43m29bpw0c582isQ,learn_relquest,1.0,"[6, 2]",13.0,2.429,0,1.0,114,first
Q21w28fj9d43m29bpw0c582isQ,learn_relquest,0.0,"[3, 7]",14.0,2.031,0,0.0,115,first
Q21w28fj9d43m29bpw0c582isQ,learn_relquest,1.0,"[7, 6]",15.0,3.345,0,1.0,116,first
Q21w28fj9d43m29bpw0c582isQ,learn_relquest,1.0,"[5, 6]",16.0,2.196,0,1.0,117,first
Q21w28fj9d43m29bpw0c582isQ,learn_relquest,0.0,"[4, 7]",17.0,2.497,1,1.0,118,first
Q21w28fj9d43m29bpw0c582isQ,learn_relquest,0.0,"[2, 3]",18.0,3.205,0,0.0,119,first
Q21w28fj9d43m29bpw0c582isQ,learn_relquest,0.0,"[6, 3]",19.0,2.706,0,0.0,120,first
Q21w28fj9d43m29bpw0c582isQ,learn_relquest,1.0,"[7, 1]",20.0,5.038,0,1.0,121,first
Q21w28fj9d43m29bpw0c582isQ,learn_relquest,1.0,"[4, 1]",21.0,4.088,1,0.0,122,first
Q21w28fj9d43m29bpw0c582isQ,learn_relquest,1.0,"[7, 0]",22.0,2.582,1,0.0,123,first
Q21w28fj9d43m29bpw0c582isQ,learn_relquest,1.0,"[1, 7]",23.0,1.349,0,1.0,124,first
Q21w28fj9d43m29bpw0c582isQ,learn_relquest,0.0,"[2, 4]",24.0,1.456,0,0.0,125,first
Q21w28fj9d43m29bpw0c582isQ,learn_relquest,0.0,"[2, 7]",25.0,1.807,0,0.0,126,first
Q21w28fj9d43m29bpw0c582isQ,learn_relquest,1.0,"[6, 5]",26.0,3.88,0,1.0,127,first
Q21w28fj9d43m29bpw0c582isQ,learn_relquest,1.0,"[0, 7]",27.0,4.567,0,1.0,128,first
Q21w28fj9d43m29bpw0c582isQ,learn_relquest,0.0,"[0, 3]",0.0,4.203,0,0.0,217,second
Q21w28fj9d43m29bpw0c582isQ,learn_relquest,0.0,"[1, 2]",1.0,1.206,0,0.0,218,second
Q21w28fj9d43m29bpw0c582isQ,learn_relquest,1.0,"[1, 7]",2.0,0.609,0,1.0,219,second
Q21w28fj9d43m29bpw0c582isQ,learn_relquest,1.0,"[6, 7]",3.0,0.404,0,1.0,220,second
Q21w28fj9d43m29bpw0c582isQ,learn_relquest,1.0,"[5, 6]",4.0,0.279,0,1.0,221,second
Q21w28fj9d43m29bpw0c582isQ,learn_relquest,1.0,"[3, 5]",5.0,0.205,0,1.0,222,second
Q21w28fj9d43m29bpw0c582isQ,learn_relquest,1.0,"[5, 3]",6.0,0.187,0,1.0,223,second
Q21w28fj9d43m29bpw0c582isQ,learn_relquest,0.0,"[0, 1]",7.0,0.189,0,0.0,224,second
Q21w28fj9d43m29bpw0c582isQ,learn_relquest,0.0,"[7, 5]",8.0,0.185,0,0.0,225,second
Q21w28fj9d43m29bpw0c582isQ,learn_relquest,0.0,"[2, 0]",9.0,0.206,0,0.0,226,second
Q21w28fj9d43m29bpw0c582isQ,learn_relquest,0.0,"[4, 0]",10.0,0.811,0,0.0,227,second
Q21w28fj9d43m29bpw0c582isQ,learn_relquest,0.0,"[1, 5]",11.0,1.015,0,0.0,228,second
Q21w28fj9d43m29bpw0c582isQ,learn_relquest,1.0,"[2, 6]",12.0,0.716,0,1.0,229,second
Q21w28fj9d43m29bpw0c582isQ,learn_relquest,1.0,"[1, 4]",13.0,0.632,0,1.0,230,second
Q21w28fj9d43m29bpw0c582isQ,learn_relquest,1.0,"[7, 0]",14.0,0.996,0,1.0,231,second
Q21w28fj9d43m29bpw0c582isQ,learn_relquest,1.0,"[7, 1]",15.0,0.196,0,1.0,232,second
Q21w28fj9d43m29bpw0c582isQ,learn_relquest,1.0,"[4, 1]",16.0,0.193,0,1.0,233,second
Q21w28fj9d43m29bpw0c582isQ,learn_relquest,0.0,"[7, 4]",17.0,0.204,0,0.0,234,second
Q21w28fj9d43m29bpw0c582isQ,learn_relquest,0.0,"[1, 0]",18.0,0.225,0,0.0,235,second
Q21w28fj9d43m29bpw0c582isQ,learn_relquest,1.0,"[6, 2]",19.0,0.589,0,1.0,236,second
Q21w28fj9d43m29bpw0c582isQ,learn_relquest,0.0,"[3, 2]",20.0,0.74,0,0.0,237,second
Q21w28fj9d43m29bpw0c582isQ,learn_relquest,1.0,"[0, 7]",21.0,0.216,0,1.0,238,second
Q21w28fj9d43m29bpw0c582isQ,learn_relquest,1.0,"[7, 6]",22.0,0.21,0,1.0,239,second
Q21w28fj9d43m29bpw0c582isQ,learn_relquest,0.0,"[3, 1]",23.0,0.717,0,0.0,240,second
Q21w28fj9d43m29bpw0c582isQ,learn_relquest,0.0,"[1, 3]",24.0,0.215,0,0.0,241,second
Q21w28fj9d43m29bpw0c582isQ,learn_relquest,0.0,"[0, 4]",25.0,0.579,0,0.0,242,second
Q21w28fj9d43m29bpw0c582isQ,learn_relquest,1.0,"[6, 5]",26.0,1.025,0,1.0,243,second
Q21w28fj9d43m29bpw0c582isQ,learn_relquest,0.0,"[5, 7]",27.0,0.188,0,0.0,244,second
Qei45sv1c0az91ceoi087flqnQ,learn_relquest,1.0,"[6, 5]",0.0,7.78,0,1.0,73,first
Qei45sv1c0az91ceoi087flqnQ,learn_relquest,0.0,"[3, 2]",1.0,1.421,0,0.0,74,first
Qei45sv1c0az91ceoi087flqnQ,learn_relquest,1.0,"[3, 5]",2.0,2.133,0,1.0,75,first
Qei45sv1c0az91ceoi087flqnQ,learn_relquest,0.0,"[5, 2]",3.0,3.022,0,0.0,76,first
Qei45sv1c0az91ceoi087flqnQ,learn_relquest,0.0,"[7, 4]",4.0,2.054,0,0.0,77,first
Qei45sv1c0az91ceoi087flqnQ,learn_relquest,1.0,"[5, 6]",5.0,1.406,0,1.0,78,first
Qei45sv1c0az91ceoi087flqnQ,learn_relquest,0.0,"[4, 0]",6.0,0.797,0,0.0,79,first
Qei45sv1c0az91ceoi087flqnQ,learn_relquest,0.0,"[0, 1]",7.0,1.181,0,0.0,80,first
Qei45sv1c0az91ceoi087flqnQ,learn_relquest,1.0,"[7, 1]",8.0,0.925,0,1.0,81,first
Qei45sv1c0az91ceoi087flqnQ,learn_relquest,1.0,"[7, 0]",9.0,0.877,0,1.0,82,first
Qei45sv1c0az91ceoi087flqnQ,learn_relquest,0.0,"[7, 3]",10.0,0.581,0,0.0,83,first
Qei45sv1c0az91ceoi087flqnQ,learn_relquest,0.0,"[0, 5]",11.0,0.478,0,0.0,84,first
Qei45sv1c0az91ceoi087flqnQ,learn_relquest,1.0,"[1, 7]",12.0,0.597,0,1.0,85,first
Qei45sv1c0az91ceoi087flqnQ,learn_relquest,0.0,"[7, 5]",13.0,0.509,0,0.0,86,first
Qei45sv1c0az91ceoi087flqnQ,learn_relquest,1.0,"[5, 3]",0.0,13.245,0,1.0,146,second
Qei45sv1c0az91ceoi087flqnQ,learn_relquest,1.0,"[0, 7]",1.0,0.51,0,1.0,147,second
Qei45sv1c0az91ceoi087flqnQ,learn_relquest,0.0,"[2, 7]",2.0,0.35,0,0.0,148,second
Qei45sv1c0az91ceoi087flqnQ,learn_relquest,0.0,"[7, 4]",3.0,0.342,0,0.0,149,second
Qei45sv1c0az91ceoi087flqnQ,learn_relquest,0.0,"[5, 4]",4.0,0.333,0,0.0,150,second
Qei45sv1c0az91ceoi087flqnQ,learn_relquest,1.0,"[7, 6]",5.0,0.301,0,1.0,151,second
Qei45sv1c0az91ceoi087flqnQ,learn_relquest,0.0,"[2, 3]",6.0,0.309,0,0.0,152,second
Qei45sv1c0az91ceoi087flqnQ,learn_relquest,1.0,"[3, 5]",7.0,0.277,0,1.0,153,second
Qei45sv1c0az91ceoi087flqnQ,learn_relquest,0.0,"[0, 4]",8.0,0.27,0,0.0,154,second
Qei45sv1c0az91ceoi087flqnQ,learn_relquest,1.0,"[6, 5]",9.0,0.301,0,1.0,155,second
Qei45sv1c0az91ceoi087flqnQ,learn_relquest,1.0,"[6, 2]",10.0,0.254,0,1.0,156,second
Qei45sv1c0az91ceoi087flqnQ,learn_relquest,0.0,"[4, 6]",11.0,0.277,0,0.0,157,second
Qei45sv1c0az91ceoi087flqnQ,learn_relquest,1.0,"[1, 4]",12.0,0.262,0,1.0,158,second
Qei45sv1c0az91ceoi087flqnQ,learn_relquest,1.0,"[4, 1]",13.0,0.262,0,1.0,159,second
Qei45sv1c0az91ceoi087flqnQ,learn_relquest,0.0,"[0, 3]",0.0,1.606,0,0.0,217,third
Qei45sv1c0az91ceoi087flqnQ,learn_relquest,0.0,"[4, 6]",1.0,0.397,0,0.0,218,third
Qei45sv1c0az91ceoi087flqnQ,learn_relquest,1.0,"[7, 6]",2.0,0.302,0,1.0,219,third
Qei45sv1c0az91ceoi087flqnQ,learn_relquest,1.0,"[6, 2]",3.0,0.214,0,1.0,220,third
Qei45sv1c0az91ceoi087flqnQ,learn_relquest,1.0,"[7, 1]",4.0,0.197,0,1.0,221,third
Qei45sv1c0az91ceoi087flqnQ,learn_relquest,0.0,"[4, 3]",5.0,0.341,0,0.0,222,third
Qei45sv1c0az91ceoi087flqnQ,learn_relquest,1.0,"[5, 6]",6.0,0.366,1,0.0,223,third
Qei45sv1c0az91ceoi087flqnQ,learn_relquest,1.0,"[1, 7]",7.0,0.261,1,0.0,224,third
Qei45sv1c0az91ceoi087flqnQ,learn_relquest,1.0,"[2, 6]",8.0,0.157,1,0.0,225,third
Qei45sv1c0az91ceoi087flqnQ,learn_relquest,0.0,"[3, 4]",9.0,0.357,1,1.0,226,third
Qei45sv1c0az91ceoi087flqnQ,learn_relquest,1.0,"[5, 3]",10.0,0.421,0,1.0,227,third
Qei45sv1c0az91ceoi087flqnQ,learn_relquest,1.0,"[6, 7]",11.0,0.422,1,0.0,228,third
Qei45sv1c0az91ceoi087flqnQ,learn_relquest,0.0,"[7, 2]",12.0,0.47,0,0.0,229,third
Qei45sv1c0az91ceoi087flqnQ,learn_relquest,0.0,"[7, 5]",13.0,0.349,1,1.0,230,third
Qei45sv1c0az91ceoi087flqnQ,learn_relquest,1.0,"[1, 4]",0.0,1.261,0,1.0,288,fourth
Qei45sv1c0az91ceoi087flqnQ,learn_relquest,1.0,"[5, 3]",1.0,0.406,1,0.0,289,fourth
Qei45sv1c0az91ceoi087flqnQ,learn_relquest,1.0,"[3, 5]",2.0,0.381,0,1.0,290,fourth
Qei45sv1c0az91ceoi087flqnQ,learn_relquest,1.0,"[2, 6]",3.0,0.341,1,0.0,291,fourth
Qei45sv1c0az91ceoi087flqnQ,learn_relquest,1.0,"[6, 5]",4.0,0.206,1,0.0,292,fourth
Qei45sv1c0az91ceoi087flqnQ,learn_relquest,0.0,"[3, 2]",5.0,0.509,0,0.0,293,fourth
Qei45sv1c0az91ceoi087flqnQ,learn_relquest,0.0,"[4, 3]",6.0,0.382,1,1.0,294,fourth
Qei45sv1c0az91ceoi087flqnQ,learn_relquest,0.0,"[5, 1]",7.0,0.405,0,0.0,295,fourth
Qei45sv1c0az91ceoi087flqnQ,learn_relquest,0.0,"[6, 3]",8.0,0.574,0,0.0,296,fourth
Qei45sv1c0az91ceoi087flqnQ,learn_relquest,0.0,"[1, 3]",9.0,0.158,0,0.0,297,fourth
Qei45sv1c0az91ceoi087flqnQ,learn_relquest,1.0,"[4, 1]",10.0,0.397,1,0.0,298,fourth
Qei45sv1c0az91ceoi087flqnQ,learn_relquest,1.0,"[1, 7]",11.0,0.238,1,0.0,299,fourth
Qei45sv1c0az91ceoi087flqnQ,learn_relquest,0.0,"[6, 0]",12.0,0.782,0,0.0,300,fourth
Qei45sv1c0az91ceoi087flqnQ,learn_relquest,0.0,"[1, 2]",13.0,0.374,1,1.0,301,fourth
Q894kmcghdp4j3uq6wv8pb4o4Q,learn_relquest,0.0,"[6, 0]",0.0,1.344,1,1.0,73,first
Q894kmcghdp4j3uq6wv8pb4o4Q,learn_relquest,0.0,"[2, 1]",1.0,0.957,1,1.0,74,first
Q894kmcghdp4j3uq6wv8pb4o4Q,learn_relquest,1.0,"[4, 1]",2.0,0.806,0,1.0,75,first
Q894kmcghdp4j3uq6wv8pb4o4Q,learn_relquest,1.0,"[1, 7]",3.0,0.455,0,1.0,76,first
Q894kmcghdp4j3uq6wv8pb4o4Q,learn_relquest,0.0,"[0, 2]",4.0,0.366,1,1.0,77,first
Q894kmcghdp4j3uq6wv8pb4o4Q,learn_relquest,0.0,"[4, 5]",5.0,0.486,0,0.0,78,first
Q894kmcghdp4j3uq6wv8pb4o4Q,learn_relquest,0.0,"[7, 5]",6.0,0.191,1,1.0,79,first
Q894kmcghdp4j3uq6wv8pb4o4Q,learn_relquest,0.0,"[2, 5]",7.0,0.166,0,0.0,80,first
Q894kmcghdp4j3uq6wv8pb4o4Q,learn_relquest,1.0,"[2, 6]",8.0,0.175,1,0.0,81,first
Q894kmcghdp4j3uq6wv8pb4o4Q,learn_relquest,1.0,"[5, 6]",9.0,0.183,0,1.0,82,first
Q894kmcghdp4j3uq6wv8pb4o4Q,learn_relquest,0.0,"[4, 7]",10.0,0.198,1,1.0,83,first
Q894kmcghdp4j3uq6wv8pb4o4Q,learn_relquest,1.0,"[7, 1]",11.0,0.214,0,1.0,84,first
Q894kmcghdp4j3uq6wv8pb4o4Q,learn_relquest,1.0,"[6, 2]",12.0,0.671,0,1.0,85,first
Q894kmcghdp4j3uq6wv8pb4o4Q,learn_relquest,0.0,"[2, 4]",13.0,0.823,0,0.0,86,first
Q894kmcghdp4j3uq6wv8pb4o4Q,learn_relquest,0.0,"[1, 2]",0.0,1.289,0,0.0,146,second
Q894kmcghdp4j3uq6wv8pb4o4Q,learn_relquest,1.0,"[1, 4]",1.0,1.5,1,0.0,147,second
Q894kmcghdp4j3uq6wv8pb4o4Q,learn_relquest,0.0,"[0, 1]",2.0,2.743,1,1.0,148,second
Q894kmcghdp4j3uq6wv8pb4o4Q,learn_relquest,1.0,"[3, 5]",3.0,1.147,1,0.0,149,second
Q894kmcghdp4j3uq6wv8pb4o4Q,learn_relquest,0.0,"[7, 2]",4.0,0.567,0,0.0,150,second
Q894kmcghdp4j3uq6wv8pb4o4Q,learn_relquest,0.0,"[7, 4]",5.0,0.285,0,0.0,151,second
Q894kmcghdp4j3uq6wv8pb4o4Q,learn_relquest,1.0,"[2, 6]",6.0,1.504,0,1.0,152,second
Q894kmcghdp4j3uq6wv8pb4o4Q,learn_relquest,0.0,"[4, 3]",7.0,3.793,0,0.0,153,second
Q894kmcghdp4j3uq6wv8pb4o4Q,learn_relquest,0.0,"[1, 5]",8.0,0.063,0,0.0,154,second
Q894kmcghdp4j3uq6wv8pb4o4Q,learn_relquest,0.0,"[3, 1]",9.0,0.887,1,1.0,155,second
Q894kmcghdp4j3uq6wv8pb4o4Q,learn_relquest,1.0,"[7, 0]",10.0,0.366,0,1.0,156,second
Q894kmcghdp4j3uq6wv8pb4o4Q,learn_relquest,1.0,"[7, 6]",11.0,0.871,1,0.0,157,second
Q894kmcghdp4j3uq6wv8pb4o4Q,learn_relquest,0.0,"[2, 3]",12.0,1.046,0,0.0,158,second
Q894kmcghdp4j3uq6wv8pb4o4Q,learn_relquest,1.0,"[7, 1]",13.0,0.655,0,1.0,159,second
Q894kmcghdp4j3uq6wv8pb4o4Q,learn_relquest,1.0,"[0, 7]",0.0,1.094,0,1.0,217,third
Q894kmcghdp4j3uq6wv8pb4o4Q,learn_relquest,1.0,"[7, 6]",1.0,0.655,0,1.0,218,third
Q894kmcghdp4j3uq6wv8pb4o4Q,learn_relquest,1.0,"[3, 5]",2.0,0.649,0,1.0,219,third
Q894kmcghdp4j3uq6wv8pb4o4Q,learn_relquest,0.0,"[5, 2]",3.0,0.686,1,1.0,220,third
Q894kmcghdp4j3uq6wv8pb4o4Q,learn_relquest,1.0,"[6, 2]",4.0,0.886,1,0.0,221,third
Q894kmcghdp4j3uq6wv8pb4o4Q,learn_relquest,1.0,"[1, 7]",5.0,0.575,0,1.0,222,third
Q894kmcghdp4j3uq6wv8pb4o4Q,learn_relquest,1.0,"[6, 7]",6.0,0.622,0,1.0,223,third
Q894kmcghdp4j3uq6wv8pb4o4Q,learn_relquest,0.0,"[4, 0]",7.0,1.007,1,1.0,224,third
Q894kmcghdp4j3uq6wv8pb4o4Q,learn_relquest,0.0,"[7, 5]",8.0,0.927,0,0.0,225,third
Q894kmcghdp4j3uq6wv8pb4o4Q,learn_relquest,1.0,"[1, 4]",9.0,0.59,0,1.0,226,third
Q894kmcghdp4j3uq6wv8pb4o4Q,learn_relquest,0.0,"[3, 7]",10.0,0.591,0,0.0,227,third
Q894kmcghdp4j3uq6wv8pb4o4Q,learn_relquest,1.0,"[6, 5]",11.0,0.574,1,0.0,228,third
Q894kmcghdp4j3uq6wv8pb4o4Q,learn_relquest,0.0,"[3, 0]",12.0,0.687,0,0.0,229,third
Q894kmcghdp4j3uq6wv8pb4o4Q,learn_relquest,1.0,"[5, 6]",13.0,0.455,1,0.0,230,third
Q894kmcghdp4j3uq6wv8pb4o4Q,learn_relquest,1.0,"[7, 6]",0.0,0.847,0,1.0,288,fourth
Q894kmcghdp4j3uq6wv8pb4o4Q,learn_relquest,1.0,"[5, 6]",1.0,0.767,0,1.0,289,fourth
Q894kmcghdp4j3uq6wv8pb4o4Q,learn_relquest,0.0,"[6, 1]",2.0,0.487,1,1.0,290,fourth
Q894kmcghdp4j3uq6wv8pb4o4Q,learn_relquest,0.0,"[2, 4]",3.0,0.598,1,1.0,291,fourth
Q894kmcghdp4j3uq6wv8pb4o4Q,learn_relquest,0.0,"[2, 3]",4.0,0.455,0,0.0,292,fourth
Q894kmcghdp4j3uq6wv8pb4o4Q,learn_relquest,1.0,"[5, 3]",5.0,0.49,1,0.0,293,fourth
Q894kmcghdp4j3uq6wv8pb4o4Q,learn_relquest,0.0,"[0, 6]",6.0,0.773,0,0.0,294,fourth
Q894kmcghdp4j3uq6wv8pb4o4Q,learn_relquest,1.0,"[7, 1]",7.0,0.606,1,0.0,295,fourth
Q894kmcghdp4j3uq6wv8pb4o4Q,learn_relquest,0.0,"[3, 2]",8.0,0.871,0,0.0,296,fourth
Q894kmcghdp4j3uq6wv8pb4o4Q,learn_relquest,1.0,"[3, 5]",9.0,0.847,1,0.0,297,fourth
Q894kmcghdp4j3uq6wv8pb4o4Q,learn_relquest,0.0,"[5, 4]",10.0,0.606,1,1.0,298,fourth
Q894kmcghdp4j3uq6wv8pb4o4Q,learn_relquest,0.0,"[7, 4]",11.0,0.527,0,0.0,299,fourth
Q894kmcghdp4j3uq6wv8pb4o4Q,learn_relquest,0.0,"[6, 0]",12.0,0.335,1,1.0,300,fourth
Q894kmcghdp4j3uq6wv8pb4o4Q,learn_relquest,0.0,"[4, 7]",13.0,0.873,1,1.0,301,fourth
