subject_id,group_name,trial_ind_congrtest,pathpair_congrtest,acc_congrtest,rt_congrtest,response,consc_confratings_congrtest,clar_confratings_congrtest,diff_confratings_congrtest,conf_confratings_congrtest,freeeval_congrtest
Q0h9kyyrr0jdz4c6q0ga8fbmvQ,unconstrained,0.0,"[[3, 5, 6], [0, 7, 6, 2]]",0.0,11.235,1,Fully conscious/deliberative,Fully clear,Quite easy,Rather confident,
Q0h9kyyrr0jdz4c6q0ga8fbmvQ,unconstrained,1.0,"[[1, 7, 6], [1, 7, 6, 2]]",0.0,3.564,1,Fully conscious/deliberative,Fully clear,Quite easy,Rather confident,
Q0h9kyyrr0jdz4c6q0ga8fbmvQ,unconstrained,2.0,"[[6, 7, 1], [4, 1, 7, 0]]",1.0,2.338,0,Fully conscious/deliberative,Fully clear,Quite easy,Rather confident,
Q0h9kyyrr0jdz4c6q0ga8fbmvQ,unconstrained,3.0,"[[6, 5, 3], [4, 1, 7, 6]]",0.0,2.523,1,Fully conscious/deliberative,Fully clear,Quite easy,Rather confident,
Q0h9kyyrr0jdz4c6q0ga8fbmvQ,unconstrained,4.0,"[[5, 6, 7], [0, 7, 1, 4]]",1.0,2.122,0,Fully conscious/deliberative,Fully clear,Quite easy,Rather confident,
Q0h9kyyrr0jdz4c6q0ga8fbmvQ,unconstrained,5.0,"[[3, 5, 6, 7, 1], [4, 1, 7, 6]]",1.0,2.616,1,Fully conscious/deliberative,Fully clear,Quite easy,Rather confident,
Q0h9kyyrr0jdz4c6q0ga8fbmvQ,unconstrained,6.0,"[[2, 6, 7, 1], [3, 5, 6]]",1.0,2.055,1,Fully conscious/deliberative,Fully clear,Quite easy,Rather confident,
Q0h9kyyrr0jdz4c6q0ga8fbmvQ,unconstrained,7.0,"[[3, 5, 6, 7], [5, 6, 7, 1, 4]]",1.0,2.497,0,Fully conscious/deliberative,Fully clear,Quite easy,Rather confident,
Q0h9kyyrr0jdz4c6q0ga8fbmvQ,unconstrained,8.0,"[[4, 1, 7], [5, 6, 7, 1]]",0.0,1.717,1,Fully conscious/deliberative,Fully clear,Quite easy,Rather confident,
Q0h9kyyrr0jdz4c6q0ga8fbmvQ,unconstrained,9.0,"[[1, 7, 6, 2], [0, 7, 1]]",1.0,4.397,1,Fully conscious/deliberative,Fully clear,Quite easy,Rather confident,
Q0h9kyyrr0jdz4c6q0ga8fbmvQ,unconstrained,10.0,"[[2, 6, 5], [3, 5, 6, 7]]",0.0,3.047,1,Fully conscious/deliberative,Fully clear,Quite easy,Rather confident,
Q0h9kyyrr0jdz4c6q0ga8fbmvQ,unconstrained,11.0,"[[3, 5, 6, 7, 1, 4], [2, 6, 7, 1, 4]]",0.0,2.136,0,Fully conscious/deliberative,Fully clear,Quite easy,Rather confident,
Q0h9kyyrr0jdz4c6q0ga8fbmvQ,unconstrained,12.0,"[[1, 7, 6, 5], [7, 1, 4]]",0.0,1.284,0,Fully conscious/deliberative,Fully clear,Quite easy,Rather confident,
Q0h9kyyrr0jdz4c6q0ga8fbmvQ,unconstrained,13.0,"[[1, 7, 6, 2], [5, 6, 2]]",0.0,1.915,0,Fully conscious/deliberative,Fully clear,Quite easy,Rather confident,
Q0h9kyyrr0jdz4c6q0ga8fbmvQ,unconstrained,14.0,"[[2, 6, 7], [1, 7, 6, 2]]",0.0,2.06,1,Fully conscious/deliberative,Fully clear,Quite easy,Rather confident,
Q0h9kyyrr0jdz4c6q0ga8fbmvQ,unconstrained,15.0,"[[5, 6, 7], [1, 7, 6, 5]]",0.0,1.445,1,Fully conscious/deliberative,Fully clear,Quite easy,Rather confident,
Q0h9kyyrr0jdz4c6q0ga8fbmvQ,unconstrained,16.0,"[[0, 7, 6, 5, 3], [6, 7, 1, 4]]",0.0,2.656,0,Fully conscious/deliberative,Fully clear,Quite easy,Rather confident,
Q0h9kyyrr0jdz4c6q0ga8fbmvQ,unconstrained,17.0,"[[2, 6, 5], [5, 6, 7, 0]]",0.0,1.384,1,Fully conscious/deliberative,Fully clear,Quite easy,Rather confident,
Q0h9kyyrr0jdz4c6q0ga8fbmvQ,unconstrained,18.0,"[[3, 5, 6, 7], [2, 6, 7, 1, 4]]",1.0,1.283,0,Fully conscious/deliberative,Fully clear,Quite easy,Rather confident,
Q0h9kyyrr0jdz4c6q0ga8fbmvQ,unconstrained,19.0,"[[2, 6, 5, 3], [4, 1, 7]]",1.0,2.562,1,Fully conscious/deliberative,Fully clear,Quite easy,Rather confident,
Q0h9kyyrr0jdz4c6q0ga8fbmvQ,unconstrained,20.0,"[[1, 7, 0], [2, 6, 7, 1]]",1.0,4.253,0,Fully conscious/deliberative,Fully clear,Quite easy,Rather confident,
Q0h9kyyrr0jdz4c6q0ga8fbmvQ,unconstrained,21.0,"[[2, 6, 7, 1], [3, 5, 6, 7, 1]]",1.0,2.937,0,Fully conscious/deliberative,Fully clear,Quite easy,Rather confident,
Q0h9kyyrr0jdz4c6q0ga8fbmvQ,unconstrained,22.0,"[[4, 1, 7, 0], [5, 6, 2]]",1.0,5.46,1,Fully conscious/deliberative,Fully clear,Quite easy,Rather confident,
Q0h9kyyrr0jdz4c6q0ga8fbmvQ,unconstrained,23.0,"[[4, 1, 7, 6, 2], [3, 5, 6, 2]]",0.0,1.678,0,Fully conscious/deliberative,Fully clear,Quite easy,Rather confident,
Q0h9kyyrr0jdz4c6q0ga8fbmvQ,unconstrained,24.0,"[[5, 6, 7, 1], [3, 5, 6]]",0.0,1.481,0,Fully conscious/deliberative,Fully clear,Quite easy,Rather confident,
Q0h9kyyrr0jdz4c6q0ga8fbmvQ,unconstrained,25.0,"[[5, 6, 7], [2, 6, 7, 1]]",0.0,1.727,1,Fully conscious/deliberative,Fully clear,Quite easy,Rather confident,
Q0h9kyyrr0jdz4c6q0ga8fbmvQ,unconstrained,26.0,"[[5, 6, 7, 1, 4], [6, 7, 1, 4]]",1.0,1.862,1,Fully conscious/deliberative,Fully clear,Quite easy,Rather confident,
Q0h9kyyrr0jdz4c6q0ga8fbmvQ,unconstrained,27.0,"[[3, 5, 6], [4, 1, 7, 6]]",0.0,2.807,1,Fully conscious/deliberative,Fully clear,Quite easy,Rather confident,
Q0h9kyyrr0jdz4c6q0ga8fbmvQ,unconstrained,28.0,"[[1, 7, 6], [3, 5, 6, 2]]",1.0,1.677,0,Fully conscious/deliberative,Fully clear,Quite easy,Rather confident,
Q0h9kyyrr0jdz4c6q0ga8fbmvQ,unconstrained,29.0,"[[5, 6, 7, 0], [4, 1, 7, 6, 2]]",0.0,2.751,1,Fully conscious/deliberative,Fully clear,Quite easy,Rather confident,
Q0h9kyyrr0jdz4c6q0ga8fbmvQ,unconstrained,30.0,"[[0, 7, 6, 5], [0, 7, 6]]",1.0,5.016,1,Fully conscious/deliberative,Fully clear,Quite easy,Rather confident,
Q0h9kyyrr0jdz4c6q0ga8fbmvQ,unconstrained,31.0,"[[3, 5, 6, 7, 0], [0, 7, 6, 2]]",1.0,1.721,1,Fully conscious/deliberative,Fully clear,Quite easy,Rather confident,
Q0h9kyyrr0jdz4c6q0ga8fbmvQ,unconstrained,32.0,"[[0, 7, 1], [0, 7, 6, 2]]",1.0,4.116,0,Fully conscious/deliberative,Fully clear,Quite easy,Rather confident,
Q0h9kyyrr0jdz4c6q0ga8fbmvQ,unconstrained,33.0,"[[0, 7, 6], [4, 1, 7, 0]]",0.0,2.155,1,Fully conscious/deliberative,Fully clear,Quite easy,Rather confident,
Q0h9kyyrr0jdz4c6q0ga8fbmvQ,unconstrained,34.0,"[[4, 1, 7, 0], [2, 6, 7]]",0.0,3.932,0,Fully conscious/deliberative,Fully clear,Quite easy,Rather confident,
Q0h9kyyrr0jdz4c6q0ga8fbmvQ,unconstrained,35.0,"[[1, 7, 0], [6, 7, 1, 4]]",1.0,2.18,0,Fully conscious/deliberative,Fully clear,Quite easy,Rather confident,
Q0h9kyyrr0jdz4c6q0ga8fbmvQ,unconstrained,36.0,"[[4, 1, 7, 6, 5], [0, 7, 1, 4]]",1.0,1.182,1,Fully conscious/deliberative,Fully clear,Quite easy,Rather confident,
Q0h9kyyrr0jdz4c6q0ga8fbmvQ,unconstrained,37.0,"[[4, 1, 7, 6], [5, 6, 7]]",0.0,1.753,0,Fully conscious/deliberative,Fully clear,Quite easy,Rather confident,
Q0h9kyyrr0jdz4c6q0ga8fbmvQ,unconstrained,38.0,"[[4, 1, 7, 0], [7, 6, 2]]",0.0,1.92,0,Fully conscious/deliberative,Fully clear,Quite easy,Rather confident,
Q0h9kyyrr0jdz4c6q0ga8fbmvQ,unconstrained,39.0,"[[5, 6, 7, 1], [3, 5, 6, 7, 1]]",1.0,1.121,0,Fully conscious/deliberative,Fully clear,Quite easy,Rather confident,
Q0h9kyyrr0jdz4c6q0ga8fbmvQ,unconstrained,40.0,"[[0, 7, 6, 5], [6, 7, 1]]",0.0,1.622,0,Fully conscious/deliberative,Fully clear,Quite easy,Rather confident,
Q0h9kyyrr0jdz4c6q0ga8fbmvQ,unconstrained,41.0,"[[7, 1, 4], [0, 7, 6, 5]]",0.0,6.318,1,Fully conscious/deliberative,Fully clear,Quite easy,Rather confident,
Q0h9kyyrr0jdz4c6q0ga8fbmvQ,unconstrained,42.0,"[[6, 7, 1, 4], [2, 6, 5]]",0.0,2.706,0,Fully conscious/deliberative,Fully clear,Quite easy,Rather confident,
Q0h9kyyrr0jdz4c6q0ga8fbmvQ,unconstrained,43.0,"[[7, 6, 2], [6, 7, 1, 4]]",0.0,1.591,1,Fully conscious/deliberative,Fully clear,Quite easy,Rather confident,
Q0h9kyyrr0jdz4c6q0ga8fbmvQ,unconstrained,44.0,"[[4, 1, 7], [2, 6, 7, 0]]",1.0,1.253,0,Fully conscious/deliberative,Fully clear,Quite easy,Rather confident,
Q0h9kyyrr0jdz4c6q0ga8fbmvQ,unconstrained,45.0,"[[2, 6, 7, 1], [4, 1, 7]]",1.0,1.986,1,Fully conscious/deliberative,Fully clear,Quite easy,Rather confident,
Q0h9kyyrr0jdz4c6q0ga8fbmvQ,unconstrained,46.0,"[[0, 7, 1], [0, 7, 6, 5]]",1.0,1.42,0,Fully conscious/deliberative,Fully clear,Quite easy,Rather confident,
Q0h9kyyrr0jdz4c6q0ga8fbmvQ,unconstrained,47.0,"[[5, 6, 7], [2, 6, 5, 3]]",1.0,1.339,0,Fully conscious/deliberative,Fully clear,Quite easy,Rather confident,
Q0h9kyyrr0jdz4c6q0ga8fbmvQ,unconstrained,48.0,"[[3, 5, 6, 7, 0], [2, 6, 7, 1]]",1.0,1.168,1,Fully conscious/deliberative,Fully clear,Quite easy,Rather confident,
Q0h9kyyrr0jdz4c6q0ga8fbmvQ,unconstrained,49.0,"[[1, 7, 6, 5], [2, 6, 7]]",0.0,1.171,0,Fully conscious/deliberative,Fully clear,Quite easy,Rather confident,
Q0h9kyyrr0jdz4c6q0ga8fbmvQ,unconstrained,50.0,"[[3, 5, 6, 2], [0, 7, 1]]",1.0,1.173,1,Fully conscious/deliberative,Fully clear,Quite easy,Rather confident,
Q0h9kyyrr0jdz4c6q0ga8fbmvQ,unconstrained,51.0,"[[7, 6, 5], [0, 7, 6, 5]]",1.0,1.144,0,Fully conscious/deliberative,Fully clear,Quite easy,Rather confident,
Q0h9kyyrr0jdz4c6q0ga8fbmvQ,unconstrained,52.0,"[[3, 5, 6, 7], [4, 1, 7, 6, 5]]",1.0,0.949,0,Fully conscious/deliberative,Fully clear,Quite easy,Rather confident,
Q0h9kyyrr0jdz4c6q0ga8fbmvQ,unconstrained,53.0,"[[0, 7, 1], [5, 6, 7, 1]]",1.0,0.997,0,Fully conscious/deliberative,Fully clear,Quite easy,Rather confident,
Q0h9kyyrr0jdz4c6q0ga8fbmvQ,unconstrained,54.0,"[[6, 7, 1], [5, 6, 7, 1]]",1.0,1.015,0,Fully conscious/deliberative,Fully clear,Quite easy,Rather confident,
Q0h9kyyrr0jdz4c6q0ga8fbmvQ,unconstrained,55.0,"[[2, 6, 5], [1, 7, 6, 5]]",0.0,1.244,1,Fully conscious/deliberative,Fully clear,Quite easy,Rather confident,
Q0h9kyyrr0jdz4c6q0ga8fbmvQ,unconstrained,56.0,"[[6, 7, 1, 4], [2, 6, 7]]",0.0,2.271,0,Fully conscious/deliberative,Fully clear,Quite easy,Rather confident,
Q0h9kyyrr0jdz4c6q0ga8fbmvQ,unconstrained,57.0,"[[7, 6, 5], [0, 7, 6, 2]]",1.0,2.395,0,Fully conscious/deliberative,Fully clear,Quite easy,Rather confident,
Q0h9kyyrr0jdz4c6q0ga8fbmvQ,unconstrained,58.0,"[[4, 1, 7], [2, 6, 7, 1]]",0.0,1.097,1,Fully conscious/deliberative,Fully clear,Quite easy,Rather confident,
Q0h9kyyrr0jdz4c6q0ga8fbmvQ,unconstrained,59.0,"[[3, 5, 6, 2], [1, 7, 6, 5, 3]]",0.0,1.51,1,Fully conscious/deliberative,Fully clear,Quite easy,Rather confident,
Q0h9kyyrr0jdz4c6q0ga8fbmvQ,unconstrained,60.0,"[[6, 7, 0], [2, 6, 5, 3]]",1.0,2.706,0,Fully conscious/deliberative,Fully clear,Quite easy,Rather confident,
Q0h9kyyrr0jdz4c6q0ga8fbmvQ,unconstrained,61.0,"[[3, 5, 6, 2], [5, 6, 2]]",1.0,1.648,1,Fully conscious/deliberative,Fully clear,Quite easy,Rather confident,
Q0h9kyyrr0jdz4c6q0ga8fbmvQ,unconstrained,62.0,"[[7, 6, 2], [7, 6, 5, 3]]",1.0,1.177,0,Fully conscious/deliberative,Fully clear,Quite easy,Rather confident,
Q0h9kyyrr0jdz4c6q0ga8fbmvQ,unconstrained,63.0,"[[4, 1, 7, 0], [6, 5, 3]]",1.0,2.559,1,Fully conscious/deliberative,Fully clear,Quite easy,Rather confident,
Q0h9kyyrr0jdz4c6q0ga8fbmvQ,unconstrained,64.0,"[[2, 6, 7, 1, 4], [0, 7, 1, 4]]",0.0,1.164,0,Fully conscious/deliberative,Fully clear,Quite easy,Rather confident,
Q25skax4pr5s5by7q9se3aydsQ,unconstrained,0.0,"[[4, 1, 7, 6, 2], [0, 7, 1, 4]]",1.0,31.746,1,Fully conscious/deliberative,Fully clear,Easy,Confident,"There were no strategy. I clicked on what I felt was right, relying more on my intuition and on the information I got in the first task.  


Everything was clear and fine."
Q25skax4pr5s5by7q9se3aydsQ,unconstrained,1.0,"[[5, 6, 7, 1, 4], [4, 1, 7, 6]]",1.0,36.939,1,Fully conscious/deliberative,Fully clear,Easy,Confident,"There were no strategy. I clicked on what I felt was right, relying more on my intuition and on the information I got in the first task.  


Everything was clear and fine."
Q25skax4pr5s5by7q9se3aydsQ,unconstrained,2.0,"[[4, 1, 7], [2, 6, 5, 3]]",0.0,36.169,1,Fully conscious/deliberative,Fully clear,Easy,Confident,"There were no strategy. I clicked on what I felt was right, relying more on my intuition and on the information I got in the first task.  


Everything was clear and fine."
Q25skax4pr5s5by7q9se3aydsQ,unconstrained,3.0,"[[3, 5, 6, 7, 1], [5, 6, 7, 1]]",1.0,3.416,1,Fully conscious/deliberative,Fully clear,Easy,Confident,"There were no strategy. I clicked on what I felt was right, relying more on my intuition and on the information I got in the first task.  


Everything was clear and fine."
Q25skax4pr5s5by7q9se3aydsQ,unconstrained,4.0,"[[1, 7, 0], [0, 7, 6, 5]]",0.0,9.509,1,Fully conscious/deliberative,Fully clear,Easy,Confident,"There were no strategy. I clicked on what I felt was right, relying more on my intuition and on the information I got in the first task.  


Everything was clear and fine."
Q25skax4pr5s5by7q9se3aydsQ,unconstrained,5.0,"[[1, 7, 6, 5], [2, 6, 5]]",0.0,3.297,0,Fully conscious/deliberative,Fully clear,Easy,Confident,"There were no strategy. I clicked on what I felt was right, relying more on my intuition and on the information I got in the first task.  


Everything was clear and fine."
Q25skax4pr5s5by7q9se3aydsQ,unconstrained,6.0,"[[6, 5, 3], [6, 7, 1, 4]]",0.0,6.116,1,Fully conscious/deliberative,Fully clear,Easy,Confident,"There were no strategy. I clicked on what I felt was right, relying more on my intuition and on the information I got in the first task.  


Everything was clear and fine."
Q25skax4pr5s5by7q9se3aydsQ,unconstrained,7.0,"[[5, 6, 7, 0], [6, 7, 1]]",0.0,30.198,0,Fully conscious/deliberative,Fully clear,Easy,Confident,"There were no strategy. I clicked on what I felt was right, relying more on my intuition and on the information I got in the first task.  


Everything was clear and fine."
Q25skax4pr5s5by7q9se3aydsQ,unconstrained,8.0,"[[1, 7, 6, 2], [1, 7, 6, 5, 3]]",0.0,44.365,1,Fully conscious/deliberative,Fully clear,Easy,Confident,"There were no strategy. I clicked on what I felt was right, relying more on my intuition and on the information I got in the first task.  


Everything was clear and fine."
Q25skax4pr5s5by7q9se3aydsQ,unconstrained,9.0,"[[4, 1, 7], [2, 6, 7, 1]]",1.0,2.313,0,Fully conscious/deliberative,Fully clear,Easy,Confident,"There were no strategy. I clicked on what I felt was right, relying more on my intuition and on the information I got in the first task.  


Everything was clear and fine."
Q25skax4pr5s5by7q9se3aydsQ,unconstrained,10.0,"[[3, 5, 6, 7, 0], [4, 1, 7, 6]]",1.0,4.657,1,Fully conscious/deliberative,Fully clear,Easy,Confident,"There were no strategy. I clicked on what I felt was right, relying more on my intuition and on the information I got in the first task.  


Everything was clear and fine."
Q25skax4pr5s5by7q9se3aydsQ,unconstrained,11.0,"[[0, 7, 1, 4], [2, 6, 5]]",0.0,1.707,0,Fully conscious/deliberative,Fully clear,Easy,Confident,"There were no strategy. I clicked on what I felt was right, relying more on my intuition and on the information I got in the first task.  


Everything was clear and fine."
Q25skax4pr5s5by7q9se3aydsQ,unconstrained,12.0,"[[5, 6, 7, 1], [6, 7, 1]]",0.0,1.567,0,Fully conscious/deliberative,Fully clear,Easy,Confident,"There were no strategy. I clicked on what I felt was right, relying more on my intuition and on the information I got in the first task.  


Everything was clear and fine."
Q25skax4pr5s5by7q9se3aydsQ,unconstrained,13.0,"[[5, 6, 7], [1, 7, 6, 2]]",1.0,14.958,0,Fully conscious/deliberative,Fully clear,Easy,Confident,"There were no strategy. I clicked on what I felt was right, relying more on my intuition and on the information I got in the first task.  


Everything was clear and fine."
Q25skax4pr5s5by7q9se3aydsQ,unconstrained,14.0,"[[7, 1, 4], [1, 7, 6, 5]]",0.0,24.933,1,Fully conscious/deliberative,Fully clear,Easy,Confident,"There were no strategy. I clicked on what I felt was right, relying more on my intuition and on the information I got in the first task.  


Everything was clear and fine."
Q25skax4pr5s5by7q9se3aydsQ,unconstrained,15.0,"[[2, 6, 7], [6, 7, 1, 4]]",0.0,3.117,1,Fully conscious/deliberative,Fully clear,Easy,Confident,"There were no strategy. I clicked on what I felt was right, relying more on my intuition and on the information I got in the first task.  


Everything was clear and fine."
Q25skax4pr5s5by7q9se3aydsQ,unconstrained,16.0,"[[4, 1, 7], [1, 7, 6, 2]]",1.0,3.035,0,Fully conscious/deliberative,Fully clear,Easy,Confident,"There were no strategy. I clicked on what I felt was right, relying more on my intuition and on the information I got in the first task.  


Everything was clear and fine."
Q25skax4pr5s5by7q9se3aydsQ,unconstrained,17.0,"[[4, 1, 7], [5, 6, 7, 1]]",0.0,2.369,1,Fully conscious/deliberative,Fully clear,Easy,Confident,"There were no strategy. I clicked on what I felt was right, relying more on my intuition and on the information I got in the first task.  


Everything was clear and fine."
Q25skax4pr5s5by7q9se3aydsQ,unconstrained,18.0,"[[3, 5, 6, 7], [5, 6, 7, 1, 4]]",0.0,2.58,1,Fully conscious/deliberative,Fully clear,Easy,Confident,"There were no strategy. I clicked on what I felt was right, relying more on my intuition and on the information I got in the first task.  


Everything was clear and fine."
Q25skax4pr5s5by7q9se3aydsQ,unconstrained,19.0,"[[3, 5, 6, 2], [2, 6, 7, 1, 4]]",0.0,5.342,1,Fully conscious/deliberative,Fully clear,Easy,Confident,"There were no strategy. I clicked on what I felt was right, relying more on my intuition and on the information I got in the first task.  


Everything was clear and fine."
Q25skax4pr5s5by7q9se3aydsQ,unconstrained,20.0,"[[5, 6, 7, 0], [6, 7, 0]]",0.0,2.22,0,Fully conscious/deliberative,Fully clear,Easy,Confident,"There were no strategy. I clicked on what I felt was right, relying more on my intuition and on the information I got in the first task.  


Everything was clear and fine."
Q25skax4pr5s5by7q9se3aydsQ,unconstrained,21.0,"[[2, 6, 5, 3], [3, 5, 6, 7, 1]]",0.0,1.87,1,Fully conscious/deliberative,Fully clear,Easy,Confident,"There were no strategy. I clicked on what I felt was right, relying more on my intuition and on the information I got in the first task.  


Everything was clear and fine."
Q25skax4pr5s5by7q9se3aydsQ,unconstrained,22.0,"[[0, 7, 6, 5], [7, 1, 4]]",1.0,3.266,1,Fully conscious/deliberative,Fully clear,Easy,Confident,"There were no strategy. I clicked on what I felt was right, relying more on my intuition and on the information I got in the first task.  


Everything was clear and fine."
Q25skax4pr5s5by7q9se3aydsQ,unconstrained,23.0,"[[2, 6, 7, 0], [5, 6, 7]]",0.0,9.961,0,Fully conscious/deliberative,Fully clear,Easy,Confident,"There were no strategy. I clicked on what I felt was right, relying more on my intuition and on the information I got in the first task.  


Everything was clear and fine."
Q25skax4pr5s5by7q9se3aydsQ,unconstrained,24.0,"[[7, 6, 2], [4, 1, 7, 6]]",0.0,3.72,1,Fully conscious/deliberative,Fully clear,Easy,Confident,"There were no strategy. I clicked on what I felt was right, relying more on my intuition and on the information I got in the first task.  


Everything was clear and fine."
Q25skax4pr5s5by7q9se3aydsQ,unconstrained,25.0,"[[6, 7, 1, 4], [6, 5, 3]]",1.0,7.016,1,Fully conscious/deliberative,Fully clear,Easy,Confident,"There were no strategy. I clicked on what I felt was right, relying more on my intuition and on the information I got in the first task.  


Everything was clear and fine."
Q25skax4pr5s5by7q9se3aydsQ,unconstrained,26.0,"[[5, 6, 2], [3, 5, 6, 7]]",1.0,5.273,0,Fully conscious/deliberative,Fully clear,Easy,Confident,"There were no strategy. I clicked on what I felt was right, relying more on my intuition and on the information I got in the first task.  


Everything was clear and fine."
Q25skax4pr5s5by7q9se3aydsQ,unconstrained,27.0,"[[3, 5, 6, 7], [4, 1, 7, 6, 2]]",0.0,7.403,1,Fully conscious/deliberative,Fully clear,Easy,Confident,"There were no strategy. I clicked on what I felt was right, relying more on my intuition and on the information I got in the first task.  


Everything was clear and fine."
Q25skax4pr5s5by7q9se3aydsQ,unconstrained,28.0,"[[1, 7, 6], [3, 5, 6, 2]]",1.0,3.563,0,Fully conscious/deliberative,Fully clear,Easy,Confident,"There were no strategy. I clicked on what I felt was right, relying more on my intuition and on the information I got in the first task.  


Everything was clear and fine."
Q25skax4pr5s5by7q9se3aydsQ,unconstrained,29.0,"[[2, 6, 5, 3], [5, 6, 2]]",0.0,3.355,0,Fully conscious/deliberative,Fully clear,Easy,Confident,"There were no strategy. I clicked on what I felt was right, relying more on my intuition and on the information I got in the first task.  


Everything was clear and fine."
Q25skax4pr5s5by7q9se3aydsQ,unconstrained,30.0,"[[2, 6, 7], [3, 5, 6, 7]]",0.0,3.676,1,Fully conscious/deliberative,Fully clear,Easy,Confident,"There were no strategy. I clicked on what I felt was right, relying more on my intuition and on the information I got in the first task.  


Everything was clear and fine."
Q25skax4pr5s5by7q9se3aydsQ,unconstrained,31.0,"[[5, 6, 7, 1], [2, 6, 7]]",0.0,2.194,0,Fully conscious/deliberative,Fully clear,Easy,Confident,"There were no strategy. I clicked on what I felt was right, relying more on my intuition and on the information I got in the first task.  


Everything was clear and fine."
Q25skax4pr5s5by7q9se3aydsQ,unconstrained,32.0,"[[6, 7, 1, 4], [2, 6, 5]]",0.0,3.386,0,Fully conscious/deliberative,Fully clear,Easy,Confident,"There were no strategy. I clicked on what I felt was right, relying more on my intuition and on the information I got in the first task.  


Everything was clear and fine."
Q25skax4pr5s5by7q9se3aydsQ,unconstrained,33.0,"[[5, 6, 7], [5, 6, 7, 0]]",0.0,6.308,1,Fully conscious/deliberative,Fully clear,Easy,Confident,"There were no strategy. I clicked on what I felt was right, relying more on my intuition and on the information I got in the first task.  


Everything was clear and fine."
Q25skax4pr5s5by7q9se3aydsQ,unconstrained,34.0,"[[0, 7, 1], [1, 7, 6, 5]]",0.0,2.45,1,Fully conscious/deliberative,Fully clear,Easy,Confident,"There were no strategy. I clicked on what I felt was right, relying more on my intuition and on the information I got in the first task.  


Everything was clear and fine."
Q25skax4pr5s5by7q9se3aydsQ,unconstrained,35.0,"[[4, 1, 7, 6], [0, 7, 1]]",0.0,2.396,0,Fully conscious/deliberative,Fully clear,Easy,Confident,"There were no strategy. I clicked on what I felt was right, relying more on my intuition and on the information I got in the first task.  


Everything was clear and fine."
Q25skax4pr5s5by7q9se3aydsQ,unconstrained,36.0,"[[1, 7, 6, 2], [0, 7, 6, 5, 3]]",0.0,4.784,1,Fully conscious/deliberative,Fully clear,Easy,Confident,"There were no strategy. I clicked on what I felt was right, relying more on my intuition and on the information I got in the first task.  


Everything was clear and fine."
Q25skax4pr5s5by7q9se3aydsQ,unconstrained,37.0,"[[4, 1, 7, 6, 5], [7, 6, 5, 3]]",1.0,30.184,1,Fully conscious/deliberative,Fully clear,Easy,Confident,"There were no strategy. I clicked on what I felt was right, relying more on my intuition and on the information I got in the first task.  


Everything was clear and fine."
Q25skax4pr5s5by7q9se3aydsQ,unconstrained,38.0,"[[3, 5, 6], [1, 7, 6, 5]]",0.0,22.89,1,Fully conscious/deliberative,Fully clear,Easy,Confident,"There were no strategy. I clicked on what I felt was right, relying more on my intuition and on the information I got in the first task.  


Everything was clear and fine."
Q25skax4pr5s5by7q9se3aydsQ,unconstrained,39.0,"[[2, 6, 7, 1], [6, 5, 3]]",1.0,34.514,1,Fully conscious/deliberative,Fully clear,Easy,Confident,"There were no strategy. I clicked on what I felt was right, relying more on my intuition and on the information I got in the first task.  


Everything was clear and fine."
Q25skax4pr5s5by7q9se3aydsQ,unconstrained,40.0,"[[1, 7, 6, 2], [2, 6, 7]]",1.0,6.617,1,Fully conscious/deliberative,Fully clear,Easy,Confident,"There were no strategy. I clicked on what I felt was right, relying more on my intuition and on the information I got in the first task.  


Everything was clear and fine."
Q25skax4pr5s5by7q9se3aydsQ,unconstrained,41.0,"[[6, 7, 1, 4], [5, 6, 7]]",0.0,2.572,0,Fully conscious/deliberative,Fully clear,Easy,Confident,"There were no strategy. I clicked on what I felt was right, relying more on my intuition and on the information I got in the first task.  


Everything was clear and fine."
Q25skax4pr5s5by7q9se3aydsQ,unconstrained,42.0,"[[1, 7, 0], [2, 6, 7, 0]]",1.0,13.256,0,Fully conscious/deliberative,Fully clear,Easy,Confident,"There were no strategy. I clicked on what I felt was right, relying more on my intuition and on the information I got in the first task.  


Everything was clear and fine."
Q25skax4pr5s5by7q9se3aydsQ,unconstrained,43.0,"[[3, 5, 6, 7, 1, 4], [4, 1, 7, 6, 2]]",1.0,3.521,1,Fully conscious/deliberative,Fully clear,Easy,Confident,"There were no strategy. I clicked on what I felt was right, relying more on my intuition and on the information I got in the first task.  


Everything was clear and fine."
Q25skax4pr5s5by7q9se3aydsQ,unconstrained,44.0,"[[1, 7, 0], [2, 6, 7, 1]]",1.0,45.238,0,Fully conscious/deliberative,Fully clear,Easy,Confident,"There were no strategy. I clicked on what I felt was right, relying more on my intuition and on the information I got in the first task.  


Everything was clear and fine."
Q25skax4pr5s5by7q9se3aydsQ,unconstrained,45.0,"[[3, 5, 6, 7, 1], [6, 7, 1, 4]]",0.0,3.485,0,Fully conscious/deliberative,Fully clear,Easy,Confident,"There were no strategy. I clicked on what I felt was right, relying more on my intuition and on the information I got in the first task.  


Everything was clear and fine."
Q25skax4pr5s5by7q9se3aydsQ,unconstrained,46.0,"[[6, 7, 1], [0, 7, 1, 4]]",0.0,2.583,1,Fully conscious/deliberative,Fully clear,Easy,Confident,"There were no strategy. I clicked on what I felt was right, relying more on my intuition and on the information I got in the first task.  


Everything was clear and fine."
Q25skax4pr5s5by7q9se3aydsQ,unconstrained,47.0,"[[6, 5, 3], [2, 6, 7, 0]]",1.0,18.247,0,Fully conscious/deliberative,Fully clear,Easy,Confident,"There were no strategy. I clicked on what I felt was right, relying more on my intuition and on the information I got in the first task.  


Everything was clear and fine."
Q25skax4pr5s5by7q9se3aydsQ,unconstrained,48.0,"[[4, 1, 7, 0], [5, 6, 7, 1, 4]]",1.0,47.735,0,Fully conscious/deliberative,Fully clear,Easy,Confident,"There were no strategy. I clicked on what I felt was right, relying more on my intuition and on the information I got in the first task.  


Everything was clear and fine."
Q25skax4pr5s5by7q9se3aydsQ,unconstrained,49.0,"[[0, 7, 6], [0, 7, 1, 4]]",0.0,6.975,1,Fully conscious/deliberative,Fully clear,Easy,Confident,"There were no strategy. I clicked on what I felt was right, relying more on my intuition and on the information I got in the first task.  


Everything was clear and fine."
Q25skax4pr5s5by7q9se3aydsQ,unconstrained,50.0,"[[2, 6, 5, 3], [6, 7, 0]]",1.0,22.444,1,Fully conscious/deliberative,Fully clear,Easy,Confident,"There were no strategy. I clicked on what I felt was right, relying more on my intuition and on the information I got in the first task.  


Everything was clear and fine."
Q25skax4pr5s5by7q9se3aydsQ,unconstrained,51.0,"[[0, 7, 1], [1, 7, 6, 2]]",0.0,26.816,1,Fully conscious/deliberative,Fully clear,Easy,Confident,"There were no strategy. I clicked on what I felt was right, relying more on my intuition and on the information I got in the first task.  


Everything was clear and fine."
Q25skax4pr5s5by7q9se3aydsQ,unconstrained,52.0,"[[4, 1, 7, 0], [5, 6, 7]]",0.0,4.062,0,Fully conscious/deliberative,Fully clear,Easy,Confident,"There were no strategy. I clicked on what I felt was right, relying more on my intuition and on the information I got in the first task.  


Everything was clear and fine."
Q25skax4pr5s5by7q9se3aydsQ,unconstrained,53.0,"[[5, 6, 2], [0, 7, 6, 5]]",1.0,2.39,0,Fully conscious/deliberative,Fully clear,Easy,Confident,"There were no strategy. I clicked on what I felt was right, relying more on my intuition and on the information I got in the first task.  


Everything was clear and fine."
Q25skax4pr5s5by7q9se3aydsQ,unconstrained,54.0,"[[2, 6, 7, 0], [3, 5, 6, 7, 0]]",0.0,22.715,1,Fully conscious/deliberative,Fully clear,Easy,Confident,"There were no strategy. I clicked on what I felt was right, relying more on my intuition and on the information I got in the first task.  


Everything was clear and fine."
Q25skax4pr5s5by7q9se3aydsQ,unconstrained,55.0,"[[2, 6, 5, 3], [5, 6, 7]]",0.0,4.144,0,Fully conscious/deliberative,Fully clear,Easy,Confident,"There were no strategy. I clicked on what I felt was right, relying more on my intuition and on the information I got in the first task.  


Everything was clear and fine."
Q25skax4pr5s5by7q9se3aydsQ,unconstrained,56.0,"[[4, 1, 7], [0, 7, 6, 2]]",1.0,7.42,0,Fully conscious/deliberative,Fully clear,Easy,Confident,"There were no strategy. I clicked on what I felt was right, relying more on my intuition and on the information I got in the first task.  


Everything was clear and fine."
Q25skax4pr5s5by7q9se3aydsQ,unconstrained,57.0,"[[4, 1, 7, 6, 2], [5, 6, 7, 0]]",1.0,2.553,1,Fully conscious/deliberative,Fully clear,Easy,Confident,"There were no strategy. I clicked on what I felt was right, relying more on my intuition and on the information I got in the first task.  


Everything was clear and fine."
Q25skax4pr5s5by7q9se3aydsQ,unconstrained,58.0,"[[3, 5, 6], [0, 7, 1, 4]]",1.0,2.248,0,Fully conscious/deliberative,Fully clear,Easy,Confident,"There were no strategy. I clicked on what I felt was right, relying more on my intuition and on the information I got in the first task.  


Everything was clear and fine."
Q25skax4pr5s5by7q9se3aydsQ,unconstrained,59.0,"[[2, 6, 5, 3], [1, 7, 0]]",1.0,7.323,1,Fully conscious/deliberative,Fully clear,Easy,Confident,"There were no strategy. I clicked on what I felt was right, relying more on my intuition and on the information I got in the first task.  


Everything was clear and fine."
Q25skax4pr5s5by7q9se3aydsQ,unconstrained,60.0,"[[5, 6, 2], [1, 7, 6, 2]]",1.0,4.677,0,Fully conscious/deliberative,Fully clear,Easy,Confident,"There were no strategy. I clicked on what I felt was right, relying more on my intuition and on the information I got in the first task.  


Everything was clear and fine."
Q25skax4pr5s5by7q9se3aydsQ,unconstrained,61.0,"[[5, 6, 7], [5, 6, 7, 1]]",0.0,5.108,1,Fully conscious/deliberative,Fully clear,Easy,Confident,"There were no strategy. I clicked on what I felt was right, relying more on my intuition and on the information I got in the first task.  


Everything was clear and fine."
Q25skax4pr5s5by7q9se3aydsQ,unconstrained,62.0,"[[1, 7, 6, 2], [1, 7, 6]]",0.0,5.014,0,Fully conscious/deliberative,Fully clear,Easy,Confident,"There were no strategy. I clicked on what I felt was right, relying more on my intuition and on the information I got in the first task.  


Everything was clear and fine."
Q25skax4pr5s5by7q9se3aydsQ,unconstrained,63.0,"[[7, 6, 2], [0, 7, 1, 4]]",1.0,6.334,0,Fully conscious/deliberative,Fully clear,Easy,Confident,"There were no strategy. I clicked on what I felt was right, relying more on my intuition and on the information I got in the first task.  


Everything was clear and fine."
Q25skax4pr5s5by7q9se3aydsQ,unconstrained,64.0,"[[2, 6, 7], [0, 7, 1, 4]]",0.0,2.555,1,Fully conscious/deliberative,Fully clear,Easy,Confident,"There were no strategy. I clicked on what I felt was right, relying more on my intuition and on the information I got in the first task.  


Everything was clear and fine."
Q25skax4pr5s5by7q9se3aydsQ,unconstrained,0.0,"[[5, 6, 7, 1], [4, 1, 7]]",0.0,1.059,0,Fully conscious/deliberative,Fully clear,Easy,Confident,"There were no strategy. I clicked on what I felt was right, relying more on my intuition and on the information I got in the first task.  


Everything was clear and fine."
Q25skax4pr5s5by7q9se3aydsQ,unconstrained,1.0,"[[6, 7, 0], [0, 7, 1, 4]]",0.0,1.531,1,Fully conscious/deliberative,Fully clear,Easy,Confident,"There were no strategy. I clicked on what I felt was right, relying more on my intuition and on the information I got in the first task.  


Everything was clear and fine."
Q25skax4pr5s5by7q9se3aydsQ,unconstrained,2.0,"[[6, 5, 3], [2, 6, 7, 0]]",1.0,0.76,0,Fully conscious/deliberative,Fully clear,Easy,Confident,"There were no strategy. I clicked on what I felt was right, relying more on my intuition and on the information I got in the first task.  


Everything was clear and fine."
Q25skax4pr5s5by7q9se3aydsQ,unconstrained,3.0,"[[2, 6, 7], [4, 1, 7, 0]]",1.0,1.338,0,Fully conscious/deliberative,Fully clear,Easy,Confident,"There were no strategy. I clicked on what I felt was right, relying more on my intuition and on the information I got in the first task.  


Everything was clear and fine."
Q25skax4pr5s5by7q9se3aydsQ,unconstrained,4.0,"[[2, 6, 7], [2, 6, 7, 1]]",0.0,0.831,1,Fully conscious/deliberative,Fully clear,Easy,Confident,"There were no strategy. I clicked on what I felt was right, relying more on my intuition and on the information I got in the first task.  


Everything was clear and fine."
Q25skax4pr5s5by7q9se3aydsQ,unconstrained,5.0,"[[4, 1, 7, 6], [3, 5, 6]]",0.0,0.463,0,Fully conscious/deliberative,Fully clear,Easy,Confident,"There were no strategy. I clicked on what I felt was right, relying more on my intuition and on the information I got in the first task.  


Everything was clear and fine."
Q25skax4pr5s5by7q9se3aydsQ,unconstrained,6.0,"[[4, 1, 7, 6, 2], [0, 7, 1, 4]]",1.0,0.679,1,Fully conscious/deliberative,Fully clear,Easy,Confident,"There were no strategy. I clicked on what I felt was right, relying more on my intuition and on the information I got in the first task.  


Everything was clear and fine."
Q25skax4pr5s5by7q9se3aydsQ,unconstrained,7.0,"[[1, 7, 0], [0, 7, 6, 5]]",0.0,0.935,1,Fully conscious/deliberative,Fully clear,Easy,Confident,"There were no strategy. I clicked on what I felt was right, relying more on my intuition and on the information I got in the first task.  


Everything was clear and fine."
Q25skax4pr5s5by7q9se3aydsQ,unconstrained,8.0,"[[7, 6, 2], [6, 7, 1, 4]]",1.0,0.721,0,Fully conscious/deliberative,Fully clear,Easy,Confident,"There were no strategy. I clicked on what I felt was right, relying more on my intuition and on the information I got in the first task.  


Everything was clear and fine."
Q25skax4pr5s5by7q9se3aydsQ,unconstrained,9.0,"[[7, 6, 5], [5, 6, 7, 0]]",0.0,4.0,1,Fully conscious/deliberative,Fully clear,Easy,Confident,"There were no strategy. I clicked on what I felt was right, relying more on my intuition and on the information I got in the first task.  


Everything was clear and fine."
Q25skax4pr5s5by7q9se3aydsQ,unconstrained,10.0,"[[6, 7, 0], [3, 5, 6, 2]]",1.0,0.661,0,Fully conscious/deliberative,Fully clear,Easy,Confident,"There were no strategy. I clicked on what I felt was right, relying more on my intuition and on the information I got in the first task.  


Everything was clear and fine."
Q25skax4pr5s5by7q9se3aydsQ,unconstrained,11.0,"[[5, 6, 2], [4, 1, 7, 6]]",0.0,1.271,1,Fully conscious/deliberative,Fully clear,Easy,Confident,"There were no strategy. I clicked on what I felt was right, relying more on my intuition and on the information I got in the first task.  


Everything was clear and fine."
Q25skax4pr5s5by7q9se3aydsQ,unconstrained,12.0,"[[2, 6, 7], [0, 7, 1, 4]]",0.0,1.229,1,Fully conscious/deliberative,Fully clear,Easy,Confident,"There were no strategy. I clicked on what I felt was right, relying more on my intuition and on the information I got in the first task.  


Everything was clear and fine."
Q25skax4pr5s5by7q9se3aydsQ,unconstrained,13.0,"[[6, 7, 1], [5, 6, 7, 1]]",0.0,1.852,1,Fully conscious/deliberative,Fully clear,Easy,Confident,"There were no strategy. I clicked on what I felt was right, relying more on my intuition and on the information I got in the first task.  


Everything was clear and fine."
Q25skax4pr5s5by7q9se3aydsQ,unconstrained,14.0,"[[1, 7, 6, 2], [0, 7, 1]]",1.0,1.303,1,Fully conscious/deliberative,Fully clear,Easy,Confident,"There were no strategy. I clicked on what I felt was right, relying more on my intuition and on the information I got in the first task.  


Everything was clear and fine."
Q25skax4pr5s5by7q9se3aydsQ,unconstrained,15.0,"[[6, 5, 3], [5, 6, 7, 1]]",1.0,0.398,0,Fully conscious/deliberative,Fully clear,Easy,Confident,"There were no strategy. I clicked on what I felt was right, relying more on my intuition and on the information I got in the first task.  


Everything was clear and fine."
Q25skax4pr5s5by7q9se3aydsQ,unconstrained,16.0,"[[0, 7, 1], [0, 7, 6, 2]]",1.0,1.581,0,Fully conscious/deliberative,Fully clear,Easy,Confident,"There were no strategy. I clicked on what I felt was right, relying more on my intuition and on the information I got in the first task.  


Everything was clear and fine."
Q25skax4pr5s5by7q9se3aydsQ,unconstrained,17.0,"[[5, 6, 2], [1, 7, 6, 2]]",1.0,1.255,0,Fully conscious/deliberative,Fully clear,Easy,Confident,"There were no strategy. I clicked on what I felt was right, relying more on my intuition and on the information I got in the first task.  


Everything was clear and fine."
Q25skax4pr5s5by7q9se3aydsQ,unconstrained,18.0,"[[7, 6, 5], [4, 1, 7, 0]]",0.0,2.336,1,Fully conscious/deliberative,Fully clear,Easy,Confident,"There were no strategy. I clicked on what I felt was right, relying more on my intuition and on the information I got in the first task.  


Everything was clear and fine."
Q25skax4pr5s5by7q9se3aydsQ,unconstrained,19.0,"[[7, 6, 5], [3, 5, 6, 2]]",1.0,1.067,0,Fully conscious/deliberative,Fully clear,Easy,Confident,"There were no strategy. I clicked on what I felt was right, relying more on my intuition and on the information I got in the first task.  


Everything was clear and fine."
Q25skax4pr5s5by7q9se3aydsQ,unconstrained,20.0,"[[3, 5, 6, 7], [5, 6, 2]]",0.0,2.61,0,Fully conscious/deliberative,Fully clear,Easy,Confident,"There were no strategy. I clicked on what I felt was right, relying more on my intuition and on the information I got in the first task.  


Everything was clear and fine."
Q25skax4pr5s5by7q9se3aydsQ,unconstrained,21.0,"[[0, 7, 1], [2, 6, 7, 1]]",0.0,1.874,1,Fully conscious/deliberative,Fully clear,Easy,Confident,"There were no strategy. I clicked on what I felt was right, relying more on my intuition and on the information I got in the first task.  


Everything was clear and fine."
Q25skax4pr5s5by7q9se3aydsQ,unconstrained,22.0,"[[3, 5, 6, 7, 1], [3, 5, 6, 2]]",0.0,1.386,0,Fully conscious/deliberative,Fully clear,Easy,Confident,"There were no strategy. I clicked on what I felt was right, relying more on my intuition and on the information I got in the first task.  


Everything was clear and fine."
Q25skax4pr5s5by7q9se3aydsQ,unconstrained,23.0,"[[1, 7, 6, 5], [1, 7, 0]]",0.0,1.595,0,Fully conscious/deliberative,Fully clear,Easy,Confident,"There were no strategy. I clicked on what I felt was right, relying more on my intuition and on the information I got in the first task.  


Everything was clear and fine."
Q25skax4pr5s5by7q9se3aydsQ,unconstrained,24.0,"[[4, 1, 7], [2, 6, 7, 1]]",0.0,1.011,1,Fully conscious/deliberative,Fully clear,Easy,Confident,"There were no strategy. I clicked on what I felt was right, relying more on my intuition and on the information I got in the first task.  


Everything was clear and fine."
Q25skax4pr5s5by7q9se3aydsQ,unconstrained,25.0,"[[5, 6, 2], [4, 1, 7, 0]]",1.0,1.187,0,Fully conscious/deliberative,Fully clear,Easy,Confident,"There were no strategy. I clicked on what I felt was right, relying more on my intuition and on the information I got in the first task.  


Everything was clear and fine."
Q25skax4pr5s5by7q9se3aydsQ,unconstrained,26.0,"[[4, 1, 7, 6], [3, 5, 6, 7, 0]]",0.0,2.021,1,Fully conscious/deliberative,Fully clear,Easy,Confident,"There were no strategy. I clicked on what I felt was right, relying more on my intuition and on the information I got in the first task.  


Everything was clear and fine."
Q25skax4pr5s5by7q9se3aydsQ,unconstrained,27.0,"[[2, 6, 7, 0], [5, 6, 7]]",1.0,1.21,1,Fully conscious/deliberative,Fully clear,Easy,Confident,"There were no strategy. I clicked on what I felt was right, relying more on my intuition and on the information I got in the first task.  


Everything was clear and fine."
Q25skax4pr5s5by7q9se3aydsQ,unconstrained,28.0,"[[2, 6, 7, 1], [6, 5, 3]]",0.0,1.925,0,Fully conscious/deliberative,Fully clear,Easy,Confident,"There were no strategy. I clicked on what I felt was right, relying more on my intuition and on the information I got in the first task.  


Everything was clear and fine."
Q25skax4pr5s5by7q9se3aydsQ,unconstrained,29.0,"[[5, 6, 7], [5, 6, 7, 1]]",0.0,0.7,1,Fully conscious/deliberative,Fully clear,Easy,Confident,"There were no strategy. I clicked on what I felt was right, relying more on my intuition and on the information I got in the first task.  


Everything was clear and fine."
Q25skax4pr5s5by7q9se3aydsQ,unconstrained,30.0,"[[6, 7, 1, 4], [1, 7, 6, 5, 3]]",0.0,0.842,1,Fully conscious/deliberative,Fully clear,Easy,Confident,"There were no strategy. I clicked on what I felt was right, relying more on my intuition and on the information I got in the first task.  


Everything was clear and fine."
Q25skax4pr5s5by7q9se3aydsQ,unconstrained,31.0,"[[5, 6, 7, 1], [5, 6, 2]]",0.0,0.924,0,Fully conscious/deliberative,Fully clear,Easy,Confident,"There were no strategy. I clicked on what I felt was right, relying more on my intuition and on the information I got in the first task.  


Everything was clear and fine."
Q25skax4pr5s5by7q9se3aydsQ,unconstrained,32.0,"[[0, 7, 1], [2, 6, 5, 3]]",0.0,1.859,1,Fully conscious/deliberative,Fully clear,Easy,Confident,"There were no strategy. I clicked on what I felt was right, relying more on my intuition and on the information I got in the first task.  


Everything was clear and fine."
Q25skax4pr5s5by7q9se3aydsQ,unconstrained,33.0,"[[1, 7, 6, 2], [4, 1, 7]]",1.0,1.905,1,Fully conscious/deliberative,Fully clear,Easy,Confident,"There were no strategy. I clicked on what I felt was right, relying more on my intuition and on the information I got in the first task.  


Everything was clear and fine."
Q25skax4pr5s5by7q9se3aydsQ,unconstrained,34.0,"[[6, 7, 1, 4], [1, 7, 0]]",1.0,1.256,1,Fully conscious/deliberative,Fully clear,Easy,Confident,"There were no strategy. I clicked on what I felt was right, relying more on my intuition and on the information I got in the first task.  


Everything was clear and fine."
Q25skax4pr5s5by7q9se3aydsQ,unconstrained,35.0,"[[6, 7, 1, 4], [5, 6, 7]]",1.0,0.863,1,Fully conscious/deliberative,Fully clear,Easy,Confident,"There were no strategy. I clicked on what I felt was right, relying more on my intuition and on the information I got in the first task.  


Everything was clear and fine."
Q25skax4pr5s5by7q9se3aydsQ,unconstrained,36.0,"[[0, 7, 6], [5, 6, 7, 0]]",1.0,1.344,0,Fully conscious/deliberative,Fully clear,Easy,Confident,"There were no strategy. I clicked on what I felt was right, relying more on my intuition and on the information I got in the first task.  


Everything was clear and fine."
Q25skax4pr5s5by7q9se3aydsQ,unconstrained,37.0,"[[2, 6, 7, 1], [5, 6, 7]]",0.0,3.179,0,Fully conscious/deliberative,Fully clear,Easy,Confident,"There were no strategy. I clicked on what I felt was right, relying more on my intuition and on the information I got in the first task.  


Everything was clear and fine."
Q25skax4pr5s5by7q9se3aydsQ,unconstrained,38.0,"[[2, 6, 7, 0], [0, 7, 6, 5, 3]]",1.0,1.568,0,Fully conscious/deliberative,Fully clear,Easy,Confident,"There were no strategy. I clicked on what I felt was right, relying more on my intuition and on the information I got in the first task.  


Everything was clear and fine."
Q25skax4pr5s5by7q9se3aydsQ,unconstrained,39.0,"[[7, 6, 5, 3], [7, 6, 2]]",1.0,3.108,1,Fully conscious/deliberative,Fully clear,Easy,Confident,"There were no strategy. I clicked on what I felt was right, relying more on my intuition and on the information I got in the first task.  


Everything was clear and fine."
Q25skax4pr5s5by7q9se3aydsQ,unconstrained,40.0,"[[3, 5, 6], [0, 7, 1, 4]]",0.0,2.311,1,Fully conscious/deliberative,Fully clear,Easy,Confident,"There were no strategy. I clicked on what I felt was right, relying more on my intuition and on the information I got in the first task.  


Everything was clear and fine."
Q25skax4pr5s5by7q9se3aydsQ,unconstrained,41.0,"[[2, 6, 5], [2, 6, 5, 3]]",0.0,1.84,1,Fully conscious/deliberative,Fully clear,Easy,Confident,"There were no strategy. I clicked on what I felt was right, relying more on my intuition and on the information I got in the first task.  


Everything was clear and fine."
Q25skax4pr5s5by7q9se3aydsQ,unconstrained,42.0,"[[5, 6, 7, 1, 4], [3, 5, 6, 7]]",0.0,1.296,0,Fully conscious/deliberative,Fully clear,Easy,Confident,"There were no strategy. I clicked on what I felt was right, relying more on my intuition and on the information I got in the first task.  


Everything was clear and fine."
Q25skax4pr5s5by7q9se3aydsQ,unconstrained,43.0,"[[5, 6, 7, 1], [3, 5, 6, 7, 1]]",0.0,2.433,1,Fully conscious/deliberative,Fully clear,Easy,Confident,"There were no strategy. I clicked on what I felt was right, relying more on my intuition and on the information I got in the first task.  


Everything was clear and fine."
Q25skax4pr5s5by7q9se3aydsQ,unconstrained,44.0,"[[7, 6, 5, 3], [2, 6, 7, 1, 4]]",1.0,2.739,0,Fully conscious/deliberative,Fully clear,Easy,Confident,"There were no strategy. I clicked on what I felt was right, relying more on my intuition and on the information I got in the first task.  


Everything was clear and fine."
Q25skax4pr5s5by7q9se3aydsQ,unconstrained,45.0,"[[4, 1, 7, 6, 5], [0, 7, 1, 4]]",1.0,2.697,1,Fully conscious/deliberative,Fully clear,Easy,Confident,"There were no strategy. I clicked on what I felt was right, relying more on my intuition and on the information I got in the first task.  


Everything was clear and fine."
Q25skax4pr5s5by7q9se3aydsQ,unconstrained,46.0,"[[4, 1, 7], [0, 7, 6, 5]]",1.0,1.48,0,Fully conscious/deliberative,Fully clear,Easy,Confident,"There were no strategy. I clicked on what I felt was right, relying more on my intuition and on the information I got in the first task.  


Everything was clear and fine."
Q25skax4pr5s5by7q9se3aydsQ,unconstrained,47.0,"[[4, 1, 7, 6], [5, 6, 7, 1, 4]]",0.0,1.099,1,Fully conscious/deliberative,Fully clear,Easy,Confident,"There were no strategy. I clicked on what I felt was right, relying more on my intuition and on the information I got in the first task.  


Everything was clear and fine."
Q25skax4pr5s5by7q9se3aydsQ,unconstrained,48.0,"[[0, 7, 6, 5], [2, 6, 5]]",0.0,2.694,0,Fully conscious/deliberative,Fully clear,Easy,Confident,"There were no strategy. I clicked on what I felt was right, relying more on my intuition and on the information I got in the first task.  


Everything was clear and fine."
Q25skax4pr5s5by7q9se3aydsQ,unconstrained,49.0,"[[2, 6, 7, 1], [6, 7, 1]]",1.0,1.699,1,Fully conscious/deliberative,Fully clear,Easy,Confident,"There were no strategy. I clicked on what I felt was right, relying more on my intuition and on the information I got in the first task.  


Everything was clear and fine."
Q25skax4pr5s5by7q9se3aydsQ,unconstrained,50.0,"[[5, 6, 7, 1, 4], [3, 5, 6, 7]]",0.0,1.159,0,Fully conscious/deliberative,Fully clear,Easy,Confident,"There were no strategy. I clicked on what I felt was right, relying more on my intuition and on the information I got in the first task.  


Everything was clear and fine."
Q25skax4pr5s5by7q9se3aydsQ,unconstrained,51.0,"[[5, 6, 7, 0], [6, 7, 1]]",1.0,1.179,1,Fully conscious/deliberative,Fully clear,Easy,Confident,"There were no strategy. I clicked on what I felt was right, relying more on my intuition and on the information I got in the first task.  


Everything was clear and fine."
Q25skax4pr5s5by7q9se3aydsQ,unconstrained,52.0,"[[3, 5, 6, 2], [4, 1, 7, 6, 2]]",1.0,2.455,0,Fully conscious/deliberative,Fully clear,Easy,Confident,"There were no strategy. I clicked on what I felt was right, relying more on my intuition and on the information I got in the first task.  


Everything was clear and fine."
Q25skax4pr5s5by7q9se3aydsQ,unconstrained,53.0,"[[2, 6, 7, 0], [7, 1, 4]]",1.0,2.044,1,Fully conscious/deliberative,Fully clear,Easy,Confident,"There were no strategy. I clicked on what I felt was right, relying more on my intuition and on the information I got in the first task.  


Everything was clear and fine."
Q25skax4pr5s5by7q9se3aydsQ,unconstrained,54.0,"[[4, 1, 7, 6, 2], [5, 6, 7, 0]]",1.0,1.628,1,Fully conscious/deliberative,Fully clear,Easy,Confident,"There were no strategy. I clicked on what I felt was right, relying more on my intuition and on the information I got in the first task.  


Everything was clear and fine."
Q25skax4pr5s5by7q9se3aydsQ,unconstrained,55.0,"[[4, 1, 7], [5, 6, 7, 1]]",1.0,2.16,0,Fully conscious/deliberative,Fully clear,Easy,Confident,"There were no strategy. I clicked on what I felt was right, relying more on my intuition and on the information I got in the first task.  


Everything was clear and fine."
Q25skax4pr5s5by7q9se3aydsQ,unconstrained,56.0,"[[2, 6, 7], [6, 7, 1, 4]]",0.0,1.435,1,Fully conscious/deliberative,Fully clear,Easy,Confident,"There were no strategy. I clicked on what I felt was right, relying more on my intuition and on the information I got in the first task.  


Everything was clear and fine."
Q25skax4pr5s5by7q9se3aydsQ,unconstrained,57.0,"[[4, 1, 7, 6, 5, 3], [2, 6, 7, 1, 4]]",0.0,1.471,0,Fully conscious/deliberative,Fully clear,Easy,Confident,"There were no strategy. I clicked on what I felt was right, relying more on my intuition and on the information I got in the first task.  


Everything was clear and fine."
Q25skax4pr5s5by7q9se3aydsQ,unconstrained,58.0,"[[3, 5, 6], [6, 7, 1, 4]]",0.0,1.596,1,Fully conscious/deliberative,Fully clear,Easy,Confident,"There were no strategy. I clicked on what I felt was right, relying more on my intuition and on the information I got in the first task.  


Everything was clear and fine."
Q25skax4pr5s5by7q9se3aydsQ,unconstrained,59.0,"[[1, 7, 6, 5], [7, 6, 2]]",0.0,3.44,0,Fully conscious/deliberative,Fully clear,Easy,Confident,"There were no strategy. I clicked on what I felt was right, relying more on my intuition and on the information I got in the first task.  


Everything was clear and fine."
Q25skax4pr5s5by7q9se3aydsQ,unconstrained,60.0,"[[3, 5, 6, 2], [7, 1, 4]]",1.0,2.151,1,Fully conscious/deliberative,Fully clear,Easy,Confident,"There were no strategy. I clicked on what I felt was right, relying more on my intuition and on the information I got in the first task.  


Everything was clear and fine."
Q25skax4pr5s5by7q9se3aydsQ,unconstrained,61.0,"[[1, 7, 6, 2], [3, 5, 6, 7, 0]]",0.0,1.168,1,Fully conscious/deliberative,Fully clear,Easy,Confident,"There were no strategy. I clicked on what I felt was right, relying more on my intuition and on the information I got in the first task.  


Everything was clear and fine."
Q25skax4pr5s5by7q9se3aydsQ,unconstrained,62.0,"[[3, 5, 6, 2], [1, 7, 6]]",0.0,1.009,0,Fully conscious/deliberative,Fully clear,Easy,Confident,"There were no strategy. I clicked on what I felt was right, relying more on my intuition and on the information I got in the first task.  


Everything was clear and fine."
Q25skax4pr5s5by7q9se3aydsQ,unconstrained,63.0,"[[2, 6, 7, 1], [3, 5, 6, 7, 1]]",0.0,1.049,1,Fully conscious/deliberative,Fully clear,Easy,Confident,"There were no strategy. I clicked on what I felt was right, relying more on my intuition and on the information I got in the first task.  


Everything was clear and fine."
Q25skax4pr5s5by7q9se3aydsQ,unconstrained,64.0,"[[0, 7, 1, 4], [6, 7, 1]]",0.0,1.63,0,Fully conscious/deliberative,Fully clear,Easy,Confident,"There were no strategy. I clicked on what I felt was right, relying more on my intuition and on the information I got in the first task.  


Everything was clear and fine."
Q33kcoknrhp0bgemxdi8iz75bQ,unconstrained,0.0,"[[7, 1, 4], [5, 6, 7, 0]]",1.0,19.112,0,Fairly intuitive/unconscious,Somewhat unclear,Hard,Rather unconfident,I used the previous task and tried to remember the patterns or the directions in which the bee mostly few to.
Q33kcoknrhp0bgemxdi8iz75bQ,unconstrained,1.0,"[[3, 5, 6, 7, 1], [2, 6, 5, 3]]",0.0,39.853,0,Fairly intuitive/unconscious,Somewhat unclear,Hard,Rather unconfident,I used the previous task and tried to remember the patterns or the directions in which the bee mostly few to.
Q33kcoknrhp0bgemxdi8iz75bQ,unconstrained,2.0,"[[6, 7, 1], [2, 6, 5, 3]]",1.0,28.514,0,Fairly intuitive/unconscious,Somewhat unclear,Hard,Rather unconfident,I used the previous task and tried to remember the patterns or the directions in which the bee mostly few to.
Q33kcoknrhp0bgemxdi8iz75bQ,unconstrained,3.0,"[[6, 5, 3], [5, 6, 7, 1]]",1.0,4.619,0,Fairly intuitive/unconscious,Somewhat unclear,Hard,Rather unconfident,I used the previous task and tried to remember the patterns or the directions in which the bee mostly few to.
Q33kcoknrhp0bgemxdi8iz75bQ,unconstrained,4.0,"[[5, 6, 2], [5, 6, 7, 1]]",0.0,9.249,1,Fairly intuitive/unconscious,Somewhat unclear,Hard,Rather unconfident,I used the previous task and tried to remember the patterns or the directions in which the bee mostly few to.
Q33kcoknrhp0bgemxdi8iz75bQ,unconstrained,5.0,"[[4, 1, 7, 6, 5, 3], [2, 6, 7, 1, 4]]",0.0,5.498,0,Fairly intuitive/unconscious,Somewhat unclear,Hard,Rather unconfident,I used the previous task and tried to remember the patterns or the directions in which the bee mostly few to.
Q33kcoknrhp0bgemxdi8iz75bQ,unconstrained,6.0,"[[4, 1, 7], [1, 7, 6, 2]]",1.0,1.586,0,Fairly intuitive/unconscious,Somewhat unclear,Hard,Rather unconfident,I used the previous task and tried to remember the patterns or the directions in which the bee mostly few to.
Q33kcoknrhp0bgemxdi8iz75bQ,unconstrained,7.0,"[[2, 6, 5, 3], [2, 6, 7, 1, 4]]",1.0,8.355,0,Fairly intuitive/unconscious,Somewhat unclear,Hard,Rather unconfident,I used the previous task and tried to remember the patterns or the directions in which the bee mostly few to.
Q33kcoknrhp0bgemxdi8iz75bQ,unconstrained,8.0,"[[6, 5, 3], [6, 7, 1, 4]]",1.0,8.342,0,Fairly intuitive/unconscious,Somewhat unclear,Hard,Rather unconfident,I used the previous task and tried to remember the patterns or the directions in which the bee mostly few to.
Q33kcoknrhp0bgemxdi8iz75bQ,unconstrained,9.0,"[[7, 6, 2], [0, 7, 1, 4]]",1.0,6.768,0,Fairly intuitive/unconscious,Somewhat unclear,Hard,Rather unconfident,I used the previous task and tried to remember the patterns or the directions in which the bee mostly few to.
Q33kcoknrhp0bgemxdi8iz75bQ,unconstrained,10.0,"[[1, 7, 0], [1, 7, 6, 5]]",1.0,12.769,0,Fairly intuitive/unconscious,Somewhat unclear,Hard,Rather unconfident,I used the previous task and tried to remember the patterns or the directions in which the bee mostly few to.
Q33kcoknrhp0bgemxdi8iz75bQ,unconstrained,11.0,"[[7, 6, 5], [4, 1, 7, 0]]",0.0,9.351,1,Fairly intuitive/unconscious,Somewhat unclear,Hard,Rather unconfident,I used the previous task and tried to remember the patterns or the directions in which the bee mostly few to.
Q33kcoknrhp0bgemxdi8iz75bQ,unconstrained,12.0,"[[7, 6, 5], [0, 7, 6, 2]]",1.0,1.742,0,Fairly intuitive/unconscious,Somewhat unclear,Hard,Rather unconfident,I used the previous task and tried to remember the patterns or the directions in which the bee mostly few to.
Q33kcoknrhp0bgemxdi8iz75bQ,unconstrained,13.0,"[[2, 6, 7, 1, 4], [0, 7, 1, 4]]",1.0,4.818,1,Fairly intuitive/unconscious,Somewhat unclear,Hard,Rather unconfident,I used the previous task and tried to remember the patterns or the directions in which the bee mostly few to.
Q33kcoknrhp0bgemxdi8iz75bQ,unconstrained,14.0,"[[7, 1, 4], [1, 7, 6, 5]]",1.0,0.917,0,Fairly intuitive/unconscious,Somewhat unclear,Hard,Rather unconfident,I used the previous task and tried to remember the patterns or the directions in which the bee mostly few to.
Q33kcoknrhp0bgemxdi8iz75bQ,unconstrained,15.0,"[[6, 7, 1, 4], [0, 7, 6, 5, 3]]",1.0,6.212,0,Fairly intuitive/unconscious,Somewhat unclear,Hard,Rather unconfident,I used the previous task and tried to remember the patterns or the directions in which the bee mostly few to.
Q33kcoknrhp0bgemxdi8iz75bQ,unconstrained,16.0,"[[3, 5, 6, 7, 1], [2, 6, 7, 1]]",0.0,12.056,0,Fairly intuitive/unconscious,Somewhat unclear,Hard,Rather unconfident,I used the previous task and tried to remember the patterns or the directions in which the bee mostly few to.
Q33kcoknrhp0bgemxdi8iz75bQ,unconstrained,17.0,"[[0, 7, 6], [0, 7, 1, 4]]",1.0,2.056,0,Fairly intuitive/unconscious,Somewhat unclear,Hard,Rather unconfident,I used the previous task and tried to remember the patterns or the directions in which the bee mostly few to.
Q33kcoknrhp0bgemxdi8iz75bQ,unconstrained,18.0,"[[7, 6, 2], [6, 7, 1, 4]]",1.0,2.934,0,Fairly intuitive/unconscious,Somewhat unclear,Hard,Rather unconfident,I used the previous task and tried to remember the patterns or the directions in which the bee mostly few to.
Q33kcoknrhp0bgemxdi8iz75bQ,unconstrained,19.0,"[[7, 6, 2], [4, 1, 7, 6]]",0.0,2.887,1,Fairly intuitive/unconscious,Somewhat unclear,Hard,Rather unconfident,I used the previous task and tried to remember the patterns or the directions in which the bee mostly few to.
Q33kcoknrhp0bgemxdi8iz75bQ,unconstrained,20.0,"[[5, 6, 2], [3, 5, 6, 7]]",0.0,2.864,1,Fairly intuitive/unconscious,Somewhat unclear,Hard,Rather unconfident,I used the previous task and tried to remember the patterns or the directions in which the bee mostly few to.
Q33kcoknrhp0bgemxdi8iz75bQ,unconstrained,21.0,"[[1, 7, 0], [1, 7, 6, 2]]",1.0,6.122,0,Fairly intuitive/unconscious,Somewhat unclear,Hard,Rather unconfident,I used the previous task and tried to remember the patterns or the directions in which the bee mostly few to.
Q33kcoknrhp0bgemxdi8iz75bQ,unconstrained,22.0,"[[0, 7, 6, 2], [3, 5, 6, 7, 0]]",0.0,1.538,1,Fairly intuitive/unconscious,Somewhat unclear,Hard,Rather unconfident,I used the previous task and tried to remember the patterns or the directions in which the bee mostly few to.
Q33kcoknrhp0bgemxdi8iz75bQ,unconstrained,23.0,"[[0, 7, 6, 5], [0, 7, 6]]",1.0,3.543,1,Fairly intuitive/unconscious,Somewhat unclear,Hard,Rather unconfident,I used the previous task and tried to remember the patterns or the directions in which the bee mostly few to.
Q33kcoknrhp0bgemxdi8iz75bQ,unconstrained,24.0,"[[5, 6, 2], [2, 6, 7, 1]]",1.0,6.691,0,Fairly intuitive/unconscious,Somewhat unclear,Hard,Rather unconfident,I used the previous task and tried to remember the patterns or the directions in which the bee mostly few to.
Q33kcoknrhp0bgemxdi8iz75bQ,unconstrained,25.0,"[[5, 6, 7], [5, 6, 7, 1]]",0.0,3.205,1,Fairly intuitive/unconscious,Somewhat unclear,Hard,Rather unconfident,I used the previous task and tried to remember the patterns or the directions in which the bee mostly few to.
Q33kcoknrhp0bgemxdi8iz75bQ,unconstrained,26.0,"[[3, 5, 6], [2, 6, 7, 0]]",1.0,2.039,0,Fairly intuitive/unconscious,Somewhat unclear,Hard,Rather unconfident,I used the previous task and tried to remember the patterns or the directions in which the bee mostly few to.
Q33kcoknrhp0bgemxdi8iz75bQ,unconstrained,27.0,"[[7, 6, 5], [4, 1, 7, 6]]",0.0,4.372,1,Fairly intuitive/unconscious,Somewhat unclear,Hard,Rather unconfident,I used the previous task and tried to remember the patterns or the directions in which the bee mostly few to.
Q33kcoknrhp0bgemxdi8iz75bQ,unconstrained,28.0,"[[3, 5, 6, 7], [4, 1, 7, 6, 5]]",0.0,12.282,1,Fairly intuitive/unconscious,Somewhat unclear,Hard,Rather unconfident,I used the previous task and tried to remember the patterns or the directions in which the bee mostly few to.
Q33kcoknrhp0bgemxdi8iz75bQ,unconstrained,29.0,"[[2, 6, 5], [5, 6, 7, 0]]",0.0,8.855,1,Fairly intuitive/unconscious,Somewhat unclear,Hard,Rather unconfident,I used the previous task and tried to remember the patterns or the directions in which the bee mostly few to.
Q33kcoknrhp0bgemxdi8iz75bQ,unconstrained,30.0,"[[6, 7, 1, 4], [4, 1, 7, 6, 5]]",0.0,2.735,1,Fairly intuitive/unconscious,Somewhat unclear,Hard,Rather unconfident,I used the previous task and tried to remember the patterns or the directions in which the bee mostly few to.
Q33kcoknrhp0bgemxdi8iz75bQ,unconstrained,31.0,"[[2, 6, 7], [4, 1, 7, 0]]",0.0,3.645,1,Fairly intuitive/unconscious,Somewhat unclear,Hard,Rather unconfident,I used the previous task and tried to remember the patterns or the directions in which the bee mostly few to.
Q33kcoknrhp0bgemxdi8iz75bQ,unconstrained,32.0,"[[0, 7, 1, 4], [4, 1, 7, 6, 5]]",1.0,4.611,0,Fairly intuitive/unconscious,Somewhat unclear,Hard,Rather unconfident,I used the previous task and tried to remember the patterns or the directions in which the bee mostly few to.
Q33kcoknrhp0bgemxdi8iz75bQ,unconstrained,33.0,"[[1, 7, 6, 5], [1, 7, 6, 5, 3]]",0.0,10.191,1,Fairly intuitive/unconscious,Somewhat unclear,Hard,Rather unconfident,I used the previous task and tried to remember the patterns or the directions in which the bee mostly few to.
Q33kcoknrhp0bgemxdi8iz75bQ,unconstrained,34.0,"[[0, 7, 1], [0, 7, 6, 2]]",1.0,14.82,0,Fairly intuitive/unconscious,Somewhat unclear,Hard,Rather unconfident,I used the previous task and tried to remember the patterns or the directions in which the bee mostly few to.
Q33kcoknrhp0bgemxdi8iz75bQ,unconstrained,35.0,"[[3, 5, 6], [4, 1, 7, 0]]",1.0,2.551,0,Fairly intuitive/unconscious,Somewhat unclear,Hard,Rather unconfident,I used the previous task and tried to remember the patterns or the directions in which the bee mostly few to.
Q33kcoknrhp0bgemxdi8iz75bQ,unconstrained,36.0,"[[2, 6, 7, 0], [7, 1, 4]]",1.0,1.161,1,Fairly intuitive/unconscious,Somewhat unclear,Hard,Rather unconfident,I used the previous task and tried to remember the patterns or the directions in which the bee mostly few to.
Q33kcoknrhp0bgemxdi8iz75bQ,unconstrained,37.0,"[[1, 7, 0], [2, 6, 5, 3]]",1.0,11.92,0,Fairly intuitive/unconscious,Somewhat unclear,Hard,Rather unconfident,I used the previous task and tried to remember the patterns or the directions in which the bee mostly few to.
Q33kcoknrhp0bgemxdi8iz75bQ,unconstrained,38.0,"[[3, 5, 6, 7], [4, 1, 7, 6, 2]]",1.0,7.308,0,Fairly intuitive/unconscious,Somewhat unclear,Hard,Rather unconfident,I used the previous task and tried to remember the patterns or the directions in which the bee mostly few to.
Q33kcoknrhp0bgemxdi8iz75bQ,unconstrained,39.0,"[[3, 5, 6, 7, 0], [2, 6, 7, 1]]",0.0,1.577,0,Fairly intuitive/unconscious,Somewhat unclear,Hard,Rather unconfident,I used the previous task and tried to remember the patterns or the directions in which the bee mostly few to.
Q33kcoknrhp0bgemxdi8iz75bQ,unconstrained,40.0,"[[5, 6, 2], [3, 5, 6, 2]]",0.0,4.254,1,Fairly intuitive/unconscious,Somewhat unclear,Hard,Rather unconfident,I used the previous task and tried to remember the patterns or the directions in which the bee mostly few to.
Q33kcoknrhp0bgemxdi8iz75bQ,unconstrained,41.0,"[[1, 7, 6], [5, 6, 7, 0]]",0.0,3.979,1,Fairly intuitive/unconscious,Somewhat unclear,Hard,Rather unconfident,I used the previous task and tried to remember the patterns or the directions in which the bee mostly few to.
Q33kcoknrhp0bgemxdi8iz75bQ,unconstrained,42.0,"[[6, 7, 0], [3, 5, 6, 2]]",1.0,7.063,0,Fairly intuitive/unconscious,Somewhat unclear,Hard,Rather unconfident,I used the previous task and tried to remember the patterns or the directions in which the bee mostly few to.
Q33kcoknrhp0bgemxdi8iz75bQ,unconstrained,43.0,"[[3, 5, 6, 7], [7, 6, 2]]",0.0,3.068,0,Fairly intuitive/unconscious,Somewhat unclear,Hard,Rather unconfident,I used the previous task and tried to remember the patterns or the directions in which the bee mostly few to.
Q33kcoknrhp0bgemxdi8iz75bQ,unconstrained,44.0,"[[5, 6, 7, 1, 4], [7, 6, 5, 3]]",1.0,12.925,1,Fairly intuitive/unconscious,Somewhat unclear,Hard,Rather unconfident,I used the previous task and tried to remember the patterns or the directions in which the bee mostly few to.
Q33kcoknrhp0bgemxdi8iz75bQ,unconstrained,45.0,"[[0, 7, 1, 4], [2, 6, 5]]",0.0,4.168,0,Fairly intuitive/unconscious,Somewhat unclear,Hard,Rather unconfident,I used the previous task and tried to remember the patterns or the directions in which the bee mostly few to.
Q33kcoknrhp0bgemxdi8iz75bQ,unconstrained,46.0,"[[2, 6, 7, 1], [3, 5, 6]]",1.0,1.841,1,Fairly intuitive/unconscious,Somewhat unclear,Hard,Rather unconfident,I used the previous task and tried to remember the patterns or the directions in which the bee mostly few to.
Q33kcoknrhp0bgemxdi8iz75bQ,unconstrained,47.0,"[[7, 6, 2], [1, 7, 6, 2]]",1.0,4.964,0,Fairly intuitive/unconscious,Somewhat unclear,Hard,Rather unconfident,I used the previous task and tried to remember the patterns or the directions in which the bee mostly few to.
Q33kcoknrhp0bgemxdi8iz75bQ,unconstrained,48.0,"[[6, 7, 1], [1, 7, 6, 5]]",0.0,2.614,1,Fairly intuitive/unconscious,Somewhat unclear,Hard,Rather unconfident,I used the previous task and tried to remember the patterns or the directions in which the bee mostly few to.
Q33kcoknrhp0bgemxdi8iz75bQ,unconstrained,49.0,"[[2, 6, 5], [6, 7, 1, 4]]",0.0,7.331,1,Fairly intuitive/unconscious,Somewhat unclear,Hard,Rather unconfident,I used the previous task and tried to remember the patterns or the directions in which the bee mostly few to.
Q33kcoknrhp0bgemxdi8iz75bQ,unconstrained,50.0,"[[1, 7, 6, 5, 3], [6, 7, 1, 4]]",1.0,10.148,1,Fairly intuitive/unconscious,Somewhat unclear,Hard,Rather unconfident,I used the previous task and tried to remember the patterns or the directions in which the bee mostly few to.
Q33kcoknrhp0bgemxdi8iz75bQ,unconstrained,51.0,"[[1, 7, 6, 2], [0, 7, 1]]",0.0,5.798,0,Fairly intuitive/unconscious,Somewhat unclear,Hard,Rather unconfident,I used the previous task and tried to remember the patterns or the directions in which the bee mostly few to.
Q33kcoknrhp0bgemxdi8iz75bQ,unconstrained,52.0,"[[5, 6, 7, 1], [2, 6, 7]]",0.0,2.306,0,Fairly intuitive/unconscious,Somewhat unclear,Hard,Rather unconfident,I used the previous task and tried to remember the patterns or the directions in which the bee mostly few to.
Q33kcoknrhp0bgemxdi8iz75bQ,unconstrained,53.0,"[[5, 6, 7], [3, 5, 6, 2]]",0.0,6.704,1,Fairly intuitive/unconscious,Somewhat unclear,Hard,Rather unconfident,I used the previous task and tried to remember the patterns or the directions in which the bee mostly few to.
Q33kcoknrhp0bgemxdi8iz75bQ,unconstrained,54.0,"[[1, 7, 6], [1, 7, 6, 2]]",1.0,6.69,0,Fairly intuitive/unconscious,Somewhat unclear,Hard,Rather unconfident,I used the previous task and tried to remember the patterns or the directions in which the bee mostly few to.
Q33kcoknrhp0bgemxdi8iz75bQ,unconstrained,55.0,"[[5, 6, 7, 0], [7, 6, 5]]",1.0,2.97,1,Fairly intuitive/unconscious,Somewhat unclear,Hard,Rather unconfident,I used the previous task and tried to remember the patterns or the directions in which the bee mostly few to.
Q33kcoknrhp0bgemxdi8iz75bQ,unconstrained,56.0,"[[4, 1, 7], [5, 6, 7, 1]]",0.0,5.014,1,Fairly intuitive/unconscious,Somewhat unclear,Hard,Rather unconfident,I used the previous task and tried to remember the patterns or the directions in which the bee mostly few to.
Q33kcoknrhp0bgemxdi8iz75bQ,unconstrained,57.0,"[[0, 7, 1], [0, 7, 6, 5]]",1.0,1.992,0,Fairly intuitive/unconscious,Somewhat unclear,Hard,Rather unconfident,I used the previous task and tried to remember the patterns or the directions in which the bee mostly few to.
Q33kcoknrhp0bgemxdi8iz75bQ,unconstrained,58.0,"[[4, 1, 7, 0], [1, 7, 6]]",1.0,4.423,1,Fairly intuitive/unconscious,Somewhat unclear,Hard,Rather unconfident,I used the previous task and tried to remember the patterns or the directions in which the bee mostly few to.
Q33kcoknrhp0bgemxdi8iz75bQ,unconstrained,59.0,"[[1, 7, 0], [6, 7, 1, 4]]",0.0,12.293,1,Fairly intuitive/unconscious,Somewhat unclear,Hard,Rather unconfident,I used the previous task and tried to remember the patterns or the directions in which the bee mostly few to.
Q33kcoknrhp0bgemxdi8iz75bQ,unconstrained,60.0,"[[2, 6, 7, 1], [5, 6, 7]]",1.0,4.309,1,Fairly intuitive/unconscious,Somewhat unclear,Hard,Rather unconfident,I used the previous task and tried to remember the patterns or the directions in which the bee mostly few to.
Q33kcoknrhp0bgemxdi8iz75bQ,unconstrained,61.0,"[[3, 5, 6, 2], [7, 1, 4]]",1.0,1.619,1,Fairly intuitive/unconscious,Somewhat unclear,Hard,Rather unconfident,I used the previous task and tried to remember the patterns or the directions in which the bee mostly few to.
Q33kcoknrhp0bgemxdi8iz75bQ,unconstrained,62.0,"[[6, 7, 1, 4], [3, 5, 6]]",0.0,8.072,0,Fairly intuitive/unconscious,Somewhat unclear,Hard,Rather unconfident,I used the previous task and tried to remember the patterns or the directions in which the bee mostly few to.
Q33kcoknrhp0bgemxdi8iz75bQ,unconstrained,63.0,"[[0, 7, 6, 5], [2, 6, 7, 1, 4]]",0.0,3.177,1,Fairly intuitive/unconscious,Somewhat unclear,Hard,Rather unconfident,I used the previous task and tried to remember the patterns or the directions in which the bee mostly few to.
Q33kcoknrhp0bgemxdi8iz75bQ,unconstrained,64.0,"[[2, 6, 7, 1], [7, 1, 4]]",1.0,6.779,1,Fairly intuitive/unconscious,Somewhat unclear,Hard,Rather unconfident,I used the previous task and tried to remember the patterns or the directions in which the bee mostly few to.
Q6ggms38yees4musnvgcsvu80Q,unconstrained,0.0,"[[4, 1, 7, 6], [0, 7, 1]]",0.0,17.275,0,Fully conscious/deliberative,Fully clear,Hard,Rather unconfident,
Q6ggms38yees4musnvgcsvu80Q,unconstrained,1.0,"[[7, 6, 5, 3], [7, 6, 2]]",1.0,6.127,1,Fully conscious/deliberative,Fully clear,Hard,Rather unconfident,
Q6ggms38yees4musnvgcsvu80Q,unconstrained,2.0,"[[1, 7, 0], [5, 6, 7, 1]]",1.0,1.164,0,Fully conscious/deliberative,Fully clear,Hard,Rather unconfident,
Q6ggms38yees4musnvgcsvu80Q,unconstrained,3.0,"[[4, 1, 7, 0], [4, 1, 7, 6, 2]]",1.0,1.686,0,Fully conscious/deliberative,Fully clear,Hard,Rather unconfident,
Q6ggms38yees4musnvgcsvu80Q,unconstrained,4.0,"[[7, 6, 5], [2, 6, 5, 3]]",0.0,3.11,1,Fully conscious/deliberative,Fully clear,Hard,Rather unconfident,
Q6ggms38yees4musnvgcsvu80Q,unconstrained,5.0,"[[0, 7, 6, 5], [5, 6, 2]]",1.0,0.123,1,Fully conscious/deliberative,Fully clear,Hard,Rather unconfident,
Q6ggms38yees4musnvgcsvu80Q,unconstrained,6.0,"[[5, 6, 7, 0], [6, 7, 0]]",0.0,1.729,0,Fully conscious/deliberative,Fully clear,Hard,Rather unconfident,
Q6ggms38yees4musnvgcsvu80Q,unconstrained,7.0,"[[6, 5, 3], [2, 6, 7, 0]]",1.0,1.407,0,Fully conscious/deliberative,Fully clear,Hard,Rather unconfident,
Q6ggms38yees4musnvgcsvu80Q,unconstrained,8.0,"[[2, 6, 7, 1, 4], [0, 7, 6, 5]]",1.0,0.899,1,Fully conscious/deliberative,Fully clear,Hard,Rather unconfident,
Q6ggms38yees4musnvgcsvu80Q,unconstrained,9.0,"[[0, 7, 6, 5], [6, 7, 1]]",1.0,0.788,1,Fully conscious/deliberative,Fully clear,Hard,Rather unconfident,
Q6ggms38yees4musnvgcsvu80Q,unconstrained,10.0,"[[1, 7, 6, 5], [2, 6, 7]]",1.0,0.942,1,Fully conscious/deliberative,Fully clear,Hard,Rather unconfident,
Q6ggms38yees4musnvgcsvu80Q,unconstrained,11.0,"[[7, 6, 2], [4, 1, 7, 6]]",1.0,0.78,0,Fully conscious/deliberative,Fully clear,Hard,Rather unconfident,
Q6ggms38yees4musnvgcsvu80Q,unconstrained,12.0,"[[4, 1, 7, 6], [4, 1, 7, 6, 5]]",1.0,1.203,0,Fully conscious/deliberative,Fully clear,Hard,Rather unconfident,
Q6ggms38yees4musnvgcsvu80Q,unconstrained,13.0,"[[3, 5, 6], [5, 6, 7, 1]]",1.0,1.294,0,Fully conscious/deliberative,Fully clear,Hard,Rather unconfident,
Q6ggms38yees4musnvgcsvu80Q,unconstrained,14.0,"[[2, 6, 5, 3], [0, 7, 1]]",0.0,1.392,0,Fully conscious/deliberative,Fully clear,Hard,Rather unconfident,
Q6ggms38yees4musnvgcsvu80Q,unconstrained,15.0,"[[0, 7, 6, 5, 3], [1, 7, 6, 2]]",1.0,1.044,1,Fully conscious/deliberative,Fully clear,Hard,Rather unconfident,
Q6ggms38yees4musnvgcsvu80Q,unconstrained,16.0,"[[5, 6, 7, 0], [7, 6, 5]]",1.0,2.279,1,Fully conscious/deliberative,Fully clear,Hard,Rather unconfident,
Q6ggms38yees4musnvgcsvu80Q,unconstrained,17.0,"[[5, 6, 7], [2, 6, 7, 0]]",0.0,8.743,1,Fully conscious/deliberative,Fully clear,Hard,Rather unconfident,
Q6ggms38yees4musnvgcsvu80Q,unconstrained,18.0,"[[2, 6, 7, 1], [1, 7, 6]]",1.0,0.348,1,Fully conscious/deliberative,Fully clear,Hard,Rather unconfident,
Q6ggms38yees4musnvgcsvu80Q,unconstrained,19.0,"[[5, 6, 7, 1], [3, 5, 6, 7, 1]]",1.0,2.544,0,Fully conscious/deliberative,Fully clear,Hard,Rather unconfident,
Q6ggms38yees4musnvgcsvu80Q,unconstrained,20.0,"[[5, 6, 7, 1, 4], [0, 7, 1, 4]]",0.0,0.54,0,Fully conscious/deliberative,Fully clear,Hard,Rather unconfident,
Q6ggms38yees4musnvgcsvu80Q,unconstrained,21.0,"[[1, 7, 6], [0, 7, 1, 4]]",1.0,2.316,0,Fully conscious/deliberative,Fully clear,Hard,Rather unconfident,
Q6ggms38yees4musnvgcsvu80Q,unconstrained,22.0,"[[3, 5, 6, 7, 0], [6, 7, 1, 4]]",1.0,5.034,1,Fully conscious/deliberative,Fully clear,Hard,Rather unconfident,
Q6ggms38yees4musnvgcsvu80Q,unconstrained,23.0,"[[4, 1, 7, 6, 5], [7, 6, 5, 3]]",1.0,5.847,1,Fully conscious/deliberative,Fully clear,Hard,Rather unconfident,
Q6ggms38yees4musnvgcsvu80Q,unconstrained,24.0,"[[3, 5, 6, 2], [3, 5, 6, 7, 1]]",1.0,1.672,0,Fully conscious/deliberative,Fully clear,Hard,Rather unconfident,
Q6ggms38yees4musnvgcsvu80Q,unconstrained,25.0,"[[4, 1, 7, 6], [6, 5, 3]]",0.0,3.184,0,Fully conscious/deliberative,Fully clear,Hard,Rather unconfident,
Q6ggms38yees4musnvgcsvu80Q,unconstrained,26.0,"[[7, 6, 5], [1, 7, 6, 2]]",0.0,2.192,1,Fully conscious/deliberative,Fully clear,Hard,Rather unconfident,
Q6ggms38yees4musnvgcsvu80Q,unconstrained,27.0,"[[4, 1, 7], [2, 6, 7, 0]]",1.0,1.727,0,Fully conscious/deliberative,Fully clear,Hard,Rather unconfident,
Q6ggms38yees4musnvgcsvu80Q,unconstrained,28.0,"[[5, 6, 2], [7, 6, 5, 3]]",1.0,0.251,0,Fully conscious/deliberative,Fully clear,Hard,Rather unconfident,
Q6ggms38yees4musnvgcsvu80Q,unconstrained,29.0,"[[1, 7, 6, 5], [7, 1, 4]]",1.0,1.504,1,Fully conscious/deliberative,Fully clear,Hard,Rather unconfident,
Q6ggms38yees4musnvgcsvu80Q,unconstrained,30.0,"[[0, 7, 6, 2], [3, 5, 6, 7, 0]]",0.0,5.62,1,Fully conscious/deliberative,Fully clear,Hard,Rather unconfident,
Q6ggms38yees4musnvgcsvu80Q,unconstrained,31.0,"[[1, 7, 6, 5], [7, 1, 4]]",0.0,0.703,0,Fully conscious/deliberative,Fully clear,Hard,Rather unconfident,
Q6ggms38yees4musnvgcsvu80Q,unconstrained,32.0,"[[2, 6, 7], [0, 7, 1, 4]]",1.0,25.492,0,Fully conscious/deliberative,Fully clear,Hard,Rather unconfident,
Q6ggms38yees4musnvgcsvu80Q,unconstrained,33.0,"[[5, 6, 7, 1], [6, 7, 1]]",1.0,1.172,1,Fully conscious/deliberative,Fully clear,Hard,Rather unconfident,
Q6ggms38yees4musnvgcsvu80Q,unconstrained,34.0,"[[0, 7, 1], [1, 7, 6, 2]]",0.0,1.304,1,Fully conscious/deliberative,Fully clear,Hard,Rather unconfident,
Q6ggms38yees4musnvgcsvu80Q,unconstrained,35.0,"[[0, 7, 6], [4, 1, 7, 0]]",0.0,2.152,1,Fully conscious/deliberative,Fully clear,Hard,Rather unconfident,
Q6ggms38yees4musnvgcsvu80Q,unconstrained,36.0,"[[2, 6, 7, 1], [7, 1, 4]]",0.0,3.143,0,Fully conscious/deliberative,Fully clear,Hard,Rather unconfident,
Q6ggms38yees4musnvgcsvu80Q,unconstrained,37.0,"[[5, 6, 7, 0], [1, 7, 0]]",1.0,1.927,1,Fully conscious/deliberative,Fully clear,Hard,Rather unconfident,
Q6ggms38yees4musnvgcsvu80Q,unconstrained,38.0,"[[4, 1, 7, 6, 2], [2, 6, 5, 3]]",1.0,1.172,1,Fully conscious/deliberative,Fully clear,Hard,Rather unconfident,
Q6ggms38yees4musnvgcsvu80Q,unconstrained,39.0,"[[4, 1, 7, 0], [2, 6, 7]]",0.0,1.328,0,Fully conscious/deliberative,Fully clear,Hard,Rather unconfident,
Q6ggms38yees4musnvgcsvu80Q,unconstrained,40.0,"[[1, 7, 6, 2], [1, 7, 0]]",0.0,1.355,0,Fully conscious/deliberative,Fully clear,Hard,Rather unconfident,
Q6ggms38yees4musnvgcsvu80Q,unconstrained,41.0,"[[2, 6, 5], [2, 6, 5, 3]]",1.0,3.412,0,Fully conscious/deliberative,Fully clear,Hard,Rather unconfident,
Q6ggms38yees4musnvgcsvu80Q,unconstrained,42.0,"[[6, 5, 3], [4, 1, 7, 0]]",0.0,5.22,1,Fully conscious/deliberative,Fully clear,Hard,Rather unconfident,
Q6ggms38yees4musnvgcsvu80Q,unconstrained,43.0,"[[3, 5, 6, 7], [4, 1, 7, 6, 5]]",0.0,5.287,1,Fully conscious/deliberative,Fully clear,Hard,Rather unconfident,
Q6ggms38yees4musnvgcsvu80Q,unconstrained,44.0,"[[6, 7, 1, 4], [2, 6, 5]]",1.0,6.351,1,Fully conscious/deliberative,Fully clear,Hard,Rather unconfident,
Q6ggms38yees4musnvgcsvu80Q,unconstrained,45.0,"[[3, 5, 6, 7, 1], [1, 7, 6, 2]]",1.0,16.323,1,Fully conscious/deliberative,Fully clear,Hard,Rather unconfident,
Q6ggms38yees4musnvgcsvu80Q,unconstrained,46.0,"[[7, 6, 5, 3], [4, 1, 7, 6, 2]]",0.0,0.123,1,Fully conscious/deliberative,Fully clear,Hard,Rather unconfident,
Q6ggms38yees4musnvgcsvu80Q,unconstrained,47.0,"[[4, 1, 7], [5, 6, 7, 0]]",0.0,4.284,1,Fully conscious/deliberative,Fully clear,Hard,Rather unconfident,
Q6ggms38yees4musnvgcsvu80Q,unconstrained,48.0,"[[4, 1, 7, 6, 2], [4, 1, 7, 6, 5, 3]]",1.0,1.739,0,Fully conscious/deliberative,Fully clear,Hard,Rather unconfident,
Q6ggms38yees4musnvgcsvu80Q,unconstrained,49.0,"[[1, 7, 0], [2, 6, 7, 0]]",1.0,9.636,0,Fully conscious/deliberative,Fully clear,Hard,Rather unconfident,
Q6ggms38yees4musnvgcsvu80Q,unconstrained,50.0,"[[1, 7, 6, 5, 3], [4, 1, 7, 6]]",0.0,11.656,0,Fully conscious/deliberative,Fully clear,Hard,Rather unconfident,
Q6ggms38yees4musnvgcsvu80Q,unconstrained,51.0,"[[3, 5, 6], [4, 1, 7, 6]]",1.0,2.144,0,Fully conscious/deliberative,Fully clear,Hard,Rather unconfident,
Q6ggms38yees4musnvgcsvu80Q,unconstrained,52.0,"[[7, 6, 2], [2, 6, 7, 1]]",0.0,2.2,1,Fully conscious/deliberative,Fully clear,Hard,Rather unconfident,
Q6ggms38yees4musnvgcsvu80Q,unconstrained,53.0,"[[6, 7, 1, 4], [7, 6, 5]]",0.0,2.589,0,Fully conscious/deliberative,Fully clear,Hard,Rather unconfident,
Q6ggms38yees4musnvgcsvu80Q,unconstrained,54.0,"[[5, 6, 7, 1], [7, 6, 5]]",1.0,26.328,1,Fully conscious/deliberative,Fully clear,Hard,Rather unconfident,
Q6ggms38yees4musnvgcsvu80Q,unconstrained,55.0,"[[2, 6, 5, 3], [7, 1, 4]]",0.0,1.567,0,Fully conscious/deliberative,Fully clear,Hard,Rather unconfident,
Q6ggms38yees4musnvgcsvu80Q,unconstrained,56.0,"[[6, 7, 0], [2, 6, 5, 3]]",1.0,1.863,0,Fully conscious/deliberative,Fully clear,Hard,Rather unconfident,
Q6ggms38yees4musnvgcsvu80Q,unconstrained,57.0,"[[0, 7, 1, 4], [5, 6, 7]]",1.0,1.84,1,Fully conscious/deliberative,Fully clear,Hard,Rather unconfident,
Q6ggms38yees4musnvgcsvu80Q,unconstrained,58.0,"[[7, 6, 2], [6, 7, 1, 4]]",0.0,2.43,1,Fully conscious/deliberative,Fully clear,Hard,Rather unconfident,
Q6ggms38yees4musnvgcsvu80Q,unconstrained,59.0,"[[2, 6, 5], [1, 7, 6, 5]]",1.0,2.992,0,Fully conscious/deliberative,Fully clear,Hard,Rather unconfident,
Q6ggms38yees4musnvgcsvu80Q,unconstrained,60.0,"[[3, 5, 6], [2, 6, 7, 1]]",1.0,1.359,0,Fully conscious/deliberative,Fully clear,Hard,Rather unconfident,
Q6ggms38yees4musnvgcsvu80Q,unconstrained,61.0,"[[5, 6, 2], [4, 1, 7, 0]]",1.0,2.136,0,Fully conscious/deliberative,Fully clear,Hard,Rather unconfident,
Q6ggms38yees4musnvgcsvu80Q,unconstrained,62.0,"[[4, 1, 7], [2, 6, 7, 1]]",0.0,3.873,1,Fully conscious/deliberative,Fully clear,Hard,Rather unconfident,
Q6ggms38yees4musnvgcsvu80Q,unconstrained,63.0,"[[2, 6, 7, 1], [2, 6, 5]]",0.0,1.367,0,Fully conscious/deliberative,Fully clear,Hard,Rather unconfident,
Q6ggms38yees4musnvgcsvu80Q,unconstrained,64.0,"[[1, 7, 6], [3, 5, 6, 2]]",1.0,4.936,0,Fully conscious/deliberative,Fully clear,Hard,Rather unconfident,
Q804vxhri48ah3chx02q0akkiQ,unconstrained,0.0,"[[4, 1, 7, 6], [3, 5, 6, 7, 0]]",1.0,24.855,0,Fully conscious/deliberative,Fully clear,Quite hard,Unconfident,I tried as hard as I can to remember the colours that go together to determine what colour the bee will go from to get to the right colour 
Q804vxhri48ah3chx02q0akkiQ,unconstrained,1.0,"[[2, 6, 5], [7, 6, 5, 3]]",0.0,10.313,1,Fully conscious/deliberative,Fully clear,Quite hard,Unconfident,I tried as hard as I can to remember the colours that go together to determine what colour the bee will go from to get to the right colour 
Q804vxhri48ah3chx02q0akkiQ,unconstrained,2.0,"[[2, 6, 5, 3], [1, 7, 0]]",0.0,16.803,0,Fully conscious/deliberative,Fully clear,Quite hard,Unconfident,I tried as hard as I can to remember the colours that go together to determine what colour the bee will go from to get to the right colour 
Q804vxhri48ah3chx02q0akkiQ,unconstrained,3.0,"[[2, 6, 5, 3], [1, 7, 6, 5, 3]]",0.0,10.048,1,Fully conscious/deliberative,Fully clear,Quite hard,Unconfident,I tried as hard as I can to remember the colours that go together to determine what colour the bee will go from to get to the right colour 
Q804vxhri48ah3chx02q0akkiQ,unconstrained,4.0,"[[7, 6, 5], [0, 7, 1, 4]]",1.0,6.98,0,Fully conscious/deliberative,Fully clear,Quite hard,Unconfident,I tried as hard as I can to remember the colours that go together to determine what colour the bee will go from to get to the right colour 
Q804vxhri48ah3chx02q0akkiQ,unconstrained,5.0,"[[7, 1, 4], [5, 6, 7, 1]]",1.0,10.219,0,Fully conscious/deliberative,Fully clear,Quite hard,Unconfident,I tried as hard as I can to remember the colours that go together to determine what colour the bee will go from to get to the right colour 
Q804vxhri48ah3chx02q0akkiQ,unconstrained,6.0,"[[2, 6, 7], [3, 5, 6, 7]]",0.0,12.763,1,Fully conscious/deliberative,Fully clear,Quite hard,Unconfident,I tried as hard as I can to remember the colours that go together to determine what colour the bee will go from to get to the right colour 
Q804vxhri48ah3chx02q0akkiQ,unconstrained,7.0,"[[4, 1, 7, 6], [1, 7, 0]]",0.0,13.414,0,Fully conscious/deliberative,Fully clear,Quite hard,Unconfident,I tried as hard as I can to remember the colours that go together to determine what colour the bee will go from to get to the right colour 
Q804vxhri48ah3chx02q0akkiQ,unconstrained,8.0,"[[2, 6, 7, 1, 4], [4, 1, 7, 6, 5, 3]]",1.0,21.067,0,Fully conscious/deliberative,Fully clear,Quite hard,Unconfident,I tried as hard as I can to remember the colours that go together to determine what colour the bee will go from to get to the right colour 
Q804vxhri48ah3chx02q0akkiQ,unconstrained,9.0,"[[3, 5, 6, 7, 0], [2, 6, 7, 1]]",1.0,22.073,1,Fully conscious/deliberative,Fully clear,Quite hard,Unconfident,I tried as hard as I can to remember the colours that go together to determine what colour the bee will go from to get to the right colour 
Q804vxhri48ah3chx02q0akkiQ,unconstrained,10.0,"[[1, 7, 6, 5, 3], [2, 6, 7, 1]]",1.0,20.32,1,Fully conscious/deliberative,Fully clear,Quite hard,Unconfident,I tried as hard as I can to remember the colours that go together to determine what colour the bee will go from to get to the right colour 
Q804vxhri48ah3chx02q0akkiQ,unconstrained,11.0,"[[3, 5, 6], [1, 7, 6, 2]]",1.0,4.099,0,Fully conscious/deliberative,Fully clear,Quite hard,Unconfident,I tried as hard as I can to remember the colours that go together to determine what colour the bee will go from to get to the right colour 
Q804vxhri48ah3chx02q0akkiQ,unconstrained,12.0,"[[6, 7, 1, 4], [3, 5, 6, 7, 1]]",0.0,22.071,1,Fully conscious/deliberative,Fully clear,Quite hard,Unconfident,I tried as hard as I can to remember the colours that go together to determine what colour the bee will go from to get to the right colour 
Q804vxhri48ah3chx02q0akkiQ,unconstrained,13.0,"[[0, 7, 6, 5], [0, 7, 6]]",1.0,10.707,1,Fully conscious/deliberative,Fully clear,Quite hard,Unconfident,I tried as hard as I can to remember the colours that go together to determine what colour the bee will go from to get to the right colour 
Q804vxhri48ah3chx02q0akkiQ,unconstrained,14.0,"[[6, 5, 3], [6, 7, 1, 4]]",1.0,4.155,0,Fully conscious/deliberative,Fully clear,Quite hard,Unconfident,I tried as hard as I can to remember the colours that go together to determine what colour the bee will go from to get to the right colour 
Q804vxhri48ah3chx02q0akkiQ,unconstrained,15.0,"[[1, 7, 6, 2], [7, 6, 5]]",0.0,56.74,0,Fully conscious/deliberative,Fully clear,Quite hard,Unconfident,I tried as hard as I can to remember the colours that go together to determine what colour the bee will go from to get to the right colour 
Q804vxhri48ah3chx02q0akkiQ,unconstrained,16.0,"[[2, 6, 7], [6, 7, 1, 4]]",1.0,3.659,0,Fully conscious/deliberative,Fully clear,Quite hard,Unconfident,I tried as hard as I can to remember the colours that go together to determine what colour the bee will go from to get to the right colour 
Q804vxhri48ah3chx02q0akkiQ,unconstrained,17.0,"[[0, 7, 6], [0, 7, 1, 4]]",1.0,15.606,0,Fully conscious/deliberative,Fully clear,Quite hard,Unconfident,I tried as hard as I can to remember the colours that go together to determine what colour the bee will go from to get to the right colour 
Q804vxhri48ah3chx02q0akkiQ,unconstrained,18.0,"[[6, 5, 3], [6, 7, 1, 4]]",1.0,4.615,0,Fully conscious/deliberative,Fully clear,Quite hard,Unconfident,I tried as hard as I can to remember the colours that go together to determine what colour the bee will go from to get to the right colour 
Q804vxhri48ah3chx02q0akkiQ,unconstrained,19.0,"[[3, 5, 6, 7, 1], [1, 7, 6, 5]]",0.0,6.485,0,Fully conscious/deliberative,Fully clear,Quite hard,Unconfident,I tried as hard as I can to remember the colours that go together to determine what colour the bee will go from to get to the right colour 
Q804vxhri48ah3chx02q0akkiQ,unconstrained,20.0,"[[0, 7, 1, 4], [4, 1, 7, 6, 2]]",0.0,18.972,1,Fully conscious/deliberative,Fully clear,Quite hard,Unconfident,I tried as hard as I can to remember the colours that go together to determine what colour the bee will go from to get to the right colour 
Q804vxhri48ah3chx02q0akkiQ,unconstrained,21.0,"[[0, 7, 6, 5, 3], [2, 6, 7, 0]]",0.0,9.548,0,Fully conscious/deliberative,Fully clear,Quite hard,Unconfident,I tried as hard as I can to remember the colours that go together to determine what colour the bee will go from to get to the right colour 
Q804vxhri48ah3chx02q0akkiQ,unconstrained,22.0,"[[1, 7, 6], [4, 1, 7, 0]]",0.0,33.948,1,Fully conscious/deliberative,Fully clear,Quite hard,Unconfident,I tried as hard as I can to remember the colours that go together to determine what colour the bee will go from to get to the right colour 
Q804vxhri48ah3chx02q0akkiQ,unconstrained,23.0,"[[4, 1, 7, 6], [4, 1, 7, 6, 5]]",0.0,10.325,1,Fully conscious/deliberative,Fully clear,Quite hard,Unconfident,I tried as hard as I can to remember the colours that go together to determine what colour the bee will go from to get to the right colour 
Q804vxhri48ah3chx02q0akkiQ,unconstrained,24.0,"[[5, 6, 7], [1, 7, 6, 5]]",0.0,17.126,1,Fully conscious/deliberative,Fully clear,Quite hard,Unconfident,I tried as hard as I can to remember the colours that go together to determine what colour the bee will go from to get to the right colour 
Q804vxhri48ah3chx02q0akkiQ,unconstrained,25.0,"[[3, 5, 6, 2], [2, 6, 5]]",1.0,20.035,1,Fully conscious/deliberative,Fully clear,Quite hard,Unconfident,I tried as hard as I can to remember the colours that go together to determine what colour the bee will go from to get to the right colour 
Q804vxhri48ah3chx02q0akkiQ,unconstrained,26.0,"[[1, 7, 0], [1, 7, 6, 2]]",0.0,25.258,1,Fully conscious/deliberative,Fully clear,Quite hard,Unconfident,I tried as hard as I can to remember the colours that go together to determine what colour the bee will go from to get to the right colour 
Q804vxhri48ah3chx02q0akkiQ,unconstrained,27.0,"[[7, 1, 4], [2, 6, 7, 1]]",1.0,10.272,0,Fully conscious/deliberative,Fully clear,Quite hard,Unconfident,I tried as hard as I can to remember the colours that go together to determine what colour the bee will go from to get to the right colour 
Q804vxhri48ah3chx02q0akkiQ,unconstrained,28.0,"[[2, 6, 7, 1, 4], [3, 5, 6, 2]]",1.0,17.699,1,Fully conscious/deliberative,Fully clear,Quite hard,Unconfident,I tried as hard as I can to remember the colours that go together to determine what colour the bee will go from to get to the right colour 
Q804vxhri48ah3chx02q0akkiQ,unconstrained,29.0,"[[5, 6, 7, 1], [3, 5, 6]]",1.0,10.521,1,Fully conscious/deliberative,Fully clear,Quite hard,Unconfident,I tried as hard as I can to remember the colours that go together to determine what colour the bee will go from to get to the right colour 
Q804vxhri48ah3chx02q0akkiQ,unconstrained,30.0,"[[0, 7, 6], [2, 6, 5, 3]]",1.0,7.55,0,Fully conscious/deliberative,Fully clear,Quite hard,Unconfident,I tried as hard as I can to remember the colours that go together to determine what colour the bee will go from to get to the right colour 
Q804vxhri48ah3chx02q0akkiQ,unconstrained,31.0,"[[4, 1, 7, 0], [2, 6, 7]]",1.0,26.792,1,Fully conscious/deliberative,Fully clear,Quite hard,Unconfident,I tried as hard as I can to remember the colours that go together to determine what colour the bee will go from to get to the right colour 
Q804vxhri48ah3chx02q0akkiQ,unconstrained,32.0,"[[2, 6, 5], [5, 6, 7, 0]]",0.0,11.055,1,Fully conscious/deliberative,Fully clear,Quite hard,Unconfident,I tried as hard as I can to remember the colours that go together to determine what colour the bee will go from to get to the right colour 
Q804vxhri48ah3chx02q0akkiQ,unconstrained,33.0,"[[4, 1, 7], [0, 7, 6, 5]]",0.0,24.952,1,Fully conscious/deliberative,Fully clear,Quite hard,Unconfident,I tried as hard as I can to remember the colours that go together to determine what colour the bee will go from to get to the right colour 
Q804vxhri48ah3chx02q0akkiQ,unconstrained,34.0,"[[0, 7, 1], [1, 7, 6, 5]]",0.0,3.728,1,Fully conscious/deliberative,Fully clear,Quite hard,Unconfident,I tried as hard as I can to remember the colours that go together to determine what colour the bee will go from to get to the right colour 
Q804vxhri48ah3chx02q0akkiQ,unconstrained,35.0,"[[5, 6, 7], [5, 6, 7, 0]]",0.0,11.232,1,Fully conscious/deliberative,Fully clear,Quite hard,Unconfident,I tried as hard as I can to remember the colours that go together to determine what colour the bee will go from to get to the right colour 
Q804vxhri48ah3chx02q0akkiQ,unconstrained,36.0,"[[6, 7, 1], [3, 5, 6, 2]]",0.0,18.318,1,Fully conscious/deliberative,Fully clear,Quite hard,Unconfident,I tried as hard as I can to remember the colours that go together to determine what colour the bee will go from to get to the right colour 
Q804vxhri48ah3chx02q0akkiQ,unconstrained,37.0,"[[2, 6, 7, 0], [5, 6, 7]]",0.0,21.9,0,Fully conscious/deliberative,Fully clear,Quite hard,Unconfident,I tried as hard as I can to remember the colours that go together to determine what colour the bee will go from to get to the right colour 
Q804vxhri48ah3chx02q0akkiQ,unconstrained,38.0,"[[2, 6, 5, 3], [5, 6, 7]]",0.0,3.418,0,Fully conscious/deliberative,Fully clear,Quite hard,Unconfident,I tried as hard as I can to remember the colours that go together to determine what colour the bee will go from to get to the right colour 
Q804vxhri48ah3chx02q0akkiQ,unconstrained,39.0,"[[6, 7, 1], [0, 7, 6, 5]]",0.0,24.103,1,Fully conscious/deliberative,Fully clear,Quite hard,Unconfident,I tried as hard as I can to remember the colours that go together to determine what colour the bee will go from to get to the right colour 
Q804vxhri48ah3chx02q0akkiQ,unconstrained,40.0,"[[5, 6, 7, 1], [7, 1, 4]]",0.0,13.121,0,Fully conscious/deliberative,Fully clear,Quite hard,Unconfident,I tried as hard as I can to remember the colours that go together to determine what colour the bee will go from to get to the right colour 
Q804vxhri48ah3chx02q0akkiQ,unconstrained,41.0,"[[5, 6, 2], [5, 6, 7, 1]]",1.0,18.653,0,Fully conscious/deliberative,Fully clear,Quite hard,Unconfident,I tried as hard as I can to remember the colours that go together to determine what colour the bee will go from to get to the right colour 
Q804vxhri48ah3chx02q0akkiQ,unconstrained,42.0,"[[4, 1, 7], [2, 6, 7, 0]]",0.0,22.76,1,Fully conscious/deliberative,Fully clear,Quite hard,Unconfident,I tried as hard as I can to remember the colours that go together to determine what colour the bee will go from to get to the right colour 
Q804vxhri48ah3chx02q0akkiQ,unconstrained,43.0,"[[2, 6, 7, 1], [7, 1, 4]]",0.0,19.951,0,Fully conscious/deliberative,Fully clear,Quite hard,Unconfident,I tried as hard as I can to remember the colours that go together to determine what colour the bee will go from to get to the right colour 
Q804vxhri48ah3chx02q0akkiQ,unconstrained,44.0,"[[0, 7, 1, 4], [5, 6, 7, 1, 4]]",0.0,9.556,1,Fully conscious/deliberative,Fully clear,Quite hard,Unconfident,I tried as hard as I can to remember the colours that go together to determine what colour the bee will go from to get to the right colour 
Q804vxhri48ah3chx02q0akkiQ,unconstrained,45.0,"[[0, 7, 1, 4], [2, 6, 7]]",0.0,9.509,0,Fully conscious/deliberative,Fully clear,Quite hard,Unconfident,I tried as hard as I can to remember the colours that go together to determine what colour the bee will go from to get to the right colour 
Q804vxhri48ah3chx02q0akkiQ,unconstrained,46.0,"[[2, 6, 7, 1], [2, 6, 5]]",1.0,21.52,1,Fully conscious/deliberative,Fully clear,Quite hard,Unconfident,I tried as hard as I can to remember the colours that go together to determine what colour the bee will go from to get to the right colour 
Q804vxhri48ah3chx02q0akkiQ,unconstrained,47.0,"[[4, 1, 7, 6], [2, 6, 7]]",0.0,34.236,0,Fully conscious/deliberative,Fully clear,Quite hard,Unconfident,I tried as hard as I can to remember the colours that go together to determine what colour the bee will go from to get to the right colour 
Q804vxhri48ah3chx02q0akkiQ,unconstrained,48.0,"[[4, 1, 7, 0], [3, 5, 6]]",1.0,5.156,1,Fully conscious/deliberative,Fully clear,Quite hard,Unconfident,I tried as hard as I can to remember the colours that go together to determine what colour the bee will go from to get to the right colour 
Q804vxhri48ah3chx02q0akkiQ,unconstrained,49.0,"[[1, 7, 0], [2, 6, 7, 1]]",0.0,3.178,1,Fully conscious/deliberative,Fully clear,Quite hard,Unconfident,I tried as hard as I can to remember the colours that go together to determine what colour the bee will go from to get to the right colour 
Q804vxhri48ah3chx02q0akkiQ,unconstrained,50.0,"[[2, 6, 7, 0], [1, 7, 0]]",0.0,10.967,0,Fully conscious/deliberative,Fully clear,Quite hard,Unconfident,I tried as hard as I can to remember the colours that go together to determine what colour the bee will go from to get to the right colour 
Q804vxhri48ah3chx02q0akkiQ,unconstrained,51.0,"[[4, 1, 7, 6], [7, 6, 5]]",1.0,4.114,1,Fully conscious/deliberative,Fully clear,Quite hard,Unconfident,I tried as hard as I can to remember the colours that go together to determine what colour the bee will go from to get to the right colour 
Q804vxhri48ah3chx02q0akkiQ,unconstrained,52.0,"[[7, 6, 5, 3], [5, 6, 7, 1, 4]]",1.0,5.268,0,Fully conscious/deliberative,Fully clear,Quite hard,Unconfident,I tried as hard as I can to remember the colours that go together to determine what colour the bee will go from to get to the right colour 
Q804vxhri48ah3chx02q0akkiQ,unconstrained,53.0,"[[5, 6, 7, 1], [2, 6, 7]]",0.0,20.22,0,Fully conscious/deliberative,Fully clear,Quite hard,Unconfident,I tried as hard as I can to remember the colours that go together to determine what colour the bee will go from to get to the right colour 
Q804vxhri48ah3chx02q0akkiQ,unconstrained,54.0,"[[1, 7, 6, 5], [1, 7, 6]]",0.0,9.194,0,Fully conscious/deliberative,Fully clear,Quite hard,Unconfident,I tried as hard as I can to remember the colours that go together to determine what colour the bee will go from to get to the right colour 
Q804vxhri48ah3chx02q0akkiQ,unconstrained,55.0,"[[6, 5, 3], [0, 7, 6, 2]]",1.0,4.765,0,Fully conscious/deliberative,Fully clear,Quite hard,Unconfident,I tried as hard as I can to remember the colours that go together to determine what colour the bee will go from to get to the right colour 
Q804vxhri48ah3chx02q0akkiQ,unconstrained,56.0,"[[7, 6, 5, 3], [4, 1, 7, 6, 5]]",0.0,19.719,1,Fully conscious/deliberative,Fully clear,Quite hard,Unconfident,I tried as hard as I can to remember the colours that go together to determine what colour the bee will go from to get to the right colour 
Q804vxhri48ah3chx02q0akkiQ,unconstrained,57.0,"[[7, 6, 5, 3], [4, 1, 7, 6, 2]]",1.0,48.08,0,Fully conscious/deliberative,Fully clear,Quite hard,Unconfident,I tried as hard as I can to remember the colours that go together to determine what colour the bee will go from to get to the right colour 
Q804vxhri48ah3chx02q0akkiQ,unconstrained,58.0,"[[7, 1, 4], [3, 5, 6, 2]]",0.0,21.623,1,Fully conscious/deliberative,Fully clear,Quite hard,Unconfident,I tried as hard as I can to remember the colours that go together to determine what colour the bee will go from to get to the right colour 
Q804vxhri48ah3chx02q0akkiQ,unconstrained,59.0,"[[4, 1, 7, 6, 2], [0, 7, 6, 5]]",1.0,2.743,1,Fully conscious/deliberative,Fully clear,Quite hard,Unconfident,I tried as hard as I can to remember the colours that go together to determine what colour the bee will go from to get to the right colour 
Q804vxhri48ah3chx02q0akkiQ,unconstrained,60.0,"[[1, 7, 6, 2], [1, 7, 6]]",0.0,2.712,0,Fully conscious/deliberative,Fully clear,Quite hard,Unconfident,I tried as hard as I can to remember the colours that go together to determine what colour the bee will go from to get to the right colour 
Q804vxhri48ah3chx02q0akkiQ,unconstrained,61.0,"[[0, 7, 1], [5, 6, 7, 0]]",0.0,13.26,1,Fully conscious/deliberative,Fully clear,Quite hard,Unconfident,I tried as hard as I can to remember the colours that go together to determine what colour the bee will go from to get to the right colour 
Q804vxhri48ah3chx02q0akkiQ,unconstrained,62.0,"[[2, 6, 7], [2, 6, 7, 1]]",0.0,4.847,1,Fully conscious/deliberative,Fully clear,Quite hard,Unconfident,I tried as hard as I can to remember the colours that go together to determine what colour the bee will go from to get to the right colour 
Q804vxhri48ah3chx02q0akkiQ,unconstrained,63.0,"[[2, 6, 5], [4, 1, 7, 0]]",0.0,16.157,1,Fully conscious/deliberative,Fully clear,Quite hard,Unconfident,I tried as hard as I can to remember the colours that go together to determine what colour the bee will go from to get to the right colour 
Q804vxhri48ah3chx02q0akkiQ,unconstrained,64.0,"[[6, 7, 1, 4], [5, 6, 2]]",0.0,7.462,0,Fully conscious/deliberative,Fully clear,Quite hard,Unconfident,I tried as hard as I can to remember the colours that go together to determine what colour the bee will go from to get to the right colour 
Q80z761kwo1v51o9l5icrlhaqQ,unconstrained,0.0,"[[0, 7, 6, 5], [6, 7, 0]]",1.0,14.221,1,Fairly intuitive/unconscious,Somewhat unclear,Quite hard,Rather unconfident,"I remebered that yesterday the pairs with red or pink colors occured the most frequently that is why I have tried to pick them today. I found it quite confusing the aspect of stopovers, I understand the concept, but it eludes me how the bee's familarity with certain flowers, impacts whether the path is longer or shorter."
Q80z761kwo1v51o9l5icrlhaqQ,unconstrained,1.0,"[[1, 7, 6], [0, 7, 1, 4]]",1.0,11.68,0,Fairly intuitive/unconscious,Somewhat unclear,Quite hard,Rather unconfident,"I remebered that yesterday the pairs with red or pink colors occured the most frequently that is why I have tried to pick them today. I found it quite confusing the aspect of stopovers, I understand the concept, but it eludes me how the bee's familarity with certain flowers, impacts whether the path is longer or shorter."
Q80z761kwo1v51o9l5icrlhaqQ,unconstrained,2.0,"[[1, 7, 6, 5], [4, 1, 7]]",1.0,5.167,1,Fairly intuitive/unconscious,Somewhat unclear,Quite hard,Rather unconfident,"I remebered that yesterday the pairs with red or pink colors occured the most frequently that is why I have tried to pick them today. I found it quite confusing the aspect of stopovers, I understand the concept, but it eludes me how the bee's familarity with certain flowers, impacts whether the path is longer or shorter."
Q80z761kwo1v51o9l5icrlhaqQ,unconstrained,3.0,"[[1, 7, 6, 2], [2, 6, 5]]",1.0,6.248,1,Fairly intuitive/unconscious,Somewhat unclear,Quite hard,Rather unconfident,"I remebered that yesterday the pairs with red or pink colors occured the most frequently that is why I have tried to pick them today. I found it quite confusing the aspect of stopovers, I understand the concept, but it eludes me how the bee's familarity with certain flowers, impacts whether the path is longer or shorter."
Q80z761kwo1v51o9l5icrlhaqQ,unconstrained,4.0,"[[2, 6, 5, 3], [0, 7, 6]]",1.0,5.807,1,Fairly intuitive/unconscious,Somewhat unclear,Quite hard,Rather unconfident,"I remebered that yesterday the pairs with red or pink colors occured the most frequently that is why I have tried to pick them today. I found it quite confusing the aspect of stopovers, I understand the concept, but it eludes me how the bee's familarity with certain flowers, impacts whether the path is longer or shorter."
Q80z761kwo1v51o9l5icrlhaqQ,unconstrained,5.0,"[[7, 6, 5, 3], [2, 6, 7, 1, 4]]",1.0,12.005,0,Fairly intuitive/unconscious,Somewhat unclear,Quite hard,Rather unconfident,"I remebered that yesterday the pairs with red or pink colors occured the most frequently that is why I have tried to pick them today. I found it quite confusing the aspect of stopovers, I understand the concept, but it eludes me how the bee's familarity with certain flowers, impacts whether the path is longer or shorter."
Q80z761kwo1v51o9l5icrlhaqQ,unconstrained,6.0,"[[0, 7, 1, 4], [5, 6, 7, 1, 4]]",0.0,9.495,1,Fairly intuitive/unconscious,Somewhat unclear,Quite hard,Rather unconfident,"I remebered that yesterday the pairs with red or pink colors occured the most frequently that is why I have tried to pick them today. I found it quite confusing the aspect of stopovers, I understand the concept, but it eludes me how the bee's familarity with certain flowers, impacts whether the path is longer or shorter."
Q80z761kwo1v51o9l5icrlhaqQ,unconstrained,7.0,"[[0, 7, 1, 4], [2, 6, 7, 1, 4]]",1.0,11.202,0,Fairly intuitive/unconscious,Somewhat unclear,Quite hard,Rather unconfident,"I remebered that yesterday the pairs with red or pink colors occured the most frequently that is why I have tried to pick them today. I found it quite confusing the aspect of stopovers, I understand the concept, but it eludes me how the bee's familarity with certain flowers, impacts whether the path is longer or shorter."
Q80z761kwo1v51o9l5icrlhaqQ,unconstrained,8.0,"[[1, 7, 0], [1, 7, 6, 2]]",1.0,10.238,0,Fairly intuitive/unconscious,Somewhat unclear,Quite hard,Rather unconfident,"I remebered that yesterday the pairs with red or pink colors occured the most frequently that is why I have tried to pick them today. I found it quite confusing the aspect of stopovers, I understand the concept, but it eludes me how the bee's familarity with certain flowers, impacts whether the path is longer or shorter."
Q80z761kwo1v51o9l5icrlhaqQ,unconstrained,9.0,"[[0, 7, 1, 4], [6, 5, 3]]",1.0,6.476,1,Fairly intuitive/unconscious,Somewhat unclear,Quite hard,Rather unconfident,"I remebered that yesterday the pairs with red or pink colors occured the most frequently that is why I have tried to pick them today. I found it quite confusing the aspect of stopovers, I understand the concept, but it eludes me how the bee's familarity with certain flowers, impacts whether the path is longer or shorter."
Q80z761kwo1v51o9l5icrlhaqQ,unconstrained,10.0,"[[7, 6, 5, 3], [5, 6, 2]]",0.0,10.661,0,Fairly intuitive/unconscious,Somewhat unclear,Quite hard,Rather unconfident,"I remebered that yesterday the pairs with red or pink colors occured the most frequently that is why I have tried to pick them today. I found it quite confusing the aspect of stopovers, I understand the concept, but it eludes me how the bee's familarity with certain flowers, impacts whether the path is longer or shorter."
Q80z761kwo1v51o9l5icrlhaqQ,unconstrained,11.0,"[[2, 6, 5, 3], [0, 7, 1]]",0.0,12.213,0,Fairly intuitive/unconscious,Somewhat unclear,Quite hard,Rather unconfident,"I remebered that yesterday the pairs with red or pink colors occured the most frequently that is why I have tried to pick them today. I found it quite confusing the aspect of stopovers, I understand the concept, but it eludes me how the bee's familarity with certain flowers, impacts whether the path is longer or shorter."
Q80z761kwo1v51o9l5icrlhaqQ,unconstrained,12.0,"[[4, 1, 7, 0], [2, 6, 5]]",1.0,9.594,1,Fairly intuitive/unconscious,Somewhat unclear,Quite hard,Rather unconfident,"I remebered that yesterday the pairs with red or pink colors occured the most frequently that is why I have tried to pick them today. I found it quite confusing the aspect of stopovers, I understand the concept, but it eludes me how the bee's familarity with certain flowers, impacts whether the path is longer or shorter."
Q80z761kwo1v51o9l5icrlhaqQ,unconstrained,13.0,"[[7, 1, 4], [2, 6, 5, 3]]",1.0,7.952,0,Fairly intuitive/unconscious,Somewhat unclear,Quite hard,Rather unconfident,"I remebered that yesterday the pairs with red or pink colors occured the most frequently that is why I have tried to pick them today. I found it quite confusing the aspect of stopovers, I understand the concept, but it eludes me how the bee's familarity with certain flowers, impacts whether the path is longer or shorter."
Q80z761kwo1v51o9l5icrlhaqQ,unconstrained,14.0,"[[2, 6, 7], [6, 7, 1, 4]]",0.0,20.116,1,Fairly intuitive/unconscious,Somewhat unclear,Quite hard,Rather unconfident,"I remebered that yesterday the pairs with red or pink colors occured the most frequently that is why I have tried to pick them today. I found it quite confusing the aspect of stopovers, I understand the concept, but it eludes me how the bee's familarity with certain flowers, impacts whether the path is longer or shorter."
Q80z761kwo1v51o9l5icrlhaqQ,unconstrained,15.0,"[[1, 7, 6, 2], [2, 6, 7]]",1.0,9.277,1,Fairly intuitive/unconscious,Somewhat unclear,Quite hard,Rather unconfident,"I remebered that yesterday the pairs with red or pink colors occured the most frequently that is why I have tried to pick them today. I found it quite confusing the aspect of stopovers, I understand the concept, but it eludes me how the bee's familarity with certain flowers, impacts whether the path is longer or shorter."
Q80z761kwo1v51o9l5icrlhaqQ,unconstrained,16.0,"[[0, 7, 1], [0, 7, 6, 2]]",1.0,7.058,0,Fairly intuitive/unconscious,Somewhat unclear,Quite hard,Rather unconfident,"I remebered that yesterday the pairs with red or pink colors occured the most frequently that is why I have tried to pick them today. I found it quite confusing the aspect of stopovers, I understand the concept, but it eludes me how the bee's familarity with certain flowers, impacts whether the path is longer or shorter."
Q80z761kwo1v51o9l5icrlhaqQ,unconstrained,17.0,"[[7, 6, 5], [0, 7, 6, 2]]",1.0,6.782,0,Fairly intuitive/unconscious,Somewhat unclear,Quite hard,Rather unconfident,"I remebered that yesterday the pairs with red or pink colors occured the most frequently that is why I have tried to pick them today. I found it quite confusing the aspect of stopovers, I understand the concept, but it eludes me how the bee's familarity with certain flowers, impacts whether the path is longer or shorter."
Q80z761kwo1v51o9l5icrlhaqQ,unconstrained,18.0,"[[5, 6, 7], [5, 6, 7, 1]]",1.0,7.732,0,Fairly intuitive/unconscious,Somewhat unclear,Quite hard,Rather unconfident,"I remebered that yesterday the pairs with red or pink colors occured the most frequently that is why I have tried to pick them today. I found it quite confusing the aspect of stopovers, I understand the concept, but it eludes me how the bee's familarity with certain flowers, impacts whether the path is longer or shorter."
Q80z761kwo1v51o9l5icrlhaqQ,unconstrained,19.0,"[[7, 6, 2], [0, 7, 1, 4]]",1.0,5.741,0,Fairly intuitive/unconscious,Somewhat unclear,Quite hard,Rather unconfident,"I remebered that yesterday the pairs with red or pink colors occured the most frequently that is why I have tried to pick them today. I found it quite confusing the aspect of stopovers, I understand the concept, but it eludes me how the bee's familarity with certain flowers, impacts whether the path is longer or shorter."
Q80z761kwo1v51o9l5icrlhaqQ,unconstrained,20.0,"[[0, 7, 6, 5], [0, 7, 1]]",0.0,8.675,0,Fairly intuitive/unconscious,Somewhat unclear,Quite hard,Rather unconfident,"I remebered that yesterday the pairs with red or pink colors occured the most frequently that is why I have tried to pick them today. I found it quite confusing the aspect of stopovers, I understand the concept, but it eludes me how the bee's familarity with certain flowers, impacts whether the path is longer or shorter."
Q80z761kwo1v51o9l5icrlhaqQ,unconstrained,21.0,"[[5, 6, 7, 0], [1, 7, 6]]",1.0,5.66,1,Fairly intuitive/unconscious,Somewhat unclear,Quite hard,Rather unconfident,"I remebered that yesterday the pairs with red or pink colors occured the most frequently that is why I have tried to pick them today. I found it quite confusing the aspect of stopovers, I understand the concept, but it eludes me how the bee's familarity with certain flowers, impacts whether the path is longer or shorter."
Q80z761kwo1v51o9l5icrlhaqQ,unconstrained,22.0,"[[0, 7, 6, 2], [6, 5, 3]]",1.0,7.798,1,Fairly intuitive/unconscious,Somewhat unclear,Quite hard,Rather unconfident,"I remebered that yesterday the pairs with red or pink colors occured the most frequently that is why I have tried to pick them today. I found it quite confusing the aspect of stopovers, I understand the concept, but it eludes me how the bee's familarity with certain flowers, impacts whether the path is longer or shorter."
Q80z761kwo1v51o9l5icrlhaqQ,unconstrained,23.0,"[[5, 6, 7], [6, 7, 1, 4]]",1.0,8.539,0,Fairly intuitive/unconscious,Somewhat unclear,Quite hard,Rather unconfident,"I remebered that yesterday the pairs with red or pink colors occured the most frequently that is why I have tried to pick them today. I found it quite confusing the aspect of stopovers, I understand the concept, but it eludes me how the bee's familarity with certain flowers, impacts whether the path is longer or shorter."
Q80z761kwo1v51o9l5icrlhaqQ,unconstrained,24.0,"[[0, 7, 1], [1, 7, 6, 5]]",0.0,7.301,1,Fairly intuitive/unconscious,Somewhat unclear,Quite hard,Rather unconfident,"I remebered that yesterday the pairs with red or pink colors occured the most frequently that is why I have tried to pick them today. I found it quite confusing the aspect of stopovers, I understand the concept, but it eludes me how the bee's familarity with certain flowers, impacts whether the path is longer or shorter."
Q80z761kwo1v51o9l5icrlhaqQ,unconstrained,25.0,"[[7, 6, 5], [2, 6, 7, 1]]",1.0,7.66,0,Fairly intuitive/unconscious,Somewhat unclear,Quite hard,Rather unconfident,"I remebered that yesterday the pairs with red or pink colors occured the most frequently that is why I have tried to pick them today. I found it quite confusing the aspect of stopovers, I understand the concept, but it eludes me how the bee's familarity with certain flowers, impacts whether the path is longer or shorter."
Q80z761kwo1v51o9l5icrlhaqQ,unconstrained,26.0,"[[1, 7, 6, 2], [7, 1, 4]]",1.0,6.05,1,Fairly intuitive/unconscious,Somewhat unclear,Quite hard,Rather unconfident,"I remebered that yesterday the pairs with red or pink colors occured the most frequently that is why I have tried to pick them today. I found it quite confusing the aspect of stopovers, I understand the concept, but it eludes me how the bee's familarity with certain flowers, impacts whether the path is longer or shorter."
Q80z761kwo1v51o9l5icrlhaqQ,unconstrained,27.0,"[[4, 1, 7, 6], [6, 5, 3]]",1.0,8.513,1,Fairly intuitive/unconscious,Somewhat unclear,Quite hard,Rather unconfident,"I remebered that yesterday the pairs with red or pink colors occured the most frequently that is why I have tried to pick them today. I found it quite confusing the aspect of stopovers, I understand the concept, but it eludes me how the bee's familarity with certain flowers, impacts whether the path is longer or shorter."
Q80z761kwo1v51o9l5icrlhaqQ,unconstrained,28.0,"[[4, 1, 7, 6, 5], [7, 6, 5, 3]]",1.0,6.879,1,Fairly intuitive/unconscious,Somewhat unclear,Quite hard,Rather unconfident,"I remebered that yesterday the pairs with red or pink colors occured the most frequently that is why I have tried to pick them today. I found it quite confusing the aspect of stopovers, I understand the concept, but it eludes me how the bee's familarity with certain flowers, impacts whether the path is longer or shorter."
Q80z761kwo1v51o9l5icrlhaqQ,unconstrained,29.0,"[[5, 6, 7, 1], [7, 1, 4]]",1.0,7.983,1,Fairly intuitive/unconscious,Somewhat unclear,Quite hard,Rather unconfident,"I remebered that yesterday the pairs with red or pink colors occured the most frequently that is why I have tried to pick them today. I found it quite confusing the aspect of stopovers, I understand the concept, but it eludes me how the bee's familarity with certain flowers, impacts whether the path is longer or shorter."
Q80z761kwo1v51o9l5icrlhaqQ,unconstrained,30.0,"[[1, 7, 6, 2], [6, 7, 1]]",1.0,6.904,1,Fairly intuitive/unconscious,Somewhat unclear,Quite hard,Rather unconfident,"I remebered that yesterday the pairs with red or pink colors occured the most frequently that is why I have tried to pick them today. I found it quite confusing the aspect of stopovers, I understand the concept, but it eludes me how the bee's familarity with certain flowers, impacts whether the path is longer or shorter."
Q80z761kwo1v51o9l5icrlhaqQ,unconstrained,31.0,"[[2, 6, 7], [0, 7, 1, 4]]",1.0,6.018,0,Fairly intuitive/unconscious,Somewhat unclear,Quite hard,Rather unconfident,"I remebered that yesterday the pairs with red or pink colors occured the most frequently that is why I have tried to pick them today. I found it quite confusing the aspect of stopovers, I understand the concept, but it eludes me how the bee's familarity with certain flowers, impacts whether the path is longer or shorter."
Q80z761kwo1v51o9l5icrlhaqQ,unconstrained,32.0,"[[0, 7, 1, 4], [7, 6, 5]]",1.0,7.211,1,Fairly intuitive/unconscious,Somewhat unclear,Quite hard,Rather unconfident,"I remebered that yesterday the pairs with red or pink colors occured the most frequently that is why I have tried to pick them today. I found it quite confusing the aspect of stopovers, I understand the concept, but it eludes me how the bee's familarity with certain flowers, impacts whether the path is longer or shorter."
Q80z761kwo1v51o9l5icrlhaqQ,unconstrained,33.0,"[[2, 6, 7, 1], [3, 5, 6, 7, 1]]",0.0,6.936,1,Fairly intuitive/unconscious,Somewhat unclear,Quite hard,Rather unconfident,"I remebered that yesterday the pairs with red or pink colors occured the most frequently that is why I have tried to pick them today. I found it quite confusing the aspect of stopovers, I understand the concept, but it eludes me how the bee's familarity with certain flowers, impacts whether the path is longer or shorter."
Q80z761kwo1v51o9l5icrlhaqQ,unconstrained,34.0,"[[1, 7, 6, 5], [2, 6, 7]]",1.0,6.268,1,Fairly intuitive/unconscious,Somewhat unclear,Quite hard,Rather unconfident,"I remebered that yesterday the pairs with red or pink colors occured the most frequently that is why I have tried to pick them today. I found it quite confusing the aspect of stopovers, I understand the concept, but it eludes me how the bee's familarity with certain flowers, impacts whether the path is longer or shorter."
Q80z761kwo1v51o9l5icrlhaqQ,unconstrained,35.0,"[[2, 6, 7, 0], [7, 1, 4]]",1.0,5.301,1,Fairly intuitive/unconscious,Somewhat unclear,Quite hard,Rather unconfident,"I remebered that yesterday the pairs with red or pink colors occured the most frequently that is why I have tried to pick them today. I found it quite confusing the aspect of stopovers, I understand the concept, but it eludes me how the bee's familarity with certain flowers, impacts whether the path is longer or shorter."
Q80z761kwo1v51o9l5icrlhaqQ,unconstrained,36.0,"[[5, 6, 7], [5, 6, 7, 0]]",1.0,6.157,0,Fairly intuitive/unconscious,Somewhat unclear,Quite hard,Rather unconfident,"I remebered that yesterday the pairs with red or pink colors occured the most frequently that is why I have tried to pick them today. I found it quite confusing the aspect of stopovers, I understand the concept, but it eludes me how the bee's familarity with certain flowers, impacts whether the path is longer or shorter."
Q80z761kwo1v51o9l5icrlhaqQ,unconstrained,37.0,"[[0, 7, 6, 5, 3], [0, 7, 6, 2]]",0.0,7.651,0,Fairly intuitive/unconscious,Somewhat unclear,Quite hard,Rather unconfident,"I remebered that yesterday the pairs with red or pink colors occured the most frequently that is why I have tried to pick them today. I found it quite confusing the aspect of stopovers, I understand the concept, but it eludes me how the bee's familarity with certain flowers, impacts whether the path is longer or shorter."
Q80z761kwo1v51o9l5icrlhaqQ,unconstrained,38.0,"[[6, 7, 0], [4, 1, 7, 0]]",1.0,7.162,0,Fairly intuitive/unconscious,Somewhat unclear,Quite hard,Rather unconfident,"I remebered that yesterday the pairs with red or pink colors occured the most frequently that is why I have tried to pick them today. I found it quite confusing the aspect of stopovers, I understand the concept, but it eludes me how the bee's familarity with certain flowers, impacts whether the path is longer or shorter."
Q80z761kwo1v51o9l5icrlhaqQ,unconstrained,39.0,"[[5, 6, 2], [6, 7, 1, 4]]",0.0,6.318,1,Fairly intuitive/unconscious,Somewhat unclear,Quite hard,Rather unconfident,"I remebered that yesterday the pairs with red or pink colors occured the most frequently that is why I have tried to pick them today. I found it quite confusing the aspect of stopovers, I understand the concept, but it eludes me how the bee's familarity with certain flowers, impacts whether the path is longer or shorter."
Q80z761kwo1v51o9l5icrlhaqQ,unconstrained,40.0,"[[1, 7, 0], [4, 1, 7, 6]]",0.0,8.334,1,Fairly intuitive/unconscious,Somewhat unclear,Quite hard,Rather unconfident,"I remebered that yesterday the pairs with red or pink colors occured the most frequently that is why I have tried to pick them today. I found it quite confusing the aspect of stopovers, I understand the concept, but it eludes me how the bee's familarity with certain flowers, impacts whether the path is longer or shorter."
Q80z761kwo1v51o9l5icrlhaqQ,unconstrained,41.0,"[[3, 5, 6, 2], [6, 7, 1]]",1.0,5.797,1,Fairly intuitive/unconscious,Somewhat unclear,Quite hard,Rather unconfident,"I remebered that yesterday the pairs with red or pink colors occured the most frequently that is why I have tried to pick them today. I found it quite confusing the aspect of stopovers, I understand the concept, but it eludes me how the bee's familarity with certain flowers, impacts whether the path is longer or shorter."
Q80z761kwo1v51o9l5icrlhaqQ,unconstrained,42.0,"[[3, 5, 6, 2], [5, 6, 7]]",1.0,6.91,1,Fairly intuitive/unconscious,Somewhat unclear,Quite hard,Rather unconfident,"I remebered that yesterday the pairs with red or pink colors occured the most frequently that is why I have tried to pick them today. I found it quite confusing the aspect of stopovers, I understand the concept, but it eludes me how the bee's familarity with certain flowers, impacts whether the path is longer or shorter."
Q80z761kwo1v51o9l5icrlhaqQ,unconstrained,43.0,"[[0, 7, 6, 5], [2, 6, 7, 1, 4]]",1.0,8.017,0,Fairly intuitive/unconscious,Somewhat unclear,Quite hard,Rather unconfident,"I remebered that yesterday the pairs with red or pink colors occured the most frequently that is why I have tried to pick them today. I found it quite confusing the aspect of stopovers, I understand the concept, but it eludes me how the bee's familarity with certain flowers, impacts whether the path is longer or shorter."
Q80z761kwo1v51o9l5icrlhaqQ,unconstrained,44.0,"[[4, 1, 7, 6], [1, 7, 6, 5, 3]]",1.0,5.391,0,Fairly intuitive/unconscious,Somewhat unclear,Quite hard,Rather unconfident,"I remebered that yesterday the pairs with red or pink colors occured the most frequently that is why I have tried to pick them today. I found it quite confusing the aspect of stopovers, I understand the concept, but it eludes me how the bee's familarity with certain flowers, impacts whether the path is longer or shorter."
Q80z761kwo1v51o9l5icrlhaqQ,unconstrained,45.0,"[[4, 1, 7, 6], [7, 6, 2]]",1.0,9.521,1,Fairly intuitive/unconscious,Somewhat unclear,Quite hard,Rather unconfident,"I remebered that yesterday the pairs with red or pink colors occured the most frequently that is why I have tried to pick them today. I found it quite confusing the aspect of stopovers, I understand the concept, but it eludes me how the bee's familarity with certain flowers, impacts whether the path is longer or shorter."
Q80z761kwo1v51o9l5icrlhaqQ,unconstrained,46.0,"[[3, 5, 6, 2], [5, 6, 2]]",1.0,6.771,1,Fairly intuitive/unconscious,Somewhat unclear,Quite hard,Rather unconfident,"I remebered that yesterday the pairs with red or pink colors occured the most frequently that is why I have tried to pick them today. I found it quite confusing the aspect of stopovers, I understand the concept, but it eludes me how the bee's familarity with certain flowers, impacts whether the path is longer or shorter."
Q80z761kwo1v51o9l5icrlhaqQ,unconstrained,47.0,"[[0, 7, 6, 5, 3], [4, 1, 7, 6]]",1.0,6.015,1,Fairly intuitive/unconscious,Somewhat unclear,Quite hard,Rather unconfident,"I remebered that yesterday the pairs with red or pink colors occured the most frequently that is why I have tried to pick them today. I found it quite confusing the aspect of stopovers, I understand the concept, but it eludes me how the bee's familarity with certain flowers, impacts whether the path is longer or shorter."
Q80z761kwo1v51o9l5icrlhaqQ,unconstrained,48.0,"[[5, 6, 7, 1], [5, 6, 2]]",1.0,5.406,1,Fairly intuitive/unconscious,Somewhat unclear,Quite hard,Rather unconfident,"I remebered that yesterday the pairs with red or pink colors occured the most frequently that is why I have tried to pick them today. I found it quite confusing the aspect of stopovers, I understand the concept, but it eludes me how the bee's familarity with certain flowers, impacts whether the path is longer or shorter."
Q80z761kwo1v51o9l5icrlhaqQ,unconstrained,49.0,"[[1, 7, 6, 2], [0, 7, 1]]",0.0,8.58,0,Fairly intuitive/unconscious,Somewhat unclear,Quite hard,Rather unconfident,"I remebered that yesterday the pairs with red or pink colors occured the most frequently that is why I have tried to pick them today. I found it quite confusing the aspect of stopovers, I understand the concept, but it eludes me how the bee's familarity with certain flowers, impacts whether the path is longer or shorter."
Q80z761kwo1v51o9l5icrlhaqQ,unconstrained,50.0,"[[4, 1, 7, 6, 2], [3, 5, 6, 7, 1, 4]]",1.0,8.405,0,Fairly intuitive/unconscious,Somewhat unclear,Quite hard,Rather unconfident,"I remebered that yesterday the pairs with red or pink colors occured the most frequently that is why I have tried to pick them today. I found it quite confusing the aspect of stopovers, I understand the concept, but it eludes me how the bee's familarity with certain flowers, impacts whether the path is longer or shorter."
Q80z761kwo1v51o9l5icrlhaqQ,unconstrained,51.0,"[[5, 6, 2], [5, 6, 7, 0]]",0.0,9.861,1,Fairly intuitive/unconscious,Somewhat unclear,Quite hard,Rather unconfident,"I remebered that yesterday the pairs with red or pink colors occured the most frequently that is why I have tried to pick them today. I found it quite confusing the aspect of stopovers, I understand the concept, but it eludes me how the bee's familarity with certain flowers, impacts whether the path is longer or shorter."
Q80z761kwo1v51o9l5icrlhaqQ,unconstrained,52.0,"[[3, 5, 6, 7], [4, 1, 7, 6, 5]]",1.0,4.886,0,Fairly intuitive/unconscious,Somewhat unclear,Quite hard,Rather unconfident,"I remebered that yesterday the pairs with red or pink colors occured the most frequently that is why I have tried to pick them today. I found it quite confusing the aspect of stopovers, I understand the concept, but it eludes me how the bee's familarity with certain flowers, impacts whether the path is longer or shorter."
Q80z761kwo1v51o9l5icrlhaqQ,unconstrained,53.0,"[[5, 6, 7, 1], [3, 5, 6]]",1.0,5.431,1,Fairly intuitive/unconscious,Somewhat unclear,Quite hard,Rather unconfident,"I remebered that yesterday the pairs with red or pink colors occured the most frequently that is why I have tried to pick them today. I found it quite confusing the aspect of stopovers, I understand the concept, but it eludes me how the bee's familarity with certain flowers, impacts whether the path is longer or shorter."
Q80z761kwo1v51o9l5icrlhaqQ,unconstrained,54.0,"[[3, 5, 6], [1, 7, 6, 2]]",1.0,7.324,0,Fairly intuitive/unconscious,Somewhat unclear,Quite hard,Rather unconfident,"I remebered that yesterday the pairs with red or pink colors occured the most frequently that is why I have tried to pick them today. I found it quite confusing the aspect of stopovers, I understand the concept, but it eludes me how the bee's familarity with certain flowers, impacts whether the path is longer or shorter."
Q80z761kwo1v51o9l5icrlhaqQ,unconstrained,55.0,"[[4, 1, 7], [1, 7, 6, 2]]",1.0,4.796,0,Fairly intuitive/unconscious,Somewhat unclear,Quite hard,Rather unconfident,"I remebered that yesterday the pairs with red or pink colors occured the most frequently that is why I have tried to pick them today. I found it quite confusing the aspect of stopovers, I understand the concept, but it eludes me how the bee's familarity with certain flowers, impacts whether the path is longer or shorter."
Q80z761kwo1v51o9l5icrlhaqQ,unconstrained,56.0,"[[7, 1, 4], [0, 7, 6, 5]]",1.0,4.503,0,Fairly intuitive/unconscious,Somewhat unclear,Quite hard,Rather unconfident,"I remebered that yesterday the pairs with red or pink colors occured the most frequently that is why I have tried to pick them today. I found it quite confusing the aspect of stopovers, I understand the concept, but it eludes me how the bee's familarity with certain flowers, impacts whether the path is longer or shorter."
Q80z761kwo1v51o9l5icrlhaqQ,unconstrained,57.0,"[[3, 5, 6, 2], [3, 5, 6, 7, 1]]",1.0,5.877,0,Fairly intuitive/unconscious,Somewhat unclear,Quite hard,Rather unconfident,"I remebered that yesterday the pairs with red or pink colors occured the most frequently that is why I have tried to pick them today. I found it quite confusing the aspect of stopovers, I understand the concept, but it eludes me how the bee's familarity with certain flowers, impacts whether the path is longer or shorter."
Q80z761kwo1v51o9l5icrlhaqQ,unconstrained,58.0,"[[4, 1, 7, 6], [6, 5, 3]]",1.0,7.129,1,Fairly intuitive/unconscious,Somewhat unclear,Quite hard,Rather unconfident,"I remebered that yesterday the pairs with red or pink colors occured the most frequently that is why I have tried to pick them today. I found it quite confusing the aspect of stopovers, I understand the concept, but it eludes me how the bee's familarity with certain flowers, impacts whether the path is longer or shorter."
Q80z761kwo1v51o9l5icrlhaqQ,unconstrained,59.0,"[[2, 6, 7], [7, 6, 5, 3]]",1.0,13.821,0,Fairly intuitive/unconscious,Somewhat unclear,Quite hard,Rather unconfident,"I remebered that yesterday the pairs with red or pink colors occured the most frequently that is why I have tried to pick them today. I found it quite confusing the aspect of stopovers, I understand the concept, but it eludes me how the bee's familarity with certain flowers, impacts whether the path is longer or shorter."
Q80z761kwo1v51o9l5icrlhaqQ,unconstrained,60.0,"[[5, 6, 7, 1], [1, 7, 6, 5, 3]]",1.0,11.865,0,Fairly intuitive/unconscious,Somewhat unclear,Quite hard,Rather unconfident,"I remebered that yesterday the pairs with red or pink colors occured the most frequently that is why I have tried to pick them today. I found it quite confusing the aspect of stopovers, I understand the concept, but it eludes me how the bee's familarity with certain flowers, impacts whether the path is longer or shorter."
Q80z761kwo1v51o9l5icrlhaqQ,unconstrained,61.0,"[[3, 5, 6, 7, 0], [2, 6, 7, 1]]",1.0,6.889,1,Fairly intuitive/unconscious,Somewhat unclear,Quite hard,Rather unconfident,"I remebered that yesterday the pairs with red or pink colors occured the most frequently that is why I have tried to pick them today. I found it quite confusing the aspect of stopovers, I understand the concept, but it eludes me how the bee's familarity with certain flowers, impacts whether the path is longer or shorter."
Q80z761kwo1v51o9l5icrlhaqQ,unconstrained,62.0,"[[1, 7, 6], [1, 7, 6, 5]]",1.0,6.372,0,Fairly intuitive/unconscious,Somewhat unclear,Quite hard,Rather unconfident,"I remebered that yesterday the pairs with red or pink colors occured the most frequently that is why I have tried to pick them today. I found it quite confusing the aspect of stopovers, I understand the concept, but it eludes me how the bee's familarity with certain flowers, impacts whether the path is longer or shorter."
Q80z761kwo1v51o9l5icrlhaqQ,unconstrained,63.0,"[[5, 6, 7, 1, 4], [6, 7, 1, 4]]",1.0,4.552,1,Fairly intuitive/unconscious,Somewhat unclear,Quite hard,Rather unconfident,"I remebered that yesterday the pairs with red or pink colors occured the most frequently that is why I have tried to pick them today. I found it quite confusing the aspect of stopovers, I understand the concept, but it eludes me how the bee's familarity with certain flowers, impacts whether the path is longer or shorter."
Q80z761kwo1v51o9l5icrlhaqQ,unconstrained,64.0,"[[4, 1, 7, 6, 2], [2, 6, 5, 3]]",1.0,6.064,1,Fairly intuitive/unconscious,Somewhat unclear,Quite hard,Rather unconfident,"I remebered that yesterday the pairs with red or pink colors occured the most frequently that is why I have tried to pick them today. I found it quite confusing the aspect of stopovers, I understand the concept, but it eludes me how the bee's familarity with certain flowers, impacts whether the path is longer or shorter."
Qakai9c5ov7frqbyzmtqm2wqhQ,unconstrained,0.0,"[[2, 6, 7, 1], [1, 7, 0]]",1.0,29.093,1,Fully conscious/deliberative,Somewhat clear,Quite hard,Rather confident,I counted the number of connections for each pair using my cursor to keep track. Later on it became faster when I recognised a pair that had 1 connection (ie green and light blue via yellow). 
Qakai9c5ov7frqbyzmtqm2wqhQ,unconstrained,1.0,"[[3, 5, 6, 2], [5, 6, 7]]",1.0,15.947,1,Fully conscious/deliberative,Somewhat clear,Quite hard,Rather confident,I counted the number of connections for each pair using my cursor to keep track. Later on it became faster when I recognised a pair that had 1 connection (ie green and light blue via yellow). 
Qakai9c5ov7frqbyzmtqm2wqhQ,unconstrained,2.0,"[[1, 7, 6], [2, 6, 7, 1]]",1.0,12.309,0,Fully conscious/deliberative,Somewhat clear,Quite hard,Rather confident,I counted the number of connections for each pair using my cursor to keep track. Later on it became faster when I recognised a pair that had 1 connection (ie green and light blue via yellow). 
Qakai9c5ov7frqbyzmtqm2wqhQ,unconstrained,3.0,"[[6, 5, 3], [2, 6, 7, 0]]",1.0,8.218,0,Fully conscious/deliberative,Somewhat clear,Quite hard,Rather confident,I counted the number of connections for each pair using my cursor to keep track. Later on it became faster when I recognised a pair that had 1 connection (ie green and light blue via yellow). 
Qakai9c5ov7frqbyzmtqm2wqhQ,unconstrained,4.0,"[[2, 6, 7, 1], [0, 7, 6, 5, 3]]",1.0,16.496,0,Fully conscious/deliberative,Somewhat clear,Quite hard,Rather confident,I counted the number of connections for each pair using my cursor to keep track. Later on it became faster when I recognised a pair that had 1 connection (ie green and light blue via yellow). 
Qakai9c5ov7frqbyzmtqm2wqhQ,unconstrained,5.0,"[[0, 7, 6, 5], [7, 1, 4]]",1.0,13.66,1,Fully conscious/deliberative,Somewhat clear,Quite hard,Rather confident,I counted the number of connections for each pair using my cursor to keep track. Later on it became faster when I recognised a pair that had 1 connection (ie green and light blue via yellow). 
Qakai9c5ov7frqbyzmtqm2wqhQ,unconstrained,6.0,"[[1, 7, 6, 2], [2, 6, 7]]",1.0,12.8,1,Fully conscious/deliberative,Somewhat clear,Quite hard,Rather confident,I counted the number of connections for each pair using my cursor to keep track. Later on it became faster when I recognised a pair that had 1 connection (ie green and light blue via yellow). 
Qakai9c5ov7frqbyzmtqm2wqhQ,unconstrained,7.0,"[[0, 7, 1, 4], [6, 7, 1]]",1.0,12.61,1,Fully conscious/deliberative,Somewhat clear,Quite hard,Rather confident,I counted the number of connections for each pair using my cursor to keep track. Later on it became faster when I recognised a pair that had 1 connection (ie green and light blue via yellow). 
Qakai9c5ov7frqbyzmtqm2wqhQ,unconstrained,8.0,"[[0, 7, 1, 4], [2, 6, 7]]",1.0,11.889,1,Fully conscious/deliberative,Somewhat clear,Quite hard,Rather confident,I counted the number of connections for each pair using my cursor to keep track. Later on it became faster when I recognised a pair that had 1 connection (ie green and light blue via yellow). 
Qakai9c5ov7frqbyzmtqm2wqhQ,unconstrained,9.0,"[[0, 7, 6, 5, 3], [0, 7, 6, 2]]",1.0,26.371,1,Fully conscious/deliberative,Somewhat clear,Quite hard,Rather confident,I counted the number of connections for each pair using my cursor to keep track. Later on it became faster when I recognised a pair that had 1 connection (ie green and light blue via yellow). 
Qakai9c5ov7frqbyzmtqm2wqhQ,unconstrained,10.0,"[[0, 7, 1], [0, 7, 6, 5]]",1.0,8.687,0,Fully conscious/deliberative,Somewhat clear,Quite hard,Rather confident,I counted the number of connections for each pair using my cursor to keep track. Later on it became faster when I recognised a pair that had 1 connection (ie green and light blue via yellow). 
Qakai9c5ov7frqbyzmtqm2wqhQ,unconstrained,11.0,"[[0, 7, 1, 4], [3, 5, 6]]",1.0,4.394,1,Fully conscious/deliberative,Somewhat clear,Quite hard,Rather confident,I counted the number of connections for each pair using my cursor to keep track. Later on it became faster when I recognised a pair that had 1 connection (ie green and light blue via yellow). 
Qakai9c5ov7frqbyzmtqm2wqhQ,unconstrained,12.0,"[[4, 1, 7, 0], [5, 6, 7, 1, 4]]",1.0,21.747,0,Fully conscious/deliberative,Somewhat clear,Quite hard,Rather confident,I counted the number of connections for each pair using my cursor to keep track. Later on it became faster when I recognised a pair that had 1 connection (ie green and light blue via yellow). 
Qakai9c5ov7frqbyzmtqm2wqhQ,unconstrained,13.0,"[[6, 7, 1, 4], [6, 5, 3]]",1.0,15.624,1,Fully conscious/deliberative,Somewhat clear,Quite hard,Rather confident,I counted the number of connections for each pair using my cursor to keep track. Later on it became faster when I recognised a pair that had 1 connection (ie green and light blue via yellow). 
Qakai9c5ov7frqbyzmtqm2wqhQ,unconstrained,14.0,"[[6, 7, 1], [5, 6, 7, 1]]",1.0,8.217,0,Fully conscious/deliberative,Somewhat clear,Quite hard,Rather confident,I counted the number of connections for each pair using my cursor to keep track. Later on it became faster when I recognised a pair that had 1 connection (ie green and light blue via yellow). 
Qakai9c5ov7frqbyzmtqm2wqhQ,unconstrained,15.0,"[[0, 7, 6, 5], [1, 7, 6]]",1.0,9.577,1,Fully conscious/deliberative,Somewhat clear,Quite hard,Rather confident,I counted the number of connections for each pair using my cursor to keep track. Later on it became faster when I recognised a pair that had 1 connection (ie green and light blue via yellow). 
Qakai9c5ov7frqbyzmtqm2wqhQ,unconstrained,16.0,"[[7, 6, 5], [4, 1, 7, 0]]",1.0,8.525,0,Fully conscious/deliberative,Somewhat clear,Quite hard,Rather confident,I counted the number of connections for each pair using my cursor to keep track. Later on it became faster when I recognised a pair that had 1 connection (ie green and light blue via yellow). 
Qakai9c5ov7frqbyzmtqm2wqhQ,unconstrained,17.0,"[[7, 6, 5, 3], [5, 6, 7, 1, 4]]",1.0,26.026,0,Fully conscious/deliberative,Somewhat clear,Quite hard,Rather confident,I counted the number of connections for each pair using my cursor to keep track. Later on it became faster when I recognised a pair that had 1 connection (ie green and light blue via yellow). 
Qakai9c5ov7frqbyzmtqm2wqhQ,unconstrained,18.0,"[[5, 6, 7, 1, 4], [7, 6, 5, 3]]",1.0,23.344,1,Fully conscious/deliberative,Somewhat clear,Quite hard,Rather confident,I counted the number of connections for each pair using my cursor to keep track. Later on it became faster when I recognised a pair that had 1 connection (ie green and light blue via yellow). 
Qakai9c5ov7frqbyzmtqm2wqhQ,unconstrained,19.0,"[[5, 6, 2], [5, 6, 7, 1]]",1.0,3.99,0,Fully conscious/deliberative,Somewhat clear,Quite hard,Rather confident,I counted the number of connections for each pair using my cursor to keep track. Later on it became faster when I recognised a pair that had 1 connection (ie green and light blue via yellow). 
Qakai9c5ov7frqbyzmtqm2wqhQ,unconstrained,20.0,"[[4, 1, 7, 6], [3, 5, 6, 7, 1]]",1.0,12.474,0,Fully conscious/deliberative,Somewhat clear,Quite hard,Rather confident,I counted the number of connections for each pair using my cursor to keep track. Later on it became faster when I recognised a pair that had 1 connection (ie green and light blue via yellow). 
Qakai9c5ov7frqbyzmtqm2wqhQ,unconstrained,21.0,"[[1, 7, 6, 5], [6, 5, 3]]",1.0,8.988,1,Fully conscious/deliberative,Somewhat clear,Quite hard,Rather confident,I counted the number of connections for each pair using my cursor to keep track. Later on it became faster when I recognised a pair that had 1 connection (ie green and light blue via yellow). 
Qakai9c5ov7frqbyzmtqm2wqhQ,unconstrained,22.0,"[[4, 1, 7, 6, 2], [3, 5, 6, 2]]",1.0,16.732,1,Fully conscious/deliberative,Somewhat clear,Quite hard,Rather confident,I counted the number of connections for each pair using my cursor to keep track. Later on it became faster when I recognised a pair that had 1 connection (ie green and light blue via yellow). 
Qakai9c5ov7frqbyzmtqm2wqhQ,unconstrained,23.0,"[[3, 5, 6, 2], [1, 7, 0]]",1.0,12.577,1,Fully conscious/deliberative,Somewhat clear,Quite hard,Rather confident,I counted the number of connections for each pair using my cursor to keep track. Later on it became faster when I recognised a pair that had 1 connection (ie green and light blue via yellow). 
Qakai9c5ov7frqbyzmtqm2wqhQ,unconstrained,24.0,"[[7, 6, 5, 3], [4, 1, 7, 6, 2]]",1.0,13.159,0,Fully conscious/deliberative,Somewhat clear,Quite hard,Rather confident,I counted the number of connections for each pair using my cursor to keep track. Later on it became faster when I recognised a pair that had 1 connection (ie green and light blue via yellow). 
Qakai9c5ov7frqbyzmtqm2wqhQ,unconstrained,25.0,"[[6, 7, 1, 4], [0, 7, 6, 5, 3]]",1.0,18.428,0,Fully conscious/deliberative,Somewhat clear,Quite hard,Rather confident,I counted the number of connections for each pair using my cursor to keep track. Later on it became faster when I recognised a pair that had 1 connection (ie green and light blue via yellow). 
Qakai9c5ov7frqbyzmtqm2wqhQ,unconstrained,26.0,"[[4, 1, 7, 0], [4, 1, 7, 6, 2]]",1.0,10.096,0,Fully conscious/deliberative,Somewhat clear,Quite hard,Rather confident,I counted the number of connections for each pair using my cursor to keep track. Later on it became faster when I recognised a pair that had 1 connection (ie green and light blue via yellow). 
Qakai9c5ov7frqbyzmtqm2wqhQ,unconstrained,27.0,"[[0, 7, 1, 4], [2, 6, 7]]",1.0,5.143,1,Fully conscious/deliberative,Somewhat clear,Quite hard,Rather confident,I counted the number of connections for each pair using my cursor to keep track. Later on it became faster when I recognised a pair that had 1 connection (ie green and light blue via yellow). 
Qakai9c5ov7frqbyzmtqm2wqhQ,unconstrained,28.0,"[[5, 6, 7, 1], [1, 7, 6, 5, 3]]",1.0,15.042,0,Fully conscious/deliberative,Somewhat clear,Quite hard,Rather confident,I counted the number of connections for each pair using my cursor to keep track. Later on it became faster when I recognised a pair that had 1 connection (ie green and light blue via yellow). 
Qakai9c5ov7frqbyzmtqm2wqhQ,unconstrained,29.0,"[[5, 6, 2], [1, 7, 6, 2]]",1.0,3.992,0,Fully conscious/deliberative,Somewhat clear,Quite hard,Rather confident,I counted the number of connections for each pair using my cursor to keep track. Later on it became faster when I recognised a pair that had 1 connection (ie green and light blue via yellow). 
Qakai9c5ov7frqbyzmtqm2wqhQ,unconstrained,30.0,"[[7, 6, 2], [5, 6, 7, 1]]",1.0,6.558,0,Fully conscious/deliberative,Somewhat clear,Quite hard,Rather confident,I counted the number of connections for each pair using my cursor to keep track. Later on it became faster when I recognised a pair that had 1 connection (ie green and light blue via yellow). 
Qakai9c5ov7frqbyzmtqm2wqhQ,unconstrained,31.0,"[[2, 6, 7, 1], [5, 6, 7]]",1.0,7.848,1,Fully conscious/deliberative,Somewhat clear,Quite hard,Rather confident,I counted the number of connections for each pair using my cursor to keep track. Later on it became faster when I recognised a pair that had 1 connection (ie green and light blue via yellow). 
Qakai9c5ov7frqbyzmtqm2wqhQ,unconstrained,32.0,"[[2, 6, 7, 1, 4], [3, 5, 6, 7, 1, 4]]",0.0,10.584,1,Fully conscious/deliberative,Somewhat clear,Quite hard,Rather confident,I counted the number of connections for each pair using my cursor to keep track. Later on it became faster when I recognised a pair that had 1 connection (ie green and light blue via yellow). 
Qakai9c5ov7frqbyzmtqm2wqhQ,unconstrained,33.0,"[[7, 6, 2], [3, 5, 6, 7]]",1.0,2.517,0,Fully conscious/deliberative,Somewhat clear,Quite hard,Rather confident,I counted the number of connections for each pair using my cursor to keep track. Later on it became faster when I recognised a pair that had 1 connection (ie green and light blue via yellow). 
Qakai9c5ov7frqbyzmtqm2wqhQ,unconstrained,34.0,"[[1, 7, 6, 2], [3, 5, 6, 7, 1]]",1.0,8.242,0,Fully conscious/deliberative,Somewhat clear,Quite hard,Rather confident,I counted the number of connections for each pair using my cursor to keep track. Later on it became faster when I recognised a pair that had 1 connection (ie green and light blue via yellow). 
Qakai9c5ov7frqbyzmtqm2wqhQ,unconstrained,35.0,"[[4, 1, 7, 6], [2, 6, 7]]",1.0,9.668,1,Fully conscious/deliberative,Somewhat clear,Quite hard,Rather confident,I counted the number of connections for each pair using my cursor to keep track. Later on it became faster when I recognised a pair that had 1 connection (ie green and light blue via yellow). 
Qakai9c5ov7frqbyzmtqm2wqhQ,unconstrained,36.0,"[[5, 6, 7], [6, 7, 1, 4]]",1.0,4.717,0,Fully conscious/deliberative,Somewhat clear,Quite hard,Rather confident,I counted the number of connections for each pair using my cursor to keep track. Later on it became faster when I recognised a pair that had 1 connection (ie green and light blue via yellow). 
Qakai9c5ov7frqbyzmtqm2wqhQ,unconstrained,37.0,"[[3, 5, 6, 2], [6, 7, 0]]",1.0,4.862,1,Fully conscious/deliberative,Somewhat clear,Quite hard,Rather confident,I counted the number of connections for each pair using my cursor to keep track. Later on it became faster when I recognised a pair that had 1 connection (ie green and light blue via yellow). 
Qakai9c5ov7frqbyzmtqm2wqhQ,unconstrained,38.0,"[[1, 7, 0], [4, 1, 7, 6]]",1.0,4.578,0,Fully conscious/deliberative,Somewhat clear,Quite hard,Rather confident,I counted the number of connections for each pair using my cursor to keep track. Later on it became faster when I recognised a pair that had 1 connection (ie green and light blue via yellow). 
Qakai9c5ov7frqbyzmtqm2wqhQ,unconstrained,39.0,"[[2, 6, 7, 0], [5, 6, 7]]",1.0,5.136,1,Fully conscious/deliberative,Somewhat clear,Quite hard,Rather confident,I counted the number of connections for each pair using my cursor to keep track. Later on it became faster when I recognised a pair that had 1 connection (ie green and light blue via yellow). 
Qakai9c5ov7frqbyzmtqm2wqhQ,unconstrained,40.0,"[[6, 7, 1, 4], [7, 6, 2]]",1.0,3.854,1,Fully conscious/deliberative,Somewhat clear,Quite hard,Rather confident,I counted the number of connections for each pair using my cursor to keep track. Later on it became faster when I recognised a pair that had 1 connection (ie green and light blue via yellow). 
Qakai9c5ov7frqbyzmtqm2wqhQ,unconstrained,41.0,"[[5, 6, 7], [5, 6, 7, 1]]",1.0,3.353,0,Fully conscious/deliberative,Somewhat clear,Quite hard,Rather confident,I counted the number of connections for each pair using my cursor to keep track. Later on it became faster when I recognised a pair that had 1 connection (ie green and light blue via yellow). 
Qakai9c5ov7frqbyzmtqm2wqhQ,unconstrained,42.0,"[[0, 7, 6, 5], [0, 7, 6]]",1.0,10.886,1,Fully conscious/deliberative,Somewhat clear,Quite hard,Rather confident,I counted the number of connections for each pair using my cursor to keep track. Later on it became faster when I recognised a pair that had 1 connection (ie green and light blue via yellow). 
Qakai9c5ov7frqbyzmtqm2wqhQ,unconstrained,43.0,"[[5, 6, 7, 1], [4, 1, 7]]",1.0,8.869,1,Fully conscious/deliberative,Somewhat clear,Quite hard,Rather confident,I counted the number of connections for each pair using my cursor to keep track. Later on it became faster when I recognised a pair that had 1 connection (ie green and light blue via yellow). 
Qakai9c5ov7frqbyzmtqm2wqhQ,unconstrained,44.0,"[[2, 6, 7, 0], [4, 1, 7]]",1.0,16.912,1,Fully conscious/deliberative,Somewhat clear,Quite hard,Rather confident,I counted the number of connections for each pair using my cursor to keep track. Later on it became faster when I recognised a pair that had 1 connection (ie green and light blue via yellow). 
Qakai9c5ov7frqbyzmtqm2wqhQ,unconstrained,45.0,"[[2, 6, 5, 3], [1, 7, 6, 5, 3]]",1.0,16.178,0,Fully conscious/deliberative,Somewhat clear,Quite hard,Rather confident,I counted the number of connections for each pair using my cursor to keep track. Later on it became faster when I recognised a pair that had 1 connection (ie green and light blue via yellow). 
Qakai9c5ov7frqbyzmtqm2wqhQ,unconstrained,46.0,"[[5, 6, 7, 1], [0, 7, 1]]",1.0,11.551,1,Fully conscious/deliberative,Somewhat clear,Quite hard,Rather confident,I counted the number of connections for each pair using my cursor to keep track. Later on it became faster when I recognised a pair that had 1 connection (ie green and light blue via yellow). 
Qakai9c5ov7frqbyzmtqm2wqhQ,unconstrained,47.0,"[[2, 6, 5], [7, 6, 5, 3]]",1.0,2.707,0,Fully conscious/deliberative,Somewhat clear,Quite hard,Rather confident,I counted the number of connections for each pair using my cursor to keep track. Later on it became faster when I recognised a pair that had 1 connection (ie green and light blue via yellow). 
Qakai9c5ov7frqbyzmtqm2wqhQ,unconstrained,48.0,"[[7, 1, 4], [1, 7, 6, 2]]",1.0,3.415,0,Fully conscious/deliberative,Somewhat clear,Quite hard,Rather confident,I counted the number of connections for each pair using my cursor to keep track. Later on it became faster when I recognised a pair that had 1 connection (ie green and light blue via yellow). 
Qakai9c5ov7frqbyzmtqm2wqhQ,unconstrained,49.0,"[[4, 1, 7], [2, 6, 5, 3]]",1.0,3.257,0,Fully conscious/deliberative,Somewhat clear,Quite hard,Rather confident,I counted the number of connections for each pair using my cursor to keep track. Later on it became faster when I recognised a pair that had 1 connection (ie green and light blue via yellow). 
Qakai9c5ov7frqbyzmtqm2wqhQ,unconstrained,50.0,"[[5, 6, 7, 1, 4], [6, 7, 1, 4]]",1.0,31.555,1,Fully conscious/deliberative,Somewhat clear,Quite hard,Rather confident,I counted the number of connections for each pair using my cursor to keep track. Later on it became faster when I recognised a pair that had 1 connection (ie green and light blue via yellow). 
Qakai9c5ov7frqbyzmtqm2wqhQ,unconstrained,51.0,"[[2, 6, 5], [4, 1, 7, 6]]",1.0,4.152,0,Fully conscious/deliberative,Somewhat clear,Quite hard,Rather confident,I counted the number of connections for each pair using my cursor to keep track. Later on it became faster when I recognised a pair that had 1 connection (ie green and light blue via yellow). 
Qakai9c5ov7frqbyzmtqm2wqhQ,unconstrained,52.0,"[[1, 7, 6, 2], [4, 1, 7]]",1.0,5.184,1,Fully conscious/deliberative,Somewhat clear,Quite hard,Rather confident,I counted the number of connections for each pair using my cursor to keep track. Later on it became faster when I recognised a pair that had 1 connection (ie green and light blue via yellow). 
Qakai9c5ov7frqbyzmtqm2wqhQ,unconstrained,53.0,"[[0, 7, 6], [4, 1, 7, 0]]",1.0,2.863,0,Fully conscious/deliberative,Somewhat clear,Quite hard,Rather confident,I counted the number of connections for each pair using my cursor to keep track. Later on it became faster when I recognised a pair that had 1 connection (ie green and light blue via yellow). 
Qakai9c5ov7frqbyzmtqm2wqhQ,unconstrained,54.0,"[[0, 7, 6, 2], [1, 7, 0]]",1.0,11.379,1,Fully conscious/deliberative,Somewhat clear,Quite hard,Rather confident,I counted the number of connections for each pair using my cursor to keep track. Later on it became faster when I recognised a pair that had 1 connection (ie green and light blue via yellow). 
Qakai9c5ov7frqbyzmtqm2wqhQ,unconstrained,55.0,"[[5, 6, 7, 0], [7, 6, 5]]",1.0,9.625,1,Fully conscious/deliberative,Somewhat clear,Quite hard,Rather confident,I counted the number of connections for each pair using my cursor to keep track. Later on it became faster when I recognised a pair that had 1 connection (ie green and light blue via yellow). 
Qakai9c5ov7frqbyzmtqm2wqhQ,unconstrained,56.0,"[[2, 6, 5, 3], [6, 7, 1]]",1.0,6.234,1,Fully conscious/deliberative,Somewhat clear,Quite hard,Rather confident,I counted the number of connections for each pair using my cursor to keep track. Later on it became faster when I recognised a pair that had 1 connection (ie green and light blue via yellow). 
Qakai9c5ov7frqbyzmtqm2wqhQ,unconstrained,57.0,"[[0, 7, 1], [1, 7, 6, 2]]",1.0,4.82,0,Fully conscious/deliberative,Somewhat clear,Quite hard,Rather confident,I counted the number of connections for each pair using my cursor to keep track. Later on it became faster when I recognised a pair that had 1 connection (ie green and light blue via yellow). 
Qakai9c5ov7frqbyzmtqm2wqhQ,unconstrained,58.0,"[[3, 5, 6, 2], [5, 6, 2]]",1.0,2.433,1,Fully conscious/deliberative,Somewhat clear,Quite hard,Rather confident,I counted the number of connections for each pair using my cursor to keep track. Later on it became faster when I recognised a pair that had 1 connection (ie green and light blue via yellow). 
Qakai9c5ov7frqbyzmtqm2wqhQ,unconstrained,59.0,"[[4, 1, 7, 6, 2], [0, 7, 6, 5]]",1.0,15.627,1,Fully conscious/deliberative,Somewhat clear,Quite hard,Rather confident,I counted the number of connections for each pair using my cursor to keep track. Later on it became faster when I recognised a pair that had 1 connection (ie green and light blue via yellow). 
Qakai9c5ov7frqbyzmtqm2wqhQ,unconstrained,60.0,"[[7, 1, 4], [5, 6, 7, 1]]",1.0,6.227,0,Fully conscious/deliberative,Somewhat clear,Quite hard,Rather confident,I counted the number of connections for each pair using my cursor to keep track. Later on it became faster when I recognised a pair that had 1 connection (ie green and light blue via yellow). 
Qakai9c5ov7frqbyzmtqm2wqhQ,unconstrained,61.0,"[[5, 6, 2], [0, 7, 1, 4]]",1.0,3.14,0,Fully conscious/deliberative,Somewhat clear,Quite hard,Rather confident,I counted the number of connections for each pair using my cursor to keep track. Later on it became faster when I recognised a pair that had 1 connection (ie green and light blue via yellow). 
Qakai9c5ov7frqbyzmtqm2wqhQ,unconstrained,62.0,"[[3, 5, 6], [6, 7, 1, 4]]",1.0,4.232,0,Fully conscious/deliberative,Somewhat clear,Quite hard,Rather confident,I counted the number of connections for each pair using my cursor to keep track. Later on it became faster when I recognised a pair that had 1 connection (ie green and light blue via yellow). 
Qakai9c5ov7frqbyzmtqm2wqhQ,unconstrained,63.0,"[[0, 7, 6, 5], [5, 6, 2]]",1.0,1.821,1,Fully conscious/deliberative,Somewhat clear,Quite hard,Rather confident,I counted the number of connections for each pair using my cursor to keep track. Later on it became faster when I recognised a pair that had 1 connection (ie green and light blue via yellow). 
Qakai9c5ov7frqbyzmtqm2wqhQ,unconstrained,64.0,"[[6, 5, 3], [2, 6, 7, 1]]",1.0,2.918,0,Fully conscious/deliberative,Somewhat clear,Quite hard,Rather confident,I counted the number of connections for each pair using my cursor to keep track. Later on it became faster when I recognised a pair that had 1 connection (ie green and light blue via yellow). 
Qbff7jywtziipj397w8uwqq0oQ,unconstrained,0.0,"[[3, 5, 6, 7, 1], [2, 6, 7, 1]]",0.0,6.293,0,Fully conscious/deliberative,Fully clear,Easy,Rather confident,i tried to remember the known pairs from the previous game
Qbff7jywtziipj397w8uwqq0oQ,unconstrained,1.0,"[[6, 7, 0], [5, 6, 7, 0]]",1.0,2.667,0,Fully conscious/deliberative,Fully clear,Easy,Rather confident,i tried to remember the known pairs from the previous game
Qbff7jywtziipj397w8uwqq0oQ,unconstrained,2.0,"[[3, 5, 6, 7, 0], [0, 7, 6, 2]]",0.0,2.08,0,Fully conscious/deliberative,Fully clear,Easy,Rather confident,i tried to remember the known pairs from the previous game
Qbff7jywtziipj397w8uwqq0oQ,unconstrained,3.0,"[[5, 6, 7, 1], [6, 7, 1]]",1.0,4.896,1,Fully conscious/deliberative,Fully clear,Easy,Rather confident,i tried to remember the known pairs from the previous game
Qbff7jywtziipj397w8uwqq0oQ,unconstrained,4.0,"[[2, 6, 7], [1, 7, 6, 2]]",0.0,1.894,1,Fully conscious/deliberative,Fully clear,Easy,Rather confident,i tried to remember the known pairs from the previous game
Qbff7jywtziipj397w8uwqq0oQ,unconstrained,5.0,"[[2, 6, 5, 3], [2, 6, 5]]",0.0,2.227,0,Fully conscious/deliberative,Fully clear,Easy,Rather confident,i tried to remember the known pairs from the previous game
Qbff7jywtziipj397w8uwqq0oQ,unconstrained,6.0,"[[4, 1, 7, 6], [1, 7, 0]]",1.0,2.428,1,Fully conscious/deliberative,Fully clear,Easy,Rather confident,i tried to remember the known pairs from the previous game
Qbff7jywtziipj397w8uwqq0oQ,unconstrained,7.0,"[[5, 6, 7, 1, 4], [0, 7, 1, 4]]",0.0,3.23,0,Fully conscious/deliberative,Fully clear,Easy,Rather confident,i tried to remember the known pairs from the previous game
Qbff7jywtziipj397w8uwqq0oQ,unconstrained,8.0,"[[0, 7, 6], [4, 1, 7, 0]]",1.0,2.581,0,Fully conscious/deliberative,Fully clear,Easy,Rather confident,i tried to remember the known pairs from the previous game
Qbff7jywtziipj397w8uwqq0oQ,unconstrained,9.0,"[[4, 1, 7, 6], [4, 1, 7, 6, 5]]",1.0,4.864,0,Fully conscious/deliberative,Fully clear,Easy,Rather confident,i tried to remember the known pairs from the previous game
Qbff7jywtziipj397w8uwqq0oQ,unconstrained,10.0,"[[4, 1, 7], [1, 7, 6, 5]]",0.0,1.864,1,Fully conscious/deliberative,Fully clear,Easy,Rather confident,i tried to remember the known pairs from the previous game
Qbff7jywtziipj397w8uwqq0oQ,unconstrained,11.0,"[[3, 5, 6, 7, 0], [2, 6, 7, 1]]",0.0,1.824,0,Fully conscious/deliberative,Fully clear,Easy,Rather confident,i tried to remember the known pairs from the previous game
Qbff7jywtziipj397w8uwqq0oQ,unconstrained,12.0,"[[2, 6, 7, 0], [6, 5, 3]]",1.0,3.082,1,Fully conscious/deliberative,Fully clear,Easy,Rather confident,i tried to remember the known pairs from the previous game
Qbff7jywtziipj397w8uwqq0oQ,unconstrained,13.0,"[[0, 7, 1, 4], [2, 6, 7, 1, 4]]",0.0,3.128,1,Fully conscious/deliberative,Fully clear,Easy,Rather confident,i tried to remember the known pairs from the previous game
Qbff7jywtziipj397w8uwqq0oQ,unconstrained,14.0,"[[7, 6, 2], [0, 7, 1, 4]]",1.0,1.932,0,Fully conscious/deliberative,Fully clear,Easy,Rather confident,i tried to remember the known pairs from the previous game
Qbff7jywtziipj397w8uwqq0oQ,unconstrained,15.0,"[[5, 6, 7], [3, 5, 6, 2]]",1.0,2.334,0,Fully conscious/deliberative,Fully clear,Easy,Rather confident,i tried to remember the known pairs from the previous game
Qbff7jywtziipj397w8uwqq0oQ,unconstrained,16.0,"[[3, 5, 6, 7, 1], [1, 7, 6, 5]]",0.0,2.796,0,Fully conscious/deliberative,Fully clear,Easy,Rather confident,i tried to remember the known pairs from the previous game
Qbff7jywtziipj397w8uwqq0oQ,unconstrained,17.0,"[[0, 7, 1, 4], [6, 7, 1]]",1.0,2.357,1,Fully conscious/deliberative,Fully clear,Easy,Rather confident,i tried to remember the known pairs from the previous game
Qbff7jywtziipj397w8uwqq0oQ,unconstrained,18.0,"[[1, 7, 6, 2], [5, 6, 2]]",0.0,4.865,0,Fully conscious/deliberative,Fully clear,Easy,Rather confident,i tried to remember the known pairs from the previous game
Qbff7jywtziipj397w8uwqq0oQ,unconstrained,19.0,"[[1, 7, 0], [1, 7, 6, 2]]",1.0,3.627,0,Fully conscious/deliberative,Fully clear,Easy,Rather confident,i tried to remember the known pairs from the previous game
Qbff7jywtziipj397w8uwqq0oQ,unconstrained,20.0,"[[0, 7, 1], [1, 7, 6, 2]]",1.0,2.696,0,Fully conscious/deliberative,Fully clear,Easy,Rather confident,i tried to remember the known pairs from the previous game
Qbff7jywtziipj397w8uwqq0oQ,unconstrained,21.0,"[[4, 1, 7, 0], [5, 6, 7]]",1.0,1.794,1,Fully conscious/deliberative,Fully clear,Easy,Rather confident,i tried to remember the known pairs from the previous game
Qbff7jywtziipj397w8uwqq0oQ,unconstrained,22.0,"[[5, 6, 7, 0], [1, 7, 0]]",0.0,2.396,0,Fully conscious/deliberative,Fully clear,Easy,Rather confident,i tried to remember the known pairs from the previous game
Qbff7jywtziipj397w8uwqq0oQ,unconstrained,23.0,"[[0, 7, 6, 5], [2, 6, 7, 1, 4]]",1.0,1.995,0,Fully conscious/deliberative,Fully clear,Easy,Rather confident,i tried to remember the known pairs from the previous game
Qbff7jywtziipj397w8uwqq0oQ,unconstrained,24.0,"[[7, 6, 5], [0, 7, 6, 5]]",1.0,2.557,0,Fully conscious/deliberative,Fully clear,Easy,Rather confident,i tried to remember the known pairs from the previous game
Qbff7jywtziipj397w8uwqq0oQ,unconstrained,25.0,"[[5, 6, 7, 1, 4], [7, 6, 5, 3]]",0.0,2.781,0,Fully conscious/deliberative,Fully clear,Easy,Rather confident,i tried to remember the known pairs from the previous game
Qbff7jywtziipj397w8uwqq0oQ,unconstrained,26.0,"[[1, 7, 0], [1, 7, 6, 5]]",0.0,4.415,1,Fully conscious/deliberative,Fully clear,Easy,Rather confident,i tried to remember the known pairs from the previous game
Qbff7jywtziipj397w8uwqq0oQ,unconstrained,27.0,"[[7, 6, 5, 3], [2, 6, 5]]",0.0,2.133,0,Fully conscious/deliberative,Fully clear,Easy,Rather confident,i tried to remember the known pairs from the previous game
Qbff7jywtziipj397w8uwqq0oQ,unconstrained,28.0,"[[1, 7, 6, 5], [7, 6, 2]]",1.0,4.208,1,Fully conscious/deliberative,Fully clear,Easy,Rather confident,i tried to remember the known pairs from the previous game
Qbff7jywtziipj397w8uwqq0oQ,unconstrained,29.0,"[[5, 6, 7], [1, 7, 6, 2]]",1.0,2.565,0,Fully conscious/deliberative,Fully clear,Easy,Rather confident,i tried to remember the known pairs from the previous game
Qbff7jywtziipj397w8uwqq0oQ,unconstrained,30.0,"[[2, 6, 5, 3], [3, 5, 6, 7, 1]]",0.0,3.692,1,Fully conscious/deliberative,Fully clear,Easy,Rather confident,i tried to remember the known pairs from the previous game
Qbff7jywtziipj397w8uwqq0oQ,unconstrained,31.0,"[[7, 6, 5], [2, 6, 7, 0]]",1.0,1.585,0,Fully conscious/deliberative,Fully clear,Easy,Rather confident,i tried to remember the known pairs from the previous game
Qbff7jywtziipj397w8uwqq0oQ,unconstrained,32.0,"[[2, 6, 7], [6, 7, 1, 4]]",0.0,1.168,1,Fully conscious/deliberative,Fully clear,Easy,Rather confident,i tried to remember the known pairs from the previous game
Qbff7jywtziipj397w8uwqq0oQ,unconstrained,33.0,"[[0, 7, 1], [2, 6, 7, 0]]",1.0,2.133,0,Fully conscious/deliberative,Fully clear,Easy,Rather confident,i tried to remember the known pairs from the previous game
Qbff7jywtziipj397w8uwqq0oQ,unconstrained,34.0,"[[7, 1, 4], [2, 6, 5, 3]]",1.0,1.872,0,Fully conscious/deliberative,Fully clear,Easy,Rather confident,i tried to remember the known pairs from the previous game
Qbff7jywtziipj397w8uwqq0oQ,unconstrained,35.0,"[[1, 7, 6], [1, 7, 6, 2]]",1.0,1.648,0,Fully conscious/deliberative,Fully clear,Easy,Rather confident,i tried to remember the known pairs from the previous game
Qbff7jywtziipj397w8uwqq0oQ,unconstrained,36.0,"[[4, 1, 7, 6], [6, 5, 3]]",0.0,1.702,0,Fully conscious/deliberative,Fully clear,Easy,Rather confident,i tried to remember the known pairs from the previous game
Qbff7jywtziipj397w8uwqq0oQ,unconstrained,37.0,"[[3, 5, 6, 7, 0], [4, 1, 7, 6]]",0.0,1.254,0,Fully conscious/deliberative,Fully clear,Easy,Rather confident,i tried to remember the known pairs from the previous game
Qbff7jywtziipj397w8uwqq0oQ,unconstrained,38.0,"[[0, 7, 1, 4], [6, 5, 3]]",1.0,1.586,1,Fully conscious/deliberative,Fully clear,Easy,Rather confident,i tried to remember the known pairs from the previous game
Qbff7jywtziipj397w8uwqq0oQ,unconstrained,39.0,"[[7, 6, 5, 3], [2, 6, 7, 1, 4]]",1.0,2.535,0,Fully conscious/deliberative,Fully clear,Easy,Rather confident,i tried to remember the known pairs from the previous game
Qbff7jywtziipj397w8uwqq0oQ,unconstrained,40.0,"[[7, 1, 4], [0, 7, 6, 5]]",0.0,1.941,1,Fully conscious/deliberative,Fully clear,Easy,Rather confident,i tried to remember the known pairs from the previous game
Qbff7jywtziipj397w8uwqq0oQ,unconstrained,41.0,"[[4, 1, 7, 6], [7, 6, 5]]",1.0,1.555,1,Fully conscious/deliberative,Fully clear,Easy,Rather confident,i tried to remember the known pairs from the previous game
Qbff7jywtziipj397w8uwqq0oQ,unconstrained,42.0,"[[7, 6, 2], [0, 7, 1, 4]]",0.0,2.279,1,Fully conscious/deliberative,Fully clear,Easy,Rather confident,i tried to remember the known pairs from the previous game
Qbff7jywtziipj397w8uwqq0oQ,unconstrained,43.0,"[[1, 7, 6, 5], [5, 6, 2]]",0.0,2.526,0,Fully conscious/deliberative,Fully clear,Easy,Rather confident,i tried to remember the known pairs from the previous game
Qbff7jywtziipj397w8uwqq0oQ,unconstrained,44.0,"[[2, 6, 7, 1], [6, 5, 3]]",1.0,3.043,1,Fully conscious/deliberative,Fully clear,Easy,Rather confident,i tried to remember the known pairs from the previous game
Qbff7jywtziipj397w8uwqq0oQ,unconstrained,45.0,"[[5, 6, 2], [0, 7, 1, 4]]",0.0,2.372,1,Fully conscious/deliberative,Fully clear,Easy,Rather confident,i tried to remember the known pairs from the previous game
Qbff7jywtziipj397w8uwqq0oQ,unconstrained,46.0,"[[6, 7, 1, 4], [1, 7, 6, 5, 3]]",1.0,1.445,0,Fully conscious/deliberative,Fully clear,Easy,Rather confident,i tried to remember the known pairs from the previous game
Qbff7jywtziipj397w8uwqq0oQ,unconstrained,47.0,"[[0, 7, 6], [3, 5, 6, 2]]",0.0,1.577,1,Fully conscious/deliberative,Fully clear,Easy,Rather confident,i tried to remember the known pairs from the previous game
Qbff7jywtziipj397w8uwqq0oQ,unconstrained,48.0,"[[6, 5, 3], [6, 7, 1, 4]]",0.0,1.67,1,Fully conscious/deliberative,Fully clear,Easy,Rather confident,i tried to remember the known pairs from the previous game
Qbff7jywtziipj397w8uwqq0oQ,unconstrained,49.0,"[[2, 6, 7, 1], [4, 1, 7]]",0.0,2.364,0,Fully conscious/deliberative,Fully clear,Easy,Rather confident,i tried to remember the known pairs from the previous game
Qbff7jywtziipj397w8uwqq0oQ,unconstrained,50.0,"[[5, 6, 7, 1], [3, 5, 6]]",0.0,2.293,0,Fully conscious/deliberative,Fully clear,Easy,Rather confident,i tried to remember the known pairs from the previous game
Qbff7jywtziipj397w8uwqq0oQ,unconstrained,51.0,"[[7, 6, 2], [6, 7, 1, 4]]",0.0,1.693,1,Fully conscious/deliberative,Fully clear,Easy,Rather confident,i tried to remember the known pairs from the previous game
Qbff7jywtziipj397w8uwqq0oQ,unconstrained,52.0,"[[5, 6, 7], [5, 6, 7, 1]]",0.0,2.958,1,Fully conscious/deliberative,Fully clear,Easy,Rather confident,i tried to remember the known pairs from the previous game
Qbff7jywtziipj397w8uwqq0oQ,unconstrained,53.0,"[[0, 7, 6, 2], [4, 1, 7]]",1.0,1.462,1,Fully conscious/deliberative,Fully clear,Easy,Rather confident,i tried to remember the known pairs from the previous game
Qbff7jywtziipj397w8uwqq0oQ,unconstrained,54.0,"[[4, 1, 7], [5, 6, 7, 1]]",0.0,2.804,1,Fully conscious/deliberative,Fully clear,Easy,Rather confident,i tried to remember the known pairs from the previous game
Qbff7jywtziipj397w8uwqq0oQ,unconstrained,55.0,"[[0, 7, 6, 5], [6, 7, 1]]",0.0,1.346,0,Fully conscious/deliberative,Fully clear,Easy,Rather confident,i tried to remember the known pairs from the previous game
Qbff7jywtziipj397w8uwqq0oQ,unconstrained,56.0,"[[6, 7, 1, 4], [5, 6, 2]]",1.0,1.593,1,Fully conscious/deliberative,Fully clear,Easy,Rather confident,i tried to remember the known pairs from the previous game
Qbff7jywtziipj397w8uwqq0oQ,unconstrained,57.0,"[[2, 6, 7, 1, 4], [3, 5, 6, 7, 1, 4]]",1.0,1.67,0,Fully conscious/deliberative,Fully clear,Easy,Rather confident,i tried to remember the known pairs from the previous game
Qbff7jywtziipj397w8uwqq0oQ,unconstrained,58.0,"[[2, 6, 5, 3], [1, 7, 6]]",1.0,1.686,1,Fully conscious/deliberative,Fully clear,Easy,Rather confident,i tried to remember the known pairs from the previous game
Qbff7jywtziipj397w8uwqq0oQ,unconstrained,59.0,"[[7, 1, 4], [1, 7, 6, 2]]",0.0,1.423,1,Fully conscious/deliberative,Fully clear,Easy,Rather confident,i tried to remember the known pairs from the previous game
Qbff7jywtziipj397w8uwqq0oQ,unconstrained,60.0,"[[7, 6, 5, 3], [2, 6, 7]]",0.0,1.609,0,Fully conscious/deliberative,Fully clear,Easy,Rather confident,i tried to remember the known pairs from the previous game
Qbff7jywtziipj397w8uwqq0oQ,unconstrained,61.0,"[[5, 6, 7, 1, 4], [7, 6, 5, 3]]",0.0,1.138,0,Fully conscious/deliberative,Fully clear,Easy,Rather confident,i tried to remember the known pairs from the previous game
Qbff7jywtziipj397w8uwqq0oQ,unconstrained,62.0,"[[5, 6, 2], [5, 6, 7, 0]]",1.0,1.146,0,Fully conscious/deliberative,Fully clear,Easy,Rather confident,i tried to remember the known pairs from the previous game
Qbff7jywtziipj397w8uwqq0oQ,unconstrained,63.0,"[[4, 1, 7, 6, 2], [3, 5, 6, 2]]",0.0,1.623,0,Fully conscious/deliberative,Fully clear,Easy,Rather confident,i tried to remember the known pairs from the previous game
Qbff7jywtziipj397w8uwqq0oQ,unconstrained,64.0,"[[1, 7, 0], [2, 6, 5, 3]]",1.0,1.154,0,Fully conscious/deliberative,Fully clear,Easy,Rather confident,i tried to remember the known pairs from the previous game
Qbxp9tlyw2xeegkhybnmhypb9Q,unconstrained,0.0,"[[7, 6, 5], [4, 1, 7, 6]]",0.0,41.392,1,Fully conscious/deliberative,Somewhat clear,Quite easy,Rather confident,I paired up the corresponding colors and flowers to see whcih would take the bee the shortest time.
Qbxp9tlyw2xeegkhybnmhypb9Q,unconstrained,1.0,"[[4, 1, 7, 6], [3, 5, 6]]",0.0,15.392,0,Fully conscious/deliberative,Somewhat clear,Quite easy,Rather confident,I paired up the corresponding colors and flowers to see whcih would take the bee the shortest time.
Qbxp9tlyw2xeegkhybnmhypb9Q,unconstrained,2.0,"[[4, 1, 7, 6, 2], [3, 5, 6, 2]]",1.0,22.199,1,Fully conscious/deliberative,Somewhat clear,Quite easy,Rather confident,I paired up the corresponding colors and flowers to see whcih would take the bee the shortest time.
Qbxp9tlyw2xeegkhybnmhypb9Q,unconstrained,3.0,"[[4, 1, 7, 0], [4, 1, 7, 6, 5]]",1.0,23.473,0,Fully conscious/deliberative,Somewhat clear,Quite easy,Rather confident,I paired up the corresponding colors and flowers to see whcih would take the bee the shortest time.
Qbxp9tlyw2xeegkhybnmhypb9Q,unconstrained,4.0,"[[2, 6, 7, 0], [5, 6, 7]]",1.0,13.086,1,Fully conscious/deliberative,Somewhat clear,Quite easy,Rather confident,I paired up the corresponding colors and flowers to see whcih would take the bee the shortest time.
Qbxp9tlyw2xeegkhybnmhypb9Q,unconstrained,5.0,"[[7, 6, 2], [6, 7, 1, 4]]",1.0,26.754,0,Fully conscious/deliberative,Somewhat clear,Quite easy,Rather confident,I paired up the corresponding colors and flowers to see whcih would take the bee the shortest time.
Qbxp9tlyw2xeegkhybnmhypb9Q,unconstrained,6.0,"[[4, 1, 7, 6], [3, 5, 6, 7, 1]]",1.0,12.148,0,Fully conscious/deliberative,Somewhat clear,Quite easy,Rather confident,I paired up the corresponding colors and flowers to see whcih would take the bee the shortest time.
Qbxp9tlyw2xeegkhybnmhypb9Q,unconstrained,7.0,"[[5, 6, 7, 1, 4], [3, 5, 6, 7]]",1.0,6.489,1,Fully conscious/deliberative,Somewhat clear,Quite easy,Rather confident,I paired up the corresponding colors and flowers to see whcih would take the bee the shortest time.
Qbxp9tlyw2xeegkhybnmhypb9Q,unconstrained,8.0,"[[1, 7, 6, 2], [5, 6, 2]]",0.0,2.971,0,Fully conscious/deliberative,Somewhat clear,Quite easy,Rather confident,I paired up the corresponding colors and flowers to see whcih would take the bee the shortest time.
Qbxp9tlyw2xeegkhybnmhypb9Q,unconstrained,9.0,"[[3, 5, 6, 2], [4, 1, 7]]",1.0,7.788,1,Fully conscious/deliberative,Somewhat clear,Quite easy,Rather confident,I paired up the corresponding colors and flowers to see whcih would take the bee the shortest time.
Qbxp9tlyw2xeegkhybnmhypb9Q,unconstrained,10.0,"[[0, 7, 1, 4], [0, 7, 6]]",0.0,2.075,0,Fully conscious/deliberative,Somewhat clear,Quite easy,Rather confident,I paired up the corresponding colors and flowers to see whcih would take the bee the shortest time.
Qbxp9tlyw2xeegkhybnmhypb9Q,unconstrained,11.0,"[[0, 7, 1, 4], [7, 6, 5]]",0.0,5.251,0,Fully conscious/deliberative,Somewhat clear,Quite easy,Rather confident,I paired up the corresponding colors and flowers to see whcih would take the bee the shortest time.
Qbxp9tlyw2xeegkhybnmhypb9Q,unconstrained,12.0,"[[1, 7, 6], [2, 6, 7, 1]]",0.0,2.843,1,Fully conscious/deliberative,Somewhat clear,Quite easy,Rather confident,I paired up the corresponding colors and flowers to see whcih would take the bee the shortest time.
Qbxp9tlyw2xeegkhybnmhypb9Q,unconstrained,13.0,"[[4, 1, 7, 6, 5, 3], [2, 6, 7, 1, 4]]",1.0,2.352,1,Fully conscious/deliberative,Somewhat clear,Quite easy,Rather confident,I paired up the corresponding colors and flowers to see whcih would take the bee the shortest time.
Qbxp9tlyw2xeegkhybnmhypb9Q,unconstrained,14.0,"[[5, 6, 2], [1, 7, 6, 5]]",0.0,2.268,1,Fully conscious/deliberative,Somewhat clear,Quite easy,Rather confident,I paired up the corresponding colors and flowers to see whcih would take the bee the shortest time.
Qbxp9tlyw2xeegkhybnmhypb9Q,unconstrained,15.0,"[[5, 6, 7, 1], [7, 1, 4]]",0.0,6.1,0,Fully conscious/deliberative,Somewhat clear,Quite easy,Rather confident,I paired up the corresponding colors and flowers to see whcih would take the bee the shortest time.
Qbxp9tlyw2xeegkhybnmhypb9Q,unconstrained,16.0,"[[5, 6, 2], [0, 7, 6, 5]]",0.0,1.839,1,Fully conscious/deliberative,Somewhat clear,Quite easy,Rather confident,I paired up the corresponding colors and flowers to see whcih would take the bee the shortest time.
Qbxp9tlyw2xeegkhybnmhypb9Q,unconstrained,17.0,"[[2, 6, 5, 3], [1, 7, 6]]",1.0,2.979,1,Fully conscious/deliberative,Somewhat clear,Quite easy,Rather confident,I paired up the corresponding colors and flowers to see whcih would take the bee the shortest time.
Qbxp9tlyw2xeegkhybnmhypb9Q,unconstrained,18.0,"[[4, 1, 7], [2, 6, 7, 0]]",0.0,4.358,1,Fully conscious/deliberative,Somewhat clear,Quite easy,Rather confident,I paired up the corresponding colors and flowers to see whcih would take the bee the shortest time.
Qbxp9tlyw2xeegkhybnmhypb9Q,unconstrained,19.0,"[[4, 1, 7], [0, 7, 6, 5]]",0.0,5.321,1,Fully conscious/deliberative,Somewhat clear,Quite easy,Rather confident,I paired up the corresponding colors and flowers to see whcih would take the bee the shortest time.
Qbxp9tlyw2xeegkhybnmhypb9Q,unconstrained,20.0,"[[4, 1, 7, 0], [7, 6, 2]]",0.0,3.361,0,Fully conscious/deliberative,Somewhat clear,Quite easy,Rather confident,I paired up the corresponding colors and flowers to see whcih would take the bee the shortest time.
Qbxp9tlyw2xeegkhybnmhypb9Q,unconstrained,21.0,"[[2, 6, 5, 3], [5, 6, 2]]",0.0,11.179,0,Fully conscious/deliberative,Somewhat clear,Quite easy,Rather confident,I paired up the corresponding colors and flowers to see whcih would take the bee the shortest time.
Qbxp9tlyw2xeegkhybnmhypb9Q,unconstrained,22.0,"[[3, 5, 6, 7, 1], [1, 7, 6, 2]]",1.0,5.812,1,Fully conscious/deliberative,Somewhat clear,Quite easy,Rather confident,I paired up the corresponding colors and flowers to see whcih would take the bee the shortest time.
Qbxp9tlyw2xeegkhybnmhypb9Q,unconstrained,23.0,"[[2, 6, 7, 1, 4], [5, 6, 7, 0]]",1.0,3.243,1,Fully conscious/deliberative,Somewhat clear,Quite easy,Rather confident,I paired up the corresponding colors and flowers to see whcih would take the bee the shortest time.
Qbxp9tlyw2xeegkhybnmhypb9Q,unconstrained,24.0,"[[4, 1, 7, 0], [4, 1, 7, 6, 2]]",1.0,3.555,0,Fully conscious/deliberative,Somewhat clear,Quite easy,Rather confident,I paired up the corresponding colors and flowers to see whcih would take the bee the shortest time.
Qbxp9tlyw2xeegkhybnmhypb9Q,unconstrained,25.0,"[[7, 6, 5], [5, 6, 7, 1]]",1.0,3.594,0,Fully conscious/deliberative,Somewhat clear,Quite easy,Rather confident,I paired up the corresponding colors and flowers to see whcih would take the bee the shortest time.
Qbxp9tlyw2xeegkhybnmhypb9Q,unconstrained,26.0,"[[0, 7, 6, 5], [6, 7, 1]]",0.0,4.066,0,Fully conscious/deliberative,Somewhat clear,Quite easy,Rather confident,I paired up the corresponding colors and flowers to see whcih would take the bee the shortest time.
Qbxp9tlyw2xeegkhybnmhypb9Q,unconstrained,27.0,"[[7, 6, 2], [5, 6, 7, 1]]",1.0,7.619,0,Fully conscious/deliberative,Somewhat clear,Quite easy,Rather confident,I paired up the corresponding colors and flowers to see whcih would take the bee the shortest time.
Qbxp9tlyw2xeegkhybnmhypb9Q,unconstrained,28.0,"[[0, 7, 1], [5, 6, 7, 1]]",0.0,1.508,1,Fully conscious/deliberative,Somewhat clear,Quite easy,Rather confident,I paired up the corresponding colors and flowers to see whcih would take the bee the shortest time.
Qbxp9tlyw2xeegkhybnmhypb9Q,unconstrained,29.0,"[[3, 5, 6], [4, 1, 7, 6]]",0.0,2.178,1,Fully conscious/deliberative,Somewhat clear,Quite easy,Rather confident,I paired up the corresponding colors and flowers to see whcih would take the bee the shortest time.
Qbxp9tlyw2xeegkhybnmhypb9Q,unconstrained,30.0,"[[2, 6, 7, 0], [3, 5, 6]]",0.0,2.379,0,Fully conscious/deliberative,Somewhat clear,Quite easy,Rather confident,I paired up the corresponding colors and flowers to see whcih would take the bee the shortest time.
Qbxp9tlyw2xeegkhybnmhypb9Q,unconstrained,31.0,"[[7, 6, 5, 3], [2, 6, 7, 1, 4]]",1.0,4.155,0,Fully conscious/deliberative,Somewhat clear,Quite easy,Rather confident,I paired up the corresponding colors and flowers to see whcih would take the bee the shortest time.
Qbxp9tlyw2xeegkhybnmhypb9Q,unconstrained,32.0,"[[7, 1, 4], [2, 6, 7, 1]]",0.0,12.131,1,Fully conscious/deliberative,Somewhat clear,Quite easy,Rather confident,I paired up the corresponding colors and flowers to see whcih would take the bee the shortest time.
Qbxp9tlyw2xeegkhybnmhypb9Q,unconstrained,33.0,"[[7, 6, 2], [3, 5, 6, 7]]",1.0,4.891,0,Fully conscious/deliberative,Somewhat clear,Quite easy,Rather confident,I paired up the corresponding colors and flowers to see whcih would take the bee the shortest time.
Qbxp9tlyw2xeegkhybnmhypb9Q,unconstrained,34.0,"[[6, 7, 1, 4], [4, 1, 7, 6, 5]]",1.0,2.567,0,Fully conscious/deliberative,Somewhat clear,Quite easy,Rather confident,I paired up the corresponding colors and flowers to see whcih would take the bee the shortest time.
Qbxp9tlyw2xeegkhybnmhypb9Q,unconstrained,35.0,"[[0, 7, 6], [3, 5, 6, 2]]",1.0,2.643,0,Fully conscious/deliberative,Somewhat clear,Quite easy,Rather confident,I paired up the corresponding colors and flowers to see whcih would take the bee the shortest time.
Qbxp9tlyw2xeegkhybnmhypb9Q,unconstrained,36.0,"[[6, 5, 3], [5, 6, 7, 1]]",0.0,2.635,1,Fully conscious/deliberative,Somewhat clear,Quite easy,Rather confident,I paired up the corresponding colors and flowers to see whcih would take the bee the shortest time.
Qbxp9tlyw2xeegkhybnmhypb9Q,unconstrained,37.0,"[[1, 7, 6, 2], [3, 5, 6]]",0.0,11.035,0,Fully conscious/deliberative,Somewhat clear,Quite easy,Rather confident,I paired up the corresponding colors and flowers to see whcih would take the bee the shortest time.
Qbxp9tlyw2xeegkhybnmhypb9Q,unconstrained,38.0,"[[6, 5, 3], [4, 1, 7, 0]]",0.0,1.434,1,Fully conscious/deliberative,Somewhat clear,Quite easy,Rather confident,I paired up the corresponding colors and flowers to see whcih would take the bee the shortest time.
Qbxp9tlyw2xeegkhybnmhypb9Q,unconstrained,39.0,"[[2, 6, 7, 1], [1, 7, 0]]",0.0,1.547,0,Fully conscious/deliberative,Somewhat clear,Quite easy,Rather confident,I paired up the corresponding colors and flowers to see whcih would take the bee the shortest time.
Qbxp9tlyw2xeegkhybnmhypb9Q,unconstrained,40.0,"[[1, 7, 6, 5], [3, 5, 6, 7, 1]]",0.0,2.587,1,Fully conscious/deliberative,Somewhat clear,Quite easy,Rather confident,I paired up the corresponding colors and flowers to see whcih would take the bee the shortest time.
Qbxp9tlyw2xeegkhybnmhypb9Q,unconstrained,41.0,"[[0, 7, 1], [0, 7, 6, 2]]",0.0,1.154,1,Fully conscious/deliberative,Somewhat clear,Quite easy,Rather confident,I paired up the corresponding colors and flowers to see whcih would take the bee the shortest time.
Qbxp9tlyw2xeegkhybnmhypb9Q,unconstrained,42.0,"[[5, 6, 7, 1, 4], [3, 5, 6, 7]]",1.0,2.066,1,Fully conscious/deliberative,Somewhat clear,Quite easy,Rather confident,I paired up the corresponding colors and flowers to see whcih would take the bee the shortest time.
Qbxp9tlyw2xeegkhybnmhypb9Q,unconstrained,43.0,"[[7, 6, 5, 3], [5, 6, 2]]",0.0,2.411,0,Fully conscious/deliberative,Somewhat clear,Quite easy,Rather confident,I paired up the corresponding colors and flowers to see whcih would take the bee the shortest time.
Qbxp9tlyw2xeegkhybnmhypb9Q,unconstrained,44.0,"[[3, 5, 6, 7, 0], [4, 1, 7, 6]]",0.0,3.009,0,Fully conscious/deliberative,Somewhat clear,Quite easy,Rather confident,I paired up the corresponding colors and flowers to see whcih would take the bee the shortest time.
Qbxp9tlyw2xeegkhybnmhypb9Q,unconstrained,45.0,"[[5, 6, 7], [3, 5, 6, 2]]",1.0,1.883,0,Fully conscious/deliberative,Somewhat clear,Quite easy,Rather confident,I paired up the corresponding colors and flowers to see whcih would take the bee the shortest time.
Qbxp9tlyw2xeegkhybnmhypb9Q,unconstrained,46.0,"[[5, 6, 7, 1], [7, 1, 4]]",0.0,2.571,0,Fully conscious/deliberative,Somewhat clear,Quite easy,Rather confident,I paired up the corresponding colors and flowers to see whcih would take the bee the shortest time.
Qbxp9tlyw2xeegkhybnmhypb9Q,unconstrained,47.0,"[[3, 5, 6, 2], [1, 7, 6, 5, 3]]",0.0,3.612,1,Fully conscious/deliberative,Somewhat clear,Quite easy,Rather confident,I paired up the corresponding colors and flowers to see whcih would take the bee the shortest time.
Qbxp9tlyw2xeegkhybnmhypb9Q,unconstrained,48.0,"[[7, 1, 4], [1, 7, 6, 2]]",0.0,2.243,1,Fully conscious/deliberative,Somewhat clear,Quite easy,Rather confident,I paired up the corresponding colors and flowers to see whcih would take the bee the shortest time.
Qbxp9tlyw2xeegkhybnmhypb9Q,unconstrained,49.0,"[[3, 5, 6, 2], [1, 7, 0]]",0.0,2.811,0,Fully conscious/deliberative,Somewhat clear,Quite easy,Rather confident,I paired up the corresponding colors and flowers to see whcih would take the bee the shortest time.
Qbxp9tlyw2xeegkhybnmhypb9Q,unconstrained,50.0,"[[5, 6, 2], [4, 1, 7, 0]]",0.0,2.379,1,Fully conscious/deliberative,Somewhat clear,Quite easy,Rather confident,I paired up the corresponding colors and flowers to see whcih would take the bee the shortest time.
Qbxp9tlyw2xeegkhybnmhypb9Q,unconstrained,51.0,"[[7, 6, 2], [1, 7, 6, 2]]",0.0,2.092,1,Fully conscious/deliberative,Somewhat clear,Quite easy,Rather confident,I paired up the corresponding colors and flowers to see whcih would take the bee the shortest time.
Qbxp9tlyw2xeegkhybnmhypb9Q,unconstrained,52.0,"[[2, 6, 7], [6, 7, 1, 4]]",1.0,6.275,0,Fully conscious/deliberative,Somewhat clear,Quite easy,Rather confident,I paired up the corresponding colors and flowers to see whcih would take the bee the shortest time.
Qbxp9tlyw2xeegkhybnmhypb9Q,unconstrained,53.0,"[[7, 6, 5], [0, 7, 6, 5]]",0.0,4.259,1,Fully conscious/deliberative,Somewhat clear,Quite easy,Rather confident,I paired up the corresponding colors and flowers to see whcih would take the bee the shortest time.
Qbxp9tlyw2xeegkhybnmhypb9Q,unconstrained,54.0,"[[1, 7, 0], [2, 6, 7, 1]]",0.0,1.486,1,Fully conscious/deliberative,Somewhat clear,Quite easy,Rather confident,I paired up the corresponding colors and flowers to see whcih would take the bee the shortest time.
Qbxp9tlyw2xeegkhybnmhypb9Q,unconstrained,55.0,"[[1, 7, 6], [4, 1, 7, 0]]",1.0,3.58,0,Fully conscious/deliberative,Somewhat clear,Quite easy,Rather confident,I paired up the corresponding colors and flowers to see whcih would take the bee the shortest time.
Qbxp9tlyw2xeegkhybnmhypb9Q,unconstrained,56.0,"[[1, 7, 6, 2], [7, 6, 5]]",1.0,6.499,1,Fully conscious/deliberative,Somewhat clear,Quite easy,Rather confident,I paired up the corresponding colors and flowers to see whcih would take the bee the shortest time.
Qbxp9tlyw2xeegkhybnmhypb9Q,unconstrained,57.0,"[[0, 7, 1, 4], [7, 6, 2]]",1.0,9.866,1,Fully conscious/deliberative,Somewhat clear,Quite easy,Rather confident,I paired up the corresponding colors and flowers to see whcih would take the bee the shortest time.
Qbxp9tlyw2xeegkhybnmhypb9Q,unconstrained,58.0,"[[5, 6, 2], [4, 1, 7, 6]]",0.0,2.644,1,Fully conscious/deliberative,Somewhat clear,Quite easy,Rather confident,I paired up the corresponding colors and flowers to see whcih would take the bee the shortest time.
Qbxp9tlyw2xeegkhybnmhypb9Q,unconstrained,59.0,"[[2, 6, 7, 0], [3, 5, 6, 7, 0]]",0.0,4.835,1,Fully conscious/deliberative,Somewhat clear,Quite easy,Rather confident,I paired up the corresponding colors and flowers to see whcih would take the bee the shortest time.
Qbxp9tlyw2xeegkhybnmhypb9Q,unconstrained,60.0,"[[2, 6, 7, 1], [3, 5, 6, 7, 0]]",0.0,3.116,1,Fully conscious/deliberative,Somewhat clear,Quite easy,Rather confident,I paired up the corresponding colors and flowers to see whcih would take the bee the shortest time.
Qbxp9tlyw2xeegkhybnmhypb9Q,unconstrained,61.0,"[[1, 7, 0], [6, 7, 1, 4]]",0.0,2.468,1,Fully conscious/deliberative,Somewhat clear,Quite easy,Rather confident,I paired up the corresponding colors and flowers to see whcih would take the bee the shortest time.
Qbxp9tlyw2xeegkhybnmhypb9Q,unconstrained,62.0,"[[6, 7, 0], [5, 6, 7, 0]]",0.0,5.494,1,Fully conscious/deliberative,Somewhat clear,Quite easy,Rather confident,I paired up the corresponding colors and flowers to see whcih would take the bee the shortest time.
Qbxp9tlyw2xeegkhybnmhypb9Q,unconstrained,63.0,"[[1, 7, 6], [1, 7, 6, 5]]",1.0,7.575,0,Fully conscious/deliberative,Somewhat clear,Quite easy,Rather confident,I paired up the corresponding colors and flowers to see whcih would take the bee the shortest time.
Qbxp9tlyw2xeegkhybnmhypb9Q,unconstrained,64.0,"[[0, 7, 6, 5], [1, 7, 0]]",0.0,3.418,0,Fully conscious/deliberative,Somewhat clear,Quite easy,Rather confident,I paired up the corresponding colors and flowers to see whcih would take the bee the shortest time.
Qjb8gd05vsxegpd0vgh51qaluQ,unconstrained,0.0,"[[1, 7, 6, 5, 3], [6, 7, 1, 4]]",1.0,31.231,1,Fairly conscious/deliberative,Fully clear,Quite hard,Rather confident,being color conscious
Qjb8gd05vsxegpd0vgh51qaluQ,unconstrained,1.0,"[[4, 1, 7, 6], [0, 7, 6, 5, 3]]",1.0,6.594,0,Fairly conscious/deliberative,Fully clear,Quite hard,Rather confident,being color conscious
Qjb8gd05vsxegpd0vgh51qaluQ,unconstrained,2.0,"[[3, 5, 6, 2], [2, 6, 7, 1, 4]]",1.0,5.574,0,Fairly conscious/deliberative,Fully clear,Quite hard,Rather confident,being color conscious
Qjb8gd05vsxegpd0vgh51qaluQ,unconstrained,3.0,"[[5, 6, 7], [3, 5, 6, 2]]",1.0,2.622,0,Fairly conscious/deliberative,Fully clear,Quite hard,Rather confident,being color conscious
Qjb8gd05vsxegpd0vgh51qaluQ,unconstrained,4.0,"[[4, 1, 7, 6], [5, 6, 7, 1, 4]]",1.0,2.171,0,Fairly conscious/deliberative,Fully clear,Quite hard,Rather confident,being color conscious
Qjb8gd05vsxegpd0vgh51qaluQ,unconstrained,5.0,"[[6, 7, 0], [4, 1, 7, 0]]",1.0,3.239,0,Fairly conscious/deliberative,Fully clear,Quite hard,Rather confident,being color conscious
Qjb8gd05vsxegpd0vgh51qaluQ,unconstrained,6.0,"[[4, 1, 7, 6], [3, 5, 6]]",0.0,0.206,0,Fairly conscious/deliberative,Fully clear,Quite hard,Rather confident,being color conscious
Qjb8gd05vsxegpd0vgh51qaluQ,unconstrained,7.0,"[[2, 6, 7, 1], [5, 6, 7]]",0.0,0.288,0,Fairly conscious/deliberative,Fully clear,Quite hard,Rather confident,being color conscious
Qjb8gd05vsxegpd0vgh51qaluQ,unconstrained,8.0,"[[4, 1, 7, 0], [1, 7, 6]]",1.0,5.825,1,Fairly conscious/deliberative,Fully clear,Quite hard,Rather confident,being color conscious
Qjb8gd05vsxegpd0vgh51qaluQ,unconstrained,9.0,"[[0, 7, 6, 5], [0, 7, 1]]",0.0,2.519,0,Fairly conscious/deliberative,Fully clear,Quite hard,Rather confident,being color conscious
Qjb8gd05vsxegpd0vgh51qaluQ,unconstrained,10.0,"[[3, 5, 6, 7, 1], [1, 7, 6, 5]]",1.0,5.788,1,Fairly conscious/deliberative,Fully clear,Quite hard,Rather confident,being color conscious
Qjb8gd05vsxegpd0vgh51qaluQ,unconstrained,11.0,"[[3, 5, 6, 2], [0, 7, 6]]",0.0,2.267,0,Fairly conscious/deliberative,Fully clear,Quite hard,Rather confident,being color conscious
Qjb8gd05vsxegpd0vgh51qaluQ,unconstrained,12.0,"[[1, 7, 6, 5], [3, 5, 6]]",1.0,2.978,1,Fairly conscious/deliberative,Fully clear,Quite hard,Rather confident,being color conscious
Qjb8gd05vsxegpd0vgh51qaluQ,unconstrained,13.0,"[[7, 1, 4], [2, 6, 7, 1]]",1.0,4.802,0,Fairly conscious/deliberative,Fully clear,Quite hard,Rather confident,being color conscious
Qjb8gd05vsxegpd0vgh51qaluQ,unconstrained,14.0,"[[1, 7, 6, 2], [4, 1, 7]]",1.0,4.464,1,Fairly conscious/deliberative,Fully clear,Quite hard,Rather confident,being color conscious
Qjb8gd05vsxegpd0vgh51qaluQ,unconstrained,15.0,"[[2, 6, 5], [0, 7, 6, 5]]",1.0,3.379,0,Fairly conscious/deliberative,Fully clear,Quite hard,Rather confident,being color conscious
Qjb8gd05vsxegpd0vgh51qaluQ,unconstrained,16.0,"[[5, 6, 7], [2, 6, 7, 0]]",1.0,2.54,0,Fairly conscious/deliberative,Fully clear,Quite hard,Rather confident,being color conscious
Qjb8gd05vsxegpd0vgh51qaluQ,unconstrained,17.0,"[[2, 6, 7], [7, 6, 5, 3]]",1.0,3.384,0,Fairly conscious/deliberative,Fully clear,Quite hard,Rather confident,being color conscious
Qjb8gd05vsxegpd0vgh51qaluQ,unconstrained,18.0,"[[5, 6, 7, 1], [7, 6, 2]]",0.0,10.565,0,Fairly conscious/deliberative,Fully clear,Quite hard,Rather confident,being color conscious
Qjb8gd05vsxegpd0vgh51qaluQ,unconstrained,19.0,"[[1, 7, 0], [5, 6, 7, 1]]",0.0,2.355,1,Fairly conscious/deliberative,Fully clear,Quite hard,Rather confident,being color conscious
Qjb8gd05vsxegpd0vgh51qaluQ,unconstrained,20.0,"[[0, 7, 6, 5], [5, 6, 7]]",1.0,2.354,1,Fairly conscious/deliberative,Fully clear,Quite hard,Rather confident,being color conscious
Qjb8gd05vsxegpd0vgh51qaluQ,unconstrained,21.0,"[[0, 7, 1, 4], [7, 6, 5]]",1.0,1.967,1,Fairly conscious/deliberative,Fully clear,Quite hard,Rather confident,being color conscious
Qjb8gd05vsxegpd0vgh51qaluQ,unconstrained,22.0,"[[7, 1, 4], [5, 6, 7, 1]]",0.0,2.988,1,Fairly conscious/deliberative,Fully clear,Quite hard,Rather confident,being color conscious
Qjb8gd05vsxegpd0vgh51qaluQ,unconstrained,23.0,"[[1, 7, 6, 5, 3], [2, 6, 5, 3]]",1.0,2.017,1,Fairly conscious/deliberative,Fully clear,Quite hard,Rather confident,being color conscious
Qjb8gd05vsxegpd0vgh51qaluQ,unconstrained,24.0,"[[5, 6, 2], [6, 7, 1, 4]]",1.0,2.562,0,Fairly conscious/deliberative,Fully clear,Quite hard,Rather confident,being color conscious
Qjb8gd05vsxegpd0vgh51qaluQ,unconstrained,25.0,"[[7, 6, 5], [1, 7, 6, 5]]",1.0,2.474,0,Fairly conscious/deliberative,Fully clear,Quite hard,Rather confident,being color conscious
Qjb8gd05vsxegpd0vgh51qaluQ,unconstrained,26.0,"[[3, 5, 6], [4, 1, 7, 6]]",1.0,2.017,0,Fairly conscious/deliberative,Fully clear,Quite hard,Rather confident,being color conscious
Qjb8gd05vsxegpd0vgh51qaluQ,unconstrained,27.0,"[[1, 7, 6], [1, 7, 6, 5]]",1.0,4.91,0,Fairly conscious/deliberative,Fully clear,Quite hard,Rather confident,being color conscious
Qjb8gd05vsxegpd0vgh51qaluQ,unconstrained,28.0,"[[4, 1, 7, 6, 5], [4, 1, 7, 0]]",0.0,1.922,0,Fairly conscious/deliberative,Fully clear,Quite hard,Rather confident,being color conscious
Qjb8gd05vsxegpd0vgh51qaluQ,unconstrained,29.0,"[[2, 6, 7, 0], [7, 1, 4]]",0.0,1.464,0,Fairly conscious/deliberative,Fully clear,Quite hard,Rather confident,being color conscious
Qjb8gd05vsxegpd0vgh51qaluQ,unconstrained,30.0,"[[5, 6, 2], [4, 1, 7, 0]]",1.0,1.565,0,Fairly conscious/deliberative,Fully clear,Quite hard,Rather confident,being color conscious
Qjb8gd05vsxegpd0vgh51qaluQ,unconstrained,31.0,"[[6, 7, 1, 4], [7, 6, 5]]",1.0,11.817,1,Fairly conscious/deliberative,Fully clear,Quite hard,Rather confident,being color conscious
Qjb8gd05vsxegpd0vgh51qaluQ,unconstrained,32.0,"[[1, 7, 0], [2, 6, 7, 1]]",0.0,12.351,1,Fairly conscious/deliberative,Fully clear,Quite hard,Rather confident,being color conscious
Qjb8gd05vsxegpd0vgh51qaluQ,unconstrained,33.0,"[[7, 6, 5, 3], [5, 6, 2]]",1.0,5.53,1,Fairly conscious/deliberative,Fully clear,Quite hard,Rather confident,being color conscious
Qjb8gd05vsxegpd0vgh51qaluQ,unconstrained,34.0,"[[2, 6, 5, 3], [6, 7, 1]]",0.0,3.058,0,Fairly conscious/deliberative,Fully clear,Quite hard,Rather confident,being color conscious
Qjb8gd05vsxegpd0vgh51qaluQ,unconstrained,35.0,"[[4, 1, 7], [2, 6, 5, 3]]",0.0,2.481,1,Fairly conscious/deliberative,Fully clear,Quite hard,Rather confident,being color conscious
Qjb8gd05vsxegpd0vgh51qaluQ,unconstrained,36.0,"[[6, 7, 1], [5, 6, 7, 0]]",0.0,3.107,1,Fairly conscious/deliberative,Fully clear,Quite hard,Rather confident,being color conscious
Qjb8gd05vsxegpd0vgh51qaluQ,unconstrained,37.0,"[[0, 7, 6], [0, 7, 6, 5]]",1.0,3.434,0,Fairly conscious/deliberative,Fully clear,Quite hard,Rather confident,being color conscious
Qjb8gd05vsxegpd0vgh51qaluQ,unconstrained,38.0,"[[2, 6, 5, 3], [1, 7, 0]]",0.0,1.555,0,Fairly conscious/deliberative,Fully clear,Quite hard,Rather confident,being color conscious
Qjb8gd05vsxegpd0vgh51qaluQ,unconstrained,39.0,"[[7, 6, 2], [1, 7, 6, 2]]",1.0,5.188,0,Fairly conscious/deliberative,Fully clear,Quite hard,Rather confident,being color conscious
Qjb8gd05vsxegpd0vgh51qaluQ,unconstrained,40.0,"[[3, 5, 6, 7, 1, 4], [2, 6, 7, 1, 4]]",1.0,4.74,1,Fairly conscious/deliberative,Fully clear,Quite hard,Rather confident,being color conscious
Qjb8gd05vsxegpd0vgh51qaluQ,unconstrained,41.0,"[[1, 7, 6, 2], [3, 5, 6]]",1.0,6.763,1,Fairly conscious/deliberative,Fully clear,Quite hard,Rather confident,being color conscious
Qjb8gd05vsxegpd0vgh51qaluQ,unconstrained,42.0,"[[4, 1, 7, 0], [2, 6, 7, 1, 4]]",0.0,4.974,1,Fairly conscious/deliberative,Fully clear,Quite hard,Rather confident,being color conscious
Qjb8gd05vsxegpd0vgh51qaluQ,unconstrained,43.0,"[[0, 7, 6, 5, 3], [2, 6, 7, 0]]",0.0,16.306,0,Fairly conscious/deliberative,Fully clear,Quite hard,Rather confident,being color conscious
Qjb8gd05vsxegpd0vgh51qaluQ,unconstrained,44.0,"[[5, 6, 7, 1], [7, 1, 4]]",0.0,4.714,0,Fairly conscious/deliberative,Fully clear,Quite hard,Rather confident,being color conscious
Qjb8gd05vsxegpd0vgh51qaluQ,unconstrained,45.0,"[[4, 1, 7, 6, 5], [3, 5, 6, 7]]",1.0,3.315,1,Fairly conscious/deliberative,Fully clear,Quite hard,Rather confident,being color conscious
Qjb8gd05vsxegpd0vgh51qaluQ,unconstrained,46.0,"[[6, 7, 1, 4], [7, 6, 2]]",1.0,10.327,1,Fairly conscious/deliberative,Fully clear,Quite hard,Rather confident,being color conscious
Qjb8gd05vsxegpd0vgh51qaluQ,unconstrained,47.0,"[[2, 6, 7], [0, 7, 1, 4]]",1.0,3.028,0,Fairly conscious/deliberative,Fully clear,Quite hard,Rather confident,being color conscious
Qjb8gd05vsxegpd0vgh51qaluQ,unconstrained,48.0,"[[0, 7, 1], [2, 6, 7, 0]]",0.0,3.17,1,Fairly conscious/deliberative,Fully clear,Quite hard,Rather confident,being color conscious
Qjb8gd05vsxegpd0vgh51qaluQ,unconstrained,49.0,"[[4, 1, 7, 6, 2], [5, 6, 7, 0]]",0.0,2.771,0,Fairly conscious/deliberative,Fully clear,Quite hard,Rather confident,being color conscious
Qjb8gd05vsxegpd0vgh51qaluQ,unconstrained,50.0,"[[2, 6, 7, 1, 4], [7, 6, 5, 3]]",1.0,14.084,1,Fairly conscious/deliberative,Fully clear,Quite hard,Rather confident,being color conscious
Qjb8gd05vsxegpd0vgh51qaluQ,unconstrained,51.0,"[[5, 6, 2], [1, 7, 6, 2]]",1.0,2.215,0,Fairly conscious/deliberative,Fully clear,Quite hard,Rather confident,being color conscious
Qjb8gd05vsxegpd0vgh51qaluQ,unconstrained,52.0,"[[3, 5, 6], [0, 7, 1, 4]]",1.0,2.916,0,Fairly conscious/deliberative,Fully clear,Quite hard,Rather confident,being color conscious
Qjb8gd05vsxegpd0vgh51qaluQ,unconstrained,53.0,"[[1, 7, 6, 2], [0, 7, 1]]",0.0,5.102,0,Fairly conscious/deliberative,Fully clear,Quite hard,Rather confident,being color conscious
Qjb8gd05vsxegpd0vgh51qaluQ,unconstrained,54.0,"[[5, 6, 2], [2, 6, 5, 3]]",0.0,2.471,1,Fairly conscious/deliberative,Fully clear,Quite hard,Rather confident,being color conscious
Qjb8gd05vsxegpd0vgh51qaluQ,unconstrained,55.0,"[[2, 6, 7, 1], [0, 7, 6, 5, 3]]",0.0,2.508,1,Fairly conscious/deliberative,Fully clear,Quite hard,Rather confident,being color conscious
Qjb8gd05vsxegpd0vgh51qaluQ,unconstrained,56.0,"[[4, 1, 7], [5, 6, 7, 0]]",0.0,4.315,1,Fairly conscious/deliberative,Fully clear,Quite hard,Rather confident,being color conscious
Qjb8gd05vsxegpd0vgh51qaluQ,unconstrained,57.0,"[[5, 6, 7, 1], [2, 6, 5]]",1.0,2.002,1,Fairly conscious/deliberative,Fully clear,Quite hard,Rather confident,being color conscious
Qjb8gd05vsxegpd0vgh51qaluQ,unconstrained,58.0,"[[2, 6, 7, 1], [6, 7, 1]]",0.0,3.207,0,Fairly conscious/deliberative,Fully clear,Quite hard,Rather confident,being color conscious
Qjb8gd05vsxegpd0vgh51qaluQ,unconstrained,59.0,"[[6, 7, 1, 4], [2, 6, 7]]",1.0,2.829,1,Fairly conscious/deliberative,Fully clear,Quite hard,Rather confident,being color conscious
Qjb8gd05vsxegpd0vgh51qaluQ,unconstrained,60.0,"[[6, 7, 1, 4], [0, 7, 1]]",0.0,2.913,0,Fairly conscious/deliberative,Fully clear,Quite hard,Rather confident,being color conscious
Qjb8gd05vsxegpd0vgh51qaluQ,unconstrained,61.0,"[[2, 6, 7, 0], [3, 5, 6]]",1.0,2.982,1,Fairly conscious/deliberative,Fully clear,Quite hard,Rather confident,being color conscious
Qjb8gd05vsxegpd0vgh51qaluQ,unconstrained,62.0,"[[7, 6, 5, 3], [4, 1, 7, 6, 5]]",1.0,5.459,0,Fairly conscious/deliberative,Fully clear,Quite hard,Rather confident,being color conscious
Qjb8gd05vsxegpd0vgh51qaluQ,unconstrained,63.0,"[[2, 6, 7, 1], [1, 7, 6, 5, 3]]",1.0,2.515,0,Fairly conscious/deliberative,Fully clear,Quite hard,Rather confident,being color conscious
Qjb8gd05vsxegpd0vgh51qaluQ,unconstrained,64.0,"[[4, 1, 7, 0], [7, 6, 2]]",1.0,2.675,1,Fairly conscious/deliberative,Fully clear,Quite hard,Rather confident,being color conscious
Qjen87l6fa1w1lw7jkpbmrjj7Q,unconstrained,0.0,"[[4, 1, 7, 0], [6, 5, 3]]",1.0,14.787,1,Fairly intuitive/unconscious,Somewhat unclear,Quite hard,Rather confident,"I checked the pairs from the notes that I wrote yesterday on part 1 of the study, so I guess I got the task right."
Qjen87l6fa1w1lw7jkpbmrjj7Q,unconstrained,1.0,"[[5, 6, 7, 1], [6, 7, 1]]",0.0,9.739,0,Fairly intuitive/unconscious,Somewhat unclear,Quite hard,Rather confident,"I checked the pairs from the notes that I wrote yesterday on part 1 of the study, so I guess I got the task right."
Qjen87l6fa1w1lw7jkpbmrjj7Q,unconstrained,2.0,"[[5, 6, 2], [6, 7, 1, 4]]",0.0,2.364,1,Fairly intuitive/unconscious,Somewhat unclear,Quite hard,Rather confident,"I checked the pairs from the notes that I wrote yesterday on part 1 of the study, so I guess I got the task right."
Qjen87l6fa1w1lw7jkpbmrjj7Q,unconstrained,3.0,"[[7, 6, 2], [0, 7, 1, 4]]",1.0,6.739,0,Fairly intuitive/unconscious,Somewhat unclear,Quite hard,Rather confident,"I checked the pairs from the notes that I wrote yesterday on part 1 of the study, so I guess I got the task right."
Qjen87l6fa1w1lw7jkpbmrjj7Q,unconstrained,4.0,"[[2, 6, 7, 1], [2, 6, 5]]",1.0,1.467,1,Fairly intuitive/unconscious,Somewhat unclear,Quite hard,Rather confident,"I checked the pairs from the notes that I wrote yesterday on part 1 of the study, so I guess I got the task right."
Qjen87l6fa1w1lw7jkpbmrjj7Q,unconstrained,5.0,"[[7, 6, 2], [5, 6, 7, 1]]",1.0,5.436,0,Fairly intuitive/unconscious,Somewhat unclear,Quite hard,Rather confident,"I checked the pairs from the notes that I wrote yesterday on part 1 of the study, so I guess I got the task right."
Qjen87l6fa1w1lw7jkpbmrjj7Q,unconstrained,6.0,"[[5, 6, 7], [3, 5, 6, 2]]",1.0,8.075,0,Fairly intuitive/unconscious,Somewhat unclear,Quite hard,Rather confident,"I checked the pairs from the notes that I wrote yesterday on part 1 of the study, so I guess I got the task right."
Qjen87l6fa1w1lw7jkpbmrjj7Q,unconstrained,7.0,"[[6, 7, 0], [5, 6, 7, 0]]",0.0,3.308,1,Fairly intuitive/unconscious,Somewhat unclear,Quite hard,Rather confident,"I checked the pairs from the notes that I wrote yesterday on part 1 of the study, so I guess I got the task right."
Qjen87l6fa1w1lw7jkpbmrjj7Q,unconstrained,8.0,"[[7, 1, 4], [5, 6, 7, 1]]",1.0,5.74,0,Fairly intuitive/unconscious,Somewhat unclear,Quite hard,Rather confident,"I checked the pairs from the notes that I wrote yesterday on part 1 of the study, so I guess I got the task right."
Qjen87l6fa1w1lw7jkpbmrjj7Q,unconstrained,9.0,"[[4, 1, 7, 6, 5], [3, 5, 6, 7]]",1.0,6.505,1,Fairly intuitive/unconscious,Somewhat unclear,Quite hard,Rather confident,"I checked the pairs from the notes that I wrote yesterday on part 1 of the study, so I guess I got the task right."
Qjen87l6fa1w1lw7jkpbmrjj7Q,unconstrained,10.0,"[[3, 5, 6, 7], [4, 1, 7, 6, 2]]",0.0,1.979,1,Fairly intuitive/unconscious,Somewhat unclear,Quite hard,Rather confident,"I checked the pairs from the notes that I wrote yesterday on part 1 of the study, so I guess I got the task right."
Qjen87l6fa1w1lw7jkpbmrjj7Q,unconstrained,11.0,"[[6, 7, 1], [0, 7, 6, 5]]",1.0,3.298,0,Fairly intuitive/unconscious,Somewhat unclear,Quite hard,Rather confident,"I checked the pairs from the notes that I wrote yesterday on part 1 of the study, so I guess I got the task right."
Qjen87l6fa1w1lw7jkpbmrjj7Q,unconstrained,12.0,"[[4, 1, 7, 6], [7, 6, 5]]",0.0,2.157,0,Fairly intuitive/unconscious,Somewhat unclear,Quite hard,Rather confident,"I checked the pairs from the notes that I wrote yesterday on part 1 of the study, so I guess I got the task right."
Qjen87l6fa1w1lw7jkpbmrjj7Q,unconstrained,13.0,"[[4, 1, 7, 0], [0, 7, 6]]",1.0,3.316,1,Fairly intuitive/unconscious,Somewhat unclear,Quite hard,Rather confident,"I checked the pairs from the notes that I wrote yesterday on part 1 of the study, so I guess I got the task right."
Qjen87l6fa1w1lw7jkpbmrjj7Q,unconstrained,14.0,"[[0, 7, 1], [5, 6, 7, 1]]",0.0,3.042,1,Fairly intuitive/unconscious,Somewhat unclear,Quite hard,Rather confident,"I checked the pairs from the notes that I wrote yesterday on part 1 of the study, so I guess I got the task right."
Qjen87l6fa1w1lw7jkpbmrjj7Q,unconstrained,15.0,"[[4, 1, 7, 0], [6, 7, 1]]",0.0,2.151,0,Fairly intuitive/unconscious,Somewhat unclear,Quite hard,Rather confident,"I checked the pairs from the notes that I wrote yesterday on part 1 of the study, so I guess I got the task right."
Qjen87l6fa1w1lw7jkpbmrjj7Q,unconstrained,16.0,"[[4, 1, 7, 6, 2], [3, 5, 6, 7, 1, 4]]",1.0,1.171,0,Fairly intuitive/unconscious,Somewhat unclear,Quite hard,Rather confident,"I checked the pairs from the notes that I wrote yesterday on part 1 of the study, so I guess I got the task right."
Qjen87l6fa1w1lw7jkpbmrjj7Q,unconstrained,17.0,"[[5, 6, 7, 1, 4], [4, 1, 7, 6]]",1.0,2.939,1,Fairly intuitive/unconscious,Somewhat unclear,Quite hard,Rather confident,"I checked the pairs from the notes that I wrote yesterday on part 1 of the study, so I guess I got the task right."
Qjen87l6fa1w1lw7jkpbmrjj7Q,unconstrained,18.0,"[[3, 5, 6, 7, 1], [6, 7, 1, 4]]",1.0,1.29,1,Fairly intuitive/unconscious,Somewhat unclear,Quite hard,Rather confident,"I checked the pairs from the notes that I wrote yesterday on part 1 of the study, so I guess I got the task right."
Qjen87l6fa1w1lw7jkpbmrjj7Q,unconstrained,19.0,"[[5, 6, 7, 0], [4, 1, 7]]",1.0,1.092,1,Fairly intuitive/unconscious,Somewhat unclear,Quite hard,Rather confident,"I checked the pairs from the notes that I wrote yesterday on part 1 of the study, so I guess I got the task right."
Qjen87l6fa1w1lw7jkpbmrjj7Q,unconstrained,20.0,"[[1, 7, 6, 2], [2, 6, 7]]",0.0,1.172,0,Fairly intuitive/unconscious,Somewhat unclear,Quite hard,Rather confident,"I checked the pairs from the notes that I wrote yesterday on part 1 of the study, so I guess I got the task right."
Qjen87l6fa1w1lw7jkpbmrjj7Q,unconstrained,21.0,"[[7, 6, 2], [3, 5, 6, 7]]",0.0,0.94,1,Fairly intuitive/unconscious,Somewhat unclear,Quite hard,Rather confident,"I checked the pairs from the notes that I wrote yesterday on part 1 of the study, so I guess I got the task right."
Qjen87l6fa1w1lw7jkpbmrjj7Q,unconstrained,22.0,"[[4, 1, 7, 0], [5, 6, 2]]",1.0,2.876,1,Fairly intuitive/unconscious,Somewhat unclear,Quite hard,Rather confident,"I checked the pairs from the notes that I wrote yesterday on part 1 of the study, so I guess I got the task right."
Qjen87l6fa1w1lw7jkpbmrjj7Q,unconstrained,23.0,"[[5, 6, 7, 1, 4], [7, 6, 5, 3]]",1.0,1.534,1,Fairly intuitive/unconscious,Somewhat unclear,Quite hard,Rather confident,"I checked the pairs from the notes that I wrote yesterday on part 1 of the study, so I guess I got the task right."
Qjen87l6fa1w1lw7jkpbmrjj7Q,unconstrained,24.0,"[[2, 6, 7, 1], [1, 7, 0]]",0.0,1.255,0,Fairly intuitive/unconscious,Somewhat unclear,Quite hard,Rather confident,"I checked the pairs from the notes that I wrote yesterday on part 1 of the study, so I guess I got the task right."
Qjen87l6fa1w1lw7jkpbmrjj7Q,unconstrained,25.0,"[[3, 5, 6, 7, 0], [4, 1, 7, 6]]",0.0,1.772,0,Fairly intuitive/unconscious,Somewhat unclear,Quite hard,Rather confident,"I checked the pairs from the notes that I wrote yesterday on part 1 of the study, so I guess I got the task right."
Qjen87l6fa1w1lw7jkpbmrjj7Q,unconstrained,26.0,"[[0, 7, 6, 5], [2, 6, 7, 1, 4]]",0.0,2.077,1,Fairly intuitive/unconscious,Somewhat unclear,Quite hard,Rather confident,"I checked the pairs from the notes that I wrote yesterday on part 1 of the study, so I guess I got the task right."
Qjen87l6fa1w1lw7jkpbmrjj7Q,unconstrained,27.0,"[[1, 7, 6, 2], [5, 6, 7]]",0.0,1.573,0,Fairly intuitive/unconscious,Somewhat unclear,Quite hard,Rather confident,"I checked the pairs from the notes that I wrote yesterday on part 1 of the study, so I guess I got the task right."
Qjen87l6fa1w1lw7jkpbmrjj7Q,unconstrained,28.0,"[[1, 7, 0], [2, 6, 7, 0]]",1.0,1.403,0,Fairly intuitive/unconscious,Somewhat unclear,Quite hard,Rather confident,"I checked the pairs from the notes that I wrote yesterday on part 1 of the study, so I guess I got the task right."
Qjen87l6fa1w1lw7jkpbmrjj7Q,unconstrained,29.0,"[[4, 1, 7, 6, 5], [4, 1, 7, 0]]",0.0,1.885,0,Fairly intuitive/unconscious,Somewhat unclear,Quite hard,Rather confident,"I checked the pairs from the notes that I wrote yesterday on part 1 of the study, so I guess I got the task right."
Qjen87l6fa1w1lw7jkpbmrjj7Q,unconstrained,30.0,"[[2, 6, 7, 1], [7, 1, 4]]",0.0,1.619,0,Fairly intuitive/unconscious,Somewhat unclear,Quite hard,Rather confident,"I checked the pairs from the notes that I wrote yesterday on part 1 of the study, so I guess I got the task right."
Qjen87l6fa1w1lw7jkpbmrjj7Q,unconstrained,31.0,"[[5, 6, 7, 0], [7, 6, 5]]",1.0,2.412,1,Fairly intuitive/unconscious,Somewhat unclear,Quite hard,Rather confident,"I checked the pairs from the notes that I wrote yesterday on part 1 of the study, so I guess I got the task right."
Qjen87l6fa1w1lw7jkpbmrjj7Q,unconstrained,32.0,"[[5, 6, 7], [0, 7, 1, 4]]",0.0,1.643,1,Fairly intuitive/unconscious,Somewhat unclear,Quite hard,Rather confident,"I checked the pairs from the notes that I wrote yesterday on part 1 of the study, so I guess I got the task right."
Qjen87l6fa1w1lw7jkpbmrjj7Q,unconstrained,33.0,"[[1, 7, 0], [1, 7, 6, 2]]",1.0,2.829,0,Fairly intuitive/unconscious,Somewhat unclear,Quite hard,Rather confident,"I checked the pairs from the notes that I wrote yesterday on part 1 of the study, so I guess I got the task right."
Qjen87l6fa1w1lw7jkpbmrjj7Q,unconstrained,34.0,"[[3, 5, 6, 7, 1], [1, 7, 6, 2]]",0.0,1.324,0,Fairly intuitive/unconscious,Somewhat unclear,Quite hard,Rather confident,"I checked the pairs from the notes that I wrote yesterday on part 1 of the study, so I guess I got the task right."
Qjen87l6fa1w1lw7jkpbmrjj7Q,unconstrained,35.0,"[[3, 5, 6], [4, 1, 7, 6]]",1.0,2.899,0,Fairly intuitive/unconscious,Somewhat unclear,Quite hard,Rather confident,"I checked the pairs from the notes that I wrote yesterday on part 1 of the study, so I guess I got the task right."
Qjen87l6fa1w1lw7jkpbmrjj7Q,unconstrained,36.0,"[[5, 6, 7], [5, 6, 7, 1]]",0.0,4.585,1,Fairly intuitive/unconscious,Somewhat unclear,Quite hard,Rather confident,"I checked the pairs from the notes that I wrote yesterday on part 1 of the study, so I guess I got the task right."
Qjen87l6fa1w1lw7jkpbmrjj7Q,unconstrained,37.0,"[[3, 5, 6, 7], [5, 6, 2]]",0.0,0.971,0,Fairly intuitive/unconscious,Somewhat unclear,Quite hard,Rather confident,"I checked the pairs from the notes that I wrote yesterday on part 1 of the study, so I guess I got the task right."
Qjen87l6fa1w1lw7jkpbmrjj7Q,unconstrained,38.0,"[[3, 5, 6, 2], [0, 7, 1]]",0.0,1.284,0,Fairly intuitive/unconscious,Somewhat unclear,Quite hard,Rather confident,"I checked the pairs from the notes that I wrote yesterday on part 1 of the study, so I guess I got the task right."
Qjen87l6fa1w1lw7jkpbmrjj7Q,unconstrained,39.0,"[[1, 7, 6, 5, 3], [3, 5, 6, 2]]",0.0,2.277,0,Fairly intuitive/unconscious,Somewhat unclear,Quite hard,Rather confident,"I checked the pairs from the notes that I wrote yesterday on part 1 of the study, so I guess I got the task right."
Qjen87l6fa1w1lw7jkpbmrjj7Q,unconstrained,40.0,"[[4, 1, 7, 0], [2, 6, 7]]",0.0,2.685,0,Fairly intuitive/unconscious,Somewhat unclear,Quite hard,Rather confident,"I checked the pairs from the notes that I wrote yesterday on part 1 of the study, so I guess I got the task right."
Qjen87l6fa1w1lw7jkpbmrjj7Q,unconstrained,41.0,"[[2, 6, 7, 1], [3, 5, 6]]",1.0,1.093,1,Fairly intuitive/unconscious,Somewhat unclear,Quite hard,Rather confident,"I checked the pairs from the notes that I wrote yesterday on part 1 of the study, so I guess I got the task right."
Qjen87l6fa1w1lw7jkpbmrjj7Q,unconstrained,42.0,"[[2, 6, 7, 0], [4, 1, 7]]",0.0,1.114,0,Fairly intuitive/unconscious,Somewhat unclear,Quite hard,Rather confident,"I checked the pairs from the notes that I wrote yesterday on part 1 of the study, so I guess I got the task right."
Qjen87l6fa1w1lw7jkpbmrjj7Q,unconstrained,43.0,"[[3, 5, 6], [4, 1, 7, 6]]",1.0,1.196,0,Fairly intuitive/unconscious,Somewhat unclear,Quite hard,Rather confident,"I checked the pairs from the notes that I wrote yesterday on part 1 of the study, so I guess I got the task right."
Qjen87l6fa1w1lw7jkpbmrjj7Q,unconstrained,44.0,"[[2, 6, 7, 1], [6, 7, 1]]",0.0,1.019,0,Fairly intuitive/unconscious,Somewhat unclear,Quite hard,Rather confident,"I checked the pairs from the notes that I wrote yesterday on part 1 of the study, so I guess I got the task right."
Qjen87l6fa1w1lw7jkpbmrjj7Q,unconstrained,45.0,"[[5, 6, 2], [0, 7, 6, 5]]",0.0,0.938,1,Fairly intuitive/unconscious,Somewhat unclear,Quite hard,Rather confident,"I checked the pairs from the notes that I wrote yesterday on part 1 of the study, so I guess I got the task right."
Qjen87l6fa1w1lw7jkpbmrjj7Q,unconstrained,46.0,"[[0, 7, 6], [2, 6, 5, 3]]",1.0,0.804,0,Fairly intuitive/unconscious,Somewhat unclear,Quite hard,Rather confident,"I checked the pairs from the notes that I wrote yesterday on part 1 of the study, so I guess I got the task right."
Qjen87l6fa1w1lw7jkpbmrjj7Q,unconstrained,47.0,"[[3, 5, 6, 7, 0], [2, 6, 7, 0]]",0.0,1.385,0,Fairly intuitive/unconscious,Somewhat unclear,Quite hard,Rather confident,"I checked the pairs from the notes that I wrote yesterday on part 1 of the study, so I guess I got the task right."
Qjen87l6fa1w1lw7jkpbmrjj7Q,unconstrained,48.0,"[[5, 6, 7], [0, 7, 6, 2]]",0.0,1.124,1,Fairly intuitive/unconscious,Somewhat unclear,Quite hard,Rather confident,"I checked the pairs from the notes that I wrote yesterday on part 1 of the study, so I guess I got the task right."
Qjen87l6fa1w1lw7jkpbmrjj7Q,unconstrained,49.0,"[[6, 5, 3], [2, 6, 7, 0]]",1.0,0.771,0,Fairly intuitive/unconscious,Somewhat unclear,Quite hard,Rather confident,"I checked the pairs from the notes that I wrote yesterday on part 1 of the study, so I guess I got the task right."
Qjen87l6fa1w1lw7jkpbmrjj7Q,unconstrained,50.0,"[[0, 7, 1], [6, 7, 1, 4]]",1.0,1.089,0,Fairly intuitive/unconscious,Somewhat unclear,Quite hard,Rather confident,"I checked the pairs from the notes that I wrote yesterday on part 1 of the study, so I guess I got the task right."
Qjen87l6fa1w1lw7jkpbmrjj7Q,unconstrained,51.0,"[[5, 6, 7, 1], [3, 5, 6, 7, 1]]",0.0,1.188,1,Fairly intuitive/unconscious,Somewhat unclear,Quite hard,Rather confident,"I checked the pairs from the notes that I wrote yesterday on part 1 of the study, so I guess I got the task right."
Qjen87l6fa1w1lw7jkpbmrjj7Q,unconstrained,52.0,"[[2, 6, 5], [1, 7, 6, 5]]",1.0,1.9,0,Fairly intuitive/unconscious,Somewhat unclear,Quite hard,Rather confident,"I checked the pairs from the notes that I wrote yesterday on part 1 of the study, so I guess I got the task right."
Qjen87l6fa1w1lw7jkpbmrjj7Q,unconstrained,53.0,"[[2, 6, 7, 1], [0, 7, 6, 5, 3]]",0.0,0.94,1,Fairly intuitive/unconscious,Somewhat unclear,Quite hard,Rather confident,"I checked the pairs from the notes that I wrote yesterday on part 1 of the study, so I guess I got the task right."
Qjen87l6fa1w1lw7jkpbmrjj7Q,unconstrained,54.0,"[[2, 6, 5, 3], [4, 1, 7, 6, 2]]",1.0,0.733,0,Fairly intuitive/unconscious,Somewhat unclear,Quite hard,Rather confident,"I checked the pairs from the notes that I wrote yesterday on part 1 of the study, so I guess I got the task right."
Qjen87l6fa1w1lw7jkpbmrjj7Q,unconstrained,55.0,"[[5, 6, 7, 1], [7, 1, 4]]",1.0,0.707,1,Fairly intuitive/unconscious,Somewhat unclear,Quite hard,Rather confident,"I checked the pairs from the notes that I wrote yesterday on part 1 of the study, so I guess I got the task right."
Qjen87l6fa1w1lw7jkpbmrjj7Q,unconstrained,56.0,"[[4, 1, 7, 6], [7, 6, 2]]",0.0,0.758,0,Fairly intuitive/unconscious,Somewhat unclear,Quite hard,Rather confident,"I checked the pairs from the notes that I wrote yesterday on part 1 of the study, so I guess I got the task right."
Qjen87l6fa1w1lw7jkpbmrjj7Q,unconstrained,57.0,"[[1, 7, 0], [5, 6, 7, 0]]",1.0,1.147,0,Fairly intuitive/unconscious,Somewhat unclear,Quite hard,Rather confident,"I checked the pairs from the notes that I wrote yesterday on part 1 of the study, so I guess I got the task right."
Qjen87l6fa1w1lw7jkpbmrjj7Q,unconstrained,58.0,"[[1, 7, 6], [3, 5, 6, 2]]",0.0,1.093,1,Fairly intuitive/unconscious,Somewhat unclear,Quite hard,Rather confident,"I checked the pairs from the notes that I wrote yesterday on part 1 of the study, so I guess I got the task right."
Qjen87l6fa1w1lw7jkpbmrjj7Q,unconstrained,59.0,"[[2, 6, 5, 3], [7, 1, 4]]",1.0,1.459,1,Fairly intuitive/unconscious,Somewhat unclear,Quite hard,Rather confident,"I checked the pairs from the notes that I wrote yesterday on part 1 of the study, so I guess I got the task right."
Qjen87l6fa1w1lw7jkpbmrjj7Q,unconstrained,60.0,"[[7, 6, 2], [4, 1, 7, 6]]",0.0,1.194,1,Fairly intuitive/unconscious,Somewhat unclear,Quite hard,Rather confident,"I checked the pairs from the notes that I wrote yesterday on part 1 of the study, so I guess I got the task right."
Qjen87l6fa1w1lw7jkpbmrjj7Q,unconstrained,61.0,"[[1, 7, 6, 5], [6, 5, 3]]",1.0,0.964,1,Fairly intuitive/unconscious,Somewhat unclear,Quite hard,Rather confident,"I checked the pairs from the notes that I wrote yesterday on part 1 of the study, so I guess I got the task right."
Qjen87l6fa1w1lw7jkpbmrjj7Q,unconstrained,62.0,"[[2, 6, 5, 3], [5, 6, 2]]",0.0,2.019,0,Fairly intuitive/unconscious,Somewhat unclear,Quite hard,Rather confident,"I checked the pairs from the notes that I wrote yesterday on part 1 of the study, so I guess I got the task right."
Qjen87l6fa1w1lw7jkpbmrjj7Q,unconstrained,63.0,"[[4, 1, 7, 6, 2], [4, 1, 7, 0]]",0.0,1.004,0,Fairly intuitive/unconscious,Somewhat unclear,Quite hard,Rather confident,"I checked the pairs from the notes that I wrote yesterday on part 1 of the study, so I guess I got the task right."
Qjen87l6fa1w1lw7jkpbmrjj7Q,unconstrained,64.0,"[[2, 6, 7, 1], [7, 1, 4]]",0.0,1.111,0,Fairly intuitive/unconscious,Somewhat unclear,Quite hard,Rather confident,"I checked the pairs from the notes that I wrote yesterday on part 1 of the study, so I guess I got the task right."
Qmrb7a7nw7m6hx8bh8aj6idsuQ,unconstrained,0.0,"[[0, 7, 1, 4], [5, 6, 2]]",1.0,110.258,1,Fully conscious/deliberative,Somewhat clear,Quite hard,Rather confident,"I took notes on pen and paper which flower pairs I remember from yesterday, made a table of the non-pairs, and counted how many stops it would take between the non-pairs, for each non-pair."
Qmrb7a7nw7m6hx8bh8aj6idsuQ,unconstrained,1.0,"[[7, 1, 4], [1, 7, 6, 2]]",1.0,91.769,0,Fully conscious/deliberative,Somewhat clear,Quite hard,Rather confident,"I took notes on pen and paper which flower pairs I remember from yesterday, made a table of the non-pairs, and counted how many stops it would take between the non-pairs, for each non-pair."
Qmrb7a7nw7m6hx8bh8aj6idsuQ,unconstrained,2.0,"[[6, 7, 1, 4], [7, 6, 2]]",1.0,43.467,1,Fully conscious/deliberative,Somewhat clear,Quite hard,Rather confident,"I took notes on pen and paper which flower pairs I remember from yesterday, made a table of the non-pairs, and counted how many stops it would take between the non-pairs, for each non-pair."
Qmrb7a7nw7m6hx8bh8aj6idsuQ,unconstrained,3.0,"[[6, 7, 1], [4, 1, 7, 0]]",1.0,229.774,0,Fully conscious/deliberative,Somewhat clear,Quite hard,Rather confident,"I took notes on pen and paper which flower pairs I remember from yesterday, made a table of the non-pairs, and counted how many stops it would take between the non-pairs, for each non-pair."
Qmrb7a7nw7m6hx8bh8aj6idsuQ,unconstrained,4.0,"[[7, 6, 5, 3], [2, 6, 7, 1, 4]]",1.0,181.523,0,Fully conscious/deliberative,Somewhat clear,Quite hard,Rather confident,"I took notes on pen and paper which flower pairs I remember from yesterday, made a table of the non-pairs, and counted how many stops it would take between the non-pairs, for each non-pair."
Qmrb7a7nw7m6hx8bh8aj6idsuQ,unconstrained,5.0,"[[3, 5, 6, 7, 0], [1, 7, 6, 2]]",0.0,24.773,0,Fully conscious/deliberative,Somewhat clear,Quite hard,Rather confident,"I took notes on pen and paper which flower pairs I remember from yesterday, made a table of the non-pairs, and counted how many stops it would take between the non-pairs, for each non-pair."
Qmrb7a7nw7m6hx8bh8aj6idsuQ,unconstrained,6.0,"[[4, 1, 7], [0, 7, 6, 2]]",1.0,23.991,0,Fully conscious/deliberative,Somewhat clear,Quite hard,Rather confident,"I took notes on pen and paper which flower pairs I remember from yesterday, made a table of the non-pairs, and counted how many stops it would take between the non-pairs, for each non-pair."
Qmrb7a7nw7m6hx8bh8aj6idsuQ,unconstrained,7.0,"[[6, 7, 0], [4, 1, 7, 0]]",1.0,16.921,0,Fully conscious/deliberative,Somewhat clear,Quite hard,Rather confident,"I took notes on pen and paper which flower pairs I remember from yesterday, made a table of the non-pairs, and counted how many stops it would take between the non-pairs, for each non-pair."
Qmrb7a7nw7m6hx8bh8aj6idsuQ,unconstrained,8.0,"[[2, 6, 7, 1, 4], [3, 5, 6, 2]]",1.0,713.342,1,Fully conscious/deliberative,Somewhat clear,Quite hard,Rather confident,"I took notes on pen and paper which flower pairs I remember from yesterday, made a table of the non-pairs, and counted how many stops it would take between the non-pairs, for each non-pair."
Qmrb7a7nw7m6hx8bh8aj6idsuQ,unconstrained,9.0,"[[5, 6, 7, 1], [7, 6, 5]]",1.0,95.02,1,Fully conscious/deliberative,Somewhat clear,Quite hard,Rather confident,"I took notes on pen and paper which flower pairs I remember from yesterday, made a table of the non-pairs, and counted how many stops it would take between the non-pairs, for each non-pair."
Qmrb7a7nw7m6hx8bh8aj6idsuQ,unconstrained,10.0,"[[0, 7, 6, 2], [6, 5, 3]]",1.0,165.916,1,Fully conscious/deliberative,Somewhat clear,Quite hard,Rather confident,"I took notes on pen and paper which flower pairs I remember from yesterday, made a table of the non-pairs, and counted how many stops it would take between the non-pairs, for each non-pair."
Qmrb7a7nw7m6hx8bh8aj6idsuQ,unconstrained,11.0,"[[5, 6, 7, 1], [7, 1, 4]]",1.0,46.299,1,Fully conscious/deliberative,Somewhat clear,Quite hard,Rather confident,"I took notes on pen and paper which flower pairs I remember from yesterday, made a table of the non-pairs, and counted how many stops it would take between the non-pairs, for each non-pair."
Qmrb7a7nw7m6hx8bh8aj6idsuQ,unconstrained,12.0,"[[2, 6, 5, 3], [6, 7, 1]]",1.0,35.294,1,Fully conscious/deliberative,Somewhat clear,Quite hard,Rather confident,"I took notes on pen and paper which flower pairs I remember from yesterday, made a table of the non-pairs, and counted how many stops it would take between the non-pairs, for each non-pair."
Qmrb7a7nw7m6hx8bh8aj6idsuQ,unconstrained,13.0,"[[2, 6, 5], [5, 6, 7, 1]]",1.0,32.778,0,Fully conscious/deliberative,Somewhat clear,Quite hard,Rather confident,"I took notes on pen and paper which flower pairs I remember from yesterday, made a table of the non-pairs, and counted how many stops it would take between the non-pairs, for each non-pair."
Qmrb7a7nw7m6hx8bh8aj6idsuQ,unconstrained,14.0,"[[1, 7, 6, 2], [7, 1, 4]]",1.0,51.372,1,Fully conscious/deliberative,Somewhat clear,Quite hard,Rather confident,"I took notes on pen and paper which flower pairs I remember from yesterday, made a table of the non-pairs, and counted how many stops it would take between the non-pairs, for each non-pair."
Qmrb7a7nw7m6hx8bh8aj6idsuQ,unconstrained,15.0,"[[6, 7, 1, 4], [6, 5, 3]]",0.0,43.364,0,Fully conscious/deliberative,Somewhat clear,Quite hard,Rather confident,"I took notes on pen and paper which flower pairs I remember from yesterday, made a table of the non-pairs, and counted how many stops it would take between the non-pairs, for each non-pair."
Qmrb7a7nw7m6hx8bh8aj6idsuQ,unconstrained,16.0,"[[7, 6, 2], [7, 6, 5, 3]]",1.0,63.357,0,Fully conscious/deliberative,Somewhat clear,Quite hard,Rather confident,"I took notes on pen and paper which flower pairs I remember from yesterday, made a table of the non-pairs, and counted how many stops it would take between the non-pairs, for each non-pair."
Qmrb7a7nw7m6hx8bh8aj6idsuQ,unconstrained,17.0,"[[5, 6, 7, 1], [1, 7, 6, 5, 3]]",1.0,69.026,0,Fully conscious/deliberative,Somewhat clear,Quite hard,Rather confident,"I took notes on pen and paper which flower pairs I remember from yesterday, made a table of the non-pairs, and counted how many stops it would take between the non-pairs, for each non-pair."
Qmrb7a7nw7m6hx8bh8aj6idsuQ,unconstrained,18.0,"[[3, 5, 6, 7], [4, 1, 7, 6, 5]]",0.0,54.304,1,Fully conscious/deliberative,Somewhat clear,Quite hard,Rather confident,"I took notes on pen and paper which flower pairs I remember from yesterday, made a table of the non-pairs, and counted how many stops it would take between the non-pairs, for each non-pair."
Qmrb7a7nw7m6hx8bh8aj6idsuQ,unconstrained,19.0,"[[1, 7, 0], [4, 1, 7, 6]]",1.0,48.399,0,Fully conscious/deliberative,Somewhat clear,Quite hard,Rather confident,"I took notes on pen and paper which flower pairs I remember from yesterday, made a table of the non-pairs, and counted how many stops it would take between the non-pairs, for each non-pair."
Qmrb7a7nw7m6hx8bh8aj6idsuQ,unconstrained,20.0,"[[5, 6, 7, 1, 4], [6, 7, 1, 4]]",0.0,14.036,0,Fully conscious/deliberative,Somewhat clear,Quite hard,Rather confident,"I took notes on pen and paper which flower pairs I remember from yesterday, made a table of the non-pairs, and counted how many stops it would take between the non-pairs, for each non-pair."
Qmrb7a7nw7m6hx8bh8aj6idsuQ,unconstrained,21.0,"[[2, 6, 7, 1], [5, 6, 2]]",1.0,43.501,1,Fully conscious/deliberative,Somewhat clear,Quite hard,Rather confident,"I took notes on pen and paper which flower pairs I remember from yesterday, made a table of the non-pairs, and counted how many stops it would take between the non-pairs, for each non-pair."
Qmrb7a7nw7m6hx8bh8aj6idsuQ,unconstrained,22.0,"[[2, 6, 5], [4, 1, 7, 6]]",1.0,6.584,0,Fully conscious/deliberative,Somewhat clear,Quite hard,Rather confident,"I took notes on pen and paper which flower pairs I remember from yesterday, made a table of the non-pairs, and counted how many stops it would take between the non-pairs, for each non-pair."
Qmrb7a7nw7m6hx8bh8aj6idsuQ,unconstrained,23.0,"[[0, 7, 1, 4], [7, 6, 2]]",1.0,40.53,1,Fully conscious/deliberative,Somewhat clear,Quite hard,Rather confident,"I took notes on pen and paper which flower pairs I remember from yesterday, made a table of the non-pairs, and counted how many stops it would take between the non-pairs, for each non-pair."
Qmrb7a7nw7m6hx8bh8aj6idsuQ,unconstrained,24.0,"[[0, 7, 1], [0, 7, 6, 5]]",1.0,79.806,0,Fully conscious/deliberative,Somewhat clear,Quite hard,Rather confident,"I took notes on pen and paper which flower pairs I remember from yesterday, made a table of the non-pairs, and counted how many stops it would take between the non-pairs, for each non-pair."
Qmrb7a7nw7m6hx8bh8aj6idsuQ,unconstrained,25.0,"[[6, 7, 1, 4], [6, 5, 3]]",0.0,13.378,0,Fully conscious/deliberative,Somewhat clear,Quite hard,Rather confident,"I took notes on pen and paper which flower pairs I remember from yesterday, made a table of the non-pairs, and counted how many stops it would take between the non-pairs, for each non-pair."
Qmrb7a7nw7m6hx8bh8aj6idsuQ,unconstrained,26.0,"[[7, 1, 4], [0, 7, 6, 5]]",1.0,15.288,0,Fully conscious/deliberative,Somewhat clear,Quite hard,Rather confident,"I took notes on pen and paper which flower pairs I remember from yesterday, made a table of the non-pairs, and counted how many stops it would take between the non-pairs, for each non-pair."
Qmrb7a7nw7m6hx8bh8aj6idsuQ,unconstrained,27.0,"[[7, 6, 5], [2, 6, 5, 3]]",1.0,14.754,0,Fully conscious/deliberative,Somewhat clear,Quite hard,Rather confident,"I took notes on pen and paper which flower pairs I remember from yesterday, made a table of the non-pairs, and counted how many stops it would take between the non-pairs, for each non-pair."
Qmrb7a7nw7m6hx8bh8aj6idsuQ,unconstrained,28.0,"[[0, 7, 6, 5, 3], [2, 6, 7, 0]]",1.0,182.257,1,Fully conscious/deliberative,Somewhat clear,Quite hard,Rather confident,"I took notes on pen and paper which flower pairs I remember from yesterday, made a table of the non-pairs, and counted how many stops it would take between the non-pairs, for each non-pair."
Qmrb7a7nw7m6hx8bh8aj6idsuQ,unconstrained,29.0,"[[7, 6, 5, 3], [2, 6, 5]]",1.0,19.188,1,Fully conscious/deliberative,Somewhat clear,Quite hard,Rather confident,"I took notes on pen and paper which flower pairs I remember from yesterday, made a table of the non-pairs, and counted how many stops it would take between the non-pairs, for each non-pair."
Qmrb7a7nw7m6hx8bh8aj6idsuQ,unconstrained,30.0,"[[0, 7, 6, 2], [5, 6, 7]]",1.0,12.251,1,Fully conscious/deliberative,Somewhat clear,Quite hard,Rather confident,"I took notes on pen and paper which flower pairs I remember from yesterday, made a table of the non-pairs, and counted how many stops it would take between the non-pairs, for each non-pair."
Qmrb7a7nw7m6hx8bh8aj6idsuQ,unconstrained,31.0,"[[0, 7, 1, 4], [5, 6, 7, 1, 4]]",0.0,13.586,1,Fully conscious/deliberative,Somewhat clear,Quite hard,Rather confident,"I took notes on pen and paper which flower pairs I remember from yesterday, made a table of the non-pairs, and counted how many stops it would take between the non-pairs, for each non-pair."
Qmrb7a7nw7m6hx8bh8aj6idsuQ,unconstrained,32.0,"[[3, 5, 6, 7, 1, 4], [2, 6, 7, 1, 4]]",1.0,158.497,1,Fully conscious/deliberative,Somewhat clear,Quite hard,Rather confident,"I took notes on pen and paper which flower pairs I remember from yesterday, made a table of the non-pairs, and counted how many stops it would take between the non-pairs, for each non-pair."
Qmrb7a7nw7m6hx8bh8aj6idsuQ,unconstrained,33.0,"[[2, 6, 7, 1], [0, 7, 1]]",1.0,16.688,1,Fully conscious/deliberative,Somewhat clear,Quite hard,Rather confident,"I took notes on pen and paper which flower pairs I remember from yesterday, made a table of the non-pairs, and counted how many stops it would take between the non-pairs, for each non-pair."
Qmrb7a7nw7m6hx8bh8aj6idsuQ,unconstrained,34.0,"[[3, 5, 6, 7, 0], [4, 1, 7, 6]]",1.0,10.769,1,Fully conscious/deliberative,Somewhat clear,Quite hard,Rather confident,"I took notes on pen and paper which flower pairs I remember from yesterday, made a table of the non-pairs, and counted how many stops it would take between the non-pairs, for each non-pair."
Qmrb7a7nw7m6hx8bh8aj6idsuQ,unconstrained,35.0,"[[7, 1, 4], [2, 6, 5, 3]]",1.0,14.46,0,Fully conscious/deliberative,Somewhat clear,Quite hard,Rather confident,"I took notes on pen and paper which flower pairs I remember from yesterday, made a table of the non-pairs, and counted how many stops it would take between the non-pairs, for each non-pair."
Qmrb7a7nw7m6hx8bh8aj6idsuQ,unconstrained,36.0,"[[3, 5, 6, 7, 1], [2, 6, 7, 1]]",1.0,20.075,1,Fully conscious/deliberative,Somewhat clear,Quite hard,Rather confident,"I took notes on pen and paper which flower pairs I remember from yesterday, made a table of the non-pairs, and counted how many stops it would take between the non-pairs, for each non-pair."
Qmrb7a7nw7m6hx8bh8aj6idsuQ,unconstrained,37.0,"[[6, 5, 3], [0, 7, 1, 4]]",1.0,8.534,0,Fully conscious/deliberative,Somewhat clear,Quite hard,Rather confident,"I took notes on pen and paper which flower pairs I remember from yesterday, made a table of the non-pairs, and counted how many stops it would take between the non-pairs, for each non-pair."
Qmrb7a7nw7m6hx8bh8aj6idsuQ,unconstrained,38.0,"[[7, 6, 5], [6, 7, 1, 4]]",1.0,4.307,0,Fully conscious/deliberative,Somewhat clear,Quite hard,Rather confident,"I took notes on pen and paper which flower pairs I remember from yesterday, made a table of the non-pairs, and counted how many stops it would take between the non-pairs, for each non-pair."
Qmrb7a7nw7m6hx8bh8aj6idsuQ,unconstrained,39.0,"[[0, 7, 6], [3, 5, 6, 2]]",0.0,39.389,1,Fully conscious/deliberative,Somewhat clear,Quite hard,Rather confident,"I took notes on pen and paper which flower pairs I remember from yesterday, made a table of the non-pairs, and counted how many stops it would take between the non-pairs, for each non-pair."
Qmrb7a7nw7m6hx8bh8aj6idsuQ,unconstrained,40.0,"[[0, 7, 6], [5, 6, 7, 0]]",1.0,29.772,0,Fully conscious/deliberative,Somewhat clear,Quite hard,Rather confident,"I took notes on pen and paper which flower pairs I remember from yesterday, made a table of the non-pairs, and counted how many stops it would take between the non-pairs, for each non-pair."
Qmrb7a7nw7m6hx8bh8aj6idsuQ,unconstrained,41.0,"[[4, 1, 7], [1, 7, 6, 5]]",0.0,23.187,1,Fully conscious/deliberative,Somewhat clear,Quite hard,Rather confident,"I took notes on pen and paper which flower pairs I remember from yesterday, made a table of the non-pairs, and counted how many stops it would take between the non-pairs, for each non-pair."
Qmrb7a7nw7m6hx8bh8aj6idsuQ,unconstrained,42.0,"[[0, 7, 6, 5], [6, 7, 1]]",1.0,33.87,1,Fully conscious/deliberative,Somewhat clear,Quite hard,Rather confident,"I took notes on pen and paper which flower pairs I remember from yesterday, made a table of the non-pairs, and counted how many stops it would take between the non-pairs, for each non-pair."
Qmrb7a7nw7m6hx8bh8aj6idsuQ,unconstrained,43.0,"[[0, 7, 1], [2, 6, 7, 0]]",1.0,7.394,0,Fully conscious/deliberative,Somewhat clear,Quite hard,Rather confident,"I took notes on pen and paper which flower pairs I remember from yesterday, made a table of the non-pairs, and counted how many stops it would take between the non-pairs, for each non-pair."
Qmrb7a7nw7m6hx8bh8aj6idsuQ,unconstrained,44.0,"[[5, 6, 7], [1, 7, 6, 2]]",1.0,5.889,0,Fully conscious/deliberative,Somewhat clear,Quite hard,Rather confident,"I took notes on pen and paper which flower pairs I remember from yesterday, made a table of the non-pairs, and counted how many stops it would take between the non-pairs, for each non-pair."
Qmrb7a7nw7m6hx8bh8aj6idsuQ,unconstrained,45.0,"[[1, 7, 6, 5], [1, 7, 0]]",0.0,11.445,0,Fully conscious/deliberative,Somewhat clear,Quite hard,Rather confident,"I took notes on pen and paper which flower pairs I remember from yesterday, made a table of the non-pairs, and counted how many stops it would take between the non-pairs, for each non-pair."
Qmrb7a7nw7m6hx8bh8aj6idsuQ,unconstrained,46.0,"[[6, 7, 1, 4], [3, 5, 6, 7, 1]]",1.0,9.27,0,Fully conscious/deliberative,Somewhat clear,Quite hard,Rather confident,"I took notes on pen and paper which flower pairs I remember from yesterday, made a table of the non-pairs, and counted how many stops it would take between the non-pairs, for each non-pair."
Qmrb7a7nw7m6hx8bh8aj6idsuQ,unconstrained,47.0,"[[2, 6, 5, 3], [0, 7, 1]]",1.0,10.017,1,Fully conscious/deliberative,Somewhat clear,Quite hard,Rather confident,"I took notes on pen and paper which flower pairs I remember from yesterday, made a table of the non-pairs, and counted how many stops it would take between the non-pairs, for each non-pair."
Qmrb7a7nw7m6hx8bh8aj6idsuQ,unconstrained,48.0,"[[2, 6, 5, 3], [2, 6, 5]]",1.0,10.854,1,Fully conscious/deliberative,Somewhat clear,Quite hard,Rather confident,"I took notes on pen and paper which flower pairs I remember from yesterday, made a table of the non-pairs, and counted how many stops it would take between the non-pairs, for each non-pair."
Qmrb7a7nw7m6hx8bh8aj6idsuQ,unconstrained,49.0,"[[1, 7, 6, 5], [6, 5, 3]]",1.0,14.91,1,Fully conscious/deliberative,Somewhat clear,Quite hard,Rather confident,"I took notes on pen and paper which flower pairs I remember from yesterday, made a table of the non-pairs, and counted how many stops it would take between the non-pairs, for each non-pair."
Qmrb7a7nw7m6hx8bh8aj6idsuQ,unconstrained,50.0,"[[5, 6, 2], [5, 6, 7, 0]]",1.0,31.006,0,Fully conscious/deliberative,Somewhat clear,Quite hard,Rather confident,"I took notes on pen and paper which flower pairs I remember from yesterday, made a table of the non-pairs, and counted how many stops it would take between the non-pairs, for each non-pair."
Qmrb7a7nw7m6hx8bh8aj6idsuQ,unconstrained,51.0,"[[2, 6, 7, 1], [7, 6, 2]]",1.0,9.182,1,Fully conscious/deliberative,Somewhat clear,Quite hard,Rather confident,"I took notes on pen and paper which flower pairs I remember from yesterday, made a table of the non-pairs, and counted how many stops it would take between the non-pairs, for each non-pair."
Qmrb7a7nw7m6hx8bh8aj6idsuQ,unconstrained,52.0,"[[0, 7, 6, 5], [2, 6, 7, 1, 4]]",1.0,12.377,0,Fully conscious/deliberative,Somewhat clear,Quite hard,Rather confident,"I took notes on pen and paper which flower pairs I remember from yesterday, made a table of the non-pairs, and counted how many stops it would take between the non-pairs, for each non-pair."
Qmrb7a7nw7m6hx8bh8aj6idsuQ,unconstrained,53.0,"[[1, 7, 6, 2], [6, 5, 3]]",1.0,11.153,1,Fully conscious/deliberative,Somewhat clear,Quite hard,Rather confident,"I took notes on pen and paper which flower pairs I remember from yesterday, made a table of the non-pairs, and counted how many stops it would take between the non-pairs, for each non-pair."
Qmrb7a7nw7m6hx8bh8aj6idsuQ,unconstrained,54.0,"[[7, 6, 5], [5, 6, 7, 0]]",1.0,13.979,0,Fully conscious/deliberative,Somewhat clear,Quite hard,Rather confident,"I took notes on pen and paper which flower pairs I remember from yesterday, made a table of the non-pairs, and counted how many stops it would take between the non-pairs, for each non-pair."
Qmrb7a7nw7m6hx8bh8aj6idsuQ,unconstrained,55.0,"[[7, 6, 2], [6, 7, 1, 4]]",0.0,11.192,1,Fully conscious/deliberative,Somewhat clear,Quite hard,Rather confident,"I took notes on pen and paper which flower pairs I remember from yesterday, made a table of the non-pairs, and counted how many stops it would take between the non-pairs, for each non-pair."
Qmrb7a7nw7m6hx8bh8aj6idsuQ,unconstrained,56.0,"[[2, 6, 5, 3], [3, 5, 6, 7, 1]]",1.0,16.866,0,Fully conscious/deliberative,Somewhat clear,Quite hard,Rather confident,"I took notes on pen and paper which flower pairs I remember from yesterday, made a table of the non-pairs, and counted how many stops it would take between the non-pairs, for each non-pair."
Qmrb7a7nw7m6hx8bh8aj6idsuQ,unconstrained,57.0,"[[7, 6, 2], [0, 7, 1, 4]]",1.0,6.823,0,Fully conscious/deliberative,Somewhat clear,Quite hard,Rather confident,"I took notes on pen and paper which flower pairs I remember from yesterday, made a table of the non-pairs, and counted how many stops it would take between the non-pairs, for each non-pair."
Qmrb7a7nw7m6hx8bh8aj6idsuQ,unconstrained,58.0,"[[6, 7, 1], [1, 7, 6, 2]]",1.0,5.159,0,Fully conscious/deliberative,Somewhat clear,Quite hard,Rather confident,"I took notes on pen and paper which flower pairs I remember from yesterday, made a table of the non-pairs, and counted how many stops it would take between the non-pairs, for each non-pair."
Qmrb7a7nw7m6hx8bh8aj6idsuQ,unconstrained,59.0,"[[1, 7, 6, 5], [1, 7, 6]]",0.0,4.807,0,Fully conscious/deliberative,Somewhat clear,Quite hard,Rather confident,"I took notes on pen and paper which flower pairs I remember from yesterday, made a table of the non-pairs, and counted how many stops it would take between the non-pairs, for each non-pair."
Qmrb7a7nw7m6hx8bh8aj6idsuQ,unconstrained,60.0,"[[0, 7, 1, 4], [5, 6, 7]]",1.0,11.136,1,Fully conscious/deliberative,Somewhat clear,Quite hard,Rather confident,"I took notes on pen and paper which flower pairs I remember from yesterday, made a table of the non-pairs, and counted how many stops it would take between the non-pairs, for each non-pair."
Qmrb7a7nw7m6hx8bh8aj6idsuQ,unconstrained,61.0,"[[7, 6, 5, 3], [4, 1, 7, 6, 5]]",0.0,9.38,1,Fully conscious/deliberative,Somewhat clear,Quite hard,Rather confident,"I took notes on pen and paper which flower pairs I remember from yesterday, made a table of the non-pairs, and counted how many stops it would take between the non-pairs, for each non-pair."
Qmrb7a7nw7m6hx8bh8aj6idsuQ,unconstrained,62.0,"[[2, 6, 7, 1], [0, 7, 1]]",1.0,11.501,1,Fully conscious/deliberative,Somewhat clear,Quite hard,Rather confident,"I took notes on pen and paper which flower pairs I remember from yesterday, made a table of the non-pairs, and counted how many stops it would take between the non-pairs, for each non-pair."
Qmrb7a7nw7m6hx8bh8aj6idsuQ,unconstrained,63.0,"[[7, 6, 2], [5, 6, 7, 1]]",1.0,17.634,0,Fully conscious/deliberative,Somewhat clear,Quite hard,Rather confident,"I took notes on pen and paper which flower pairs I remember from yesterday, made a table of the non-pairs, and counted how many stops it would take between the non-pairs, for each non-pair."
Qmrb7a7nw7m6hx8bh8aj6idsuQ,unconstrained,64.0,"[[4, 1, 7, 0], [2, 6, 7, 1, 4]]",1.0,10.305,0,Fully conscious/deliberative,Somewhat clear,Quite hard,Rather confident,"I took notes on pen and paper which flower pairs I remember from yesterday, made a table of the non-pairs, and counted how many stops it would take between the non-pairs, for each non-pair."
Qp0dk29rcuzitoxxdx39derbpQ,unconstrained,0.0,"[[1, 7, 6, 5], [5, 6, 2]]",0.0,15.453,0,Fairly conscious/deliberative,Somewhat clear,Hard,Rather unconfident,I did not have any special strategy
Qp0dk29rcuzitoxxdx39derbpQ,unconstrained,1.0,"[[2, 6, 7, 1, 4], [7, 6, 5, 3]]",1.0,9.885,1,Fairly conscious/deliberative,Somewhat clear,Hard,Rather unconfident,I did not have any special strategy
Qp0dk29rcuzitoxxdx39derbpQ,unconstrained,2.0,"[[2, 6, 5, 3], [2, 6, 5]]",0.0,7.128,0,Fairly conscious/deliberative,Somewhat clear,Hard,Rather unconfident,I did not have any special strategy
Qp0dk29rcuzitoxxdx39derbpQ,unconstrained,3.0,"[[0, 7, 1, 4], [4, 1, 7, 6, 5]]",1.0,3.264,0,Fairly conscious/deliberative,Somewhat clear,Hard,Rather unconfident,I did not have any special strategy
Qp0dk29rcuzitoxxdx39derbpQ,unconstrained,4.0,"[[3, 5, 6, 7, 1], [6, 7, 1, 4]]",0.0,4.573,0,Fairly conscious/deliberative,Somewhat clear,Hard,Rather unconfident,I did not have any special strategy
Qp0dk29rcuzitoxxdx39derbpQ,unconstrained,5.0,"[[0, 7, 1], [2, 6, 7, 1]]",0.0,8.129,1,Fairly conscious/deliberative,Somewhat clear,Hard,Rather unconfident,I did not have any special strategy
Qp0dk29rcuzitoxxdx39derbpQ,unconstrained,6.0,"[[7, 6, 5], [0, 7, 6, 5]]",1.0,2.764,0,Fairly conscious/deliberative,Somewhat clear,Hard,Rather unconfident,I did not have any special strategy
Qp0dk29rcuzitoxxdx39derbpQ,unconstrained,7.0,"[[7, 1, 4], [2, 6, 7, 0]]",1.0,5.168,0,Fairly conscious/deliberative,Somewhat clear,Hard,Rather unconfident,I did not have any special strategy
Qp0dk29rcuzitoxxdx39derbpQ,unconstrained,8.0,"[[2, 6, 7], [4, 1, 7, 6]]",0.0,3.713,1,Fairly conscious/deliberative,Somewhat clear,Hard,Rather unconfident,I did not have any special strategy
Qp0dk29rcuzitoxxdx39derbpQ,unconstrained,9.0,"[[6, 5, 3], [2, 6, 7, 0]]",1.0,3.265,0,Fairly conscious/deliberative,Somewhat clear,Hard,Rather unconfident,I did not have any special strategy
Qp0dk29rcuzitoxxdx39derbpQ,unconstrained,10.0,"[[5, 6, 7, 1], [1, 7, 6]]",0.0,3.705,0,Fairly conscious/deliberative,Somewhat clear,Hard,Rather unconfident,I did not have any special strategy
Qp0dk29rcuzitoxxdx39derbpQ,unconstrained,11.0,"[[7, 6, 5, 3], [4, 1, 7, 6, 5]]",0.0,5.155,1,Fairly conscious/deliberative,Somewhat clear,Hard,Rather unconfident,I did not have any special strategy
Qp0dk29rcuzitoxxdx39derbpQ,unconstrained,12.0,"[[6, 7, 1], [4, 1, 7, 0]]",1.0,3.049,0,Fairly conscious/deliberative,Somewhat clear,Hard,Rather unconfident,I did not have any special strategy
Qp0dk29rcuzitoxxdx39derbpQ,unconstrained,13.0,"[[1, 7, 6, 5], [4, 1, 7]]",0.0,6.649,0,Fairly conscious/deliberative,Somewhat clear,Hard,Rather unconfident,I did not have any special strategy
Qp0dk29rcuzitoxxdx39derbpQ,unconstrained,14.0,"[[6, 5, 3], [6, 7, 1, 4]]",0.0,3.511,1,Fairly conscious/deliberative,Somewhat clear,Hard,Rather unconfident,I did not have any special strategy
Qp0dk29rcuzitoxxdx39derbpQ,unconstrained,15.0,"[[6, 5, 3], [4, 1, 7, 0]]",1.0,5.115,0,Fairly conscious/deliberative,Somewhat clear,Hard,Rather unconfident,I did not have any special strategy
Qp0dk29rcuzitoxxdx39derbpQ,unconstrained,16.0,"[[0, 7, 6], [5, 6, 7, 0]]",1.0,4.807,0,Fairly conscious/deliberative,Somewhat clear,Hard,Rather unconfident,I did not have any special strategy
Qp0dk29rcuzitoxxdx39derbpQ,unconstrained,17.0,"[[3, 5, 6, 2], [7, 6, 5]]",1.0,4.226,1,Fairly conscious/deliberative,Somewhat clear,Hard,Rather unconfident,I did not have any special strategy
Qp0dk29rcuzitoxxdx39derbpQ,unconstrained,18.0,"[[4, 1, 7, 6, 2], [4, 1, 7, 6, 5, 3]]",0.0,4.624,1,Fairly conscious/deliberative,Somewhat clear,Hard,Rather unconfident,I did not have any special strategy
Qp0dk29rcuzitoxxdx39derbpQ,unconstrained,19.0,"[[2, 6, 7, 0], [0, 7, 6, 5, 3]]",0.0,4.573,1,Fairly conscious/deliberative,Somewhat clear,Hard,Rather unconfident,I did not have any special strategy
Qp0dk29rcuzitoxxdx39derbpQ,unconstrained,20.0,"[[7, 6, 2], [4, 1, 7, 6]]",0.0,1.916,1,Fairly conscious/deliberative,Somewhat clear,Hard,Rather unconfident,I did not have any special strategy
Qp0dk29rcuzitoxxdx39derbpQ,unconstrained,21.0,"[[2, 6, 5, 3], [6, 7, 0]]",0.0,3.133,0,Fairly conscious/deliberative,Somewhat clear,Hard,Rather unconfident,I did not have any special strategy
Qp0dk29rcuzitoxxdx39derbpQ,unconstrained,22.0,"[[5, 6, 7], [2, 6, 7, 0]]",0.0,4.0,1,Fairly conscious/deliberative,Somewhat clear,Hard,Rather unconfident,I did not have any special strategy
Qp0dk29rcuzitoxxdx39derbpQ,unconstrained,23.0,"[[7, 6, 5], [6, 7, 1, 4]]",0.0,2.154,1,Fairly conscious/deliberative,Somewhat clear,Hard,Rather unconfident,I did not have any special strategy
Qp0dk29rcuzitoxxdx39derbpQ,unconstrained,24.0,"[[2, 6, 7, 1], [5, 6, 2]]",0.0,4.347,0,Fairly conscious/deliberative,Somewhat clear,Hard,Rather unconfident,I did not have any special strategy
Qp0dk29rcuzitoxxdx39derbpQ,unconstrained,25.0,"[[0, 7, 6, 5, 3], [4, 1, 7, 6]]",1.0,1.949,1,Fairly conscious/deliberative,Somewhat clear,Hard,Rather unconfident,I did not have any special strategy
Qp0dk29rcuzitoxxdx39derbpQ,unconstrained,26.0,"[[4, 1, 7, 0], [2, 6, 7, 1, 4]]",0.0,5.861,1,Fairly conscious/deliberative,Somewhat clear,Hard,Rather unconfident,I did not have any special strategy
Qp0dk29rcuzitoxxdx39derbpQ,unconstrained,27.0,"[[4, 1, 7, 6, 2], [0, 7, 6, 5]]",1.0,3.265,1,Fairly conscious/deliberative,Somewhat clear,Hard,Rather unconfident,I did not have any special strategy
Qp0dk29rcuzitoxxdx39derbpQ,unconstrained,28.0,"[[1, 7, 6], [0, 7, 6, 5]]",1.0,2.234,0,Fairly conscious/deliberative,Somewhat clear,Hard,Rather unconfident,I did not have any special strategy
Qp0dk29rcuzitoxxdx39derbpQ,unconstrained,29.0,"[[5, 6, 2], [6, 7, 1, 4]]",0.0,6.851,1,Fairly conscious/deliberative,Somewhat clear,Hard,Rather unconfident,I did not have any special strategy
Qp0dk29rcuzitoxxdx39derbpQ,unconstrained,30.0,"[[5, 6, 7, 1, 4], [4, 1, 7, 6]]",1.0,2.112,1,Fairly conscious/deliberative,Somewhat clear,Hard,Rather unconfident,I did not have any special strategy
Qp0dk29rcuzitoxxdx39derbpQ,unconstrained,31.0,"[[7, 6, 5], [2, 6, 7, 1]]",1.0,2.929,0,Fairly conscious/deliberative,Somewhat clear,Hard,Rather unconfident,I did not have any special strategy
Qp0dk29rcuzitoxxdx39derbpQ,unconstrained,32.0,"[[1, 7, 6, 2], [7, 6, 2]]",0.0,5.358,0,Fairly conscious/deliberative,Somewhat clear,Hard,Rather unconfident,I did not have any special strategy
Qp0dk29rcuzitoxxdx39derbpQ,unconstrained,33.0,"[[3, 5, 6, 7, 1], [5, 6, 7, 1]]",1.0,2.561,1,Fairly conscious/deliberative,Somewhat clear,Hard,Rather unconfident,I did not have any special strategy
Qp0dk29rcuzitoxxdx39derbpQ,unconstrained,34.0,"[[2, 6, 7, 1], [0, 7, 6, 5, 3]]",1.0,4.45,0,Fairly conscious/deliberative,Somewhat clear,Hard,Rather unconfident,I did not have any special strategy
Qp0dk29rcuzitoxxdx39derbpQ,unconstrained,35.0,"[[3, 5, 6, 2], [0, 7, 1]]",1.0,4.052,1,Fairly conscious/deliberative,Somewhat clear,Hard,Rather unconfident,I did not have any special strategy
Qp0dk29rcuzitoxxdx39derbpQ,unconstrained,36.0,"[[0, 7, 1], [4, 1, 7, 6]]",0.0,3.633,1,Fairly conscious/deliberative,Somewhat clear,Hard,Rather unconfident,I did not have any special strategy
Qp0dk29rcuzitoxxdx39derbpQ,unconstrained,37.0,"[[7, 6, 2], [1, 7, 6, 5]]",0.0,2.254,1,Fairly conscious/deliberative,Somewhat clear,Hard,Rather unconfident,I did not have any special strategy
Qp0dk29rcuzitoxxdx39derbpQ,unconstrained,38.0,"[[2, 6, 7, 1], [4, 1, 7]]",1.0,3.153,1,Fairly conscious/deliberative,Somewhat clear,Hard,Rather unconfident,I did not have any special strategy
Qp0dk29rcuzitoxxdx39derbpQ,unconstrained,39.0,"[[1, 7, 6, 5, 3], [2, 6, 7, 1]]",0.0,2.817,0,Fairly conscious/deliberative,Somewhat clear,Hard,Rather unconfident,I did not have any special strategy
Qp0dk29rcuzitoxxdx39derbpQ,unconstrained,40.0,"[[0, 7, 1, 4], [2, 6, 7]]",0.0,4.643,0,Fairly conscious/deliberative,Somewhat clear,Hard,Rather unconfident,I did not have any special strategy
Qp0dk29rcuzitoxxdx39derbpQ,unconstrained,41.0,"[[6, 5, 3], [2, 6, 7, 1]]",1.0,3.307,0,Fairly conscious/deliberative,Somewhat clear,Hard,Rather unconfident,I did not have any special strategy
Qp0dk29rcuzitoxxdx39derbpQ,unconstrained,42.0,"[[5, 6, 7, 0], [2, 6, 5]]",1.0,10.814,1,Fairly conscious/deliberative,Somewhat clear,Hard,Rather unconfident,I did not have any special strategy
Qp0dk29rcuzitoxxdx39derbpQ,unconstrained,43.0,"[[3, 5, 6, 7], [5, 6, 2]]",0.0,2.338,0,Fairly conscious/deliberative,Somewhat clear,Hard,Rather unconfident,I did not have any special strategy
Qp0dk29rcuzitoxxdx39derbpQ,unconstrained,44.0,"[[1, 7, 6, 2], [1, 7, 6]]",1.0,1.476,1,Fairly conscious/deliberative,Somewhat clear,Hard,Rather unconfident,I did not have any special strategy
Qp0dk29rcuzitoxxdx39derbpQ,unconstrained,45.0,"[[7, 1, 4], [1, 7, 6, 2]]",0.0,10.549,1,Fairly conscious/deliberative,Somewhat clear,Hard,Rather unconfident,I did not have any special strategy
Qp0dk29rcuzitoxxdx39derbpQ,unconstrained,46.0,"[[7, 6, 2], [0, 7, 1, 4]]",1.0,23.038,0,Fairly conscious/deliberative,Somewhat clear,Hard,Rather unconfident,I did not have any special strategy
Qp0dk29rcuzitoxxdx39derbpQ,unconstrained,47.0,"[[5, 6, 7, 1], [3, 5, 6]]",1.0,3.326,1,Fairly conscious/deliberative,Somewhat clear,Hard,Rather unconfident,I did not have any special strategy
Qp0dk29rcuzitoxxdx39derbpQ,unconstrained,48.0,"[[3, 5, 6, 2], [4, 1, 7]]",1.0,9.794,1,Fairly conscious/deliberative,Somewhat clear,Hard,Rather unconfident,I did not have any special strategy
Qp0dk29rcuzitoxxdx39derbpQ,unconstrained,49.0,"[[1, 7, 6, 5], [5, 6, 7]]",0.0,2.723,0,Fairly conscious/deliberative,Somewhat clear,Hard,Rather unconfident,I did not have any special strategy
Qp0dk29rcuzitoxxdx39derbpQ,unconstrained,50.0,"[[0, 7, 1, 4], [0, 7, 6]]",1.0,4.676,1,Fairly conscious/deliberative,Somewhat clear,Hard,Rather unconfident,I did not have any special strategy
Qp0dk29rcuzitoxxdx39derbpQ,unconstrained,51.0,"[[2, 6, 5, 3], [3, 5, 6, 7, 1]]",0.0,1.447,1,Fairly conscious/deliberative,Somewhat clear,Hard,Rather unconfident,I did not have any special strategy
Qp0dk29rcuzitoxxdx39derbpQ,unconstrained,52.0,"[[2, 6, 5], [4, 1, 7, 0]]",0.0,3.204,1,Fairly conscious/deliberative,Somewhat clear,Hard,Rather unconfident,I did not have any special strategy
Qp0dk29rcuzitoxxdx39derbpQ,unconstrained,53.0,"[[3, 5, 6, 2], [1, 7, 6]]",1.0,2.591,1,Fairly conscious/deliberative,Somewhat clear,Hard,Rather unconfident,I did not have any special strategy
Qp0dk29rcuzitoxxdx39derbpQ,unconstrained,54.0,"[[7, 1, 4], [0, 7, 6, 5]]",1.0,2.479,0,Fairly conscious/deliberative,Somewhat clear,Hard,Rather unconfident,I did not have any special strategy
Qp0dk29rcuzitoxxdx39derbpQ,unconstrained,55.0,"[[7, 1, 4], [5, 6, 7, 1]]",0.0,1.805,1,Fairly conscious/deliberative,Somewhat clear,Hard,Rather unconfident,I did not have any special strategy
Qp0dk29rcuzitoxxdx39derbpQ,unconstrained,56.0,"[[7, 6, 5, 3], [7, 6, 2]]",0.0,2.641,0,Fairly conscious/deliberative,Somewhat clear,Hard,Rather unconfident,I did not have any special strategy
Qp0dk29rcuzitoxxdx39derbpQ,unconstrained,57.0,"[[4, 1, 7, 6], [6, 5, 3]]",0.0,9.722,0,Fairly conscious/deliberative,Somewhat clear,Hard,Rather unconfident,I did not have any special strategy
Qp0dk29rcuzitoxxdx39derbpQ,unconstrained,58.0,"[[2, 6, 5, 3], [4, 1, 7, 6, 2]]",0.0,20.19,1,Fairly conscious/deliberative,Somewhat clear,Hard,Rather unconfident,I did not have any special strategy
Qp0dk29rcuzitoxxdx39derbpQ,unconstrained,59.0,"[[2, 6, 7, 1], [0, 7, 1]]",0.0,3.602,0,Fairly conscious/deliberative,Somewhat clear,Hard,Rather unconfident,I did not have any special strategy
Qp0dk29rcuzitoxxdx39derbpQ,unconstrained,60.0,"[[4, 1, 7, 0], [7, 6, 5]]",1.0,6.452,1,Fairly conscious/deliberative,Somewhat clear,Hard,Rather unconfident,I did not have any special strategy
Qp0dk29rcuzitoxxdx39derbpQ,unconstrained,61.0,"[[0, 7, 1], [2, 6, 7, 0]]",1.0,4.502,0,Fairly conscious/deliberative,Somewhat clear,Hard,Rather unconfident,I did not have any special strategy
Qp0dk29rcuzitoxxdx39derbpQ,unconstrained,62.0,"[[5, 6, 7, 1], [1, 7, 0]]",0.0,2.305,0,Fairly conscious/deliberative,Somewhat clear,Hard,Rather unconfident,I did not have any special strategy
Qp0dk29rcuzitoxxdx39derbpQ,unconstrained,63.0,"[[4, 1, 7, 6, 5], [7, 6, 5, 3]]",0.0,4.072,0,Fairly conscious/deliberative,Somewhat clear,Hard,Rather unconfident,I did not have any special strategy
Qp0dk29rcuzitoxxdx39derbpQ,unconstrained,64.0,"[[5, 6, 7, 0], [0, 7, 1]]",1.0,3.235,1,Fairly conscious/deliberative,Somewhat clear,Hard,Rather unconfident,I did not have any special strategy
Qrqbo1vvrqadp9n2qz045fsgkQ,unconstrained,0.0,"[[5, 6, 7, 1], [2, 6, 5]]",1.0,16.203,1,Fully conscious/deliberative,Somewhat clear,Quite hard,Rather unconfident,I took note of the known connection 
Qrqbo1vvrqadp9n2qz045fsgkQ,unconstrained,1.0,"[[2, 6, 7, 0], [5, 6, 7]]",0.0,9.373,0,Fully conscious/deliberative,Somewhat clear,Quite hard,Rather unconfident,I took note of the known connection 
Qrqbo1vvrqadp9n2qz045fsgkQ,unconstrained,2.0,"[[3, 5, 6, 2], [0, 7, 1]]",1.0,6.701,1,Fully conscious/deliberative,Somewhat clear,Quite hard,Rather unconfident,I took note of the known connection 
Qrqbo1vvrqadp9n2qz045fsgkQ,unconstrained,3.0,"[[1, 7, 6, 2], [2, 6, 7]]",1.0,4.493,1,Fully conscious/deliberative,Somewhat clear,Quite hard,Rather unconfident,I took note of the known connection 
Qrqbo1vvrqadp9n2qz045fsgkQ,unconstrained,4.0,"[[0, 7, 1, 4], [2, 6, 7]]",1.0,6.002,1,Fully conscious/deliberative,Somewhat clear,Quite hard,Rather unconfident,I took note of the known connection 
Qrqbo1vvrqadp9n2qz045fsgkQ,unconstrained,5.0,"[[5, 6, 7], [0, 7, 1, 4]]",0.0,6.748,1,Fully conscious/deliberative,Somewhat clear,Quite hard,Rather unconfident,I took note of the known connection 
Qrqbo1vvrqadp9n2qz045fsgkQ,unconstrained,6.0,"[[0, 7, 1, 4], [7, 6, 2]]",1.0,3.252,1,Fully conscious/deliberative,Somewhat clear,Quite hard,Rather unconfident,I took note of the known connection 
Qrqbo1vvrqadp9n2qz045fsgkQ,unconstrained,7.0,"[[5, 6, 7, 1], [1, 7, 6]]",0.0,5.053,0,Fully conscious/deliberative,Somewhat clear,Quite hard,Rather unconfident,I took note of the known connection 
Qrqbo1vvrqadp9n2qz045fsgkQ,unconstrained,8.0,"[[1, 7, 6], [3, 5, 6, 2]]",0.0,5.604,1,Fully conscious/deliberative,Somewhat clear,Quite hard,Rather unconfident,I took note of the known connection 
Qrqbo1vvrqadp9n2qz045fsgkQ,unconstrained,9.0,"[[4, 1, 7, 6], [5, 6, 2]]",0.0,5.486,0,Fully conscious/deliberative,Somewhat clear,Quite hard,Rather unconfident,I took note of the known connection 
Qrqbo1vvrqadp9n2qz045fsgkQ,unconstrained,10.0,"[[3, 5, 6, 2], [5, 6, 7]]",0.0,4.767,0,Fully conscious/deliberative,Somewhat clear,Quite hard,Rather unconfident,I took note of the known connection 
Qrqbo1vvrqadp9n2qz045fsgkQ,unconstrained,11.0,"[[0, 7, 1], [2, 6, 7, 1]]",1.0,6.975,0,Fully conscious/deliberative,Somewhat clear,Quite hard,Rather unconfident,I took note of the known connection 
Qrqbo1vvrqadp9n2qz045fsgkQ,unconstrained,12.0,"[[7, 6, 5], [5, 6, 7, 0]]",1.0,18.8,0,Fully conscious/deliberative,Somewhat clear,Quite hard,Rather unconfident,I took note of the known connection 
Qrqbo1vvrqadp9n2qz045fsgkQ,unconstrained,13.0,"[[6, 5, 3], [1, 7, 6, 2]]",1.0,3.245,0,Fully conscious/deliberative,Somewhat clear,Quite hard,Rather unconfident,I took note of the known connection 
Qrqbo1vvrqadp9n2qz045fsgkQ,unconstrained,14.0,"[[4, 1, 7, 6, 2], [7, 6, 5, 3]]",1.0,2.41,1,Fully conscious/deliberative,Somewhat clear,Quite hard,Rather unconfident,I took note of the known connection 
Qrqbo1vvrqadp9n2qz045fsgkQ,unconstrained,15.0,"[[6, 7, 1, 4], [7, 6, 5]]",0.0,3.219,0,Fully conscious/deliberative,Somewhat clear,Quite hard,Rather unconfident,I took note of the known connection 
Qrqbo1vvrqadp9n2qz045fsgkQ,unconstrained,16.0,"[[6, 5, 3], [6, 7, 1, 4]]",0.0,5.07,1,Fully conscious/deliberative,Somewhat clear,Quite hard,Rather unconfident,I took note of the known connection 
Qrqbo1vvrqadp9n2qz045fsgkQ,unconstrained,17.0,"[[3, 5, 6, 7], [2, 6, 7]]",1.0,2.262,1,Fully conscious/deliberative,Somewhat clear,Quite hard,Rather unconfident,I took note of the known connection 
Qrqbo1vvrqadp9n2qz045fsgkQ,unconstrained,18.0,"[[1, 7, 0], [2, 6, 7, 1]]",0.0,2.376,1,Fully conscious/deliberative,Somewhat clear,Quite hard,Rather unconfident,I took note of the known connection 
Qrqbo1vvrqadp9n2qz045fsgkQ,unconstrained,19.0,"[[3, 5, 6, 7, 0], [0, 7, 6, 2]]",1.0,3.885,1,Fully conscious/deliberative,Somewhat clear,Quite hard,Rather unconfident,I took note of the known connection 
Qrqbo1vvrqadp9n2qz045fsgkQ,unconstrained,20.0,"[[4, 1, 7, 6], [6, 5, 3]]",0.0,2.208,0,Fully conscious/deliberative,Somewhat clear,Quite hard,Rather unconfident,I took note of the known connection 
Qrqbo1vvrqadp9n2qz045fsgkQ,unconstrained,21.0,"[[5, 6, 7, 1], [4, 1, 7]]",0.0,4.947,0,Fully conscious/deliberative,Somewhat clear,Quite hard,Rather unconfident,I took note of the known connection 
Qrqbo1vvrqadp9n2qz045fsgkQ,unconstrained,22.0,"[[3, 5, 6], [4, 1, 7, 0]]",1.0,5.731,0,Fully conscious/deliberative,Somewhat clear,Quite hard,Rather unconfident,I took note of the known connection 
Qrqbo1vvrqadp9n2qz045fsgkQ,unconstrained,23.0,"[[2, 6, 7], [6, 7, 1, 4]]",0.0,2.229,1,Fully conscious/deliberative,Somewhat clear,Quite hard,Rather unconfident,I took note of the known connection 
Qrqbo1vvrqadp9n2qz045fsgkQ,unconstrained,24.0,"[[3, 5, 6, 7, 0], [2, 6, 7, 1]]",0.0,5.13,0,Fully conscious/deliberative,Somewhat clear,Quite hard,Rather unconfident,I took note of the known connection 
Qrqbo1vvrqadp9n2qz045fsgkQ,unconstrained,25.0,"[[4, 1, 7, 6, 5], [7, 6, 5, 3]]",0.0,1.865,0,Fully conscious/deliberative,Somewhat clear,Quite hard,Rather unconfident,I took note of the known connection 
Qrqbo1vvrqadp9n2qz045fsgkQ,unconstrained,26.0,"[[1, 7, 6, 2], [4, 1, 7]]",0.0,2.635,0,Fully conscious/deliberative,Somewhat clear,Quite hard,Rather unconfident,I took note of the known connection 
Qrqbo1vvrqadp9n2qz045fsgkQ,unconstrained,27.0,"[[5, 6, 2], [4, 1, 7, 0]]",1.0,3.98,0,Fully conscious/deliberative,Somewhat clear,Quite hard,Rather unconfident,I took note of the known connection 
Qrqbo1vvrqadp9n2qz045fsgkQ,unconstrained,28.0,"[[1, 7, 6, 2], [6, 7, 1]]",1.0,4.443,1,Fully conscious/deliberative,Somewhat clear,Quite hard,Rather unconfident,I took note of the known connection 
Qrqbo1vvrqadp9n2qz045fsgkQ,unconstrained,29.0,"[[6, 7, 0], [2, 6, 5, 3]]",1.0,2.23,0,Fully conscious/deliberative,Somewhat clear,Quite hard,Rather unconfident,I took note of the known connection 
Qrqbo1vvrqadp9n2qz045fsgkQ,unconstrained,30.0,"[[2, 6, 7, 0], [1, 7, 0]]",0.0,2.096,0,Fully conscious/deliberative,Somewhat clear,Quite hard,Rather unconfident,I took note of the known connection 
Qrqbo1vvrqadp9n2qz045fsgkQ,unconstrained,31.0,"[[0, 7, 1, 4], [6, 7, 0]]",1.0,1.281,1,Fully conscious/deliberative,Somewhat clear,Quite hard,Rather unconfident,I took note of the known connection 
Qrqbo1vvrqadp9n2qz045fsgkQ,unconstrained,32.0,"[[1, 7, 6, 5], [5, 6, 7]]",0.0,3.454,0,Fully conscious/deliberative,Somewhat clear,Quite hard,Rather unconfident,I took note of the known connection 
Qrqbo1vvrqadp9n2qz045fsgkQ,unconstrained,33.0,"[[4, 1, 7], [2, 6, 7, 1]]",0.0,3.48,1,Fully conscious/deliberative,Somewhat clear,Quite hard,Rather unconfident,I took note of the known connection 
Qrqbo1vvrqadp9n2qz045fsgkQ,unconstrained,34.0,"[[5, 6, 2], [5, 6, 7, 0]]",1.0,3.665,0,Fully conscious/deliberative,Somewhat clear,Quite hard,Rather unconfident,I took note of the known connection 
Qrqbo1vvrqadp9n2qz045fsgkQ,unconstrained,35.0,"[[1, 7, 6, 5, 3], [3, 5, 6, 2]]",0.0,31.609,0,Fully conscious/deliberative,Somewhat clear,Quite hard,Rather unconfident,I took note of the known connection 
Qrqbo1vvrqadp9n2qz045fsgkQ,unconstrained,36.0,"[[6, 7, 1, 4], [7, 6, 2]]",0.0,4.831,0,Fully conscious/deliberative,Somewhat clear,Quite hard,Rather unconfident,I took note of the known connection 
Qrqbo1vvrqadp9n2qz045fsgkQ,unconstrained,37.0,"[[6, 7, 1], [0, 7, 6, 5]]",1.0,3.987,0,Fully conscious/deliberative,Somewhat clear,Quite hard,Rather unconfident,I took note of the known connection 
Qrqbo1vvrqadp9n2qz045fsgkQ,unconstrained,38.0,"[[3, 5, 6, 2], [7, 1, 4]]",0.0,2.167,0,Fully conscious/deliberative,Somewhat clear,Quite hard,Rather unconfident,I took note of the known connection 
Qrqbo1vvrqadp9n2qz045fsgkQ,unconstrained,39.0,"[[4, 1, 7, 0], [4, 1, 7, 6, 2]]",0.0,1.955,1,Fully conscious/deliberative,Somewhat clear,Quite hard,Rather unconfident,I took note of the known connection 
Qrqbo1vvrqadp9n2qz045fsgkQ,unconstrained,40.0,"[[5, 6, 7, 1], [1, 7, 0]]",0.0,4.336,0,Fully conscious/deliberative,Somewhat clear,Quite hard,Rather unconfident,I took note of the known connection 
Qrqbo1vvrqadp9n2qz045fsgkQ,unconstrained,41.0,"[[0, 7, 6], [5, 6, 7, 0]]",1.0,3.308,0,Fully conscious/deliberative,Somewhat clear,Quite hard,Rather unconfident,I took note of the known connection 
Qrqbo1vvrqadp9n2qz045fsgkQ,unconstrained,42.0,"[[0, 7, 6, 5], [2, 6, 7, 1, 4]]",0.0,1.562,1,Fully conscious/deliberative,Somewhat clear,Quite hard,Rather unconfident,I took note of the known connection 
Qrqbo1vvrqadp9n2qz045fsgkQ,unconstrained,43.0,"[[6, 7, 1, 4], [5, 6, 7, 1, 4]]",1.0,2.275,0,Fully conscious/deliberative,Somewhat clear,Quite hard,Rather unconfident,I took note of the known connection 
Qrqbo1vvrqadp9n2qz045fsgkQ,unconstrained,44.0,"[[5, 6, 2], [3, 5, 6, 7]]",0.0,3.92,1,Fully conscious/deliberative,Somewhat clear,Quite hard,Rather unconfident,I took note of the known connection 
Qrqbo1vvrqadp9n2qz045fsgkQ,unconstrained,45.0,"[[2, 6, 7, 1], [5, 6, 7]]",0.0,2.529,0,Fully conscious/deliberative,Somewhat clear,Quite hard,Rather unconfident,I took note of the known connection 
Qrqbo1vvrqadp9n2qz045fsgkQ,unconstrained,46.0,"[[0, 7, 6, 5], [7, 1, 4]]",1.0,5.204,1,Fully conscious/deliberative,Somewhat clear,Quite hard,Rather unconfident,I took note of the known connection 
Qrqbo1vvrqadp9n2qz045fsgkQ,unconstrained,47.0,"[[6, 5, 3], [2, 6, 7, 0]]",1.0,3.091,0,Fully conscious/deliberative,Somewhat clear,Quite hard,Rather unconfident,I took note of the known connection 
Qrqbo1vvrqadp9n2qz045fsgkQ,unconstrained,48.0,"[[3, 5, 6], [5, 6, 7, 1]]",1.0,1.858,0,Fully conscious/deliberative,Somewhat clear,Quite hard,Rather unconfident,I took note of the known connection 
Qrqbo1vvrqadp9n2qz045fsgkQ,unconstrained,49.0,"[[1, 7, 6, 5, 3], [1, 7, 6, 5]]",0.0,3.212,0,Fully conscious/deliberative,Somewhat clear,Quite hard,Rather unconfident,I took note of the known connection 
Qrqbo1vvrqadp9n2qz045fsgkQ,unconstrained,50.0,"[[2, 6, 5], [2, 6, 5, 3]]",0.0,2.212,1,Fully conscious/deliberative,Somewhat clear,Quite hard,Rather unconfident,I took note of the known connection 
Qrqbo1vvrqadp9n2qz045fsgkQ,unconstrained,51.0,"[[5, 6, 7, 0], [1, 7, 0]]",1.0,3.29,1,Fully conscious/deliberative,Somewhat clear,Quite hard,Rather unconfident,I took note of the known connection 
Qrqbo1vvrqadp9n2qz045fsgkQ,unconstrained,52.0,"[[5, 6, 7, 1], [2, 6, 7]]",1.0,2.877,1,Fully conscious/deliberative,Somewhat clear,Quite hard,Rather unconfident,I took note of the known connection 
Qrqbo1vvrqadp9n2qz045fsgkQ,unconstrained,53.0,"[[6, 7, 1, 4], [0, 7, 6, 5, 3]]",1.0,1.73,0,Fully conscious/deliberative,Somewhat clear,Quite hard,Rather unconfident,I took note of the known connection 
Qrqbo1vvrqadp9n2qz045fsgkQ,unconstrained,54.0,"[[5, 6, 7, 1, 4], [7, 6, 5, 3]]",1.0,2.813,1,Fully conscious/deliberative,Somewhat clear,Quite hard,Rather unconfident,I took note of the known connection 
Qrqbo1vvrqadp9n2qz045fsgkQ,unconstrained,55.0,"[[3, 5, 6, 7, 1], [1, 7, 6, 2]]",0.0,4.814,0,Fully conscious/deliberative,Somewhat clear,Quite hard,Rather unconfident,I took note of the known connection 
Qrqbo1vvrqadp9n2qz045fsgkQ,unconstrained,56.0,"[[2, 6, 7, 1, 4], [4, 1, 7, 6, 5, 3]]",0.0,4.641,1,Fully conscious/deliberative,Somewhat clear,Quite hard,Rather unconfident,I took note of the known connection 
Qrqbo1vvrqadp9n2qz045fsgkQ,unconstrained,57.0,"[[4, 1, 7, 6], [1, 7, 6, 5, 3]]",1.0,2.309,0,Fully conscious/deliberative,Somewhat clear,Quite hard,Rather unconfident,I took note of the known connection 
Qrqbo1vvrqadp9n2qz045fsgkQ,unconstrained,58.0,"[[1, 7, 0], [4, 1, 7, 6]]",0.0,3.558,1,Fully conscious/deliberative,Somewhat clear,Quite hard,Rather unconfident,I took note of the known connection 
Qrqbo1vvrqadp9n2qz045fsgkQ,unconstrained,59.0,"[[5, 6, 7, 1, 4], [4, 1, 7, 0]]",1.0,2.641,1,Fully conscious/deliberative,Somewhat clear,Quite hard,Rather unconfident,I took note of the known connection 
Qrqbo1vvrqadp9n2qz045fsgkQ,unconstrained,60.0,"[[7, 1, 4], [1, 7, 6, 5]]",0.0,5.643,1,Fully conscious/deliberative,Somewhat clear,Quite hard,Rather unconfident,I took note of the known connection 
Qrqbo1vvrqadp9n2qz045fsgkQ,unconstrained,61.0,"[[4, 1, 7], [2, 6, 7, 0]]",0.0,3.335,1,Fully conscious/deliberative,Somewhat clear,Quite hard,Rather unconfident,I took note of the known connection 
Qrqbo1vvrqadp9n2qz045fsgkQ,unconstrained,62.0,"[[3, 5, 6, 2], [4, 1, 7, 6, 2]]",1.0,3.441,0,Fully conscious/deliberative,Somewhat clear,Quite hard,Rather unconfident,I took note of the known connection 
Qrqbo1vvrqadp9n2qz045fsgkQ,unconstrained,63.0,"[[6, 7, 1], [4, 1, 7, 0]]",1.0,4.251,0,Fully conscious/deliberative,Somewhat clear,Quite hard,Rather unconfident,I took note of the known connection 
Qrqbo1vvrqadp9n2qz045fsgkQ,unconstrained,64.0,"[[5, 6, 2], [1, 7, 6, 2]]",0.0,2.072,1,Fully conscious/deliberative,Somewhat clear,Quite hard,Rather unconfident,I took note of the known connection 
Qru4lr7xr8gaz4vsylm0dk8hhQ,unconstrained,0.0,"[[5, 6, 7, 1], [7, 6, 2]]",1.0,4.304,1,Fully conscious/deliberative,Fully clear,Quite easy,Confident,"i had no strategy, i tried recalling pairs from part 1 of the expirement"
Qru4lr7xr8gaz4vsylm0dk8hhQ,unconstrained,1.0,"[[0, 7, 1, 4], [5, 6, 2]]",0.0,5.827,0,Fully conscious/deliberative,Fully clear,Quite easy,Confident,"i had no strategy, i tried recalling pairs from part 1 of the expirement"
Qru4lr7xr8gaz4vsylm0dk8hhQ,unconstrained,2.0,"[[3, 5, 6, 7], [4, 1, 7, 6, 2]]",1.0,1.72,0,Fully conscious/deliberative,Fully clear,Quite easy,Confident,"i had no strategy, i tried recalling pairs from part 1 of the expirement"
Qru4lr7xr8gaz4vsylm0dk8hhQ,unconstrained,3.0,"[[4, 1, 7, 6], [2, 6, 5]]",1.0,2.995,1,Fully conscious/deliberative,Fully clear,Quite easy,Confident,"i had no strategy, i tried recalling pairs from part 1 of the expirement"
Qru4lr7xr8gaz4vsylm0dk8hhQ,unconstrained,4.0,"[[2, 6, 5, 3], [4, 1, 7]]",1.0,2.299,1,Fully conscious/deliberative,Fully clear,Quite easy,Confident,"i had no strategy, i tried recalling pairs from part 1 of the expirement"
Qru4lr7xr8gaz4vsylm0dk8hhQ,unconstrained,5.0,"[[4, 1, 7], [2, 6, 7, 1]]",1.0,2.519,0,Fully conscious/deliberative,Fully clear,Quite easy,Confident,"i had no strategy, i tried recalling pairs from part 1 of the expirement"
Qru4lr7xr8gaz4vsylm0dk8hhQ,unconstrained,6.0,"[[1, 7, 6], [2, 6, 7, 1]]",1.0,1.103,0,Fully conscious/deliberative,Fully clear,Quite easy,Confident,"i had no strategy, i tried recalling pairs from part 1 of the expirement"
Qru4lr7xr8gaz4vsylm0dk8hhQ,unconstrained,7.0,"[[1, 7, 6, 5], [6, 7, 1]]",0.0,2.04,0,Fully conscious/deliberative,Fully clear,Quite easy,Confident,"i had no strategy, i tried recalling pairs from part 1 of the expirement"
Qru4lr7xr8gaz4vsylm0dk8hhQ,unconstrained,8.0,"[[1, 7, 0], [4, 1, 7, 6]]",1.0,1.241,0,Fully conscious/deliberative,Fully clear,Quite easy,Confident,"i had no strategy, i tried recalling pairs from part 1 of the expirement"
Qru4lr7xr8gaz4vsylm0dk8hhQ,unconstrained,9.0,"[[7, 6, 5], [2, 6, 7, 1]]",1.0,2.753,0,Fully conscious/deliberative,Fully clear,Quite easy,Confident,"i had no strategy, i tried recalling pairs from part 1 of the expirement"
Qru4lr7xr8gaz4vsylm0dk8hhQ,unconstrained,10.0,"[[0, 7, 6, 5, 3], [4, 1, 7, 6]]",1.0,1.186,1,Fully conscious/deliberative,Fully clear,Quite easy,Confident,"i had no strategy, i tried recalling pairs from part 1 of the expirement"
Qru4lr7xr8gaz4vsylm0dk8hhQ,unconstrained,11.0,"[[1, 7, 0], [1, 7, 6, 5]]",0.0,1.984,1,Fully conscious/deliberative,Fully clear,Quite easy,Confident,"i had no strategy, i tried recalling pairs from part 1 of the expirement"
Qru4lr7xr8gaz4vsylm0dk8hhQ,unconstrained,12.0,"[[5, 6, 7, 1], [6, 5, 3]]",1.0,1.177,1,Fully conscious/deliberative,Fully clear,Quite easy,Confident,"i had no strategy, i tried recalling pairs from part 1 of the expirement"
Qru4lr7xr8gaz4vsylm0dk8hhQ,unconstrained,13.0,"[[3, 5, 6, 7], [5, 6, 7, 1, 4]]",1.0,1.209,0,Fully conscious/deliberative,Fully clear,Quite easy,Confident,"i had no strategy, i tried recalling pairs from part 1 of the expirement"
Qru4lr7xr8gaz4vsylm0dk8hhQ,unconstrained,14.0,"[[2, 6, 7, 0], [0, 7, 1]]",1.0,1.347,1,Fully conscious/deliberative,Fully clear,Quite easy,Confident,"i had no strategy, i tried recalling pairs from part 1 of the expirement"
Qru4lr7xr8gaz4vsylm0dk8hhQ,unconstrained,15.0,"[[1, 7, 6, 2], [1, 7, 0]]",1.0,0.886,1,Fully conscious/deliberative,Fully clear,Quite easy,Confident,"i had no strategy, i tried recalling pairs from part 1 of the expirement"
Qru4lr7xr8gaz4vsylm0dk8hhQ,unconstrained,16.0,"[[2, 6, 5, 3], [4, 1, 7, 6, 2]]",1.0,1.976,0,Fully conscious/deliberative,Fully clear,Quite easy,Confident,"i had no strategy, i tried recalling pairs from part 1 of the expirement"
Qru4lr7xr8gaz4vsylm0dk8hhQ,unconstrained,17.0,"[[0, 7, 6, 5], [1, 7, 6]]",1.0,2.25,1,Fully conscious/deliberative,Fully clear,Quite easy,Confident,"i had no strategy, i tried recalling pairs from part 1 of the expirement"
Qru4lr7xr8gaz4vsylm0dk8hhQ,unconstrained,18.0,"[[1, 7, 0], [3, 5, 6, 2]]",1.0,1.93,0,Fully conscious/deliberative,Fully clear,Quite easy,Confident,"i had no strategy, i tried recalling pairs from part 1 of the expirement"
Qru4lr7xr8gaz4vsylm0dk8hhQ,unconstrained,19.0,"[[5, 6, 7, 1, 4], [0, 7, 1, 4]]",1.0,1.417,1,Fully conscious/deliberative,Fully clear,Quite easy,Confident,"i had no strategy, i tried recalling pairs from part 1 of the expirement"
Qru4lr7xr8gaz4vsylm0dk8hhQ,unconstrained,20.0,"[[5, 6, 7, 1], [7, 1, 4]]",1.0,1.396,1,Fully conscious/deliberative,Fully clear,Quite easy,Confident,"i had no strategy, i tried recalling pairs from part 1 of the expirement"
Qru4lr7xr8gaz4vsylm0dk8hhQ,unconstrained,21.0,"[[6, 5, 3], [1, 7, 6, 2]]",0.0,2.365,1,Fully conscious/deliberative,Fully clear,Quite easy,Confident,"i had no strategy, i tried recalling pairs from part 1 of the expirement"
Qru4lr7xr8gaz4vsylm0dk8hhQ,unconstrained,22.0,"[[6, 7, 0], [5, 6, 7, 0]]",0.0,2.276,1,Fully conscious/deliberative,Fully clear,Quite easy,Confident,"i had no strategy, i tried recalling pairs from part 1 of the expirement"
Qru4lr7xr8gaz4vsylm0dk8hhQ,unconstrained,23.0,"[[4, 1, 7, 0], [1, 7, 6]]",0.0,1.096,0,Fully conscious/deliberative,Fully clear,Quite easy,Confident,"i had no strategy, i tried recalling pairs from part 1 of the expirement"
Qru4lr7xr8gaz4vsylm0dk8hhQ,unconstrained,24.0,"[[2, 6, 7, 1], [7, 1, 4]]",1.0,1.361,1,Fully conscious/deliberative,Fully clear,Quite easy,Confident,"i had no strategy, i tried recalling pairs from part 1 of the expirement"
Qru4lr7xr8gaz4vsylm0dk8hhQ,unconstrained,25.0,"[[6, 7, 1, 4], [5, 6, 7]]",1.0,1.534,1,Fully conscious/deliberative,Fully clear,Quite easy,Confident,"i had no strategy, i tried recalling pairs from part 1 of the expirement"
Qru4lr7xr8gaz4vsylm0dk8hhQ,unconstrained,26.0,"[[3, 5, 6], [0, 7, 1, 4]]",0.0,1.815,1,Fully conscious/deliberative,Fully clear,Quite easy,Confident,"i had no strategy, i tried recalling pairs from part 1 of the expirement"
Qru4lr7xr8gaz4vsylm0dk8hhQ,unconstrained,27.0,"[[7, 6, 5], [4, 1, 7, 0]]",0.0,1.572,1,Fully conscious/deliberative,Fully clear,Quite easy,Confident,"i had no strategy, i tried recalling pairs from part 1 of the expirement"
Qru4lr7xr8gaz4vsylm0dk8hhQ,unconstrained,28.0,"[[2, 6, 5], [3, 5, 6, 7]]",1.0,1.225,0,Fully conscious/deliberative,Fully clear,Quite easy,Confident,"i had no strategy, i tried recalling pairs from part 1 of the expirement"
Qru4lr7xr8gaz4vsylm0dk8hhQ,unconstrained,29.0,"[[3, 5, 6, 2], [1, 7, 6, 5, 3]]",1.0,1.234,0,Fully conscious/deliberative,Fully clear,Quite easy,Confident,"i had no strategy, i tried recalling pairs from part 1 of the expirement"
Qru4lr7xr8gaz4vsylm0dk8hhQ,unconstrained,30.0,"[[3, 5, 6, 7], [5, 6, 7, 1, 4]]",1.0,2.251,0,Fully conscious/deliberative,Fully clear,Quite easy,Confident,"i had no strategy, i tried recalling pairs from part 1 of the expirement"
Qru4lr7xr8gaz4vsylm0dk8hhQ,unconstrained,31.0,"[[1, 7, 6, 5], [1, 7, 6, 5, 3]]",0.0,1.46,1,Fully conscious/deliberative,Fully clear,Quite easy,Confident,"i had no strategy, i tried recalling pairs from part 1 of the expirement"
Qru4lr7xr8gaz4vsylm0dk8hhQ,unconstrained,32.0,"[[6, 7, 1, 4], [3, 5, 6, 7, 1]]",1.0,1.993,0,Fully conscious/deliberative,Fully clear,Quite easy,Confident,"i had no strategy, i tried recalling pairs from part 1 of the expirement"
Qru4lr7xr8gaz4vsylm0dk8hhQ,unconstrained,33.0,"[[2, 6, 7, 1], [3, 5, 6, 7, 0]]",0.0,1.976,1,Fully conscious/deliberative,Fully clear,Quite easy,Confident,"i had no strategy, i tried recalling pairs from part 1 of the expirement"
Qru4lr7xr8gaz4vsylm0dk8hhQ,unconstrained,34.0,"[[2, 6, 5, 3], [5, 6, 2]]",1.0,2.471,1,Fully conscious/deliberative,Fully clear,Quite easy,Confident,"i had no strategy, i tried recalling pairs from part 1 of the expirement"
Qru4lr7xr8gaz4vsylm0dk8hhQ,unconstrained,35.0,"[[4, 1, 7, 0], [4, 1, 7, 6, 2]]",1.0,1.297,0,Fully conscious/deliberative,Fully clear,Quite easy,Confident,"i had no strategy, i tried recalling pairs from part 1 of the expirement"
Qru4lr7xr8gaz4vsylm0dk8hhQ,unconstrained,36.0,"[[2, 6, 7, 0], [3, 5, 6]]",0.0,1.21,0,Fully conscious/deliberative,Fully clear,Quite easy,Confident,"i had no strategy, i tried recalling pairs from part 1 of the expirement"
Qru4lr7xr8gaz4vsylm0dk8hhQ,unconstrained,37.0,"[[4, 1, 7, 0], [6, 7, 0]]",0.0,1.265,0,Fully conscious/deliberative,Fully clear,Quite easy,Confident,"i had no strategy, i tried recalling pairs from part 1 of the expirement"
Qru4lr7xr8gaz4vsylm0dk8hhQ,unconstrained,38.0,"[[7, 6, 5], [5, 6, 7, 1]]",1.0,1.661,0,Fully conscious/deliberative,Fully clear,Quite easy,Confident,"i had no strategy, i tried recalling pairs from part 1 of the expirement"
Qru4lr7xr8gaz4vsylm0dk8hhQ,unconstrained,39.0,"[[3, 5, 6, 2], [0, 7, 6]]",1.0,1.023,1,Fully conscious/deliberative,Fully clear,Quite easy,Confident,"i had no strategy, i tried recalling pairs from part 1 of the expirement"
Qru4lr7xr8gaz4vsylm0dk8hhQ,unconstrained,40.0,"[[3, 5, 6, 7], [2, 6, 7]]",1.0,6.034,1,Fully conscious/deliberative,Fully clear,Quite easy,Confident,"i had no strategy, i tried recalling pairs from part 1 of the expirement"
Qru4lr7xr8gaz4vsylm0dk8hhQ,unconstrained,41.0,"[[0, 7, 6, 5], [7, 1, 4]]",0.0,5.93,0,Fully conscious/deliberative,Fully clear,Quite easy,Confident,"i had no strategy, i tried recalling pairs from part 1 of the expirement"
Qru4lr7xr8gaz4vsylm0dk8hhQ,unconstrained,42.0,"[[5, 6, 7], [2, 6, 7, 0]]",0.0,3.925,1,Fully conscious/deliberative,Fully clear,Quite easy,Confident,"i had no strategy, i tried recalling pairs from part 1 of the expirement"
Qru4lr7xr8gaz4vsylm0dk8hhQ,unconstrained,43.0,"[[0, 7, 6, 5], [7, 6, 5]]",0.0,5.288,0,Fully conscious/deliberative,Fully clear,Quite easy,Confident,"i had no strategy, i tried recalling pairs from part 1 of the expirement"
Qru4lr7xr8gaz4vsylm0dk8hhQ,unconstrained,44.0,"[[0, 7, 6, 5, 3], [2, 6, 7, 0]]",0.0,4.952,0,Fully conscious/deliberative,Fully clear,Quite easy,Confident,"i had no strategy, i tried recalling pairs from part 1 of the expirement"
Qru4lr7xr8gaz4vsylm0dk8hhQ,unconstrained,45.0,"[[2, 6, 7, 1], [0, 7, 1]]",1.0,2.875,1,Fully conscious/deliberative,Fully clear,Quite easy,Confident,"i had no strategy, i tried recalling pairs from part 1 of the expirement"
Qru4lr7xr8gaz4vsylm0dk8hhQ,unconstrained,46.0,"[[6, 7, 1, 4], [3, 5, 6]]",0.0,3.317,0,Fully conscious/deliberative,Fully clear,Quite easy,Confident,"i had no strategy, i tried recalling pairs from part 1 of the expirement"
Qru4lr7xr8gaz4vsylm0dk8hhQ,unconstrained,47.0,"[[6, 7, 1], [2, 6, 5, 3]]",0.0,2.988,1,Fully conscious/deliberative,Fully clear,Quite easy,Confident,"i had no strategy, i tried recalling pairs from part 1 of the expirement"
Qru4lr7xr8gaz4vsylm0dk8hhQ,unconstrained,48.0,"[[2, 6, 7, 1], [2, 6, 7]]",1.0,1.815,1,Fully conscious/deliberative,Fully clear,Quite easy,Confident,"i had no strategy, i tried recalling pairs from part 1 of the expirement"
Qru4lr7xr8gaz4vsylm0dk8hhQ,unconstrained,49.0,"[[2, 6, 7, 1, 4], [0, 7, 6, 5]]",1.0,2.113,1,Fully conscious/deliberative,Fully clear,Quite easy,Confident,"i had no strategy, i tried recalling pairs from part 1 of the expirement"
Qru4lr7xr8gaz4vsylm0dk8hhQ,unconstrained,50.0,"[[6, 7, 1, 4], [2, 6, 7]]",1.0,1.55,1,Fully conscious/deliberative,Fully clear,Quite easy,Confident,"i had no strategy, i tried recalling pairs from part 1 of the expirement"
Qru4lr7xr8gaz4vsylm0dk8hhQ,unconstrained,51.0,"[[7, 1, 4], [2, 6, 7, 0]]",0.0,3.366,1,Fully conscious/deliberative,Fully clear,Quite easy,Confident,"i had no strategy, i tried recalling pairs from part 1 of the expirement"
Qru4lr7xr8gaz4vsylm0dk8hhQ,unconstrained,52.0,"[[7, 6, 2], [4, 1, 7, 0]]",1.0,3.052,0,Fully conscious/deliberative,Fully clear,Quite easy,Confident,"i had no strategy, i tried recalling pairs from part 1 of the expirement"
Qru4lr7xr8gaz4vsylm0dk8hhQ,unconstrained,53.0,"[[4, 1, 7, 6, 5, 3], [4, 1, 7, 6, 2]]",1.0,4.109,1,Fully conscious/deliberative,Fully clear,Quite easy,Confident,"i had no strategy, i tried recalling pairs from part 1 of the expirement"
Qru4lr7xr8gaz4vsylm0dk8hhQ,unconstrained,54.0,"[[5, 6, 2], [5, 6, 7, 0]]",0.0,3.941,1,Fully conscious/deliberative,Fully clear,Quite easy,Confident,"i had no strategy, i tried recalling pairs from part 1 of the expirement"
Qru4lr7xr8gaz4vsylm0dk8hhQ,unconstrained,55.0,"[[2, 6, 5], [1, 7, 6, 2]]",1.0,5.741,0,Fully conscious/deliberative,Fully clear,Quite easy,Confident,"i had no strategy, i tried recalling pairs from part 1 of the expirement"
Qru4lr7xr8gaz4vsylm0dk8hhQ,unconstrained,56.0,"[[7, 6, 2], [6, 7, 1, 4]]",0.0,5.102,1,Fully conscious/deliberative,Fully clear,Quite easy,Confident,"i had no strategy, i tried recalling pairs from part 1 of the expirement"
Qru4lr7xr8gaz4vsylm0dk8hhQ,unconstrained,57.0,"[[3, 5, 6, 2], [7, 6, 5]]",0.0,4.207,0,Fully conscious/deliberative,Fully clear,Quite easy,Confident,"i had no strategy, i tried recalling pairs from part 1 of the expirement"
Qru4lr7xr8gaz4vsylm0dk8hhQ,unconstrained,58.0,"[[4, 1, 7, 6], [4, 1, 7, 6, 5]]",0.0,4.505,1,Fully conscious/deliberative,Fully clear,Quite easy,Confident,"i had no strategy, i tried recalling pairs from part 1 of the expirement"
Qru4lr7xr8gaz4vsylm0dk8hhQ,unconstrained,59.0,"[[2, 6, 5], [1, 7, 6, 5]]",0.0,3.124,1,Fully conscious/deliberative,Fully clear,Quite easy,Confident,"i had no strategy, i tried recalling pairs from part 1 of the expirement"
Qru4lr7xr8gaz4vsylm0dk8hhQ,unconstrained,60.0,"[[5, 6, 7, 1], [4, 1, 7]]",1.0,2.123,1,Fully conscious/deliberative,Fully clear,Quite easy,Confident,"i had no strategy, i tried recalling pairs from part 1 of the expirement"
Qru4lr7xr8gaz4vsylm0dk8hhQ,unconstrained,61.0,"[[3, 5, 6], [4, 1, 7, 6]]",0.0,2.153,1,Fully conscious/deliberative,Fully clear,Quite easy,Confident,"i had no strategy, i tried recalling pairs from part 1 of the expirement"
Qru4lr7xr8gaz4vsylm0dk8hhQ,unconstrained,62.0,"[[5, 6, 7, 0], [0, 7, 1]]",1.0,1.533,1,Fully conscious/deliberative,Fully clear,Quite easy,Confident,"i had no strategy, i tried recalling pairs from part 1 of the expirement"
Qru4lr7xr8gaz4vsylm0dk8hhQ,unconstrained,63.0,"[[2, 6, 7], [0, 7, 1, 4]]",0.0,2.736,1,Fully conscious/deliberative,Fully clear,Quite easy,Confident,"i had no strategy, i tried recalling pairs from part 1 of the expirement"
Qru4lr7xr8gaz4vsylm0dk8hhQ,unconstrained,64.0,"[[2, 6, 7, 1], [3, 5, 6, 7, 1]]",1.0,1.016,0,Fully conscious/deliberative,Fully clear,Quite easy,Confident,"i had no strategy, i tried recalling pairs from part 1 of the expirement"
Qs02fhw8dgv642793ibwjqmtrQ,unconstrained,0.0,"[[5, 6, 7, 1], [1, 7, 0]]",0.0,9.779,0,Fully conscious/deliberative,Somewhat unclear,Quite hard,Confident,I looked at which pairs would require less travel time
Qs02fhw8dgv642793ibwjqmtrQ,unconstrained,1.0,"[[7, 6, 5, 3], [2, 6, 7, 1, 4]]",0.0,5.586,1,Fully conscious/deliberative,Somewhat unclear,Quite hard,Confident,I looked at which pairs would require less travel time
Qs02fhw8dgv642793ibwjqmtrQ,unconstrained,2.0,"[[0, 7, 1, 4], [7, 6, 5]]",0.0,1.431,0,Fully conscious/deliberative,Somewhat unclear,Quite hard,Confident,I looked at which pairs would require less travel time
Qs02fhw8dgv642793ibwjqmtrQ,unconstrained,3.0,"[[2, 6, 7, 1], [1, 7, 0]]",0.0,0.852,0,Fully conscious/deliberative,Somewhat unclear,Quite hard,Confident,I looked at which pairs would require less travel time
Qs02fhw8dgv642793ibwjqmtrQ,unconstrained,4.0,"[[0, 7, 6, 5, 3], [4, 1, 7, 6]]",1.0,1.011,1,Fully conscious/deliberative,Somewhat unclear,Quite hard,Confident,I looked at which pairs would require less travel time
Qs02fhw8dgv642793ibwjqmtrQ,unconstrained,5.0,"[[1, 7, 6, 2], [0, 7, 6, 5, 3]]",0.0,0.808,1,Fully conscious/deliberative,Somewhat unclear,Quite hard,Confident,I looked at which pairs would require less travel time
Qs02fhw8dgv642793ibwjqmtrQ,unconstrained,6.0,"[[7, 6, 2], [4, 1, 7, 6]]",1.0,0.816,0,Fully conscious/deliberative,Somewhat unclear,Quite hard,Confident,I looked at which pairs would require less travel time
Qs02fhw8dgv642793ibwjqmtrQ,unconstrained,7.0,"[[0, 7, 6, 2], [1, 7, 0]]",0.0,1.776,0,Fully conscious/deliberative,Somewhat unclear,Quite hard,Confident,I looked at which pairs would require less travel time
Qs02fhw8dgv642793ibwjqmtrQ,unconstrained,8.0,"[[2, 6, 7], [4, 1, 7, 0]]",0.0,1.935,1,Fully conscious/deliberative,Somewhat unclear,Quite hard,Confident,I looked at which pairs would require less travel time
Qs02fhw8dgv642793ibwjqmtrQ,unconstrained,9.0,"[[7, 6, 5, 3], [2, 6, 5]]",0.0,1.605,0,Fully conscious/deliberative,Somewhat unclear,Quite hard,Confident,I looked at which pairs would require less travel time
Qs02fhw8dgv642793ibwjqmtrQ,unconstrained,10.0,"[[5, 6, 7, 1], [7, 6, 2]]",0.0,0.535,0,Fully conscious/deliberative,Somewhat unclear,Quite hard,Confident,I looked at which pairs would require less travel time
Qs02fhw8dgv642793ibwjqmtrQ,unconstrained,11.0,"[[2, 6, 5], [4, 1, 7, 6]]",0.0,0.676,1,Fully conscious/deliberative,Somewhat unclear,Quite hard,Confident,I looked at which pairs would require less travel time
Qs02fhw8dgv642793ibwjqmtrQ,unconstrained,12.0,"[[4, 1, 7, 6, 2], [0, 7, 1, 4]]",0.0,2.082,0,Fully conscious/deliberative,Somewhat unclear,Quite hard,Confident,I looked at which pairs would require less travel time
Qs02fhw8dgv642793ibwjqmtrQ,unconstrained,13.0,"[[0, 7, 6, 5, 3], [2, 6, 7, 0]]",1.0,0.592,1,Fully conscious/deliberative,Somewhat unclear,Quite hard,Confident,I looked at which pairs would require less travel time
Qs02fhw8dgv642793ibwjqmtrQ,unconstrained,14.0,"[[0, 7, 1], [1, 7, 6, 2]]",1.0,1.279,0,Fully conscious/deliberative,Somewhat unclear,Quite hard,Confident,I looked at which pairs would require less travel time
Qs02fhw8dgv642793ibwjqmtrQ,unconstrained,15.0,"[[7, 1, 4], [5, 6, 7, 1]]",0.0,0.628,1,Fully conscious/deliberative,Somewhat unclear,Quite hard,Confident,I looked at which pairs would require less travel time
Qs02fhw8dgv642793ibwjqmtrQ,unconstrained,16.0,"[[1, 7, 6, 5], [7, 1, 4]]",0.0,1.109,0,Fully conscious/deliberative,Somewhat unclear,Quite hard,Confident,I looked at which pairs would require less travel time
Qs02fhw8dgv642793ibwjqmtrQ,unconstrained,17.0,"[[6, 5, 3], [2, 6, 7, 0]]",0.0,0.599,1,Fully conscious/deliberative,Somewhat unclear,Quite hard,Confident,I looked at which pairs would require less travel time
Qs02fhw8dgv642793ibwjqmtrQ,unconstrained,18.0,"[[4, 1, 7, 6], [3, 5, 6, 7, 1]]",0.0,0.597,1,Fully conscious/deliberative,Somewhat unclear,Quite hard,Confident,I looked at which pairs would require less travel time
Qs02fhw8dgv642793ibwjqmtrQ,unconstrained,19.0,"[[0, 7, 1, 4], [7, 6, 2]]",0.0,0.705,0,Fully conscious/deliberative,Somewhat unclear,Quite hard,Confident,I looked at which pairs would require less travel time
Qs02fhw8dgv642793ibwjqmtrQ,unconstrained,20.0,"[[2, 6, 7, 1], [4, 1, 7]]",1.0,0.478,1,Fully conscious/deliberative,Somewhat unclear,Quite hard,Confident,I looked at which pairs would require less travel time
Qs02fhw8dgv642793ibwjqmtrQ,unconstrained,21.0,"[[5, 6, 7, 0], [5, 6, 2]]",0.0,0.389,0,Fully conscious/deliberative,Somewhat unclear,Quite hard,Confident,I looked at which pairs would require less travel time
Qs02fhw8dgv642793ibwjqmtrQ,unconstrained,22.0,"[[1, 7, 0], [6, 7, 1, 4]]",1.0,0.77,0,Fully conscious/deliberative,Somewhat unclear,Quite hard,Confident,I looked at which pairs would require less travel time
Qs02fhw8dgv642793ibwjqmtrQ,unconstrained,23.0,"[[5, 6, 7, 1, 4], [4, 1, 7, 6]]",1.0,1.095,1,Fully conscious/deliberative,Somewhat unclear,Quite hard,Confident,I looked at which pairs would require less travel time
Qs02fhw8dgv642793ibwjqmtrQ,unconstrained,24.0,"[[2, 6, 5], [1, 7, 6, 5]]",1.0,0.553,0,Fully conscious/deliberative,Somewhat unclear,Quite hard,Confident,I looked at which pairs would require less travel time
Qs02fhw8dgv642793ibwjqmtrQ,unconstrained,25.0,"[[5, 6, 2], [4, 1, 7, 0]]",1.0,0.821,0,Fully conscious/deliberative,Somewhat unclear,Quite hard,Confident,I looked at which pairs would require less travel time
Qs02fhw8dgv642793ibwjqmtrQ,unconstrained,26.0,"[[0, 7, 1, 4], [4, 1, 7, 6, 5]]",0.0,0.495,1,Fully conscious/deliberative,Somewhat unclear,Quite hard,Confident,I looked at which pairs would require less travel time
Qs02fhw8dgv642793ibwjqmtrQ,unconstrained,27.0,"[[1, 7, 6], [0, 7, 1, 4]]",0.0,0.854,1,Fully conscious/deliberative,Somewhat unclear,Quite hard,Confident,I looked at which pairs would require less travel time
Qs02fhw8dgv642793ibwjqmtrQ,unconstrained,28.0,"[[6, 5, 3], [5, 6, 7, 1]]",0.0,1.812,1,Fully conscious/deliberative,Somewhat unclear,Quite hard,Confident,I looked at which pairs would require less travel time
Qs02fhw8dgv642793ibwjqmtrQ,unconstrained,29.0,"[[3, 5, 6, 2], [2, 6, 7, 1, 4]]",0.0,0.674,1,Fully conscious/deliberative,Somewhat unclear,Quite hard,Confident,I looked at which pairs would require less travel time
Qs02fhw8dgv642793ibwjqmtrQ,unconstrained,30.0,"[[3, 5, 6, 2], [1, 7, 0]]",1.0,1.176,1,Fully conscious/deliberative,Somewhat unclear,Quite hard,Confident,I looked at which pairs would require less travel time
Qs02fhw8dgv642793ibwjqmtrQ,unconstrained,31.0,"[[3, 5, 6, 7, 1], [1, 7, 6, 5]]",0.0,0.53,0,Fully conscious/deliberative,Somewhat unclear,Quite hard,Confident,I looked at which pairs would require less travel time
Qs02fhw8dgv642793ibwjqmtrQ,unconstrained,32.0,"[[6, 7, 0], [5, 6, 7, 0]]",1.0,0.381,0,Fully conscious/deliberative,Somewhat unclear,Quite hard,Confident,I looked at which pairs would require less travel time
Qs02fhw8dgv642793ibwjqmtrQ,unconstrained,33.0,"[[5, 6, 7, 1], [7, 6, 5]]",0.0,0.375,0,Fully conscious/deliberative,Somewhat unclear,Quite hard,Confident,I looked at which pairs would require less travel time
Qs02fhw8dgv642793ibwjqmtrQ,unconstrained,34.0,"[[7, 6, 2], [1, 7, 6, 2]]",1.0,0.38,0,Fully conscious/deliberative,Somewhat unclear,Quite hard,Confident,I looked at which pairs would require less travel time
Qs02fhw8dgv642793ibwjqmtrQ,unconstrained,35.0,"[[4, 1, 7], [3, 5, 6, 2]]",1.0,0.42,0,Fully conscious/deliberative,Somewhat unclear,Quite hard,Confident,I looked at which pairs would require less travel time
Qs02fhw8dgv642793ibwjqmtrQ,unconstrained,36.0,"[[7, 6, 5], [5, 6, 7, 0]]",1.0,0.411,0,Fully conscious/deliberative,Somewhat unclear,Quite hard,Confident,I looked at which pairs would require less travel time
Qs02fhw8dgv642793ibwjqmtrQ,unconstrained,37.0,"[[3, 5, 6, 2], [7, 6, 5]]",0.0,0.38,0,Fully conscious/deliberative,Somewhat unclear,Quite hard,Confident,I looked at which pairs would require less travel time
Qs02fhw8dgv642793ibwjqmtrQ,unconstrained,38.0,"[[2, 6, 7, 1], [5, 6, 7]]",0.0,0.434,0,Fully conscious/deliberative,Somewhat unclear,Quite hard,Confident,I looked at which pairs would require less travel time
Qs02fhw8dgv642793ibwjqmtrQ,unconstrained,39.0,"[[2, 6, 7, 1], [1, 7, 6, 5, 3]]",1.0,0.397,0,Fully conscious/deliberative,Somewhat unclear,Quite hard,Confident,I looked at which pairs would require less travel time
Qs02fhw8dgv642793ibwjqmtrQ,unconstrained,40.0,"[[4, 1, 7], [2, 6, 7, 1]]",1.0,0.357,0,Fully conscious/deliberative,Somewhat unclear,Quite hard,Confident,I looked at which pairs would require less travel time
Qs02fhw8dgv642793ibwjqmtrQ,unconstrained,41.0,"[[7, 6, 2], [6, 7, 1, 4]]",1.0,0.373,0,Fully conscious/deliberative,Somewhat unclear,Quite hard,Confident,I looked at which pairs would require less travel time
Qs02fhw8dgv642793ibwjqmtrQ,unconstrained,42.0,"[[2, 6, 7], [7, 6, 5, 3]]",1.0,0.3,0,Fully conscious/deliberative,Somewhat unclear,Quite hard,Confident,I looked at which pairs would require less travel time
Qs02fhw8dgv642793ibwjqmtrQ,unconstrained,43.0,"[[6, 7, 1], [0, 7, 6, 5]]",1.0,0.26,0,Fully conscious/deliberative,Somewhat unclear,Quite hard,Confident,I looked at which pairs would require less travel time
Qs02fhw8dgv642793ibwjqmtrQ,unconstrained,44.0,"[[2, 6, 7, 1, 4], [5, 6, 7, 0]]",0.0,0.246,0,Fully conscious/deliberative,Somewhat unclear,Quite hard,Confident,I looked at which pairs would require less travel time
Qs02fhw8dgv642793ibwjqmtrQ,unconstrained,45.0,"[[5, 6, 7, 1], [6, 7, 1]]",0.0,0.255,0,Fully conscious/deliberative,Somewhat unclear,Quite hard,Confident,I looked at which pairs would require less travel time
Qs02fhw8dgv642793ibwjqmtrQ,unconstrained,46.0,"[[2, 6, 7, 1], [5, 6, 2]]",0.0,0.23,0,Fully conscious/deliberative,Somewhat unclear,Quite hard,Confident,I looked at which pairs would require less travel time
Qs02fhw8dgv642793ibwjqmtrQ,unconstrained,47.0,"[[3, 5, 6], [4, 1, 7, 0]]",1.0,0.223,0,Fully conscious/deliberative,Somewhat unclear,Quite hard,Confident,I looked at which pairs would require less travel time
Qs02fhw8dgv642793ibwjqmtrQ,unconstrained,48.0,"[[6, 7, 1], [2, 6, 5, 3]]",1.0,0.238,0,Fully conscious/deliberative,Somewhat unclear,Quite hard,Confident,I looked at which pairs would require less travel time
Qs02fhw8dgv642793ibwjqmtrQ,unconstrained,49.0,"[[2, 6, 5], [2, 6, 5, 3]]",1.0,0.232,0,Fully conscious/deliberative,Somewhat unclear,Quite hard,Confident,I looked at which pairs would require less travel time
Qs02fhw8dgv642793ibwjqmtrQ,unconstrained,50.0,"[[1, 7, 0], [0, 7, 6, 5]]",1.0,0.223,0,Fully conscious/deliberative,Somewhat unclear,Quite hard,Confident,I looked at which pairs would require less travel time
Qs02fhw8dgv642793ibwjqmtrQ,unconstrained,51.0,"[[7, 6, 5], [4, 1, 7, 6]]",1.0,0.231,0,Fully conscious/deliberative,Somewhat unclear,Quite hard,Confident,I looked at which pairs would require less travel time
Qs02fhw8dgv642793ibwjqmtrQ,unconstrained,52.0,"[[1, 7, 6, 5, 3], [2, 6, 5, 3]]",0.0,0.216,0,Fully conscious/deliberative,Somewhat unclear,Quite hard,Confident,I looked at which pairs would require less travel time
Qs02fhw8dgv642793ibwjqmtrQ,unconstrained,53.0,"[[5, 6, 7, 0], [4, 1, 7]]",0.0,0.224,0,Fully conscious/deliberative,Somewhat unclear,Quite hard,Confident,I looked at which pairs would require less travel time
Qs02fhw8dgv642793ibwjqmtrQ,unconstrained,54.0,"[[1, 7, 6, 2], [3, 5, 6]]",0.0,0.2,0,Fully conscious/deliberative,Somewhat unclear,Quite hard,Confident,I looked at which pairs would require less travel time
Qs02fhw8dgv642793ibwjqmtrQ,unconstrained,55.0,"[[0, 7, 6], [3, 5, 6, 2]]",1.0,0.231,0,Fully conscious/deliberative,Somewhat unclear,Quite hard,Confident,I looked at which pairs would require less travel time
Qs02fhw8dgv642793ibwjqmtrQ,unconstrained,56.0,"[[4, 1, 7, 6, 5], [7, 6, 5, 3]]",0.0,0.434,0,Fully conscious/deliberative,Somewhat unclear,Quite hard,Confident,I looked at which pairs would require less travel time
Qs02fhw8dgv642793ibwjqmtrQ,unconstrained,57.0,"[[4, 1, 7, 6, 5, 3], [4, 1, 7, 6, 2]]",0.0,0.419,0,Fully conscious/deliberative,Somewhat unclear,Quite hard,Confident,I looked at which pairs would require less travel time
Qs02fhw8dgv642793ibwjqmtrQ,unconstrained,58.0,"[[6, 7, 0], [4, 1, 7, 0]]",1.0,0.261,0,Fully conscious/deliberative,Somewhat unclear,Quite hard,Confident,I looked at which pairs would require less travel time
Qs02fhw8dgv642793ibwjqmtrQ,unconstrained,59.0,"[[2, 6, 7, 0], [4, 1, 7]]",0.0,0.194,0,Fully conscious/deliberative,Somewhat unclear,Quite hard,Confident,I looked at which pairs would require less travel time
Qs02fhw8dgv642793ibwjqmtrQ,unconstrained,60.0,"[[7, 6, 5, 3], [5, 6, 7, 1, 4]]",1.0,0.284,0,Fully conscious/deliberative,Somewhat unclear,Quite hard,Confident,I looked at which pairs would require less travel time
Qs02fhw8dgv642793ibwjqmtrQ,unconstrained,61.0,"[[4, 1, 7, 6], [3, 5, 6]]",0.0,0.428,0,Fully conscious/deliberative,Somewhat unclear,Quite hard,Confident,I looked at which pairs would require less travel time
Qs02fhw8dgv642793ibwjqmtrQ,unconstrained,62.0,"[[0, 7, 6, 2], [7, 6, 5]]",0.0,0.679,0,Fully conscious/deliberative,Somewhat unclear,Quite hard,Confident,I looked at which pairs would require less travel time
Qs02fhw8dgv642793ibwjqmtrQ,unconstrained,63.0,"[[6, 5, 3], [6, 7, 1, 4]]",1.0,0.689,0,Fully conscious/deliberative,Somewhat unclear,Quite hard,Confident,I looked at which pairs would require less travel time
Qs02fhw8dgv642793ibwjqmtrQ,unconstrained,64.0,"[[6, 7, 1], [1, 7, 6, 2]]",1.0,0.591,0,Fully conscious/deliberative,Somewhat unclear,Quite hard,Confident,I looked at which pairs would require less travel time
Qs36aynkj9zzh305niymthttmQ,unconstrained,0.0,"[[4, 1, 7, 6], [1, 7, 0]]",0.0,3.751,0,Fairly conscious/deliberative,Somewhat clear,Quite hard,Rather unconfident,"I just tried to remember the paths, the matches and the distance between the flowers shown. "
Qs36aynkj9zzh305niymthttmQ,unconstrained,1.0,"[[7, 6, 5, 3], [4, 1, 7, 6, 5]]",0.0,4.208,1,Fairly conscious/deliberative,Somewhat clear,Quite hard,Rather unconfident,"I just tried to remember the paths, the matches and the distance between the flowers shown. "
Qs36aynkj9zzh305niymthttmQ,unconstrained,2.0,"[[7, 6, 5, 3], [2, 6, 7]]",1.0,1.587,1,Fairly conscious/deliberative,Somewhat clear,Quite hard,Rather unconfident,"I just tried to remember the paths, the matches and the distance between the flowers shown. "
Qs36aynkj9zzh305niymthttmQ,unconstrained,3.0,"[[3, 5, 6, 2], [6, 7, 0]]",1.0,1.506,1,Fairly conscious/deliberative,Somewhat clear,Quite hard,Rather unconfident,"I just tried to remember the paths, the matches and the distance between the flowers shown. "
Qs36aynkj9zzh305niymthttmQ,unconstrained,4.0,"[[4, 1, 7, 6], [5, 6, 7]]",1.0,3.291,1,Fairly conscious/deliberative,Somewhat clear,Quite hard,Rather unconfident,"I just tried to remember the paths, the matches and the distance between the flowers shown. "
Qs36aynkj9zzh305niymthttmQ,unconstrained,5.0,"[[0, 7, 6, 5, 3], [1, 7, 6, 2]]",0.0,2.2,0,Fairly conscious/deliberative,Somewhat clear,Quite hard,Rather unconfident,"I just tried to remember the paths, the matches and the distance between the flowers shown. "
Qs36aynkj9zzh305niymthttmQ,unconstrained,6.0,"[[2, 6, 7, 1], [7, 1, 4]]",1.0,2.021,1,Fairly conscious/deliberative,Somewhat clear,Quite hard,Rather unconfident,"I just tried to remember the paths, the matches and the distance between the flowers shown. "
Qs36aynkj9zzh305niymthttmQ,unconstrained,7.0,"[[0, 7, 1, 4], [5, 6, 7, 1, 4]]",1.0,1.791,0,Fairly conscious/deliberative,Somewhat clear,Quite hard,Rather unconfident,"I just tried to remember the paths, the matches and the distance between the flowers shown. "
Qs36aynkj9zzh305niymthttmQ,unconstrained,8.0,"[[1, 7, 6], [4, 1, 7, 0]]",0.0,1.414,1,Fairly conscious/deliberative,Somewhat clear,Quite hard,Rather unconfident,"I just tried to remember the paths, the matches and the distance between the flowers shown. "
Qs36aynkj9zzh305niymthttmQ,unconstrained,9.0,"[[7, 1, 4], [1, 7, 6, 5]]",0.0,1.76,1,Fairly conscious/deliberative,Somewhat clear,Quite hard,Rather unconfident,"I just tried to remember the paths, the matches and the distance between the flowers shown. "
Qs36aynkj9zzh305niymthttmQ,unconstrained,10.0,"[[2, 6, 7, 0], [0, 7, 6, 5, 3]]",0.0,2.85,1,Fairly conscious/deliberative,Somewhat clear,Quite hard,Rather unconfident,"I just tried to remember the paths, the matches and the distance between the flowers shown. "
Qs36aynkj9zzh305niymthttmQ,unconstrained,11.0,"[[4, 1, 7, 0], [5, 6, 7]]",1.0,2.879,1,Fairly conscious/deliberative,Somewhat clear,Quite hard,Rather unconfident,"I just tried to remember the paths, the matches and the distance between the flowers shown. "
Qs36aynkj9zzh305niymthttmQ,unconstrained,12.0,"[[6, 5, 3], [2, 6, 7, 0]]",0.0,2.259,1,Fairly conscious/deliberative,Somewhat clear,Quite hard,Rather unconfident,"I just tried to remember the paths, the matches and the distance between the flowers shown. "
Qs36aynkj9zzh305niymthttmQ,unconstrained,13.0,"[[7, 6, 5, 3], [5, 6, 7, 1, 4]]",1.0,3.93,0,Fairly conscious/deliberative,Somewhat clear,Quite hard,Rather unconfident,"I just tried to remember the paths, the matches and the distance between the flowers shown. "
Qs36aynkj9zzh305niymthttmQ,unconstrained,14.0,"[[5, 6, 7, 0], [6, 7, 0]]",0.0,2.125,0,Fairly conscious/deliberative,Somewhat clear,Quite hard,Rather unconfident,"I just tried to remember the paths, the matches and the distance between the flowers shown. "
Qs36aynkj9zzh305niymthttmQ,unconstrained,15.0,"[[0, 7, 1, 4], [2, 6, 7]]",0.0,2.125,0,Fairly conscious/deliberative,Somewhat clear,Quite hard,Rather unconfident,"I just tried to remember the paths, the matches and the distance between the flowers shown. "
Qs36aynkj9zzh305niymthttmQ,unconstrained,16.0,"[[4, 1, 7], [2, 6, 7, 1]]",1.0,1.869,0,Fairly conscious/deliberative,Somewhat clear,Quite hard,Rather unconfident,"I just tried to remember the paths, the matches and the distance between the flowers shown. "
Qs36aynkj9zzh305niymthttmQ,unconstrained,17.0,"[[0, 7, 6, 5], [0, 7, 1]]",0.0,1.393,0,Fairly conscious/deliberative,Somewhat clear,Quite hard,Rather unconfident,"I just tried to remember the paths, the matches and the distance between the flowers shown. "
Qs36aynkj9zzh305niymthttmQ,unconstrained,18.0,"[[1, 7, 6, 5], [7, 6, 5]]",0.0,1.604,0,Fairly conscious/deliberative,Somewhat clear,Quite hard,Rather unconfident,"I just tried to remember the paths, the matches and the distance between the flowers shown. "
Qs36aynkj9zzh305niymthttmQ,unconstrained,19.0,"[[7, 6, 2], [2, 6, 7, 1]]",1.0,3.748,0,Fairly conscious/deliberative,Somewhat clear,Quite hard,Rather unconfident,"I just tried to remember the paths, the matches and the distance between the flowers shown. "
Qs36aynkj9zzh305niymthttmQ,unconstrained,20.0,"[[5, 6, 2], [5, 6, 7, 1]]",0.0,1.714,1,Fairly conscious/deliberative,Somewhat clear,Quite hard,Rather unconfident,"I just tried to remember the paths, the matches and the distance between the flowers shown. "
Qs36aynkj9zzh305niymthttmQ,unconstrained,21.0,"[[0, 7, 1], [2, 6, 7, 0]]",1.0,2.044,0,Fairly conscious/deliberative,Somewhat clear,Quite hard,Rather unconfident,"I just tried to remember the paths, the matches and the distance between the flowers shown. "
Qs36aynkj9zzh305niymthttmQ,unconstrained,22.0,"[[0, 7, 1], [2, 6, 7, 1]]",1.0,3.334,0,Fairly conscious/deliberative,Somewhat clear,Quite hard,Rather unconfident,"I just tried to remember the paths, the matches and the distance between the flowers shown. "
Qs36aynkj9zzh305niymthttmQ,unconstrained,23.0,"[[1, 7, 6, 5, 3], [5, 6, 7, 1]]",1.0,2.288,1,Fairly conscious/deliberative,Somewhat clear,Quite hard,Rather unconfident,"I just tried to remember the paths, the matches and the distance between the flowers shown. "
Qs36aynkj9zzh305niymthttmQ,unconstrained,24.0,"[[4, 1, 7], [3, 5, 6, 2]]",1.0,4.885,0,Fairly conscious/deliberative,Somewhat clear,Quite hard,Rather unconfident,"I just tried to remember the paths, the matches and the distance between the flowers shown. "
Qs36aynkj9zzh305niymthttmQ,unconstrained,25.0,"[[3, 5, 6, 7, 0], [6, 7, 1, 4]]",1.0,1.752,1,Fairly conscious/deliberative,Somewhat clear,Quite hard,Rather unconfident,"I just tried to remember the paths, the matches and the distance between the flowers shown. "
Qs36aynkj9zzh305niymthttmQ,unconstrained,26.0,"[[2, 6, 7, 0], [4, 1, 7]]",1.0,1.369,1,Fairly conscious/deliberative,Somewhat clear,Quite hard,Rather unconfident,"I just tried to remember the paths, the matches and the distance between the flowers shown. "
Qs36aynkj9zzh305niymthttmQ,unconstrained,27.0,"[[2, 6, 7, 1], [0, 7, 1]]",1.0,1.84,1,Fairly conscious/deliberative,Somewhat clear,Quite hard,Rather unconfident,"I just tried to remember the paths, the matches and the distance between the flowers shown. "
Qs36aynkj9zzh305niymthttmQ,unconstrained,28.0,"[[2, 6, 5], [2, 6, 5, 3]]",1.0,1.968,0,Fairly conscious/deliberative,Somewhat clear,Quite hard,Rather unconfident,"I just tried to remember the paths, the matches and the distance between the flowers shown. "
Qs36aynkj9zzh305niymthttmQ,unconstrained,29.0,"[[2, 6, 7, 1, 4], [4, 1, 7, 6, 5, 3]]",0.0,2.686,1,Fairly conscious/deliberative,Somewhat clear,Quite hard,Rather unconfident,"I just tried to remember the paths, the matches and the distance between the flowers shown. "
Qs36aynkj9zzh305niymthttmQ,unconstrained,30.0,"[[5, 6, 2], [0, 7, 1, 4]]",0.0,2.875,1,Fairly conscious/deliberative,Somewhat clear,Quite hard,Rather unconfident,"I just tried to remember the paths, the matches and the distance between the flowers shown. "
Qs36aynkj9zzh305niymthttmQ,unconstrained,31.0,"[[0, 7, 6, 5], [4, 1, 7]]",1.0,4.723,1,Fairly conscious/deliberative,Somewhat clear,Quite hard,Rather unconfident,"I just tried to remember the paths, the matches and the distance between the flowers shown. "
Qs36aynkj9zzh305niymthttmQ,unconstrained,32.0,"[[2, 6, 7, 1, 4], [5, 6, 7, 0]]",1.0,1.652,1,Fairly conscious/deliberative,Somewhat clear,Quite hard,Rather unconfident,"I just tried to remember the paths, the matches and the distance between the flowers shown. "
Qs36aynkj9zzh305niymthttmQ,unconstrained,33.0,"[[0, 7, 6, 2], [5, 6, 7]]",1.0,3.19,1,Fairly conscious/deliberative,Somewhat clear,Quite hard,Rather unconfident,"I just tried to remember the paths, the matches and the distance between the flowers shown. "
Qs36aynkj9zzh305niymthttmQ,unconstrained,34.0,"[[0, 7, 6, 5], [1, 7, 6]]",1.0,2.709,1,Fairly conscious/deliberative,Somewhat clear,Quite hard,Rather unconfident,"I just tried to remember the paths, the matches and the distance between the flowers shown. "
Qs36aynkj9zzh305niymthttmQ,unconstrained,35.0,"[[5, 6, 7, 1], [0, 7, 1]]",0.0,2.071,0,Fairly conscious/deliberative,Somewhat clear,Quite hard,Rather unconfident,"I just tried to remember the paths, the matches and the distance between the flowers shown. "
Qs36aynkj9zzh305niymthttmQ,unconstrained,36.0,"[[7, 6, 2], [1, 7, 6, 5]]",0.0,2.038,1,Fairly conscious/deliberative,Somewhat clear,Quite hard,Rather unconfident,"I just tried to remember the paths, the matches and the distance between the flowers shown. "
Qs36aynkj9zzh305niymthttmQ,unconstrained,37.0,"[[5, 6, 7, 1], [7, 1, 4]]",1.0,2.322,1,Fairly conscious/deliberative,Somewhat clear,Quite hard,Rather unconfident,"I just tried to remember the paths, the matches and the distance between the flowers shown. "
Qs36aynkj9zzh305niymthttmQ,unconstrained,38.0,"[[2, 6, 5], [6, 7, 1, 4]]",1.0,2.67,0,Fairly conscious/deliberative,Somewhat clear,Quite hard,Rather unconfident,"I just tried to remember the paths, the matches and the distance between the flowers shown. "
Qs36aynkj9zzh305niymthttmQ,unconstrained,39.0,"[[5, 6, 7, 1], [3, 5, 6]]",0.0,1.71,0,Fairly conscious/deliberative,Somewhat clear,Quite hard,Rather unconfident,"I just tried to remember the paths, the matches and the distance between the flowers shown. "
Qs36aynkj9zzh305niymthttmQ,unconstrained,40.0,"[[3, 5, 6, 7, 1], [2, 6, 5, 3]]",1.0,3.883,1,Fairly conscious/deliberative,Somewhat clear,Quite hard,Rather unconfident,"I just tried to remember the paths, the matches and the distance between the flowers shown. "
Qs36aynkj9zzh305niymthttmQ,unconstrained,41.0,"[[1, 7, 6, 2], [7, 6, 5]]",1.0,1.733,1,Fairly conscious/deliberative,Somewhat clear,Quite hard,Rather unconfident,"I just tried to remember the paths, the matches and the distance between the flowers shown. "
Qs36aynkj9zzh305niymthttmQ,unconstrained,42.0,"[[1, 7, 6, 2], [6, 7, 1]]",0.0,1.62,0,Fairly conscious/deliberative,Somewhat clear,Quite hard,Rather unconfident,"I just tried to remember the paths, the matches and the distance between the flowers shown. "
Qs36aynkj9zzh305niymthttmQ,unconstrained,43.0,"[[4, 1, 7, 0], [6, 7, 0]]",1.0,4.612,1,Fairly conscious/deliberative,Somewhat clear,Quite hard,Rather unconfident,"I just tried to remember the paths, the matches and the distance between the flowers shown. "
Qs36aynkj9zzh305niymthttmQ,unconstrained,44.0,"[[0, 7, 6, 5], [5, 6, 7]]",1.0,2.352,1,Fairly conscious/deliberative,Somewhat clear,Quite hard,Rather unconfident,"I just tried to remember the paths, the matches and the distance between the flowers shown. "
Qs36aynkj9zzh305niymthttmQ,unconstrained,45.0,"[[1, 7, 6, 2], [3, 5, 6]]",0.0,3.599,0,Fairly conscious/deliberative,Somewhat clear,Quite hard,Rather unconfident,"I just tried to remember the paths, the matches and the distance between the flowers shown. "
Qs36aynkj9zzh305niymthttmQ,unconstrained,46.0,"[[2, 6, 7, 1, 4], [2, 6, 5, 3]]",1.0,2.91,1,Fairly conscious/deliberative,Somewhat clear,Quite hard,Rather unconfident,"I just tried to remember the paths, the matches and the distance between the flowers shown. "
Qs36aynkj9zzh305niymthttmQ,unconstrained,47.0,"[[7, 6, 2], [4, 1, 7, 0]]",0.0,1.859,1,Fairly conscious/deliberative,Somewhat clear,Quite hard,Rather unconfident,"I just tried to remember the paths, the matches and the distance between the flowers shown. "
Qs36aynkj9zzh305niymthttmQ,unconstrained,48.0,"[[7, 6, 5, 3], [2, 6, 5]]",1.0,1.868,1,Fairly conscious/deliberative,Somewhat clear,Quite hard,Rather unconfident,"I just tried to remember the paths, the matches and the distance between the flowers shown. "
Qs36aynkj9zzh305niymthttmQ,unconstrained,49.0,"[[6, 7, 1, 4], [6, 5, 3]]",0.0,1.602,0,Fairly conscious/deliberative,Somewhat clear,Quite hard,Rather unconfident,"I just tried to remember the paths, the matches and the distance between the flowers shown. "
Qs36aynkj9zzh305niymthttmQ,unconstrained,50.0,"[[3, 5, 6, 7, 1], [4, 1, 7, 6]]",1.0,2.012,1,Fairly conscious/deliberative,Somewhat clear,Quite hard,Rather unconfident,"I just tried to remember the paths, the matches and the distance between the flowers shown. "
Qs36aynkj9zzh305niymthttmQ,unconstrained,51.0,"[[7, 6, 5], [3, 5, 6, 2]]",1.0,4.938,0,Fairly conscious/deliberative,Somewhat clear,Quite hard,Rather unconfident,"I just tried to remember the paths, the matches and the distance between the flowers shown. "
Qs36aynkj9zzh305niymthttmQ,unconstrained,52.0,"[[6, 7, 1, 4], [2, 6, 7]]",1.0,2.115,1,Fairly conscious/deliberative,Somewhat clear,Quite hard,Rather unconfident,"I just tried to remember the paths, the matches and the distance between the flowers shown. "
Qs36aynkj9zzh305niymthttmQ,unconstrained,53.0,"[[1, 7, 6, 5, 3], [1, 7, 6, 2]]",0.0,2.181,0,Fairly conscious/deliberative,Somewhat clear,Quite hard,Rather unconfident,"I just tried to remember the paths, the matches and the distance between the flowers shown. "
Qs36aynkj9zzh305niymthttmQ,unconstrained,54.0,"[[0, 7, 1, 4], [6, 5, 3]]",0.0,2.687,0,Fairly conscious/deliberative,Somewhat clear,Quite hard,Rather unconfident,"I just tried to remember the paths, the matches and the distance between the flowers shown. "
Qs36aynkj9zzh305niymthttmQ,unconstrained,55.0,"[[3, 5, 6], [4, 1, 7, 6]]",0.0,1.129,1,Fairly conscious/deliberative,Somewhat clear,Quite hard,Rather unconfident,"I just tried to remember the paths, the matches and the distance between the flowers shown. "
Qs36aynkj9zzh305niymthttmQ,unconstrained,56.0,"[[1, 7, 6, 5], [6, 7, 1]]",0.0,2.596,0,Fairly conscious/deliberative,Somewhat clear,Quite hard,Rather unconfident,"I just tried to remember the paths, the matches and the distance between the flowers shown. "
Qs36aynkj9zzh305niymthttmQ,unconstrained,57.0,"[[3, 5, 6, 2], [0, 7, 1]]",1.0,1.746,1,Fairly conscious/deliberative,Somewhat clear,Quite hard,Rather unconfident,"I just tried to remember the paths, the matches and the distance between the flowers shown. "
Qs36aynkj9zzh305niymthttmQ,unconstrained,58.0,"[[2, 6, 7, 1, 4], [7, 6, 5, 3]]",0.0,2.323,0,Fairly conscious/deliberative,Somewhat clear,Quite hard,Rather unconfident,"I just tried to remember the paths, the matches and the distance between the flowers shown. "
Qs36aynkj9zzh305niymthttmQ,unconstrained,59.0,"[[4, 1, 7, 6, 5], [6, 7, 1, 4]]",0.0,3.176,0,Fairly conscious/deliberative,Somewhat clear,Quite hard,Rather unconfident,"I just tried to remember the paths, the matches and the distance between the flowers shown. "
Qs36aynkj9zzh305niymthttmQ,unconstrained,60.0,"[[6, 7, 1], [2, 6, 5, 3]]",1.0,3.449,0,Fairly conscious/deliberative,Somewhat clear,Quite hard,Rather unconfident,"I just tried to remember the paths, the matches and the distance between the flowers shown. "
Qs36aynkj9zzh305niymthttmQ,unconstrained,61.0,"[[4, 1, 7, 6], [7, 6, 2]]",1.0,2.29,1,Fairly conscious/deliberative,Somewhat clear,Quite hard,Rather unconfident,"I just tried to remember the paths, the matches and the distance between the flowers shown. "
Qs36aynkj9zzh305niymthttmQ,unconstrained,62.0,"[[5, 6, 2], [2, 6, 7, 1]]",1.0,3.617,0,Fairly conscious/deliberative,Somewhat clear,Quite hard,Rather unconfident,"I just tried to remember the paths, the matches and the distance between the flowers shown. "
Qs36aynkj9zzh305niymthttmQ,unconstrained,63.0,"[[5, 6, 7, 0], [2, 6, 5]]",1.0,3.943,1,Fairly conscious/deliberative,Somewhat clear,Quite hard,Rather unconfident,"I just tried to remember the paths, the matches and the distance between the flowers shown. "
Qs36aynkj9zzh305niymthttmQ,unconstrained,64.0,"[[0, 7, 1, 4], [2, 6, 7, 1, 4]]",1.0,1.723,0,Fairly conscious/deliberative,Somewhat clear,Quite hard,Rather unconfident,"I just tried to remember the paths, the matches and the distance between the flowers shown. "
Qt3aorl8n8vprd1i5dlc52q74Q,unconstrained,0.0,"[[3, 5, 6], [2, 6, 7, 1]]",1.0,10.675,0,Fairly intuitive/unconscious,Somewhat clear,Quite hard,Rather unconfident,"I tried to remember the routes the bee had taken yesterday.

Maybe a visual reminder could help with this task."
Qt3aorl8n8vprd1i5dlc52q74Q,unconstrained,1.0,"[[7, 1, 4], [2, 6, 7, 0]]",1.0,4.148,0,Fairly intuitive/unconscious,Somewhat clear,Quite hard,Rather unconfident,"I tried to remember the routes the bee had taken yesterday.

Maybe a visual reminder could help with this task."
Qt3aorl8n8vprd1i5dlc52q74Q,unconstrained,2.0,"[[1, 7, 6, 2], [2, 6, 7]]",1.0,5.5,1,Fairly intuitive/unconscious,Somewhat clear,Quite hard,Rather unconfident,"I tried to remember the routes the bee had taken yesterday.

Maybe a visual reminder could help with this task."
Qt3aorl8n8vprd1i5dlc52q74Q,unconstrained,3.0,"[[4, 1, 7, 0], [5, 6, 2]]",1.0,10.78,1,Fairly intuitive/unconscious,Somewhat clear,Quite hard,Rather unconfident,"I tried to remember the routes the bee had taken yesterday.

Maybe a visual reminder could help with this task."
Qt3aorl8n8vprd1i5dlc52q74Q,unconstrained,4.0,"[[5, 6, 2], [5, 6, 7, 0]]",1.0,4.987,0,Fairly intuitive/unconscious,Somewhat clear,Quite hard,Rather unconfident,"I tried to remember the routes the bee had taken yesterday.

Maybe a visual reminder could help with this task."
Qt3aorl8n8vprd1i5dlc52q74Q,unconstrained,5.0,"[[2, 6, 7], [7, 6, 5, 3]]",0.0,9.628,1,Fairly intuitive/unconscious,Somewhat clear,Quite hard,Rather unconfident,"I tried to remember the routes the bee had taken yesterday.

Maybe a visual reminder could help with this task."
Qt3aorl8n8vprd1i5dlc52q74Q,unconstrained,6.0,"[[5, 6, 7, 1], [7, 6, 5]]",1.0,3.812,1,Fairly intuitive/unconscious,Somewhat clear,Quite hard,Rather unconfident,"I tried to remember the routes the bee had taken yesterday.

Maybe a visual reminder could help with this task."
Qt3aorl8n8vprd1i5dlc52q74Q,unconstrained,7.0,"[[5, 6, 2], [6, 7, 1, 4]]",0.0,9.756,1,Fairly intuitive/unconscious,Somewhat clear,Quite hard,Rather unconfident,"I tried to remember the routes the bee had taken yesterday.

Maybe a visual reminder could help with this task."
Qt3aorl8n8vprd1i5dlc52q74Q,unconstrained,8.0,"[[3, 5, 6], [5, 6, 7, 1]]",1.0,2.069,0,Fairly intuitive/unconscious,Somewhat clear,Quite hard,Rather unconfident,"I tried to remember the routes the bee had taken yesterday.

Maybe a visual reminder could help with this task."
Qt3aorl8n8vprd1i5dlc52q74Q,unconstrained,9.0,"[[4, 1, 7], [3, 5, 6, 2]]",1.0,3.044,0,Fairly intuitive/unconscious,Somewhat clear,Quite hard,Rather unconfident,"I tried to remember the routes the bee had taken yesterday.

Maybe a visual reminder could help with this task."
Qt3aorl8n8vprd1i5dlc52q74Q,unconstrained,10.0,"[[0, 7, 6, 5, 3], [6, 7, 1, 4]]",1.0,2.412,1,Fairly intuitive/unconscious,Somewhat clear,Quite hard,Rather unconfident,"I tried to remember the routes the bee had taken yesterday.

Maybe a visual reminder could help with this task."
Qt3aorl8n8vprd1i5dlc52q74Q,unconstrained,11.0,"[[7, 6, 2], [4, 1, 7, 6]]",0.0,1.7,1,Fairly intuitive/unconscious,Somewhat clear,Quite hard,Rather unconfident,"I tried to remember the routes the bee had taken yesterday.

Maybe a visual reminder could help with this task."
Qt3aorl8n8vprd1i5dlc52q74Q,unconstrained,12.0,"[[2, 6, 7, 1, 4], [4, 1, 7, 6, 5, 3]]",0.0,6.477,1,Fairly intuitive/unconscious,Somewhat clear,Quite hard,Rather unconfident,"I tried to remember the routes the bee had taken yesterday.

Maybe a visual reminder could help with this task."
Qt3aorl8n8vprd1i5dlc52q74Q,unconstrained,13.0,"[[6, 7, 1, 4], [1, 7, 6, 5, 3]]",1.0,2.755,0,Fairly intuitive/unconscious,Somewhat clear,Quite hard,Rather unconfident,"I tried to remember the routes the bee had taken yesterday.

Maybe a visual reminder could help with this task."
Qt3aorl8n8vprd1i5dlc52q74Q,unconstrained,14.0,"[[6, 7, 1], [2, 6, 7, 1]]",1.0,0.972,0,Fairly intuitive/unconscious,Somewhat clear,Quite hard,Rather unconfident,"I tried to remember the routes the bee had taken yesterday.

Maybe a visual reminder could help with this task."
Qt3aorl8n8vprd1i5dlc52q74Q,unconstrained,15.0,"[[0, 7, 1], [2, 6, 7, 0]]",0.0,3.741,1,Fairly intuitive/unconscious,Somewhat clear,Quite hard,Rather unconfident,"I tried to remember the routes the bee had taken yesterday.

Maybe a visual reminder could help with this task."
Qt3aorl8n8vprd1i5dlc52q74Q,unconstrained,16.0,"[[5, 6, 7, 1, 4], [3, 5, 6, 7]]",0.0,3.763,0,Fairly intuitive/unconscious,Somewhat clear,Quite hard,Rather unconfident,"I tried to remember the routes the bee had taken yesterday.

Maybe a visual reminder could help with this task."
Qt3aorl8n8vprd1i5dlc52q74Q,unconstrained,17.0,"[[2, 6, 7], [4, 1, 7, 6]]",0.0,7.412,1,Fairly intuitive/unconscious,Somewhat clear,Quite hard,Rather unconfident,"I tried to remember the routes the bee had taken yesterday.

Maybe a visual reminder could help with this task."
Qt3aorl8n8vprd1i5dlc52q74Q,unconstrained,18.0,"[[5, 6, 7, 1], [4, 1, 7]]",1.0,11.308,1,Fairly intuitive/unconscious,Somewhat clear,Quite hard,Rather unconfident,"I tried to remember the routes the bee had taken yesterday.

Maybe a visual reminder could help with this task."
Qt3aorl8n8vprd1i5dlc52q74Q,unconstrained,19.0,"[[4, 1, 7, 6], [6, 5, 3]]",0.0,2.253,0,Fairly intuitive/unconscious,Somewhat clear,Quite hard,Rather unconfident,"I tried to remember the routes the bee had taken yesterday.

Maybe a visual reminder could help with this task."
Qt3aorl8n8vprd1i5dlc52q74Q,unconstrained,20.0,"[[7, 6, 2], [4, 1, 7, 0]]",1.0,3.428,0,Fairly intuitive/unconscious,Somewhat clear,Quite hard,Rather unconfident,"I tried to remember the routes the bee had taken yesterday.

Maybe a visual reminder could help with this task."
Qt3aorl8n8vprd1i5dlc52q74Q,unconstrained,21.0,"[[2, 6, 7], [0, 7, 1, 4]]",1.0,1.093,0,Fairly intuitive/unconscious,Somewhat clear,Quite hard,Rather unconfident,"I tried to remember the routes the bee had taken yesterday.

Maybe a visual reminder could help with this task."
Qt3aorl8n8vprd1i5dlc52q74Q,unconstrained,22.0,"[[2, 6, 5], [1, 7, 6, 5]]",1.0,4.788,0,Fairly intuitive/unconscious,Somewhat clear,Quite hard,Rather unconfident,"I tried to remember the routes the bee had taken yesterday.

Maybe a visual reminder could help with this task."
Qt3aorl8n8vprd1i5dlc52q74Q,unconstrained,23.0,"[[1, 7, 6, 2], [1, 7, 0]]",1.0,6.66,1,Fairly intuitive/unconscious,Somewhat clear,Quite hard,Rather unconfident,"I tried to remember the routes the bee had taken yesterday.

Maybe a visual reminder could help with this task."
Qt3aorl8n8vprd1i5dlc52q74Q,unconstrained,24.0,"[[4, 1, 7, 0], [4, 1, 7, 6, 5]]",0.0,2.124,1,Fairly intuitive/unconscious,Somewhat clear,Quite hard,Rather unconfident,"I tried to remember the routes the bee had taken yesterday.

Maybe a visual reminder could help with this task."
Qt3aorl8n8vprd1i5dlc52q74Q,unconstrained,25.0,"[[7, 1, 4], [1, 7, 6, 2]]",0.0,4.421,1,Fairly intuitive/unconscious,Somewhat clear,Quite hard,Rather unconfident,"I tried to remember the routes the bee had taken yesterday.

Maybe a visual reminder could help with this task."
Qt3aorl8n8vprd1i5dlc52q74Q,unconstrained,26.0,"[[0, 7, 6], [0, 7, 6, 5]]",1.0,1.221,0,Fairly intuitive/unconscious,Somewhat clear,Quite hard,Rather unconfident,"I tried to remember the routes the bee had taken yesterday.

Maybe a visual reminder could help with this task."
Qt3aorl8n8vprd1i5dlc52q74Q,unconstrained,27.0,"[[3, 5, 6, 2], [6, 7, 0]]",1.0,0.924,1,Fairly intuitive/unconscious,Somewhat clear,Quite hard,Rather unconfident,"I tried to remember the routes the bee had taken yesterday.

Maybe a visual reminder could help with this task."
Qt3aorl8n8vprd1i5dlc52q74Q,unconstrained,28.0,"[[4, 1, 7, 6], [5, 6, 7, 1, 4]]",1.0,1.82,0,Fairly intuitive/unconscious,Somewhat clear,Quite hard,Rather unconfident,"I tried to remember the routes the bee had taken yesterday.

Maybe a visual reminder could help with this task."
Qt3aorl8n8vprd1i5dlc52q74Q,unconstrained,29.0,"[[4, 1, 7, 0], [6, 5, 3]]",1.0,1.583,1,Fairly intuitive/unconscious,Somewhat clear,Quite hard,Rather unconfident,"I tried to remember the routes the bee had taken yesterday.

Maybe a visual reminder could help with this task."
Qt3aorl8n8vprd1i5dlc52q74Q,unconstrained,30.0,"[[1, 7, 0], [2, 6, 5, 3]]",0.0,11.746,1,Fairly intuitive/unconscious,Somewhat clear,Quite hard,Rather unconfident,"I tried to remember the routes the bee had taken yesterday.

Maybe a visual reminder could help with this task."
Qt3aorl8n8vprd1i5dlc52q74Q,unconstrained,31.0,"[[4, 1, 7, 6, 5], [3, 5, 6, 7]]",1.0,2.683,1,Fairly intuitive/unconscious,Somewhat clear,Quite hard,Rather unconfident,"I tried to remember the routes the bee had taken yesterday.

Maybe a visual reminder could help with this task."
Qt3aorl8n8vprd1i5dlc52q74Q,unconstrained,32.0,"[[5, 6, 7], [6, 7, 1, 4]]",0.0,1.805,1,Fairly intuitive/unconscious,Somewhat clear,Quite hard,Rather unconfident,"I tried to remember the routes the bee had taken yesterday.

Maybe a visual reminder could help with this task."
Qt3aorl8n8vprd1i5dlc52q74Q,unconstrained,33.0,"[[6, 7, 1], [5, 6, 7, 1]]",1.0,1.264,0,Fairly intuitive/unconscious,Somewhat clear,Quite hard,Rather unconfident,"I tried to remember the routes the bee had taken yesterday.

Maybe a visual reminder could help with this task."
Qt3aorl8n8vprd1i5dlc52q74Q,unconstrained,34.0,"[[6, 5, 3], [6, 7, 1, 4]]",1.0,4.361,0,Fairly intuitive/unconscious,Somewhat clear,Quite hard,Rather unconfident,"I tried to remember the routes the bee had taken yesterday.

Maybe a visual reminder could help with this task."
Qt3aorl8n8vprd1i5dlc52q74Q,unconstrained,35.0,"[[0, 7, 6, 5], [1, 7, 6]]",1.0,2.813,1,Fairly intuitive/unconscious,Somewhat clear,Quite hard,Rather unconfident,"I tried to remember the routes the bee had taken yesterday.

Maybe a visual reminder could help with this task."
Qt3aorl8n8vprd1i5dlc52q74Q,unconstrained,36.0,"[[3, 5, 6, 7, 1], [2, 6, 7, 1]]",1.0,2.987,1,Fairly intuitive/unconscious,Somewhat clear,Quite hard,Rather unconfident,"I tried to remember the routes the bee had taken yesterday.

Maybe a visual reminder could help with this task."
Qt3aorl8n8vprd1i5dlc52q74Q,unconstrained,37.0,"[[1, 7, 6, 2], [5, 6, 2]]",1.0,6.116,1,Fairly intuitive/unconscious,Somewhat clear,Quite hard,Rather unconfident,"I tried to remember the routes the bee had taken yesterday.

Maybe a visual reminder could help with this task."
Qt3aorl8n8vprd1i5dlc52q74Q,unconstrained,38.0,"[[4, 1, 7], [5, 6, 7, 0]]",0.0,4.084,1,Fairly intuitive/unconscious,Somewhat clear,Quite hard,Rather unconfident,"I tried to remember the routes the bee had taken yesterday.

Maybe a visual reminder could help with this task."
Qt3aorl8n8vprd1i5dlc52q74Q,unconstrained,39.0,"[[1, 7, 6, 5], [2, 6, 7]]",1.0,3.716,1,Fairly intuitive/unconscious,Somewhat clear,Quite hard,Rather unconfident,"I tried to remember the routes the bee had taken yesterday.

Maybe a visual reminder could help with this task."
Qt3aorl8n8vprd1i5dlc52q74Q,unconstrained,40.0,"[[0, 7, 1], [0, 7, 6, 5]]",1.0,3.247,0,Fairly intuitive/unconscious,Somewhat clear,Quite hard,Rather unconfident,"I tried to remember the routes the bee had taken yesterday.

Maybe a visual reminder could help with this task."
Qt3aorl8n8vprd1i5dlc52q74Q,unconstrained,41.0,"[[7, 1, 4], [5, 6, 7, 1]]",0.0,3.202,1,Fairly intuitive/unconscious,Somewhat clear,Quite hard,Rather unconfident,"I tried to remember the routes the bee had taken yesterday.

Maybe a visual reminder could help with this task."
Qt3aorl8n8vprd1i5dlc52q74Q,unconstrained,42.0,"[[2, 6, 5, 3], [2, 6, 7, 1, 4]]",1.0,5.684,0,Fairly intuitive/unconscious,Somewhat clear,Quite hard,Rather unconfident,"I tried to remember the routes the bee had taken yesterday.

Maybe a visual reminder could help with this task."
Qt3aorl8n8vprd1i5dlc52q74Q,unconstrained,43.0,"[[0, 7, 6, 2], [3, 5, 6]]",1.0,1.659,1,Fairly intuitive/unconscious,Somewhat clear,Quite hard,Rather unconfident,"I tried to remember the routes the bee had taken yesterday.

Maybe a visual reminder could help with this task."
Qt3aorl8n8vprd1i5dlc52q74Q,unconstrained,44.0,"[[2, 6, 7, 1, 4], [4, 1, 7, 0]]",0.0,7.26,0,Fairly intuitive/unconscious,Somewhat clear,Quite hard,Rather unconfident,"I tried to remember the routes the bee had taken yesterday.

Maybe a visual reminder could help with this task."
Qt3aorl8n8vprd1i5dlc52q74Q,unconstrained,45.0,"[[5, 6, 7], [0, 7, 6, 2]]",1.0,2.796,0,Fairly intuitive/unconscious,Somewhat clear,Quite hard,Rather unconfident,"I tried to remember the routes the bee had taken yesterday.

Maybe a visual reminder could help with this task."
Qt3aorl8n8vprd1i5dlc52q74Q,unconstrained,46.0,"[[4, 1, 7, 0], [5, 6, 7]]",1.0,1.852,1,Fairly intuitive/unconscious,Somewhat clear,Quite hard,Rather unconfident,"I tried to remember the routes the bee had taken yesterday.

Maybe a visual reminder could help with this task."
Qt3aorl8n8vprd1i5dlc52q74Q,unconstrained,47.0,"[[2, 6, 7, 1, 4], [3, 5, 6, 7]]",1.0,4.341,1,Fairly intuitive/unconscious,Somewhat clear,Quite hard,Rather unconfident,"I tried to remember the routes the bee had taken yesterday.

Maybe a visual reminder could help with this task."
Qt3aorl8n8vprd1i5dlc52q74Q,unconstrained,48.0,"[[6, 7, 1], [0, 7, 1, 4]]",1.0,1.1,0,Fairly intuitive/unconscious,Somewhat clear,Quite hard,Rather unconfident,"I tried to remember the routes the bee had taken yesterday.

Maybe a visual reminder could help with this task."
Qt3aorl8n8vprd1i5dlc52q74Q,unconstrained,49.0,"[[0, 7, 6, 2], [3, 5, 6, 7, 0]]",1.0,2.189,0,Fairly intuitive/unconscious,Somewhat clear,Quite hard,Rather unconfident,"I tried to remember the routes the bee had taken yesterday.

Maybe a visual reminder could help with this task."
Qt3aorl8n8vprd1i5dlc52q74Q,unconstrained,50.0,"[[6, 7, 1, 4], [1, 7, 0]]",0.0,1.716,0,Fairly intuitive/unconscious,Somewhat clear,Quite hard,Rather unconfident,"I tried to remember the routes the bee had taken yesterday.

Maybe a visual reminder could help with this task."
Qt3aorl8n8vprd1i5dlc52q74Q,unconstrained,51.0,"[[3, 5, 6, 2], [7, 6, 5]]",1.0,3.34,1,Fairly intuitive/unconscious,Somewhat clear,Quite hard,Rather unconfident,"I tried to remember the routes the bee had taken yesterday.

Maybe a visual reminder could help with this task."
Qt3aorl8n8vprd1i5dlc52q74Q,unconstrained,52.0,"[[5, 6, 2], [2, 6, 5, 3]]",1.0,1.875,0,Fairly intuitive/unconscious,Somewhat clear,Quite hard,Rather unconfident,"I tried to remember the routes the bee had taken yesterday.

Maybe a visual reminder could help with this task."
Qt3aorl8n8vprd1i5dlc52q74Q,unconstrained,53.0,"[[1, 7, 6, 2], [4, 1, 7]]",0.0,3.261,0,Fairly intuitive/unconscious,Somewhat clear,Quite hard,Rather unconfident,"I tried to remember the routes the bee had taken yesterday.

Maybe a visual reminder could help with this task."
Qt3aorl8n8vprd1i5dlc52q74Q,unconstrained,54.0,"[[0, 7, 1], [1, 7, 6, 5]]",0.0,3.516,1,Fairly intuitive/unconscious,Somewhat clear,Quite hard,Rather unconfident,"I tried to remember the routes the bee had taken yesterday.

Maybe a visual reminder could help with this task."
Qt3aorl8n8vprd1i5dlc52q74Q,unconstrained,55.0,"[[1, 7, 0], [1, 7, 6, 2]]",0.0,2.412,1,Fairly intuitive/unconscious,Somewhat clear,Quite hard,Rather unconfident,"I tried to remember the routes the bee had taken yesterday.

Maybe a visual reminder could help with this task."
Qt3aorl8n8vprd1i5dlc52q74Q,unconstrained,56.0,"[[5, 6, 2], [3, 5, 6, 7]]",1.0,3.541,0,Fairly intuitive/unconscious,Somewhat clear,Quite hard,Rather unconfident,"I tried to remember the routes the bee had taken yesterday.

Maybe a visual reminder could help with this task."
Qt3aorl8n8vprd1i5dlc52q74Q,unconstrained,57.0,"[[5, 6, 7, 1], [3, 5, 6, 7, 1]]",1.0,1.86,0,Fairly intuitive/unconscious,Somewhat clear,Quite hard,Rather unconfident,"I tried to remember the routes the bee had taken yesterday.

Maybe a visual reminder could help with this task."
Qt3aorl8n8vprd1i5dlc52q74Q,unconstrained,58.0,"[[2, 6, 7, 1], [0, 7, 6, 5, 3]]",0.0,13.924,1,Fairly intuitive/unconscious,Somewhat clear,Quite hard,Rather unconfident,"I tried to remember the routes the bee had taken yesterday.

Maybe a visual reminder could help with this task."
Qt3aorl8n8vprd1i5dlc52q74Q,unconstrained,59.0,"[[2, 6, 5, 3], [1, 7, 6, 5, 3]]",1.0,5.599,0,Fairly intuitive/unconscious,Somewhat clear,Quite hard,Rather unconfident,"I tried to remember the routes the bee had taken yesterday.

Maybe a visual reminder could help with this task."
Qt3aorl8n8vprd1i5dlc52q74Q,unconstrained,60.0,"[[1, 7, 6], [3, 5, 6, 2]]",1.0,1.144,0,Fairly intuitive/unconscious,Somewhat clear,Quite hard,Rather unconfident,"I tried to remember the routes the bee had taken yesterday.

Maybe a visual reminder could help with this task."
Qt3aorl8n8vprd1i5dlc52q74Q,unconstrained,61.0,"[[0, 7, 1, 4], [6, 7, 0]]",1.0,1.1,1,Fairly intuitive/unconscious,Somewhat clear,Quite hard,Rather unconfident,"I tried to remember the routes the bee had taken yesterday.

Maybe a visual reminder could help with this task."
Qt3aorl8n8vprd1i5dlc52q74Q,unconstrained,62.0,"[[1, 7, 6, 2], [5, 6, 7]]",1.0,2.668,1,Fairly intuitive/unconscious,Somewhat clear,Quite hard,Rather unconfident,"I tried to remember the routes the bee had taken yesterday.

Maybe a visual reminder could help with this task."
Qt3aorl8n8vprd1i5dlc52q74Q,unconstrained,63.0,"[[5, 6, 7, 0], [2, 6, 7, 1, 4]]",1.0,8.037,0,Fairly intuitive/unconscious,Somewhat clear,Quite hard,Rather unconfident,"I tried to remember the routes the bee had taken yesterday.

Maybe a visual reminder could help with this task."
Qt3aorl8n8vprd1i5dlc52q74Q,unconstrained,64.0,"[[7, 6, 5], [5, 6, 7, 0]]",1.0,2.796,0,Fairly intuitive/unconscious,Somewhat clear,Quite hard,Rather unconfident,"I tried to remember the routes the bee had taken yesterday.

Maybe a visual reminder could help with this task."
Qtosx58kxocfy5t2golo09olqQ,unconstrained,0.0,"[[5, 6, 7, 1, 4], [7, 6, 5, 3]]",1.0,24.566,1,Fully conscious/deliberative,Fully clear,Quite hard,Rather confident,"There were quite a few I was confident in, I just tried to see in my head which colors I needed to jump to which colors. I had an issue in that I only remembered dark blue - yellow connection and not where dark blue and yellow connected to other colors so I sometimes just didn't know how to get there. For the other color combos I still remembered what went with what (I think!)"
Qtosx58kxocfy5t2golo09olqQ,unconstrained,1.0,"[[3, 5, 6], [1, 7, 6, 2]]",1.0,10.362,0,Fully conscious/deliberative,Fully clear,Quite hard,Rather confident,"There were quite a few I was confident in, I just tried to see in my head which colors I needed to jump to which colors. I had an issue in that I only remembered dark blue - yellow connection and not where dark blue and yellow connected to other colors so I sometimes just didn't know how to get there. For the other color combos I still remembered what went with what (I think!)"
Qtosx58kxocfy5t2golo09olqQ,unconstrained,2.0,"[[5, 6, 7], [0, 7, 6, 5]]",1.0,15.605,0,Fully conscious/deliberative,Fully clear,Quite hard,Rather confident,"There were quite a few I was confident in, I just tried to see in my head which colors I needed to jump to which colors. I had an issue in that I only remembered dark blue - yellow connection and not where dark blue and yellow connected to other colors so I sometimes just didn't know how to get there. For the other color combos I still remembered what went with what (I think!)"
Qtosx58kxocfy5t2golo09olqQ,unconstrained,3.0,"[[2, 6, 7, 1], [4, 1, 7]]",1.0,8.074,1,Fully conscious/deliberative,Fully clear,Quite hard,Rather confident,"There were quite a few I was confident in, I just tried to see in my head which colors I needed to jump to which colors. I had an issue in that I only remembered dark blue - yellow connection and not where dark blue and yellow connected to other colors so I sometimes just didn't know how to get there. For the other color combos I still remembered what went with what (I think!)"
Qtosx58kxocfy5t2golo09olqQ,unconstrained,4.0,"[[3, 5, 6, 7, 0], [0, 7, 6, 2]]",1.0,10.64,1,Fully conscious/deliberative,Fully clear,Quite hard,Rather confident,"There were quite a few I was confident in, I just tried to see in my head which colors I needed to jump to which colors. I had an issue in that I only remembered dark blue - yellow connection and not where dark blue and yellow connected to other colors so I sometimes just didn't know how to get there. For the other color combos I still remembered what went with what (I think!)"
Qtosx58kxocfy5t2golo09olqQ,unconstrained,5.0,"[[4, 1, 7, 6, 2], [3, 5, 6, 7]]",1.0,52.625,1,Fully conscious/deliberative,Fully clear,Quite hard,Rather confident,"There were quite a few I was confident in, I just tried to see in my head which colors I needed to jump to which colors. I had an issue in that I only remembered dark blue - yellow connection and not where dark blue and yellow connected to other colors so I sometimes just didn't know how to get there. For the other color combos I still remembered what went with what (I think!)"
Qtosx58kxocfy5t2golo09olqQ,unconstrained,6.0,"[[4, 1, 7, 6], [5, 6, 7]]",1.0,6.237,1,Fully conscious/deliberative,Fully clear,Quite hard,Rather confident,"There were quite a few I was confident in, I just tried to see in my head which colors I needed to jump to which colors. I had an issue in that I only remembered dark blue - yellow connection and not where dark blue and yellow connected to other colors so I sometimes just didn't know how to get there. For the other color combos I still remembered what went with what (I think!)"
Qtosx58kxocfy5t2golo09olqQ,unconstrained,7.0,"[[1, 7, 0], [1, 7, 6, 5]]",1.0,4.925,0,Fully conscious/deliberative,Fully clear,Quite hard,Rather confident,"There were quite a few I was confident in, I just tried to see in my head which colors I needed to jump to which colors. I had an issue in that I only remembered dark blue - yellow connection and not where dark blue and yellow connected to other colors so I sometimes just didn't know how to get there. For the other color combos I still remembered what went with what (I think!)"
Qtosx58kxocfy5t2golo09olqQ,unconstrained,8.0,"[[2, 6, 7], [0, 7, 1, 4]]",1.0,7.212,0,Fully conscious/deliberative,Fully clear,Quite hard,Rather confident,"There were quite a few I was confident in, I just tried to see in my head which colors I needed to jump to which colors. I had an issue in that I only remembered dark blue - yellow connection and not where dark blue and yellow connected to other colors so I sometimes just didn't know how to get there. For the other color combos I still remembered what went with what (I think!)"
Qtosx58kxocfy5t2golo09olqQ,unconstrained,9.0,"[[4, 1, 7, 6, 2], [3, 5, 6, 2]]",1.0,8.129,1,Fully conscious/deliberative,Fully clear,Quite hard,Rather confident,"There were quite a few I was confident in, I just tried to see in my head which colors I needed to jump to which colors. I had an issue in that I only remembered dark blue - yellow connection and not where dark blue and yellow connected to other colors so I sometimes just didn't know how to get there. For the other color combos I still remembered what went with what (I think!)"
Qtosx58kxocfy5t2golo09olqQ,unconstrained,10.0,"[[2, 6, 7, 0], [6, 5, 3]]",1.0,6.481,1,Fully conscious/deliberative,Fully clear,Quite hard,Rather confident,"There were quite a few I was confident in, I just tried to see in my head which colors I needed to jump to which colors. I had an issue in that I only remembered dark blue - yellow connection and not where dark blue and yellow connected to other colors so I sometimes just didn't know how to get there. For the other color combos I still remembered what went with what (I think!)"
Qtosx58kxocfy5t2golo09olqQ,unconstrained,11.0,"[[1, 7, 6, 2], [1, 7, 0]]",1.0,3.979,1,Fully conscious/deliberative,Fully clear,Quite hard,Rather confident,"There were quite a few I was confident in, I just tried to see in my head which colors I needed to jump to which colors. I had an issue in that I only remembered dark blue - yellow connection and not where dark blue and yellow connected to other colors so I sometimes just didn't know how to get there. For the other color combos I still remembered what went with what (I think!)"
Qtosx58kxocfy5t2golo09olqQ,unconstrained,12.0,"[[2, 6, 5], [6, 7, 1, 4]]",1.0,4.911,0,Fully conscious/deliberative,Fully clear,Quite hard,Rather confident,"There were quite a few I was confident in, I just tried to see in my head which colors I needed to jump to which colors. I had an issue in that I only remembered dark blue - yellow connection and not where dark blue and yellow connected to other colors so I sometimes just didn't know how to get there. For the other color combos I still remembered what went with what (I think!)"
Qtosx58kxocfy5t2golo09olqQ,unconstrained,13.0,"[[2, 6, 7, 1], [5, 6, 2]]",1.0,3.117,1,Fully conscious/deliberative,Fully clear,Quite hard,Rather confident,"There were quite a few I was confident in, I just tried to see in my head which colors I needed to jump to which colors. I had an issue in that I only remembered dark blue - yellow connection and not where dark blue and yellow connected to other colors so I sometimes just didn't know how to get there. For the other color combos I still remembered what went with what (I think!)"
Qtosx58kxocfy5t2golo09olqQ,unconstrained,14.0,"[[3, 5, 6, 2], [7, 1, 4]]",1.0,24.057,1,Fully conscious/deliberative,Fully clear,Quite hard,Rather confident,"There were quite a few I was confident in, I just tried to see in my head which colors I needed to jump to which colors. I had an issue in that I only remembered dark blue - yellow connection and not where dark blue and yellow connected to other colors so I sometimes just didn't know how to get there. For the other color combos I still remembered what went with what (I think!)"
Qtosx58kxocfy5t2golo09olqQ,unconstrained,15.0,"[[2, 6, 7, 1], [1, 7, 0]]",1.0,6.036,1,Fully conscious/deliberative,Fully clear,Quite hard,Rather confident,"There were quite a few I was confident in, I just tried to see in my head which colors I needed to jump to which colors. I had an issue in that I only remembered dark blue - yellow connection and not where dark blue and yellow connected to other colors so I sometimes just didn't know how to get there. For the other color combos I still remembered what went with what (I think!)"
Qtosx58kxocfy5t2golo09olqQ,unconstrained,16.0,"[[3, 5, 6, 7, 1], [2, 6, 7, 1]]",1.0,14.649,1,Fully conscious/deliberative,Fully clear,Quite hard,Rather confident,"There were quite a few I was confident in, I just tried to see in my head which colors I needed to jump to which colors. I had an issue in that I only remembered dark blue - yellow connection and not where dark blue and yellow connected to other colors so I sometimes just didn't know how to get there. For the other color combos I still remembered what went with what (I think!)"
Qtosx58kxocfy5t2golo09olqQ,unconstrained,17.0,"[[0, 7, 1, 4], [6, 7, 1]]",1.0,8.278,1,Fully conscious/deliberative,Fully clear,Quite hard,Rather confident,"There were quite a few I was confident in, I just tried to see in my head which colors I needed to jump to which colors. I had an issue in that I only remembered dark blue - yellow connection and not where dark blue and yellow connected to other colors so I sometimes just didn't know how to get there. For the other color combos I still remembered what went with what (I think!)"
Qtosx58kxocfy5t2golo09olqQ,unconstrained,18.0,"[[0, 7, 6, 2], [7, 1, 4]]",1.0,3.919,1,Fully conscious/deliberative,Fully clear,Quite hard,Rather confident,"There were quite a few I was confident in, I just tried to see in my head which colors I needed to jump to which colors. I had an issue in that I only remembered dark blue - yellow connection and not where dark blue and yellow connected to other colors so I sometimes just didn't know how to get there. For the other color combos I still remembered what went with what (I think!)"
Qtosx58kxocfy5t2golo09olqQ,unconstrained,19.0,"[[2, 6, 7, 1], [0, 7, 6, 5, 3]]",1.0,24.013,0,Fully conscious/deliberative,Fully clear,Quite hard,Rather confident,"There were quite a few I was confident in, I just tried to see in my head which colors I needed to jump to which colors. I had an issue in that I only remembered dark blue - yellow connection and not where dark blue and yellow connected to other colors so I sometimes just didn't know how to get there. For the other color combos I still remembered what went with what (I think!)"
Qtosx58kxocfy5t2golo09olqQ,unconstrained,20.0,"[[3, 5, 6, 2], [5, 6, 2]]",1.0,4.153,1,Fully conscious/deliberative,Fully clear,Quite hard,Rather confident,"There were quite a few I was confident in, I just tried to see in my head which colors I needed to jump to which colors. I had an issue in that I only remembered dark blue - yellow connection and not where dark blue and yellow connected to other colors so I sometimes just didn't know how to get there. For the other color combos I still remembered what went with what (I think!)"
Qtosx58kxocfy5t2golo09olqQ,unconstrained,21.0,"[[7, 6, 5, 3], [5, 6, 7, 1, 4]]",0.0,25.737,1,Fully conscious/deliberative,Fully clear,Quite hard,Rather confident,"There were quite a few I was confident in, I just tried to see in my head which colors I needed to jump to which colors. I had an issue in that I only remembered dark blue - yellow connection and not where dark blue and yellow connected to other colors so I sometimes just didn't know how to get there. For the other color combos I still remembered what went with what (I think!)"
Qtosx58kxocfy5t2golo09olqQ,unconstrained,22.0,"[[1, 7, 6, 2], [6, 7, 1]]",1.0,4.641,1,Fully conscious/deliberative,Fully clear,Quite hard,Rather confident,"There were quite a few I was confident in, I just tried to see in my head which colors I needed to jump to which colors. I had an issue in that I only remembered dark blue - yellow connection and not where dark blue and yellow connected to other colors so I sometimes just didn't know how to get there. For the other color combos I still remembered what went with what (I think!)"
Qtosx58kxocfy5t2golo09olqQ,unconstrained,23.0,"[[0, 7, 1], [2, 6, 5, 3]]",1.0,6.379,0,Fully conscious/deliberative,Fully clear,Quite hard,Rather confident,"There were quite a few I was confident in, I just tried to see in my head which colors I needed to jump to which colors. I had an issue in that I only remembered dark blue - yellow connection and not where dark blue and yellow connected to other colors so I sometimes just didn't know how to get there. For the other color combos I still remembered what went with what (I think!)"
Qtosx58kxocfy5t2golo09olqQ,unconstrained,24.0,"[[1, 7, 6], [5, 6, 7, 0]]",1.0,4.774,0,Fully conscious/deliberative,Fully clear,Quite hard,Rather confident,"There were quite a few I was confident in, I just tried to see in my head which colors I needed to jump to which colors. I had an issue in that I only remembered dark blue - yellow connection and not where dark blue and yellow connected to other colors so I sometimes just didn't know how to get there. For the other color combos I still remembered what went with what (I think!)"
Qtosx58kxocfy5t2golo09olqQ,unconstrained,25.0,"[[6, 7, 1, 4], [3, 5, 6]]",1.0,7.067,1,Fully conscious/deliberative,Fully clear,Quite hard,Rather confident,"There were quite a few I was confident in, I just tried to see in my head which colors I needed to jump to which colors. I had an issue in that I only remembered dark blue - yellow connection and not where dark blue and yellow connected to other colors so I sometimes just didn't know how to get there. For the other color combos I still remembered what went with what (I think!)"
Qtosx58kxocfy5t2golo09olqQ,unconstrained,26.0,"[[2, 6, 7], [0, 7, 1, 4]]",1.0,9.252,0,Fully conscious/deliberative,Fully clear,Quite hard,Rather confident,"There were quite a few I was confident in, I just tried to see in my head which colors I needed to jump to which colors. I had an issue in that I only remembered dark blue - yellow connection and not where dark blue and yellow connected to other colors so I sometimes just didn't know how to get there. For the other color combos I still remembered what went with what (I think!)"
Qtosx58kxocfy5t2golo09olqQ,unconstrained,27.0,"[[0, 7, 1, 4], [2, 6, 7, 1, 4]]",1.0,3.551,0,Fully conscious/deliberative,Fully clear,Quite hard,Rather confident,"There were quite a few I was confident in, I just tried to see in my head which colors I needed to jump to which colors. I had an issue in that I only remembered dark blue - yellow connection and not where dark blue and yellow connected to other colors so I sometimes just didn't know how to get there. For the other color combos I still remembered what went with what (I think!)"
Qtosx58kxocfy5t2golo09olqQ,unconstrained,28.0,"[[1, 7, 6, 5], [4, 1, 7]]",1.0,6.552,1,Fully conscious/deliberative,Fully clear,Quite hard,Rather confident,"There were quite a few I was confident in, I just tried to see in my head which colors I needed to jump to which colors. I had an issue in that I only remembered dark blue - yellow connection and not where dark blue and yellow connected to other colors so I sometimes just didn't know how to get there. For the other color combos I still remembered what went with what (I think!)"
Qtosx58kxocfy5t2golo09olqQ,unconstrained,29.0,"[[2, 6, 7, 1], [2, 6, 7]]",1.0,10.895,1,Fully conscious/deliberative,Fully clear,Quite hard,Rather confident,"There were quite a few I was confident in, I just tried to see in my head which colors I needed to jump to which colors. I had an issue in that I only remembered dark blue - yellow connection and not where dark blue and yellow connected to other colors so I sometimes just didn't know how to get there. For the other color combos I still remembered what went with what (I think!)"
Qtosx58kxocfy5t2golo09olqQ,unconstrained,30.0,"[[4, 1, 7], [5, 6, 7, 1]]",1.0,4.759,0,Fully conscious/deliberative,Fully clear,Quite hard,Rather confident,"There were quite a few I was confident in, I just tried to see in my head which colors I needed to jump to which colors. I had an issue in that I only remembered dark blue - yellow connection and not where dark blue and yellow connected to other colors so I sometimes just didn't know how to get there. For the other color combos I still remembered what went with what (I think!)"
Qtosx58kxocfy5t2golo09olqQ,unconstrained,31.0,"[[5, 6, 7, 1], [1, 7, 6, 5, 3]]",1.0,34.984,0,Fully conscious/deliberative,Fully clear,Quite hard,Rather confident,"There were quite a few I was confident in, I just tried to see in my head which colors I needed to jump to which colors. I had an issue in that I only remembered dark blue - yellow connection and not where dark blue and yellow connected to other colors so I sometimes just didn't know how to get there. For the other color combos I still remembered what went with what (I think!)"
Qtosx58kxocfy5t2golo09olqQ,unconstrained,32.0,"[[1, 7, 6, 5], [2, 6, 7]]",1.0,4.215,1,Fully conscious/deliberative,Fully clear,Quite hard,Rather confident,"There were quite a few I was confident in, I just tried to see in my head which colors I needed to jump to which colors. I had an issue in that I only remembered dark blue - yellow connection and not where dark blue and yellow connected to other colors so I sometimes just didn't know how to get there. For the other color combos I still remembered what went with what (I think!)"
Qtosx58kxocfy5t2golo09olqQ,unconstrained,33.0,"[[7, 6, 2], [6, 7, 1, 4]]",0.0,10.52,1,Fully conscious/deliberative,Fully clear,Quite hard,Rather confident,"There were quite a few I was confident in, I just tried to see in my head which colors I needed to jump to which colors. I had an issue in that I only remembered dark blue - yellow connection and not where dark blue and yellow connected to other colors so I sometimes just didn't know how to get there. For the other color combos I still remembered what went with what (I think!)"
Qtosx58kxocfy5t2golo09olqQ,unconstrained,34.0,"[[3, 5, 6, 2], [1, 7, 6, 5, 3]]",1.0,4.647,0,Fully conscious/deliberative,Fully clear,Quite hard,Rather confident,"There were quite a few I was confident in, I just tried to see in my head which colors I needed to jump to which colors. I had an issue in that I only remembered dark blue - yellow connection and not where dark blue and yellow connected to other colors so I sometimes just didn't know how to get there. For the other color combos I still remembered what went with what (I think!)"
Qtosx58kxocfy5t2golo09olqQ,unconstrained,35.0,"[[5, 6, 7, 0], [4, 1, 7, 6, 2]]",0.0,6.079,1,Fully conscious/deliberative,Fully clear,Quite hard,Rather confident,"There were quite a few I was confident in, I just tried to see in my head which colors I needed to jump to which colors. I had an issue in that I only remembered dark blue - yellow connection and not where dark blue and yellow connected to other colors so I sometimes just didn't know how to get there. For the other color combos I still remembered what went with what (I think!)"
Qtosx58kxocfy5t2golo09olqQ,unconstrained,36.0,"[[1, 7, 6, 5], [3, 5, 6]]",1.0,4.453,1,Fully conscious/deliberative,Fully clear,Quite hard,Rather confident,"There were quite a few I was confident in, I just tried to see in my head which colors I needed to jump to which colors. I had an issue in that I only remembered dark blue - yellow connection and not where dark blue and yellow connected to other colors so I sometimes just didn't know how to get there. For the other color combos I still remembered what went with what (I think!)"
Qtosx58kxocfy5t2golo09olqQ,unconstrained,37.0,"[[7, 6, 5], [3, 5, 6, 2]]",0.0,5.666,1,Fully conscious/deliberative,Fully clear,Quite hard,Rather confident,"There were quite a few I was confident in, I just tried to see in my head which colors I needed to jump to which colors. I had an issue in that I only remembered dark blue - yellow connection and not where dark blue and yellow connected to other colors so I sometimes just didn't know how to get there. For the other color combos I still remembered what went with what (I think!)"
Qtosx58kxocfy5t2golo09olqQ,unconstrained,38.0,"[[0, 7, 6], [3, 5, 6, 2]]",1.0,7.129,0,Fully conscious/deliberative,Fully clear,Quite hard,Rather confident,"There were quite a few I was confident in, I just tried to see in my head which colors I needed to jump to which colors. I had an issue in that I only remembered dark blue - yellow connection and not where dark blue and yellow connected to other colors so I sometimes just didn't know how to get there. For the other color combos I still remembered what went with what (I think!)"
Qtosx58kxocfy5t2golo09olqQ,unconstrained,39.0,"[[4, 1, 7, 6], [5, 6, 7, 1, 4]]",1.0,6.652,0,Fully conscious/deliberative,Fully clear,Quite hard,Rather confident,"There were quite a few I was confident in, I just tried to see in my head which colors I needed to jump to which colors. I had an issue in that I only remembered dark blue - yellow connection and not where dark blue and yellow connected to other colors so I sometimes just didn't know how to get there. For the other color combos I still remembered what went with what (I think!)"
Qtosx58kxocfy5t2golo09olqQ,unconstrained,40.0,"[[4, 1, 7, 0], [4, 1, 7, 6, 5]]",1.0,17.505,0,Fully conscious/deliberative,Fully clear,Quite hard,Rather confident,"There were quite a few I was confident in, I just tried to see in my head which colors I needed to jump to which colors. I had an issue in that I only remembered dark blue - yellow connection and not where dark blue and yellow connected to other colors so I sometimes just didn't know how to get there. For the other color combos I still remembered what went with what (I think!)"
Qtosx58kxocfy5t2golo09olqQ,unconstrained,41.0,"[[6, 7, 1], [1, 7, 6, 5]]",1.0,5.369,0,Fully conscious/deliberative,Fully clear,Quite hard,Rather confident,"There were quite a few I was confident in, I just tried to see in my head which colors I needed to jump to which colors. I had an issue in that I only remembered dark blue - yellow connection and not where dark blue and yellow connected to other colors so I sometimes just didn't know how to get there. For the other color combos I still remembered what went with what (I think!)"
Qtosx58kxocfy5t2golo09olqQ,unconstrained,42.0,"[[5, 6, 7, 0], [7, 1, 4]]",1.0,9.426,1,Fully conscious/deliberative,Fully clear,Quite hard,Rather confident,"There were quite a few I was confident in, I just tried to see in my head which colors I needed to jump to which colors. I had an issue in that I only remembered dark blue - yellow connection and not where dark blue and yellow connected to other colors so I sometimes just didn't know how to get there. For the other color combos I still remembered what went with what (I think!)"
Qtosx58kxocfy5t2golo09olqQ,unconstrained,43.0,"[[2, 6, 7, 1], [7, 6, 5]]",1.0,10.016,1,Fully conscious/deliberative,Fully clear,Quite hard,Rather confident,"There were quite a few I was confident in, I just tried to see in my head which colors I needed to jump to which colors. I had an issue in that I only remembered dark blue - yellow connection and not where dark blue and yellow connected to other colors so I sometimes just didn't know how to get there. For the other color combos I still remembered what went with what (I think!)"
Qtosx58kxocfy5t2golo09olqQ,unconstrained,44.0,"[[5, 6, 7], [0, 7, 6, 2]]",0.0,5.629,1,Fully conscious/deliberative,Fully clear,Quite hard,Rather confident,"There were quite a few I was confident in, I just tried to see in my head which colors I needed to jump to which colors. I had an issue in that I only remembered dark blue - yellow connection and not where dark blue and yellow connected to other colors so I sometimes just didn't know how to get there. For the other color combos I still remembered what went with what (I think!)"
Qtosx58kxocfy5t2golo09olqQ,unconstrained,45.0,"[[5, 6, 7, 0], [0, 7, 1]]",1.0,4.281,1,Fully conscious/deliberative,Fully clear,Quite hard,Rather confident,"There were quite a few I was confident in, I just tried to see in my head which colors I needed to jump to which colors. I had an issue in that I only remembered dark blue - yellow connection and not where dark blue and yellow connected to other colors so I sometimes just didn't know how to get there. For the other color combos I still remembered what went with what (I think!)"
Qtosx58kxocfy5t2golo09olqQ,unconstrained,46.0,"[[0, 7, 1], [2, 6, 7, 0]]",1.0,7.488,0,Fully conscious/deliberative,Fully clear,Quite hard,Rather confident,"There were quite a few I was confident in, I just tried to see in my head which colors I needed to jump to which colors. I had an issue in that I only remembered dark blue - yellow connection and not where dark blue and yellow connected to other colors so I sometimes just didn't know how to get there. For the other color combos I still remembered what went with what (I think!)"
Qtosx58kxocfy5t2golo09olqQ,unconstrained,47.0,"[[6, 7, 1, 4], [1, 7, 0]]",1.0,7.349,1,Fully conscious/deliberative,Fully clear,Quite hard,Rather confident,"There were quite a few I was confident in, I just tried to see in my head which colors I needed to jump to which colors. I had an issue in that I only remembered dark blue - yellow connection and not where dark blue and yellow connected to other colors so I sometimes just didn't know how to get there. For the other color combos I still remembered what went with what (I think!)"
Qtosx58kxocfy5t2golo09olqQ,unconstrained,48.0,"[[4, 1, 7, 0], [6, 5, 3]]",1.0,2.447,1,Fully conscious/deliberative,Fully clear,Quite hard,Rather confident,"There were quite a few I was confident in, I just tried to see in my head which colors I needed to jump to which colors. I had an issue in that I only remembered dark blue - yellow connection and not where dark blue and yellow connected to other colors so I sometimes just didn't know how to get there. For the other color combos I still remembered what went with what (I think!)"
Qtosx58kxocfy5t2golo09olqQ,unconstrained,49.0,"[[2, 6, 5, 3], [6, 7, 1]]",0.0,7.421,0,Fully conscious/deliberative,Fully clear,Quite hard,Rather confident,"There were quite a few I was confident in, I just tried to see in my head which colors I needed to jump to which colors. I had an issue in that I only remembered dark blue - yellow connection and not where dark blue and yellow connected to other colors so I sometimes just didn't know how to get there. For the other color combos I still remembered what went with what (I think!)"
Qtosx58kxocfy5t2golo09olqQ,unconstrained,50.0,"[[4, 1, 7, 6], [3, 5, 6]]",1.0,7.477,1,Fully conscious/deliberative,Fully clear,Quite hard,Rather confident,"There were quite a few I was confident in, I just tried to see in my head which colors I needed to jump to which colors. I had an issue in that I only remembered dark blue - yellow connection and not where dark blue and yellow connected to other colors so I sometimes just didn't know how to get there. For the other color combos I still remembered what went with what (I think!)"
Qtosx58kxocfy5t2golo09olqQ,unconstrained,51.0,"[[2, 6, 7], [4, 1, 7, 6]]",0.0,11.682,1,Fully conscious/deliberative,Fully clear,Quite hard,Rather confident,"There were quite a few I was confident in, I just tried to see in my head which colors I needed to jump to which colors. I had an issue in that I only remembered dark blue - yellow connection and not where dark blue and yellow connected to other colors so I sometimes just didn't know how to get there. For the other color combos I still remembered what went with what (I think!)"
Qtosx58kxocfy5t2golo09olqQ,unconstrained,52.0,"[[3, 5, 6, 7, 0], [6, 7, 1, 4]]",1.0,5.952,1,Fully conscious/deliberative,Fully clear,Quite hard,Rather confident,"There were quite a few I was confident in, I just tried to see in my head which colors I needed to jump to which colors. I had an issue in that I only remembered dark blue - yellow connection and not where dark blue and yellow connected to other colors so I sometimes just didn't know how to get there. For the other color combos I still remembered what went with what (I think!)"
Qtosx58kxocfy5t2golo09olqQ,unconstrained,53.0,"[[4, 1, 7, 0], [5, 6, 2]]",1.0,5.0,1,Fully conscious/deliberative,Fully clear,Quite hard,Rather confident,"There were quite a few I was confident in, I just tried to see in my head which colors I needed to jump to which colors. I had an issue in that I only remembered dark blue - yellow connection and not where dark blue and yellow connected to other colors so I sometimes just didn't know how to get there. For the other color combos I still remembered what went with what (I think!)"
Qtosx58kxocfy5t2golo09olqQ,unconstrained,54.0,"[[5, 6, 2], [7, 6, 5, 3]]",0.0,23.081,1,Fully conscious/deliberative,Fully clear,Quite hard,Rather confident,"There were quite a few I was confident in, I just tried to see in my head which colors I needed to jump to which colors. I had an issue in that I only remembered dark blue - yellow connection and not where dark blue and yellow connected to other colors so I sometimes just didn't know how to get there. For the other color combos I still remembered what went with what (I think!)"
Qtosx58kxocfy5t2golo09olqQ,unconstrained,55.0,"[[7, 6, 5], [1, 7, 6, 5]]",1.0,21.801,0,Fully conscious/deliberative,Fully clear,Quite hard,Rather confident,"There were quite a few I was confident in, I just tried to see in my head which colors I needed to jump to which colors. I had an issue in that I only remembered dark blue - yellow connection and not where dark blue and yellow connected to other colors so I sometimes just didn't know how to get there. For the other color combos I still remembered what went with what (I think!)"
Qtosx58kxocfy5t2golo09olqQ,unconstrained,56.0,"[[7, 6, 5], [4, 1, 7, 0]]",0.0,8.777,1,Fully conscious/deliberative,Fully clear,Quite hard,Rather confident,"There were quite a few I was confident in, I just tried to see in my head which colors I needed to jump to which colors. I had an issue in that I only remembered dark blue - yellow connection and not where dark blue and yellow connected to other colors so I sometimes just didn't know how to get there. For the other color combos I still remembered what went with what (I think!)"
Qtosx58kxocfy5t2golo09olqQ,unconstrained,57.0,"[[6, 7, 1, 4], [1, 7, 6, 5, 3]]",1.0,4.59,0,Fully conscious/deliberative,Fully clear,Quite hard,Rather confident,"There were quite a few I was confident in, I just tried to see in my head which colors I needed to jump to which colors. I had an issue in that I only remembered dark blue - yellow connection and not where dark blue and yellow connected to other colors so I sometimes just didn't know how to get there. For the other color combos I still remembered what went with what (I think!)"
Qtosx58kxocfy5t2golo09olqQ,unconstrained,58.0,"[[0, 7, 1, 4], [0, 7, 6]]",1.0,8.722,1,Fully conscious/deliberative,Fully clear,Quite hard,Rather confident,"There were quite a few I was confident in, I just tried to see in my head which colors I needed to jump to which colors. I had an issue in that I only remembered dark blue - yellow connection and not where dark blue and yellow connected to other colors so I sometimes just didn't know how to get there. For the other color combos I still remembered what went with what (I think!)"
Qtosx58kxocfy5t2golo09olqQ,unconstrained,59.0,"[[2, 6, 7, 1, 4], [4, 1, 7, 6, 5, 3]]",1.0,9.244,0,Fully conscious/deliberative,Fully clear,Quite hard,Rather confident,"There were quite a few I was confident in, I just tried to see in my head which colors I needed to jump to which colors. I had an issue in that I only remembered dark blue - yellow connection and not where dark blue and yellow connected to other colors so I sometimes just didn't know how to get there. For the other color combos I still remembered what went with what (I think!)"
Qtosx58kxocfy5t2golo09olqQ,unconstrained,60.0,"[[1, 7, 6, 2], [4, 1, 7]]",1.0,7.005,1,Fully conscious/deliberative,Fully clear,Quite hard,Rather confident,"There were quite a few I was confident in, I just tried to see in my head which colors I needed to jump to which colors. I had an issue in that I only remembered dark blue - yellow connection and not where dark blue and yellow connected to other colors so I sometimes just didn't know how to get there. For the other color combos I still remembered what went with what (I think!)"
Qtosx58kxocfy5t2golo09olqQ,unconstrained,61.0,"[[1, 7, 6, 5], [2, 6, 5]]",1.0,6.363,1,Fully conscious/deliberative,Fully clear,Quite hard,Rather confident,"There were quite a few I was confident in, I just tried to see in my head which colors I needed to jump to which colors. I had an issue in that I only remembered dark blue - yellow connection and not where dark blue and yellow connected to other colors so I sometimes just didn't know how to get there. For the other color combos I still remembered what went with what (I think!)"
Qtosx58kxocfy5t2golo09olqQ,unconstrained,62.0,"[[2, 6, 7], [7, 6, 5, 3]]",1.0,3.94,0,Fully conscious/deliberative,Fully clear,Quite hard,Rather confident,"There were quite a few I was confident in, I just tried to see in my head which colors I needed to jump to which colors. I had an issue in that I only remembered dark blue - yellow connection and not where dark blue and yellow connected to other colors so I sometimes just didn't know how to get there. For the other color combos I still remembered what went with what (I think!)"
Qtosx58kxocfy5t2golo09olqQ,unconstrained,63.0,"[[6, 7, 0], [5, 6, 7, 0]]",1.0,6.395,0,Fully conscious/deliberative,Fully clear,Quite hard,Rather confident,"There were quite a few I was confident in, I just tried to see in my head which colors I needed to jump to which colors. I had an issue in that I only remembered dark blue - yellow connection and not where dark blue and yellow connected to other colors so I sometimes just didn't know how to get there. For the other color combos I still remembered what went with what (I think!)"
Qtosx58kxocfy5t2golo09olqQ,unconstrained,64.0,"[[2, 6, 5], [0, 7, 6, 5]]",1.0,32.824,0,Fully conscious/deliberative,Fully clear,Quite hard,Rather confident,"There were quite a few I was confident in, I just tried to see in my head which colors I needed to jump to which colors. I had an issue in that I only remembered dark blue - yellow connection and not where dark blue and yellow connected to other colors so I sometimes just didn't know how to get there. For the other color combos I still remembered what went with what (I think!)"
Qttg27h4rj2vxstef3irf5b5mQ,unconstrained,0.0,"[[2, 6, 7, 1], [6, 7, 1]]",1.0,13.702,1,Fully conscious/deliberative,Fully clear,Hard,Rather unconfident,This part was very difficult but I tried to remember the route the bee took.
Qttg27h4rj2vxstef3irf5b5mQ,unconstrained,1.0,"[[0, 7, 6, 5], [4, 1, 7, 6, 2]]",1.0,8.642,0,Fully conscious/deliberative,Fully clear,Hard,Rather unconfident,This part was very difficult but I tried to remember the route the bee took.
Qttg27h4rj2vxstef3irf5b5mQ,unconstrained,2.0,"[[2, 6, 7], [0, 7, 1, 4]]",0.0,10.433,1,Fully conscious/deliberative,Fully clear,Hard,Rather unconfident,This part was very difficult but I tried to remember the route the bee took.
Qttg27h4rj2vxstef3irf5b5mQ,unconstrained,3.0,"[[7, 6, 2], [3, 5, 6, 7]]",0.0,3.553,1,Fully conscious/deliberative,Fully clear,Hard,Rather unconfident,This part was very difficult but I tried to remember the route the bee took.
Qttg27h4rj2vxstef3irf5b5mQ,unconstrained,4.0,"[[6, 7, 0], [4, 1, 7, 0]]",0.0,7.622,1,Fully conscious/deliberative,Fully clear,Hard,Rather unconfident,This part was very difficult but I tried to remember the route the bee took.
Qttg27h4rj2vxstef3irf5b5mQ,unconstrained,5.0,"[[3, 5, 6], [2, 6, 7, 0]]",0.0,14.599,1,Fully conscious/deliberative,Fully clear,Hard,Rather unconfident,This part was very difficult but I tried to remember the route the bee took.
Qttg27h4rj2vxstef3irf5b5mQ,unconstrained,6.0,"[[2, 6, 7, 1], [3, 5, 6, 7, 0]]",0.0,13.33,1,Fully conscious/deliberative,Fully clear,Hard,Rather unconfident,This part was very difficult but I tried to remember the route the bee took.
Qttg27h4rj2vxstef3irf5b5mQ,unconstrained,7.0,"[[5, 6, 7], [0, 7, 1, 4]]",1.0,4.817,0,Fully conscious/deliberative,Fully clear,Hard,Rather unconfident,This part was very difficult but I tried to remember the route the bee took.
Qttg27h4rj2vxstef3irf5b5mQ,unconstrained,8.0,"[[0, 7, 6, 5, 3], [6, 7, 1, 4]]",1.0,9.866,1,Fully conscious/deliberative,Fully clear,Hard,Rather unconfident,This part was very difficult but I tried to remember the route the bee took.
Qttg27h4rj2vxstef3irf5b5mQ,unconstrained,9.0,"[[1, 7, 0], [2, 6, 7, 1]]",1.0,8.986,0,Fully conscious/deliberative,Fully clear,Hard,Rather unconfident,This part was very difficult but I tried to remember the route the bee took.
Qttg27h4rj2vxstef3irf5b5mQ,unconstrained,10.0,"[[6, 7, 1, 4], [6, 5, 3]]",1.0,15.05,1,Fully conscious/deliberative,Fully clear,Hard,Rather unconfident,This part was very difficult but I tried to remember the route the bee took.
Qttg27h4rj2vxstef3irf5b5mQ,unconstrained,11.0,"[[0, 7, 6], [3, 5, 6, 2]]",1.0,7.949,0,Fully conscious/deliberative,Fully clear,Hard,Rather unconfident,This part was very difficult but I tried to remember the route the bee took.
Qttg27h4rj2vxstef3irf5b5mQ,unconstrained,12.0,"[[2, 6, 7, 1], [7, 1, 4]]",0.0,8.031,0,Fully conscious/deliberative,Fully clear,Hard,Rather unconfident,This part was very difficult but I tried to remember the route the bee took.
Qttg27h4rj2vxstef3irf5b5mQ,unconstrained,13.0,"[[3, 5, 6, 2], [5, 6, 7]]",0.0,5.183,0,Fully conscious/deliberative,Fully clear,Hard,Rather unconfident,This part was very difficult but I tried to remember the route the bee took.
Qttg27h4rj2vxstef3irf5b5mQ,unconstrained,14.0,"[[2, 6, 5], [1, 7, 6, 5]]",0.0,7.492,1,Fully conscious/deliberative,Fully clear,Hard,Rather unconfident,This part was very difficult but I tried to remember the route the bee took.
Qttg27h4rj2vxstef3irf5b5mQ,unconstrained,15.0,"[[4, 1, 7, 6], [7, 6, 2]]",1.0,14.14,1,Fully conscious/deliberative,Fully clear,Hard,Rather unconfident,This part was very difficult but I tried to remember the route the bee took.
Qttg27h4rj2vxstef3irf5b5mQ,unconstrained,16.0,"[[0, 7, 1], [6, 7, 1, 4]]",0.0,2.918,1,Fully conscious/deliberative,Fully clear,Hard,Rather unconfident,This part was very difficult but I tried to remember the route the bee took.
Qttg27h4rj2vxstef3irf5b5mQ,unconstrained,17.0,"[[6, 5, 3], [4, 1, 7, 6]]",0.0,3.389,1,Fully conscious/deliberative,Fully clear,Hard,Rather unconfident,This part was very difficult but I tried to remember the route the bee took.
Qttg27h4rj2vxstef3irf5b5mQ,unconstrained,18.0,"[[5, 6, 2], [7, 6, 5, 3]]",1.0,3.738,0,Fully conscious/deliberative,Fully clear,Hard,Rather unconfident,This part was very difficult but I tried to remember the route the bee took.
Qttg27h4rj2vxstef3irf5b5mQ,unconstrained,19.0,"[[3, 5, 6, 7], [5, 6, 7, 1, 4]]",0.0,2.702,1,Fully conscious/deliberative,Fully clear,Hard,Rather unconfident,This part was very difficult but I tried to remember the route the bee took.
Qttg27h4rj2vxstef3irf5b5mQ,unconstrained,20.0,"[[7, 6, 5], [5, 6, 7, 0]]",1.0,5.031,0,Fully conscious/deliberative,Fully clear,Hard,Rather unconfident,This part was very difficult but I tried to remember the route the bee took.
Qttg27h4rj2vxstef3irf5b5mQ,unconstrained,21.0,"[[4, 1, 7, 0], [6, 7, 1]]",1.0,4.575,1,Fully conscious/deliberative,Fully clear,Hard,Rather unconfident,This part was very difficult but I tried to remember the route the bee took.
Qttg27h4rj2vxstef3irf5b5mQ,unconstrained,22.0,"[[6, 7, 1, 4], [3, 5, 6, 7, 1]]",0.0,6.576,1,Fully conscious/deliberative,Fully clear,Hard,Rather unconfident,This part was very difficult but I tried to remember the route the bee took.
Qttg27h4rj2vxstef3irf5b5mQ,unconstrained,23.0,"[[5, 6, 7, 1], [5, 6, 7]]",0.0,2.778,0,Fully conscious/deliberative,Fully clear,Hard,Rather unconfident,This part was very difficult but I tried to remember the route the bee took.
Qttg27h4rj2vxstef3irf5b5mQ,unconstrained,24.0,"[[0, 7, 1, 4], [2, 6, 7]]",0.0,4.073,0,Fully conscious/deliberative,Fully clear,Hard,Rather unconfident,This part was very difficult but I tried to remember the route the bee took.
Qttg27h4rj2vxstef3irf5b5mQ,unconstrained,25.0,"[[3, 5, 6], [2, 6, 7, 1]]",1.0,4.056,0,Fully conscious/deliberative,Fully clear,Hard,Rather unconfident,This part was very difficult but I tried to remember the route the bee took.
Qttg27h4rj2vxstef3irf5b5mQ,unconstrained,26.0,"[[4, 1, 7], [2, 6, 7, 1]]",1.0,17.534,0,Fully conscious/deliberative,Fully clear,Hard,Rather unconfident,This part was very difficult but I tried to remember the route the bee took.
Qttg27h4rj2vxstef3irf5b5mQ,unconstrained,27.0,"[[3, 5, 6, 2], [2, 6, 7, 1, 4]]",1.0,3.396,0,Fully conscious/deliberative,Fully clear,Hard,Rather unconfident,This part was very difficult but I tried to remember the route the bee took.
Qttg27h4rj2vxstef3irf5b5mQ,unconstrained,28.0,"[[6, 5, 3], [4, 1, 7, 0]]",0.0,11.207,1,Fully conscious/deliberative,Fully clear,Hard,Rather unconfident,This part was very difficult but I tried to remember the route the bee took.
Qttg27h4rj2vxstef3irf5b5mQ,unconstrained,29.0,"[[5, 6, 7, 1], [1, 7, 6]]",0.0,8.466,0,Fully conscious/deliberative,Fully clear,Hard,Rather unconfident,This part was very difficult but I tried to remember the route the bee took.
Qttg27h4rj2vxstef3irf5b5mQ,unconstrained,30.0,"[[3, 5, 6, 2], [5, 6, 2]]",1.0,2.95,1,Fully conscious/deliberative,Fully clear,Hard,Rather unconfident,This part was very difficult but I tried to remember the route the bee took.
Qttg27h4rj2vxstef3irf5b5mQ,unconstrained,31.0,"[[1, 7, 6, 5], [3, 5, 6, 7, 1]]",1.0,2.374,0,Fully conscious/deliberative,Fully clear,Hard,Rather unconfident,This part was very difficult but I tried to remember the route the bee took.
Qttg27h4rj2vxstef3irf5b5mQ,unconstrained,32.0,"[[1, 7, 6, 2], [7, 6, 5]]",1.0,6.697,1,Fully conscious/deliberative,Fully clear,Hard,Rather unconfident,This part was very difficult but I tried to remember the route the bee took.
Qttg27h4rj2vxstef3irf5b5mQ,unconstrained,33.0,"[[4, 1, 7, 6, 5], [7, 6, 5, 3]]",0.0,2.781,0,Fully conscious/deliberative,Fully clear,Hard,Rather unconfident,This part was very difficult but I tried to remember the route the bee took.
Qttg27h4rj2vxstef3irf5b5mQ,unconstrained,34.0,"[[4, 1, 7, 6, 2], [3, 5, 6, 7, 1, 4]]",1.0,4.026,0,Fully conscious/deliberative,Fully clear,Hard,Rather unconfident,This part was very difficult but I tried to remember the route the bee took.
Qttg27h4rj2vxstef3irf5b5mQ,unconstrained,35.0,"[[4, 1, 7, 6], [5, 6, 2]]",0.0,5.563,0,Fully conscious/deliberative,Fully clear,Hard,Rather unconfident,This part was very difficult but I tried to remember the route the bee took.
Qttg27h4rj2vxstef3irf5b5mQ,unconstrained,36.0,"[[1, 7, 6, 5, 3], [1, 7, 6, 2]]",1.0,8.191,1,Fully conscious/deliberative,Fully clear,Hard,Rather unconfident,This part was very difficult but I tried to remember the route the bee took.
Qttg27h4rj2vxstef3irf5b5mQ,unconstrained,37.0,"[[1, 7, 0], [1, 7, 6, 2]]",0.0,4.836,1,Fully conscious/deliberative,Fully clear,Hard,Rather unconfident,This part was very difficult but I tried to remember the route the bee took.
Qttg27h4rj2vxstef3irf5b5mQ,unconstrained,38.0,"[[4, 1, 7, 0], [4, 1, 7, 6, 2]]",0.0,10.28,1,Fully conscious/deliberative,Fully clear,Hard,Rather unconfident,This part was very difficult but I tried to remember the route the bee took.
Qttg27h4rj2vxstef3irf5b5mQ,unconstrained,39.0,"[[4, 1, 7, 0], [4, 1, 7, 6, 5]]",1.0,12.928,0,Fully conscious/deliberative,Fully clear,Hard,Rather unconfident,This part was very difficult but I tried to remember the route the bee took.
Qttg27h4rj2vxstef3irf5b5mQ,unconstrained,40.0,"[[3, 5, 6, 2], [0, 7, 1]]",0.0,5.189,0,Fully conscious/deliberative,Fully clear,Hard,Rather unconfident,This part was very difficult but I tried to remember the route the bee took.
Qttg27h4rj2vxstef3irf5b5mQ,unconstrained,41.0,"[[2, 6, 7, 0], [7, 6, 5]]",1.0,5.003,1,Fully conscious/deliberative,Fully clear,Hard,Rather unconfident,This part was very difficult but I tried to remember the route the bee took.
Qttg27h4rj2vxstef3irf5b5mQ,unconstrained,42.0,"[[1, 7, 6], [0, 7, 6, 5]]",0.0,3.665,1,Fully conscious/deliberative,Fully clear,Hard,Rather unconfident,This part was very difficult but I tried to remember the route the bee took.
Qttg27h4rj2vxstef3irf5b5mQ,unconstrained,43.0,"[[2, 6, 7, 1], [7, 6, 2]]",0.0,2.478,0,Fully conscious/deliberative,Fully clear,Hard,Rather unconfident,This part was very difficult but I tried to remember the route the bee took.
Qttg27h4rj2vxstef3irf5b5mQ,unconstrained,44.0,"[[6, 5, 3], [5, 6, 7, 1]]",0.0,4.289,1,Fully conscious/deliberative,Fully clear,Hard,Rather unconfident,This part was very difficult but I tried to remember the route the bee took.
Qttg27h4rj2vxstef3irf5b5mQ,unconstrained,45.0,"[[0, 7, 6, 2], [4, 1, 7]]",0.0,6.151,0,Fully conscious/deliberative,Fully clear,Hard,Rather unconfident,This part was very difficult but I tried to remember the route the bee took.
Qttg27h4rj2vxstef3irf5b5mQ,unconstrained,46.0,"[[1, 7, 0], [0, 7, 6, 5]]",0.0,2.352,1,Fully conscious/deliberative,Fully clear,Hard,Rather unconfident,This part was very difficult but I tried to remember the route the bee took.
Qttg27h4rj2vxstef3irf5b5mQ,unconstrained,47.0,"[[4, 1, 7], [1, 7, 6, 5]]",1.0,5.029,0,Fully conscious/deliberative,Fully clear,Hard,Rather unconfident,This part was very difficult but I tried to remember the route the bee took.
Qttg27h4rj2vxstef3irf5b5mQ,unconstrained,48.0,"[[0, 7, 1, 4], [5, 6, 2]]",1.0,4.25,1,Fully conscious/deliberative,Fully clear,Hard,Rather unconfident,This part was very difficult but I tried to remember the route the bee took.
Qttg27h4rj2vxstef3irf5b5mQ,unconstrained,49.0,"[[1, 7, 6, 2], [2, 6, 5]]",1.0,3.059,1,Fully conscious/deliberative,Fully clear,Hard,Rather unconfident,This part was very difficult but I tried to remember the route the bee took.
Qttg27h4rj2vxstef3irf5b5mQ,unconstrained,50.0,"[[5, 6, 7, 0], [0, 7, 6]]",1.0,6.115,1,Fully conscious/deliberative,Fully clear,Hard,Rather unconfident,This part was very difficult but I tried to remember the route the bee took.
Qttg27h4rj2vxstef3irf5b5mQ,unconstrained,51.0,"[[1, 7, 6, 5], [7, 6, 2]]",0.0,9.935,0,Fully conscious/deliberative,Fully clear,Hard,Rather unconfident,This part was very difficult but I tried to remember the route the bee took.
Qttg27h4rj2vxstef3irf5b5mQ,unconstrained,52.0,"[[4, 1, 7], [5, 6, 7, 1]]",0.0,11.261,1,Fully conscious/deliberative,Fully clear,Hard,Rather unconfident,This part was very difficult but I tried to remember the route the bee took.
Qttg27h4rj2vxstef3irf5b5mQ,unconstrained,53.0,"[[4, 1, 7, 6], [7, 6, 2]]",1.0,9.036,1,Fully conscious/deliberative,Fully clear,Hard,Rather unconfident,This part was very difficult but I tried to remember the route the bee took.
Qttg27h4rj2vxstef3irf5b5mQ,unconstrained,54.0,"[[0, 7, 1], [0, 7, 6, 2]]",0.0,10.833,1,Fully conscious/deliberative,Fully clear,Hard,Rather unconfident,This part was very difficult but I tried to remember the route the bee took.
Qttg27h4rj2vxstef3irf5b5mQ,unconstrained,55.0,"[[4, 1, 7, 6, 5], [4, 1, 7, 6]]",1.0,11.903,1,Fully conscious/deliberative,Fully clear,Hard,Rather unconfident,This part was very difficult but I tried to remember the route the bee took.
Qttg27h4rj2vxstef3irf5b5mQ,unconstrained,56.0,"[[3, 5, 6, 2], [3, 5, 6, 7, 1]]",0.0,3.297,1,Fully conscious/deliberative,Fully clear,Hard,Rather unconfident,This part was very difficult but I tried to remember the route the bee took.
Qttg27h4rj2vxstef3irf5b5mQ,unconstrained,57.0,"[[1, 7, 0], [1, 7, 6, 5]]",0.0,7.732,1,Fully conscious/deliberative,Fully clear,Hard,Rather unconfident,This part was very difficult but I tried to remember the route the bee took.
Qttg27h4rj2vxstef3irf5b5mQ,unconstrained,58.0,"[[0, 7, 6, 5], [2, 6, 5]]",1.0,9.9,1,Fully conscious/deliberative,Fully clear,Hard,Rather unconfident,This part was very difficult but I tried to remember the route the bee took.
Qttg27h4rj2vxstef3irf5b5mQ,unconstrained,59.0,"[[7, 6, 5, 3], [4, 1, 7, 6, 2]]",1.0,9.914,0,Fully conscious/deliberative,Fully clear,Hard,Rather unconfident,This part was very difficult but I tried to remember the route the bee took.
Qttg27h4rj2vxstef3irf5b5mQ,unconstrained,60.0,"[[4, 1, 7], [3, 5, 6, 2]]",1.0,2.958,0,Fully conscious/deliberative,Fully clear,Hard,Rather unconfident,This part was very difficult but I tried to remember the route the bee took.
Qttg27h4rj2vxstef3irf5b5mQ,unconstrained,61.0,"[[1, 7, 6], [3, 5, 6, 2]]",0.0,9.348,1,Fully conscious/deliberative,Fully clear,Hard,Rather unconfident,This part was very difficult but I tried to remember the route the bee took.
Qttg27h4rj2vxstef3irf5b5mQ,unconstrained,62.0,"[[7, 6, 5], [4, 1, 7, 6]]",1.0,7.696,0,Fully conscious/deliberative,Fully clear,Hard,Rather unconfident,This part was very difficult but I tried to remember the route the bee took.
Qttg27h4rj2vxstef3irf5b5mQ,unconstrained,63.0,"[[0, 7, 6, 5, 3], [0, 7, 6, 2]]",1.0,2.075,1,Fully conscious/deliberative,Fully clear,Hard,Rather unconfident,This part was very difficult but I tried to remember the route the bee took.
Qttg27h4rj2vxstef3irf5b5mQ,unconstrained,64.0,"[[7, 1, 4], [0, 7, 6, 5]]",0.0,2.507,1,Fully conscious/deliberative,Fully clear,Hard,Rather unconfident,This part was very difficult but I tried to remember the route the bee took.
Qumo9aptqbzaerkhxqub8q5eeQ,unconstrained,0.0,"[[1, 7, 6, 5], [3, 5, 6, 7, 1]]",1.0,20.703,0,Fully conscious/deliberative,Somewhat clear,Quite easy,Rather confident,I tried to memorise the connections from part 1 of the bee game.
Qumo9aptqbzaerkhxqub8q5eeQ,unconstrained,1.0,"[[7, 1, 4], [5, 6, 7, 1]]",1.0,6.546,0,Fully conscious/deliberative,Somewhat clear,Quite easy,Rather confident,I tried to memorise the connections from part 1 of the bee game.
Qumo9aptqbzaerkhxqub8q5eeQ,unconstrained,2.0,"[[3, 5, 6, 7, 1], [6, 7, 1, 4]]",1.0,1.731,1,Fully conscious/deliberative,Somewhat clear,Quite easy,Rather confident,I tried to memorise the connections from part 1 of the bee game.
Qumo9aptqbzaerkhxqub8q5eeQ,unconstrained,3.0,"[[2, 6, 5, 3], [4, 1, 7, 6, 2]]",1.0,5.587,0,Fully conscious/deliberative,Somewhat clear,Quite easy,Rather confident,I tried to memorise the connections from part 1 of the bee game.
Qumo9aptqbzaerkhxqub8q5eeQ,unconstrained,4.0,"[[7, 6, 5], [4, 1, 7, 6]]",0.0,2.061,1,Fully conscious/deliberative,Somewhat clear,Quite easy,Rather confident,I tried to memorise the connections from part 1 of the bee game.
Qumo9aptqbzaerkhxqub8q5eeQ,unconstrained,5.0,"[[4, 1, 7, 6], [0, 7, 6, 5, 3]]",1.0,2.815,0,Fully conscious/deliberative,Somewhat clear,Quite easy,Rather confident,I tried to memorise the connections from part 1 of the bee game.
Qumo9aptqbzaerkhxqub8q5eeQ,unconstrained,6.0,"[[1, 7, 6, 5, 3], [2, 6, 7, 1]]",1.0,2.802,1,Fully conscious/deliberative,Somewhat clear,Quite easy,Rather confident,I tried to memorise the connections from part 1 of the bee game.
Qumo9aptqbzaerkhxqub8q5eeQ,unconstrained,7.0,"[[5, 6, 7, 1], [1, 7, 6]]",0.0,11.575,0,Fully conscious/deliberative,Somewhat clear,Quite easy,Rather confident,I tried to memorise the connections from part 1 of the bee game.
Qumo9aptqbzaerkhxqub8q5eeQ,unconstrained,8.0,"[[5, 6, 7], [0, 7, 6, 5]]",0.0,2.893,1,Fully conscious/deliberative,Somewhat clear,Quite easy,Rather confident,I tried to memorise the connections from part 1 of the bee game.
Qumo9aptqbzaerkhxqub8q5eeQ,unconstrained,9.0,"[[6, 5, 3], [4, 1, 7, 6]]",0.0,4.142,1,Fully conscious/deliberative,Somewhat clear,Quite easy,Rather confident,I tried to memorise the connections from part 1 of the bee game.
Qumo9aptqbzaerkhxqub8q5eeQ,unconstrained,10.0,"[[1, 7, 6, 2], [1, 7, 0]]",0.0,3.955,0,Fully conscious/deliberative,Somewhat clear,Quite easy,Rather confident,I tried to memorise the connections from part 1 of the bee game.
Qumo9aptqbzaerkhxqub8q5eeQ,unconstrained,11.0,"[[5, 6, 7, 0], [6, 7, 0]]",0.0,4.242,0,Fully conscious/deliberative,Somewhat clear,Quite easy,Rather confident,I tried to memorise the connections from part 1 of the bee game.
Qumo9aptqbzaerkhxqub8q5eeQ,unconstrained,12.0,"[[0, 7, 1], [5, 6, 7, 0]]",0.0,1.442,1,Fully conscious/deliberative,Somewhat clear,Quite easy,Rather confident,I tried to memorise the connections from part 1 of the bee game.
Qumo9aptqbzaerkhxqub8q5eeQ,unconstrained,13.0,"[[4, 1, 7, 6], [6, 5, 3]]",0.0,7.849,0,Fully conscious/deliberative,Somewhat clear,Quite easy,Rather confident,I tried to memorise the connections from part 1 of the bee game.
Qumo9aptqbzaerkhxqub8q5eeQ,unconstrained,14.0,"[[2, 6, 5], [4, 1, 7, 0]]",1.0,1.978,0,Fully conscious/deliberative,Somewhat clear,Quite easy,Rather confident,I tried to memorise the connections from part 1 of the bee game.
Qumo9aptqbzaerkhxqub8q5eeQ,unconstrained,15.0,"[[3, 5, 6, 2], [5, 6, 2]]",1.0,3.023,1,Fully conscious/deliberative,Somewhat clear,Quite easy,Rather confident,I tried to memorise the connections from part 1 of the bee game.
Qumo9aptqbzaerkhxqub8q5eeQ,unconstrained,16.0,"[[0, 7, 6, 5], [2, 6, 5]]",1.0,4.136,1,Fully conscious/deliberative,Somewhat clear,Quite easy,Rather confident,I tried to memorise the connections from part 1 of the bee game.
Qumo9aptqbzaerkhxqub8q5eeQ,unconstrained,17.0,"[[2, 6, 7, 1], [7, 1, 4]]",1.0,4.202,1,Fully conscious/deliberative,Somewhat clear,Quite easy,Rather confident,I tried to memorise the connections from part 1 of the bee game.
Qumo9aptqbzaerkhxqub8q5eeQ,unconstrained,18.0,"[[0, 7, 6, 5, 3], [1, 7, 6, 2]]",1.0,1.102,1,Fully conscious/deliberative,Somewhat clear,Quite easy,Rather confident,I tried to memorise the connections from part 1 of the bee game.
Qumo9aptqbzaerkhxqub8q5eeQ,unconstrained,19.0,"[[5, 6, 2], [3, 5, 6, 7]]",0.0,4.405,1,Fully conscious/deliberative,Somewhat clear,Quite easy,Rather confident,I tried to memorise the connections from part 1 of the bee game.
Qumo9aptqbzaerkhxqub8q5eeQ,unconstrained,20.0,"[[4, 1, 7, 6, 5], [4, 1, 7, 0]]",0.0,2.845,0,Fully conscious/deliberative,Somewhat clear,Quite easy,Rather confident,I tried to memorise the connections from part 1 of the bee game.
Qumo9aptqbzaerkhxqub8q5eeQ,unconstrained,21.0,"[[7, 1, 4], [5, 6, 7, 0]]",1.0,2.062,0,Fully conscious/deliberative,Somewhat clear,Quite easy,Rather confident,I tried to memorise the connections from part 1 of the bee game.
Qumo9aptqbzaerkhxqub8q5eeQ,unconstrained,22.0,"[[0, 7, 6, 2], [3, 5, 6]]",1.0,2.043,1,Fully conscious/deliberative,Somewhat clear,Quite easy,Rather confident,I tried to memorise the connections from part 1 of the bee game.
Qumo9aptqbzaerkhxqub8q5eeQ,unconstrained,23.0,"[[7, 6, 2], [4, 1, 7, 6]]",0.0,6.564,1,Fully conscious/deliberative,Somewhat clear,Quite easy,Rather confident,I tried to memorise the connections from part 1 of the bee game.
Qumo9aptqbzaerkhxqub8q5eeQ,unconstrained,24.0,"[[2, 6, 7, 0], [7, 6, 5]]",0.0,4.739,0,Fully conscious/deliberative,Somewhat clear,Quite easy,Rather confident,I tried to memorise the connections from part 1 of the bee game.
Qumo9aptqbzaerkhxqub8q5eeQ,unconstrained,25.0,"[[2, 6, 5], [6, 7, 1, 4]]",0.0,3.07,1,Fully conscious/deliberative,Somewhat clear,Quite easy,Rather confident,I tried to memorise the connections from part 1 of the bee game.
Qumo9aptqbzaerkhxqub8q5eeQ,unconstrained,26.0,"[[2, 6, 7, 1], [7, 6, 2]]",1.0,1.8,1,Fully conscious/deliberative,Somewhat clear,Quite easy,Rather confident,I tried to memorise the connections from part 1 of the bee game.
Qumo9aptqbzaerkhxqub8q5eeQ,unconstrained,27.0,"[[4, 1, 7, 0], [2, 6, 7]]",1.0,16.396,1,Fully conscious/deliberative,Somewhat clear,Quite easy,Rather confident,I tried to memorise the connections from part 1 of the bee game.
Qumo9aptqbzaerkhxqub8q5eeQ,unconstrained,28.0,"[[4, 1, 7, 6, 2], [3, 5, 6, 7, 1, 4]]",1.0,2.956,0,Fully conscious/deliberative,Somewhat clear,Quite easy,Rather confident,I tried to memorise the connections from part 1 of the bee game.
Qumo9aptqbzaerkhxqub8q5eeQ,unconstrained,29.0,"[[4, 1, 7], [3, 5, 6, 2]]",0.0,3.329,1,Fully conscious/deliberative,Somewhat clear,Quite easy,Rather confident,I tried to memorise the connections from part 1 of the bee game.
Qumo9aptqbzaerkhxqub8q5eeQ,unconstrained,30.0,"[[4, 1, 7], [5, 6, 7, 1]]",1.0,3.149,0,Fully conscious/deliberative,Somewhat clear,Quite easy,Rather confident,I tried to memorise the connections from part 1 of the bee game.
Qumo9aptqbzaerkhxqub8q5eeQ,unconstrained,31.0,"[[7, 6, 5, 3], [7, 6, 2]]",0.0,2.306,0,Fully conscious/deliberative,Somewhat clear,Quite easy,Rather confident,I tried to memorise the connections from part 1 of the bee game.
Qumo9aptqbzaerkhxqub8q5eeQ,unconstrained,32.0,"[[2, 6, 7, 1], [5, 6, 7]]",0.0,1.409,0,Fully conscious/deliberative,Somewhat clear,Quite easy,Rather confident,I tried to memorise the connections from part 1 of the bee game.
Qumo9aptqbzaerkhxqub8q5eeQ,unconstrained,33.0,"[[4, 1, 7, 6, 5], [3, 5, 6, 7]]",1.0,13.543,1,Fully conscious/deliberative,Somewhat clear,Quite easy,Rather confident,I tried to memorise the connections from part 1 of the bee game.
Qumo9aptqbzaerkhxqub8q5eeQ,unconstrained,34.0,"[[5, 6, 7, 1], [2, 6, 5]]",0.0,1.742,0,Fully conscious/deliberative,Somewhat clear,Quite easy,Rather confident,I tried to memorise the connections from part 1 of the bee game.
Qumo9aptqbzaerkhxqub8q5eeQ,unconstrained,35.0,"[[3, 5, 6, 2], [1, 7, 0]]",0.0,2.013,0,Fully conscious/deliberative,Somewhat clear,Quite easy,Rather confident,I tried to memorise the connections from part 1 of the bee game.
Qumo9aptqbzaerkhxqub8q5eeQ,unconstrained,36.0,"[[6, 5, 3], [5, 6, 7, 1]]",1.0,1.403,0,Fully conscious/deliberative,Somewhat clear,Quite easy,Rather confident,I tried to memorise the connections from part 1 of the bee game.
Qumo9aptqbzaerkhxqub8q5eeQ,unconstrained,37.0,"[[1, 7, 6, 2], [6, 7, 1]]",0.0,3.41,0,Fully conscious/deliberative,Somewhat clear,Quite easy,Rather confident,I tried to memorise the connections from part 1 of the bee game.
Qumo9aptqbzaerkhxqub8q5eeQ,unconstrained,38.0,"[[0, 7, 1], [1, 7, 6, 2]]",0.0,1.394,1,Fully conscious/deliberative,Somewhat clear,Quite easy,Rather confident,I tried to memorise the connections from part 1 of the bee game.
Qumo9aptqbzaerkhxqub8q5eeQ,unconstrained,39.0,"[[7, 6, 5, 3], [4, 1, 7, 6, 2]]",1.0,3.216,0,Fully conscious/deliberative,Somewhat clear,Quite easy,Rather confident,I tried to memorise the connections from part 1 of the bee game.
Qumo9aptqbzaerkhxqub8q5eeQ,unconstrained,40.0,"[[6, 7, 0], [0, 7, 1, 4]]",1.0,6.866,0,Fully conscious/deliberative,Somewhat clear,Quite easy,Rather confident,I tried to memorise the connections from part 1 of the bee game.
Qumo9aptqbzaerkhxqub8q5eeQ,unconstrained,41.0,"[[2, 6, 7, 0], [0, 7, 1]]",0.0,3.652,0,Fully conscious/deliberative,Somewhat clear,Quite easy,Rather confident,I tried to memorise the connections from part 1 of the bee game.
Qumo9aptqbzaerkhxqub8q5eeQ,unconstrained,42.0,"[[0, 7, 1], [5, 6, 7, 1]]",0.0,2.527,1,Fully conscious/deliberative,Somewhat clear,Quite easy,Rather confident,I tried to memorise the connections from part 1 of the bee game.
Qumo9aptqbzaerkhxqub8q5eeQ,unconstrained,43.0,"[[4, 1, 7, 0], [7, 6, 2]]",1.0,2.616,1,Fully conscious/deliberative,Somewhat clear,Quite easy,Rather confident,I tried to memorise the connections from part 1 of the bee game.
Qumo9aptqbzaerkhxqub8q5eeQ,unconstrained,44.0,"[[0, 7, 6, 2], [0, 7, 6, 5, 3]]",1.0,2.117,0,Fully conscious/deliberative,Somewhat clear,Quite easy,Rather confident,I tried to memorise the connections from part 1 of the bee game.
Qumo9aptqbzaerkhxqub8q5eeQ,unconstrained,45.0,"[[5, 6, 2], [1, 7, 6, 2]]",1.0,4.825,0,Fully conscious/deliberative,Somewhat clear,Quite easy,Rather confident,I tried to memorise the connections from part 1 of the bee game.
Qumo9aptqbzaerkhxqub8q5eeQ,unconstrained,46.0,"[[7, 1, 4], [2, 6, 7, 1]]",0.0,51.222,1,Fully conscious/deliberative,Somewhat clear,Quite easy,Rather confident,I tried to memorise the connections from part 1 of the bee game.
Qumo9aptqbzaerkhxqub8q5eeQ,unconstrained,47.0,"[[3, 5, 6, 7, 1], [2, 6, 5, 3]]",1.0,23.603,1,Fully conscious/deliberative,Somewhat clear,Quite easy,Rather confident,I tried to memorise the connections from part 1 of the bee game.
Qumo9aptqbzaerkhxqub8q5eeQ,unconstrained,48.0,"[[7, 6, 2], [5, 6, 7, 1]]",0.0,7.702,1,Fully conscious/deliberative,Somewhat clear,Quite easy,Rather confident,I tried to memorise the connections from part 1 of the bee game.
Qumo9aptqbzaerkhxqub8q5eeQ,unconstrained,49.0,"[[7, 6, 5, 3], [4, 1, 7, 6, 5]]",1.0,1.36,0,Fully conscious/deliberative,Somewhat clear,Quite easy,Rather confident,I tried to memorise the connections from part 1 of the bee game.
Qumo9aptqbzaerkhxqub8q5eeQ,unconstrained,50.0,"[[6, 7, 1, 4], [5, 6, 7, 1, 4]]",0.0,4.709,1,Fully conscious/deliberative,Somewhat clear,Quite easy,Rather confident,I tried to memorise the connections from part 1 of the bee game.
Qumo9aptqbzaerkhxqub8q5eeQ,unconstrained,51.0,"[[2, 6, 7, 1], [6, 5, 3]]",0.0,3.609,0,Fully conscious/deliberative,Somewhat clear,Quite easy,Rather confident,I tried to memorise the connections from part 1 of the bee game.
Qumo9aptqbzaerkhxqub8q5eeQ,unconstrained,52.0,"[[7, 6, 5], [1, 7, 6, 5]]",0.0,1.466,1,Fully conscious/deliberative,Somewhat clear,Quite easy,Rather confident,I tried to memorise the connections from part 1 of the bee game.
Qumo9aptqbzaerkhxqub8q5eeQ,unconstrained,53.0,"[[6, 5, 3], [4, 1, 7, 0]]",1.0,3.077,0,Fully conscious/deliberative,Somewhat clear,Quite easy,Rather confident,I tried to memorise the connections from part 1 of the bee game.
Qumo9aptqbzaerkhxqub8q5eeQ,unconstrained,54.0,"[[4, 1, 7, 0], [7, 6, 5]]",0.0,2.616,0,Fully conscious/deliberative,Somewhat clear,Quite easy,Rather confident,I tried to memorise the connections from part 1 of the bee game.
Qumo9aptqbzaerkhxqub8q5eeQ,unconstrained,55.0,"[[6, 7, 1], [5, 6, 7, 0]]",0.0,3.576,1,Fully conscious/deliberative,Somewhat clear,Quite easy,Rather confident,I tried to memorise the connections from part 1 of the bee game.
Qumo9aptqbzaerkhxqub8q5eeQ,unconstrained,56.0,"[[4, 1, 7, 6], [0, 7, 1]]",0.0,1.689,0,Fully conscious/deliberative,Somewhat clear,Quite easy,Rather confident,I tried to memorise the connections from part 1 of the bee game.
Qumo9aptqbzaerkhxqub8q5eeQ,unconstrained,57.0,"[[5, 6, 7, 0], [4, 1, 7, 6, 2]]",0.0,2.81,1,Fully conscious/deliberative,Somewhat clear,Quite easy,Rather confident,I tried to memorise the connections from part 1 of the bee game.
Qumo9aptqbzaerkhxqub8q5eeQ,unconstrained,58.0,"[[2, 6, 5, 3], [5, 6, 7]]",0.0,0.905,0,Fully conscious/deliberative,Somewhat clear,Quite easy,Rather confident,I tried to memorise the connections from part 1 of the bee game.
Qumo9aptqbzaerkhxqub8q5eeQ,unconstrained,59.0,"[[7, 1, 4], [0, 7, 6, 2]]",1.0,2.293,0,Fully conscious/deliberative,Somewhat clear,Quite easy,Rather confident,I tried to memorise the connections from part 1 of the bee game.
Qumo9aptqbzaerkhxqub8q5eeQ,unconstrained,60.0,"[[4, 1, 7, 0], [1, 7, 6]]",1.0,4.508,1,Fully conscious/deliberative,Somewhat clear,Quite easy,Rather confident,I tried to memorise the connections from part 1 of the bee game.
Qumo9aptqbzaerkhxqub8q5eeQ,unconstrained,61.0,"[[4, 1, 7, 6, 2], [0, 7, 1, 4]]",0.0,3.961,0,Fully conscious/deliberative,Somewhat clear,Quite easy,Rather confident,I tried to memorise the connections from part 1 of the bee game.
Qumo9aptqbzaerkhxqub8q5eeQ,unconstrained,62.0,"[[3, 5, 6, 2], [1, 7, 6]]",0.0,1.849,0,Fully conscious/deliberative,Somewhat clear,Quite easy,Rather confident,I tried to memorise the connections from part 1 of the bee game.
Qumo9aptqbzaerkhxqub8q5eeQ,unconstrained,63.0,"[[2, 6, 5, 3], [6, 7, 0]]",0.0,6.726,0,Fully conscious/deliberative,Somewhat clear,Quite easy,Rather confident,I tried to memorise the connections from part 1 of the bee game.
Qumo9aptqbzaerkhxqub8q5eeQ,unconstrained,64.0,"[[4, 1, 7, 6], [7, 6, 2]]",0.0,50.751,0,Fully conscious/deliberative,Somewhat clear,Quite easy,Rather confident,I tried to memorise the connections from part 1 of the bee game.
Quxychhz65c4094inmids7n09Q,unconstrained,0.0,"[[0, 7, 6, 2], [3, 5, 6, 7, 0]]",1.0,3.116,0,Fully conscious/deliberative,Somewhat clear,Quite hard,Rather confident,"I just used my brains to think really hard about the answers. I only answered when I was ready, although I was not fully confident with my answers."
Quxychhz65c4094inmids7n09Q,unconstrained,1.0,"[[2, 6, 7], [2, 6, 7, 1]]",1.0,7.623,0,Fully conscious/deliberative,Somewhat clear,Quite hard,Rather confident,"I just used my brains to think really hard about the answers. I only answered when I was ready, although I was not fully confident with my answers."
Quxychhz65c4094inmids7n09Q,unconstrained,2.0,"[[2, 6, 5, 3], [3, 5, 6, 7, 1]]",0.0,5.709,1,Fully conscious/deliberative,Somewhat clear,Quite hard,Rather confident,"I just used my brains to think really hard about the answers. I only answered when I was ready, although I was not fully confident with my answers."
Quxychhz65c4094inmids7n09Q,unconstrained,3.0,"[[5, 6, 7, 1], [0, 7, 1]]",0.0,5.621,0,Fully conscious/deliberative,Somewhat clear,Quite hard,Rather confident,"I just used my brains to think really hard about the answers. I only answered when I was ready, although I was not fully confident with my answers."
Quxychhz65c4094inmids7n09Q,unconstrained,4.0,"[[4, 1, 7, 6, 5], [4, 1, 7, 6]]",1.0,5.545,1,Fully conscious/deliberative,Somewhat clear,Quite hard,Rather confident,"I just used my brains to think really hard about the answers. I only answered when I was ready, although I was not fully confident with my answers."
Quxychhz65c4094inmids7n09Q,unconstrained,5.0,"[[0, 7, 1, 4], [6, 5, 3]]",1.0,2.127,1,Fully conscious/deliberative,Somewhat clear,Quite hard,Rather confident,"I just used my brains to think really hard about the answers. I only answered when I was ready, although I was not fully confident with my answers."
Quxychhz65c4094inmids7n09Q,unconstrained,6.0,"[[3, 5, 6], [0, 7, 6, 2]]",1.0,1.836,0,Fully conscious/deliberative,Somewhat clear,Quite hard,Rather confident,"I just used my brains to think really hard about the answers. I only answered when I was ready, although I was not fully confident with my answers."
Quxychhz65c4094inmids7n09Q,unconstrained,7.0,"[[3, 5, 6, 7, 0], [6, 7, 1, 4]]",0.0,4.731,0,Fully conscious/deliberative,Somewhat clear,Quite hard,Rather confident,"I just used my brains to think really hard about the answers. I only answered when I was ready, although I was not fully confident with my answers."
Quxychhz65c4094inmids7n09Q,unconstrained,8.0,"[[1, 7, 6, 2], [6, 7, 1]]",1.0,3.604,1,Fully conscious/deliberative,Somewhat clear,Quite hard,Rather confident,"I just used my brains to think really hard about the answers. I only answered when I was ready, although I was not fully confident with my answers."
Quxychhz65c4094inmids7n09Q,unconstrained,9.0,"[[0, 7, 1], [3, 5, 6, 2]]",0.0,2.334,1,Fully conscious/deliberative,Somewhat clear,Quite hard,Rather confident,"I just used my brains to think really hard about the answers. I only answered when I was ready, although I was not fully confident with my answers."
Quxychhz65c4094inmids7n09Q,unconstrained,10.0,"[[2, 6, 5, 3], [7, 1, 4]]",1.0,6.155,1,Fully conscious/deliberative,Somewhat clear,Quite hard,Rather confident,"I just used my brains to think really hard about the answers. I only answered when I was ready, although I was not fully confident with my answers."
Quxychhz65c4094inmids7n09Q,unconstrained,11.0,"[[7, 6, 5], [2, 6, 5, 3]]",1.0,2.436,0,Fully conscious/deliberative,Somewhat clear,Quite hard,Rather confident,"I just used my brains to think really hard about the answers. I only answered when I was ready, although I was not fully confident with my answers."
Quxychhz65c4094inmids7n09Q,unconstrained,12.0,"[[7, 6, 5], [1, 7, 6, 5]]",1.0,2.12,0,Fully conscious/deliberative,Somewhat clear,Quite hard,Rather confident,"I just used my brains to think really hard about the answers. I only answered when I was ready, although I was not fully confident with my answers."
Quxychhz65c4094inmids7n09Q,unconstrained,13.0,"[[1, 7, 6, 5, 3], [1, 7, 6, 5]]",1.0,2.775,1,Fully conscious/deliberative,Somewhat clear,Quite hard,Rather confident,"I just used my brains to think really hard about the answers. I only answered when I was ready, although I was not fully confident with my answers."
Quxychhz65c4094inmids7n09Q,unconstrained,14.0,"[[6, 7, 1, 4], [1, 7, 0]]",0.0,4.876,0,Fully conscious/deliberative,Somewhat clear,Quite hard,Rather confident,"I just used my brains to think really hard about the answers. I only answered when I was ready, although I was not fully confident with my answers."
Quxychhz65c4094inmids7n09Q,unconstrained,15.0,"[[2, 6, 7, 1], [4, 1, 7]]",0.0,4.521,0,Fully conscious/deliberative,Somewhat clear,Quite hard,Rather confident,"I just used my brains to think really hard about the answers. I only answered when I was ready, although I was not fully confident with my answers."
Quxychhz65c4094inmids7n09Q,unconstrained,16.0,"[[7, 6, 5, 3], [2, 6, 7]]",1.0,2.588,1,Fully conscious/deliberative,Somewhat clear,Quite hard,Rather confident,"I just used my brains to think really hard about the answers. I only answered when I was ready, although I was not fully confident with my answers."
Quxychhz65c4094inmids7n09Q,unconstrained,17.0,"[[1, 7, 6, 2], [3, 5, 6, 7, 1]]",0.0,4.576,1,Fully conscious/deliberative,Somewhat clear,Quite hard,Rather confident,"I just used my brains to think really hard about the answers. I only answered when I was ready, although I was not fully confident with my answers."
Quxychhz65c4094inmids7n09Q,unconstrained,18.0,"[[0, 7, 6, 5], [5, 6, 2]]",0.0,6.313,0,Fully conscious/deliberative,Somewhat clear,Quite hard,Rather confident,"I just used my brains to think really hard about the answers. I only answered when I was ready, although I was not fully confident with my answers."
Quxychhz65c4094inmids7n09Q,unconstrained,19.0,"[[1, 7, 6, 5], [2, 6, 7]]",0.0,3.794,0,Fully conscious/deliberative,Somewhat clear,Quite hard,Rather confident,"I just used my brains to think really hard about the answers. I only answered when I was ready, although I was not fully confident with my answers."
Quxychhz65c4094inmids7n09Q,unconstrained,20.0,"[[2, 6, 5], [4, 1, 7, 0]]",1.0,5.085,0,Fully conscious/deliberative,Somewhat clear,Quite hard,Rather confident,"I just used my brains to think really hard about the answers. I only answered when I was ready, although I was not fully confident with my answers."
Quxychhz65c4094inmids7n09Q,unconstrained,21.0,"[[2, 6, 5, 3], [6, 7, 1]]",1.0,2.804,1,Fully conscious/deliberative,Somewhat clear,Quite hard,Rather confident,"I just used my brains to think really hard about the answers. I only answered when I was ready, although I was not fully confident with my answers."
Quxychhz65c4094inmids7n09Q,unconstrained,22.0,"[[5, 6, 7, 1, 4], [3, 5, 6, 7]]",1.0,2.273,1,Fully conscious/deliberative,Somewhat clear,Quite hard,Rather confident,"I just used my brains to think really hard about the answers. I only answered when I was ready, although I was not fully confident with my answers."
Quxychhz65c4094inmids7n09Q,unconstrained,23.0,"[[0, 7, 1], [1, 7, 6, 2]]",1.0,2.691,0,Fully conscious/deliberative,Somewhat clear,Quite hard,Rather confident,"I just used my brains to think really hard about the answers. I only answered when I was ready, although I was not fully confident with my answers."
Quxychhz65c4094inmids7n09Q,unconstrained,24.0,"[[5, 6, 7, 0], [4, 1, 7, 6, 2]]",0.0,11.911,1,Fully conscious/deliberative,Somewhat clear,Quite hard,Rather confident,"I just used my brains to think really hard about the answers. I only answered when I was ready, although I was not fully confident with my answers."
Quxychhz65c4094inmids7n09Q,unconstrained,25.0,"[[6, 7, 1], [0, 7, 1, 4]]",1.0,2.077,0,Fully conscious/deliberative,Somewhat clear,Quite hard,Rather confident,"I just used my brains to think really hard about the answers. I only answered when I was ready, although I was not fully confident with my answers."
Quxychhz65c4094inmids7n09Q,unconstrained,26.0,"[[7, 1, 4], [5, 6, 7, 0]]",0.0,4.46,1,Fully conscious/deliberative,Somewhat clear,Quite hard,Rather confident,"I just used my brains to think really hard about the answers. I only answered when I was ready, although I was not fully confident with my answers."
Quxychhz65c4094inmids7n09Q,unconstrained,27.0,"[[4, 1, 7, 6, 2], [2, 6, 5, 3]]",1.0,3.887,1,Fully conscious/deliberative,Somewhat clear,Quite hard,Rather confident,"I just used my brains to think really hard about the answers. I only answered when I was ready, although I was not fully confident with my answers."
Quxychhz65c4094inmids7n09Q,unconstrained,28.0,"[[1, 7, 6, 2], [5, 6, 2]]",1.0,4.496,1,Fully conscious/deliberative,Somewhat clear,Quite hard,Rather confident,"I just used my brains to think really hard about the answers. I only answered when I was ready, although I was not fully confident with my answers."
Quxychhz65c4094inmids7n09Q,unconstrained,29.0,"[[7, 1, 4], [0, 7, 6, 2]]",0.0,7.184,1,Fully conscious/deliberative,Somewhat clear,Quite hard,Rather confident,"I just used my brains to think really hard about the answers. I only answered when I was ready, although I was not fully confident with my answers."
Quxychhz65c4094inmids7n09Q,unconstrained,30.0,"[[5, 6, 7, 1, 4], [0, 7, 1, 4]]",1.0,2.879,1,Fully conscious/deliberative,Somewhat clear,Quite hard,Rather confident,"I just used my brains to think really hard about the answers. I only answered when I was ready, although I was not fully confident with my answers."
Quxychhz65c4094inmids7n09Q,unconstrained,31.0,"[[4, 1, 7, 6, 2], [4, 1, 7, 0]]",1.0,2.069,1,Fully conscious/deliberative,Somewhat clear,Quite hard,Rather confident,"I just used my brains to think really hard about the answers. I only answered when I was ready, although I was not fully confident with my answers."
Quxychhz65c4094inmids7n09Q,unconstrained,32.0,"[[7, 6, 5, 3], [2, 6, 5]]",0.0,2.814,0,Fully conscious/deliberative,Somewhat clear,Quite hard,Rather confident,"I just used my brains to think really hard about the answers. I only answered when I was ready, although I was not fully confident with my answers."
Quxychhz65c4094inmids7n09Q,unconstrained,33.0,"[[3, 5, 6], [1, 7, 6, 5]]",1.0,2.87,0,Fully conscious/deliberative,Somewhat clear,Quite hard,Rather confident,"I just used my brains to think really hard about the answers. I only answered when I was ready, although I was not fully confident with my answers."
Quxychhz65c4094inmids7n09Q,unconstrained,34.0,"[[2, 6, 7], [0, 7, 1, 4]]",0.0,4.131,1,Fully conscious/deliberative,Somewhat clear,Quite hard,Rather confident,"I just used my brains to think really hard about the answers. I only answered when I was ready, although I was not fully confident with my answers."
Quxychhz65c4094inmids7n09Q,unconstrained,35.0,"[[7, 6, 5, 3], [4, 1, 7, 6, 5]]",1.0,3.177,0,Fully conscious/deliberative,Somewhat clear,Quite hard,Rather confident,"I just used my brains to think really hard about the answers. I only answered when I was ready, although I was not fully confident with my answers."
Quxychhz65c4094inmids7n09Q,unconstrained,36.0,"[[0, 7, 6], [4, 1, 7, 0]]",1.0,7.089,0,Fully conscious/deliberative,Somewhat clear,Quite hard,Rather confident,"I just used my brains to think really hard about the answers. I only answered when I was ready, although I was not fully confident with my answers."
Quxychhz65c4094inmids7n09Q,unconstrained,37.0,"[[5, 6, 7], [6, 7, 1, 4]]",1.0,3.185,0,Fully conscious/deliberative,Somewhat clear,Quite hard,Rather confident,"I just used my brains to think really hard about the answers. I only answered when I was ready, although I was not fully confident with my answers."
Quxychhz65c4094inmids7n09Q,unconstrained,38.0,"[[1, 7, 0], [2, 6, 7, 1]]",1.0,3.715,0,Fully conscious/deliberative,Somewhat clear,Quite hard,Rather confident,"I just used my brains to think really hard about the answers. I only answered when I was ready, although I was not fully confident with my answers."
Quxychhz65c4094inmids7n09Q,unconstrained,39.0,"[[4, 1, 7, 6], [2, 6, 7]]",0.0,3.219,0,Fully conscious/deliberative,Somewhat clear,Quite hard,Rather confident,"I just used my brains to think really hard about the answers. I only answered when I was ready, although I was not fully confident with my answers."
Quxychhz65c4094inmids7n09Q,unconstrained,40.0,"[[4, 1, 7, 6, 2], [7, 6, 5, 3]]",1.0,2.809,1,Fully conscious/deliberative,Somewhat clear,Quite hard,Rather confident,"I just used my brains to think really hard about the answers. I only answered when I was ready, although I was not fully confident with my answers."
Quxychhz65c4094inmids7n09Q,unconstrained,41.0,"[[2, 6, 7], [4, 1, 7, 6]]",0.0,9.076,1,Fully conscious/deliberative,Somewhat clear,Quite hard,Rather confident,"I just used my brains to think really hard about the answers. I only answered when I was ready, although I was not fully confident with my answers."
Quxychhz65c4094inmids7n09Q,unconstrained,42.0,"[[0, 7, 6, 5], [6, 7, 1]]",0.0,4.035,0,Fully conscious/deliberative,Somewhat clear,Quite hard,Rather confident,"I just used my brains to think really hard about the answers. I only answered when I was ready, although I was not fully confident with my answers."
Quxychhz65c4094inmids7n09Q,unconstrained,43.0,"[[4, 1, 7, 6], [3, 5, 6]]",1.0,3.346,1,Fully conscious/deliberative,Somewhat clear,Quite hard,Rather confident,"I just used my brains to think really hard about the answers. I only answered when I was ready, although I was not fully confident with my answers."
Quxychhz65c4094inmids7n09Q,unconstrained,44.0,"[[1, 7, 6, 5, 3], [6, 7, 1, 4]]",0.0,3.862,0,Fully conscious/deliberative,Somewhat clear,Quite hard,Rather confident,"I just used my brains to think really hard about the answers. I only answered when I was ready, although I was not fully confident with my answers."
Quxychhz65c4094inmids7n09Q,unconstrained,45.0,"[[6, 5, 3], [2, 6, 7, 1]]",1.0,2.349,0,Fully conscious/deliberative,Somewhat clear,Quite hard,Rather confident,"I just used my brains to think really hard about the answers. I only answered when I was ready, although I was not fully confident with my answers."
Quxychhz65c4094inmids7n09Q,unconstrained,46.0,"[[1, 7, 0], [5, 6, 7, 0]]",0.0,3.178,1,Fully conscious/deliberative,Somewhat clear,Quite hard,Rather confident,"I just used my brains to think really hard about the answers. I only answered when I was ready, although I was not fully confident with my answers."
Quxychhz65c4094inmids7n09Q,unconstrained,47.0,"[[7, 1, 4], [1, 7, 6, 5]]",0.0,2.556,1,Fully conscious/deliberative,Somewhat clear,Quite hard,Rather confident,"I just used my brains to think really hard about the answers. I only answered when I was ready, although I was not fully confident with my answers."
Quxychhz65c4094inmids7n09Q,unconstrained,48.0,"[[7, 6, 2], [0, 7, 1, 4]]",0.0,2.371,1,Fully conscious/deliberative,Somewhat clear,Quite hard,Rather confident,"I just used my brains to think really hard about the answers. I only answered when I was ready, although I was not fully confident with my answers."
Quxychhz65c4094inmids7n09Q,unconstrained,49.0,"[[5, 6, 7, 1], [7, 1, 4]]",0.0,2.929,0,Fully conscious/deliberative,Somewhat clear,Quite hard,Rather confident,"I just used my brains to think really hard about the answers. I only answered when I was ready, although I was not fully confident with my answers."
Quxychhz65c4094inmids7n09Q,unconstrained,50.0,"[[7, 6, 5], [2, 6, 7, 0]]",1.0,2.233,0,Fully conscious/deliberative,Somewhat clear,Quite hard,Rather confident,"I just used my brains to think really hard about the answers. I only answered when I was ready, although I was not fully confident with my answers."
Quxychhz65c4094inmids7n09Q,unconstrained,51.0,"[[5, 6, 7, 1], [2, 6, 5]]",0.0,1.93,0,Fully conscious/deliberative,Somewhat clear,Quite hard,Rather confident,"I just used my brains to think really hard about the answers. I only answered when I was ready, although I was not fully confident with my answers."
Quxychhz65c4094inmids7n09Q,unconstrained,52.0,"[[6, 7, 1], [1, 7, 6, 5]]",1.0,4.237,0,Fully conscious/deliberative,Somewhat clear,Quite hard,Rather confident,"I just used my brains to think really hard about the answers. I only answered when I was ready, although I was not fully confident with my answers."
Quxychhz65c4094inmids7n09Q,unconstrained,53.0,"[[2, 6, 5], [6, 7, 1, 4]]",1.0,3.363,0,Fully conscious/deliberative,Somewhat clear,Quite hard,Rather confident,"I just used my brains to think really hard about the answers. I only answered when I was ready, although I was not fully confident with my answers."
Quxychhz65c4094inmids7n09Q,unconstrained,54.0,"[[1, 7, 0], [0, 7, 6, 2]]",1.0,3.659,0,Fully conscious/deliberative,Somewhat clear,Quite hard,Rather confident,"I just used my brains to think really hard about the answers. I only answered when I was ready, although I was not fully confident with my answers."
Quxychhz65c4094inmids7n09Q,unconstrained,55.0,"[[6, 7, 0], [3, 5, 6, 2]]",1.0,6.496,0,Fully conscious/deliberative,Somewhat clear,Quite hard,Rather confident,"I just used my brains to think really hard about the answers. I only answered when I was ready, although I was not fully confident with my answers."
Quxychhz65c4094inmids7n09Q,unconstrained,56.0,"[[2, 6, 5], [3, 5, 6, 2]]",0.0,6.707,1,Fully conscious/deliberative,Somewhat clear,Quite hard,Rather confident,"I just used my brains to think really hard about the answers. I only answered when I was ready, although I was not fully confident with my answers."
Quxychhz65c4094inmids7n09Q,unconstrained,57.0,"[[2, 6, 7, 1], [7, 1, 4]]",0.0,4.752,0,Fully conscious/deliberative,Somewhat clear,Quite hard,Rather confident,"I just used my brains to think really hard about the answers. I only answered when I was ready, although I was not fully confident with my answers."
Quxychhz65c4094inmids7n09Q,unconstrained,58.0,"[[0, 7, 6, 5], [7, 6, 5]]",0.0,3.552,0,Fully conscious/deliberative,Somewhat clear,Quite hard,Rather confident,"I just used my brains to think really hard about the answers. I only answered when I was ready, although I was not fully confident with my answers."
Quxychhz65c4094inmids7n09Q,unconstrained,59.0,"[[6, 7, 0], [5, 6, 7, 0]]",1.0,3.767,0,Fully conscious/deliberative,Somewhat clear,Quite hard,Rather confident,"I just used my brains to think really hard about the answers. I only answered when I was ready, although I was not fully confident with my answers."
Quxychhz65c4094inmids7n09Q,unconstrained,60.0,"[[3, 5, 6], [6, 7, 1, 4]]",1.0,4.066,0,Fully conscious/deliberative,Somewhat clear,Quite hard,Rather confident,"I just used my brains to think really hard about the answers. I only answered when I was ready, although I was not fully confident with my answers."
Quxychhz65c4094inmids7n09Q,unconstrained,61.0,"[[0, 7, 1, 4], [5, 6, 7]]",1.0,4.709,1,Fully conscious/deliberative,Somewhat clear,Quite hard,Rather confident,"I just used my brains to think really hard about the answers. I only answered when I was ready, although I was not fully confident with my answers."
Quxychhz65c4094inmids7n09Q,unconstrained,62.0,"[[2, 6, 7, 1], [0, 7, 6, 5, 3]]",0.0,2.603,1,Fully conscious/deliberative,Somewhat clear,Quite hard,Rather confident,"I just used my brains to think really hard about the answers. I only answered when I was ready, although I was not fully confident with my answers."
Quxychhz65c4094inmids7n09Q,unconstrained,63.0,"[[7, 6, 5], [2, 6, 7, 1]]",1.0,2.805,0,Fully conscious/deliberative,Somewhat clear,Quite hard,Rather confident,"I just used my brains to think really hard about the answers. I only answered when I was ready, although I was not fully confident with my answers."
Quxychhz65c4094inmids7n09Q,unconstrained,64.0,"[[4, 1, 7, 6, 5, 3], [2, 6, 7, 1, 4]]",0.0,2.259,0,Fully conscious/deliberative,Somewhat clear,Quite hard,Rather confident,"I just used my brains to think really hard about the answers. I only answered when I was ready, although I was not fully confident with my answers."
Qvj1wwoxblarbizgrnxnqwlx3Q,unconstrained,0.0,"[[4, 1, 7, 0], [5, 6, 2]]",1.0,7.287,1,Fairly conscious/deliberative,Somewhat clear,Quite hard,Confident,I had recorded some of the routes the bee took from the previous task and used this information in my current task.
Qvj1wwoxblarbizgrnxnqwlx3Q,unconstrained,1.0,"[[5, 6, 7], [3, 5, 6, 2]]",1.0,2.817,0,Fairly conscious/deliberative,Somewhat clear,Quite hard,Confident,I had recorded some of the routes the bee took from the previous task and used this information in my current task.
Qvj1wwoxblarbizgrnxnqwlx3Q,unconstrained,2.0,"[[5, 6, 7], [4, 1, 7, 0]]",0.0,2.636,1,Fairly conscious/deliberative,Somewhat clear,Quite hard,Confident,I had recorded some of the routes the bee took from the previous task and used this information in my current task.
Qvj1wwoxblarbizgrnxnqwlx3Q,unconstrained,3.0,"[[0, 7, 6, 5, 3], [4, 1, 7, 6]]",0.0,1.198,0,Fairly conscious/deliberative,Somewhat clear,Quite hard,Confident,I had recorded some of the routes the bee took from the previous task and used this information in my current task.
Qvj1wwoxblarbizgrnxnqwlx3Q,unconstrained,4.0,"[[6, 7, 1, 4], [3, 5, 6, 7, 1]]",0.0,4.009,1,Fairly conscious/deliberative,Somewhat clear,Quite hard,Confident,I had recorded some of the routes the bee took from the previous task and used this information in my current task.
Qvj1wwoxblarbizgrnxnqwlx3Q,unconstrained,5.0,"[[5, 6, 2], [2, 6, 5, 3]]",0.0,2.849,1,Fairly conscious/deliberative,Somewhat clear,Quite hard,Confident,I had recorded some of the routes the bee took from the previous task and used this information in my current task.
Qvj1wwoxblarbizgrnxnqwlx3Q,unconstrained,6.0,"[[4, 1, 7, 6, 5], [6, 7, 1, 4]]",0.0,1.903,0,Fairly conscious/deliberative,Somewhat clear,Quite hard,Confident,I had recorded some of the routes the bee took from the previous task and used this information in my current task.
Qvj1wwoxblarbizgrnxnqwlx3Q,unconstrained,7.0,"[[6, 7, 1], [0, 7, 1, 4]]",0.0,1.96,1,Fairly conscious/deliberative,Somewhat clear,Quite hard,Confident,I had recorded some of the routes the bee took from the previous task and used this information in my current task.
Qvj1wwoxblarbizgrnxnqwlx3Q,unconstrained,8.0,"[[4, 1, 7, 0], [2, 6, 7, 1, 4]]",1.0,1.344,0,Fairly conscious/deliberative,Somewhat clear,Quite hard,Confident,I had recorded some of the routes the bee took from the previous task and used this information in my current task.
Qvj1wwoxblarbizgrnxnqwlx3Q,unconstrained,9.0,"[[5, 6, 2], [7, 6, 5, 3]]",1.0,1.994,0,Fairly conscious/deliberative,Somewhat clear,Quite hard,Confident,I had recorded some of the routes the bee took from the previous task and used this information in my current task.
Qvj1wwoxblarbizgrnxnqwlx3Q,unconstrained,10.0,"[[7, 1, 4], [1, 7, 6, 2]]",0.0,1.157,1,Fairly conscious/deliberative,Somewhat clear,Quite hard,Confident,I had recorded some of the routes the bee took from the previous task and used this information in my current task.
Qvj1wwoxblarbizgrnxnqwlx3Q,unconstrained,11.0,"[[2, 6, 7], [0, 7, 1, 4]]",0.0,3.265,1,Fairly conscious/deliberative,Somewhat clear,Quite hard,Confident,I had recorded some of the routes the bee took from the previous task and used this information in my current task.
Qvj1wwoxblarbizgrnxnqwlx3Q,unconstrained,12.0,"[[5, 6, 7, 0], [0, 7, 6]]",0.0,1.48,0,Fairly conscious/deliberative,Somewhat clear,Quite hard,Confident,I had recorded some of the routes the bee took from the previous task and used this information in my current task.
Qvj1wwoxblarbizgrnxnqwlx3Q,unconstrained,13.0,"[[5, 6, 7, 0], [5, 6, 2]]",1.0,1.12,1,Fairly conscious/deliberative,Somewhat clear,Quite hard,Confident,I had recorded some of the routes the bee took from the previous task and used this information in my current task.
Qvj1wwoxblarbizgrnxnqwlx3Q,unconstrained,14.0,"[[2, 6, 7, 0], [0, 7, 1]]",0.0,0.888,0,Fairly conscious/deliberative,Somewhat clear,Quite hard,Confident,I had recorded some of the routes the bee took from the previous task and used this information in my current task.
Qvj1wwoxblarbizgrnxnqwlx3Q,unconstrained,15.0,"[[1, 7, 6, 5], [5, 6, 7]]",1.0,0.862,1,Fairly conscious/deliberative,Somewhat clear,Quite hard,Confident,I had recorded some of the routes the bee took from the previous task and used this information in my current task.
Qvj1wwoxblarbizgrnxnqwlx3Q,unconstrained,16.0,"[[4, 1, 7, 6, 5, 3], [2, 6, 7, 1, 4]]",0.0,1.079,0,Fairly conscious/deliberative,Somewhat clear,Quite hard,Confident,I had recorded some of the routes the bee took from the previous task and used this information in my current task.
Qvj1wwoxblarbizgrnxnqwlx3Q,unconstrained,17.0,"[[2, 6, 5, 3], [1, 7, 0]]",1.0,3.026,1,Fairly conscious/deliberative,Somewhat clear,Quite hard,Confident,I had recorded some of the routes the bee took from the previous task and used this information in my current task.
Qvj1wwoxblarbizgrnxnqwlx3Q,unconstrained,18.0,"[[6, 5, 3], [4, 1, 7, 0]]",1.0,1.008,0,Fairly conscious/deliberative,Somewhat clear,Quite hard,Confident,I had recorded some of the routes the bee took from the previous task and used this information in my current task.
Qvj1wwoxblarbizgrnxnqwlx3Q,unconstrained,19.0,"[[4, 1, 7, 6, 5], [7, 6, 5, 3]]",1.0,1.136,1,Fairly conscious/deliberative,Somewhat clear,Quite hard,Confident,I had recorded some of the routes the bee took from the previous task and used this information in my current task.
Qvj1wwoxblarbizgrnxnqwlx3Q,unconstrained,20.0,"[[3, 5, 6, 7], [4, 1, 7, 6, 5]]",0.0,1.568,1,Fairly conscious/deliberative,Somewhat clear,Quite hard,Confident,I had recorded some of the routes the bee took from the previous task and used this information in my current task.
Qvj1wwoxblarbizgrnxnqwlx3Q,unconstrained,21.0,"[[1, 7, 6, 5], [2, 6, 5]]",1.0,4.972,1,Fairly conscious/deliberative,Somewhat clear,Quite hard,Confident,I had recorded some of the routes the bee took from the previous task and used this information in my current task.
Qvj1wwoxblarbizgrnxnqwlx3Q,unconstrained,22.0,"[[4, 1, 7, 6], [7, 6, 2]]",1.0,3.964,1,Fairly conscious/deliberative,Somewhat clear,Quite hard,Confident,I had recorded some of the routes the bee took from the previous task and used this information in my current task.
Qvj1wwoxblarbizgrnxnqwlx3Q,unconstrained,23.0,"[[1, 7, 0], [4, 1, 7, 6]]",0.0,2.865,1,Fairly conscious/deliberative,Somewhat clear,Quite hard,Confident,I had recorded some of the routes the bee took from the previous task and used this information in my current task.
Qvj1wwoxblarbizgrnxnqwlx3Q,unconstrained,24.0,"[[6, 7, 1], [5, 6, 7, 1]]",0.0,2.048,1,Fairly conscious/deliberative,Somewhat clear,Quite hard,Confident,I had recorded some of the routes the bee took from the previous task and used this information in my current task.
Qvj1wwoxblarbizgrnxnqwlx3Q,unconstrained,25.0,"[[2, 6, 7, 1], [1, 7, 6]]",0.0,1.952,0,Fairly conscious/deliberative,Somewhat clear,Quite hard,Confident,I had recorded some of the routes the bee took from the previous task and used this information in my current task.
Qvj1wwoxblarbizgrnxnqwlx3Q,unconstrained,26.0,"[[5, 6, 7, 1], [4, 1, 7]]",1.0,3.468,1,Fairly conscious/deliberative,Somewhat clear,Quite hard,Confident,I had recorded some of the routes the bee took from the previous task and used this information in my current task.
Qvj1wwoxblarbizgrnxnqwlx3Q,unconstrained,27.0,"[[1, 7, 0], [5, 6, 7, 1]]",1.0,3.349,0,Fairly conscious/deliberative,Somewhat clear,Quite hard,Confident,I had recorded some of the routes the bee took from the previous task and used this information in my current task.
Qvj1wwoxblarbizgrnxnqwlx3Q,unconstrained,28.0,"[[1, 7, 6, 2], [3, 5, 6, 7, 0]]",0.0,2.257,1,Fairly conscious/deliberative,Somewhat clear,Quite hard,Confident,I had recorded some of the routes the bee took from the previous task and used this information in my current task.
Qvj1wwoxblarbizgrnxnqwlx3Q,unconstrained,29.0,"[[3, 5, 6, 2], [1, 7, 6]]",0.0,1.077,0,Fairly conscious/deliberative,Somewhat clear,Quite hard,Confident,I had recorded some of the routes the bee took from the previous task and used this information in my current task.
Qvj1wwoxblarbizgrnxnqwlx3Q,unconstrained,30.0,"[[5, 6, 7, 1], [3, 5, 6]]",1.0,1.096,1,Fairly conscious/deliberative,Somewhat clear,Quite hard,Confident,I had recorded some of the routes the bee took from the previous task and used this information in my current task.
Qvj1wwoxblarbizgrnxnqwlx3Q,unconstrained,31.0,"[[2, 6, 5, 3], [4, 1, 7, 6, 2]]",1.0,1.056,0,Fairly conscious/deliberative,Somewhat clear,Quite hard,Confident,I had recorded some of the routes the bee took from the previous task and used this information in my current task.
Qvj1wwoxblarbizgrnxnqwlx3Q,unconstrained,32.0,"[[2, 6, 5, 3], [0, 7, 6]]",1.0,1.783,1,Fairly conscious/deliberative,Somewhat clear,Quite hard,Confident,I had recorded some of the routes the bee took from the previous task and used this information in my current task.
Qvj1wwoxblarbizgrnxnqwlx3Q,unconstrained,33.0,"[[5, 6, 7, 1], [3, 5, 6, 7, 1]]",1.0,0.84,0,Fairly conscious/deliberative,Somewhat clear,Quite hard,Confident,I had recorded some of the routes the bee took from the previous task and used this information in my current task.
Qvj1wwoxblarbizgrnxnqwlx3Q,unconstrained,34.0,"[[5, 6, 7, 0], [4, 1, 7]]",0.0,0.862,0,Fairly conscious/deliberative,Somewhat clear,Quite hard,Confident,I had recorded some of the routes the bee took from the previous task and used this information in my current task.
Qvj1wwoxblarbizgrnxnqwlx3Q,unconstrained,35.0,"[[1, 7, 6, 5], [4, 1, 7]]",1.0,0.952,1,Fairly conscious/deliberative,Somewhat clear,Quite hard,Confident,I had recorded some of the routes the bee took from the previous task and used this information in my current task.
Qvj1wwoxblarbizgrnxnqwlx3Q,unconstrained,36.0,"[[5, 6, 7], [6, 7, 1, 4]]",1.0,1.639,0,Fairly conscious/deliberative,Somewhat clear,Quite hard,Confident,I had recorded some of the routes the bee took from the previous task and used this information in my current task.
Qvj1wwoxblarbizgrnxnqwlx3Q,unconstrained,37.0,"[[0, 7, 1], [1, 7, 6, 2]]",0.0,0.918,1,Fairly conscious/deliberative,Somewhat clear,Quite hard,Confident,I had recorded some of the routes the bee took from the previous task and used this information in my current task.
Qvj1wwoxblarbizgrnxnqwlx3Q,unconstrained,38.0,"[[3, 5, 6, 7, 1], [2, 6, 5, 3]]",1.0,1.857,1,Fairly conscious/deliberative,Somewhat clear,Quite hard,Confident,I had recorded some of the routes the bee took from the previous task and used this information in my current task.
Qvj1wwoxblarbizgrnxnqwlx3Q,unconstrained,39.0,"[[2, 6, 7, 1], [7, 1, 4]]",0.0,1.038,0,Fairly conscious/deliberative,Somewhat clear,Quite hard,Confident,I had recorded some of the routes the bee took from the previous task and used this information in my current task.
Qvj1wwoxblarbizgrnxnqwlx3Q,unconstrained,40.0,"[[2, 6, 7, 1], [3, 5, 6]]",1.0,0.943,1,Fairly conscious/deliberative,Somewhat clear,Quite hard,Confident,I had recorded some of the routes the bee took from the previous task and used this information in my current task.
Qvj1wwoxblarbizgrnxnqwlx3Q,unconstrained,41.0,"[[6, 7, 1], [0, 7, 6, 5]]",1.0,1.432,0,Fairly conscious/deliberative,Somewhat clear,Quite hard,Confident,I had recorded some of the routes the bee took from the previous task and used this information in my current task.
Qvj1wwoxblarbizgrnxnqwlx3Q,unconstrained,42.0,"[[1, 7, 6, 5, 3], [1, 7, 6, 2]]",1.0,0.857,1,Fairly conscious/deliberative,Somewhat clear,Quite hard,Confident,I had recorded some of the routes the bee took from the previous task and used this information in my current task.
Qvj1wwoxblarbizgrnxnqwlx3Q,unconstrained,43.0,"[[5, 6, 7, 0], [0, 7, 1]]",0.0,1.086,0,Fairly conscious/deliberative,Somewhat clear,Quite hard,Confident,I had recorded some of the routes the bee took from the previous task and used this information in my current task.
Qvj1wwoxblarbizgrnxnqwlx3Q,unconstrained,44.0,"[[7, 1, 4], [2, 6, 5, 3]]",0.0,3.38,1,Fairly conscious/deliberative,Somewhat clear,Quite hard,Confident,I had recorded some of the routes the bee took from the previous task and used this information in my current task.
Qvj1wwoxblarbizgrnxnqwlx3Q,unconstrained,45.0,"[[4, 1, 7, 0], [2, 6, 7]]",0.0,1.344,0,Fairly conscious/deliberative,Somewhat clear,Quite hard,Confident,I had recorded some of the routes the bee took from the previous task and used this information in my current task.
Qvj1wwoxblarbizgrnxnqwlx3Q,unconstrained,46.0,"[[2, 6, 7], [1, 7, 6, 5]]",0.0,4.278,1,Fairly conscious/deliberative,Somewhat clear,Quite hard,Confident,I had recorded some of the routes the bee took from the previous task and used this information in my current task.
Qvj1wwoxblarbizgrnxnqwlx3Q,unconstrained,47.0,"[[1, 7, 6, 2], [7, 6, 5]]",0.0,1.976,0,Fairly conscious/deliberative,Somewhat clear,Quite hard,Confident,I had recorded some of the routes the bee took from the previous task and used this information in my current task.
Qvj1wwoxblarbizgrnxnqwlx3Q,unconstrained,48.0,"[[6, 7, 1, 4], [3, 5, 6]]",0.0,2.224,0,Fairly conscious/deliberative,Somewhat clear,Quite hard,Confident,I had recorded some of the routes the bee took from the previous task and used this information in my current task.
Qvj1wwoxblarbizgrnxnqwlx3Q,unconstrained,49.0,"[[0, 7, 6, 2], [0, 7, 6, 5, 3]]",1.0,1.601,0,Fairly conscious/deliberative,Somewhat clear,Quite hard,Confident,I had recorded some of the routes the bee took from the previous task and used this information in my current task.
Qvj1wwoxblarbizgrnxnqwlx3Q,unconstrained,50.0,"[[2, 6, 7, 1, 4], [7, 6, 5, 3]]",0.0,2.69,0,Fairly conscious/deliberative,Somewhat clear,Quite hard,Confident,I had recorded some of the routes the bee took from the previous task and used this information in my current task.
Qvj1wwoxblarbizgrnxnqwlx3Q,unconstrained,51.0,"[[2, 6, 5], [4, 1, 7, 6]]",1.0,2.168,0,Fairly conscious/deliberative,Somewhat clear,Quite hard,Confident,I had recorded some of the routes the bee took from the previous task and used this information in my current task.
Qvj1wwoxblarbizgrnxnqwlx3Q,unconstrained,52.0,"[[0, 7, 6, 2], [5, 6, 7]]",1.0,1.704,1,Fairly conscious/deliberative,Somewhat clear,Quite hard,Confident,I had recorded some of the routes the bee took from the previous task and used this information in my current task.
Qvj1wwoxblarbizgrnxnqwlx3Q,unconstrained,53.0,"[[2, 6, 7], [6, 7, 1, 4]]",1.0,1.392,0,Fairly conscious/deliberative,Somewhat clear,Quite hard,Confident,I had recorded some of the routes the bee took from the previous task and used this information in my current task.
Qvj1wwoxblarbizgrnxnqwlx3Q,unconstrained,54.0,"[[2, 6, 7, 0], [6, 5, 3]]",1.0,3.012,1,Fairly conscious/deliberative,Somewhat clear,Quite hard,Confident,I had recorded some of the routes the bee took from the previous task and used this information in my current task.
Qvj1wwoxblarbizgrnxnqwlx3Q,unconstrained,55.0,"[[2, 6, 7], [3, 5, 6, 7]]",1.0,1.92,0,Fairly conscious/deliberative,Somewhat clear,Quite hard,Confident,I had recorded some of the routes the bee took from the previous task and used this information in my current task.
Qvj1wwoxblarbizgrnxnqwlx3Q,unconstrained,56.0,"[[0, 7, 1, 4], [6, 7, 0]]",1.0,4.534,1,Fairly conscious/deliberative,Somewhat clear,Quite hard,Confident,I had recorded some of the routes the bee took from the previous task and used this information in my current task.
Qvj1wwoxblarbizgrnxnqwlx3Q,unconstrained,57.0,"[[4, 1, 7, 6], [3, 5, 6]]",0.0,2.226,0,Fairly conscious/deliberative,Somewhat clear,Quite hard,Confident,I had recorded some of the routes the bee took from the previous task and used this information in my current task.
Qvj1wwoxblarbizgrnxnqwlx3Q,unconstrained,58.0,"[[0, 7, 1, 4], [4, 1, 7, 6, 5]]",0.0,1.72,1,Fairly conscious/deliberative,Somewhat clear,Quite hard,Confident,I had recorded some of the routes the bee took from the previous task and used this information in my current task.
Qvj1wwoxblarbizgrnxnqwlx3Q,unconstrained,59.0,"[[0, 7, 6, 5], [7, 6, 5]]",0.0,1.93,0,Fairly conscious/deliberative,Somewhat clear,Quite hard,Confident,I had recorded some of the routes the bee took from the previous task and used this information in my current task.
Qvj1wwoxblarbizgrnxnqwlx3Q,unconstrained,60.0,"[[2, 6, 7], [2, 6, 7, 1]]",0.0,1.912,1,Fairly conscious/deliberative,Somewhat clear,Quite hard,Confident,I had recorded some of the routes the bee took from the previous task and used this information in my current task.
Qvj1wwoxblarbizgrnxnqwlx3Q,unconstrained,61.0,"[[5, 6, 2], [1, 7, 6, 2]]",1.0,1.544,0,Fairly conscious/deliberative,Somewhat clear,Quite hard,Confident,I had recorded some of the routes the bee took from the previous task and used this information in my current task.
Qvj1wwoxblarbizgrnxnqwlx3Q,unconstrained,62.0,"[[5, 6, 7, 0], [2, 6, 7, 1, 4]]",0.0,1.568,1,Fairly conscious/deliberative,Somewhat clear,Quite hard,Confident,I had recorded some of the routes the bee took from the previous task and used this information in my current task.
Qvj1wwoxblarbizgrnxnqwlx3Q,unconstrained,63.0,"[[2, 6, 7, 1], [0, 7, 1]]",0.0,1.224,0,Fairly conscious/deliberative,Somewhat clear,Quite hard,Confident,I had recorded some of the routes the bee took from the previous task and used this information in my current task.
Qvj1wwoxblarbizgrnxnqwlx3Q,unconstrained,64.0,"[[4, 1, 7], [0, 7, 6, 2]]",0.0,0.854,1,Fairly conscious/deliberative,Somewhat clear,Quite hard,Confident,I had recorded some of the routes the bee took from the previous task and used this information in my current task.
Qvowaes1r95gzgugs7yoxog5hQ,unconstrained,0.0,"[[4, 1, 7, 0], [4, 1, 7, 6, 2]]",0.0,30.645,1,Fairly conscious/deliberative,Somewhat clear,Quite hard,Rather unconfident,"I didn't quite understand the instructions, from my understanding I thought about the known pairs from yesterday and thought about how they could be used to join the pairs shown today."
Qvowaes1r95gzgugs7yoxog5hQ,unconstrained,1.0,"[[0, 7, 6, 5, 3], [4, 1, 7, 6]]",1.0,6.536,1,Fairly conscious/deliberative,Somewhat clear,Quite hard,Rather unconfident,"I didn't quite understand the instructions, from my understanding I thought about the known pairs from yesterday and thought about how they could be used to join the pairs shown today."
Qvowaes1r95gzgugs7yoxog5hQ,unconstrained,2.0,"[[1, 7, 6, 2], [5, 6, 7]]",0.0,3.029,0,Fairly conscious/deliberative,Somewhat clear,Quite hard,Rather unconfident,"I didn't quite understand the instructions, from my understanding I thought about the known pairs from yesterday and thought about how they could be used to join the pairs shown today."
Qvowaes1r95gzgugs7yoxog5hQ,unconstrained,3.0,"[[2, 6, 7, 1, 4], [3, 5, 6, 2]]",0.0,7.76,0,Fairly conscious/deliberative,Somewhat clear,Quite hard,Rather unconfident,"I didn't quite understand the instructions, from my understanding I thought about the known pairs from yesterday and thought about how they could be used to join the pairs shown today."
Qvowaes1r95gzgugs7yoxog5hQ,unconstrained,4.0,"[[2, 6, 7, 1], [2, 6, 5]]",0.0,2.584,0,Fairly conscious/deliberative,Somewhat clear,Quite hard,Rather unconfident,"I didn't quite understand the instructions, from my understanding I thought about the known pairs from yesterday and thought about how they could be used to join the pairs shown today."
Qvowaes1r95gzgugs7yoxog5hQ,unconstrained,5.0,"[[2, 6, 5, 3], [0, 7, 1]]",1.0,4.73,1,Fairly conscious/deliberative,Somewhat clear,Quite hard,Rather unconfident,"I didn't quite understand the instructions, from my understanding I thought about the known pairs from yesterday and thought about how they could be used to join the pairs shown today."
Qvowaes1r95gzgugs7yoxog5hQ,unconstrained,6.0,"[[5, 6, 7, 0], [2, 6, 7, 1, 4]]",0.0,3.09,1,Fairly conscious/deliberative,Somewhat clear,Quite hard,Rather unconfident,"I didn't quite understand the instructions, from my understanding I thought about the known pairs from yesterday and thought about how they could be used to join the pairs shown today."
Qvowaes1r95gzgugs7yoxog5hQ,unconstrained,7.0,"[[3, 5, 6, 7, 0], [2, 6, 7, 0]]",1.0,2.214,1,Fairly conscious/deliberative,Somewhat clear,Quite hard,Rather unconfident,"I didn't quite understand the instructions, from my understanding I thought about the known pairs from yesterday and thought about how they could be used to join the pairs shown today."
Qvowaes1r95gzgugs7yoxog5hQ,unconstrained,8.0,"[[7, 6, 5, 3], [4, 1, 7, 6, 5]]",0.0,1.601,1,Fairly conscious/deliberative,Somewhat clear,Quite hard,Rather unconfident,"I didn't quite understand the instructions, from my understanding I thought about the known pairs from yesterday and thought about how they could be used to join the pairs shown today."
Qvowaes1r95gzgugs7yoxog5hQ,unconstrained,9.0,"[[4, 1, 7], [0, 7, 6, 2]]",1.0,6.522,0,Fairly conscious/deliberative,Somewhat clear,Quite hard,Rather unconfident,"I didn't quite understand the instructions, from my understanding I thought about the known pairs from yesterday and thought about how they could be used to join the pairs shown today."
Qvowaes1r95gzgugs7yoxog5hQ,unconstrained,10.0,"[[6, 7, 1, 4], [3, 5, 6, 7, 1]]",1.0,5.457,0,Fairly conscious/deliberative,Somewhat clear,Quite hard,Rather unconfident,"I didn't quite understand the instructions, from my understanding I thought about the known pairs from yesterday and thought about how they could be used to join the pairs shown today."
Qvowaes1r95gzgugs7yoxog5hQ,unconstrained,11.0,"[[2, 6, 7, 1], [0, 7, 6, 5, 3]]",1.0,2.294,0,Fairly conscious/deliberative,Somewhat clear,Quite hard,Rather unconfident,"I didn't quite understand the instructions, from my understanding I thought about the known pairs from yesterday and thought about how they could be used to join the pairs shown today."
Qvowaes1r95gzgugs7yoxog5hQ,unconstrained,12.0,"[[1, 7, 6, 5], [1, 7, 6, 5, 3]]",1.0,2.245,0,Fairly conscious/deliberative,Somewhat clear,Quite hard,Rather unconfident,"I didn't quite understand the instructions, from my understanding I thought about the known pairs from yesterday and thought about how they could be used to join the pairs shown today."
Qvowaes1r95gzgugs7yoxog5hQ,unconstrained,13.0,"[[2, 6, 7, 1], [0, 7, 1]]",1.0,4.249,1,Fairly conscious/deliberative,Somewhat clear,Quite hard,Rather unconfident,"I didn't quite understand the instructions, from my understanding I thought about the known pairs from yesterday and thought about how they could be used to join the pairs shown today."
Qvowaes1r95gzgugs7yoxog5hQ,unconstrained,14.0,"[[3, 5, 6, 2], [7, 6, 5]]",1.0,2.117,1,Fairly conscious/deliberative,Somewhat clear,Quite hard,Rather unconfident,"I didn't quite understand the instructions, from my understanding I thought about the known pairs from yesterday and thought about how they could be used to join the pairs shown today."
Qvowaes1r95gzgugs7yoxog5hQ,unconstrained,15.0,"[[1, 7, 6, 2], [1, 7, 6, 5, 3]]",1.0,2.257,0,Fairly conscious/deliberative,Somewhat clear,Quite hard,Rather unconfident,"I didn't quite understand the instructions, from my understanding I thought about the known pairs from yesterday and thought about how they could be used to join the pairs shown today."
Qvowaes1r95gzgugs7yoxog5hQ,unconstrained,16.0,"[[4, 1, 7, 6, 5], [3, 5, 6, 7]]",0.0,2.775,0,Fairly conscious/deliberative,Somewhat clear,Quite hard,Rather unconfident,"I didn't quite understand the instructions, from my understanding I thought about the known pairs from yesterday and thought about how they could be used to join the pairs shown today."
Qvowaes1r95gzgugs7yoxog5hQ,unconstrained,17.0,"[[3, 5, 6], [0, 7, 1, 4]]",0.0,2.191,1,Fairly conscious/deliberative,Somewhat clear,Quite hard,Rather unconfident,"I didn't quite understand the instructions, from my understanding I thought about the known pairs from yesterday and thought about how they could be used to join the pairs shown today."
Qvowaes1r95gzgugs7yoxog5hQ,unconstrained,18.0,"[[7, 6, 5], [0, 7, 6, 2]]",1.0,4.893,0,Fairly conscious/deliberative,Somewhat clear,Quite hard,Rather unconfident,"I didn't quite understand the instructions, from my understanding I thought about the known pairs from yesterday and thought about how they could be used to join the pairs shown today."
Qvowaes1r95gzgugs7yoxog5hQ,unconstrained,19.0,"[[0, 7, 1], [5, 6, 7, 1]]",0.0,12.907,1,Fairly conscious/deliberative,Somewhat clear,Quite hard,Rather unconfident,"I didn't quite understand the instructions, from my understanding I thought about the known pairs from yesterday and thought about how they could be used to join the pairs shown today."
Qvowaes1r95gzgugs7yoxog5hQ,unconstrained,20.0,"[[5, 6, 7, 1], [4, 1, 7]]",1.0,9.167,1,Fairly conscious/deliberative,Somewhat clear,Quite hard,Rather unconfident,"I didn't quite understand the instructions, from my understanding I thought about the known pairs from yesterday and thought about how they could be used to join the pairs shown today."
Qvowaes1r95gzgugs7yoxog5hQ,unconstrained,21.0,"[[2, 6, 7], [1, 7, 6, 5]]",1.0,2.644,0,Fairly conscious/deliberative,Somewhat clear,Quite hard,Rather unconfident,"I didn't quite understand the instructions, from my understanding I thought about the known pairs from yesterday and thought about how they could be used to join the pairs shown today."
Qvowaes1r95gzgugs7yoxog5hQ,unconstrained,22.0,"[[1, 7, 6], [3, 5, 6, 2]]",1.0,2.139,0,Fairly conscious/deliberative,Somewhat clear,Quite hard,Rather unconfident,"I didn't quite understand the instructions, from my understanding I thought about the known pairs from yesterday and thought about how they could be used to join the pairs shown today."
Qvowaes1r95gzgugs7yoxog5hQ,unconstrained,23.0,"[[7, 6, 2], [0, 7, 1, 4]]",1.0,2.449,0,Fairly conscious/deliberative,Somewhat clear,Quite hard,Rather unconfident,"I didn't quite understand the instructions, from my understanding I thought about the known pairs from yesterday and thought about how they could be used to join the pairs shown today."
Qvowaes1r95gzgugs7yoxog5hQ,unconstrained,24.0,"[[0, 7, 1], [2, 6, 7, 1]]",1.0,10.185,0,Fairly conscious/deliberative,Somewhat clear,Quite hard,Rather unconfident,"I didn't quite understand the instructions, from my understanding I thought about the known pairs from yesterday and thought about how they could be used to join the pairs shown today."
Qvowaes1r95gzgugs7yoxog5hQ,unconstrained,25.0,"[[3, 5, 6, 7, 1], [2, 6, 5, 3]]",1.0,8.464,1,Fairly conscious/deliberative,Somewhat clear,Quite hard,Rather unconfident,"I didn't quite understand the instructions, from my understanding I thought about the known pairs from yesterday and thought about how they could be used to join the pairs shown today."
Qvowaes1r95gzgugs7yoxog5hQ,unconstrained,26.0,"[[6, 7, 0], [0, 7, 6, 5]]",0.0,2.625,1,Fairly conscious/deliberative,Somewhat clear,Quite hard,Rather unconfident,"I didn't quite understand the instructions, from my understanding I thought about the known pairs from yesterday and thought about how they could be used to join the pairs shown today."
Qvowaes1r95gzgugs7yoxog5hQ,unconstrained,27.0,"[[6, 5, 3], [1, 7, 6, 5]]",1.0,4.336,0,Fairly conscious/deliberative,Somewhat clear,Quite hard,Rather unconfident,"I didn't quite understand the instructions, from my understanding I thought about the known pairs from yesterday and thought about how they could be used to join the pairs shown today."
Qvowaes1r95gzgugs7yoxog5hQ,unconstrained,28.0,"[[4, 1, 7], [0, 7, 6, 5]]",0.0,1.646,1,Fairly conscious/deliberative,Somewhat clear,Quite hard,Rather unconfident,"I didn't quite understand the instructions, from my understanding I thought about the known pairs from yesterday and thought about how they could be used to join the pairs shown today."
Qvowaes1r95gzgugs7yoxog5hQ,unconstrained,29.0,"[[0, 7, 1], [6, 7, 1, 4]]",0.0,3.068,1,Fairly conscious/deliberative,Somewhat clear,Quite hard,Rather unconfident,"I didn't quite understand the instructions, from my understanding I thought about the known pairs from yesterday and thought about how they could be used to join the pairs shown today."
Qvowaes1r95gzgugs7yoxog5hQ,unconstrained,30.0,"[[5, 6, 7, 0], [0, 7, 1]]",0.0,2.061,0,Fairly conscious/deliberative,Somewhat clear,Quite hard,Rather unconfident,"I didn't quite understand the instructions, from my understanding I thought about the known pairs from yesterday and thought about how they could be used to join the pairs shown today."
Qvowaes1r95gzgugs7yoxog5hQ,unconstrained,31.0,"[[5, 6, 7], [4, 1, 7, 0]]",0.0,3.619,1,Fairly conscious/deliberative,Somewhat clear,Quite hard,Rather unconfident,"I didn't quite understand the instructions, from my understanding I thought about the known pairs from yesterday and thought about how they could be used to join the pairs shown today."
Qvowaes1r95gzgugs7yoxog5hQ,unconstrained,32.0,"[[1, 7, 6], [2, 6, 7, 1]]",0.0,1.84,1,Fairly conscious/deliberative,Somewhat clear,Quite hard,Rather unconfident,"I didn't quite understand the instructions, from my understanding I thought about the known pairs from yesterday and thought about how they could be used to join the pairs shown today."
Qvowaes1r95gzgugs7yoxog5hQ,unconstrained,33.0,"[[1, 7, 6, 5], [2, 6, 5]]",0.0,4.625,0,Fairly conscious/deliberative,Somewhat clear,Quite hard,Rather unconfident,"I didn't quite understand the instructions, from my understanding I thought about the known pairs from yesterday and thought about how they could be used to join the pairs shown today."
Qvowaes1r95gzgugs7yoxog5hQ,unconstrained,34.0,"[[2, 6, 7, 1], [4, 1, 7]]",1.0,4.888,1,Fairly conscious/deliberative,Somewhat clear,Quite hard,Rather unconfident,"I didn't quite understand the instructions, from my understanding I thought about the known pairs from yesterday and thought about how they could be used to join the pairs shown today."
Qvowaes1r95gzgugs7yoxog5hQ,unconstrained,35.0,"[[5, 6, 7, 0], [5, 6, 2]]",0.0,6.475,0,Fairly conscious/deliberative,Somewhat clear,Quite hard,Rather unconfident,"I didn't quite understand the instructions, from my understanding I thought about the known pairs from yesterday and thought about how they could be used to join the pairs shown today."
Qvowaes1r95gzgugs7yoxog5hQ,unconstrained,36.0,"[[3, 5, 6], [4, 1, 7, 6]]",0.0,7.111,1,Fairly conscious/deliberative,Somewhat clear,Quite hard,Rather unconfident,"I didn't quite understand the instructions, from my understanding I thought about the known pairs from yesterday and thought about how they could be used to join the pairs shown today."
Qvowaes1r95gzgugs7yoxog5hQ,unconstrained,37.0,"[[2, 6, 7, 1, 4], [7, 6, 5, 3]]",0.0,4.256,0,Fairly conscious/deliberative,Somewhat clear,Quite hard,Rather unconfident,"I didn't quite understand the instructions, from my understanding I thought about the known pairs from yesterday and thought about how they could be used to join the pairs shown today."
Qvowaes1r95gzgugs7yoxog5hQ,unconstrained,38.0,"[[2, 6, 7], [6, 7, 1, 4]]",0.0,5.751,1,Fairly conscious/deliberative,Somewhat clear,Quite hard,Rather unconfident,"I didn't quite understand the instructions, from my understanding I thought about the known pairs from yesterday and thought about how they could be used to join the pairs shown today."
Qvowaes1r95gzgugs7yoxog5hQ,unconstrained,39.0,"[[3, 5, 6, 7], [7, 6, 2]]",1.0,2.945,1,Fairly conscious/deliberative,Somewhat clear,Quite hard,Rather unconfident,"I didn't quite understand the instructions, from my understanding I thought about the known pairs from yesterday and thought about how they could be used to join the pairs shown today."
Qvowaes1r95gzgugs7yoxog5hQ,unconstrained,40.0,"[[4, 1, 7, 6, 5, 3], [4, 1, 7, 6, 2]]",1.0,2.582,1,Fairly conscious/deliberative,Somewhat clear,Quite hard,Rather unconfident,"I didn't quite understand the instructions, from my understanding I thought about the known pairs from yesterday and thought about how they could be used to join the pairs shown today."
Qvowaes1r95gzgugs7yoxog5hQ,unconstrained,41.0,"[[7, 6, 5], [5, 6, 7, 0]]",0.0,2.14,1,Fairly conscious/deliberative,Somewhat clear,Quite hard,Rather unconfident,"I didn't quite understand the instructions, from my understanding I thought about the known pairs from yesterday and thought about how they could be used to join the pairs shown today."
Qvowaes1r95gzgugs7yoxog5hQ,unconstrained,42.0,"[[3, 5, 6, 2], [6, 7, 0]]",0.0,8.34,0,Fairly conscious/deliberative,Somewhat clear,Quite hard,Rather unconfident,"I didn't quite understand the instructions, from my understanding I thought about the known pairs from yesterday and thought about how they could be used to join the pairs shown today."
Qvowaes1r95gzgugs7yoxog5hQ,unconstrained,43.0,"[[0, 7, 1], [2, 6, 7, 0]]",0.0,1.705,1,Fairly conscious/deliberative,Somewhat clear,Quite hard,Rather unconfident,"I didn't quite understand the instructions, from my understanding I thought about the known pairs from yesterday and thought about how they could be used to join the pairs shown today."
Qvowaes1r95gzgugs7yoxog5hQ,unconstrained,44.0,"[[1, 7, 6, 5], [7, 1, 4]]",1.0,3.104,1,Fairly conscious/deliberative,Somewhat clear,Quite hard,Rather unconfident,"I didn't quite understand the instructions, from my understanding I thought about the known pairs from yesterday and thought about how they could be used to join the pairs shown today."
Qvowaes1r95gzgugs7yoxog5hQ,unconstrained,45.0,"[[1, 7, 6, 2], [2, 6, 7]]",1.0,1.579,1,Fairly conscious/deliberative,Somewhat clear,Quite hard,Rather unconfident,"I didn't quite understand the instructions, from my understanding I thought about the known pairs from yesterday and thought about how they could be used to join the pairs shown today."
Qvowaes1r95gzgugs7yoxog5hQ,unconstrained,46.0,"[[2, 6, 5, 3], [7, 1, 4]]",1.0,2.008,1,Fairly conscious/deliberative,Somewhat clear,Quite hard,Rather unconfident,"I didn't quite understand the instructions, from my understanding I thought about the known pairs from yesterday and thought about how they could be used to join the pairs shown today."
Qvowaes1r95gzgugs7yoxog5hQ,unconstrained,47.0,"[[7, 1, 4], [2, 6, 7, 1]]",1.0,4.589,0,Fairly conscious/deliberative,Somewhat clear,Quite hard,Rather unconfident,"I didn't quite understand the instructions, from my understanding I thought about the known pairs from yesterday and thought about how they could be used to join the pairs shown today."
Qvowaes1r95gzgugs7yoxog5hQ,unconstrained,48.0,"[[1, 7, 6, 2], [3, 5, 6]]",0.0,3.861,0,Fairly conscious/deliberative,Somewhat clear,Quite hard,Rather unconfident,"I didn't quite understand the instructions, from my understanding I thought about the known pairs from yesterday and thought about how they could be used to join the pairs shown today."
Qvowaes1r95gzgugs7yoxog5hQ,unconstrained,49.0,"[[2, 6, 7, 0], [6, 5, 3]]",0.0,8.219,0,Fairly conscious/deliberative,Somewhat clear,Quite hard,Rather unconfident,"I didn't quite understand the instructions, from my understanding I thought about the known pairs from yesterday and thought about how they could be used to join the pairs shown today."
Qvowaes1r95gzgugs7yoxog5hQ,unconstrained,50.0,"[[2, 6, 5], [2, 6, 5, 3]]",1.0,1.935,0,Fairly conscious/deliberative,Somewhat clear,Quite hard,Rather unconfident,"I didn't quite understand the instructions, from my understanding I thought about the known pairs from yesterday and thought about how they could be used to join the pairs shown today."
Qvowaes1r95gzgugs7yoxog5hQ,unconstrained,51.0,"[[3, 5, 6], [6, 7, 1, 4]]",0.0,1.858,1,Fairly conscious/deliberative,Somewhat clear,Quite hard,Rather unconfident,"I didn't quite understand the instructions, from my understanding I thought about the known pairs from yesterday and thought about how they could be used to join the pairs shown today."
Qvowaes1r95gzgugs7yoxog5hQ,unconstrained,52.0,"[[4, 1, 7, 0], [5, 6, 2]]",0.0,1.616,0,Fairly conscious/deliberative,Somewhat clear,Quite hard,Rather unconfident,"I didn't quite understand the instructions, from my understanding I thought about the known pairs from yesterday and thought about how they could be used to join the pairs shown today."
Qvowaes1r95gzgugs7yoxog5hQ,unconstrained,53.0,"[[0, 7, 1, 4], [4, 1, 7, 6, 5]]",0.0,1.012,1,Fairly conscious/deliberative,Somewhat clear,Quite hard,Rather unconfident,"I didn't quite understand the instructions, from my understanding I thought about the known pairs from yesterday and thought about how they could be used to join the pairs shown today."
Qvowaes1r95gzgugs7yoxog5hQ,unconstrained,54.0,"[[1, 7, 6], [4, 1, 7, 0]]",1.0,1.385,0,Fairly conscious/deliberative,Somewhat clear,Quite hard,Rather unconfident,"I didn't quite understand the instructions, from my understanding I thought about the known pairs from yesterday and thought about how they could be used to join the pairs shown today."
Qvowaes1r95gzgugs7yoxog5hQ,unconstrained,55.0,"[[6, 7, 1, 4], [4, 1, 7, 6, 5]]",0.0,1.474,1,Fairly conscious/deliberative,Somewhat clear,Quite hard,Rather unconfident,"I didn't quite understand the instructions, from my understanding I thought about the known pairs from yesterday and thought about how they could be used to join the pairs shown today."
Qvowaes1r95gzgugs7yoxog5hQ,unconstrained,56.0,"[[6, 7, 1, 4], [5, 6, 2]]",0.0,1.843,0,Fairly conscious/deliberative,Somewhat clear,Quite hard,Rather unconfident,"I didn't quite understand the instructions, from my understanding I thought about the known pairs from yesterday and thought about how they could be used to join the pairs shown today."
Qvowaes1r95gzgugs7yoxog5hQ,unconstrained,57.0,"[[6, 7, 1, 4], [7, 6, 2]]",1.0,2.024,1,Fairly conscious/deliberative,Somewhat clear,Quite hard,Rather unconfident,"I didn't quite understand the instructions, from my understanding I thought about the known pairs from yesterday and thought about how they could be used to join the pairs shown today."
Qvowaes1r95gzgugs7yoxog5hQ,unconstrained,58.0,"[[6, 7, 1], [5, 6, 7, 0]]",0.0,1.62,1,Fairly conscious/deliberative,Somewhat clear,Quite hard,Rather unconfident,"I didn't quite understand the instructions, from my understanding I thought about the known pairs from yesterday and thought about how they could be used to join the pairs shown today."
Qvowaes1r95gzgugs7yoxog5hQ,unconstrained,59.0,"[[6, 7, 0], [4, 1, 7, 0]]",0.0,1.931,1,Fairly conscious/deliberative,Somewhat clear,Quite hard,Rather unconfident,"I didn't quite understand the instructions, from my understanding I thought about the known pairs from yesterday and thought about how they could be used to join the pairs shown today."
Qvowaes1r95gzgugs7yoxog5hQ,unconstrained,60.0,"[[0, 7, 1, 4], [7, 6, 2]]",0.0,1.672,0,Fairly conscious/deliberative,Somewhat clear,Quite hard,Rather unconfident,"I didn't quite understand the instructions, from my understanding I thought about the known pairs from yesterday and thought about how they could be used to join the pairs shown today."
Qvowaes1r95gzgugs7yoxog5hQ,unconstrained,61.0,"[[1, 7, 6], [5, 6, 7, 1]]",1.0,2.401,0,Fairly conscious/deliberative,Somewhat clear,Quite hard,Rather unconfident,"I didn't quite understand the instructions, from my understanding I thought about the known pairs from yesterday and thought about how they could be used to join the pairs shown today."
Qvowaes1r95gzgugs7yoxog5hQ,unconstrained,62.0,"[[5, 6, 2], [3, 5, 6, 7]]",1.0,3.468,0,Fairly conscious/deliberative,Somewhat clear,Quite hard,Rather unconfident,"I didn't quite understand the instructions, from my understanding I thought about the known pairs from yesterday and thought about how they could be used to join the pairs shown today."
Qvowaes1r95gzgugs7yoxog5hQ,unconstrained,63.0,"[[5, 6, 7], [4, 1, 7, 6]]",0.0,2.297,1,Fairly conscious/deliberative,Somewhat clear,Quite hard,Rather unconfident,"I didn't quite understand the instructions, from my understanding I thought about the known pairs from yesterday and thought about how they could be used to join the pairs shown today."
Qvowaes1r95gzgugs7yoxog5hQ,unconstrained,64.0,"[[5, 6, 7], [5, 6, 7, 1]]",1.0,1.483,0,Fairly conscious/deliberative,Somewhat clear,Quite hard,Rather unconfident,"I didn't quite understand the instructions, from my understanding I thought about the known pairs from yesterday and thought about how they could be used to join the pairs shown today."
Qwy4ycf451d0r67jjsflcojn2Q,unconstrained,0.0,"[[7, 6, 2], [0, 7, 1, 4]]",1.0,9.221,0,Fully intuitive/unconscious,Fully unclear,Hard,Unconfident,"No strategy - all it gave me today were a lot of different sets of 2 flowers, no actual game.  Apologies. "
Qwy4ycf451d0r67jjsflcojn2Q,unconstrained,1.0,"[[4, 1, 7, 6], [7, 6, 5]]",1.0,2.467,1,Fully intuitive/unconscious,Fully unclear,Hard,Unconfident,"No strategy - all it gave me today were a lot of different sets of 2 flowers, no actual game.  Apologies. "
Qwy4ycf451d0r67jjsflcojn2Q,unconstrained,2.0,"[[1, 7, 6, 2], [7, 1, 4]]",1.0,2.245,1,Fully intuitive/unconscious,Fully unclear,Hard,Unconfident,"No strategy - all it gave me today were a lot of different sets of 2 flowers, no actual game.  Apologies. "
Qwy4ycf451d0r67jjsflcojn2Q,unconstrained,3.0,"[[4, 1, 7, 6, 2], [0, 7, 1, 4]]",0.0,0.86,0,Fully intuitive/unconscious,Fully unclear,Hard,Unconfident,"No strategy - all it gave me today were a lot of different sets of 2 flowers, no actual game.  Apologies. "
Qwy4ycf451d0r67jjsflcojn2Q,unconstrained,4.0,"[[3, 5, 6, 2], [3, 5, 6, 7, 1]]",0.0,0.872,1,Fully intuitive/unconscious,Fully unclear,Hard,Unconfident,"No strategy - all it gave me today were a lot of different sets of 2 flowers, no actual game.  Apologies. "
Qwy4ycf451d0r67jjsflcojn2Q,unconstrained,5.0,"[[2, 6, 5, 3], [2, 6, 7, 1, 4]]",0.0,0.923,1,Fully intuitive/unconscious,Fully unclear,Hard,Unconfident,"No strategy - all it gave me today were a lot of different sets of 2 flowers, no actual game.  Apologies. "
Qwy4ycf451d0r67jjsflcojn2Q,unconstrained,6.0,"[[5, 6, 7], [2, 6, 7, 1]]",1.0,1.181,0,Fully intuitive/unconscious,Fully unclear,Hard,Unconfident,"No strategy - all it gave me today were a lot of different sets of 2 flowers, no actual game.  Apologies. "
Qwy4ycf451d0r67jjsflcojn2Q,unconstrained,7.0,"[[5, 6, 7, 1, 4], [3, 5, 6, 7]]",1.0,1.342,1,Fully intuitive/unconscious,Fully unclear,Hard,Unconfident,"No strategy - all it gave me today were a lot of different sets of 2 flowers, no actual game.  Apologies. "
Qwy4ycf451d0r67jjsflcojn2Q,unconstrained,8.0,"[[5, 6, 7, 0], [6, 7, 1]]",1.0,1.056,1,Fully intuitive/unconscious,Fully unclear,Hard,Unconfident,"No strategy - all it gave me today were a lot of different sets of 2 flowers, no actual game.  Apologies. "
Qwy4ycf451d0r67jjsflcojn2Q,unconstrained,9.0,"[[4, 1, 7], [2, 6, 7, 1]]",1.0,3.738,0,Fully intuitive/unconscious,Fully unclear,Hard,Unconfident,"No strategy - all it gave me today were a lot of different sets of 2 flowers, no actual game.  Apologies. "
Qwy4ycf451d0r67jjsflcojn2Q,unconstrained,10.0,"[[1, 7, 6, 5], [7, 6, 5]]",0.0,1.397,0,Fully intuitive/unconscious,Fully unclear,Hard,Unconfident,"No strategy - all it gave me today were a lot of different sets of 2 flowers, no actual game.  Apologies. "
Qwy4ycf451d0r67jjsflcojn2Q,unconstrained,11.0,"[[3, 5, 6], [4, 1, 7, 6]]",1.0,1.053,0,Fully intuitive/unconscious,Fully unclear,Hard,Unconfident,"No strategy - all it gave me today were a lot of different sets of 2 flowers, no actual game.  Apologies. "
Qwy4ycf451d0r67jjsflcojn2Q,unconstrained,12.0,"[[4, 1, 7, 0], [2, 6, 5]]",1.0,2.127,1,Fully intuitive/unconscious,Fully unclear,Hard,Unconfident,"No strategy - all it gave me today were a lot of different sets of 2 flowers, no actual game.  Apologies. "
Qwy4ycf451d0r67jjsflcojn2Q,unconstrained,13.0,"[[7, 6, 5, 3], [2, 6, 5]]",1.0,1.094,1,Fully intuitive/unconscious,Fully unclear,Hard,Unconfident,"No strategy - all it gave me today were a lot of different sets of 2 flowers, no actual game.  Apologies. "
Qwy4ycf451d0r67jjsflcojn2Q,unconstrained,14.0,"[[7, 6, 2], [2, 6, 7, 1]]",1.0,0.836,0,Fully intuitive/unconscious,Fully unclear,Hard,Unconfident,"No strategy - all it gave me today were a lot of different sets of 2 flowers, no actual game.  Apologies. "
Qwy4ycf451d0r67jjsflcojn2Q,unconstrained,15.0,"[[3, 5, 6, 2], [1, 7, 0]]",1.0,0.816,1,Fully intuitive/unconscious,Fully unclear,Hard,Unconfident,"No strategy - all it gave me today were a lot of different sets of 2 flowers, no actual game.  Apologies. "
Qwy4ycf451d0r67jjsflcojn2Q,unconstrained,16.0,"[[3, 5, 6, 7, 1, 4], [4, 1, 7, 6, 2]]",0.0,1.543,0,Fully intuitive/unconscious,Fully unclear,Hard,Unconfident,"No strategy - all it gave me today were a lot of different sets of 2 flowers, no actual game.  Apologies. "
Qwy4ycf451d0r67jjsflcojn2Q,unconstrained,17.0,"[[1, 7, 0], [1, 7, 6, 2]]",0.0,1.697,1,Fully intuitive/unconscious,Fully unclear,Hard,Unconfident,"No strategy - all it gave me today were a lot of different sets of 2 flowers, no actual game.  Apologies. "
Qwy4ycf451d0r67jjsflcojn2Q,unconstrained,18.0,"[[2, 6, 7, 1, 4], [3, 5, 6, 7]]",0.0,3.2,0,Fully intuitive/unconscious,Fully unclear,Hard,Unconfident,"No strategy - all it gave me today were a lot of different sets of 2 flowers, no actual game.  Apologies. "
Qwy4ycf451d0r67jjsflcojn2Q,unconstrained,19.0,"[[6, 7, 1, 4], [5, 6, 7, 1, 4]]",1.0,1.741,0,Fully intuitive/unconscious,Fully unclear,Hard,Unconfident,"No strategy - all it gave me today were a lot of different sets of 2 flowers, no actual game.  Apologies. "
Qwy4ycf451d0r67jjsflcojn2Q,unconstrained,20.0,"[[4, 1, 7, 0], [6, 5, 3]]",0.0,1.106,0,Fully intuitive/unconscious,Fully unclear,Hard,Unconfident,"No strategy - all it gave me today were a lot of different sets of 2 flowers, no actual game.  Apologies. "
Qwy4ycf451d0r67jjsflcojn2Q,unconstrained,21.0,"[[5, 6, 7, 1], [7, 1, 4]]",1.0,0.56,1,Fully intuitive/unconscious,Fully unclear,Hard,Unconfident,"No strategy - all it gave me today were a lot of different sets of 2 flowers, no actual game.  Apologies. "
Qwy4ycf451d0r67jjsflcojn2Q,unconstrained,22.0,"[[6, 7, 0], [0, 7, 6, 5]]",0.0,2.162,1,Fully intuitive/unconscious,Fully unclear,Hard,Unconfident,"No strategy - all it gave me today were a lot of different sets of 2 flowers, no actual game.  Apologies. "
Qwy4ycf451d0r67jjsflcojn2Q,unconstrained,23.0,"[[2, 6, 7], [6, 7, 1, 4]]",0.0,1.518,1,Fully intuitive/unconscious,Fully unclear,Hard,Unconfident,"No strategy - all it gave me today were a lot of different sets of 2 flowers, no actual game.  Apologies. "
Qwy4ycf451d0r67jjsflcojn2Q,unconstrained,24.0,"[[7, 6, 2], [4, 1, 7, 6]]",1.0,1.623,0,Fully intuitive/unconscious,Fully unclear,Hard,Unconfident,"No strategy - all it gave me today were a lot of different sets of 2 flowers, no actual game.  Apologies. "
Qwy4ycf451d0r67jjsflcojn2Q,unconstrained,25.0,"[[3, 5, 6], [2, 6, 7, 1]]",1.0,1.793,0,Fully intuitive/unconscious,Fully unclear,Hard,Unconfident,"No strategy - all it gave me today were a lot of different sets of 2 flowers, no actual game.  Apologies. "
Qwy4ycf451d0r67jjsflcojn2Q,unconstrained,26.0,"[[5, 6, 2], [5, 6, 7, 1]]",0.0,0.719,1,Fully intuitive/unconscious,Fully unclear,Hard,Unconfident,"No strategy - all it gave me today were a lot of different sets of 2 flowers, no actual game.  Apologies. "
Qwy4ycf451d0r67jjsflcojn2Q,unconstrained,27.0,"[[4, 1, 7, 0], [6, 7, 0]]",0.0,2.368,0,Fully intuitive/unconscious,Fully unclear,Hard,Unconfident,"No strategy - all it gave me today were a lot of different sets of 2 flowers, no actual game.  Apologies. "
Qwy4ycf451d0r67jjsflcojn2Q,unconstrained,28.0,"[[0, 7, 6, 5], [0, 7, 1]]",0.0,1.373,0,Fully intuitive/unconscious,Fully unclear,Hard,Unconfident,"No strategy - all it gave me today were a lot of different sets of 2 flowers, no actual game.  Apologies. "
Qwy4ycf451d0r67jjsflcojn2Q,unconstrained,29.0,"[[3, 5, 6, 7, 0], [2, 6, 7, 0]]",1.0,0.794,1,Fully intuitive/unconscious,Fully unclear,Hard,Unconfident,"No strategy - all it gave me today were a lot of different sets of 2 flowers, no actual game.  Apologies. "
Qwy4ycf451d0r67jjsflcojn2Q,unconstrained,30.0,"[[6, 7, 1, 4], [3, 5, 6, 7, 1]]",0.0,1.546,1,Fully intuitive/unconscious,Fully unclear,Hard,Unconfident,"No strategy - all it gave me today were a lot of different sets of 2 flowers, no actual game.  Apologies. "
Qwy4ycf451d0r67jjsflcojn2Q,unconstrained,31.0,"[[1, 7, 6, 5], [4, 1, 7]]",0.0,0.762,0,Fully intuitive/unconscious,Fully unclear,Hard,Unconfident,"No strategy - all it gave me today were a lot of different sets of 2 flowers, no actual game.  Apologies. "
Qwy4ycf451d0r67jjsflcojn2Q,unconstrained,32.0,"[[0, 7, 6, 5], [7, 1, 4]]",0.0,1.779,0,Fully intuitive/unconscious,Fully unclear,Hard,Unconfident,"No strategy - all it gave me today were a lot of different sets of 2 flowers, no actual game.  Apologies. "
Qwy4ycf451d0r67jjsflcojn2Q,unconstrained,33.0,"[[1, 7, 6, 2], [1, 7, 0]]",1.0,0.675,1,Fully intuitive/unconscious,Fully unclear,Hard,Unconfident,"No strategy - all it gave me today were a lot of different sets of 2 flowers, no actual game.  Apologies. "
Qwy4ycf451d0r67jjsflcojn2Q,unconstrained,34.0,"[[2, 6, 7], [5, 6, 7, 1]]",0.0,3.656,1,Fully intuitive/unconscious,Fully unclear,Hard,Unconfident,"No strategy - all it gave me today were a lot of different sets of 2 flowers, no actual game.  Apologies. "
Qwy4ycf451d0r67jjsflcojn2Q,unconstrained,35.0,"[[7, 6, 2], [0, 7, 1, 4]]",0.0,1.312,1,Fully intuitive/unconscious,Fully unclear,Hard,Unconfident,"No strategy - all it gave me today were a lot of different sets of 2 flowers, no actual game.  Apologies. "
Qwy4ycf451d0r67jjsflcojn2Q,unconstrained,36.0,"[[1, 7, 6], [2, 6, 7, 1]]",1.0,0.601,0,Fully intuitive/unconscious,Fully unclear,Hard,Unconfident,"No strategy - all it gave me today were a lot of different sets of 2 flowers, no actual game.  Apologies. "
Qwy4ycf451d0r67jjsflcojn2Q,unconstrained,37.0,"[[4, 1, 7, 0], [4, 1, 7, 6, 5]]",1.0,8.069,0,Fully intuitive/unconscious,Fully unclear,Hard,Unconfident,"No strategy - all it gave me today were a lot of different sets of 2 flowers, no actual game.  Apologies. "
Qwy4ycf451d0r67jjsflcojn2Q,unconstrained,38.0,"[[5, 6, 2], [0, 7, 6, 5]]",0.0,1.882,1,Fully intuitive/unconscious,Fully unclear,Hard,Unconfident,"No strategy - all it gave me today were a lot of different sets of 2 flowers, no actual game.  Apologies. "
Qwy4ycf451d0r67jjsflcojn2Q,unconstrained,39.0,"[[1, 7, 6], [4, 1, 7, 0]]",0.0,1.817,1,Fully intuitive/unconscious,Fully unclear,Hard,Unconfident,"No strategy - all it gave me today were a lot of different sets of 2 flowers, no actual game.  Apologies. "
Qwy4ycf451d0r67jjsflcojn2Q,unconstrained,40.0,"[[1, 7, 6], [3, 5, 6, 2]]",0.0,1.635,1,Fully intuitive/unconscious,Fully unclear,Hard,Unconfident,"No strategy - all it gave me today were a lot of different sets of 2 flowers, no actual game.  Apologies. "
Qwy4ycf451d0r67jjsflcojn2Q,unconstrained,41.0,"[[2, 6, 7, 0], [5, 6, 7]]",1.0,1.011,1,Fully intuitive/unconscious,Fully unclear,Hard,Unconfident,"No strategy - all it gave me today were a lot of different sets of 2 flowers, no actual game.  Apologies. "
Qwy4ycf451d0r67jjsflcojn2Q,unconstrained,42.0,"[[6, 5, 3], [0, 7, 6, 2]]",0.0,1.075,1,Fully intuitive/unconscious,Fully unclear,Hard,Unconfident,"No strategy - all it gave me today were a lot of different sets of 2 flowers, no actual game.  Apologies. "
Qwy4ycf451d0r67jjsflcojn2Q,unconstrained,43.0,"[[7, 6, 5], [0, 7, 1, 4]]",1.0,0.595,0,Fully intuitive/unconscious,Fully unclear,Hard,Unconfident,"No strategy - all it gave me today were a lot of different sets of 2 flowers, no actual game.  Apologies. "
Qwy4ycf451d0r67jjsflcojn2Q,unconstrained,44.0,"[[1, 7, 6, 5], [0, 7, 1]]",1.0,1.568,1,Fully intuitive/unconscious,Fully unclear,Hard,Unconfident,"No strategy - all it gave me today were a lot of different sets of 2 flowers, no actual game.  Apologies. "
Qwy4ycf451d0r67jjsflcojn2Q,unconstrained,45.0,"[[6, 7, 1], [1, 7, 6, 5]]",1.0,1.363,0,Fully intuitive/unconscious,Fully unclear,Hard,Unconfident,"No strategy - all it gave me today were a lot of different sets of 2 flowers, no actual game.  Apologies. "
Qwy4ycf451d0r67jjsflcojn2Q,unconstrained,46.0,"[[2, 6, 7], [3, 5, 6, 7]]",0.0,1.269,1,Fully intuitive/unconscious,Fully unclear,Hard,Unconfident,"No strategy - all it gave me today were a lot of different sets of 2 flowers, no actual game.  Apologies. "
Qwy4ycf451d0r67jjsflcojn2Q,unconstrained,47.0,"[[2, 6, 5], [3, 5, 6, 2]]",0.0,1.073,1,Fully intuitive/unconscious,Fully unclear,Hard,Unconfident,"No strategy - all it gave me today were a lot of different sets of 2 flowers, no actual game.  Apologies. "
Qwy4ycf451d0r67jjsflcojn2Q,unconstrained,48.0,"[[1, 7, 6, 2], [2, 6, 5]]",0.0,0.691,0,Fully intuitive/unconscious,Fully unclear,Hard,Unconfident,"No strategy - all it gave me today were a lot of different sets of 2 flowers, no actual game.  Apologies. "
Qwy4ycf451d0r67jjsflcojn2Q,unconstrained,49.0,"[[3, 5, 6, 2], [4, 1, 7]]",0.0,1.169,0,Fully intuitive/unconscious,Fully unclear,Hard,Unconfident,"No strategy - all it gave me today were a lot of different sets of 2 flowers, no actual game.  Apologies. "
Qwy4ycf451d0r67jjsflcojn2Q,unconstrained,50.0,"[[7, 1, 4], [0, 7, 6, 2]]",0.0,0.752,1,Fully intuitive/unconscious,Fully unclear,Hard,Unconfident,"No strategy - all it gave me today were a lot of different sets of 2 flowers, no actual game.  Apologies. "
Qwy4ycf451d0r67jjsflcojn2Q,unconstrained,51.0,"[[7, 6, 5], [3, 5, 6, 2]]",1.0,1.307,0,Fully intuitive/unconscious,Fully unclear,Hard,Unconfident,"No strategy - all it gave me today were a lot of different sets of 2 flowers, no actual game.  Apologies. "
Qwy4ycf451d0r67jjsflcojn2Q,unconstrained,52.0,"[[0, 7, 6, 5, 3], [2, 6, 7, 1]]",0.0,1.003,0,Fully intuitive/unconscious,Fully unclear,Hard,Unconfident,"No strategy - all it gave me today were a lot of different sets of 2 flowers, no actual game.  Apologies. "
Qwy4ycf451d0r67jjsflcojn2Q,unconstrained,53.0,"[[3, 5, 6, 7, 0], [4, 1, 7, 6]]",1.0,1.528,1,Fully intuitive/unconscious,Fully unclear,Hard,Unconfident,"No strategy - all it gave me today were a lot of different sets of 2 flowers, no actual game.  Apologies. "
Qwy4ycf451d0r67jjsflcojn2Q,unconstrained,54.0,"[[0, 7, 6, 5], [7, 6, 5]]",1.0,1.503,1,Fully intuitive/unconscious,Fully unclear,Hard,Unconfident,"No strategy - all it gave me today were a lot of different sets of 2 flowers, no actual game.  Apologies. "
Qwy4ycf451d0r67jjsflcojn2Q,unconstrained,55.0,"[[4, 1, 7, 6], [2, 6, 5]]",1.0,1.089,1,Fully intuitive/unconscious,Fully unclear,Hard,Unconfident,"No strategy - all it gave me today were a lot of different sets of 2 flowers, no actual game.  Apologies. "
Qwy4ycf451d0r67jjsflcojn2Q,unconstrained,56.0,"[[1, 7, 6, 2], [3, 5, 6, 7, 1]]",1.0,0.641,0,Fully intuitive/unconscious,Fully unclear,Hard,Unconfident,"No strategy - all it gave me today were a lot of different sets of 2 flowers, no actual game.  Apologies. "
Qwy4ycf451d0r67jjsflcojn2Q,unconstrained,57.0,"[[6, 5, 3], [5, 6, 7, 1]]",1.0,1.049,0,Fully intuitive/unconscious,Fully unclear,Hard,Unconfident,"No strategy - all it gave me today were a lot of different sets of 2 flowers, no actual game.  Apologies. "
Qwy4ycf451d0r67jjsflcojn2Q,unconstrained,58.0,"[[6, 5, 3], [4, 1, 7, 6]]",0.0,0.44,1,Fully intuitive/unconscious,Fully unclear,Hard,Unconfident,"No strategy - all it gave me today were a lot of different sets of 2 flowers, no actual game.  Apologies. "
Qwy4ycf451d0r67jjsflcojn2Q,unconstrained,59.0,"[[4, 1, 7, 6, 2], [5, 6, 7, 0]]",1.0,1.306,1,Fully intuitive/unconscious,Fully unclear,Hard,Unconfident,"No strategy - all it gave me today were a lot of different sets of 2 flowers, no actual game.  Apologies. "
Qwy4ycf451d0r67jjsflcojn2Q,unconstrained,60.0,"[[0, 7, 6], [2, 6, 5, 3]]",1.0,0.915,0,Fully intuitive/unconscious,Fully unclear,Hard,Unconfident,"No strategy - all it gave me today were a lot of different sets of 2 flowers, no actual game.  Apologies. "
Qwy4ycf451d0r67jjsflcojn2Q,unconstrained,61.0,"[[5, 6, 7, 1], [1, 7, 6, 5, 3]]",0.0,1.82,1,Fully intuitive/unconscious,Fully unclear,Hard,Unconfident,"No strategy - all it gave me today were a lot of different sets of 2 flowers, no actual game.  Apologies. "
Qwy4ycf451d0r67jjsflcojn2Q,unconstrained,62.0,"[[0, 7, 6, 2], [1, 7, 0]]",1.0,1.373,1,Fully intuitive/unconscious,Fully unclear,Hard,Unconfident,"No strategy - all it gave me today were a lot of different sets of 2 flowers, no actual game.  Apologies. "
Qwy4ycf451d0r67jjsflcojn2Q,unconstrained,63.0,"[[3, 5, 6, 7], [4, 1, 7, 6, 5]]",1.0,0.64,0,Fully intuitive/unconscious,Fully unclear,Hard,Unconfident,"No strategy - all it gave me today were a lot of different sets of 2 flowers, no actual game.  Apologies. "
Qwy4ycf451d0r67jjsflcojn2Q,unconstrained,64.0,"[[6, 7, 1, 4], [0, 7, 1]]",0.0,0.907,0,Fully intuitive/unconscious,Fully unclear,Hard,Unconfident,"No strategy - all it gave me today were a lot of different sets of 2 flowers, no actual game.  Apologies. "
Qx4467vm403jlivee4t75u7ylQ,unconstrained,0.0,"[[2, 6, 7, 1], [1, 7, 6, 5, 3]]",1.0,18.06,0,Fairly conscious/deliberative,Somewhat unclear,Quite hard,Rather unconfident,"I tried as much as possible to remember the arrangements, flight paths and known flower pairings from yesterday. Then used my best judgement."
Qx4467vm403jlivee4t75u7ylQ,unconstrained,1.0,"[[5, 6, 7, 1, 4], [7, 6, 5, 3]]",1.0,8.961,1,Fairly conscious/deliberative,Somewhat unclear,Quite hard,Rather unconfident,"I tried as much as possible to remember the arrangements, flight paths and known flower pairings from yesterday. Then used my best judgement."
Qx4467vm403jlivee4t75u7ylQ,unconstrained,2.0,"[[5, 6, 2], [1, 7, 6, 5]]",1.0,5.552,0,Fairly conscious/deliberative,Somewhat unclear,Quite hard,Rather unconfident,"I tried as much as possible to remember the arrangements, flight paths and known flower pairings from yesterday. Then used my best judgement."
Qx4467vm403jlivee4t75u7ylQ,unconstrained,3.0,"[[6, 7, 1], [2, 6, 7, 1]]",0.0,9.421,1,Fairly conscious/deliberative,Somewhat unclear,Quite hard,Rather unconfident,"I tried as much as possible to remember the arrangements, flight paths and known flower pairings from yesterday. Then used my best judgement."
Qx4467vm403jlivee4t75u7ylQ,unconstrained,4.0,"[[1, 7, 0], [5, 6, 7, 1]]",0.0,2.429,1,Fairly conscious/deliberative,Somewhat unclear,Quite hard,Rather unconfident,"I tried as much as possible to remember the arrangements, flight paths and known flower pairings from yesterday. Then used my best judgement."
Qx4467vm403jlivee4t75u7ylQ,unconstrained,5.0,"[[4, 1, 7], [2, 6, 5, 3]]",1.0,6.962,0,Fairly conscious/deliberative,Somewhat unclear,Quite hard,Rather unconfident,"I tried as much as possible to remember the arrangements, flight paths and known flower pairings from yesterday. Then used my best judgement."
Qx4467vm403jlivee4t75u7ylQ,unconstrained,6.0,"[[1, 7, 6, 2], [0, 7, 6, 5, 3]]",0.0,10.146,1,Fairly conscious/deliberative,Somewhat unclear,Quite hard,Rather unconfident,"I tried as much as possible to remember the arrangements, flight paths and known flower pairings from yesterday. Then used my best judgement."
Qx4467vm403jlivee4t75u7ylQ,unconstrained,7.0,"[[1, 7, 0], [2, 6, 7, 1]]",1.0,5.164,0,Fairly conscious/deliberative,Somewhat unclear,Quite hard,Rather unconfident,"I tried as much as possible to remember the arrangements, flight paths and known flower pairings from yesterday. Then used my best judgement."
Qx4467vm403jlivee4t75u7ylQ,unconstrained,8.0,"[[6, 7, 0], [4, 1, 7, 0]]",0.0,4.063,1,Fairly conscious/deliberative,Somewhat unclear,Quite hard,Rather unconfident,"I tried as much as possible to remember the arrangements, flight paths and known flower pairings from yesterday. Then used my best judgement."
Qx4467vm403jlivee4t75u7ylQ,unconstrained,9.0,"[[2, 6, 7, 0], [0, 7, 6, 5, 3]]",0.0,4.197,1,Fairly conscious/deliberative,Somewhat unclear,Quite hard,Rather unconfident,"I tried as much as possible to remember the arrangements, flight paths and known flower pairings from yesterday. Then used my best judgement."
Qx4467vm403jlivee4t75u7ylQ,unconstrained,10.0,"[[4, 1, 7, 6, 5], [3, 5, 6, 7]]",1.0,8.498,1,Fairly conscious/deliberative,Somewhat unclear,Quite hard,Rather unconfident,"I tried as much as possible to remember the arrangements, flight paths and known flower pairings from yesterday. Then used my best judgement."
Qx4467vm403jlivee4t75u7ylQ,unconstrained,11.0,"[[4, 1, 7, 6, 2], [3, 5, 6, 7]]",0.0,10.423,0,Fairly conscious/deliberative,Somewhat unclear,Quite hard,Rather unconfident,"I tried as much as possible to remember the arrangements, flight paths and known flower pairings from yesterday. Then used my best judgement."
Qx4467vm403jlivee4t75u7ylQ,unconstrained,12.0,"[[5, 6, 7], [2, 6, 7, 1]]",1.0,6.534,0,Fairly conscious/deliberative,Somewhat unclear,Quite hard,Rather unconfident,"I tried as much as possible to remember the arrangements, flight paths and known flower pairings from yesterday. Then used my best judgement."
Qx4467vm403jlivee4t75u7ylQ,unconstrained,13.0,"[[4, 1, 7], [1, 7, 6, 2]]",1.0,13.362,0,Fairly conscious/deliberative,Somewhat unclear,Quite hard,Rather unconfident,"I tried as much as possible to remember the arrangements, flight paths and known flower pairings from yesterday. Then used my best judgement."
Qx4467vm403jlivee4t75u7ylQ,unconstrained,14.0,"[[2, 6, 7], [6, 7, 1, 4]]",1.0,3.912,0,Fairly conscious/deliberative,Somewhat unclear,Quite hard,Rather unconfident,"I tried as much as possible to remember the arrangements, flight paths and known flower pairings from yesterday. Then used my best judgement."
Qx4467vm403jlivee4t75u7ylQ,unconstrained,15.0,"[[2, 6, 7, 0], [0, 7, 1]]",0.0,11.782,0,Fairly conscious/deliberative,Somewhat unclear,Quite hard,Rather unconfident,"I tried as much as possible to remember the arrangements, flight paths and known flower pairings from yesterday. Then used my best judgement."
Qx4467vm403jlivee4t75u7ylQ,unconstrained,16.0,"[[4, 1, 7, 6, 2], [4, 1, 7, 0]]",1.0,3.528,1,Fairly conscious/deliberative,Somewhat unclear,Quite hard,Rather unconfident,"I tried as much as possible to remember the arrangements, flight paths and known flower pairings from yesterday. Then used my best judgement."
Qx4467vm403jlivee4t75u7ylQ,unconstrained,17.0,"[[5, 6, 7, 1], [6, 5, 3]]",0.0,6.546,0,Fairly conscious/deliberative,Somewhat unclear,Quite hard,Rather unconfident,"I tried as much as possible to remember the arrangements, flight paths and known flower pairings from yesterday. Then used my best judgement."
Qx4467vm403jlivee4t75u7ylQ,unconstrained,18.0,"[[7, 6, 2], [1, 7, 6, 5]]",1.0,4.213,0,Fairly conscious/deliberative,Somewhat unclear,Quite hard,Rather unconfident,"I tried as much as possible to remember the arrangements, flight paths and known flower pairings from yesterday. Then used my best judgement."
Qx4467vm403jlivee4t75u7ylQ,unconstrained,19.0,"[[5, 6, 2], [5, 6, 7, 0]]",0.0,11.614,1,Fairly conscious/deliberative,Somewhat unclear,Quite hard,Rather unconfident,"I tried as much as possible to remember the arrangements, flight paths and known flower pairings from yesterday. Then used my best judgement."
Qx4467vm403jlivee4t75u7ylQ,unconstrained,20.0,"[[4, 1, 7, 6], [0, 7, 6, 5, 3]]",1.0,7.808,0,Fairly conscious/deliberative,Somewhat unclear,Quite hard,Rather unconfident,"I tried as much as possible to remember the arrangements, flight paths and known flower pairings from yesterday. Then used my best judgement."
Qx4467vm403jlivee4t75u7ylQ,unconstrained,21.0,"[[0, 7, 1, 4], [7, 6, 2]]",1.0,3.262,1,Fairly conscious/deliberative,Somewhat unclear,Quite hard,Rather unconfident,"I tried as much as possible to remember the arrangements, flight paths and known flower pairings from yesterday. Then used my best judgement."
Qx4467vm403jlivee4t75u7ylQ,unconstrained,22.0,"[[5, 6, 7, 0], [1, 7, 0]]",1.0,4.644,1,Fairly conscious/deliberative,Somewhat unclear,Quite hard,Rather unconfident,"I tried as much as possible to remember the arrangements, flight paths and known flower pairings from yesterday. Then used my best judgement."
Qx4467vm403jlivee4t75u7ylQ,unconstrained,23.0,"[[1, 7, 6], [0, 7, 6, 5]]",0.0,13.416,1,Fairly conscious/deliberative,Somewhat unclear,Quite hard,Rather unconfident,"I tried as much as possible to remember the arrangements, flight paths and known flower pairings from yesterday. Then used my best judgement."
Qx4467vm403jlivee4t75u7ylQ,unconstrained,24.0,"[[6, 7, 1, 4], [7, 6, 5]]",0.0,5.543,0,Fairly conscious/deliberative,Somewhat unclear,Quite hard,Rather unconfident,"I tried as much as possible to remember the arrangements, flight paths and known flower pairings from yesterday. Then used my best judgement."
Qx4467vm403jlivee4t75u7ylQ,unconstrained,25.0,"[[2, 6, 5, 3], [2, 6, 7, 1, 4]]",0.0,1.777,1,Fairly conscious/deliberative,Somewhat unclear,Quite hard,Rather unconfident,"I tried as much as possible to remember the arrangements, flight paths and known flower pairings from yesterday. Then used my best judgement."
Qx4467vm403jlivee4t75u7ylQ,unconstrained,26.0,"[[7, 1, 4], [0, 7, 6, 2]]",1.0,10.232,0,Fairly conscious/deliberative,Somewhat unclear,Quite hard,Rather unconfident,"I tried as much as possible to remember the arrangements, flight paths and known flower pairings from yesterday. Then used my best judgement."
Qx4467vm403jlivee4t75u7ylQ,unconstrained,27.0,"[[3, 5, 6], [2, 6, 7, 1]]",0.0,12.863,1,Fairly conscious/deliberative,Somewhat unclear,Quite hard,Rather unconfident,"I tried as much as possible to remember the arrangements, flight paths and known flower pairings from yesterday. Then used my best judgement."
Qx4467vm403jlivee4t75u7ylQ,unconstrained,28.0,"[[7, 1, 4], [5, 6, 7, 0]]",1.0,3.664,0,Fairly conscious/deliberative,Somewhat unclear,Quite hard,Rather unconfident,"I tried as much as possible to remember the arrangements, flight paths and known flower pairings from yesterday. Then used my best judgement."
Qx4467vm403jlivee4t75u7ylQ,unconstrained,29.0,"[[2, 6, 5], [4, 1, 7, 6]]",0.0,10.844,1,Fairly conscious/deliberative,Somewhat unclear,Quite hard,Rather unconfident,"I tried as much as possible to remember the arrangements, flight paths and known flower pairings from yesterday. Then used my best judgement."
Qx4467vm403jlivee4t75u7ylQ,unconstrained,30.0,"[[5, 6, 7, 1], [4, 1, 7]]",1.0,5.544,1,Fairly conscious/deliberative,Somewhat unclear,Quite hard,Rather unconfident,"I tried as much as possible to remember the arrangements, flight paths and known flower pairings from yesterday. Then used my best judgement."
Qx4467vm403jlivee4t75u7ylQ,unconstrained,31.0,"[[7, 6, 5], [5, 6, 7, 0]]",0.0,14.563,1,Fairly conscious/deliberative,Somewhat unclear,Quite hard,Rather unconfident,"I tried as much as possible to remember the arrangements, flight paths and known flower pairings from yesterday. Then used my best judgement."
Qx4467vm403jlivee4t75u7ylQ,unconstrained,32.0,"[[5, 6, 2], [7, 6, 5, 3]]",1.0,8.463,0,Fairly conscious/deliberative,Somewhat unclear,Quite hard,Rather unconfident,"I tried as much as possible to remember the arrangements, flight paths and known flower pairings from yesterday. Then used my best judgement."
Qx4467vm403jlivee4t75u7ylQ,unconstrained,33.0,"[[4, 1, 7, 0], [6, 7, 1]]",0.0,16.915,0,Fairly conscious/deliberative,Somewhat unclear,Quite hard,Rather unconfident,"I tried as much as possible to remember the arrangements, flight paths and known flower pairings from yesterday. Then used my best judgement."
Qx4467vm403jlivee4t75u7ylQ,unconstrained,34.0,"[[2, 6, 7, 1], [2, 6, 7]]",1.0,3.393,1,Fairly conscious/deliberative,Somewhat unclear,Quite hard,Rather unconfident,"I tried as much as possible to remember the arrangements, flight paths and known flower pairings from yesterday. Then used my best judgement."
Qx4467vm403jlivee4t75u7ylQ,unconstrained,35.0,"[[0, 7, 6, 2], [5, 6, 7]]",0.0,8.196,0,Fairly conscious/deliberative,Somewhat unclear,Quite hard,Rather unconfident,"I tried as much as possible to remember the arrangements, flight paths and known flower pairings from yesterday. Then used my best judgement."
Qx4467vm403jlivee4t75u7ylQ,unconstrained,36.0,"[[6, 7, 1, 4], [7, 6, 2]]",0.0,2.4,0,Fairly conscious/deliberative,Somewhat unclear,Quite hard,Rather unconfident,"I tried as much as possible to remember the arrangements, flight paths and known flower pairings from yesterday. Then used my best judgement."
Qx4467vm403jlivee4t75u7ylQ,unconstrained,37.0,"[[2, 6, 5, 3], [5, 6, 7]]",0.0,4.944,0,Fairly conscious/deliberative,Somewhat unclear,Quite hard,Rather unconfident,"I tried as much as possible to remember the arrangements, flight paths and known flower pairings from yesterday. Then used my best judgement."
Qx4467vm403jlivee4t75u7ylQ,unconstrained,38.0,"[[0, 7, 1, 4], [5, 6, 7, 1, 4]]",0.0,5.995,1,Fairly conscious/deliberative,Somewhat unclear,Quite hard,Rather unconfident,"I tried as much as possible to remember the arrangements, flight paths and known flower pairings from yesterday. Then used my best judgement."
Qx4467vm403jlivee4t75u7ylQ,unconstrained,39.0,"[[3, 5, 6, 7, 1], [1, 7, 6, 5]]",1.0,5.061,1,Fairly conscious/deliberative,Somewhat unclear,Quite hard,Rather unconfident,"I tried as much as possible to remember the arrangements, flight paths and known flower pairings from yesterday. Then used my best judgement."
Qx4467vm403jlivee4t75u7ylQ,unconstrained,40.0,"[[2, 6, 7, 0], [3, 5, 6]]",0.0,5.08,0,Fairly conscious/deliberative,Somewhat unclear,Quite hard,Rather unconfident,"I tried as much as possible to remember the arrangements, flight paths and known flower pairings from yesterday. Then used my best judgement."
Qx4467vm403jlivee4t75u7ylQ,unconstrained,41.0,"[[1, 7, 6], [3, 5, 6, 2]]",0.0,9.079,1,Fairly conscious/deliberative,Somewhat unclear,Quite hard,Rather unconfident,"I tried as much as possible to remember the arrangements, flight paths and known flower pairings from yesterday. Then used my best judgement."
Qx4467vm403jlivee4t75u7ylQ,unconstrained,42.0,"[[0, 7, 1], [3, 5, 6, 2]]",1.0,6.561,0,Fairly conscious/deliberative,Somewhat unclear,Quite hard,Rather unconfident,"I tried as much as possible to remember the arrangements, flight paths and known flower pairings from yesterday. Then used my best judgement."
Qx4467vm403jlivee4t75u7ylQ,unconstrained,43.0,"[[4, 1, 7], [2, 6, 7, 1]]",1.0,6.866,0,Fairly conscious/deliberative,Somewhat unclear,Quite hard,Rather unconfident,"I tried as much as possible to remember the arrangements, flight paths and known flower pairings from yesterday. Then used my best judgement."
Qx4467vm403jlivee4t75u7ylQ,unconstrained,44.0,"[[5, 6, 2], [3, 5, 6, 2]]",0.0,6.893,1,Fairly conscious/deliberative,Somewhat unclear,Quite hard,Rather unconfident,"I tried as much as possible to remember the arrangements, flight paths and known flower pairings from yesterday. Then used my best judgement."
Qx4467vm403jlivee4t75u7ylQ,unconstrained,45.0,"[[4, 1, 7], [1, 7, 6, 5]]",1.0,7.478,0,Fairly conscious/deliberative,Somewhat unclear,Quite hard,Rather unconfident,"I tried as much as possible to remember the arrangements, flight paths and known flower pairings from yesterday. Then used my best judgement."
Qx4467vm403jlivee4t75u7ylQ,unconstrained,46.0,"[[5, 6, 7], [4, 1, 7, 0]]",1.0,21.699,0,Fairly conscious/deliberative,Somewhat unclear,Quite hard,Rather unconfident,"I tried as much as possible to remember the arrangements, flight paths and known flower pairings from yesterday. Then used my best judgement."
Qx4467vm403jlivee4t75u7ylQ,unconstrained,47.0,"[[2, 6, 7], [3, 5, 6, 7]]",1.0,8.56,0,Fairly conscious/deliberative,Somewhat unclear,Quite hard,Rather unconfident,"I tried as much as possible to remember the arrangements, flight paths and known flower pairings from yesterday. Then used my best judgement."
Qx4467vm403jlivee4t75u7ylQ,unconstrained,48.0,"[[6, 7, 1], [5, 6, 7, 1]]",0.0,10.796,1,Fairly conscious/deliberative,Somewhat unclear,Quite hard,Rather unconfident,"I tried as much as possible to remember the arrangements, flight paths and known flower pairings from yesterday. Then used my best judgement."
Qx4467vm403jlivee4t75u7ylQ,unconstrained,49.0,"[[6, 7, 0], [2, 6, 5, 3]]",0.0,5.279,1,Fairly conscious/deliberative,Somewhat unclear,Quite hard,Rather unconfident,"I tried as much as possible to remember the arrangements, flight paths and known flower pairings from yesterday. Then used my best judgement."
Qx4467vm403jlivee4t75u7ylQ,unconstrained,50.0,"[[3, 5, 6], [4, 1, 7, 6]]",0.0,7.331,1,Fairly conscious/deliberative,Somewhat unclear,Quite hard,Rather unconfident,"I tried as much as possible to remember the arrangements, flight paths and known flower pairings from yesterday. Then used my best judgement."
Qx4467vm403jlivee4t75u7ylQ,unconstrained,51.0,"[[6, 5, 3], [4, 1, 7, 6]]",1.0,4.009,0,Fairly conscious/deliberative,Somewhat unclear,Quite hard,Rather unconfident,"I tried as much as possible to remember the arrangements, flight paths and known flower pairings from yesterday. Then used my best judgement."
Qx4467vm403jlivee4t75u7ylQ,unconstrained,52.0,"[[0, 7, 1, 4], [3, 5, 6]]",0.0,7.78,0,Fairly conscious/deliberative,Somewhat unclear,Quite hard,Rather unconfident,"I tried as much as possible to remember the arrangements, flight paths and known flower pairings from yesterday. Then used my best judgement."
Qx4467vm403jlivee4t75u7ylQ,unconstrained,53.0,"[[0, 7, 6], [5, 6, 7, 0]]",0.0,7.965,1,Fairly conscious/deliberative,Somewhat unclear,Quite hard,Rather unconfident,"I tried as much as possible to remember the arrangements, flight paths and known flower pairings from yesterday. Then used my best judgement."
Qx4467vm403jlivee4t75u7ylQ,unconstrained,54.0,"[[4, 1, 7, 6, 2], [3, 5, 6, 7, 1, 4]]",1.0,15.178,0,Fairly conscious/deliberative,Somewhat unclear,Quite hard,Rather unconfident,"I tried as much as possible to remember the arrangements, flight paths and known flower pairings from yesterday. Then used my best judgement."
Qx4467vm403jlivee4t75u7ylQ,unconstrained,55.0,"[[2, 6, 7, 1], [0, 7, 1]]",1.0,10.027,1,Fairly conscious/deliberative,Somewhat unclear,Quite hard,Rather unconfident,"I tried as much as possible to remember the arrangements, flight paths and known flower pairings from yesterday. Then used my best judgement."
Qx4467vm403jlivee4t75u7ylQ,unconstrained,56.0,"[[1, 7, 6, 5], [7, 6, 5]]",1.0,14.711,1,Fairly conscious/deliberative,Somewhat unclear,Quite hard,Rather unconfident,"I tried as much as possible to remember the arrangements, flight paths and known flower pairings from yesterday. Then used my best judgement."
Qx4467vm403jlivee4t75u7ylQ,unconstrained,57.0,"[[3, 5, 6, 2], [1, 7, 6, 5, 3]]",1.0,8.43,0,Fairly conscious/deliberative,Somewhat unclear,Quite hard,Rather unconfident,"I tried as much as possible to remember the arrangements, flight paths and known flower pairings from yesterday. Then used my best judgement."
Qx4467vm403jlivee4t75u7ylQ,unconstrained,58.0,"[[5, 6, 7, 1, 4], [6, 7, 1, 4]]",1.0,34.529,1,Fairly conscious/deliberative,Somewhat unclear,Quite hard,Rather unconfident,"I tried as much as possible to remember the arrangements, flight paths and known flower pairings from yesterday. Then used my best judgement."
Qx4467vm403jlivee4t75u7ylQ,unconstrained,59.0,"[[2, 6, 7, 1, 4], [5, 6, 7, 0]]",0.0,8.414,0,Fairly conscious/deliberative,Somewhat unclear,Quite hard,Rather unconfident,"I tried as much as possible to remember the arrangements, flight paths and known flower pairings from yesterday. Then used my best judgement."
Qx4467vm403jlivee4t75u7ylQ,unconstrained,60.0,"[[7, 6, 2], [0, 7, 1, 4]]",1.0,6.061,0,Fairly conscious/deliberative,Somewhat unclear,Quite hard,Rather unconfident,"I tried as much as possible to remember the arrangements, flight paths and known flower pairings from yesterday. Then used my best judgement."
Qx4467vm403jlivee4t75u7ylQ,unconstrained,61.0,"[[4, 1, 7, 0], [2, 6, 5]]",0.0,6.579,0,Fairly conscious/deliberative,Somewhat unclear,Quite hard,Rather unconfident,"I tried as much as possible to remember the arrangements, flight paths and known flower pairings from yesterday. Then used my best judgement."
Qx4467vm403jlivee4t75u7ylQ,unconstrained,62.0,"[[0, 7, 1], [4, 1, 7, 6]]",1.0,2.429,0,Fairly conscious/deliberative,Somewhat unclear,Quite hard,Rather unconfident,"I tried as much as possible to remember the arrangements, flight paths and known flower pairings from yesterday. Then used my best judgement."
Qx4467vm403jlivee4t75u7ylQ,unconstrained,63.0,"[[2, 6, 7, 1], [2, 6, 5]]",0.0,12.63,0,Fairly conscious/deliberative,Somewhat unclear,Quite hard,Rather unconfident,"I tried as much as possible to remember the arrangements, flight paths and known flower pairings from yesterday. Then used my best judgement."
Qx4467vm403jlivee4t75u7ylQ,unconstrained,64.0,"[[4, 1, 7, 6], [3, 5, 6, 7, 1]]",0.0,23.677,1,Fairly conscious/deliberative,Somewhat unclear,Quite hard,Rather unconfident,"I tried as much as possible to remember the arrangements, flight paths and known flower pairings from yesterday. Then used my best judgement."
Qxa0cicfjud1cg9rnw0lxyhulQ,unconstrained,0.0,"[[4, 1, 7, 6], [4, 1, 7, 6, 5]]",1.0,10.078,0,Fairly conscious/deliberative,Somewhat clear,Quite easy,Rather confident,
Qxa0cicfjud1cg9rnw0lxyhulQ,unconstrained,1.0,"[[6, 7, 1, 4], [5, 6, 2]]",1.0,6.994,1,Fairly conscious/deliberative,Somewhat clear,Quite easy,Rather confident,
Qxa0cicfjud1cg9rnw0lxyhulQ,unconstrained,2.0,"[[1, 7, 6, 5], [6, 5, 3]]",0.0,5.692,0,Fairly conscious/deliberative,Somewhat clear,Quite easy,Rather confident,
Qxa0cicfjud1cg9rnw0lxyhulQ,unconstrained,3.0,"[[0, 7, 6, 5, 3], [2, 6, 7, 1]]",0.0,4.941,0,Fairly conscious/deliberative,Somewhat clear,Quite easy,Rather confident,
Qxa0cicfjud1cg9rnw0lxyhulQ,unconstrained,4.0,"[[1, 7, 6], [0, 7, 1, 4]]",0.0,4.885,1,Fairly conscious/deliberative,Somewhat clear,Quite easy,Rather confident,
Qxa0cicfjud1cg9rnw0lxyhulQ,unconstrained,5.0,"[[2, 6, 7, 0], [0, 7, 6, 5, 3]]",0.0,17.844,1,Fairly conscious/deliberative,Somewhat clear,Quite easy,Rather confident,
Qxa0cicfjud1cg9rnw0lxyhulQ,unconstrained,6.0,"[[5, 6, 7], [0, 7, 6, 2]]",1.0,28.254,0,Fairly conscious/deliberative,Somewhat clear,Quite easy,Rather confident,
Qxa0cicfjud1cg9rnw0lxyhulQ,unconstrained,7.0,"[[0, 7, 6], [2, 6, 5, 3]]",0.0,8.165,1,Fairly conscious/deliberative,Somewhat clear,Quite easy,Rather confident,
Qxa0cicfjud1cg9rnw0lxyhulQ,unconstrained,8.0,"[[2, 6, 5, 3], [6, 7, 1]]",0.0,46.03,0,Fairly conscious/deliberative,Somewhat clear,Quite easy,Rather confident,
Qxa0cicfjud1cg9rnw0lxyhulQ,unconstrained,9.0,"[[2, 6, 7, 1], [6, 5, 3]]",0.0,12.516,0,Fairly conscious/deliberative,Somewhat clear,Quite easy,Rather confident,
Qxa0cicfjud1cg9rnw0lxyhulQ,unconstrained,10.0,"[[5, 6, 2], [0, 7, 6, 5]]",0.0,4.27,1,Fairly conscious/deliberative,Somewhat clear,Quite easy,Rather confident,
Qxa0cicfjud1cg9rnw0lxyhulQ,unconstrained,11.0,"[[3, 5, 6, 2], [2, 6, 5]]",0.0,21.439,0,Fairly conscious/deliberative,Somewhat clear,Quite easy,Rather confident,
Qxa0cicfjud1cg9rnw0lxyhulQ,unconstrained,12.0,"[[2, 6, 5], [1, 7, 6, 5]]",0.0,1.405,1,Fairly conscious/deliberative,Somewhat clear,Quite easy,Rather confident,
Qxa0cicfjud1cg9rnw0lxyhulQ,unconstrained,13.0,"[[7, 6, 5, 3], [7, 6, 2]]",0.0,5.324,0,Fairly conscious/deliberative,Somewhat clear,Quite easy,Rather confident,
Qxa0cicfjud1cg9rnw0lxyhulQ,unconstrained,14.0,"[[2, 6, 7, 1], [2, 6, 5]]",0.0,3.202,0,Fairly conscious/deliberative,Somewhat clear,Quite easy,Rather confident,
Qxa0cicfjud1cg9rnw0lxyhulQ,unconstrained,15.0,"[[2, 6, 7, 0], [6, 5, 3]]",1.0,7.564,1,Fairly conscious/deliberative,Somewhat clear,Quite easy,Rather confident,
Qxa0cicfjud1cg9rnw0lxyhulQ,unconstrained,16.0,"[[3, 5, 6, 7, 1], [2, 6, 7, 1]]",1.0,3.661,1,Fairly conscious/deliberative,Somewhat clear,Quite easy,Rather confident,
Qxa0cicfjud1cg9rnw0lxyhulQ,unconstrained,17.0,"[[7, 1, 4], [0, 7, 6, 5]]",0.0,16.502,1,Fairly conscious/deliberative,Somewhat clear,Quite easy,Rather confident,
Qxa0cicfjud1cg9rnw0lxyhulQ,unconstrained,18.0,"[[2, 6, 7, 0], [0, 7, 1]]",1.0,22.563,1,Fairly conscious/deliberative,Somewhat clear,Quite easy,Rather confident,
Qxa0cicfjud1cg9rnw0lxyhulQ,unconstrained,19.0,"[[5, 6, 7], [5, 6, 7, 1]]",1.0,1.781,0,Fairly conscious/deliberative,Somewhat clear,Quite easy,Rather confident,
Qxa0cicfjud1cg9rnw0lxyhulQ,unconstrained,20.0,"[[4, 1, 7, 0], [6, 7, 0]]",0.0,10.061,0,Fairly conscious/deliberative,Somewhat clear,Quite easy,Rather confident,
Qxa0cicfjud1cg9rnw0lxyhulQ,unconstrained,21.0,"[[1, 7, 6, 5], [2, 6, 7]]",0.0,1.38,0,Fairly conscious/deliberative,Somewhat clear,Quite easy,Rather confident,
Qxa0cicfjud1cg9rnw0lxyhulQ,unconstrained,22.0,"[[4, 1, 7, 6], [2, 6, 7]]",1.0,14.757,1,Fairly conscious/deliberative,Somewhat clear,Quite easy,Rather confident,
Qxa0cicfjud1cg9rnw0lxyhulQ,unconstrained,23.0,"[[4, 1, 7, 6, 2], [4, 1, 7, 0]]",1.0,18.055,1,Fairly conscious/deliberative,Somewhat clear,Quite easy,Rather confident,
Qxa0cicfjud1cg9rnw0lxyhulQ,unconstrained,24.0,"[[1, 7, 6, 5], [1, 7, 6]]",1.0,2.165,1,Fairly conscious/deliberative,Somewhat clear,Quite easy,Rather confident,
Qxa0cicfjud1cg9rnw0lxyhulQ,unconstrained,25.0,"[[6, 5, 3], [4, 1, 7, 6]]",1.0,2.109,0,Fairly conscious/deliberative,Somewhat clear,Quite easy,Rather confident,
Qxa0cicfjud1cg9rnw0lxyhulQ,unconstrained,26.0,"[[2, 6, 5, 3], [3, 5, 6, 7, 1]]",0.0,1.813,1,Fairly conscious/deliberative,Somewhat clear,Quite easy,Rather confident,
Qxa0cicfjud1cg9rnw0lxyhulQ,unconstrained,27.0,"[[0, 7, 1, 4], [7, 6, 5]]",0.0,1.564,0,Fairly conscious/deliberative,Somewhat clear,Quite easy,Rather confident,
Qxa0cicfjud1cg9rnw0lxyhulQ,unconstrained,28.0,"[[4, 1, 7, 6], [0, 7, 6, 5, 3]]",0.0,1.847,1,Fairly conscious/deliberative,Somewhat clear,Quite easy,Rather confident,
Qxa0cicfjud1cg9rnw0lxyhulQ,unconstrained,29.0,"[[1, 7, 6, 5, 3], [4, 1, 7, 6]]",1.0,1.23,1,Fairly conscious/deliberative,Somewhat clear,Quite easy,Rather confident,
Qxa0cicfjud1cg9rnw0lxyhulQ,unconstrained,30.0,"[[7, 6, 5], [2, 6, 5, 3]]",0.0,2.398,1,Fairly conscious/deliberative,Somewhat clear,Quite easy,Rather confident,
Qxa0cicfjud1cg9rnw0lxyhulQ,unconstrained,31.0,"[[2, 6, 7, 1], [0, 7, 1]]",0.0,1.925,0,Fairly conscious/deliberative,Somewhat clear,Quite easy,Rather confident,
Qxa0cicfjud1cg9rnw0lxyhulQ,unconstrained,32.0,"[[4, 1, 7, 0], [7, 6, 2]]",0.0,2.495,0,Fairly conscious/deliberative,Somewhat clear,Quite easy,Rather confident,
Qxa0cicfjud1cg9rnw0lxyhulQ,unconstrained,33.0,"[[7, 6, 2], [4, 1, 7, 6]]",0.0,2.455,1,Fairly conscious/deliberative,Somewhat clear,Quite easy,Rather confident,
Qxa0cicfjud1cg9rnw0lxyhulQ,unconstrained,34.0,"[[6, 7, 0], [0, 7, 6, 5]]",1.0,3.333,0,Fairly conscious/deliberative,Somewhat clear,Quite easy,Rather confident,
Qxa0cicfjud1cg9rnw0lxyhulQ,unconstrained,35.0,"[[2, 6, 5, 3], [2, 6, 7, 1, 4]]",1.0,5.407,0,Fairly conscious/deliberative,Somewhat clear,Quite easy,Rather confident,
Qxa0cicfjud1cg9rnw0lxyhulQ,unconstrained,36.0,"[[0, 7, 1, 4], [7, 6, 2]]",1.0,1.941,1,Fairly conscious/deliberative,Somewhat clear,Quite easy,Rather confident,
Qxa0cicfjud1cg9rnw0lxyhulQ,unconstrained,37.0,"[[4, 1, 7, 6, 5], [4, 1, 7, 0]]",1.0,1.238,1,Fairly conscious/deliberative,Somewhat clear,Quite easy,Rather confident,
Qxa0cicfjud1cg9rnw0lxyhulQ,unconstrained,38.0,"[[5, 6, 7, 1], [1, 7, 6, 5, 3]]",1.0,2.335,0,Fairly conscious/deliberative,Somewhat clear,Quite easy,Rather confident,
Qxa0cicfjud1cg9rnw0lxyhulQ,unconstrained,39.0,"[[2, 6, 7, 1], [4, 1, 7]]",0.0,0.999,0,Fairly conscious/deliberative,Somewhat clear,Quite easy,Rather confident,
Qxa0cicfjud1cg9rnw0lxyhulQ,unconstrained,40.0,"[[5, 6, 7, 0], [5, 6, 7]]",0.0,2.062,0,Fairly conscious/deliberative,Somewhat clear,Quite easy,Rather confident,
Qxa0cicfjud1cg9rnw0lxyhulQ,unconstrained,41.0,"[[6, 7, 1], [5, 6, 7, 0]]",0.0,1.639,1,Fairly conscious/deliberative,Somewhat clear,Quite easy,Rather confident,
Qxa0cicfjud1cg9rnw0lxyhulQ,unconstrained,42.0,"[[0, 7, 6, 2], [4, 1, 7]]",0.0,2.117,0,Fairly conscious/deliberative,Somewhat clear,Quite easy,Rather confident,
Qxa0cicfjud1cg9rnw0lxyhulQ,unconstrained,43.0,"[[2, 6, 7], [2, 6, 7, 1]]",1.0,1.798,0,Fairly conscious/deliberative,Somewhat clear,Quite easy,Rather confident,
Qxa0cicfjud1cg9rnw0lxyhulQ,unconstrained,44.0,"[[6, 7, 1, 4], [6, 5, 3]]",0.0,2.538,0,Fairly conscious/deliberative,Somewhat clear,Quite easy,Rather confident,
Qxa0cicfjud1cg9rnw0lxyhulQ,unconstrained,45.0,"[[0, 7, 1, 4], [3, 5, 6]]",1.0,1.079,1,Fairly conscious/deliberative,Somewhat clear,Quite easy,Rather confident,
Qxa0cicfjud1cg9rnw0lxyhulQ,unconstrained,46.0,"[[4, 1, 7], [2, 6, 7, 1]]",1.0,1.509,0,Fairly conscious/deliberative,Somewhat clear,Quite easy,Rather confident,
Qxa0cicfjud1cg9rnw0lxyhulQ,unconstrained,47.0,"[[4, 1, 7], [5, 6, 7, 1]]",1.0,1.055,0,Fairly conscious/deliberative,Somewhat clear,Quite easy,Rather confident,
Qxa0cicfjud1cg9rnw0lxyhulQ,unconstrained,48.0,"[[4, 1, 7, 6, 2], [3, 5, 6, 7, 1, 4]]",1.0,1.525,0,Fairly conscious/deliberative,Somewhat clear,Quite easy,Rather confident,
Qxa0cicfjud1cg9rnw0lxyhulQ,unconstrained,49.0,"[[4, 1, 7, 6, 5], [3, 5, 6, 7]]",0.0,28.581,0,Fairly conscious/deliberative,Somewhat clear,Quite easy,Rather confident,
Qxa0cicfjud1cg9rnw0lxyhulQ,unconstrained,50.0,"[[6, 7, 1, 4], [0, 7, 1]]",1.0,1.263,1,Fairly conscious/deliberative,Somewhat clear,Quite easy,Rather confident,
Qxa0cicfjud1cg9rnw0lxyhulQ,unconstrained,51.0,"[[7, 6, 5, 3], [4, 1, 7, 6, 2]]",1.0,1.31,0,Fairly conscious/deliberative,Somewhat clear,Quite easy,Rather confident,
Qxa0cicfjud1cg9rnw0lxyhulQ,unconstrained,52.0,"[[4, 1, 7, 0], [2, 6, 5]]",1.0,1.046,1,Fairly conscious/deliberative,Somewhat clear,Quite easy,Rather confident,
Qxa0cicfjud1cg9rnw0lxyhulQ,unconstrained,53.0,"[[2, 6, 7, 1, 4], [5, 6, 7, 0]]",0.0,1.286,0,Fairly conscious/deliberative,Somewhat clear,Quite easy,Rather confident,
Qxa0cicfjud1cg9rnw0lxyhulQ,unconstrained,54.0,"[[1, 7, 0], [3, 5, 6, 2]]",1.0,0.846,0,Fairly conscious/deliberative,Somewhat clear,Quite easy,Rather confident,
Qxa0cicfjud1cg9rnw0lxyhulQ,unconstrained,55.0,"[[1, 7, 0], [2, 6, 7, 1]]",1.0,1.158,0,Fairly conscious/deliberative,Somewhat clear,Quite easy,Rather confident,
Qxa0cicfjud1cg9rnw0lxyhulQ,unconstrained,56.0,"[[7, 6, 5], [6, 7, 1, 4]]",0.0,1.183,1,Fairly conscious/deliberative,Somewhat clear,Quite easy,Rather confident,
Qxa0cicfjud1cg9rnw0lxyhulQ,unconstrained,57.0,"[[7, 6, 5, 3], [5, 6, 7, 1, 4]]",1.0,1.149,0,Fairly conscious/deliberative,Somewhat clear,Quite easy,Rather confident,
Qxa0cicfjud1cg9rnw0lxyhulQ,unconstrained,58.0,"[[1, 7, 6, 5], [4, 1, 7]]",1.0,1.501,1,Fairly conscious/deliberative,Somewhat clear,Quite easy,Rather confident,
Qxa0cicfjud1cg9rnw0lxyhulQ,unconstrained,59.0,"[[5, 6, 7], [1, 7, 6, 2]]",1.0,2.222,0,Fairly conscious/deliberative,Somewhat clear,Quite easy,Rather confident,
Qxa0cicfjud1cg9rnw0lxyhulQ,unconstrained,60.0,"[[5, 6, 2], [3, 5, 6, 7]]",0.0,2.214,1,Fairly conscious/deliberative,Somewhat clear,Quite easy,Rather confident,
Qxa0cicfjud1cg9rnw0lxyhulQ,unconstrained,61.0,"[[5, 6, 7, 1], [0, 7, 1]]",1.0,0.172,1,Fairly conscious/deliberative,Somewhat clear,Quite easy,Rather confident,
Qxa0cicfjud1cg9rnw0lxyhulQ,unconstrained,62.0,"[[0, 7, 6, 5], [0, 7, 1]]",1.0,1.55,1,Fairly conscious/deliberative,Somewhat clear,Quite easy,Rather confident,
Qxa0cicfjud1cg9rnw0lxyhulQ,unconstrained,63.0,"[[1, 7, 6], [1, 7, 6, 2]]",1.0,1.966,0,Fairly conscious/deliberative,Somewhat clear,Quite easy,Rather confident,
Qxa0cicfjud1cg9rnw0lxyhulQ,unconstrained,64.0,"[[4, 1, 7], [2, 6, 5, 3]]",0.0,2.204,1,Fairly conscious/deliberative,Somewhat clear,Quite easy,Rather confident,
Qxfdrl4fhkob1c6n9thbnqldrQ,unconstrained,0.0,"[[0, 7, 1, 4], [6, 7, 1]]",1.0,31.437,1,Fully conscious/deliberative,Somewhat unclear,Hard,Rather unconfident,"The instructions were confusing, because the bee was flying so it was difficult to image that and the unknown pairs. "
Qxfdrl4fhkob1c6n9thbnqldrQ,unconstrained,1.0,"[[4, 1, 7, 6], [6, 5, 3]]",1.0,23.786,1,Fully conscious/deliberative,Somewhat unclear,Hard,Rather unconfident,"The instructions were confusing, because the bee was flying so it was difficult to image that and the unknown pairs. "
Qxfdrl4fhkob1c6n9thbnqldrQ,unconstrained,2.0,"[[5, 6, 7, 1], [1, 7, 6, 5, 3]]",1.0,20.382,0,Fully conscious/deliberative,Somewhat unclear,Hard,Rather unconfident,"The instructions were confusing, because the bee was flying so it was difficult to image that and the unknown pairs. "
Qxfdrl4fhkob1c6n9thbnqldrQ,unconstrained,3.0,"[[2, 6, 7, 0], [3, 5, 6]]",1.0,9.536,1,Fully conscious/deliberative,Somewhat unclear,Hard,Rather unconfident,"The instructions were confusing, because the bee was flying so it was difficult to image that and the unknown pairs. "
Qxfdrl4fhkob1c6n9thbnqldrQ,unconstrained,4.0,"[[7, 1, 4], [1, 7, 6, 2]]",1.0,10.08,0,Fully conscious/deliberative,Somewhat unclear,Hard,Rather unconfident,"The instructions were confusing, because the bee was flying so it was difficult to image that and the unknown pairs. "
Qxfdrl4fhkob1c6n9thbnqldrQ,unconstrained,5.0,"[[6, 7, 0], [0, 7, 6, 5]]",0.0,4.202,1,Fully conscious/deliberative,Somewhat unclear,Hard,Rather unconfident,"The instructions were confusing, because the bee was flying so it was difficult to image that and the unknown pairs. "
Qxfdrl4fhkob1c6n9thbnqldrQ,unconstrained,6.0,"[[7, 6, 2], [1, 7, 6, 5]]",1.0,8.03,0,Fully conscious/deliberative,Somewhat unclear,Hard,Rather unconfident,"The instructions were confusing, because the bee was flying so it was difficult to image that and the unknown pairs. "
Qxfdrl4fhkob1c6n9thbnqldrQ,unconstrained,7.0,"[[6, 5, 3], [2, 6, 7, 1]]",0.0,9.765,1,Fully conscious/deliberative,Somewhat unclear,Hard,Rather unconfident,"The instructions were confusing, because the bee was flying so it was difficult to image that and the unknown pairs. "
Qxfdrl4fhkob1c6n9thbnqldrQ,unconstrained,8.0,"[[6, 7, 1], [5, 6, 7, 1]]",1.0,9.281,0,Fully conscious/deliberative,Somewhat unclear,Hard,Rather unconfident,"The instructions were confusing, because the bee was flying so it was difficult to image that and the unknown pairs. "
Qxfdrl4fhkob1c6n9thbnqldrQ,unconstrained,9.0,"[[0, 7, 1], [4, 1, 7, 6]]",0.0,11.897,1,Fully conscious/deliberative,Somewhat unclear,Hard,Rather unconfident,"The instructions were confusing, because the bee was flying so it was difficult to image that and the unknown pairs. "
Qxfdrl4fhkob1c6n9thbnqldrQ,unconstrained,10.0,"[[2, 6, 5, 3], [4, 1, 7]]",0.0,7.721,0,Fully conscious/deliberative,Somewhat unclear,Hard,Rather unconfident,"The instructions were confusing, because the bee was flying so it was difficult to image that and the unknown pairs. "
Qxfdrl4fhkob1c6n9thbnqldrQ,unconstrained,11.0,"[[7, 6, 5], [1, 7, 6, 2]]",1.0,3.408,0,Fully conscious/deliberative,Somewhat unclear,Hard,Rather unconfident,"The instructions were confusing, because the bee was flying so it was difficult to image that and the unknown pairs. "
Qxfdrl4fhkob1c6n9thbnqldrQ,unconstrained,12.0,"[[6, 7, 1], [1, 7, 6, 2]]",0.0,6.646,1,Fully conscious/deliberative,Somewhat unclear,Hard,Rather unconfident,"The instructions were confusing, because the bee was flying so it was difficult to image that and the unknown pairs. "
Qxfdrl4fhkob1c6n9thbnqldrQ,unconstrained,13.0,"[[6, 7, 1, 4], [3, 5, 6]]",0.0,4.932,0,Fully conscious/deliberative,Somewhat unclear,Hard,Rather unconfident,"The instructions were confusing, because the bee was flying so it was difficult to image that and the unknown pairs. "
Qxfdrl4fhkob1c6n9thbnqldrQ,unconstrained,14.0,"[[5, 6, 2], [4, 1, 7, 6]]",0.0,9.15,1,Fully conscious/deliberative,Somewhat unclear,Hard,Rather unconfident,"The instructions were confusing, because the bee was flying so it was difficult to image that and the unknown pairs. "
Qxfdrl4fhkob1c6n9thbnqldrQ,unconstrained,15.0,"[[7, 6, 5], [0, 7, 6, 2]]",1.0,4.409,0,Fully conscious/deliberative,Somewhat unclear,Hard,Rather unconfident,"The instructions were confusing, because the bee was flying so it was difficult to image that and the unknown pairs. "
Qxfdrl4fhkob1c6n9thbnqldrQ,unconstrained,16.0,"[[4, 1, 7, 6, 2], [3, 5, 6, 2]]",0.0,4.155,0,Fully conscious/deliberative,Somewhat unclear,Hard,Rather unconfident,"The instructions were confusing, because the bee was flying so it was difficult to image that and the unknown pairs. "
Qxfdrl4fhkob1c6n9thbnqldrQ,unconstrained,17.0,"[[4, 1, 7, 6], [3, 5, 6, 7, 1]]",0.0,8.038,1,Fully conscious/deliberative,Somewhat unclear,Hard,Rather unconfident,"The instructions were confusing, because the bee was flying so it was difficult to image that and the unknown pairs. "
Qxfdrl4fhkob1c6n9thbnqldrQ,unconstrained,18.0,"[[1, 7, 6, 5, 3], [1, 7, 6, 2]]",0.0,1.715,0,Fully conscious/deliberative,Somewhat unclear,Hard,Rather unconfident,"The instructions were confusing, because the bee was flying so it was difficult to image that and the unknown pairs. "
Qxfdrl4fhkob1c6n9thbnqldrQ,unconstrained,19.0,"[[3, 5, 6, 7, 0], [0, 7, 6, 2]]",1.0,2.068,1,Fully conscious/deliberative,Somewhat unclear,Hard,Rather unconfident,"The instructions were confusing, because the bee was flying so it was difficult to image that and the unknown pairs. "
Qxfdrl4fhkob1c6n9thbnqldrQ,unconstrained,20.0,"[[2, 6, 7, 0], [0, 7, 1]]",0.0,3.765,0,Fully conscious/deliberative,Somewhat unclear,Hard,Rather unconfident,"The instructions were confusing, because the bee was flying so it was difficult to image that and the unknown pairs. "
Qxfdrl4fhkob1c6n9thbnqldrQ,unconstrained,21.0,"[[0, 7, 1, 4], [5, 6, 7]]",1.0,3.697,1,Fully conscious/deliberative,Somewhat unclear,Hard,Rather unconfident,"The instructions were confusing, because the bee was flying so it was difficult to image that and the unknown pairs. "
Qxfdrl4fhkob1c6n9thbnqldrQ,unconstrained,22.0,"[[2, 6, 5], [5, 6, 7, 0]]",1.0,1.99,0,Fully conscious/deliberative,Somewhat unclear,Hard,Rather unconfident,"The instructions were confusing, because the bee was flying so it was difficult to image that and the unknown pairs. "
Qxfdrl4fhkob1c6n9thbnqldrQ,unconstrained,23.0,"[[0, 7, 1, 4], [7, 6, 2]]",1.0,4.391,1,Fully conscious/deliberative,Somewhat unclear,Hard,Rather unconfident,"The instructions were confusing, because the bee was flying so it was difficult to image that and the unknown pairs. "
Qxfdrl4fhkob1c6n9thbnqldrQ,unconstrained,24.0,"[[2, 6, 7], [4, 1, 7, 0]]",1.0,3.006,0,Fully conscious/deliberative,Somewhat unclear,Hard,Rather unconfident,"The instructions were confusing, because the bee was flying so it was difficult to image that and the unknown pairs. "
Qxfdrl4fhkob1c6n9thbnqldrQ,unconstrained,25.0,"[[0, 7, 1, 4], [4, 1, 7, 6, 2]]",0.0,2.636,1,Fully conscious/deliberative,Somewhat unclear,Hard,Rather unconfident,"The instructions were confusing, because the bee was flying so it was difficult to image that and the unknown pairs. "
Qxfdrl4fhkob1c6n9thbnqldrQ,unconstrained,26.0,"[[1, 7, 6, 5], [4, 1, 7]]",0.0,2.237,0,Fully conscious/deliberative,Somewhat unclear,Hard,Rather unconfident,"The instructions were confusing, because the bee was flying so it was difficult to image that and the unknown pairs. "
Qxfdrl4fhkob1c6n9thbnqldrQ,unconstrained,27.0,"[[7, 6, 5, 3], [2, 6, 5]]",0.0,3.101,0,Fully conscious/deliberative,Somewhat unclear,Hard,Rather unconfident,"The instructions were confusing, because the bee was flying so it was difficult to image that and the unknown pairs. "
Qxfdrl4fhkob1c6n9thbnqldrQ,unconstrained,28.0,"[[6, 7, 1, 4], [5, 6, 7, 1, 4]]",0.0,1.546,1,Fully conscious/deliberative,Somewhat unclear,Hard,Rather unconfident,"The instructions were confusing, because the bee was flying so it was difficult to image that and the unknown pairs. "
Qxfdrl4fhkob1c6n9thbnqldrQ,unconstrained,29.0,"[[2, 6, 5, 3], [3, 5, 6, 7, 1]]",1.0,2.648,0,Fully conscious/deliberative,Somewhat unclear,Hard,Rather unconfident,"The instructions were confusing, because the bee was flying so it was difficult to image that and the unknown pairs. "
Qxfdrl4fhkob1c6n9thbnqldrQ,unconstrained,30.0,"[[0, 7, 1, 4], [6, 7, 0]]",1.0,4.007,1,Fully conscious/deliberative,Somewhat unclear,Hard,Rather unconfident,"The instructions were confusing, because the bee was flying so it was difficult to image that and the unknown pairs. "
Qxfdrl4fhkob1c6n9thbnqldrQ,unconstrained,31.0,"[[4, 1, 7, 6, 5], [7, 6, 5, 3]]",0.0,2.521,0,Fully conscious/deliberative,Somewhat unclear,Hard,Rather unconfident,"The instructions were confusing, because the bee was flying so it was difficult to image that and the unknown pairs. "
Qxfdrl4fhkob1c6n9thbnqldrQ,unconstrained,32.0,"[[3, 5, 6], [5, 6, 7, 1]]",1.0,1.756,0,Fully conscious/deliberative,Somewhat unclear,Hard,Rather unconfident,"The instructions were confusing, because the bee was flying so it was difficult to image that and the unknown pairs. "
Qxfdrl4fhkob1c6n9thbnqldrQ,unconstrained,33.0,"[[1, 7, 6, 2], [1, 7, 0]]",1.0,7.851,1,Fully conscious/deliberative,Somewhat unclear,Hard,Rather unconfident,"The instructions were confusing, because the bee was flying so it was difficult to image that and the unknown pairs. "
Qxfdrl4fhkob1c6n9thbnqldrQ,unconstrained,34.0,"[[4, 1, 7, 6], [2, 6, 7]]",1.0,2.705,1,Fully conscious/deliberative,Somewhat unclear,Hard,Rather unconfident,"The instructions were confusing, because the bee was flying so it was difficult to image that and the unknown pairs. "
Qxfdrl4fhkob1c6n9thbnqldrQ,unconstrained,35.0,"[[7, 6, 2], [3, 5, 6, 7]]",1.0,5.758,0,Fully conscious/deliberative,Somewhat unclear,Hard,Rather unconfident,"The instructions were confusing, because the bee was flying so it was difficult to image that and the unknown pairs. "
Qxfdrl4fhkob1c6n9thbnqldrQ,unconstrained,36.0,"[[2, 6, 7, 0], [4, 1, 7]]",0.0,2.763,0,Fully conscious/deliberative,Somewhat unclear,Hard,Rather unconfident,"The instructions were confusing, because the bee was flying so it was difficult to image that and the unknown pairs. "
Qxfdrl4fhkob1c6n9thbnqldrQ,unconstrained,37.0,"[[2, 6, 7, 1], [1, 7, 0]]",0.0,2.942,0,Fully conscious/deliberative,Somewhat unclear,Hard,Rather unconfident,"The instructions were confusing, because the bee was flying so it was difficult to image that and the unknown pairs. "
Qxfdrl4fhkob1c6n9thbnqldrQ,unconstrained,38.0,"[[1, 7, 6, 5], [1, 7, 0]]",1.0,2.377,1,Fully conscious/deliberative,Somewhat unclear,Hard,Rather unconfident,"The instructions were confusing, because the bee was flying so it was difficult to image that and the unknown pairs. "
Qxfdrl4fhkob1c6n9thbnqldrQ,unconstrained,39.0,"[[2, 6, 7, 1], [2, 6, 7]]",1.0,2.153,1,Fully conscious/deliberative,Somewhat unclear,Hard,Rather unconfident,"The instructions were confusing, because the bee was flying so it was difficult to image that and the unknown pairs. "
Qxfdrl4fhkob1c6n9thbnqldrQ,unconstrained,40.0,"[[4, 1, 7, 6, 5], [7, 6, 5, 3]]",0.0,2.127,0,Fully conscious/deliberative,Somewhat unclear,Hard,Rather unconfident,"The instructions were confusing, because the bee was flying so it was difficult to image that and the unknown pairs. "
Qxfdrl4fhkob1c6n9thbnqldrQ,unconstrained,41.0,"[[5, 6, 7, 1], [5, 6, 7]]",1.0,1.808,1,Fully conscious/deliberative,Somewhat unclear,Hard,Rather unconfident,"The instructions were confusing, because the bee was flying so it was difficult to image that and the unknown pairs. "
Qxfdrl4fhkob1c6n9thbnqldrQ,unconstrained,42.0,"[[1, 7, 6], [5, 6, 7, 0]]",0.0,2.069,1,Fully conscious/deliberative,Somewhat unclear,Hard,Rather unconfident,"The instructions were confusing, because the bee was flying so it was difficult to image that and the unknown pairs. "
Qxfdrl4fhkob1c6n9thbnqldrQ,unconstrained,43.0,"[[2, 6, 5], [1, 7, 6, 5]]",1.0,2.402,0,Fully conscious/deliberative,Somewhat unclear,Hard,Rather unconfident,"The instructions were confusing, because the bee was flying so it was difficult to image that and the unknown pairs. "
Qxfdrl4fhkob1c6n9thbnqldrQ,unconstrained,44.0,"[[7, 1, 4], [1, 7, 6, 5]]",0.0,1.344,1,Fully conscious/deliberative,Somewhat unclear,Hard,Rather unconfident,"The instructions were confusing, because the bee was flying so it was difficult to image that and the unknown pairs. "
Qxfdrl4fhkob1c6n9thbnqldrQ,unconstrained,45.0,"[[5, 6, 7, 1, 4], [4, 1, 7, 0]]",0.0,8.42,0,Fully conscious/deliberative,Somewhat unclear,Hard,Rather unconfident,"The instructions were confusing, because the bee was flying so it was difficult to image that and the unknown pairs. "
Qxfdrl4fhkob1c6n9thbnqldrQ,unconstrained,46.0,"[[7, 6, 5], [4, 1, 7, 6]]",0.0,5.038,1,Fully conscious/deliberative,Somewhat unclear,Hard,Rather unconfident,"The instructions were confusing, because the bee was flying so it was difficult to image that and the unknown pairs. "
Qxfdrl4fhkob1c6n9thbnqldrQ,unconstrained,47.0,"[[7, 1, 4], [5, 6, 7, 0]]",0.0,1.762,1,Fully conscious/deliberative,Somewhat unclear,Hard,Rather unconfident,"The instructions were confusing, because the bee was flying so it was difficult to image that and the unknown pairs. "
Qxfdrl4fhkob1c6n9thbnqldrQ,unconstrained,48.0,"[[0, 7, 1, 4], [2, 6, 5]]",1.0,6.046,1,Fully conscious/deliberative,Somewhat unclear,Hard,Rather unconfident,"The instructions were confusing, because the bee was flying so it was difficult to image that and the unknown pairs. "
Qxfdrl4fhkob1c6n9thbnqldrQ,unconstrained,49.0,"[[1, 7, 6], [2, 6, 5, 3]]",1.0,1.739,0,Fully conscious/deliberative,Somewhat unclear,Hard,Rather unconfident,"The instructions were confusing, because the bee was flying so it was difficult to image that and the unknown pairs. "
Qxfdrl4fhkob1c6n9thbnqldrQ,unconstrained,50.0,"[[1, 7, 6, 2], [4, 1, 7]]",1.0,1.935,1,Fully conscious/deliberative,Somewhat unclear,Hard,Rather unconfident,"The instructions were confusing, because the bee was flying so it was difficult to image that and the unknown pairs. "
Qxfdrl4fhkob1c6n9thbnqldrQ,unconstrained,51.0,"[[2, 6, 5], [2, 6, 7, 1]]",0.0,2.371,1,Fully conscious/deliberative,Somewhat unclear,Hard,Rather unconfident,"The instructions were confusing, because the bee was flying so it was difficult to image that and the unknown pairs. "
Qxfdrl4fhkob1c6n9thbnqldrQ,unconstrained,52.0,"[[3, 5, 6, 7], [4, 1, 7, 6, 2]]",1.0,1.584,0,Fully conscious/deliberative,Somewhat unclear,Hard,Rather unconfident,"The instructions were confusing, because the bee was flying so it was difficult to image that and the unknown pairs. "
Qxfdrl4fhkob1c6n9thbnqldrQ,unconstrained,53.0,"[[0, 7, 1], [0, 7, 6, 5]]",1.0,2.112,0,Fully conscious/deliberative,Somewhat unclear,Hard,Rather unconfident,"The instructions were confusing, because the bee was flying so it was difficult to image that and the unknown pairs. "
Qxfdrl4fhkob1c6n9thbnqldrQ,unconstrained,54.0,"[[2, 6, 7, 1, 4], [3, 5, 6, 7, 1, 4]]",0.0,3.152,1,Fully conscious/deliberative,Somewhat unclear,Hard,Rather unconfident,"The instructions were confusing, because the bee was flying so it was difficult to image that and the unknown pairs. "
Qxfdrl4fhkob1c6n9thbnqldrQ,unconstrained,55.0,"[[3, 5, 6, 2], [1, 7, 0]]",0.0,1.544,0,Fully conscious/deliberative,Somewhat unclear,Hard,Rather unconfident,"The instructions were confusing, because the bee was flying so it was difficult to image that and the unknown pairs. "
Qxfdrl4fhkob1c6n9thbnqldrQ,unconstrained,56.0,"[[4, 1, 7, 6, 2], [5, 6, 7, 0]]",1.0,2.086,1,Fully conscious/deliberative,Somewhat unclear,Hard,Rather unconfident,"The instructions were confusing, because the bee was flying so it was difficult to image that and the unknown pairs. "
Qxfdrl4fhkob1c6n9thbnqldrQ,unconstrained,57.0,"[[4, 1, 7, 6], [2, 6, 7]]",0.0,2.211,0,Fully conscious/deliberative,Somewhat unclear,Hard,Rather unconfident,"The instructions were confusing, because the bee was flying so it was difficult to image that and the unknown pairs. "
Qxfdrl4fhkob1c6n9thbnqldrQ,unconstrained,58.0,"[[3, 5, 6, 2], [6, 7, 0]]",0.0,0.995,0,Fully conscious/deliberative,Somewhat unclear,Hard,Rather unconfident,"The instructions were confusing, because the bee was flying so it was difficult to image that and the unknown pairs. "
Qxfdrl4fhkob1c6n9thbnqldrQ,unconstrained,59.0,"[[3, 5, 6], [4, 1, 7, 0]]",0.0,2.206,1,Fully conscious/deliberative,Somewhat unclear,Hard,Rather unconfident,"The instructions were confusing, because the bee was flying so it was difficult to image that and the unknown pairs. "
Qxfdrl4fhkob1c6n9thbnqldrQ,unconstrained,60.0,"[[0, 7, 6, 5, 3], [4, 1, 7, 6]]",0.0,1.0,0,Fully conscious/deliberative,Somewhat unclear,Hard,Rather unconfident,"The instructions were confusing, because the bee was flying so it was difficult to image that and the unknown pairs. "
Qxfdrl4fhkob1c6n9thbnqldrQ,unconstrained,61.0,"[[3, 5, 6, 7, 0], [2, 6, 7, 1]]",0.0,1.648,0,Fully conscious/deliberative,Somewhat unclear,Hard,Rather unconfident,"The instructions were confusing, because the bee was flying so it was difficult to image that and the unknown pairs. "
Qxfdrl4fhkob1c6n9thbnqldrQ,unconstrained,62.0,"[[0, 7, 6, 5], [5, 6, 7]]",0.0,3.346,0,Fully conscious/deliberative,Somewhat unclear,Hard,Rather unconfident,"The instructions were confusing, because the bee was flying so it was difficult to image that and the unknown pairs. "
Qxfdrl4fhkob1c6n9thbnqldrQ,unconstrained,63.0,"[[2, 6, 5], [3, 5, 6, 2]]",1.0,2.424,0,Fully conscious/deliberative,Somewhat unclear,Hard,Rather unconfident,"The instructions were confusing, because the bee was flying so it was difficult to image that and the unknown pairs. "
Qxfdrl4fhkob1c6n9thbnqldrQ,unconstrained,64.0,"[[7, 6, 5], [3, 5, 6, 2]]",0.0,1.775,1,Fully conscious/deliberative,Somewhat unclear,Hard,Rather unconfident,"The instructions were confusing, because the bee was flying so it was difficult to image that and the unknown pairs. "
Qyb4720578yni3i1nkrqkm3xlQ,unconstrained,0.0,"[[1, 7, 6], [2, 6, 5, 3]]",1.0,6.533,0,Fairly intuitive/unconscious,Somewhat unclear,Quite hard,Rather unconfident,"I tried to use the logic of color progression, the bees would have made fewer stopovers if the two flowers were closer in the color spectrum (e.g. yellow - orange instead of yellow - green). I don't think I managed to complete the task successfully, however."
Qyb4720578yni3i1nkrqkm3xlQ,unconstrained,1.0,"[[1, 7, 0], [1, 7, 6, 5]]",0.0,6.901,1,Fairly intuitive/unconscious,Somewhat unclear,Quite hard,Rather unconfident,"I tried to use the logic of color progression, the bees would have made fewer stopovers if the two flowers were closer in the color spectrum (e.g. yellow - orange instead of yellow - green). I don't think I managed to complete the task successfully, however."
Qyb4720578yni3i1nkrqkm3xlQ,unconstrained,2.0,"[[4, 1, 7, 6, 5, 3], [2, 6, 7, 1, 4]]",0.0,7.502,0,Fairly intuitive/unconscious,Somewhat unclear,Quite hard,Rather unconfident,"I tried to use the logic of color progression, the bees would have made fewer stopovers if the two flowers were closer in the color spectrum (e.g. yellow - orange instead of yellow - green). I don't think I managed to complete the task successfully, however."
Qyb4720578yni3i1nkrqkm3xlQ,unconstrained,3.0,"[[3, 5, 6, 2], [7, 6, 5]]",0.0,2.308,0,Fairly intuitive/unconscious,Somewhat unclear,Quite hard,Rather unconfident,"I tried to use the logic of color progression, the bees would have made fewer stopovers if the two flowers were closer in the color spectrum (e.g. yellow - orange instead of yellow - green). I don't think I managed to complete the task successfully, however."
Qyb4720578yni3i1nkrqkm3xlQ,unconstrained,4.0,"[[7, 6, 2], [3, 5, 6, 7]]",1.0,6.148,0,Fairly intuitive/unconscious,Somewhat unclear,Quite hard,Rather unconfident,"I tried to use the logic of color progression, the bees would have made fewer stopovers if the two flowers were closer in the color spectrum (e.g. yellow - orange instead of yellow - green). I don't think I managed to complete the task successfully, however."
Qyb4720578yni3i1nkrqkm3xlQ,unconstrained,5.0,"[[0, 7, 6, 5], [7, 1, 4]]",0.0,5.895,0,Fairly intuitive/unconscious,Somewhat unclear,Quite hard,Rather unconfident,"I tried to use the logic of color progression, the bees would have made fewer stopovers if the two flowers were closer in the color spectrum (e.g. yellow - orange instead of yellow - green). I don't think I managed to complete the task successfully, however."
Qyb4720578yni3i1nkrqkm3xlQ,unconstrained,6.0,"[[6, 7, 0], [0, 7, 6, 5]]",1.0,2.123,0,Fairly intuitive/unconscious,Somewhat unclear,Quite hard,Rather unconfident,"I tried to use the logic of color progression, the bees would have made fewer stopovers if the two flowers were closer in the color spectrum (e.g. yellow - orange instead of yellow - green). I don't think I managed to complete the task successfully, however."
Qyb4720578yni3i1nkrqkm3xlQ,unconstrained,7.0,"[[6, 7, 1], [1, 7, 6, 5]]",0.0,5.117,1,Fairly intuitive/unconscious,Somewhat unclear,Quite hard,Rather unconfident,"I tried to use the logic of color progression, the bees would have made fewer stopovers if the two flowers were closer in the color spectrum (e.g. yellow - orange instead of yellow - green). I don't think I managed to complete the task successfully, however."
Qyb4720578yni3i1nkrqkm3xlQ,unconstrained,8.0,"[[5, 6, 7, 1], [4, 1, 7]]",1.0,5.573,1,Fairly intuitive/unconscious,Somewhat unclear,Quite hard,Rather unconfident,"I tried to use the logic of color progression, the bees would have made fewer stopovers if the two flowers were closer in the color spectrum (e.g. yellow - orange instead of yellow - green). I don't think I managed to complete the task successfully, however."
Qyb4720578yni3i1nkrqkm3xlQ,unconstrained,9.0,"[[0, 7, 1, 4], [6, 7, 1]]",0.0,7.469,0,Fairly intuitive/unconscious,Somewhat unclear,Quite hard,Rather unconfident,"I tried to use the logic of color progression, the bees would have made fewer stopovers if the two flowers were closer in the color spectrum (e.g. yellow - orange instead of yellow - green). I don't think I managed to complete the task successfully, however."
Qyb4720578yni3i1nkrqkm3xlQ,unconstrained,10.0,"[[0, 7, 1], [6, 7, 1, 4]]",1.0,4.389,0,Fairly intuitive/unconscious,Somewhat unclear,Quite hard,Rather unconfident,"I tried to use the logic of color progression, the bees would have made fewer stopovers if the two flowers were closer in the color spectrum (e.g. yellow - orange instead of yellow - green). I don't think I managed to complete the task successfully, however."
Qyb4720578yni3i1nkrqkm3xlQ,unconstrained,11.0,"[[7, 6, 2], [4, 1, 7, 6]]",1.0,1.541,0,Fairly intuitive/unconscious,Somewhat unclear,Quite hard,Rather unconfident,"I tried to use the logic of color progression, the bees would have made fewer stopovers if the two flowers were closer in the color spectrum (e.g. yellow - orange instead of yellow - green). I don't think I managed to complete the task successfully, however."
Qyb4720578yni3i1nkrqkm3xlQ,unconstrained,12.0,"[[2, 6, 5, 3], [1, 7, 0]]",0.0,1.678,0,Fairly intuitive/unconscious,Somewhat unclear,Quite hard,Rather unconfident,"I tried to use the logic of color progression, the bees would have made fewer stopovers if the two flowers were closer in the color spectrum (e.g. yellow - orange instead of yellow - green). I don't think I managed to complete the task successfully, however."
Qyb4720578yni3i1nkrqkm3xlQ,unconstrained,13.0,"[[2, 6, 7, 1], [1, 7, 0]]",1.0,2.212,1,Fairly intuitive/unconscious,Somewhat unclear,Quite hard,Rather unconfident,"I tried to use the logic of color progression, the bees would have made fewer stopovers if the two flowers were closer in the color spectrum (e.g. yellow - orange instead of yellow - green). I don't think I managed to complete the task successfully, however."
Qyb4720578yni3i1nkrqkm3xlQ,unconstrained,14.0,"[[1, 7, 6, 2], [1, 7, 6]]",1.0,9.168,1,Fairly intuitive/unconscious,Somewhat unclear,Quite hard,Rather unconfident,"I tried to use the logic of color progression, the bees would have made fewer stopovers if the two flowers were closer in the color spectrum (e.g. yellow - orange instead of yellow - green). I don't think I managed to complete the task successfully, however."
Qyb4720578yni3i1nkrqkm3xlQ,unconstrained,15.0,"[[5, 6, 2], [2, 6, 7, 1]]",1.0,3.164,0,Fairly intuitive/unconscious,Somewhat unclear,Quite hard,Rather unconfident,"I tried to use the logic of color progression, the bees would have made fewer stopovers if the two flowers were closer in the color spectrum (e.g. yellow - orange instead of yellow - green). I don't think I managed to complete the task successfully, however."
Qyb4720578yni3i1nkrqkm3xlQ,unconstrained,16.0,"[[4, 1, 7, 6, 5], [7, 6, 5, 3]]",0.0,3.012,0,Fairly intuitive/unconscious,Somewhat unclear,Quite hard,Rather unconfident,"I tried to use the logic of color progression, the bees would have made fewer stopovers if the two flowers were closer in the color spectrum (e.g. yellow - orange instead of yellow - green). I don't think I managed to complete the task successfully, however."
Qyb4720578yni3i1nkrqkm3xlQ,unconstrained,17.0,"[[5, 6, 7, 0], [1, 7, 6]]",0.0,7.901,0,Fairly intuitive/unconscious,Somewhat unclear,Quite hard,Rather unconfident,"I tried to use the logic of color progression, the bees would have made fewer stopovers if the two flowers were closer in the color spectrum (e.g. yellow - orange instead of yellow - green). I don't think I managed to complete the task successfully, however."
Qyb4720578yni3i1nkrqkm3xlQ,unconstrained,18.0,"[[6, 7, 0], [3, 5, 6, 2]]",0.0,10.366,1,Fairly intuitive/unconscious,Somewhat unclear,Quite hard,Rather unconfident,"I tried to use the logic of color progression, the bees would have made fewer stopovers if the two flowers were closer in the color spectrum (e.g. yellow - orange instead of yellow - green). I don't think I managed to complete the task successfully, however."
Qyb4720578yni3i1nkrqkm3xlQ,unconstrained,19.0,"[[1, 7, 0], [5, 6, 7, 0]]",0.0,2.092,1,Fairly intuitive/unconscious,Somewhat unclear,Quite hard,Rather unconfident,"I tried to use the logic of color progression, the bees would have made fewer stopovers if the two flowers were closer in the color spectrum (e.g. yellow - orange instead of yellow - green). I don't think I managed to complete the task successfully, however."
Qyb4720578yni3i1nkrqkm3xlQ,unconstrained,20.0,"[[2, 6, 5, 3], [5, 6, 2]]",0.0,3.773,0,Fairly intuitive/unconscious,Somewhat unclear,Quite hard,Rather unconfident,"I tried to use the logic of color progression, the bees would have made fewer stopovers if the two flowers were closer in the color spectrum (e.g. yellow - orange instead of yellow - green). I don't think I managed to complete the task successfully, however."
Qyb4720578yni3i1nkrqkm3xlQ,unconstrained,21.0,"[[0, 7, 1, 4], [6, 5, 3]]",1.0,10.493,1,Fairly intuitive/unconscious,Somewhat unclear,Quite hard,Rather unconfident,"I tried to use the logic of color progression, the bees would have made fewer stopovers if the two flowers were closer in the color spectrum (e.g. yellow - orange instead of yellow - green). I don't think I managed to complete the task successfully, however."
Qyb4720578yni3i1nkrqkm3xlQ,unconstrained,22.0,"[[0, 7, 1, 4], [4, 1, 7, 6, 2]]",0.0,2.341,1,Fairly intuitive/unconscious,Somewhat unclear,Quite hard,Rather unconfident,"I tried to use the logic of color progression, the bees would have made fewer stopovers if the two flowers were closer in the color spectrum (e.g. yellow - orange instead of yellow - green). I don't think I managed to complete the task successfully, however."
Qyb4720578yni3i1nkrqkm3xlQ,unconstrained,23.0,"[[3, 5, 6, 2], [7, 1, 4]]",0.0,0.853,0,Fairly intuitive/unconscious,Somewhat unclear,Quite hard,Rather unconfident,"I tried to use the logic of color progression, the bees would have made fewer stopovers if the two flowers were closer in the color spectrum (e.g. yellow - orange instead of yellow - green). I don't think I managed to complete the task successfully, however."
Qyb4720578yni3i1nkrqkm3xlQ,unconstrained,24.0,"[[2, 6, 7], [4, 1, 7, 0]]",1.0,1.294,0,Fairly intuitive/unconscious,Somewhat unclear,Quite hard,Rather unconfident,"I tried to use the logic of color progression, the bees would have made fewer stopovers if the two flowers were closer in the color spectrum (e.g. yellow - orange instead of yellow - green). I don't think I managed to complete the task successfully, however."
Qyb4720578yni3i1nkrqkm3xlQ,unconstrained,25.0,"[[4, 1, 7, 6], [2, 6, 7]]",1.0,6.237,1,Fairly intuitive/unconscious,Somewhat unclear,Quite hard,Rather unconfident,"I tried to use the logic of color progression, the bees would have made fewer stopovers if the two flowers were closer in the color spectrum (e.g. yellow - orange instead of yellow - green). I don't think I managed to complete the task successfully, however."
Qyb4720578yni3i1nkrqkm3xlQ,unconstrained,26.0,"[[3, 5, 6, 7], [5, 6, 2]]",0.0,1.228,0,Fairly intuitive/unconscious,Somewhat unclear,Quite hard,Rather unconfident,"I tried to use the logic of color progression, the bees would have made fewer stopovers if the two flowers were closer in the color spectrum (e.g. yellow - orange instead of yellow - green). I don't think I managed to complete the task successfully, however."
Qyb4720578yni3i1nkrqkm3xlQ,unconstrained,27.0,"[[2, 6, 5], [4, 1, 7, 6]]",0.0,9.141,1,Fairly intuitive/unconscious,Somewhat unclear,Quite hard,Rather unconfident,"I tried to use the logic of color progression, the bees would have made fewer stopovers if the two flowers were closer in the color spectrum (e.g. yellow - orange instead of yellow - green). I don't think I managed to complete the task successfully, however."
Qyb4720578yni3i1nkrqkm3xlQ,unconstrained,28.0,"[[2, 6, 7, 1], [7, 6, 5]]",1.0,2.472,1,Fairly intuitive/unconscious,Somewhat unclear,Quite hard,Rather unconfident,"I tried to use the logic of color progression, the bees would have made fewer stopovers if the two flowers were closer in the color spectrum (e.g. yellow - orange instead of yellow - green). I don't think I managed to complete the task successfully, however."
Qyb4720578yni3i1nkrqkm3xlQ,unconstrained,29.0,"[[2, 6, 5, 3], [2, 6, 7, 1, 4]]",1.0,1.147,0,Fairly intuitive/unconscious,Somewhat unclear,Quite hard,Rather unconfident,"I tried to use the logic of color progression, the bees would have made fewer stopovers if the two flowers were closer in the color spectrum (e.g. yellow - orange instead of yellow - green). I don't think I managed to complete the task successfully, however."
Qyb4720578yni3i1nkrqkm3xlQ,unconstrained,30.0,"[[1, 7, 6, 5], [7, 6, 2]]",1.0,1.213,1,Fairly intuitive/unconscious,Somewhat unclear,Quite hard,Rather unconfident,"I tried to use the logic of color progression, the bees would have made fewer stopovers if the two flowers were closer in the color spectrum (e.g. yellow - orange instead of yellow - green). I don't think I managed to complete the task successfully, however."
Qyb4720578yni3i1nkrqkm3xlQ,unconstrained,31.0,"[[1, 7, 6, 2], [0, 7, 6, 5, 3]]",1.0,4.821,0,Fairly intuitive/unconscious,Somewhat unclear,Quite hard,Rather unconfident,"I tried to use the logic of color progression, the bees would have made fewer stopovers if the two flowers were closer in the color spectrum (e.g. yellow - orange instead of yellow - green). I don't think I managed to complete the task successfully, however."
Qyb4720578yni3i1nkrqkm3xlQ,unconstrained,32.0,"[[3, 5, 6, 7, 1], [1, 7, 6, 2]]",0.0,4.293,0,Fairly intuitive/unconscious,Somewhat unclear,Quite hard,Rather unconfident,"I tried to use the logic of color progression, the bees would have made fewer stopovers if the two flowers were closer in the color spectrum (e.g. yellow - orange instead of yellow - green). I don't think I managed to complete the task successfully, however."
Qyb4720578yni3i1nkrqkm3xlQ,unconstrained,33.0,"[[2, 6, 5], [5, 6, 7, 0]]",0.0,5.342,1,Fairly intuitive/unconscious,Somewhat unclear,Quite hard,Rather unconfident,"I tried to use the logic of color progression, the bees would have made fewer stopovers if the two flowers were closer in the color spectrum (e.g. yellow - orange instead of yellow - green). I don't think I managed to complete the task successfully, however."
Qyb4720578yni3i1nkrqkm3xlQ,unconstrained,34.0,"[[3, 5, 6, 7], [2, 6, 7, 1, 4]]",1.0,2.086,0,Fairly intuitive/unconscious,Somewhat unclear,Quite hard,Rather unconfident,"I tried to use the logic of color progression, the bees would have made fewer stopovers if the two flowers were closer in the color spectrum (e.g. yellow - orange instead of yellow - green). I don't think I managed to complete the task successfully, however."
Qyb4720578yni3i1nkrqkm3xlQ,unconstrained,35.0,"[[0, 7, 6, 2], [4, 1, 7]]",1.0,4.948,1,Fairly intuitive/unconscious,Somewhat unclear,Quite hard,Rather unconfident,"I tried to use the logic of color progression, the bees would have made fewer stopovers if the two flowers were closer in the color spectrum (e.g. yellow - orange instead of yellow - green). I don't think I managed to complete the task successfully, however."
Qyb4720578yni3i1nkrqkm3xlQ,unconstrained,36.0,"[[2, 6, 7], [4, 1, 7, 0]]",1.0,3.568,0,Fairly intuitive/unconscious,Somewhat unclear,Quite hard,Rather unconfident,"I tried to use the logic of color progression, the bees would have made fewer stopovers if the two flowers were closer in the color spectrum (e.g. yellow - orange instead of yellow - green). I don't think I managed to complete the task successfully, however."
Qyb4720578yni3i1nkrqkm3xlQ,unconstrained,37.0,"[[5, 6, 7], [6, 7, 1, 4]]",0.0,24.876,1,Fairly intuitive/unconscious,Somewhat unclear,Quite hard,Rather unconfident,"I tried to use the logic of color progression, the bees would have made fewer stopovers if the two flowers were closer in the color spectrum (e.g. yellow - orange instead of yellow - green). I don't think I managed to complete the task successfully, however."
Qyb4720578yni3i1nkrqkm3xlQ,unconstrained,38.0,"[[5, 6, 2], [4, 1, 7, 0]]",0.0,14.98,1,Fairly intuitive/unconscious,Somewhat unclear,Quite hard,Rather unconfident,"I tried to use the logic of color progression, the bees would have made fewer stopovers if the two flowers were closer in the color spectrum (e.g. yellow - orange instead of yellow - green). I don't think I managed to complete the task successfully, however."
Qyb4720578yni3i1nkrqkm3xlQ,unconstrained,39.0,"[[3, 5, 6], [1, 7, 6, 5]]",1.0,1.318,0,Fairly intuitive/unconscious,Somewhat unclear,Quite hard,Rather unconfident,"I tried to use the logic of color progression, the bees would have made fewer stopovers if the two flowers were closer in the color spectrum (e.g. yellow - orange instead of yellow - green). I don't think I managed to complete the task successfully, however."
Qyb4720578yni3i1nkrqkm3xlQ,unconstrained,40.0,"[[4, 1, 7, 0], [4, 1, 7, 6, 5]]",0.0,1.884,1,Fairly intuitive/unconscious,Somewhat unclear,Quite hard,Rather unconfident,"I tried to use the logic of color progression, the bees would have made fewer stopovers if the two flowers were closer in the color spectrum (e.g. yellow - orange instead of yellow - green). I don't think I managed to complete the task successfully, however."
Qyb4720578yni3i1nkrqkm3xlQ,unconstrained,41.0,"[[6, 7, 1, 4], [6, 5, 3]]",1.0,2.917,1,Fairly intuitive/unconscious,Somewhat unclear,Quite hard,Rather unconfident,"I tried to use the logic of color progression, the bees would have made fewer stopovers if the two flowers were closer in the color spectrum (e.g. yellow - orange instead of yellow - green). I don't think I managed to complete the task successfully, however."
Qyb4720578yni3i1nkrqkm3xlQ,unconstrained,42.0,"[[4, 1, 7, 6, 5], [7, 6, 5, 3]]",0.0,4.661,0,Fairly intuitive/unconscious,Somewhat unclear,Quite hard,Rather unconfident,"I tried to use the logic of color progression, the bees would have made fewer stopovers if the two flowers were closer in the color spectrum (e.g. yellow - orange instead of yellow - green). I don't think I managed to complete the task successfully, however."
Qyb4720578yni3i1nkrqkm3xlQ,unconstrained,43.0,"[[5, 6, 7, 0], [5, 6, 7]]",1.0,2.052,1,Fairly intuitive/unconscious,Somewhat unclear,Quite hard,Rather unconfident,"I tried to use the logic of color progression, the bees would have made fewer stopovers if the two flowers were closer in the color spectrum (e.g. yellow - orange instead of yellow - green). I don't think I managed to complete the task successfully, however."
Qyb4720578yni3i1nkrqkm3xlQ,unconstrained,44.0,"[[0, 7, 1], [0, 7, 6, 2]]",0.0,6.159,1,Fairly intuitive/unconscious,Somewhat unclear,Quite hard,Rather unconfident,"I tried to use the logic of color progression, the bees would have made fewer stopovers if the two flowers were closer in the color spectrum (e.g. yellow - orange instead of yellow - green). I don't think I managed to complete the task successfully, however."
Qyb4720578yni3i1nkrqkm3xlQ,unconstrained,45.0,"[[3, 5, 6], [1, 7, 6, 2]]",1.0,1.419,0,Fairly intuitive/unconscious,Somewhat unclear,Quite hard,Rather unconfident,"I tried to use the logic of color progression, the bees would have made fewer stopovers if the two flowers were closer in the color spectrum (e.g. yellow - orange instead of yellow - green). I don't think I managed to complete the task successfully, however."
Qyb4720578yni3i1nkrqkm3xlQ,unconstrained,46.0,"[[4, 1, 7, 0], [5, 6, 7]]",1.0,1.841,1,Fairly intuitive/unconscious,Somewhat unclear,Quite hard,Rather unconfident,"I tried to use the logic of color progression, the bees would have made fewer stopovers if the two flowers were closer in the color spectrum (e.g. yellow - orange instead of yellow - green). I don't think I managed to complete the task successfully, however."
Qyb4720578yni3i1nkrqkm3xlQ,unconstrained,47.0,"[[5, 6, 7, 1], [7, 1, 4]]",0.0,2.162,0,Fairly intuitive/unconscious,Somewhat unclear,Quite hard,Rather unconfident,"I tried to use the logic of color progression, the bees would have made fewer stopovers if the two flowers were closer in the color spectrum (e.g. yellow - orange instead of yellow - green). I don't think I managed to complete the task successfully, however."
Qyb4720578yni3i1nkrqkm3xlQ,unconstrained,48.0,"[[3, 5, 6, 7, 1], [6, 7, 1, 4]]",0.0,2.455,0,Fairly intuitive/unconscious,Somewhat unclear,Quite hard,Rather unconfident,"I tried to use the logic of color progression, the bees would have made fewer stopovers if the two flowers were closer in the color spectrum (e.g. yellow - orange instead of yellow - green). I don't think I managed to complete the task successfully, however."
Qyb4720578yni3i1nkrqkm3xlQ,unconstrained,49.0,"[[4, 1, 7, 6], [3, 5, 6]]",1.0,1.18,1,Fairly intuitive/unconscious,Somewhat unclear,Quite hard,Rather unconfident,"I tried to use the logic of color progression, the bees would have made fewer stopovers if the two flowers were closer in the color spectrum (e.g. yellow - orange instead of yellow - green). I don't think I managed to complete the task successfully, however."
Qyb4720578yni3i1nkrqkm3xlQ,unconstrained,50.0,"[[5, 6, 7, 1], [1, 7, 6, 5, 3]]",0.0,2.872,1,Fairly intuitive/unconscious,Somewhat unclear,Quite hard,Rather unconfident,"I tried to use the logic of color progression, the bees would have made fewer stopovers if the two flowers were closer in the color spectrum (e.g. yellow - orange instead of yellow - green). I don't think I managed to complete the task successfully, however."
Qyb4720578yni3i1nkrqkm3xlQ,unconstrained,51.0,"[[1, 7, 6, 2], [2, 6, 7]]",1.0,1.442,1,Fairly intuitive/unconscious,Somewhat unclear,Quite hard,Rather unconfident,"I tried to use the logic of color progression, the bees would have made fewer stopovers if the two flowers were closer in the color spectrum (e.g. yellow - orange instead of yellow - green). I don't think I managed to complete the task successfully, however."
Qyb4720578yni3i1nkrqkm3xlQ,unconstrained,52.0,"[[5, 6, 7, 0], [2, 6, 7, 1, 4]]",0.0,1.92,1,Fairly intuitive/unconscious,Somewhat unclear,Quite hard,Rather unconfident,"I tried to use the logic of color progression, the bees would have made fewer stopovers if the two flowers were closer in the color spectrum (e.g. yellow - orange instead of yellow - green). I don't think I managed to complete the task successfully, however."
Qyb4720578yni3i1nkrqkm3xlQ,unconstrained,53.0,"[[0, 7, 6, 2], [3, 5, 6]]",1.0,2.172,1,Fairly intuitive/unconscious,Somewhat unclear,Quite hard,Rather unconfident,"I tried to use the logic of color progression, the bees would have made fewer stopovers if the two flowers were closer in the color spectrum (e.g. yellow - orange instead of yellow - green). I don't think I managed to complete the task successfully, however."
Qyb4720578yni3i1nkrqkm3xlQ,unconstrained,54.0,"[[7, 1, 4], [2, 6, 7, 1]]",1.0,8.352,0,Fairly intuitive/unconscious,Somewhat unclear,Quite hard,Rather unconfident,"I tried to use the logic of color progression, the bees would have made fewer stopovers if the two flowers were closer in the color spectrum (e.g. yellow - orange instead of yellow - green). I don't think I managed to complete the task successfully, however."
Qyb4720578yni3i1nkrqkm3xlQ,unconstrained,55.0,"[[5, 6, 7], [5, 6, 7, 1]]",0.0,9.763,1,Fairly intuitive/unconscious,Somewhat unclear,Quite hard,Rather unconfident,"I tried to use the logic of color progression, the bees would have made fewer stopovers if the two flowers were closer in the color spectrum (e.g. yellow - orange instead of yellow - green). I don't think I managed to complete the task successfully, however."
Qyb4720578yni3i1nkrqkm3xlQ,unconstrained,56.0,"[[0, 7, 6, 2], [0, 7, 6, 5, 3]]",0.0,1.541,1,Fairly intuitive/unconscious,Somewhat unclear,Quite hard,Rather unconfident,"I tried to use the logic of color progression, the bees would have made fewer stopovers if the two flowers were closer in the color spectrum (e.g. yellow - orange instead of yellow - green). I don't think I managed to complete the task successfully, however."
Qyb4720578yni3i1nkrqkm3xlQ,unconstrained,57.0,"[[4, 1, 7, 0], [6, 7, 0]]",1.0,6.437,1,Fairly intuitive/unconscious,Somewhat unclear,Quite hard,Rather unconfident,"I tried to use the logic of color progression, the bees would have made fewer stopovers if the two flowers were closer in the color spectrum (e.g. yellow - orange instead of yellow - green). I don't think I managed to complete the task successfully, however."
Qyb4720578yni3i1nkrqkm3xlQ,unconstrained,58.0,"[[3, 5, 6, 7, 0], [4, 1, 7, 6]]",1.0,2.864,1,Fairly intuitive/unconscious,Somewhat unclear,Quite hard,Rather unconfident,"I tried to use the logic of color progression, the bees would have made fewer stopovers if the two flowers were closer in the color spectrum (e.g. yellow - orange instead of yellow - green). I don't think I managed to complete the task successfully, however."
Qyb4720578yni3i1nkrqkm3xlQ,unconstrained,59.0,"[[1, 7, 0], [1, 7, 6, 2]]",1.0,1.963,0,Fairly intuitive/unconscious,Somewhat unclear,Quite hard,Rather unconfident,"I tried to use the logic of color progression, the bees would have made fewer stopovers if the two flowers were closer in the color spectrum (e.g. yellow - orange instead of yellow - green). I don't think I managed to complete the task successfully, however."
Qyb4720578yni3i1nkrqkm3xlQ,unconstrained,60.0,"[[3, 5, 6, 2], [1, 7, 6, 5, 3]]",1.0,1.062,0,Fairly intuitive/unconscious,Somewhat unclear,Quite hard,Rather unconfident,"I tried to use the logic of color progression, the bees would have made fewer stopovers if the two flowers were closer in the color spectrum (e.g. yellow - orange instead of yellow - green). I don't think I managed to complete the task successfully, however."
Qyb4720578yni3i1nkrqkm3xlQ,unconstrained,61.0,"[[5, 6, 7, 1, 4], [4, 1, 7, 6]]",0.0,1.621,0,Fairly intuitive/unconscious,Somewhat unclear,Quite hard,Rather unconfident,"I tried to use the logic of color progression, the bees would have made fewer stopovers if the two flowers were closer in the color spectrum (e.g. yellow - orange instead of yellow - green). I don't think I managed to complete the task successfully, however."
Qyb4720578yni3i1nkrqkm3xlQ,unconstrained,62.0,"[[2, 6, 7, 1], [4, 1, 7]]",1.0,4.606,1,Fairly intuitive/unconscious,Somewhat unclear,Quite hard,Rather unconfident,"I tried to use the logic of color progression, the bees would have made fewer stopovers if the two flowers were closer in the color spectrum (e.g. yellow - orange instead of yellow - green). I don't think I managed to complete the task successfully, however."
Qyb4720578yni3i1nkrqkm3xlQ,unconstrained,63.0,"[[5, 6, 7], [0, 7, 6, 2]]",1.0,1.772,0,Fairly intuitive/unconscious,Somewhat unclear,Quite hard,Rather unconfident,"I tried to use the logic of color progression, the bees would have made fewer stopovers if the two flowers were closer in the color spectrum (e.g. yellow - orange instead of yellow - green). I don't think I managed to complete the task successfully, however."
Qyb4720578yni3i1nkrqkm3xlQ,unconstrained,64.0,"[[2, 6, 5], [1, 7, 6, 5]]",0.0,1.537,1,Fairly intuitive/unconscious,Somewhat unclear,Quite hard,Rather unconfident,"I tried to use the logic of color progression, the bees would have made fewer stopovers if the two flowers were closer in the color spectrum (e.g. yellow - orange instead of yellow - green). I don't think I managed to complete the task successfully, however."
Qyxrf8bqn4n6edvydeiwl04l3Q,unconstrained,0.0,"[[2, 6, 5], [4, 1, 7, 0]]",0.0,22.82,1,Fully conscious/deliberative,Fully clear,Quite easy,Confident,Well I just tried to remember the connections between the flowers and then I tried to find the best possible route for the bee.
Qyxrf8bqn4n6edvydeiwl04l3Q,unconstrained,1.0,"[[0, 7, 6, 5], [0, 7, 1]]",1.0,11.647,1,Fully conscious/deliberative,Fully clear,Quite easy,Confident,Well I just tried to remember the connections between the flowers and then I tried to find the best possible route for the bee.
Qyxrf8bqn4n6edvydeiwl04l3Q,unconstrained,2.0,"[[0, 7, 1, 4], [7, 6, 5]]",0.0,25.417,0,Fully conscious/deliberative,Fully clear,Quite easy,Confident,Well I just tried to remember the connections between the flowers and then I tried to find the best possible route for the bee.
Qyxrf8bqn4n6edvydeiwl04l3Q,unconstrained,3.0,"[[3, 5, 6, 7, 1, 4], [4, 1, 7, 6, 2]]",0.0,43.125,0,Fully conscious/deliberative,Fully clear,Quite easy,Confident,Well I just tried to remember the connections between the flowers and then I tried to find the best possible route for the bee.
Qyxrf8bqn4n6edvydeiwl04l3Q,unconstrained,4.0,"[[2, 6, 7], [1, 7, 6, 5]]",1.0,38.71,0,Fully conscious/deliberative,Fully clear,Quite easy,Confident,Well I just tried to remember the connections between the flowers and then I tried to find the best possible route for the bee.
Qyxrf8bqn4n6edvydeiwl04l3Q,unconstrained,5.0,"[[6, 5, 3], [2, 6, 7, 0]]",1.0,6.749,0,Fully conscious/deliberative,Fully clear,Quite easy,Confident,Well I just tried to remember the connections between the flowers and then I tried to find the best possible route for the bee.
Qyxrf8bqn4n6edvydeiwl04l3Q,unconstrained,6.0,"[[0, 7, 6, 5], [1, 7, 6]]",1.0,10.352,1,Fully conscious/deliberative,Fully clear,Quite easy,Confident,Well I just tried to remember the connections between the flowers and then I tried to find the best possible route for the bee.
Qyxrf8bqn4n6edvydeiwl04l3Q,unconstrained,7.0,"[[4, 1, 7, 6, 2], [0, 7, 1, 4]]",0.0,10.466,0,Fully conscious/deliberative,Fully clear,Quite easy,Confident,Well I just tried to remember the connections between the flowers and then I tried to find the best possible route for the bee.
Qyxrf8bqn4n6edvydeiwl04l3Q,unconstrained,8.0,"[[2, 6, 7, 1, 4], [3, 5, 6, 2]]",0.0,13.275,0,Fully conscious/deliberative,Fully clear,Quite easy,Confident,Well I just tried to remember the connections between the flowers and then I tried to find the best possible route for the bee.
Qyxrf8bqn4n6edvydeiwl04l3Q,unconstrained,9.0,"[[5, 6, 7], [1, 7, 6, 2]]",1.0,6.901,0,Fully conscious/deliberative,Fully clear,Quite easy,Confident,Well I just tried to remember the connections between the flowers and then I tried to find the best possible route for the bee.
Qyxrf8bqn4n6edvydeiwl04l3Q,unconstrained,10.0,"[[3, 5, 6], [4, 1, 7, 6]]",1.0,10.099,0,Fully conscious/deliberative,Fully clear,Quite easy,Confident,Well I just tried to remember the connections between the flowers and then I tried to find the best possible route for the bee.
Qyxrf8bqn4n6edvydeiwl04l3Q,unconstrained,11.0,"[[0, 7, 6, 2], [0, 7, 1]]",1.0,4.771,1,Fully conscious/deliberative,Fully clear,Quite easy,Confident,Well I just tried to remember the connections between the flowers and then I tried to find the best possible route for the bee.
Qyxrf8bqn4n6edvydeiwl04l3Q,unconstrained,12.0,"[[5, 6, 7, 0], [7, 6, 5]]",1.0,9.595,1,Fully conscious/deliberative,Fully clear,Quite easy,Confident,Well I just tried to remember the connections between the flowers and then I tried to find the best possible route for the bee.
Qyxrf8bqn4n6edvydeiwl04l3Q,unconstrained,13.0,"[[5, 6, 7, 1], [5, 6, 2]]",1.0,13.453,1,Fully conscious/deliberative,Fully clear,Quite easy,Confident,Well I just tried to remember the connections between the flowers and then I tried to find the best possible route for the bee.
Qyxrf8bqn4n6edvydeiwl04l3Q,unconstrained,14.0,"[[6, 7, 1, 4], [5, 6, 7]]",1.0,14.623,1,Fully conscious/deliberative,Fully clear,Quite easy,Confident,Well I just tried to remember the connections between the flowers and then I tried to find the best possible route for the bee.
Qyxrf8bqn4n6edvydeiwl04l3Q,unconstrained,15.0,"[[3, 5, 6, 2], [1, 7, 6]]",1.0,14.03,1,Fully conscious/deliberative,Fully clear,Quite easy,Confident,Well I just tried to remember the connections between the flowers and then I tried to find the best possible route for the bee.
Qyxrf8bqn4n6edvydeiwl04l3Q,unconstrained,16.0,"[[4, 1, 7, 6], [7, 6, 2]]",1.0,14.749,1,Fully conscious/deliberative,Fully clear,Quite easy,Confident,Well I just tried to remember the connections between the flowers and then I tried to find the best possible route for the bee.
Qyxrf8bqn4n6edvydeiwl04l3Q,unconstrained,17.0,"[[5, 6, 7, 1], [7, 1, 4]]",1.0,11.444,1,Fully conscious/deliberative,Fully clear,Quite easy,Confident,Well I just tried to remember the connections between the flowers and then I tried to find the best possible route for the bee.
Qyxrf8bqn4n6edvydeiwl04l3Q,unconstrained,18.0,"[[0, 7, 6, 2], [3, 5, 6, 7, 0]]",1.0,19.184,0,Fully conscious/deliberative,Fully clear,Quite easy,Confident,Well I just tried to remember the connections between the flowers and then I tried to find the best possible route for the bee.
Qyxrf8bqn4n6edvydeiwl04l3Q,unconstrained,19.0,"[[1, 7, 6, 2], [1, 7, 6, 5, 3]]",1.0,15.458,0,Fully conscious/deliberative,Fully clear,Quite easy,Confident,Well I just tried to remember the connections between the flowers and then I tried to find the best possible route for the bee.
Qyxrf8bqn4n6edvydeiwl04l3Q,unconstrained,20.0,"[[0, 7, 6, 5, 3], [1, 7, 6, 2]]",1.0,13.227,1,Fully conscious/deliberative,Fully clear,Quite easy,Confident,Well I just tried to remember the connections between the flowers and then I tried to find the best possible route for the bee.
Qyxrf8bqn4n6edvydeiwl04l3Q,unconstrained,21.0,"[[1, 7, 0], [2, 6, 5, 3]]",1.0,8.486,0,Fully conscious/deliberative,Fully clear,Quite easy,Confident,Well I just tried to remember the connections between the flowers and then I tried to find the best possible route for the bee.
Qyxrf8bqn4n6edvydeiwl04l3Q,unconstrained,22.0,"[[5, 6, 7], [0, 7, 6, 2]]",1.0,6.929,0,Fully conscious/deliberative,Fully clear,Quite easy,Confident,Well I just tried to remember the connections between the flowers and then I tried to find the best possible route for the bee.
Qyxrf8bqn4n6edvydeiwl04l3Q,unconstrained,23.0,"[[7, 6, 2], [2, 6, 7, 1]]",1.0,5.371,0,Fully conscious/deliberative,Fully clear,Quite easy,Confident,Well I just tried to remember the connections between the flowers and then I tried to find the best possible route for the bee.
Qyxrf8bqn4n6edvydeiwl04l3Q,unconstrained,24.0,"[[5, 6, 7, 0], [2, 6, 7, 1, 4]]",1.0,24.124,0,Fully conscious/deliberative,Fully clear,Quite easy,Confident,Well I just tried to remember the connections between the flowers and then I tried to find the best possible route for the bee.
Qyxrf8bqn4n6edvydeiwl04l3Q,unconstrained,25.0,"[[2, 6, 5, 3], [2, 6, 5]]",1.0,12.84,1,Fully conscious/deliberative,Fully clear,Quite easy,Confident,Well I just tried to remember the connections between the flowers and then I tried to find the best possible route for the bee.
Qyxrf8bqn4n6edvydeiwl04l3Q,unconstrained,26.0,"[[4, 1, 7, 6], [0, 7, 6, 5, 3]]",1.0,15.699,0,Fully conscious/deliberative,Fully clear,Quite easy,Confident,Well I just tried to remember the connections between the flowers and then I tried to find the best possible route for the bee.
Qyxrf8bqn4n6edvydeiwl04l3Q,unconstrained,27.0,"[[1, 7, 6], [2, 6, 7, 1]]",1.0,8.277,0,Fully conscious/deliberative,Fully clear,Quite easy,Confident,Well I just tried to remember the connections between the flowers and then I tried to find the best possible route for the bee.
Qyxrf8bqn4n6edvydeiwl04l3Q,unconstrained,28.0,"[[4, 1, 7, 6, 5], [4, 1, 7, 0]]",1.0,6.038,1,Fully conscious/deliberative,Fully clear,Quite easy,Confident,Well I just tried to remember the connections between the flowers and then I tried to find the best possible route for the bee.
Qyxrf8bqn4n6edvydeiwl04l3Q,unconstrained,29.0,"[[0, 7, 1], [4, 1, 7, 6]]",1.0,13.674,0,Fully conscious/deliberative,Fully clear,Quite easy,Confident,Well I just tried to remember the connections between the flowers and then I tried to find the best possible route for the bee.
Qyxrf8bqn4n6edvydeiwl04l3Q,unconstrained,30.0,"[[0, 7, 6, 5], [0, 7, 6]]",1.0,12.009,1,Fully conscious/deliberative,Fully clear,Quite easy,Confident,Well I just tried to remember the connections between the flowers and then I tried to find the best possible route for the bee.
Qyxrf8bqn4n6edvydeiwl04l3Q,unconstrained,31.0,"[[4, 1, 7, 0], [6, 7, 0]]",1.0,6.738,1,Fully conscious/deliberative,Fully clear,Quite easy,Confident,Well I just tried to remember the connections between the flowers and then I tried to find the best possible route for the bee.
Qyxrf8bqn4n6edvydeiwl04l3Q,unconstrained,32.0,"[[1, 7, 6, 2], [0, 7, 1]]",1.0,7.693,1,Fully conscious/deliberative,Fully clear,Quite easy,Confident,Well I just tried to remember the connections between the flowers and then I tried to find the best possible route for the bee.
Qyxrf8bqn4n6edvydeiwl04l3Q,unconstrained,33.0,"[[1, 7, 6, 2], [5, 6, 2]]",1.0,31.872,1,Fully conscious/deliberative,Fully clear,Quite easy,Confident,Well I just tried to remember the connections between the flowers and then I tried to find the best possible route for the bee.
Qyxrf8bqn4n6edvydeiwl04l3Q,unconstrained,34.0,"[[5, 6, 7, 0], [7, 1, 4]]",1.0,5.335,1,Fully conscious/deliberative,Fully clear,Quite easy,Confident,Well I just tried to remember the connections between the flowers and then I tried to find the best possible route for the bee.
Qyxrf8bqn4n6edvydeiwl04l3Q,unconstrained,35.0,"[[0, 7, 1, 4], [6, 5, 3]]",1.0,10.115,1,Fully conscious/deliberative,Fully clear,Quite easy,Confident,Well I just tried to remember the connections between the flowers and then I tried to find the best possible route for the bee.
Qyxrf8bqn4n6edvydeiwl04l3Q,unconstrained,36.0,"[[2, 6, 5], [7, 6, 5, 3]]",0.0,23.812,1,Fully conscious/deliberative,Fully clear,Quite easy,Confident,Well I just tried to remember the connections between the flowers and then I tried to find the best possible route for the bee.
Qyxrf8bqn4n6edvydeiwl04l3Q,unconstrained,37.0,"[[4, 1, 7], [1, 7, 6, 5]]",1.0,5.249,0,Fully conscious/deliberative,Fully clear,Quite easy,Confident,Well I just tried to remember the connections between the flowers and then I tried to find the best possible route for the bee.
Qyxrf8bqn4n6edvydeiwl04l3Q,unconstrained,38.0,"[[1, 7, 6], [0, 7, 1, 4]]",1.0,3.921,0,Fully conscious/deliberative,Fully clear,Quite easy,Confident,Well I just tried to remember the connections between the flowers and then I tried to find the best possible route for the bee.
Qyxrf8bqn4n6edvydeiwl04l3Q,unconstrained,39.0,"[[3, 5, 6, 7], [5, 6, 7, 1, 4]]",1.0,8.147,0,Fully conscious/deliberative,Fully clear,Quite easy,Confident,Well I just tried to remember the connections between the flowers and then I tried to find the best possible route for the bee.
Qyxrf8bqn4n6edvydeiwl04l3Q,unconstrained,40.0,"[[3, 5, 6, 7, 1], [1, 7, 6, 5]]",1.0,12.608,1,Fully conscious/deliberative,Fully clear,Quite easy,Confident,Well I just tried to remember the connections between the flowers and then I tried to find the best possible route for the bee.
Qyxrf8bqn4n6edvydeiwl04l3Q,unconstrained,41.0,"[[6, 7, 1, 4], [2, 6, 5]]",1.0,10.458,1,Fully conscious/deliberative,Fully clear,Quite easy,Confident,Well I just tried to remember the connections between the flowers and then I tried to find the best possible route for the bee.
Qyxrf8bqn4n6edvydeiwl04l3Q,unconstrained,42.0,"[[3, 5, 6, 7], [2, 6, 7]]",1.0,16.372,1,Fully conscious/deliberative,Fully clear,Quite easy,Confident,Well I just tried to remember the connections between the flowers and then I tried to find the best possible route for the bee.
Qyxrf8bqn4n6edvydeiwl04l3Q,unconstrained,43.0,"[[5, 6, 7, 1, 4], [4, 1, 7, 6]]",1.0,6.016,1,Fully conscious/deliberative,Fully clear,Quite easy,Confident,Well I just tried to remember the connections between the flowers and then I tried to find the best possible route for the bee.
Qyxrf8bqn4n6edvydeiwl04l3Q,unconstrained,44.0,"[[4, 1, 7, 6, 2], [3, 5, 6, 7]]",1.0,14.379,1,Fully conscious/deliberative,Fully clear,Quite easy,Confident,Well I just tried to remember the connections between the flowers and then I tried to find the best possible route for the bee.
Qyxrf8bqn4n6edvydeiwl04l3Q,unconstrained,45.0,"[[2, 6, 7, 0], [4, 1, 7]]",1.0,10.426,1,Fully conscious/deliberative,Fully clear,Quite easy,Confident,Well I just tried to remember the connections between the flowers and then I tried to find the best possible route for the bee.
Qyxrf8bqn4n6edvydeiwl04l3Q,unconstrained,46.0,"[[1, 7, 6, 5], [6, 7, 1]]",1.0,5.692,1,Fully conscious/deliberative,Fully clear,Quite easy,Confident,Well I just tried to remember the connections between the flowers and then I tried to find the best possible route for the bee.
Qyxrf8bqn4n6edvydeiwl04l3Q,unconstrained,47.0,"[[4, 1, 7, 6], [1, 7, 6, 5, 3]]",1.0,5.711,0,Fully conscious/deliberative,Fully clear,Quite easy,Confident,Well I just tried to remember the connections between the flowers and then I tried to find the best possible route for the bee.
Qyxrf8bqn4n6edvydeiwl04l3Q,unconstrained,48.0,"[[5, 6, 7, 1, 4], [7, 6, 5, 3]]",1.0,9.05,1,Fully conscious/deliberative,Fully clear,Quite easy,Confident,Well I just tried to remember the connections between the flowers and then I tried to find the best possible route for the bee.
Qyxrf8bqn4n6edvydeiwl04l3Q,unconstrained,49.0,"[[7, 6, 2], [4, 1, 7, 0]]",1.0,24.347,0,Fully conscious/deliberative,Fully clear,Quite easy,Confident,Well I just tried to remember the connections between the flowers and then I tried to find the best possible route for the bee.
Qyxrf8bqn4n6edvydeiwl04l3Q,unconstrained,50.0,"[[4, 1, 7, 6], [6, 5, 3]]",1.0,4.62,1,Fully conscious/deliberative,Fully clear,Quite easy,Confident,Well I just tried to remember the connections between the flowers and then I tried to find the best possible route for the bee.
Qyxrf8bqn4n6edvydeiwl04l3Q,unconstrained,51.0,"[[3, 5, 6, 2], [3, 5, 6, 7, 1]]",1.0,11.482,0,Fully conscious/deliberative,Fully clear,Quite easy,Confident,Well I just tried to remember the connections between the flowers and then I tried to find the best possible route for the bee.
Qyxrf8bqn4n6edvydeiwl04l3Q,unconstrained,52.0,"[[3, 5, 6, 2], [7, 6, 5]]",1.0,8.34,1,Fully conscious/deliberative,Fully clear,Quite easy,Confident,Well I just tried to remember the connections between the flowers and then I tried to find the best possible route for the bee.
Qyxrf8bqn4n6edvydeiwl04l3Q,unconstrained,53.0,"[[5, 6, 7, 1], [3, 5, 6]]",1.0,7.513,1,Fully conscious/deliberative,Fully clear,Quite easy,Confident,Well I just tried to remember the connections between the flowers and then I tried to find the best possible route for the bee.
Qyxrf8bqn4n6edvydeiwl04l3Q,unconstrained,54.0,"[[0, 7, 1, 4], [2, 6, 7]]",1.0,8.467,1,Fully conscious/deliberative,Fully clear,Quite easy,Confident,Well I just tried to remember the connections between the flowers and then I tried to find the best possible route for the bee.
Qyxrf8bqn4n6edvydeiwl04l3Q,unconstrained,55.0,"[[4, 1, 7], [2, 6, 7, 1]]",1.0,7.841,0,Fully conscious/deliberative,Fully clear,Quite easy,Confident,Well I just tried to remember the connections between the flowers and then I tried to find the best possible route for the bee.
Qyxrf8bqn4n6edvydeiwl04l3Q,unconstrained,56.0,"[[2, 6, 5, 3], [4, 1, 7]]",1.0,13.552,1,Fully conscious/deliberative,Fully clear,Quite easy,Confident,Well I just tried to remember the connections between the flowers and then I tried to find the best possible route for the bee.
Qyxrf8bqn4n6edvydeiwl04l3Q,unconstrained,57.0,"[[5, 6, 2], [0, 7, 6, 5]]",1.0,5.093,0,Fully conscious/deliberative,Fully clear,Quite easy,Confident,Well I just tried to remember the connections between the flowers and then I tried to find the best possible route for the bee.
Qyxrf8bqn4n6edvydeiwl04l3Q,unconstrained,58.0,"[[2, 6, 7], [6, 7, 1, 4]]",1.0,6.456,0,Fully conscious/deliberative,Fully clear,Quite easy,Confident,Well I just tried to remember the connections between the flowers and then I tried to find the best possible route for the bee.
Qyxrf8bqn4n6edvydeiwl04l3Q,unconstrained,59.0,"[[0, 7, 1], [1, 7, 6, 2]]",1.0,5.969,0,Fully conscious/deliberative,Fully clear,Quite easy,Confident,Well I just tried to remember the connections between the flowers and then I tried to find the best possible route for the bee.
Qyxrf8bqn4n6edvydeiwl04l3Q,unconstrained,60.0,"[[5, 6, 7, 1], [0, 7, 1]]",1.0,7.494,1,Fully conscious/deliberative,Fully clear,Quite easy,Confident,Well I just tried to remember the connections between the flowers and then I tried to find the best possible route for the bee.
Qyxrf8bqn4n6edvydeiwl04l3Q,unconstrained,61.0,"[[5, 6, 7, 1], [5, 6, 7]]",1.0,10.251,1,Fully conscious/deliberative,Fully clear,Quite easy,Confident,Well I just tried to remember the connections between the flowers and then I tried to find the best possible route for the bee.
Qyxrf8bqn4n6edvydeiwl04l3Q,unconstrained,62.0,"[[2, 6, 7, 1], [7, 1, 4]]",1.0,12.933,1,Fully conscious/deliberative,Fully clear,Quite easy,Confident,Well I just tried to remember the connections between the flowers and then I tried to find the best possible route for the bee.
Qyxrf8bqn4n6edvydeiwl04l3Q,unconstrained,63.0,"[[0, 7, 6], [3, 5, 6, 2]]",1.0,6.985,0,Fully conscious/deliberative,Fully clear,Quite easy,Confident,Well I just tried to remember the connections between the flowers and then I tried to find the best possible route for the bee.
Qyxrf8bqn4n6edvydeiwl04l3Q,unconstrained,64.0,"[[6, 5, 3], [1, 7, 6, 2]]",1.0,7.519,0,Fully conscious/deliberative,Fully clear,Quite easy,Confident,Well I just tried to remember the connections between the flowers and then I tried to find the best possible route for the bee.
