subject_id,trial_name,known_learnrelquest,pair_learnrelquest,trial_ind_learnrelquest,rt_learnrelquest,response_learnrelquest,acc_learnrelquest,trial_index,type
Qt3aorl8n8vprd1i5dlc52q74Q,learn_relquest,0.0,"[0, 5]",0.0,2.284,1,1.0,101,first
Qt3aorl8n8vprd1i5dlc52q74Q,learn_relquest,0.0,"[5, 0]",1.0,2.669,1,1.0,102,first
Qt3aorl8n8vprd1i5dlc52q74Q,learn_relquest,0.0,"[3, 4]",2.0,2.037,0,0.0,103,first
Qt3aorl8n8vprd1i5dlc52q74Q,learn_relquest,1.0,"[3, 5]",3.0,7.933,0,1.0,104,first
Qt3aorl8n8vprd1i5dlc52q74Q,learn_relquest,1.0,"[7, 1]",4.0,2.437,0,1.0,105,first
Qt3aorl8n8vprd1i5dlc52q74Q,learn_relquest,1.0,"[2, 6]",5.0,2.021,0,1.0,106,first
Qt3aorl8n8vprd1i5dlc52q74Q,learn_relquest,1.0,"[0, 7]",6.0,1.42,0,1.0,107,first
Qt3aorl8n8vprd1i5dlc52q74Q,learn_relquest,0.0,"[4, 0]",7.0,1.125,1,1.0,108,first
Qt3aorl8n8vprd1i5dlc52q74Q,learn_relquest,1.0,"[1, 4]",8.0,1.565,0,1.0,109,first
Qt3aorl8n8vprd1i5dlc52q74Q,learn_relquest,1.0,"[4, 1]",9.0,1.215,0,1.0,110,first
Qt3aorl8n8vprd1i5dlc52q74Q,learn_relquest,1.0,"[7, 0]",10.0,1.385,0,1.0,111,first
Qt3aorl8n8vprd1i5dlc52q74Q,learn_relquest,0.0,"[7, 5]",11.0,2.805,0,0.0,112,first
Qt3aorl8n8vprd1i5dlc52q74Q,learn_relquest,0.0,"[3, 6]",12.0,1.853,0,0.0,113,first
Qt3aorl8n8vprd1i5dlc52q74Q,learn_relquest,1.0,"[6, 2]",13.0,1.437,0,1.0,114,first
Qt3aorl8n8vprd1i5dlc52q74Q,learn_relquest,0.0,"[2, 3]",14.0,1.308,1,1.0,115,first
Qt3aorl8n8vprd1i5dlc52q74Q,learn_relquest,0.0,"[3, 7]",15.0,1.533,1,1.0,116,first
Qt3aorl8n8vprd1i5dlc52q74Q,learn_relquest,1.0,"[6, 5]",16.0,1.133,0,1.0,117,first
Qt3aorl8n8vprd1i5dlc52q74Q,learn_relquest,0.0,"[4, 7]",17.0,1.733,0,0.0,118,first
Qt3aorl8n8vprd1i5dlc52q74Q,learn_relquest,1.0,"[5, 3]",18.0,3.004,1,0.0,119,first
Qt3aorl8n8vprd1i5dlc52q74Q,learn_relquest,0.0,"[7, 2]",19.0,2.445,0,0.0,120,first
Qt3aorl8n8vprd1i5dlc52q74Q,learn_relquest,1.0,"[1, 7]",20.0,1.948,0,1.0,121,first
Qt3aorl8n8vprd1i5dlc52q74Q,learn_relquest,1.0,"[6, 7]",21.0,2.164,1,0.0,122,first
Qt3aorl8n8vprd1i5dlc52q74Q,learn_relquest,0.0,"[6, 1]",22.0,1.741,1,1.0,123,first
Qt3aorl8n8vprd1i5dlc52q74Q,learn_relquest,1.0,"[7, 6]",23.0,3.669,1,0.0,124,first
Qt3aorl8n8vprd1i5dlc52q74Q,learn_relquest,0.0,"[0, 2]",24.0,6.784,1,1.0,125,first
Qt3aorl8n8vprd1i5dlc52q74Q,learn_relquest,0.0,"[1, 5]",25.0,1.551,1,1.0,126,first
Qt3aorl8n8vprd1i5dlc52q74Q,learn_relquest,1.0,"[5, 6]",26.0,0.973,0,1.0,127,first
Qt3aorl8n8vprd1i5dlc52q74Q,learn_relquest,0.0,"[5, 7]",27.0,0.757,0,0.0,128,first
Qt3aorl8n8vprd1i5dlc52q74Q,learn_relquest,1.0,"[0, 7]",0.0,1.916,0,1.0,217,second
Qt3aorl8n8vprd1i5dlc52q74Q,learn_relquest,1.0,"[6, 5]",1.0,1.453,0,1.0,218,second
Qt3aorl8n8vprd1i5dlc52q74Q,learn_relquest,0.0,"[0, 1]",2.0,3.101,1,1.0,219,second
Qt3aorl8n8vprd1i5dlc52q74Q,learn_relquest,0.0,"[2, 0]",3.0,1.837,1,1.0,220,second
Qt3aorl8n8vprd1i5dlc52q74Q,learn_relquest,0.0,"[5, 7]",4.0,4.333,0,0.0,221,second
Qt3aorl8n8vprd1i5dlc52q74Q,learn_relquest,0.0,"[3, 1]",5.0,1.612,1,1.0,222,second
Qt3aorl8n8vprd1i5dlc52q74Q,learn_relquest,1.0,"[7, 6]",6.0,1.757,0,1.0,223,second
Qt3aorl8n8vprd1i5dlc52q74Q,learn_relquest,0.0,"[3, 7]",7.0,1.452,1,1.0,224,second
Qt3aorl8n8vprd1i5dlc52q74Q,learn_relquest,0.0,"[1, 2]",8.0,2.813,1,1.0,225,second
Qt3aorl8n8vprd1i5dlc52q74Q,learn_relquest,0.0,"[0, 6]",9.0,1.797,0,0.0,226,second
Qt3aorl8n8vprd1i5dlc52q74Q,learn_relquest,0.0,"[5, 4]",10.0,0.748,0,0.0,227,second
Qt3aorl8n8vprd1i5dlc52q74Q,learn_relquest,1.0,"[4, 1]",11.0,3.885,0,1.0,228,second
Qt3aorl8n8vprd1i5dlc52q74Q,learn_relquest,1.0,"[7, 0]",12.0,0.781,0,1.0,229,second
Qt3aorl8n8vprd1i5dlc52q74Q,learn_relquest,0.0,"[3, 0]",13.0,0.941,1,1.0,230,second
Qt3aorl8n8vprd1i5dlc52q74Q,learn_relquest,1.0,"[5, 6]",14.0,1.285,0,1.0,231,second
Qt3aorl8n8vprd1i5dlc52q74Q,learn_relquest,0.0,"[7, 4]",15.0,1.269,0,0.0,232,second
Qt3aorl8n8vprd1i5dlc52q74Q,learn_relquest,0.0,"[3, 2]",16.0,1.476,1,1.0,233,second
Qt3aorl8n8vprd1i5dlc52q74Q,learn_relquest,1.0,"[6, 7]",17.0,1.261,0,1.0,234,second
Qt3aorl8n8vprd1i5dlc52q74Q,learn_relquest,1.0,"[5, 3]",18.0,1.653,0,1.0,235,second
Qt3aorl8n8vprd1i5dlc52q74Q,learn_relquest,1.0,"[3, 5]",19.0,1.317,0,1.0,236,second
Qt3aorl8n8vprd1i5dlc52q74Q,learn_relquest,0.0,"[6, 0]",20.0,2.668,1,1.0,237,second
Qt3aorl8n8vprd1i5dlc52q74Q,learn_relquest,1.0,"[7, 1]",21.0,1.132,0,1.0,238,second
Qt3aorl8n8vprd1i5dlc52q74Q,learn_relquest,0.0,"[5, 1]",22.0,1.813,0,0.0,239,second
Qt3aorl8n8vprd1i5dlc52q74Q,learn_relquest,0.0,"[2, 5]",23.0,1.613,0,0.0,240,second
Qt3aorl8n8vprd1i5dlc52q74Q,learn_relquest,1.0,"[6, 2]",24.0,2.068,0,1.0,241,second
Qt3aorl8n8vprd1i5dlc52q74Q,learn_relquest,1.0,"[1, 4]",25.0,1.445,1,0.0,242,second
Qt3aorl8n8vprd1i5dlc52q74Q,learn_relquest,1.0,"[1, 7]",26.0,1.221,0,1.0,243,second
Qt3aorl8n8vprd1i5dlc52q74Q,learn_relquest,1.0,"[2, 6]",27.0,4.02,1,0.0,244,second
Qt3aorl8n8vprd1i5dlc52q74Q,learn_relquest,0.0,"[2, 4]",0.0,2.373,1,1.0,331,third
Qt3aorl8n8vprd1i5dlc52q74Q,learn_relquest,0.0,"[4, 2]",1.0,0.909,1,1.0,332,third
Qt3aorl8n8vprd1i5dlc52q74Q,learn_relquest,0.0,"[4, 5]",2.0,2.701,1,1.0,333,third
Qt3aorl8n8vprd1i5dlc52q74Q,learn_relquest,1.0,"[6, 2]",3.0,1.324,0,1.0,334,third
Qt3aorl8n8vprd1i5dlc52q74Q,learn_relquest,0.0,"[1, 0]",4.0,1.933,0,0.0,335,third
Qt3aorl8n8vprd1i5dlc52q74Q,learn_relquest,0.0,"[7, 4]",5.0,2.149,1,1.0,336,third
Qt3aorl8n8vprd1i5dlc52q74Q,learn_relquest,1.0,"[3, 5]",6.0,1.197,0,1.0,337,third
Qt3aorl8n8vprd1i5dlc52q74Q,learn_relquest,1.0,"[0, 7]",7.0,1.157,0,1.0,338,third
Qt3aorl8n8vprd1i5dlc52q74Q,learn_relquest,0.0,"[0, 1]",8.0,1.445,1,1.0,339,third
Qt3aorl8n8vprd1i5dlc52q74Q,learn_relquest,0.0,"[2, 1]",9.0,1.709,0,0.0,340,third
Qt3aorl8n8vprd1i5dlc52q74Q,learn_relquest,1.0,"[7, 0]",10.0,1.429,0,1.0,341,third
Qt3aorl8n8vprd1i5dlc52q74Q,learn_relquest,1.0,"[1, 7]",11.0,0.924,0,1.0,342,third
Qt3aorl8n8vprd1i5dlc52q74Q,learn_relquest,0.0,"[5, 7]",12.0,1.485,0,0.0,343,third
Qt3aorl8n8vprd1i5dlc52q74Q,learn_relquest,1.0,"[6, 7]",13.0,1.276,1,0.0,344,third
Qt3aorl8n8vprd1i5dlc52q74Q,learn_relquest,0.0,"[1, 3]",14.0,1.117,1,1.0,345,third
Qt3aorl8n8vprd1i5dlc52q74Q,learn_relquest,0.0,"[5, 0]",15.0,1.436,0,0.0,346,third
Qt3aorl8n8vprd1i5dlc52q74Q,learn_relquest,1.0,"[5, 6]",16.0,1.157,0,1.0,347,third
Qt3aorl8n8vprd1i5dlc52q74Q,learn_relquest,0.0,"[0, 5]",17.0,1.764,0,0.0,348,third
Qt3aorl8n8vprd1i5dlc52q74Q,learn_relquest,1.0,"[5, 3]",18.0,1.164,0,1.0,349,third
Qt3aorl8n8vprd1i5dlc52q74Q,learn_relquest,0.0,"[4, 3]",19.0,1.253,1,1.0,350,third
Qt3aorl8n8vprd1i5dlc52q74Q,learn_relquest,1.0,"[7, 1]",20.0,1.021,0,1.0,351,third
Qt3aorl8n8vprd1i5dlc52q74Q,learn_relquest,0.0,"[1, 2]",21.0,1.685,0,0.0,352,third
Qt3aorl8n8vprd1i5dlc52q74Q,learn_relquest,1.0,"[2, 6]",22.0,1.037,0,1.0,353,third
Qt3aorl8n8vprd1i5dlc52q74Q,learn_relquest,1.0,"[7, 6]",23.0,0.835,0,1.0,354,third
Qt3aorl8n8vprd1i5dlc52q74Q,learn_relquest,1.0,"[4, 1]",24.0,1.974,0,1.0,355,third
Qt3aorl8n8vprd1i5dlc52q74Q,learn_relquest,1.0,"[6, 5]",25.0,1.597,0,1.0,356,third
Qt3aorl8n8vprd1i5dlc52q74Q,learn_relquest,1.0,"[1, 4]",26.0,1.876,1,0.0,357,third
Qt3aorl8n8vprd1i5dlc52q74Q,learn_relquest,0.0,"[7, 3]",27.0,2.036,1,1.0,358,third
Qt3aorl8n8vprd1i5dlc52q74Q,learn_relquest,0.0,"[6, 4]",0.0,1.868,1,1.0,445,fourth
Qt3aorl8n8vprd1i5dlc52q74Q,learn_relquest,0.0,"[0, 6]",1.0,2.565,1,1.0,446,fourth
Qt3aorl8n8vprd1i5dlc52q74Q,learn_relquest,0.0,"[4, 6]",2.0,1.028,1,1.0,447,fourth
Qt3aorl8n8vprd1i5dlc52q74Q,learn_relquest,0.0,"[1, 2]",3.0,3.213,1,1.0,448,fourth
Qt3aorl8n8vprd1i5dlc52q74Q,learn_relquest,0.0,"[7, 4]",4.0,2.252,1,1.0,449,fourth
Qt3aorl8n8vprd1i5dlc52q74Q,learn_relquest,1.0,"[3, 5]",5.0,1.405,0,1.0,450,fourth
Qt3aorl8n8vprd1i5dlc52q74Q,learn_relquest,1.0,"[7, 1]",6.0,0.861,0,1.0,451,fourth
Qt3aorl8n8vprd1i5dlc52q74Q,learn_relquest,1.0,"[1, 7]",7.0,0.581,0,1.0,452,fourth
Qt3aorl8n8vprd1i5dlc52q74Q,learn_relquest,1.0,"[2, 6]",8.0,1.276,0,1.0,453,fourth
Qt3aorl8n8vprd1i5dlc52q74Q,learn_relquest,1.0,"[0, 7]",9.0,0.869,0,1.0,454,fourth
Qt3aorl8n8vprd1i5dlc52q74Q,learn_relquest,0.0,"[2, 3]",10.0,1.508,1,1.0,455,fourth
Qt3aorl8n8vprd1i5dlc52q74Q,learn_relquest,0.0,"[3, 7]",11.0,3.285,1,1.0,456,fourth
Qt3aorl8n8vprd1i5dlc52q74Q,learn_relquest,1.0,"[7, 0]",12.0,0.773,0,1.0,457,fourth
Qt3aorl8n8vprd1i5dlc52q74Q,learn_relquest,0.0,"[2, 5]",13.0,2.18,1,1.0,458,fourth
Qt3aorl8n8vprd1i5dlc52q74Q,learn_relquest,1.0,"[7, 6]",14.0,1.365,0,1.0,459,fourth
Qt3aorl8n8vprd1i5dlc52q74Q,learn_relquest,1.0,"[6, 2]",15.0,1.261,0,1.0,460,fourth
Qt3aorl8n8vprd1i5dlc52q74Q,learn_relquest,1.0,"[4, 1]",16.0,2.397,0,1.0,461,fourth
Qt3aorl8n8vprd1i5dlc52q74Q,learn_relquest,0.0,"[3, 0]",17.0,1.517,1,1.0,462,fourth
Qt3aorl8n8vprd1i5dlc52q74Q,learn_relquest,1.0,"[5, 3]",18.0,1.06,0,1.0,463,fourth
Qt3aorl8n8vprd1i5dlc52q74Q,learn_relquest,1.0,"[6, 7]",19.0,1.013,0,1.0,464,fourth
Qt3aorl8n8vprd1i5dlc52q74Q,learn_relquest,1.0,"[1, 4]",20.0,1.556,0,1.0,465,fourth
Qt3aorl8n8vprd1i5dlc52q74Q,learn_relquest,1.0,"[6, 5]",21.0,1.092,0,1.0,466,fourth
Qt3aorl8n8vprd1i5dlc52q74Q,learn_relquest,0.0,"[3, 2]",22.0,1.125,1,1.0,467,fourth
Qt3aorl8n8vprd1i5dlc52q74Q,learn_relquest,0.0,"[6, 1]",23.0,1.973,0,0.0,468,fourth
Qt3aorl8n8vprd1i5dlc52q74Q,learn_relquest,0.0,"[5, 7]",24.0,0.764,0,0.0,469,fourth
Qt3aorl8n8vprd1i5dlc52q74Q,learn_relquest,0.0,"[0, 3]",25.0,3.045,0,0.0,470,fourth
Qt3aorl8n8vprd1i5dlc52q74Q,learn_relquest,0.0,"[4, 2]",26.0,1.38,1,1.0,471,fourth
Qt3aorl8n8vprd1i5dlc52q74Q,learn_relquest,1.0,"[5, 6]",27.0,0.887,0,1.0,472,fourth
Qt3aorl8n8vprd1i5dlc52q74Q,learn_relquest,1.0,"[0, 7]",0.0,1.668,0,1.0,559,fifth
Qt3aorl8n8vprd1i5dlc52q74Q,learn_relquest,1.0,"[7, 6]",1.0,0.909,0,1.0,560,fifth
Qt3aorl8n8vprd1i5dlc52q74Q,learn_relquest,0.0,"[1, 6]",2.0,0.789,0,0.0,561,fifth
Qt3aorl8n8vprd1i5dlc52q74Q,learn_relquest,0.0,"[0, 3]",3.0,2.045,1,1.0,562,fifth
Qt3aorl8n8vprd1i5dlc52q74Q,learn_relquest,0.0,"[7, 2]",4.0,1.932,1,1.0,563,fifth
Qt3aorl8n8vprd1i5dlc52q74Q,learn_relquest,1.0,"[5, 3]",5.0,0.813,0,1.0,564,fifth
Qt3aorl8n8vprd1i5dlc52q74Q,learn_relquest,0.0,"[4, 2]",6.0,1.701,1,1.0,565,fifth
Qt3aorl8n8vprd1i5dlc52q74Q,learn_relquest,0.0,"[0, 5]",7.0,4.421,0,0.0,566,fifth
Qt3aorl8n8vprd1i5dlc52q74Q,learn_relquest,0.0,"[2, 1]",8.0,1.213,1,1.0,567,fifth
Qt3aorl8n8vprd1i5dlc52q74Q,learn_relquest,1.0,"[1, 7]",9.0,0.805,0,1.0,568,fifth
Qt3aorl8n8vprd1i5dlc52q74Q,learn_relquest,1.0,"[6, 7]",10.0,0.741,0,1.0,569,fifth
Qt3aorl8n8vprd1i5dlc52q74Q,learn_relquest,1.0,"[3, 5]",11.0,1.277,0,1.0,570,fifth
Qt3aorl8n8vprd1i5dlc52q74Q,learn_relquest,0.0,"[0, 4]",12.0,1.117,1,1.0,571,fifth
Qt3aorl8n8vprd1i5dlc52q74Q,learn_relquest,0.0,"[2, 7]",13.0,3.729,0,0.0,572,fifth
Qt3aorl8n8vprd1i5dlc52q74Q,learn_relquest,1.0,"[2, 6]",14.0,1.09,0,1.0,573,fifth
Qt3aorl8n8vprd1i5dlc52q74Q,learn_relquest,0.0,"[1, 5]",15.0,1.561,1,1.0,574,fifth
Qt3aorl8n8vprd1i5dlc52q74Q,learn_relquest,0.0,"[1, 2]",16.0,1.213,1,1.0,575,fifth
Qt3aorl8n8vprd1i5dlc52q74Q,learn_relquest,0.0,"[4, 5]",17.0,1.365,1,1.0,576,fifth
Qt3aorl8n8vprd1i5dlc52q74Q,learn_relquest,1.0,"[6, 5]",18.0,1.381,0,1.0,577,fifth
Qt3aorl8n8vprd1i5dlc52q74Q,learn_relquest,0.0,"[3, 2]",19.0,1.205,1,1.0,578,fifth
Qt3aorl8n8vprd1i5dlc52q74Q,learn_relquest,0.0,"[6, 1]",20.0,2.501,0,0.0,579,fifth
Qt3aorl8n8vprd1i5dlc52q74Q,learn_relquest,1.0,"[7, 0]",21.0,1.253,0,1.0,580,fifth
Qt3aorl8n8vprd1i5dlc52q74Q,learn_relquest,1.0,"[1, 4]",22.0,1.301,0,1.0,581,fifth
Qt3aorl8n8vprd1i5dlc52q74Q,learn_relquest,1.0,"[7, 1]",23.0,1.804,0,1.0,582,fifth
Qt3aorl8n8vprd1i5dlc52q74Q,learn_relquest,1.0,"[6, 2]",24.0,1.165,0,1.0,583,fifth
Qt3aorl8n8vprd1i5dlc52q74Q,learn_relquest,0.0,"[2, 4]",25.0,1.901,1,1.0,584,fifth
Qt3aorl8n8vprd1i5dlc52q74Q,learn_relquest,1.0,"[5, 6]",26.0,1.205,0,1.0,585,fifth
Qt3aorl8n8vprd1i5dlc52q74Q,learn_relquest,1.0,"[4, 1]",27.0,2.101,0,1.0,586,fifth
Qyb4720578yni3i1nkrqkm3xlQ,learn_relquest,1.0,"[6, 2]",0.0,3.806,0,1.0,101,first
Qyb4720578yni3i1nkrqkm3xlQ,learn_relquest,0.0,"[7, 3]",1.0,6.028,1,1.0,102,first
Qyb4720578yni3i1nkrqkm3xlQ,learn_relquest,0.0,"[5, 0]",2.0,1.981,0,0.0,103,first
Qyb4720578yni3i1nkrqkm3xlQ,learn_relquest,1.0,"[0, 7]",3.0,17.622,1,0.0,104,first
Qyb4720578yni3i1nkrqkm3xlQ,learn_relquest,1.0,"[2, 6]",4.0,4.733,0,1.0,105,first
Qyb4720578yni3i1nkrqkm3xlQ,learn_relquest,1.0,"[6, 7]",5.0,3.965,0,1.0,106,first
Qyb4720578yni3i1nkrqkm3xlQ,learn_relquest,0.0,"[0, 6]",6.0,5.3,1,1.0,107,first
Qyb4720578yni3i1nkrqkm3xlQ,learn_relquest,0.0,"[2, 1]",7.0,2.733,0,0.0,108,first
Qyb4720578yni3i1nkrqkm3xlQ,learn_relquest,0.0,"[4, 7]",8.0,2.093,0,0.0,109,first
Qyb4720578yni3i1nkrqkm3xlQ,learn_relquest,0.0,"[0, 1]",9.0,2.641,0,0.0,110,first
Qyb4720578yni3i1nkrqkm3xlQ,learn_relquest,1.0,"[3, 5]",10.0,1.023,0,1.0,111,first
Qyb4720578yni3i1nkrqkm3xlQ,learn_relquest,1.0,"[7, 6]",11.0,1.64,0,1.0,112,first
Qyb4720578yni3i1nkrqkm3xlQ,learn_relquest,0.0,"[0, 2]",12.0,2.526,0,0.0,113,first
Qyb4720578yni3i1nkrqkm3xlQ,learn_relquest,1.0,"[1, 4]",13.0,1.533,0,1.0,114,first
Qyb4720578yni3i1nkrqkm3xlQ,learn_relquest,0.0,"[4, 6]",14.0,2.022,0,0.0,115,first
Qyb4720578yni3i1nkrqkm3xlQ,learn_relquest,1.0,"[7, 0]",15.0,2.141,1,0.0,116,first
Qyb4720578yni3i1nkrqkm3xlQ,learn_relquest,1.0,"[1, 7]",16.0,1.262,1,0.0,117,first
Qyb4720578yni3i1nkrqkm3xlQ,learn_relquest,0.0,"[4, 0]",17.0,5.646,1,1.0,118,first
Qyb4720578yni3i1nkrqkm3xlQ,learn_relquest,1.0,"[5, 6]",18.0,3.428,0,1.0,119,first
Qyb4720578yni3i1nkrqkm3xlQ,learn_relquest,0.0,"[3, 2]",19.0,39.583,0,0.0,120,first
Qyb4720578yni3i1nkrqkm3xlQ,learn_relquest,1.0,"[4, 1]",20.0,32.061,0,1.0,121,first
Qyb4720578yni3i1nkrqkm3xlQ,learn_relquest,0.0,"[6, 1]",21.0,1.724,0,0.0,122,first
Qyb4720578yni3i1nkrqkm3xlQ,learn_relquest,1.0,"[6, 5]",22.0,0.934,0,1.0,123,first
Qyb4720578yni3i1nkrqkm3xlQ,learn_relquest,1.0,"[5, 3]",23.0,1.119,0,1.0,124,first
Qyb4720578yni3i1nkrqkm3xlQ,learn_relquest,0.0,"[3, 6]",24.0,1.099,0,0.0,125,first
Qyb4720578yni3i1nkrqkm3xlQ,learn_relquest,1.0,"[7, 1]",25.0,1.885,1,0.0,126,first
Qyb4720578yni3i1nkrqkm3xlQ,learn_relquest,0.0,"[6, 3]",26.0,1.677,0,0.0,127,first
Qyb4720578yni3i1nkrqkm3xlQ,learn_relquest,0.0,"[3, 7]",27.0,4.43,0,0.0,128,first
Qyb4720578yni3i1nkrqkm3xlQ,learn_relquest,1.0,"[3, 5]",0.0,3.284,0,1.0,217,second
Qyb4720578yni3i1nkrqkm3xlQ,learn_relquest,0.0,"[2, 3]",1.0,2.684,1,1.0,218,second
Qyb4720578yni3i1nkrqkm3xlQ,learn_relquest,0.0,"[1, 6]",2.0,1.237,0,0.0,219,second
Qyb4720578yni3i1nkrqkm3xlQ,learn_relquest,1.0,"[2, 6]",3.0,1.301,0,1.0,220,second
Qyb4720578yni3i1nkrqkm3xlQ,learn_relquest,0.0,"[4, 2]",4.0,3.902,1,1.0,221,second
Qyb4720578yni3i1nkrqkm3xlQ,learn_relquest,1.0,"[7, 6]",5.0,1.421,0,1.0,222,second
Qyb4720578yni3i1nkrqkm3xlQ,learn_relquest,0.0,"[1, 2]",6.0,1.414,1,1.0,223,second
Qyb4720578yni3i1nkrqkm3xlQ,learn_relquest,1.0,"[6, 2]",7.0,1.292,0,1.0,224,second
Qyb4720578yni3i1nkrqkm3xlQ,learn_relquest,0.0,"[2, 0]",8.0,1.413,1,1.0,225,second
Qyb4720578yni3i1nkrqkm3xlQ,learn_relquest,0.0,"[6, 3]",9.0,1.334,0,0.0,226,second
Qyb4720578yni3i1nkrqkm3xlQ,learn_relquest,0.0,"[4, 3]",10.0,0.982,0,0.0,227,second
Qyb4720578yni3i1nkrqkm3xlQ,learn_relquest,1.0,"[0, 7]",11.0,1.406,1,0.0,228,second
Qyb4720578yni3i1nkrqkm3xlQ,learn_relquest,1.0,"[7, 1]",12.0,1.228,1,0.0,229,second
Qyb4720578yni3i1nkrqkm3xlQ,learn_relquest,0.0,"[6, 4]",13.0,0.966,0,0.0,230,second
Qyb4720578yni3i1nkrqkm3xlQ,learn_relquest,1.0,"[5, 3]",14.0,0.805,0,1.0,231,second
Qyb4720578yni3i1nkrqkm3xlQ,learn_relquest,1.0,"[1, 7]",15.0,1.35,1,0.0,232,second
Qyb4720578yni3i1nkrqkm3xlQ,learn_relquest,1.0,"[6, 7]",16.0,1.021,0,1.0,233,second
Qyb4720578yni3i1nkrqkm3xlQ,learn_relquest,0.0,"[3, 4]",17.0,0.869,0,0.0,234,second
Qyb4720578yni3i1nkrqkm3xlQ,learn_relquest,0.0,"[0, 6]",18.0,2.39,1,1.0,235,second
Qyb4720578yni3i1nkrqkm3xlQ,learn_relquest,1.0,"[5, 6]",19.0,1.244,0,1.0,236,second
Qyb4720578yni3i1nkrqkm3xlQ,learn_relquest,1.0,"[7, 0]",20.0,1.247,1,0.0,237,second
Qyb4720578yni3i1nkrqkm3xlQ,learn_relquest,1.0,"[6, 5]",21.0,1.495,0,1.0,238,second
Qyb4720578yni3i1nkrqkm3xlQ,learn_relquest,0.0,"[3, 0]",22.0,2.531,1,1.0,239,second
Qyb4720578yni3i1nkrqkm3xlQ,learn_relquest,0.0,"[0, 4]",23.0,1.566,0,0.0,240,second
Qyb4720578yni3i1nkrqkm3xlQ,learn_relquest,0.0,"[2, 4]",24.0,3.052,0,0.0,241,second
Qyb4720578yni3i1nkrqkm3xlQ,learn_relquest,0.0,"[1, 5]",25.0,1.591,0,0.0,242,second
Qyb4720578yni3i1nkrqkm3xlQ,learn_relquest,1.0,"[4, 1]",26.0,0.818,0,1.0,243,second
Qyb4720578yni3i1nkrqkm3xlQ,learn_relquest,1.0,"[1, 4]",27.0,1.928,0,1.0,244,second
Qyb4720578yni3i1nkrqkm3xlQ,learn_relquest,0.0,"[1, 0]",0.0,4.182,0,0.0,331,third
Qyb4720578yni3i1nkrqkm3xlQ,learn_relquest,1.0,"[6, 7]",1.0,1.083,0,1.0,332,third
Qyb4720578yni3i1nkrqkm3xlQ,learn_relquest,0.0,"[4, 3]",2.0,0.871,0,0.0,333,third
Qyb4720578yni3i1nkrqkm3xlQ,learn_relquest,1.0,"[3, 5]",3.0,0.909,0,1.0,334,third
Qyb4720578yni3i1nkrqkm3xlQ,learn_relquest,0.0,"[4, 2]",4.0,1.174,1,1.0,335,third
Qyb4720578yni3i1nkrqkm3xlQ,learn_relquest,1.0,"[7, 0]",5.0,1.301,1,0.0,336,third
Qyb4720578yni3i1nkrqkm3xlQ,learn_relquest,0.0,"[7, 4]",6.0,2.614,1,1.0,337,third
Qyb4720578yni3i1nkrqkm3xlQ,learn_relquest,0.0,"[2, 5]",7.0,1.554,0,0.0,338,third
Qyb4720578yni3i1nkrqkm3xlQ,learn_relquest,1.0,"[6, 5]",8.0,1.466,0,1.0,339,third
Qyb4720578yni3i1nkrqkm3xlQ,learn_relquest,0.0,"[1, 6]",9.0,1.682,0,0.0,340,third
Qyb4720578yni3i1nkrqkm3xlQ,learn_relquest,1.0,"[0, 7]",10.0,1.118,1,0.0,341,third
Qyb4720578yni3i1nkrqkm3xlQ,learn_relquest,0.0,"[2, 7]",11.0,2.383,1,1.0,342,third
Qyb4720578yni3i1nkrqkm3xlQ,learn_relquest,0.0,"[7, 5]",12.0,1.539,0,0.0,343,third
Qyb4720578yni3i1nkrqkm3xlQ,learn_relquest,1.0,"[7, 1]",13.0,1.15,0,1.0,344,third
Qyb4720578yni3i1nkrqkm3xlQ,learn_relquest,1.0,"[2, 6]",14.0,1.677,1,0.0,345,third
Qyb4720578yni3i1nkrqkm3xlQ,learn_relquest,0.0,"[0, 4]",15.0,1.398,1,1.0,346,third
Qyb4720578yni3i1nkrqkm3xlQ,learn_relquest,0.0,"[6, 0]",16.0,3.897,0,0.0,347,third
Qyb4720578yni3i1nkrqkm3xlQ,learn_relquest,1.0,"[6, 2]",17.0,2.17,0,1.0,348,third
Qyb4720578yni3i1nkrqkm3xlQ,learn_relquest,0.0,"[3, 1]",18.0,1.972,1,1.0,349,third
Qyb4720578yni3i1nkrqkm3xlQ,learn_relquest,1.0,"[5, 6]",19.0,0.607,0,1.0,350,third
Qyb4720578yni3i1nkrqkm3xlQ,learn_relquest,1.0,"[5, 3]",20.0,0.668,0,1.0,351,third
Qyb4720578yni3i1nkrqkm3xlQ,learn_relquest,1.0,"[4, 1]",21.0,0.75,0,1.0,352,third
Qyb4720578yni3i1nkrqkm3xlQ,learn_relquest,1.0,"[1, 7]",22.0,1.285,1,0.0,353,third
Qyb4720578yni3i1nkrqkm3xlQ,learn_relquest,0.0,"[2, 4]",23.0,3.069,0,0.0,354,third
Qyb4720578yni3i1nkrqkm3xlQ,learn_relquest,1.0,"[1, 4]",24.0,0.766,0,1.0,355,third
Qyb4720578yni3i1nkrqkm3xlQ,learn_relquest,0.0,"[0, 6]",25.0,2.254,0,0.0,356,third
Qyb4720578yni3i1nkrqkm3xlQ,learn_relquest,0.0,"[3, 7]",26.0,0.828,0,0.0,357,third
Qyb4720578yni3i1nkrqkm3xlQ,learn_relquest,1.0,"[7, 6]",27.0,0.839,0,1.0,358,third
Qyb4720578yni3i1nkrqkm3xlQ,learn_relquest,1.0,"[7, 1]",0.0,1.876,0,1.0,445,fourth
Qyb4720578yni3i1nkrqkm3xlQ,learn_relquest,1.0,"[5, 3]",1.0,0.718,0,1.0,446,fourth
Qyb4720578yni3i1nkrqkm3xlQ,learn_relquest,0.0,"[3, 7]",2.0,1.335,0,0.0,447,fourth
Qyb4720578yni3i1nkrqkm3xlQ,learn_relquest,0.0,"[0, 4]",3.0,1.076,1,1.0,448,fourth
Qyb4720578yni3i1nkrqkm3xlQ,learn_relquest,0.0,"[1, 5]",4.0,2.237,0,0.0,449,fourth
Qyb4720578yni3i1nkrqkm3xlQ,learn_relquest,0.0,"[3, 1]",5.0,1.046,0,0.0,450,fourth
Qyb4720578yni3i1nkrqkm3xlQ,learn_relquest,1.0,"[3, 5]",6.0,0.927,0,1.0,451,fourth
Qyb4720578yni3i1nkrqkm3xlQ,learn_relquest,0.0,"[2, 4]",7.0,1.556,1,1.0,452,fourth
Qyb4720578yni3i1nkrqkm3xlQ,learn_relquest,0.0,"[7, 3]",8.0,1.325,0,0.0,453,fourth
Qyb4720578yni3i1nkrqkm3xlQ,learn_relquest,0.0,"[3, 4]",9.0,1.046,0,0.0,454,fourth
Qyb4720578yni3i1nkrqkm3xlQ,learn_relquest,1.0,"[7, 6]",10.0,2.438,0,1.0,455,fourth
Qyb4720578yni3i1nkrqkm3xlQ,learn_relquest,0.0,"[2, 5]",11.0,2.116,0,0.0,456,fourth
Qyb4720578yni3i1nkrqkm3xlQ,learn_relquest,1.0,"[7, 0]",12.0,1.197,1,0.0,457,fourth
Qyb4720578yni3i1nkrqkm3xlQ,learn_relquest,1.0,"[6, 2]",13.0,1.598,1,0.0,458,fourth
Qyb4720578yni3i1nkrqkm3xlQ,learn_relquest,1.0,"[6, 7]",14.0,1.189,0,1.0,459,fourth
Qyb4720578yni3i1nkrqkm3xlQ,learn_relquest,1.0,"[1, 4]",15.0,1.618,1,0.0,460,fourth
Qyb4720578yni3i1nkrqkm3xlQ,learn_relquest,0.0,"[4, 7]",16.0,2.002,0,0.0,461,fourth
Qyb4720578yni3i1nkrqkm3xlQ,learn_relquest,1.0,"[1, 7]",17.0,1.494,1,0.0,462,fourth
Qyb4720578yni3i1nkrqkm3xlQ,learn_relquest,1.0,"[4, 1]",18.0,2.596,1,0.0,463,fourth
Qyb4720578yni3i1nkrqkm3xlQ,learn_relquest,0.0,"[2, 0]",19.0,6.278,1,1.0,464,fourth
Qyb4720578yni3i1nkrqkm3xlQ,learn_relquest,1.0,"[6, 5]",20.0,0.981,0,1.0,465,fourth
Qyb4720578yni3i1nkrqkm3xlQ,learn_relquest,0.0,"[6, 0]",21.0,0.758,0,0.0,466,fourth
Qyb4720578yni3i1nkrqkm3xlQ,learn_relquest,0.0,"[0, 6]",22.0,1.875,0,0.0,467,fourth
Qyb4720578yni3i1nkrqkm3xlQ,learn_relquest,1.0,"[5, 6]",23.0,0.853,0,1.0,468,fourth
Qyb4720578yni3i1nkrqkm3xlQ,learn_relquest,1.0,"[2, 6]",24.0,1.102,0,1.0,469,fourth
Qyb4720578yni3i1nkrqkm3xlQ,learn_relquest,1.0,"[0, 7]",25.0,1.077,1,0.0,470,fourth
Qyb4720578yni3i1nkrqkm3xlQ,learn_relquest,0.0,"[1, 2]",26.0,6.165,1,1.0,471,fourth
Qyb4720578yni3i1nkrqkm3xlQ,learn_relquest,0.0,"[1, 3]",27.0,1.293,0,0.0,472,fourth
Qyb4720578yni3i1nkrqkm3xlQ,learn_relquest,0.0,"[6, 4]",0.0,2.724,0,0.0,559,fifth
Qyb4720578yni3i1nkrqkm3xlQ,learn_relquest,0.0,"[5, 0]",1.0,1.117,1,1.0,560,fifth
Qyb4720578yni3i1nkrqkm3xlQ,learn_relquest,0.0,"[1, 3]",2.0,1.093,0,0.0,561,fifth
Qyb4720578yni3i1nkrqkm3xlQ,learn_relquest,0.0,"[2, 1]",3.0,2.622,1,1.0,562,fifth
Qyb4720578yni3i1nkrqkm3xlQ,learn_relquest,1.0,"[7, 0]",4.0,0.87,0,1.0,563,fifth
Qyb4720578yni3i1nkrqkm3xlQ,learn_relquest,1.0,"[7, 6]",5.0,0.87,0,1.0,564,fifth
Qyb4720578yni3i1nkrqkm3xlQ,learn_relquest,1.0,"[6, 2]",6.0,1.5,0,1.0,565,fifth
Qyb4720578yni3i1nkrqkm3xlQ,learn_relquest,1.0,"[5, 3]",7.0,1.126,0,1.0,566,fifth
Qyb4720578yni3i1nkrqkm3xlQ,learn_relquest,1.0,"[3, 5]",8.0,0.813,0,1.0,567,fifth
Qyb4720578yni3i1nkrqkm3xlQ,learn_relquest,1.0,"[2, 6]",9.0,0.997,0,1.0,568,fifth
Qyb4720578yni3i1nkrqkm3xlQ,learn_relquest,0.0,"[2, 4]",10.0,1.077,1,1.0,569,fifth
Qyb4720578yni3i1nkrqkm3xlQ,learn_relquest,1.0,"[0, 7]",11.0,1.053,1,0.0,570,fifth
Qyb4720578yni3i1nkrqkm3xlQ,learn_relquest,1.0,"[6, 5]",12.0,0.926,0,1.0,571,fifth
Qyb4720578yni3i1nkrqkm3xlQ,learn_relquest,0.0,"[7, 4]",13.0,1.557,0,0.0,572,fifth
Qyb4720578yni3i1nkrqkm3xlQ,learn_relquest,1.0,"[6, 7]",14.0,1.918,1,0.0,573,fifth
Qyb4720578yni3i1nkrqkm3xlQ,learn_relquest,0.0,"[2, 0]",15.0,4.869,0,0.0,574,fifth
Qyb4720578yni3i1nkrqkm3xlQ,learn_relquest,0.0,"[6, 3]",16.0,1.246,0,0.0,575,fifth
Qyb4720578yni3i1nkrqkm3xlQ,learn_relquest,0.0,"[0, 3]",17.0,0.824,0,0.0,576,fifth
Qyb4720578yni3i1nkrqkm3xlQ,learn_relquest,1.0,"[5, 6]",18.0,1.003,0,1.0,577,fifth
Qyb4720578yni3i1nkrqkm3xlQ,learn_relquest,1.0,"[7, 1]",19.0,0.813,0,1.0,578,fifth
Qyb4720578yni3i1nkrqkm3xlQ,learn_relquest,1.0,"[1, 4]",20.0,1.277,0,1.0,579,fifth
Qyb4720578yni3i1nkrqkm3xlQ,learn_relquest,0.0,"[4, 3]",21.0,1.282,0,0.0,580,fifth
Qyb4720578yni3i1nkrqkm3xlQ,learn_relquest,0.0,"[4, 6]",22.0,1.433,0,0.0,581,fifth
Qyb4720578yni3i1nkrqkm3xlQ,learn_relquest,0.0,"[5, 7]",23.0,1.728,0,0.0,582,fifth
Qyb4720578yni3i1nkrqkm3xlQ,learn_relquest,0.0,"[0, 5]",24.0,1.393,0,0.0,583,fifth
Qyb4720578yni3i1nkrqkm3xlQ,learn_relquest,0.0,"[2, 7]",25.0,1.63,0,0.0,584,fifth
Qyb4720578yni3i1nkrqkm3xlQ,learn_relquest,1.0,"[4, 1]",26.0,2.822,0,1.0,585,fifth
Qyb4720578yni3i1nkrqkm3xlQ,learn_relquest,1.0,"[1, 7]",27.0,4.1,1,0.0,586,fifth
Qtosx58kxocfy5t2golo09olqQ,learn_relquest,1.0,"[7, 0]",0.0,3.26,1,0.0,101,first
Qtosx58kxocfy5t2golo09olqQ,learn_relquest,1.0,"[7, 1]",1.0,1.354,0,1.0,102,first
Qtosx58kxocfy5t2golo09olqQ,learn_relquest,0.0,"[7, 5]",2.0,1.316,1,1.0,103,first
Qtosx58kxocfy5t2golo09olqQ,learn_relquest,0.0,"[2, 3]",3.0,1.646,0,0.0,104,first
Qtosx58kxocfy5t2golo09olqQ,learn_relquest,1.0,"[7, 6]",4.0,1.519,1,0.0,105,first
Qtosx58kxocfy5t2golo09olqQ,learn_relquest,1.0,"[2, 6]",5.0,1.122,0,1.0,106,first
Qtosx58kxocfy5t2golo09olqQ,learn_relquest,1.0,"[0, 7]",6.0,1.835,1,0.0,107,first
Qtosx58kxocfy5t2golo09olqQ,learn_relquest,1.0,"[3, 5]",7.0,1.729,0,1.0,108,first
Qtosx58kxocfy5t2golo09olqQ,learn_relquest,0.0,"[1, 5]",8.0,1.437,1,1.0,109,first
Qtosx58kxocfy5t2golo09olqQ,learn_relquest,0.0,"[2, 5]",9.0,1.295,0,0.0,110,first
Qtosx58kxocfy5t2golo09olqQ,learn_relquest,1.0,"[6, 2]",10.0,1.787,1,0.0,111,first
Qtosx58kxocfy5t2golo09olqQ,learn_relquest,0.0,"[0, 6]",11.0,1.611,1,1.0,112,first
Qtosx58kxocfy5t2golo09olqQ,learn_relquest,1.0,"[6, 5]",12.0,1.239,0,1.0,113,first
Qtosx58kxocfy5t2golo09olqQ,learn_relquest,0.0,"[1, 6]",13.0,2.073,1,1.0,114,first
Qtosx58kxocfy5t2golo09olqQ,learn_relquest,0.0,"[0, 4]",14.0,4.154,1,1.0,115,first
Qtosx58kxocfy5t2golo09olqQ,learn_relquest,1.0,"[5, 6]",15.0,1.392,0,1.0,116,first
Qtosx58kxocfy5t2golo09olqQ,learn_relquest,0.0,"[5, 0]",16.0,1.787,1,1.0,117,first
Qtosx58kxocfy5t2golo09olqQ,learn_relquest,0.0,"[5, 4]",17.0,1.194,0,0.0,118,first
Qtosx58kxocfy5t2golo09olqQ,learn_relquest,0.0,"[2, 4]",18.0,1.204,1,1.0,119,first
Qtosx58kxocfy5t2golo09olqQ,learn_relquest,1.0,"[1, 7]",19.0,0.951,0,1.0,120,first
Qtosx58kxocfy5t2golo09olqQ,learn_relquest,0.0,"[4, 5]",20.0,3.618,1,1.0,121,first
Qtosx58kxocfy5t2golo09olqQ,learn_relquest,1.0,"[1, 4]",21.0,2.682,1,0.0,122,first
Qtosx58kxocfy5t2golo09olqQ,learn_relquest,1.0,"[5, 3]",22.0,1.228,0,1.0,123,first
Qtosx58kxocfy5t2golo09olqQ,learn_relquest,1.0,"[6, 7]",23.0,1.986,1,0.0,124,first
Qtosx58kxocfy5t2golo09olqQ,learn_relquest,0.0,"[1, 2]",24.0,2.537,0,0.0,125,first
Qtosx58kxocfy5t2golo09olqQ,learn_relquest,1.0,"[4, 1]",25.0,1.678,1,0.0,126,first
Qtosx58kxocfy5t2golo09olqQ,learn_relquest,0.0,"[5, 2]",26.0,0.861,0,0.0,127,first
Qtosx58kxocfy5t2golo09olqQ,learn_relquest,0.0,"[3, 4]",27.0,1.174,1,1.0,128,first
Qtosx58kxocfy5t2golo09olqQ,learn_relquest,1.0,"[6, 2]",0.0,3.733,0,1.0,217,second
Qtosx58kxocfy5t2golo09olqQ,learn_relquest,0.0,"[0, 2]",1.0,1.743,1,1.0,218,second
Qtosx58kxocfy5t2golo09olqQ,learn_relquest,1.0,"[3, 5]",2.0,0.905,0,1.0,219,second
Qtosx58kxocfy5t2golo09olqQ,learn_relquest,0.0,"[3, 2]",3.0,1.594,1,1.0,220,second
Qtosx58kxocfy5t2golo09olqQ,learn_relquest,1.0,"[7, 1]",4.0,0.935,0,1.0,221,second
Qtosx58kxocfy5t2golo09olqQ,learn_relquest,1.0,"[6, 7]",5.0,1.893,0,1.0,222,second
Qtosx58kxocfy5t2golo09olqQ,learn_relquest,1.0,"[6, 5]",6.0,1.291,0,1.0,223,second
Qtosx58kxocfy5t2golo09olqQ,learn_relquest,1.0,"[5, 3]",7.0,0.98,0,1.0,224,second
Qtosx58kxocfy5t2golo09olqQ,learn_relquest,0.0,"[0, 4]",8.0,1.361,1,1.0,225,second
Qtosx58kxocfy5t2golo09olqQ,learn_relquest,1.0,"[1, 7]",9.0,0.86,0,1.0,226,second
Qtosx58kxocfy5t2golo09olqQ,learn_relquest,1.0,"[2, 6]",10.0,1.451,0,1.0,227,second
Qtosx58kxocfy5t2golo09olqQ,learn_relquest,1.0,"[1, 4]",11.0,1.771,0,1.0,228,second
Qtosx58kxocfy5t2golo09olqQ,learn_relquest,0.0,"[4, 5]",12.0,1.166,1,1.0,229,second
Qtosx58kxocfy5t2golo09olqQ,learn_relquest,0.0,"[2, 3]",13.0,1.048,0,0.0,230,second
Qtosx58kxocfy5t2golo09olqQ,learn_relquest,0.0,"[1, 0]",14.0,1.512,1,1.0,231,second
Qtosx58kxocfy5t2golo09olqQ,learn_relquest,1.0,"[5, 6]",15.0,1.213,0,1.0,232,second
Qtosx58kxocfy5t2golo09olqQ,learn_relquest,0.0,"[2, 7]",16.0,1.679,1,1.0,233,second
Qtosx58kxocfy5t2golo09olqQ,learn_relquest,1.0,"[4, 1]",17.0,1.85,0,1.0,234,second
Qtosx58kxocfy5t2golo09olqQ,learn_relquest,0.0,"[3, 1]",18.0,1.768,1,1.0,235,second
Qtosx58kxocfy5t2golo09olqQ,learn_relquest,0.0,"[5, 4]",19.0,2.02,1,1.0,236,second
Qtosx58kxocfy5t2golo09olqQ,learn_relquest,0.0,"[3, 6]",20.0,3.643,1,1.0,237,second
Qtosx58kxocfy5t2golo09olqQ,learn_relquest,1.0,"[7, 0]",21.0,1.594,0,1.0,238,second
Qtosx58kxocfy5t2golo09olqQ,learn_relquest,0.0,"[2, 0]",22.0,1.871,1,1.0,239,second
Qtosx58kxocfy5t2golo09olqQ,learn_relquest,1.0,"[7, 6]",23.0,2.833,1,0.0,240,second
Qtosx58kxocfy5t2golo09olqQ,learn_relquest,1.0,"[0, 7]",24.0,1.558,0,1.0,241,second
Qtosx58kxocfy5t2golo09olqQ,learn_relquest,0.0,"[0, 5]",25.0,1.419,1,1.0,242,second
Qtosx58kxocfy5t2golo09olqQ,learn_relquest,0.0,"[5, 0]",26.0,1.437,1,1.0,243,second
Qtosx58kxocfy5t2golo09olqQ,learn_relquest,0.0,"[2, 5]",27.0,0.784,0,0.0,244,second
Qtosx58kxocfy5t2golo09olqQ,learn_relquest,1.0,"[2, 6]",0.0,2.095,0,1.0,331,third
Qtosx58kxocfy5t2golo09olqQ,learn_relquest,1.0,"[7, 0]",1.0,1.294,0,1.0,332,third
Qtosx58kxocfy5t2golo09olqQ,learn_relquest,1.0,"[6, 5]",2.0,1.437,0,1.0,333,third
Qtosx58kxocfy5t2golo09olqQ,learn_relquest,1.0,"[6, 7]",3.0,6.372,0,1.0,334,third
Qtosx58kxocfy5t2golo09olqQ,learn_relquest,0.0,"[5, 7]",4.0,2.001,1,1.0,335,third
Qtosx58kxocfy5t2golo09olqQ,learn_relquest,1.0,"[7, 1]",5.0,3.506,1,0.0,336,third
Qtosx58kxocfy5t2golo09olqQ,learn_relquest,1.0,"[5, 6]",6.0,1.188,0,1.0,337,third
Qtosx58kxocfy5t2golo09olqQ,learn_relquest,0.0,"[7, 5]",7.0,1.992,1,1.0,338,third
Qtosx58kxocfy5t2golo09olqQ,learn_relquest,0.0,"[1, 6]",8.0,2.841,1,1.0,339,third
Qtosx58kxocfy5t2golo09olqQ,learn_relquest,0.0,"[1, 0]",9.0,4.017,1,1.0,340,third
Qtosx58kxocfy5t2golo09olqQ,learn_relquest,0.0,"[3, 6]",10.0,1.751,1,1.0,341,third
Qtosx58kxocfy5t2golo09olqQ,learn_relquest,1.0,"[0, 7]",11.0,1.143,0,1.0,342,third
Qtosx58kxocfy5t2golo09olqQ,learn_relquest,0.0,"[4, 6]",12.0,2.766,1,1.0,343,third
Qtosx58kxocfy5t2golo09olqQ,learn_relquest,0.0,"[2, 7]",13.0,1.91,1,1.0,344,third
Qtosx58kxocfy5t2golo09olqQ,learn_relquest,0.0,"[1, 5]",14.0,3.717,1,1.0,345,third
Qtosx58kxocfy5t2golo09olqQ,learn_relquest,0.0,"[6, 0]",15.0,1.685,1,1.0,346,third
Qtosx58kxocfy5t2golo09olqQ,learn_relquest,0.0,"[4, 3]",16.0,1.496,1,1.0,347,third
Qtosx58kxocfy5t2golo09olqQ,learn_relquest,1.0,"[1, 7]",17.0,1.543,0,1.0,348,third
Qtosx58kxocfy5t2golo09olqQ,learn_relquest,1.0,"[7, 6]",18.0,1.7,0,1.0,349,third
Qtosx58kxocfy5t2golo09olqQ,learn_relquest,1.0,"[5, 3]",19.0,0.965,0,1.0,350,third
Qtosx58kxocfy5t2golo09olqQ,learn_relquest,0.0,"[2, 3]",20.0,1.766,1,1.0,351,third
Qtosx58kxocfy5t2golo09olqQ,learn_relquest,1.0,"[4, 1]",21.0,2.706,0,1.0,352,third
Qtosx58kxocfy5t2golo09olqQ,learn_relquest,0.0,"[0, 1]",22.0,1.458,1,1.0,353,third
Qtosx58kxocfy5t2golo09olqQ,learn_relquest,1.0,"[3, 5]",23.0,0.987,0,1.0,354,third
Qtosx58kxocfy5t2golo09olqQ,learn_relquest,0.0,"[2, 1]",24.0,1.684,1,1.0,355,third
Qtosx58kxocfy5t2golo09olqQ,learn_relquest,1.0,"[1, 4]",25.0,1.918,1,0.0,356,third
Qtosx58kxocfy5t2golo09olqQ,learn_relquest,1.0,"[6, 2]",26.0,0.935,0,1.0,357,third
Qtosx58kxocfy5t2golo09olqQ,learn_relquest,0.0,"[0, 4]",27.0,1.354,1,1.0,358,third
Qtosx58kxocfy5t2golo09olqQ,learn_relquest,1.0,"[6, 2]",0.0,1.847,0,1.0,445,fourth
Qtosx58kxocfy5t2golo09olqQ,learn_relquest,0.0,"[6, 1]",1.0,2.478,1,1.0,446,fourth
Qtosx58kxocfy5t2golo09olqQ,learn_relquest,0.0,"[0, 2]",2.0,1.302,1,1.0,447,fourth
Qtosx58kxocfy5t2golo09olqQ,learn_relquest,1.0,"[4, 1]",3.0,2.465,0,1.0,448,fourth
Qtosx58kxocfy5t2golo09olqQ,learn_relquest,1.0,"[2, 6]",4.0,1.151,0,1.0,449,fourth
Qtosx58kxocfy5t2golo09olqQ,learn_relquest,1.0,"[6, 7]",5.0,1.526,0,1.0,450,fourth
Qtosx58kxocfy5t2golo09olqQ,learn_relquest,1.0,"[3, 5]",6.0,1.002,0,1.0,451,fourth
Qtosx58kxocfy5t2golo09olqQ,learn_relquest,0.0,"[4, 6]",7.0,1.55,1,1.0,452,fourth
Qtosx58kxocfy5t2golo09olqQ,learn_relquest,0.0,"[2, 0]",8.0,2.554,1,1.0,453,fourth
Qtosx58kxocfy5t2golo09olqQ,learn_relquest,1.0,"[7, 0]",9.0,1.325,0,1.0,454,fourth
Qtosx58kxocfy5t2golo09olqQ,learn_relquest,1.0,"[7, 1]",10.0,1.684,0,1.0,455,fourth
Qtosx58kxocfy5t2golo09olqQ,learn_relquest,1.0,"[6, 5]",11.0,1.013,0,1.0,456,fourth
Qtosx58kxocfy5t2golo09olqQ,learn_relquest,0.0,"[2, 7]",12.0,1.478,1,1.0,457,fourth
Qtosx58kxocfy5t2golo09olqQ,learn_relquest,0.0,"[3, 0]",13.0,1.315,1,1.0,458,fourth
Qtosx58kxocfy5t2golo09olqQ,learn_relquest,0.0,"[3, 7]",14.0,1.437,1,1.0,459,fourth
Qtosx58kxocfy5t2golo09olqQ,learn_relquest,1.0,"[0, 7]",15.0,1.4,0,1.0,460,fourth
Qtosx58kxocfy5t2golo09olqQ,learn_relquest,0.0,"[5, 7]",16.0,1.203,1,1.0,461,fourth
Qtosx58kxocfy5t2golo09olqQ,learn_relquest,1.0,"[5, 3]",17.0,0.978,0,1.0,462,fourth
Qtosx58kxocfy5t2golo09olqQ,learn_relquest,1.0,"[5, 6]",18.0,1.205,0,1.0,463,fourth
Qtosx58kxocfy5t2golo09olqQ,learn_relquest,1.0,"[1, 4]",19.0,2.164,0,1.0,464,fourth
Qtosx58kxocfy5t2golo09olqQ,learn_relquest,0.0,"[0, 6]",20.0,1.557,1,1.0,465,fourth
Qtosx58kxocfy5t2golo09olqQ,learn_relquest,1.0,"[7, 6]",21.0,1.437,0,1.0,466,fourth
Qtosx58kxocfy5t2golo09olqQ,learn_relquest,0.0,"[5, 4]",22.0,1.609,1,1.0,467,fourth
Qtosx58kxocfy5t2golo09olqQ,learn_relquest,0.0,"[7, 3]",23.0,1.467,1,1.0,468,fourth
Qtosx58kxocfy5t2golo09olqQ,learn_relquest,1.0,"[1, 7]",24.0,1.101,0,1.0,469,fourth
Qtosx58kxocfy5t2golo09olqQ,learn_relquest,0.0,"[1, 2]",25.0,1.069,1,1.0,470,fourth
Qtosx58kxocfy5t2golo09olqQ,learn_relquest,0.0,"[5, 1]",26.0,1.616,1,1.0,471,fourth
Qtosx58kxocfy5t2golo09olqQ,learn_relquest,0.0,"[2, 4]",27.0,2.585,1,1.0,472,fourth
Qtosx58kxocfy5t2golo09olqQ,learn_relquest,0.0,"[4, 0]",0.0,2.518,1,1.0,559,fifth
Qtosx58kxocfy5t2golo09olqQ,learn_relquest,1.0,"[0, 7]",1.0,1.237,0,1.0,560,fifth
Qtosx58kxocfy5t2golo09olqQ,learn_relquest,1.0,"[1, 4]",2.0,2.006,0,1.0,561,fifth
Qtosx58kxocfy5t2golo09olqQ,learn_relquest,0.0,"[2, 0]",3.0,1.415,1,1.0,562,fifth
Qtosx58kxocfy5t2golo09olqQ,learn_relquest,0.0,"[3, 7]",4.0,1.511,1,1.0,563,fifth
Qtosx58kxocfy5t2golo09olqQ,learn_relquest,1.0,"[5, 3]",5.0,1.083,0,1.0,564,fifth
Qtosx58kxocfy5t2golo09olqQ,learn_relquest,1.0,"[1, 7]",6.0,1.197,0,1.0,565,fifth
Qtosx58kxocfy5t2golo09olqQ,learn_relquest,0.0,"[1, 6]",7.0,2.03,1,1.0,566,fifth
Qtosx58kxocfy5t2golo09olqQ,learn_relquest,1.0,"[6, 7]",8.0,1.744,0,1.0,567,fifth
Qtosx58kxocfy5t2golo09olqQ,learn_relquest,1.0,"[7, 0]",9.0,1.25,0,1.0,568,fifth
Qtosx58kxocfy5t2golo09olqQ,learn_relquest,1.0,"[4, 1]",10.0,1.249,0,1.0,569,fifth
Qtosx58kxocfy5t2golo09olqQ,learn_relquest,0.0,"[1, 5]",11.0,1.585,1,1.0,570,fifth
Qtosx58kxocfy5t2golo09olqQ,learn_relquest,0.0,"[1, 3]",12.0,1.362,1,1.0,571,fifth
Qtosx58kxocfy5t2golo09olqQ,learn_relquest,1.0,"[7, 1]",13.0,1.634,0,1.0,572,fifth
Qtosx58kxocfy5t2golo09olqQ,learn_relquest,0.0,"[6, 3]",14.0,2.021,1,1.0,573,fifth
Qtosx58kxocfy5t2golo09olqQ,learn_relquest,1.0,"[2, 6]",15.0,1.15,0,1.0,574,fifth
Qtosx58kxocfy5t2golo09olqQ,learn_relquest,0.0,"[3, 1]",16.0,1.693,1,1.0,575,fifth
Qtosx58kxocfy5t2golo09olqQ,learn_relquest,1.0,"[5, 6]",17.0,1.264,0,1.0,576,fifth
Qtosx58kxocfy5t2golo09olqQ,learn_relquest,0.0,"[2, 1]",18.0,1.669,1,1.0,577,fifth
Qtosx58kxocfy5t2golo09olqQ,learn_relquest,1.0,"[6, 2]",19.0,1.144,0,1.0,578,fifth
Qtosx58kxocfy5t2golo09olqQ,learn_relquest,0.0,"[4, 7]",20.0,2.705,1,1.0,579,fifth
Qtosx58kxocfy5t2golo09olqQ,learn_relquest,1.0,"[7, 6]",21.0,1.534,0,1.0,580,fifth
Qtosx58kxocfy5t2golo09olqQ,learn_relquest,0.0,"[5, 0]",22.0,1.594,1,1.0,581,fifth
Qtosx58kxocfy5t2golo09olqQ,learn_relquest,0.0,"[1, 0]",23.0,1.874,1,1.0,582,fifth
Qtosx58kxocfy5t2golo09olqQ,learn_relquest,1.0,"[6, 5]",24.0,1.372,0,1.0,583,fifth
Qtosx58kxocfy5t2golo09olqQ,learn_relquest,1.0,"[3, 5]",25.0,1.085,0,1.0,584,fifth
Qtosx58kxocfy5t2golo09olqQ,learn_relquest,0.0,"[0, 3]",26.0,1.159,1,1.0,585,fifth
Qtosx58kxocfy5t2golo09olqQ,learn_relquest,0.0,"[3, 6]",27.0,1.829,1,1.0,586,fifth
Qakai9c5ov7frqbyzmtqm2wqhQ,learn_relquest,1.0,"[3, 5]",0.0,5.877,0,1.0,101,first
Qakai9c5ov7frqbyzmtqm2wqhQ,learn_relquest,0.0,"[2, 1]",1.0,5.32,1,1.0,102,first
Qakai9c5ov7frqbyzmtqm2wqhQ,learn_relquest,1.0,"[1, 7]",2.0,1.651,0,1.0,103,first
Qakai9c5ov7frqbyzmtqm2wqhQ,learn_relquest,0.0,"[0, 3]",3.0,16.795,0,0.0,104,first
Qakai9c5ov7frqbyzmtqm2wqhQ,learn_relquest,1.0,"[6, 5]",4.0,1.404,0,1.0,105,first
Qakai9c5ov7frqbyzmtqm2wqhQ,learn_relquest,1.0,"[7, 1]",5.0,1.732,0,1.0,106,first
Qakai9c5ov7frqbyzmtqm2wqhQ,learn_relquest,1.0,"[6, 7]",6.0,1.4,0,1.0,107,first
Qakai9c5ov7frqbyzmtqm2wqhQ,learn_relquest,1.0,"[6, 2]",7.0,4.047,1,0.0,108,first
Qakai9c5ov7frqbyzmtqm2wqhQ,learn_relquest,0.0,"[5, 7]",8.0,3.085,1,1.0,109,first
Qakai9c5ov7frqbyzmtqm2wqhQ,learn_relquest,0.0,"[3, 0]",9.0,1.988,0,0.0,110,first
Qakai9c5ov7frqbyzmtqm2wqhQ,learn_relquest,0.0,"[1, 6]",10.0,2.951,1,1.0,111,first
Qakai9c5ov7frqbyzmtqm2wqhQ,learn_relquest,0.0,"[5, 0]",11.0,2.547,0,0.0,112,first
Qakai9c5ov7frqbyzmtqm2wqhQ,learn_relquest,0.0,"[0, 5]",12.0,3.264,0,0.0,113,first
Qakai9c5ov7frqbyzmtqm2wqhQ,learn_relquest,1.0,"[7, 0]",13.0,2.196,0,1.0,114,first
Qakai9c5ov7frqbyzmtqm2wqhQ,learn_relquest,0.0,"[5, 4]",14.0,1.499,1,1.0,115,first
Qakai9c5ov7frqbyzmtqm2wqhQ,learn_relquest,1.0,"[4, 1]",15.0,3.948,0,1.0,116,first
Qakai9c5ov7frqbyzmtqm2wqhQ,learn_relquest,1.0,"[0, 7]",16.0,2.034,0,1.0,117,first
Qakai9c5ov7frqbyzmtqm2wqhQ,learn_relquest,0.0,"[7, 4]",17.0,11.791,1,1.0,118,first
Qakai9c5ov7frqbyzmtqm2wqhQ,learn_relquest,0.0,"[5, 1]",18.0,4.222,0,0.0,119,first
Qakai9c5ov7frqbyzmtqm2wqhQ,learn_relquest,1.0,"[5, 6]",19.0,1.418,0,1.0,120,first
Qakai9c5ov7frqbyzmtqm2wqhQ,learn_relquest,0.0,"[2, 0]",20.0,3.969,1,1.0,121,first
Qakai9c5ov7frqbyzmtqm2wqhQ,learn_relquest,1.0,"[5, 3]",21.0,1.321,0,1.0,122,first
Qakai9c5ov7frqbyzmtqm2wqhQ,learn_relquest,0.0,"[3, 1]",22.0,2.533,1,1.0,123,first
Qakai9c5ov7frqbyzmtqm2wqhQ,learn_relquest,0.0,"[4, 0]",23.0,2.075,1,1.0,124,first
Qakai9c5ov7frqbyzmtqm2wqhQ,learn_relquest,1.0,"[1, 4]",24.0,4.197,0,1.0,125,first
Qakai9c5ov7frqbyzmtqm2wqhQ,learn_relquest,1.0,"[7, 6]",25.0,1.8,0,1.0,126,first
Qakai9c5ov7frqbyzmtqm2wqhQ,learn_relquest,1.0,"[2, 6]",26.0,7.714,0,1.0,127,first
Qakai9c5ov7frqbyzmtqm2wqhQ,learn_relquest,0.0,"[3, 4]",27.0,2.56,1,1.0,128,first
Qakai9c5ov7frqbyzmtqm2wqhQ,learn_relquest,1.0,"[2, 6]",0.0,2.384,0,1.0,217,second
Qakai9c5ov7frqbyzmtqm2wqhQ,learn_relquest,0.0,"[1, 3]",1.0,2.012,1,1.0,218,second
Qakai9c5ov7frqbyzmtqm2wqhQ,learn_relquest,1.0,"[1, 4]",2.0,1.827,0,1.0,219,second
Qakai9c5ov7frqbyzmtqm2wqhQ,learn_relquest,1.0,"[6, 2]",3.0,1.465,0,1.0,220,second
Qakai9c5ov7frqbyzmtqm2wqhQ,learn_relquest,0.0,"[4, 5]",4.0,1.814,1,1.0,221,second
Qakai9c5ov7frqbyzmtqm2wqhQ,learn_relquest,0.0,"[5, 0]",5.0,1.513,1,1.0,222,second
Qakai9c5ov7frqbyzmtqm2wqhQ,learn_relquest,1.0,"[1, 7]",6.0,1.355,0,1.0,223,second
Qakai9c5ov7frqbyzmtqm2wqhQ,learn_relquest,0.0,"[3, 0]",7.0,2.67,1,1.0,224,second
Qakai9c5ov7frqbyzmtqm2wqhQ,learn_relquest,0.0,"[3, 7]",8.0,1.375,1,1.0,225,second
Qakai9c5ov7frqbyzmtqm2wqhQ,learn_relquest,1.0,"[5, 6]",9.0,1.276,0,1.0,226,second
Qakai9c5ov7frqbyzmtqm2wqhQ,learn_relquest,0.0,"[3, 4]",10.0,1.611,1,1.0,227,second
Qakai9c5ov7frqbyzmtqm2wqhQ,learn_relquest,0.0,"[6, 3]",11.0,1.419,1,1.0,228,second
Qakai9c5ov7frqbyzmtqm2wqhQ,learn_relquest,1.0,"[7, 6]",12.0,1.351,0,1.0,229,second
Qakai9c5ov7frqbyzmtqm2wqhQ,learn_relquest,0.0,"[7, 4]",13.0,5.233,1,1.0,230,second
Qakai9c5ov7frqbyzmtqm2wqhQ,learn_relquest,1.0,"[6, 7]",14.0,1.355,0,1.0,231,second
Qakai9c5ov7frqbyzmtqm2wqhQ,learn_relquest,0.0,"[6, 4]",15.0,2.747,1,1.0,232,second
Qakai9c5ov7frqbyzmtqm2wqhQ,learn_relquest,0.0,"[4, 0]",16.0,1.782,1,1.0,233,second
Qakai9c5ov7frqbyzmtqm2wqhQ,learn_relquest,1.0,"[4, 1]",17.0,1.404,0,1.0,234,second
Qakai9c5ov7frqbyzmtqm2wqhQ,learn_relquest,1.0,"[7, 0]",18.0,1.837,0,1.0,235,second
Qakai9c5ov7frqbyzmtqm2wqhQ,learn_relquest,0.0,"[4, 3]",19.0,1.494,1,1.0,236,second
Qakai9c5ov7frqbyzmtqm2wqhQ,learn_relquest,1.0,"[7, 1]",20.0,1.449,0,1.0,237,second
Qakai9c5ov7frqbyzmtqm2wqhQ,learn_relquest,1.0,"[0, 7]",21.0,2.797,0,1.0,238,second
Qakai9c5ov7frqbyzmtqm2wqhQ,learn_relquest,0.0,"[7, 2]",22.0,2.679,1,1.0,239,second
Qakai9c5ov7frqbyzmtqm2wqhQ,learn_relquest,0.0,"[2, 7]",23.0,1.583,1,1.0,240,second
Qakai9c5ov7frqbyzmtqm2wqhQ,learn_relquest,1.0,"[3, 5]",24.0,2.131,0,1.0,241,second
Qakai9c5ov7frqbyzmtqm2wqhQ,learn_relquest,0.0,"[2, 1]",25.0,1.375,1,1.0,242,second
Qakai9c5ov7frqbyzmtqm2wqhQ,learn_relquest,1.0,"[5, 3]",26.0,1.258,0,1.0,243,second
Qakai9c5ov7frqbyzmtqm2wqhQ,learn_relquest,1.0,"[6, 5]",27.0,1.147,0,1.0,244,second
Qakai9c5ov7frqbyzmtqm2wqhQ,learn_relquest,1.0,"[6, 2]",0.0,5.929,0,1.0,331,third
Qakai9c5ov7frqbyzmtqm2wqhQ,learn_relquest,1.0,"[0, 7]",1.0,2.142,0,1.0,332,third
Qakai9c5ov7frqbyzmtqm2wqhQ,learn_relquest,0.0,"[3, 1]",2.0,1.926,1,1.0,333,third
Qakai9c5ov7frqbyzmtqm2wqhQ,learn_relquest,1.0,"[1, 4]",3.0,1.626,0,1.0,334,third
Qakai9c5ov7frqbyzmtqm2wqhQ,learn_relquest,1.0,"[7, 6]",4.0,1.658,0,1.0,335,third
Qakai9c5ov7frqbyzmtqm2wqhQ,learn_relquest,0.0,"[4, 5]",5.0,1.975,1,1.0,336,third
Qakai9c5ov7frqbyzmtqm2wqhQ,learn_relquest,1.0,"[2, 6]",6.0,1.133,0,1.0,337,third
Qakai9c5ov7frqbyzmtqm2wqhQ,learn_relquest,0.0,"[1, 2]",7.0,2.311,1,1.0,338,third
Qakai9c5ov7frqbyzmtqm2wqhQ,learn_relquest,0.0,"[0, 1]",8.0,2.353,1,1.0,339,third
Qakai9c5ov7frqbyzmtqm2wqhQ,learn_relquest,0.0,"[1, 6]",9.0,2.268,1,1.0,340,third
Qakai9c5ov7frqbyzmtqm2wqhQ,learn_relquest,0.0,"[5, 2]",10.0,2.047,1,1.0,341,third
Qakai9c5ov7frqbyzmtqm2wqhQ,learn_relquest,1.0,"[6, 7]",11.0,1.152,0,1.0,342,third
Qakai9c5ov7frqbyzmtqm2wqhQ,learn_relquest,1.0,"[6, 5]",12.0,1.059,0,1.0,343,third
Qakai9c5ov7frqbyzmtqm2wqhQ,learn_relquest,1.0,"[7, 1]",13.0,1.217,0,1.0,344,third
Qakai9c5ov7frqbyzmtqm2wqhQ,learn_relquest,1.0,"[3, 5]",14.0,1.141,0,1.0,345,third
Qakai9c5ov7frqbyzmtqm2wqhQ,learn_relquest,1.0,"[5, 6]",15.0,1.27,0,1.0,346,third
Qakai9c5ov7frqbyzmtqm2wqhQ,learn_relquest,0.0,"[5, 0]",16.0,1.178,1,1.0,347,third
Qakai9c5ov7frqbyzmtqm2wqhQ,learn_relquest,1.0,"[1, 7]",17.0,1.226,0,1.0,348,third
Qakai9c5ov7frqbyzmtqm2wqhQ,learn_relquest,0.0,"[6, 0]",18.0,2.523,1,1.0,349,third
Qakai9c5ov7frqbyzmtqm2wqhQ,learn_relquest,0.0,"[2, 0]",19.0,1.975,1,1.0,350,third
Qakai9c5ov7frqbyzmtqm2wqhQ,learn_relquest,1.0,"[7, 0]",20.0,1.163,0,1.0,351,third
Qakai9c5ov7frqbyzmtqm2wqhQ,learn_relquest,0.0,"[7, 2]",21.0,1.195,1,1.0,352,third
Qakai9c5ov7frqbyzmtqm2wqhQ,learn_relquest,1.0,"[5, 3]",22.0,1.118,0,1.0,353,third
Qakai9c5ov7frqbyzmtqm2wqhQ,learn_relquest,0.0,"[3, 0]",23.0,2.221,1,1.0,354,third
Qakai9c5ov7frqbyzmtqm2wqhQ,learn_relquest,0.0,"[2, 3]",24.0,1.611,1,1.0,355,third
Qakai9c5ov7frqbyzmtqm2wqhQ,learn_relquest,0.0,"[3, 6]",25.0,1.228,1,1.0,356,third
Qakai9c5ov7frqbyzmtqm2wqhQ,learn_relquest,1.0,"[4, 1]",26.0,1.293,0,1.0,357,third
Qakai9c5ov7frqbyzmtqm2wqhQ,learn_relquest,0.0,"[1, 5]",27.0,2.113,1,1.0,358,third
Qakai9c5ov7frqbyzmtqm2wqhQ,learn_relquest,1.0,"[1, 4]",0.0,5.595,0,1.0,445,fourth
Qakai9c5ov7frqbyzmtqm2wqhQ,learn_relquest,0.0,"[3, 7]",1.0,1.819,1,1.0,446,fourth
Qakai9c5ov7frqbyzmtqm2wqhQ,learn_relquest,0.0,"[3, 6]",2.0,1.253,1,1.0,447,fourth
Qakai9c5ov7frqbyzmtqm2wqhQ,learn_relquest,1.0,"[7, 1]",3.0,1.217,0,1.0,448,fourth
Qakai9c5ov7frqbyzmtqm2wqhQ,learn_relquest,0.0,"[4, 6]",4.0,1.604,1,1.0,449,fourth
Qakai9c5ov7frqbyzmtqm2wqhQ,learn_relquest,1.0,"[5, 6]",5.0,1.332,0,1.0,450,fourth
Qakai9c5ov7frqbyzmtqm2wqhQ,learn_relquest,0.0,"[6, 4]",6.0,2.32,1,1.0,451,fourth
Qakai9c5ov7frqbyzmtqm2wqhQ,learn_relquest,1.0,"[7, 0]",7.0,1.358,0,1.0,452,fourth
Qakai9c5ov7frqbyzmtqm2wqhQ,learn_relquest,0.0,"[7, 4]",8.0,4.373,1,1.0,453,fourth
Qakai9c5ov7frqbyzmtqm2wqhQ,learn_relquest,0.0,"[7, 2]",9.0,2.149,1,1.0,454,fourth
Qakai9c5ov7frqbyzmtqm2wqhQ,learn_relquest,1.0,"[4, 1]",10.0,1.729,0,1.0,455,fourth
Qakai9c5ov7frqbyzmtqm2wqhQ,learn_relquest,1.0,"[0, 7]",11.0,1.512,0,1.0,456,fourth
Qakai9c5ov7frqbyzmtqm2wqhQ,learn_relquest,1.0,"[1, 7]",12.0,2.308,0,1.0,457,fourth
Qakai9c5ov7frqbyzmtqm2wqhQ,learn_relquest,0.0,"[7, 5]",13.0,1.878,1,1.0,458,fourth
Qakai9c5ov7frqbyzmtqm2wqhQ,learn_relquest,0.0,"[4, 3]",14.0,1.317,1,1.0,459,fourth
Qakai9c5ov7frqbyzmtqm2wqhQ,learn_relquest,0.0,"[0, 5]",15.0,2.873,1,1.0,460,fourth
Qakai9c5ov7frqbyzmtqm2wqhQ,learn_relquest,1.0,"[6, 5]",16.0,1.128,0,1.0,461,fourth
Qakai9c5ov7frqbyzmtqm2wqhQ,learn_relquest,1.0,"[6, 2]",17.0,1.148,0,1.0,462,fourth
Qakai9c5ov7frqbyzmtqm2wqhQ,learn_relquest,0.0,"[4, 5]",18.0,1.264,1,1.0,463,fourth
Qakai9c5ov7frqbyzmtqm2wqhQ,learn_relquest,1.0,"[6, 7]",19.0,0.994,0,1.0,464,fourth
Qakai9c5ov7frqbyzmtqm2wqhQ,learn_relquest,0.0,"[1, 5]",20.0,3.038,1,1.0,465,fourth
Qakai9c5ov7frqbyzmtqm2wqhQ,learn_relquest,1.0,"[7, 6]",21.0,1.559,0,1.0,466,fourth
Qakai9c5ov7frqbyzmtqm2wqhQ,learn_relquest,0.0,"[3, 2]",22.0,1.257,1,1.0,467,fourth
Qakai9c5ov7frqbyzmtqm2wqhQ,learn_relquest,1.0,"[5, 3]",23.0,0.967,0,1.0,468,fourth
Qakai9c5ov7frqbyzmtqm2wqhQ,learn_relquest,0.0,"[2, 3]",24.0,1.05,1,1.0,469,fourth
Qakai9c5ov7frqbyzmtqm2wqhQ,learn_relquest,1.0,"[2, 6]",25.0,1.216,0,1.0,470,fourth
Qakai9c5ov7frqbyzmtqm2wqhQ,learn_relquest,0.0,"[6, 1]",26.0,2.058,1,1.0,471,fourth
Qakai9c5ov7frqbyzmtqm2wqhQ,learn_relquest,1.0,"[3, 5]",27.0,1.362,0,1.0,472,fourth
Qakai9c5ov7frqbyzmtqm2wqhQ,learn_relquest,1.0,"[3, 5]",0.0,3.654,0,1.0,559,fifth
Qakai9c5ov7frqbyzmtqm2wqhQ,learn_relquest,1.0,"[7, 0]",1.0,1.235,0,1.0,560,fifth
Qakai9c5ov7frqbyzmtqm2wqhQ,learn_relquest,0.0,"[4, 0]",2.0,1.519,1,1.0,561,fifth
Qakai9c5ov7frqbyzmtqm2wqhQ,learn_relquest,1.0,"[0, 7]",3.0,2.675,0,1.0,562,fifth
Qakai9c5ov7frqbyzmtqm2wqhQ,learn_relquest,0.0,"[1, 0]",4.0,3.33,1,1.0,563,fifth
Qakai9c5ov7frqbyzmtqm2wqhQ,learn_relquest,0.0,"[6, 1]",5.0,1.285,1,1.0,564,fifth
Qakai9c5ov7frqbyzmtqm2wqhQ,learn_relquest,1.0,"[6, 2]",6.0,1.432,0,1.0,565,fifth
Qakai9c5ov7frqbyzmtqm2wqhQ,learn_relquest,1.0,"[5, 6]",7.0,1.149,0,1.0,566,fifth
Qakai9c5ov7frqbyzmtqm2wqhQ,learn_relquest,1.0,"[1, 4]",8.0,1.843,0,1.0,567,fifth
Qakai9c5ov7frqbyzmtqm2wqhQ,learn_relquest,0.0,"[3, 2]",9.0,2.352,1,1.0,568,fifth
Qakai9c5ov7frqbyzmtqm2wqhQ,learn_relquest,1.0,"[7, 1]",10.0,1.22,0,1.0,569,fifth
Qakai9c5ov7frqbyzmtqm2wqhQ,learn_relquest,0.0,"[0, 3]",11.0,1.679,1,1.0,570,fifth
Qakai9c5ov7frqbyzmtqm2wqhQ,learn_relquest,0.0,"[1, 5]",12.0,1.17,1,1.0,571,fifth
Qakai9c5ov7frqbyzmtqm2wqhQ,learn_relquest,1.0,"[7, 6]",13.0,1.107,0,1.0,572,fifth
Qakai9c5ov7frqbyzmtqm2wqhQ,learn_relquest,1.0,"[1, 7]",14.0,1.242,0,1.0,573,fifth
Qakai9c5ov7frqbyzmtqm2wqhQ,learn_relquest,0.0,"[4, 3]",15.0,1.175,1,1.0,574,fifth
Qakai9c5ov7frqbyzmtqm2wqhQ,learn_relquest,0.0,"[7, 2]",16.0,1.272,1,1.0,575,fifth
Qakai9c5ov7frqbyzmtqm2wqhQ,learn_relquest,0.0,"[4, 2]",17.0,1.233,1,1.0,576,fifth
Qakai9c5ov7frqbyzmtqm2wqhQ,learn_relquest,1.0,"[5, 3]",18.0,1.133,0,1.0,577,fifth
Qakai9c5ov7frqbyzmtqm2wqhQ,learn_relquest,0.0,"[4, 5]",19.0,1.419,1,1.0,578,fifth
Qakai9c5ov7frqbyzmtqm2wqhQ,learn_relquest,0.0,"[2, 7]",20.0,1.403,1,1.0,579,fifth
Qakai9c5ov7frqbyzmtqm2wqhQ,learn_relquest,1.0,"[6, 5]",21.0,1.054,0,1.0,580,fifth
Qakai9c5ov7frqbyzmtqm2wqhQ,learn_relquest,1.0,"[4, 1]",22.0,1.829,0,1.0,581,fifth
Qakai9c5ov7frqbyzmtqm2wqhQ,learn_relquest,0.0,"[3, 4]",23.0,2.712,1,1.0,582,fifth
Qakai9c5ov7frqbyzmtqm2wqhQ,learn_relquest,1.0,"[6, 7]",24.0,1.17,0,1.0,583,fifth
Qakai9c5ov7frqbyzmtqm2wqhQ,learn_relquest,0.0,"[3, 0]",25.0,1.125,1,1.0,584,fifth
Qakai9c5ov7frqbyzmtqm2wqhQ,learn_relquest,1.0,"[2, 6]",26.0,1.324,0,1.0,585,fifth
Qakai9c5ov7frqbyzmtqm2wqhQ,learn_relquest,0.0,"[0, 6]",27.0,1.263,1,1.0,586,fifth
Q25skax4pr5s5by7q9se3aydsQ,learn_relquest,0.0,"[3, 4]",0.0,2.88,1,1.0,101,first
Q25skax4pr5s5by7q9se3aydsQ,learn_relquest,1.0,"[5, 3]",1.0,1.493,0,1.0,102,first
Q25skax4pr5s5by7q9se3aydsQ,learn_relquest,0.0,"[6, 4]",2.0,1.617,0,0.0,103,first
Q25skax4pr5s5by7q9se3aydsQ,learn_relquest,1.0,"[7, 0]",3.0,2.538,0,1.0,104,first
Q25skax4pr5s5by7q9se3aydsQ,learn_relquest,0.0,"[7, 5]",4.0,2.21,1,1.0,105,first
Q25skax4pr5s5by7q9se3aydsQ,learn_relquest,0.0,"[0, 4]",5.0,1.752,0,0.0,106,first
Q25skax4pr5s5by7q9se3aydsQ,learn_relquest,0.0,"[3, 7]",6.0,7.96,1,1.0,107,first
Q25skax4pr5s5by7q9se3aydsQ,learn_relquest,0.0,"[0, 3]",7.0,1.363,0,0.0,108,first
Q25skax4pr5s5by7q9se3aydsQ,learn_relquest,1.0,"[3, 5]",8.0,0.996,0,1.0,109,first
Q25skax4pr5s5by7q9se3aydsQ,learn_relquest,1.0,"[0, 7]",9.0,2.079,0,1.0,110,first
Q25skax4pr5s5by7q9se3aydsQ,learn_relquest,0.0,"[2, 7]",10.0,1.833,1,1.0,111,first
Q25skax4pr5s5by7q9se3aydsQ,learn_relquest,1.0,"[7, 6]",11.0,0.965,0,1.0,112,first
Q25skax4pr5s5by7q9se3aydsQ,learn_relquest,0.0,"[1, 6]",12.0,3.578,0,0.0,113,first
Q25skax4pr5s5by7q9se3aydsQ,learn_relquest,1.0,"[1, 4]",13.0,2.393,1,0.0,114,first
Q25skax4pr5s5by7q9se3aydsQ,learn_relquest,0.0,"[7, 4]",14.0,4.409,1,1.0,115,first
Q25skax4pr5s5by7q9se3aydsQ,learn_relquest,0.0,"[5, 2]",15.0,4.314,1,1.0,116,first
Q25skax4pr5s5by7q9se3aydsQ,learn_relquest,1.0,"[6, 7]",16.0,4.266,0,1.0,117,first
Q25skax4pr5s5by7q9se3aydsQ,learn_relquest,1.0,"[4, 1]",17.0,7.658,1,0.0,118,first
Q25skax4pr5s5by7q9se3aydsQ,learn_relquest,0.0,"[1, 2]",18.0,1.577,0,0.0,119,first
Q25skax4pr5s5by7q9se3aydsQ,learn_relquest,1.0,"[6, 5]",19.0,2.723,1,0.0,120,first
Q25skax4pr5s5by7q9se3aydsQ,learn_relquest,0.0,"[3, 1]",20.0,1.866,0,0.0,121,first
Q25skax4pr5s5by7q9se3aydsQ,learn_relquest,1.0,"[2, 6]",21.0,4.254,0,1.0,122,first
Q25skax4pr5s5by7q9se3aydsQ,learn_relquest,1.0,"[1, 7]",22.0,11.89,1,0.0,123,first
Q25skax4pr5s5by7q9se3aydsQ,learn_relquest,0.0,"[4, 5]",23.0,1.075,0,0.0,124,first
Q25skax4pr5s5by7q9se3aydsQ,learn_relquest,0.0,"[0, 1]",24.0,6.167,1,1.0,125,first
Q25skax4pr5s5by7q9se3aydsQ,learn_relquest,1.0,"[7, 1]",25.0,2.369,1,0.0,126,first
Q25skax4pr5s5by7q9se3aydsQ,learn_relquest,1.0,"[5, 6]",26.0,0.764,0,1.0,127,first
Q25skax4pr5s5by7q9se3aydsQ,learn_relquest,1.0,"[6, 2]",27.0,4.795,1,0.0,128,first
Q25skax4pr5s5by7q9se3aydsQ,learn_relquest,1.0,"[4, 1]",0.0,2.441,0,1.0,217,second
Q25skax4pr5s5by7q9se3aydsQ,learn_relquest,1.0,"[2, 6]",1.0,1.014,0,1.0,218,second
Q25skax4pr5s5by7q9se3aydsQ,learn_relquest,1.0,"[6, 5]",2.0,1.986,1,0.0,219,second
Q25skax4pr5s5by7q9se3aydsQ,learn_relquest,1.0,"[1, 7]",3.0,1.303,0,1.0,220,second
Q25skax4pr5s5by7q9se3aydsQ,learn_relquest,0.0,"[7, 3]",4.0,1.722,0,0.0,221,second
Q25skax4pr5s5by7q9se3aydsQ,learn_relquest,0.0,"[4, 6]",5.0,2.797,0,0.0,222,second
Q25skax4pr5s5by7q9se3aydsQ,learn_relquest,1.0,"[7, 1]",6.0,1.734,1,0.0,223,second
Q25skax4pr5s5by7q9se3aydsQ,learn_relquest,1.0,"[6, 2]",7.0,1.289,0,1.0,224,second
Q25skax4pr5s5by7q9se3aydsQ,learn_relquest,0.0,"[3, 4]",8.0,1.601,0,0.0,225,second
Q25skax4pr5s5by7q9se3aydsQ,learn_relquest,1.0,"[7, 0]",9.0,1.856,0,1.0,226,second
Q25skax4pr5s5by7q9se3aydsQ,learn_relquest,0.0,"[7, 5]",10.0,3.853,1,1.0,227,second
Q25skax4pr5s5by7q9se3aydsQ,learn_relquest,1.0,"[3, 5]",11.0,0.865,0,1.0,228,second
Q25skax4pr5s5by7q9se3aydsQ,learn_relquest,0.0,"[2, 4]",12.0,1.46,0,0.0,229,second
Q25skax4pr5s5by7q9se3aydsQ,learn_relquest,0.0,"[1, 3]",13.0,0.887,0,0.0,230,second
Q25skax4pr5s5by7q9se3aydsQ,learn_relquest,1.0,"[1, 4]",14.0,6.696,1,0.0,231,second
Q25skax4pr5s5by7q9se3aydsQ,learn_relquest,1.0,"[7, 6]",15.0,3.489,0,1.0,232,second
Q25skax4pr5s5by7q9se3aydsQ,learn_relquest,0.0,"[0, 4]",16.0,1.451,0,0.0,233,second
Q25skax4pr5s5by7q9se3aydsQ,learn_relquest,1.0,"[0, 7]",17.0,0.766,0,1.0,234,second
Q25skax4pr5s5by7q9se3aydsQ,learn_relquest,0.0,"[2, 5]",18.0,4.448,1,1.0,235,second
Q25skax4pr5s5by7q9se3aydsQ,learn_relquest,1.0,"[5, 3]",19.0,0.912,0,1.0,236,second
Q25skax4pr5s5by7q9se3aydsQ,learn_relquest,0.0,"[2, 0]",20.0,1.684,1,1.0,237,second
Q25skax4pr5s5by7q9se3aydsQ,learn_relquest,0.0,"[3, 7]",21.0,0.767,0,0.0,238,second
Q25skax4pr5s5by7q9se3aydsQ,learn_relquest,1.0,"[6, 7]",22.0,0.755,0,1.0,239,second
Q25skax4pr5s5by7q9se3aydsQ,learn_relquest,0.0,"[1, 5]",23.0,0.938,0,0.0,240,second
Q25skax4pr5s5by7q9se3aydsQ,learn_relquest,0.0,"[5, 7]",24.0,2.528,1,1.0,241,second
Q25skax4pr5s5by7q9se3aydsQ,learn_relquest,0.0,"[0, 1]",25.0,2.155,0,0.0,242,second
Q25skax4pr5s5by7q9se3aydsQ,learn_relquest,1.0,"[5, 6]",26.0,4.132,0,1.0,243,second
Q25skax4pr5s5by7q9se3aydsQ,learn_relquest,0.0,"[0, 6]",27.0,1.332,0,0.0,244,second
Q25skax4pr5s5by7q9se3aydsQ,learn_relquest,1.0,"[3, 5]",0.0,1.506,0,1.0,331,third
Q25skax4pr5s5by7q9se3aydsQ,learn_relquest,0.0,"[6, 0]",1.0,1.445,0,0.0,332,third
Q25skax4pr5s5by7q9se3aydsQ,learn_relquest,0.0,"[4, 3]",2.0,2.968,0,0.0,333,third
Q25skax4pr5s5by7q9se3aydsQ,learn_relquest,1.0,"[5, 3]",3.0,0.897,0,1.0,334,third
Q25skax4pr5s5by7q9se3aydsQ,learn_relquest,0.0,"[4, 7]",4.0,1.218,0,0.0,335,third
Q25skax4pr5s5by7q9se3aydsQ,learn_relquest,1.0,"[2, 6]",5.0,1.148,0,1.0,336,third
Q25skax4pr5s5by7q9se3aydsQ,learn_relquest,1.0,"[1, 4]",6.0,1.067,0,1.0,337,third
Q25skax4pr5s5by7q9se3aydsQ,learn_relquest,1.0,"[1, 7]",7.0,0.512,0,1.0,338,third
Q25skax4pr5s5by7q9se3aydsQ,learn_relquest,1.0,"[7, 0]",8.0,2.311,1,0.0,339,third
Q25skax4pr5s5by7q9se3aydsQ,learn_relquest,1.0,"[7, 6]",9.0,1.009,0,1.0,340,third
Q25skax4pr5s5by7q9se3aydsQ,learn_relquest,1.0,"[6, 2]",10.0,0.818,0,1.0,341,third
Q25skax4pr5s5by7q9se3aydsQ,learn_relquest,0.0,"[5, 7]",11.0,1.158,0,0.0,342,third
Q25skax4pr5s5by7q9se3aydsQ,learn_relquest,0.0,"[7, 5]",12.0,0.81,0,0.0,343,third
Q25skax4pr5s5by7q9se3aydsQ,learn_relquest,0.0,"[3, 4]",13.0,0.641,0,0.0,344,third
Q25skax4pr5s5by7q9se3aydsQ,learn_relquest,0.0,"[0, 1]",14.0,1.982,1,1.0,345,third
Q25skax4pr5s5by7q9se3aydsQ,learn_relquest,1.0,"[5, 6]",15.0,3.91,1,0.0,346,third
Q25skax4pr5s5by7q9se3aydsQ,learn_relquest,0.0,"[7, 3]",16.0,2.472,1,1.0,347,third
Q25skax4pr5s5by7q9se3aydsQ,learn_relquest,1.0,"[4, 1]",17.0,2.751,0,1.0,348,third
Q25skax4pr5s5by7q9se3aydsQ,learn_relquest,1.0,"[6, 5]",18.0,2.625,1,0.0,349,third
Q25skax4pr5s5by7q9se3aydsQ,learn_relquest,0.0,"[3, 1]",19.0,0.687,0,0.0,350,third
Q25skax4pr5s5by7q9se3aydsQ,learn_relquest,0.0,"[1, 3]",20.0,0.89,0,0.0,351,third
Q25skax4pr5s5by7q9se3aydsQ,learn_relquest,1.0,"[0, 7]",21.0,2.34,0,1.0,352,third
Q25skax4pr5s5by7q9se3aydsQ,learn_relquest,1.0,"[7, 1]",22.0,2.424,0,1.0,353,third
Q25skax4pr5s5by7q9se3aydsQ,learn_relquest,0.0,"[2, 1]",23.0,5.277,1,1.0,354,third
Q25skax4pr5s5by7q9se3aydsQ,learn_relquest,1.0,"[6, 7]",24.0,1.08,0,1.0,355,third
Q25skax4pr5s5by7q9se3aydsQ,learn_relquest,0.0,"[5, 4]",25.0,1.803,0,0.0,356,third
Q25skax4pr5s5by7q9se3aydsQ,learn_relquest,0.0,"[6, 3]",26.0,1.538,0,0.0,357,third
Q25skax4pr5s5by7q9se3aydsQ,learn_relquest,0.0,"[2, 7]",27.0,2.514,1,1.0,358,third
Q25skax4pr5s5by7q9se3aydsQ,learn_relquest,1.0,"[1, 4]",0.0,2.3,0,1.0,445,fourth
Q25skax4pr5s5by7q9se3aydsQ,learn_relquest,0.0,"[3, 2]",1.0,13.486,1,1.0,446,fourth
Q25skax4pr5s5by7q9se3aydsQ,learn_relquest,0.0,"[1, 6]",2.0,7.693,1,1.0,447,fourth
Q25skax4pr5s5by7q9se3aydsQ,learn_relquest,0.0,"[0, 4]",3.0,4.019,1,1.0,448,fourth
Q25skax4pr5s5by7q9se3aydsQ,learn_relquest,0.0,"[4, 0]",4.0,10.717,1,1.0,449,fourth
Q25skax4pr5s5by7q9se3aydsQ,learn_relquest,0.0,"[5, 2]",5.0,8.351,1,1.0,450,fourth
Q25skax4pr5s5by7q9se3aydsQ,learn_relquest,0.0,"[6, 0]",6.0,10.59,1,1.0,451,fourth
Q25skax4pr5s5by7q9se3aydsQ,learn_relquest,0.0,"[0, 1]",7.0,14.006,1,1.0,452,fourth
Q25skax4pr5s5by7q9se3aydsQ,learn_relquest,0.0,"[0, 3]",8.0,10.977,1,1.0,453,fourth
Q25skax4pr5s5by7q9se3aydsQ,learn_relquest,1.0,"[7, 1]",9.0,9.298,0,1.0,454,fourth
Q25skax4pr5s5by7q9se3aydsQ,learn_relquest,1.0,"[0, 7]",10.0,4.134,0,1.0,455,fourth
Q25skax4pr5s5by7q9se3aydsQ,learn_relquest,0.0,"[3, 4]",11.0,11.59,1,1.0,456,fourth
Q25skax4pr5s5by7q9se3aydsQ,learn_relquest,0.0,"[2, 4]",12.0,9.377,1,1.0,457,fourth
Q25skax4pr5s5by7q9se3aydsQ,learn_relquest,1.0,"[7, 0]",13.0,4.54,0,1.0,458,fourth
Q25skax4pr5s5by7q9se3aydsQ,learn_relquest,1.0,"[3, 5]",14.0,3.2,0,1.0,459,fourth
Q25skax4pr5s5by7q9se3aydsQ,learn_relquest,0.0,"[7, 4]",15.0,10.512,1,1.0,460,fourth
Q25skax4pr5s5by7q9se3aydsQ,learn_relquest,1.0,"[6, 2]",16.0,3.238,0,1.0,461,fourth
Q25skax4pr5s5by7q9se3aydsQ,learn_relquest,1.0,"[7, 6]",17.0,6.948,0,1.0,462,fourth
Q25skax4pr5s5by7q9se3aydsQ,learn_relquest,1.0,"[6, 7]",18.0,4.684,0,1.0,463,fourth
Q25skax4pr5s5by7q9se3aydsQ,learn_relquest,1.0,"[6, 5]",19.0,6.189,0,1.0,464,fourth
Q25skax4pr5s5by7q9se3aydsQ,learn_relquest,1.0,"[5, 6]",20.0,2.555,0,1.0,465,fourth
Q25skax4pr5s5by7q9se3aydsQ,learn_relquest,0.0,"[2, 5]",21.0,3.813,1,1.0,466,fourth
Q25skax4pr5s5by7q9se3aydsQ,learn_relquest,1.0,"[5, 3]",22.0,5.54,0,1.0,467,fourth
Q25skax4pr5s5by7q9se3aydsQ,learn_relquest,0.0,"[4, 2]",23.0,8.409,1,1.0,468,fourth
Q25skax4pr5s5by7q9se3aydsQ,learn_relquest,1.0,"[4, 1]",24.0,3.591,0,1.0,469,fourth
Q25skax4pr5s5by7q9se3aydsQ,learn_relquest,0.0,"[2, 3]",25.0,4.862,1,1.0,470,fourth
Q25skax4pr5s5by7q9se3aydsQ,learn_relquest,1.0,"[2, 6]",26.0,4.526,0,1.0,471,fourth
Q25skax4pr5s5by7q9se3aydsQ,learn_relquest,1.0,"[1, 7]",27.0,2.808,0,1.0,472,fourth
Q25skax4pr5s5by7q9se3aydsQ,learn_relquest,0.0,"[1, 0]",0.0,7.068,1,1.0,559,fifth
Q25skax4pr5s5by7q9se3aydsQ,learn_relquest,0.0,"[4, 0]",1.0,4.516,1,1.0,560,fifth
Q25skax4pr5s5by7q9se3aydsQ,learn_relquest,0.0,"[5, 4]",2.0,8.02,1,1.0,561,fifth
Q25skax4pr5s5by7q9se3aydsQ,learn_relquest,1.0,"[7, 0]",3.0,2.805,0,1.0,562,fifth
Q25skax4pr5s5by7q9se3aydsQ,learn_relquest,0.0,"[4, 6]",4.0,5.393,1,1.0,563,fifth
Q25skax4pr5s5by7q9se3aydsQ,learn_relquest,1.0,"[7, 1]",5.0,12.853,0,1.0,564,fifth
Q25skax4pr5s5by7q9se3aydsQ,learn_relquest,1.0,"[5, 6]",6.0,2.701,0,1.0,565,fifth
Q25skax4pr5s5by7q9se3aydsQ,learn_relquest,0.0,"[1, 3]",7.0,1.11,0,0.0,566,fifth
Q25skax4pr5s5by7q9se3aydsQ,learn_relquest,0.0,"[2, 7]",8.0,2.721,1,1.0,567,fifth
Q25skax4pr5s5by7q9se3aydsQ,learn_relquest,1.0,"[4, 1]",9.0,3.831,0,1.0,568,fifth
Q25skax4pr5s5by7q9se3aydsQ,learn_relquest,1.0,"[5, 3]",10.0,1.415,0,1.0,569,fifth
Q25skax4pr5s5by7q9se3aydsQ,learn_relquest,0.0,"[7, 4]",11.0,8.14,0,0.0,570,fifth
Q25skax4pr5s5by7q9se3aydsQ,learn_relquest,0.0,"[7, 3]",12.0,9.509,1,1.0,571,fifth
Q25skax4pr5s5by7q9se3aydsQ,learn_relquest,1.0,"[6, 5]",13.0,4.503,0,1.0,572,fifth
Q25skax4pr5s5by7q9se3aydsQ,learn_relquest,0.0,"[3, 6]",14.0,9.491,1,1.0,573,fifth
Q25skax4pr5s5by7q9se3aydsQ,learn_relquest,0.0,"[4, 3]",15.0,7.994,1,1.0,574,fifth
Q25skax4pr5s5by7q9se3aydsQ,learn_relquest,1.0,"[1, 7]",16.0,6.306,0,1.0,575,fifth
Q25skax4pr5s5by7q9se3aydsQ,learn_relquest,1.0,"[0, 7]",17.0,4.984,0,1.0,576,fifth
Q25skax4pr5s5by7q9se3aydsQ,learn_relquest,0.0,"[5, 1]",18.0,8.101,0,0.0,577,fifth
Q25skax4pr5s5by7q9se3aydsQ,learn_relquest,0.0,"[0, 6]",19.0,13.569,1,1.0,578,fifth
Q25skax4pr5s5by7q9se3aydsQ,learn_relquest,1.0,"[3, 5]",20.0,6.106,0,1.0,579,fifth
Q25skax4pr5s5by7q9se3aydsQ,learn_relquest,1.0,"[7, 6]",21.0,7.022,1,0.0,580,fifth
Q25skax4pr5s5by7q9se3aydsQ,learn_relquest,1.0,"[1, 4]",22.0,6.417,0,1.0,581,fifth
Q25skax4pr5s5by7q9se3aydsQ,learn_relquest,1.0,"[6, 7]",23.0,2.949,0,1.0,582,fifth
Q25skax4pr5s5by7q9se3aydsQ,learn_relquest,1.0,"[2, 6]",24.0,3.449,0,1.0,583,fifth
Q25skax4pr5s5by7q9se3aydsQ,learn_relquest,0.0,"[2, 4]",25.0,3.383,1,1.0,584,fifth
Q25skax4pr5s5by7q9se3aydsQ,learn_relquest,1.0,"[6, 2]",26.0,6.596,0,1.0,585,fifth
Q25skax4pr5s5by7q9se3aydsQ,learn_relquest,0.0,"[2, 1]",27.0,5.444,1,1.0,586,fifth
Qru4lr7xr8gaz4vsylm0dk8hhQ,learn_relquest,0.0,"[6, 3]",0.0,1.209,1,1.0,101,first
Qru4lr7xr8gaz4vsylm0dk8hhQ,learn_relquest,0.0,"[0, 6]",1.0,2.284,1,1.0,102,first
Qru4lr7xr8gaz4vsylm0dk8hhQ,learn_relquest,0.0,"[2, 0]",2.0,2.138,1,1.0,103,first
Qru4lr7xr8gaz4vsylm0dk8hhQ,learn_relquest,0.0,"[0, 3]",3.0,1.749,1,1.0,104,first
Qru4lr7xr8gaz4vsylm0dk8hhQ,learn_relquest,0.0,"[3, 2]",4.0,1.864,1,1.0,105,first
Qru4lr7xr8gaz4vsylm0dk8hhQ,learn_relquest,1.0,"[7, 1]",5.0,0.87,0,1.0,106,first
Qru4lr7xr8gaz4vsylm0dk8hhQ,learn_relquest,1.0,"[1, 4]",6.0,0.973,0,1.0,107,first
Qru4lr7xr8gaz4vsylm0dk8hhQ,learn_relquest,0.0,"[2, 5]",7.0,1.871,0,0.0,108,first
Qru4lr7xr8gaz4vsylm0dk8hhQ,learn_relquest,1.0,"[6, 5]",8.0,0.763,0,1.0,109,first
Qru4lr7xr8gaz4vsylm0dk8hhQ,learn_relquest,1.0,"[4, 1]",9.0,0.991,0,1.0,110,first
Qru4lr7xr8gaz4vsylm0dk8hhQ,learn_relquest,0.0,"[6, 1]",10.0,1.8,0,0.0,111,first
Qru4lr7xr8gaz4vsylm0dk8hhQ,learn_relquest,1.0,"[0, 7]",11.0,1.968,0,1.0,112,first
Qru4lr7xr8gaz4vsylm0dk8hhQ,learn_relquest,0.0,"[7, 3]",12.0,1.903,1,1.0,113,first
Qru4lr7xr8gaz4vsylm0dk8hhQ,learn_relquest,1.0,"[6, 7]",13.0,1.504,0,1.0,114,first
Qru4lr7xr8gaz4vsylm0dk8hhQ,learn_relquest,1.0,"[7, 6]",14.0,0.844,0,1.0,115,first
Qru4lr7xr8gaz4vsylm0dk8hhQ,learn_relquest,1.0,"[3, 5]",15.0,1.806,0,1.0,116,first
Qru4lr7xr8gaz4vsylm0dk8hhQ,learn_relquest,0.0,"[7, 4]",16.0,1.006,1,1.0,117,first
Qru4lr7xr8gaz4vsylm0dk8hhQ,learn_relquest,0.0,"[4, 6]",17.0,0.902,0,0.0,118,first
Qru4lr7xr8gaz4vsylm0dk8hhQ,learn_relquest,0.0,"[5, 0]",18.0,0.717,0,0.0,119,first
Qru4lr7xr8gaz4vsylm0dk8hhQ,learn_relquest,1.0,"[5, 3]",19.0,0.56,0,1.0,120,first
Qru4lr7xr8gaz4vsylm0dk8hhQ,learn_relquest,1.0,"[1, 7]",20.0,0.934,0,1.0,121,first
Qru4lr7xr8gaz4vsylm0dk8hhQ,learn_relquest,1.0,"[2, 6]",21.0,1.233,1,0.0,122,first
Qru4lr7xr8gaz4vsylm0dk8hhQ,learn_relquest,0.0,"[5, 4]",22.0,1.451,1,1.0,123,first
Qru4lr7xr8gaz4vsylm0dk8hhQ,learn_relquest,1.0,"[6, 2]",23.0,1.775,1,0.0,124,first
Qru4lr7xr8gaz4vsylm0dk8hhQ,learn_relquest,0.0,"[7, 2]",24.0,1.135,0,0.0,125,first
Qru4lr7xr8gaz4vsylm0dk8hhQ,learn_relquest,0.0,"[0, 2]",25.0,1.033,0,0.0,126,first
Qru4lr7xr8gaz4vsylm0dk8hhQ,learn_relquest,1.0,"[7, 0]",26.0,0.626,0,1.0,127,first
Qru4lr7xr8gaz4vsylm0dk8hhQ,learn_relquest,1.0,"[5, 6]",27.0,0.627,0,1.0,128,first
Qru4lr7xr8gaz4vsylm0dk8hhQ,learn_relquest,0.0,"[0, 6]",0.0,3.716,1,1.0,217,second
Qru4lr7xr8gaz4vsylm0dk8hhQ,learn_relquest,1.0,"[7, 6]",1.0,1.49,0,1.0,218,second
Qru4lr7xr8gaz4vsylm0dk8hhQ,learn_relquest,0.0,"[4, 3]",2.0,1.362,1,1.0,219,second
Qru4lr7xr8gaz4vsylm0dk8hhQ,learn_relquest,0.0,"[3, 4]",3.0,2.423,1,1.0,220,second
Qru4lr7xr8gaz4vsylm0dk8hhQ,learn_relquest,1.0,"[4, 1]",4.0,1.039,0,1.0,221,second
Qru4lr7xr8gaz4vsylm0dk8hhQ,learn_relquest,1.0,"[1, 7]",5.0,0.677,0,1.0,222,second
Qru4lr7xr8gaz4vsylm0dk8hhQ,learn_relquest,0.0,"[6, 0]",6.0,1.305,0,0.0,223,second
Qru4lr7xr8gaz4vsylm0dk8hhQ,learn_relquest,1.0,"[6, 2]",7.0,1.541,1,0.0,224,second
Qru4lr7xr8gaz4vsylm0dk8hhQ,learn_relquest,1.0,"[6, 7]",8.0,1.394,0,1.0,225,second
Qru4lr7xr8gaz4vsylm0dk8hhQ,learn_relquest,1.0,"[5, 6]",9.0,1.42,1,0.0,226,second
Qru4lr7xr8gaz4vsylm0dk8hhQ,learn_relquest,0.0,"[2, 3]",10.0,1.563,1,1.0,227,second
Qru4lr7xr8gaz4vsylm0dk8hhQ,learn_relquest,1.0,"[5, 3]",11.0,1.582,0,1.0,228,second
Qru4lr7xr8gaz4vsylm0dk8hhQ,learn_relquest,1.0,"[1, 4]",12.0,0.959,0,1.0,229,second
Qru4lr7xr8gaz4vsylm0dk8hhQ,learn_relquest,0.0,"[7, 2]",13.0,1.274,0,0.0,230,second
Qru4lr7xr8gaz4vsylm0dk8hhQ,learn_relquest,1.0,"[2, 6]",14.0,0.948,1,0.0,231,second
Qru4lr7xr8gaz4vsylm0dk8hhQ,learn_relquest,0.0,"[5, 4]",15.0,0.919,0,0.0,232,second
Qru4lr7xr8gaz4vsylm0dk8hhQ,learn_relquest,0.0,"[6, 1]",16.0,2.811,0,0.0,233,second
Qru4lr7xr8gaz4vsylm0dk8hhQ,learn_relquest,1.0,"[3, 5]",17.0,1.347,0,1.0,234,second
Qru4lr7xr8gaz4vsylm0dk8hhQ,learn_relquest,0.0,"[7, 4]",18.0,0.916,0,0.0,235,second
Qru4lr7xr8gaz4vsylm0dk8hhQ,learn_relquest,1.0,"[7, 0]",19.0,0.701,0,1.0,236,second
Qru4lr7xr8gaz4vsylm0dk8hhQ,learn_relquest,1.0,"[6, 5]",20.0,2.284,1,0.0,237,second
Qru4lr7xr8gaz4vsylm0dk8hhQ,learn_relquest,0.0,"[1, 5]",21.0,1.023,0,0.0,238,second
Qru4lr7xr8gaz4vsylm0dk8hhQ,learn_relquest,1.0,"[0, 7]",22.0,0.773,0,1.0,239,second
Qru4lr7xr8gaz4vsylm0dk8hhQ,learn_relquest,0.0,"[6, 4]",23.0,1.395,0,0.0,240,second
Qru4lr7xr8gaz4vsylm0dk8hhQ,learn_relquest,0.0,"[2, 1]",24.0,1.119,0,0.0,241,second
Qru4lr7xr8gaz4vsylm0dk8hhQ,learn_relquest,1.0,"[7, 1]",25.0,1.046,0,1.0,242,second
Qru4lr7xr8gaz4vsylm0dk8hhQ,learn_relquest,0.0,"[5, 7]",26.0,1.75,1,1.0,243,second
Qru4lr7xr8gaz4vsylm0dk8hhQ,learn_relquest,0.0,"[1, 0]",27.0,0.715,0,0.0,244,second
Qru4lr7xr8gaz4vsylm0dk8hhQ,learn_relquest,1.0,"[6, 5]",0.0,2.316,0,1.0,331,third
Qru4lr7xr8gaz4vsylm0dk8hhQ,learn_relquest,1.0,"[5, 6]",1.0,1.031,0,1.0,332,third
Qru4lr7xr8gaz4vsylm0dk8hhQ,learn_relquest,0.0,"[7, 5]",2.0,0.619,0,0.0,333,third
Qru4lr7xr8gaz4vsylm0dk8hhQ,learn_relquest,1.0,"[7, 0]",3.0,0.77,0,1.0,334,third
Qru4lr7xr8gaz4vsylm0dk8hhQ,learn_relquest,1.0,"[5, 3]",4.0,0.935,0,1.0,335,third
Qru4lr7xr8gaz4vsylm0dk8hhQ,learn_relquest,0.0,"[4, 0]",5.0,1.573,1,1.0,336,third
Qru4lr7xr8gaz4vsylm0dk8hhQ,learn_relquest,1.0,"[3, 5]",6.0,1.128,1,0.0,337,third
Qru4lr7xr8gaz4vsylm0dk8hhQ,learn_relquest,1.0,"[6, 2]",7.0,1.589,1,0.0,338,third
Qru4lr7xr8gaz4vsylm0dk8hhQ,learn_relquest,0.0,"[6, 4]",8.0,1.186,1,1.0,339,third
Qru4lr7xr8gaz4vsylm0dk8hhQ,learn_relquest,0.0,"[3, 7]",9.0,1.265,1,1.0,340,third
Qru4lr7xr8gaz4vsylm0dk8hhQ,learn_relquest,1.0,"[6, 7]",10.0,1.005,0,1.0,341,third
Qru4lr7xr8gaz4vsylm0dk8hhQ,learn_relquest,1.0,"[1, 4]",11.0,0.894,0,1.0,342,third
Qru4lr7xr8gaz4vsylm0dk8hhQ,learn_relquest,0.0,"[3, 4]",12.0,0.926,1,1.0,343,third
Qru4lr7xr8gaz4vsylm0dk8hhQ,learn_relquest,1.0,"[2, 6]",13.0,1.031,1,0.0,344,third
Qru4lr7xr8gaz4vsylm0dk8hhQ,learn_relquest,1.0,"[4, 1]",14.0,0.872,0,1.0,345,third
Qru4lr7xr8gaz4vsylm0dk8hhQ,learn_relquest,0.0,"[1, 0]",15.0,0.667,0,0.0,346,third
Qru4lr7xr8gaz4vsylm0dk8hhQ,learn_relquest,1.0,"[0, 7]",16.0,0.675,0,1.0,347,third
Qru4lr7xr8gaz4vsylm0dk8hhQ,learn_relquest,0.0,"[5, 2]",17.0,0.863,0,0.0,348,third
Qru4lr7xr8gaz4vsylm0dk8hhQ,learn_relquest,0.0,"[5, 0]",18.0,0.836,0,0.0,349,third
Qru4lr7xr8gaz4vsylm0dk8hhQ,learn_relquest,0.0,"[2, 7]",19.0,0.845,1,1.0,350,third
Qru4lr7xr8gaz4vsylm0dk8hhQ,learn_relquest,1.0,"[7, 1]",20.0,0.813,0,1.0,351,third
Qru4lr7xr8gaz4vsylm0dk8hhQ,learn_relquest,1.0,"[1, 7]",21.0,0.691,0,1.0,352,third
Qru4lr7xr8gaz4vsylm0dk8hhQ,learn_relquest,0.0,"[3, 6]",22.0,0.934,1,1.0,353,third
Qru4lr7xr8gaz4vsylm0dk8hhQ,learn_relquest,0.0,"[7, 4]",23.0,0.738,0,0.0,354,third
Qru4lr7xr8gaz4vsylm0dk8hhQ,learn_relquest,0.0,"[5, 7]",24.0,0.871,0,0.0,355,third
Qru4lr7xr8gaz4vsylm0dk8hhQ,learn_relquest,0.0,"[6, 1]",25.0,1.321,0,0.0,356,third
Qru4lr7xr8gaz4vsylm0dk8hhQ,learn_relquest,0.0,"[4, 6]",26.0,0.984,0,0.0,357,third
Qru4lr7xr8gaz4vsylm0dk8hhQ,learn_relquest,1.0,"[7, 6]",27.0,0.909,0,1.0,358,third
Qru4lr7xr8gaz4vsylm0dk8hhQ,learn_relquest,1.0,"[2, 6]",0.0,1.977,1,0.0,445,fourth
Qru4lr7xr8gaz4vsylm0dk8hhQ,learn_relquest,1.0,"[1, 7]",1.0,0.893,0,1.0,446,fourth
Qru4lr7xr8gaz4vsylm0dk8hhQ,learn_relquest,1.0,"[5, 3]",2.0,0.709,0,1.0,447,fourth
Qru4lr7xr8gaz4vsylm0dk8hhQ,learn_relquest,1.0,"[1, 4]",3.0,0.732,0,1.0,448,fourth
Qru4lr7xr8gaz4vsylm0dk8hhQ,learn_relquest,0.0,"[3, 0]",4.0,1.168,1,1.0,449,fourth
Qru4lr7xr8gaz4vsylm0dk8hhQ,learn_relquest,0.0,"[0, 5]",5.0,1.289,0,0.0,450,fourth
Qru4lr7xr8gaz4vsylm0dk8hhQ,learn_relquest,1.0,"[7, 0]",6.0,0.652,0,1.0,451,fourth
Qru4lr7xr8gaz4vsylm0dk8hhQ,learn_relquest,0.0,"[0, 4]",7.0,0.66,0,0.0,452,fourth
Qru4lr7xr8gaz4vsylm0dk8hhQ,learn_relquest,1.0,"[3, 5]",8.0,0.576,0,1.0,453,fourth
Qru4lr7xr8gaz4vsylm0dk8hhQ,learn_relquest,1.0,"[7, 1]",9.0,0.546,0,1.0,454,fourth
Qru4lr7xr8gaz4vsylm0dk8hhQ,learn_relquest,0.0,"[2, 3]",10.0,0.255,0,0.0,455,fourth
Qru4lr7xr8gaz4vsylm0dk8hhQ,learn_relquest,0.0,"[7, 5]",11.0,0.401,0,0.0,456,fourth
Qru4lr7xr8gaz4vsylm0dk8hhQ,learn_relquest,1.0,"[4, 1]",12.0,0.716,1,0.0,457,fourth
Qru4lr7xr8gaz4vsylm0dk8hhQ,learn_relquest,0.0,"[0, 2]",13.0,0.612,0,0.0,458,fourth
Qru4lr7xr8gaz4vsylm0dk8hhQ,learn_relquest,1.0,"[6, 2]",14.0,0.408,0,1.0,459,fourth
Qru4lr7xr8gaz4vsylm0dk8hhQ,learn_relquest,0.0,"[2, 0]",15.0,0.206,0,0.0,460,fourth
Qru4lr7xr8gaz4vsylm0dk8hhQ,learn_relquest,0.0,"[5, 4]",16.0,0.222,0,0.0,461,fourth
Qru4lr7xr8gaz4vsylm0dk8hhQ,learn_relquest,0.0,"[4, 0]",17.0,0.643,1,1.0,462,fourth
Qru4lr7xr8gaz4vsylm0dk8hhQ,learn_relquest,1.0,"[7, 6]",18.0,0.708,0,1.0,463,fourth
Qru4lr7xr8gaz4vsylm0dk8hhQ,learn_relquest,0.0,"[4, 5]",19.0,0.448,0,0.0,464,fourth
Qru4lr7xr8gaz4vsylm0dk8hhQ,learn_relquest,0.0,"[4, 2]",20.0,0.337,0,0.0,465,fourth
Qru4lr7xr8gaz4vsylm0dk8hhQ,learn_relquest,0.0,"[3, 2]",21.0,0.473,0,0.0,466,fourth
Qru4lr7xr8gaz4vsylm0dk8hhQ,learn_relquest,1.0,"[6, 7]",22.0,0.529,0,1.0,467,fourth
Qru4lr7xr8gaz4vsylm0dk8hhQ,learn_relquest,0.0,"[3, 7]",23.0,0.499,0,0.0,468,fourth
Qru4lr7xr8gaz4vsylm0dk8hhQ,learn_relquest,1.0,"[5, 6]",24.0,0.608,0,1.0,469,fourth
Qru4lr7xr8gaz4vsylm0dk8hhQ,learn_relquest,1.0,"[6, 5]",25.0,0.65,0,1.0,470,fourth
Qru4lr7xr8gaz4vsylm0dk8hhQ,learn_relquest,0.0,"[1, 6]",26.0,1.122,0,0.0,471,fourth
Qru4lr7xr8gaz4vsylm0dk8hhQ,learn_relquest,1.0,"[0, 7]",27.0,0.733,0,1.0,472,fourth
Qru4lr7xr8gaz4vsylm0dk8hhQ,learn_relquest,1.0,"[4, 1]",0.0,1.766,0,1.0,559,fifth
Qru4lr7xr8gaz4vsylm0dk8hhQ,learn_relquest,1.0,"[6, 5]",1.0,0.456,0,1.0,560,fifth
Qru4lr7xr8gaz4vsylm0dk8hhQ,learn_relquest,1.0,"[5, 6]",2.0,0.224,0,1.0,561,fifth
Qru4lr7xr8gaz4vsylm0dk8hhQ,learn_relquest,1.0,"[7, 6]",3.0,0.183,0,1.0,562,fifth
Qru4lr7xr8gaz4vsylm0dk8hhQ,learn_relquest,0.0,"[4, 7]",4.0,0.188,0,0.0,563,fifth
Qru4lr7xr8gaz4vsylm0dk8hhQ,learn_relquest,1.0,"[0, 7]",5.0,0.159,0,1.0,564,fifth
Qru4lr7xr8gaz4vsylm0dk8hhQ,learn_relquest,0.0,"[1, 5]",6.0,0.181,0,0.0,565,fifth
Qru4lr7xr8gaz4vsylm0dk8hhQ,learn_relquest,1.0,"[6, 2]",7.0,0.158,0,1.0,566,fifth
Qru4lr7xr8gaz4vsylm0dk8hhQ,learn_relquest,0.0,"[3, 2]",8.0,0.166,0,0.0,567,fifth
Qru4lr7xr8gaz4vsylm0dk8hhQ,learn_relquest,0.0,"[2, 0]",9.0,0.166,0,0.0,568,fifth
Qru4lr7xr8gaz4vsylm0dk8hhQ,learn_relquest,0.0,"[3, 4]",10.0,0.166,0,0.0,569,fifth
Qru4lr7xr8gaz4vsylm0dk8hhQ,learn_relquest,1.0,"[2, 6]",11.0,0.173,0,1.0,570,fifth
Qru4lr7xr8gaz4vsylm0dk8hhQ,learn_relquest,0.0,"[4, 6]",12.0,0.191,0,0.0,571,fifth
Qru4lr7xr8gaz4vsylm0dk8hhQ,learn_relquest,0.0,"[0, 2]",13.0,0.175,0,0.0,572,fifth
Qru4lr7xr8gaz4vsylm0dk8hhQ,learn_relquest,0.0,"[5, 7]",14.0,0.19,0,0.0,573,fifth
Qru4lr7xr8gaz4vsylm0dk8hhQ,learn_relquest,1.0,"[3, 5]",15.0,0.165,0,1.0,574,fifth
Qru4lr7xr8gaz4vsylm0dk8hhQ,learn_relquest,0.0,"[1, 3]",16.0,0.191,0,0.0,575,fifth
Qru4lr7xr8gaz4vsylm0dk8hhQ,learn_relquest,0.0,"[0, 5]",17.0,0.181,0,0.0,576,fifth
Qru4lr7xr8gaz4vsylm0dk8hhQ,learn_relquest,0.0,"[4, 5]",18.0,0.343,0,0.0,577,fifth
Qru4lr7xr8gaz4vsylm0dk8hhQ,learn_relquest,1.0,"[1, 7]",19.0,0.239,0,1.0,578,fifth
Qru4lr7xr8gaz4vsylm0dk8hhQ,learn_relquest,0.0,"[0, 6]",20.0,0.215,0,0.0,579,fifth
Qru4lr7xr8gaz4vsylm0dk8hhQ,learn_relquest,1.0,"[1, 4]",21.0,0.189,0,1.0,580,fifth
Qru4lr7xr8gaz4vsylm0dk8hhQ,learn_relquest,0.0,"[6, 1]",22.0,0.65,1,1.0,581,fifth
Qru4lr7xr8gaz4vsylm0dk8hhQ,learn_relquest,1.0,"[6, 7]",23.0,0.628,0,1.0,582,fifth
Qru4lr7xr8gaz4vsylm0dk8hhQ,learn_relquest,1.0,"[7, 0]",24.0,0.19,0,1.0,583,fifth
Qru4lr7xr8gaz4vsylm0dk8hhQ,learn_relquest,1.0,"[5, 3]",25.0,0.181,0,1.0,584,fifth
Qru4lr7xr8gaz4vsylm0dk8hhQ,learn_relquest,0.0,"[3, 7]",26.0,0.158,0,0.0,585,fifth
Qru4lr7xr8gaz4vsylm0dk8hhQ,learn_relquest,1.0,"[7, 1]",27.0,0.942,1,0.0,586,fifth
Qp0dk29rcuzitoxxdx39derbpQ,learn_relquest,0.0,"[0, 1]",0.0,6.075,1,1.0,101,first
Qp0dk29rcuzitoxxdx39derbpQ,learn_relquest,1.0,"[5, 3]",1.0,2.263,0,1.0,102,first
Qp0dk29rcuzitoxxdx39derbpQ,learn_relquest,1.0,"[0, 7]",2.0,1.652,0,1.0,103,first
Qp0dk29rcuzitoxxdx39derbpQ,learn_relquest,1.0,"[7, 6]",3.0,1.468,0,1.0,104,first
Qp0dk29rcuzitoxxdx39derbpQ,learn_relquest,1.0,"[6, 7]",4.0,3.716,0,1.0,105,first
Qp0dk29rcuzitoxxdx39derbpQ,learn_relquest,1.0,"[7, 1]",5.0,2.52,1,0.0,106,first
Qp0dk29rcuzitoxxdx39derbpQ,learn_relquest,1.0,"[1, 7]",6.0,3.571,1,0.0,107,first
Qp0dk29rcuzitoxxdx39derbpQ,learn_relquest,0.0,"[3, 2]",7.0,2.897,1,1.0,108,first
Qp0dk29rcuzitoxxdx39derbpQ,learn_relquest,0.0,"[5, 0]",8.0,1.949,0,0.0,109,first
Qp0dk29rcuzitoxxdx39derbpQ,learn_relquest,1.0,"[1, 4]",9.0,2.438,0,1.0,110,first
Qp0dk29rcuzitoxxdx39derbpQ,learn_relquest,0.0,"[0, 3]",10.0,2.509,0,0.0,111,first
Qp0dk29rcuzitoxxdx39derbpQ,learn_relquest,0.0,"[5, 1]",11.0,3.234,1,1.0,112,first
Qp0dk29rcuzitoxxdx39derbpQ,learn_relquest,0.0,"[4, 7]",13.0,0.097,0,0.0,114,first
Qp0dk29rcuzitoxxdx39derbpQ,learn_relquest,1.0,"[6, 2]",12.0,11.967,0,1.0,113,first
Qp0dk29rcuzitoxxdx39derbpQ,learn_relquest,1.0,"[7, 0]",14.0,1.878,0,1.0,115,first
Qp0dk29rcuzitoxxdx39derbpQ,learn_relquest,0.0,"[4, 0]",15.0,2.275,1,1.0,116,first
Qp0dk29rcuzitoxxdx39derbpQ,learn_relquest,0.0,"[4, 5]",16.0,2.316,0,0.0,117,first
Qp0dk29rcuzitoxxdx39derbpQ,learn_relquest,0.0,"[1, 6]",17.0,4.45,1,1.0,118,first
Qp0dk29rcuzitoxxdx39derbpQ,learn_relquest,0.0,"[2, 7]",18.0,3.245,1,1.0,119,first
Qp0dk29rcuzitoxxdx39derbpQ,learn_relquest,1.0,"[4, 1]",19.0,4.154,0,1.0,120,first
Qp0dk29rcuzitoxxdx39derbpQ,learn_relquest,1.0,"[2, 6]",20.0,6.676,0,1.0,121,first
Qp0dk29rcuzitoxxdx39derbpQ,learn_relquest,1.0,"[3, 5]",21.0,3.52,1,0.0,122,first
Qp0dk29rcuzitoxxdx39derbpQ,learn_relquest,0.0,"[7, 3]",22.0,1.663,0,0.0,123,first
Qp0dk29rcuzitoxxdx39derbpQ,learn_relquest,0.0,"[7, 5]",23.0,2.009,0,0.0,124,first
Qp0dk29rcuzitoxxdx39derbpQ,learn_relquest,0.0,"[4, 2]",24.0,7.708,1,1.0,125,first
Qp0dk29rcuzitoxxdx39derbpQ,learn_relquest,0.0,"[0, 4]",25.0,1.57,0,0.0,126,first
Qp0dk29rcuzitoxxdx39derbpQ,learn_relquest,1.0,"[6, 5]",26.0,2.643,0,1.0,127,first
Qp0dk29rcuzitoxxdx39derbpQ,learn_relquest,1.0,"[5, 6]",27.0,1.1,0,1.0,128,first
Qp0dk29rcuzitoxxdx39derbpQ,learn_relquest,1.0,"[5, 3]",0.0,2.734,0,1.0,217,second
Qp0dk29rcuzitoxxdx39derbpQ,learn_relquest,0.0,"[0, 4]",1.0,2.744,1,1.0,218,second
Qp0dk29rcuzitoxxdx39derbpQ,learn_relquest,1.0,"[6, 5]",2.0,1.335,0,1.0,219,second
Qp0dk29rcuzitoxxdx39derbpQ,learn_relquest,0.0,"[3, 4]",3.0,2.213,1,1.0,220,second
Qp0dk29rcuzitoxxdx39derbpQ,learn_relquest,0.0,"[2, 0]",4.0,3.305,1,1.0,221,second
Qp0dk29rcuzitoxxdx39derbpQ,learn_relquest,1.0,"[7, 1]",5.0,1.417,0,1.0,222,second
Qp0dk29rcuzitoxxdx39derbpQ,learn_relquest,0.0,"[4, 7]",6.0,1.57,0,0.0,223,second
Qp0dk29rcuzitoxxdx39derbpQ,learn_relquest,1.0,"[3, 5]",7.0,1.11,0,1.0,224,second
Qp0dk29rcuzitoxxdx39derbpQ,learn_relquest,1.0,"[6, 2]",8.0,3.184,0,1.0,225,second
Qp0dk29rcuzitoxxdx39derbpQ,learn_relquest,0.0,"[7, 3]",9.0,1.662,1,1.0,226,second
Qp0dk29rcuzitoxxdx39derbpQ,learn_relquest,0.0,"[3, 2]",10.0,3.449,1,1.0,227,second
Qp0dk29rcuzitoxxdx39derbpQ,learn_relquest,1.0,"[0, 7]",11.0,1.232,0,1.0,228,second
Qp0dk29rcuzitoxxdx39derbpQ,learn_relquest,1.0,"[7, 6]",12.0,1.387,0,1.0,229,second
Qp0dk29rcuzitoxxdx39derbpQ,learn_relquest,1.0,"[1, 4]",13.0,1.902,0,1.0,230,second
Qp0dk29rcuzitoxxdx39derbpQ,learn_relquest,0.0,"[5, 0]",14.0,1.55,0,0.0,231,second
Qp0dk29rcuzitoxxdx39derbpQ,learn_relquest,1.0,"[6, 7]",15.0,1.427,0,1.0,232,second
Qp0dk29rcuzitoxxdx39derbpQ,learn_relquest,1.0,"[1, 7]",16.0,1.621,0,1.0,233,second
Qp0dk29rcuzitoxxdx39derbpQ,learn_relquest,0.0,"[7, 4]",17.0,2.877,1,1.0,234,second
Qp0dk29rcuzitoxxdx39derbpQ,learn_relquest,0.0,"[0, 6]",18.0,2.509,1,1.0,235,second
Qp0dk29rcuzitoxxdx39derbpQ,learn_relquest,0.0,"[3, 6]",19.0,1.641,0,0.0,236,second
Qp0dk29rcuzitoxxdx39derbpQ,learn_relquest,0.0,"[7, 5]",20.0,1.366,0,0.0,237,second
Qp0dk29rcuzitoxxdx39derbpQ,learn_relquest,1.0,"[7, 0]",21.0,2.041,0,1.0,238,second
Qp0dk29rcuzitoxxdx39derbpQ,learn_relquest,1.0,"[2, 6]",22.0,1.814,0,1.0,239,second
Qp0dk29rcuzitoxxdx39derbpQ,learn_relquest,1.0,"[5, 6]",23.0,1.622,0,1.0,240,second
Qp0dk29rcuzitoxxdx39derbpQ,learn_relquest,0.0,"[2, 1]",24.0,2.345,1,1.0,241,second
Qp0dk29rcuzitoxxdx39derbpQ,learn_relquest,0.0,"[6, 4]",25.0,1.723,1,1.0,242,second
Qp0dk29rcuzitoxxdx39derbpQ,learn_relquest,0.0,"[0, 5]",26.0,2.091,1,1.0,243,second
Qp0dk29rcuzitoxxdx39derbpQ,learn_relquest,1.0,"[4, 1]",27.0,1.664,0,1.0,244,second
Qp0dk29rcuzitoxxdx39derbpQ,learn_relquest,1.0,"[6, 5]",0.0,2.009,0,1.0,331,third
Qp0dk29rcuzitoxxdx39derbpQ,learn_relquest,0.0,"[4, 2]",1.0,3.858,1,1.0,332,third
Qp0dk29rcuzitoxxdx39derbpQ,learn_relquest,0.0,"[6, 3]",2.0,1.344,0,0.0,333,third
Qp0dk29rcuzitoxxdx39derbpQ,learn_relquest,0.0,"[3, 1]",3.0,3.021,1,1.0,334,third
Qp0dk29rcuzitoxxdx39derbpQ,learn_relquest,1.0,"[4, 1]",4.0,5.93,0,1.0,335,third
Qp0dk29rcuzitoxxdx39derbpQ,learn_relquest,1.0,"[0, 7]",5.0,1.763,0,1.0,336,third
Qp0dk29rcuzitoxxdx39derbpQ,learn_relquest,0.0,"[7, 5]",6.0,1.478,0,0.0,337,third
Qp0dk29rcuzitoxxdx39derbpQ,learn_relquest,0.0,"[1, 3]",7.0,1.009,0,0.0,338,third
Qp0dk29rcuzitoxxdx39derbpQ,learn_relquest,1.0,"[1, 7]",8.0,1.63,0,1.0,339,third
Qp0dk29rcuzitoxxdx39derbpQ,learn_relquest,0.0,"[3, 7]",9.0,3.184,1,1.0,340,third
Qp0dk29rcuzitoxxdx39derbpQ,learn_relquest,0.0,"[5, 2]",10.0,2.132,1,1.0,341,third
Qp0dk29rcuzitoxxdx39derbpQ,learn_relquest,0.0,"[0, 5]",11.0,1.171,0,0.0,342,third
Qp0dk29rcuzitoxxdx39derbpQ,learn_relquest,0.0,"[2, 4]",12.0,1.417,0,0.0,343,third
Qp0dk29rcuzitoxxdx39derbpQ,learn_relquest,0.0,"[3, 2]",13.0,1.539,0,0.0,344,third
Qp0dk29rcuzitoxxdx39derbpQ,learn_relquest,1.0,"[2, 6]",14.0,2.212,0,1.0,345,third
Qp0dk29rcuzitoxxdx39derbpQ,learn_relquest,1.0,"[6, 7]",15.0,2.203,0,1.0,346,third
Qp0dk29rcuzitoxxdx39derbpQ,learn_relquest,1.0,"[6, 2]",16.0,2.315,0,1.0,347,third
Qp0dk29rcuzitoxxdx39derbpQ,learn_relquest,0.0,"[4, 6]",17.0,3.285,1,1.0,348,third
Qp0dk29rcuzitoxxdx39derbpQ,learn_relquest,0.0,"[6, 0]",18.0,2.212,1,1.0,349,third
Qp0dk29rcuzitoxxdx39derbpQ,learn_relquest,1.0,"[3, 5]",19.0,1.182,0,1.0,350,third
Qp0dk29rcuzitoxxdx39derbpQ,learn_relquest,1.0,"[7, 6]",20.0,3.748,0,1.0,351,third
Qp0dk29rcuzitoxxdx39derbpQ,learn_relquest,1.0,"[5, 6]",21.0,1.261,0,1.0,352,third
Qp0dk29rcuzitoxxdx39derbpQ,learn_relquest,0.0,"[0, 2]",22.0,3.582,1,1.0,353,third
Qp0dk29rcuzitoxxdx39derbpQ,learn_relquest,1.0,"[5, 3]",23.0,2.386,0,1.0,354,third
Qp0dk29rcuzitoxxdx39derbpQ,learn_relquest,0.0,"[3, 0]",24.0,2.366,0,0.0,355,third
Qp0dk29rcuzitoxxdx39derbpQ,learn_relquest,1.0,"[1, 4]",25.0,1.681,0,1.0,356,third
Qp0dk29rcuzitoxxdx39derbpQ,learn_relquest,1.0,"[7, 1]",26.0,1.661,0,1.0,357,third
Qp0dk29rcuzitoxxdx39derbpQ,learn_relquest,1.0,"[7, 0]",27.0,1.886,0,1.0,358,third
Qp0dk29rcuzitoxxdx39derbpQ,learn_relquest,0.0,"[0, 2]",0.0,4.48,1,1.0,445,fourth
Qp0dk29rcuzitoxxdx39derbpQ,learn_relquest,1.0,"[3, 5]",1.0,1.663,0,1.0,446,fourth
Qp0dk29rcuzitoxxdx39derbpQ,learn_relquest,0.0,"[5, 7]",2.0,4.162,1,1.0,447,fourth
Qp0dk29rcuzitoxxdx39derbpQ,learn_relquest,1.0,"[7, 0]",3.0,1.54,0,1.0,448,fourth
Qp0dk29rcuzitoxxdx39derbpQ,learn_relquest,1.0,"[7, 1]",4.0,2.287,1,0.0,449,fourth
Qp0dk29rcuzitoxxdx39derbpQ,learn_relquest,1.0,"[6, 7]",5.0,1.691,0,1.0,450,fourth
Qp0dk29rcuzitoxxdx39derbpQ,learn_relquest,0.0,"[3, 2]",6.0,3.042,1,1.0,451,fourth
Qp0dk29rcuzitoxxdx39derbpQ,learn_relquest,1.0,"[4, 1]",7.0,1.048,0,1.0,452,fourth
Qp0dk29rcuzitoxxdx39derbpQ,learn_relquest,0.0,"[3, 6]",8.0,1.641,0,0.0,453,fourth
Qp0dk29rcuzitoxxdx39derbpQ,learn_relquest,0.0,"[6, 4]",9.0,2.581,1,1.0,454,fourth
Qp0dk29rcuzitoxxdx39derbpQ,learn_relquest,1.0,"[6, 2]",10.0,2.304,1,0.0,455,fourth
Qp0dk29rcuzitoxxdx39derbpQ,learn_relquest,1.0,"[1, 7]",11.0,2.754,1,0.0,456,fourth
Qp0dk29rcuzitoxxdx39derbpQ,learn_relquest,1.0,"[6, 5]",12.0,0.925,0,1.0,457,fourth
Qp0dk29rcuzitoxxdx39derbpQ,learn_relquest,1.0,"[1, 4]",13.0,1.633,0,1.0,458,fourth
Qp0dk29rcuzitoxxdx39derbpQ,learn_relquest,0.0,"[4, 0]",14.0,2.131,1,1.0,459,fourth
Qp0dk29rcuzitoxxdx39derbpQ,learn_relquest,0.0,"[3, 0]",15.0,2.233,0,0.0,460,fourth
Qp0dk29rcuzitoxxdx39derbpQ,learn_relquest,1.0,"[5, 3]",16.0,0.915,0,1.0,461,fourth
Qp0dk29rcuzitoxxdx39derbpQ,learn_relquest,0.0,"[3, 1]",17.0,2.542,1,1.0,462,fourth
Qp0dk29rcuzitoxxdx39derbpQ,learn_relquest,1.0,"[5, 6]",18.0,0.935,0,1.0,463,fourth
Qp0dk29rcuzitoxxdx39derbpQ,learn_relquest,1.0,"[7, 6]",19.0,1.142,0,1.0,464,fourth
Qp0dk29rcuzitoxxdx39derbpQ,learn_relquest,0.0,"[4, 7]",20.0,1.448,0,0.0,465,fourth
Qp0dk29rcuzitoxxdx39derbpQ,learn_relquest,0.0,"[0, 1]",21.0,3.018,1,1.0,466,fourth
Qp0dk29rcuzitoxxdx39derbpQ,learn_relquest,1.0,"[0, 7]",22.0,1.479,0,1.0,467,fourth
Qp0dk29rcuzitoxxdx39derbpQ,learn_relquest,0.0,"[7, 2]",23.0,2.764,0,0.0,468,fourth
Qp0dk29rcuzitoxxdx39derbpQ,learn_relquest,0.0,"[1, 3]",24.0,1.182,0,0.0,469,fourth
Qp0dk29rcuzitoxxdx39derbpQ,learn_relquest,0.0,"[2, 0]",25.0,4.276,1,1.0,470,fourth
Qp0dk29rcuzitoxxdx39derbpQ,learn_relquest,1.0,"[2, 6]",26.0,1.488,0,1.0,471,fourth
Qp0dk29rcuzitoxxdx39derbpQ,learn_relquest,0.0,"[0, 5]",27.0,2.244,1,1.0,472,fourth
Qp0dk29rcuzitoxxdx39derbpQ,learn_relquest,0.0,"[4, 6]",0.0,3.154,0,0.0,559,fifth
Qp0dk29rcuzitoxxdx39derbpQ,learn_relquest,1.0,"[5, 6]",1.0,1.047,0,1.0,560,fifth
Qp0dk29rcuzitoxxdx39derbpQ,learn_relquest,0.0,"[6, 3]",2.0,2.571,1,1.0,561,fifth
Qp0dk29rcuzitoxxdx39derbpQ,learn_relquest,1.0,"[7, 1]",3.0,1.345,0,1.0,562,fifth
Qp0dk29rcuzitoxxdx39derbpQ,learn_relquest,0.0,"[3, 7]",4.0,2.07,1,1.0,563,fifth
Qp0dk29rcuzitoxxdx39derbpQ,learn_relquest,1.0,"[4, 1]",5.0,1.724,0,1.0,564,fifth
Qp0dk29rcuzitoxxdx39derbpQ,learn_relquest,0.0,"[1, 3]",6.0,2.867,1,1.0,565,fifth
Qp0dk29rcuzitoxxdx39derbpQ,learn_relquest,0.0,"[7, 2]",7.0,1.295,0,0.0,566,fifth
Qp0dk29rcuzitoxxdx39derbpQ,learn_relquest,0.0,"[4, 3]",8.0,2.01,0,0.0,567,fifth
Qp0dk29rcuzitoxxdx39derbpQ,learn_relquest,1.0,"[3, 5]",9.0,5.799,0,1.0,568,fifth
Qp0dk29rcuzitoxxdx39derbpQ,learn_relquest,0.0,"[2, 3]",10.0,1.774,1,1.0,569,fifth
Qp0dk29rcuzitoxxdx39derbpQ,learn_relquest,0.0,"[7, 4]",11.0,2.51,1,1.0,570,fifth
Qp0dk29rcuzitoxxdx39derbpQ,learn_relquest,1.0,"[6, 7]",12.0,2.275,0,1.0,571,fifth
Qp0dk29rcuzitoxxdx39derbpQ,learn_relquest,0.0,"[3, 1]",13.0,2.835,1,1.0,572,fifth
Qp0dk29rcuzitoxxdx39derbpQ,learn_relquest,0.0,"[5, 4]",14.0,1.663,1,1.0,573,fifth
Qp0dk29rcuzitoxxdx39derbpQ,learn_relquest,0.0,"[3, 2]",15.0,2.061,1,1.0,574,fifth
Qp0dk29rcuzitoxxdx39derbpQ,learn_relquest,1.0,"[6, 2]",16.0,2.213,0,1.0,575,fifth
Qp0dk29rcuzitoxxdx39derbpQ,learn_relquest,1.0,"[2, 6]",17.0,1.243,0,1.0,576,fifth
Qp0dk29rcuzitoxxdx39derbpQ,learn_relquest,1.0,"[5, 3]",18.0,2.162,0,1.0,577,fifth
Qp0dk29rcuzitoxxdx39derbpQ,learn_relquest,1.0,"[1, 4]",19.0,1.511,0,1.0,578,fifth
Qp0dk29rcuzitoxxdx39derbpQ,learn_relquest,1.0,"[7, 0]",20.0,2.486,0,1.0,579,fifth
Qp0dk29rcuzitoxxdx39derbpQ,learn_relquest,0.0,"[3, 6]",21.0,2.203,1,1.0,580,fifth
Qp0dk29rcuzitoxxdx39derbpQ,learn_relquest,1.0,"[7, 6]",22.0,1.029,0,1.0,581,fifth
Qp0dk29rcuzitoxxdx39derbpQ,learn_relquest,1.0,"[0, 7]",23.0,2.102,1,0.0,582,fifth
Qp0dk29rcuzitoxxdx39derbpQ,learn_relquest,0.0,"[4, 2]",24.0,1.959,1,1.0,583,fifth
Qp0dk29rcuzitoxxdx39derbpQ,learn_relquest,0.0,"[4, 0]",25.0,1.791,1,1.0,584,fifth
Qp0dk29rcuzitoxxdx39derbpQ,learn_relquest,1.0,"[1, 7]",26.0,5.4,0,1.0,585,fifth
Qp0dk29rcuzitoxxdx39derbpQ,learn_relquest,1.0,"[6, 5]",27.0,1.335,0,1.0,586,fifth
Qs36aynkj9zzh305niymthttmQ,learn_relquest,1.0,"[6, 7]",0.0,2.68,0,1.0,101,first
Qs36aynkj9zzh305niymthttmQ,learn_relquest,0.0,"[3, 0]",1.0,1.346,1,1.0,102,first
Qs36aynkj9zzh305niymthttmQ,learn_relquest,1.0,"[7, 0]",2.0,1.46,0,1.0,103,first
Qs36aynkj9zzh305niymthttmQ,learn_relquest,0.0,"[0, 2]",3.0,1.25,0,0.0,104,first
Qs36aynkj9zzh305niymthttmQ,learn_relquest,0.0,"[2, 7]",4.0,1.464,0,0.0,105,first
Qs36aynkj9zzh305niymthttmQ,learn_relquest,0.0,"[2, 3]",5.0,1.612,1,1.0,106,first
Qs36aynkj9zzh305niymthttmQ,learn_relquest,1.0,"[1, 7]",6.0,1.317,0,1.0,107,first
Qs36aynkj9zzh305niymthttmQ,learn_relquest,0.0,"[1, 3]",7.0,1.33,1,1.0,108,first
Qs36aynkj9zzh305niymthttmQ,learn_relquest,0.0,"[3, 1]",8.0,1.723,1,1.0,109,first
Qs36aynkj9zzh305niymthttmQ,learn_relquest,1.0,"[7, 6]",9.0,0.817,0,1.0,110,first
Qs36aynkj9zzh305niymthttmQ,learn_relquest,0.0,"[4, 6]",10.0,0.873,0,0.0,111,first
Qs36aynkj9zzh305niymthttmQ,learn_relquest,1.0,"[6, 5]",11.0,1.321,0,1.0,112,first
Qs36aynkj9zzh305niymthttmQ,learn_relquest,1.0,"[7, 1]",12.0,1.187,0,1.0,113,first
Qs36aynkj9zzh305niymthttmQ,learn_relquest,1.0,"[3, 5]",13.0,0.932,0,1.0,114,first
Qs36aynkj9zzh305niymthttmQ,learn_relquest,1.0,"[5, 6]",14.0,1.178,0,1.0,115,first
Qs36aynkj9zzh305niymthttmQ,learn_relquest,1.0,"[2, 6]",15.0,6.875,1,0.0,116,first
Qs36aynkj9zzh305niymthttmQ,learn_relquest,0.0,"[5, 1]",16.0,0.917,0,0.0,117,first
Qs36aynkj9zzh305niymthttmQ,learn_relquest,0.0,"[3, 6]",17.0,6.143,1,1.0,118,first
Qs36aynkj9zzh305niymthttmQ,learn_relquest,1.0,"[5, 3]",18.0,0.898,0,1.0,119,first
Qs36aynkj9zzh305niymthttmQ,learn_relquest,0.0,"[5, 2]",19.0,1.183,0,0.0,120,first
Qs36aynkj9zzh305niymthttmQ,learn_relquest,0.0,"[0, 3]",20.0,1.352,1,1.0,121,first
Qs36aynkj9zzh305niymthttmQ,learn_relquest,1.0,"[6, 2]",21.0,1.412,0,1.0,122,first
Qs36aynkj9zzh305niymthttmQ,learn_relquest,0.0,"[1, 2]",22.0,1.101,1,1.0,123,first
Qs36aynkj9zzh305niymthttmQ,learn_relquest,0.0,"[6, 0]",23.0,5.977,0,0.0,124,first
Qs36aynkj9zzh305niymthttmQ,learn_relquest,0.0,"[2, 1]",24.0,1.342,1,1.0,125,first
Qs36aynkj9zzh305niymthttmQ,learn_relquest,1.0,"[4, 1]",25.0,1.108,0,1.0,126,first
Qs36aynkj9zzh305niymthttmQ,learn_relquest,1.0,"[0, 7]",26.0,2.119,1,0.0,127,first
Qs36aynkj9zzh305niymthttmQ,learn_relquest,1.0,"[1, 4]",27.0,0.85,0,1.0,128,first
Qs36aynkj9zzh305niymthttmQ,learn_relquest,0.0,"[0, 3]",0.0,1.91,1,1.0,217,second
Qs36aynkj9zzh305niymthttmQ,learn_relquest,1.0,"[7, 0]",1.0,0.977,0,1.0,218,second
Qs36aynkj9zzh305niymthttmQ,learn_relquest,1.0,"[7, 6]",2.0,0.8,0,1.0,219,second
Qs36aynkj9zzh305niymthttmQ,learn_relquest,0.0,"[3, 6]",3.0,1.059,0,0.0,220,second
Qs36aynkj9zzh305niymthttmQ,learn_relquest,0.0,"[2, 0]",4.0,0.775,0,0.0,221,second
Qs36aynkj9zzh305niymthttmQ,learn_relquest,0.0,"[4, 7]",5.0,1.052,0,0.0,222,second
Qs36aynkj9zzh305niymthttmQ,learn_relquest,1.0,"[5, 3]",6.0,1.0,0,1.0,223,second
Qs36aynkj9zzh305niymthttmQ,learn_relquest,0.0,"[2, 3]",7.0,1.573,0,0.0,224,second
Qs36aynkj9zzh305niymthttmQ,learn_relquest,0.0,"[7, 2]",8.0,1.05,0,0.0,225,second
Qs36aynkj9zzh305niymthttmQ,learn_relquest,0.0,"[0, 6]",9.0,0.766,0,0.0,226,second
Qs36aynkj9zzh305niymthttmQ,learn_relquest,1.0,"[6, 2]",10.0,0.888,0,1.0,227,second
Qs36aynkj9zzh305niymthttmQ,learn_relquest,1.0,"[5, 6]",11.0,1.521,0,1.0,228,second
Qs36aynkj9zzh305niymthttmQ,learn_relquest,1.0,"[2, 6]",12.0,0.954,1,0.0,229,second
Qs36aynkj9zzh305niymthttmQ,learn_relquest,0.0,"[1, 0]",13.0,0.842,0,0.0,230,second
Qs36aynkj9zzh305niymthttmQ,learn_relquest,1.0,"[6, 5]",14.0,0.895,0,1.0,231,second
Qs36aynkj9zzh305niymthttmQ,learn_relquest,1.0,"[3, 5]",15.0,0.775,0,1.0,232,second
Qs36aynkj9zzh305niymthttmQ,learn_relquest,1.0,"[6, 7]",16.0,1.109,0,1.0,233,second
Qs36aynkj9zzh305niymthttmQ,learn_relquest,0.0,"[2, 7]",17.0,1.031,1,1.0,234,second
Qs36aynkj9zzh305niymthttmQ,learn_relquest,1.0,"[1, 7]",18.0,1.569,0,1.0,235,second
Qs36aynkj9zzh305niymthttmQ,learn_relquest,1.0,"[7, 1]",19.0,0.81,0,1.0,236,second
Qs36aynkj9zzh305niymthttmQ,learn_relquest,0.0,"[4, 2]",20.0,1.193,1,1.0,237,second
Qs36aynkj9zzh305niymthttmQ,learn_relquest,1.0,"[1, 4]",21.0,0.473,0,1.0,238,second
Qs36aynkj9zzh305niymthttmQ,learn_relquest,0.0,"[7, 3]",22.0,1.642,0,0.0,239,second
Qs36aynkj9zzh305niymthttmQ,learn_relquest,0.0,"[1, 2]",23.0,0.843,0,0.0,240,second
Qs36aynkj9zzh305niymthttmQ,learn_relquest,0.0,"[5, 2]",24.0,0.939,0,0.0,241,second
Qs36aynkj9zzh305niymthttmQ,learn_relquest,0.0,"[3, 1]",25.0,1.326,1,1.0,242,second
Qs36aynkj9zzh305niymthttmQ,learn_relquest,1.0,"[4, 1]",26.0,0.792,0,1.0,243,second
Qs36aynkj9zzh305niymthttmQ,learn_relquest,1.0,"[0, 7]",27.0,1.099,0,1.0,244,second
Qs36aynkj9zzh305niymthttmQ,learn_relquest,1.0,"[4, 1]",0.0,1.304,0,1.0,331,third
Qs36aynkj9zzh305niymthttmQ,learn_relquest,1.0,"[1, 7]",1.0,0.939,0,1.0,332,third
Qs36aynkj9zzh305niymthttmQ,learn_relquest,0.0,"[5, 4]",2.0,1.087,1,1.0,333,third
Qs36aynkj9zzh305niymthttmQ,learn_relquest,1.0,"[0, 7]",3.0,0.946,0,1.0,334,third
Qs36aynkj9zzh305niymthttmQ,learn_relquest,0.0,"[2, 1]",4.0,1.614,1,1.0,335,third
Qs36aynkj9zzh305niymthttmQ,learn_relquest,1.0,"[3, 5]",5.0,0.779,0,1.0,336,third
Qs36aynkj9zzh305niymthttmQ,learn_relquest,1.0,"[5, 3]",6.0,0.595,0,1.0,337,third
Qs36aynkj9zzh305niymthttmQ,learn_relquest,0.0,"[5, 0]",7.0,1.317,0,0.0,338,third
Qs36aynkj9zzh305niymthttmQ,learn_relquest,0.0,"[3, 0]",8.0,1.044,1,1.0,339,third
Qs36aynkj9zzh305niymthttmQ,learn_relquest,0.0,"[4, 2]",9.0,0.859,0,0.0,340,third
Qs36aynkj9zzh305niymthttmQ,learn_relquest,1.0,"[7, 0]",10.0,0.981,0,1.0,341,third
Qs36aynkj9zzh305niymthttmQ,learn_relquest,0.0,"[4, 3]",11.0,1.303,0,0.0,342,third
Qs36aynkj9zzh305niymthttmQ,learn_relquest,0.0,"[5, 1]",12.0,0.933,0,0.0,343,third
Qs36aynkj9zzh305niymthttmQ,learn_relquest,1.0,"[6, 7]",13.0,1.248,0,1.0,344,third
Qs36aynkj9zzh305niymthttmQ,learn_relquest,1.0,"[1, 4]",14.0,1.059,1,0.0,345,third
Qs36aynkj9zzh305niymthttmQ,learn_relquest,0.0,"[1, 6]",15.0,1.057,1,1.0,346,third
Qs36aynkj9zzh305niymthttmQ,learn_relquest,1.0,"[5, 6]",16.0,1.185,0,1.0,347,third
Qs36aynkj9zzh305niymthttmQ,learn_relquest,1.0,"[6, 5]",17.0,0.824,0,1.0,348,third
Qs36aynkj9zzh305niymthttmQ,learn_relquest,0.0,"[7, 4]",18.0,1.683,1,1.0,349,third
Qs36aynkj9zzh305niymthttmQ,learn_relquest,0.0,"[7, 5]",19.0,0.81,0,0.0,350,third
Qs36aynkj9zzh305niymthttmQ,learn_relquest,1.0,"[7, 1]",20.0,2.084,0,1.0,351,third
Qs36aynkj9zzh305niymthttmQ,learn_relquest,0.0,"[0, 3]",21.0,1.865,1,1.0,352,third
Qs36aynkj9zzh305niymthttmQ,learn_relquest,1.0,"[7, 6]",22.0,1.05,0,1.0,353,third
Qs36aynkj9zzh305niymthttmQ,learn_relquest,0.0,"[6, 1]",23.0,1.464,1,1.0,354,third
Qs36aynkj9zzh305niymthttmQ,learn_relquest,1.0,"[2, 6]",24.0,1.345,0,1.0,355,third
Qs36aynkj9zzh305niymthttmQ,learn_relquest,0.0,"[4, 5]",25.0,1.474,1,1.0,356,third
Qs36aynkj9zzh305niymthttmQ,learn_relquest,1.0,"[6, 2]",26.0,16.778,0,1.0,357,third
Qs36aynkj9zzh305niymthttmQ,learn_relquest,0.0,"[2, 5]",27.0,0.646,0,0.0,358,third
Qs36aynkj9zzh305niymthttmQ,learn_relquest,1.0,"[5, 3]",0.0,1.22,0,1.0,445,fourth
Qs36aynkj9zzh305niymthttmQ,learn_relquest,1.0,"[1, 7]",1.0,1.075,0,1.0,446,fourth
Qs36aynkj9zzh305niymthttmQ,learn_relquest,1.0,"[4, 1]",2.0,0.66,0,1.0,447,fourth
Qs36aynkj9zzh305niymthttmQ,learn_relquest,1.0,"[3, 5]",3.0,0.657,0,1.0,448,fourth
Qs36aynkj9zzh305niymthttmQ,learn_relquest,0.0,"[1, 3]",4.0,0.798,1,1.0,449,fourth
Qs36aynkj9zzh305niymthttmQ,learn_relquest,1.0,"[7, 1]",5.0,0.734,0,1.0,450,fourth
Qs36aynkj9zzh305niymthttmQ,learn_relquest,0.0,"[4, 0]",6.0,0.753,1,1.0,451,fourth
Qs36aynkj9zzh305niymthttmQ,learn_relquest,1.0,"[6, 5]",7.0,0.641,0,1.0,452,fourth
Qs36aynkj9zzh305niymthttmQ,learn_relquest,0.0,"[1, 0]",8.0,1.527,1,1.0,453,fourth
Qs36aynkj9zzh305niymthttmQ,learn_relquest,0.0,"[0, 2]",9.0,1.139,1,1.0,454,fourth
Qs36aynkj9zzh305niymthttmQ,learn_relquest,1.0,"[7, 6]",10.0,0.728,0,1.0,455,fourth
Qs36aynkj9zzh305niymthttmQ,learn_relquest,0.0,"[3, 0]",11.0,0.987,1,1.0,456,fourth
Qs36aynkj9zzh305niymthttmQ,learn_relquest,0.0,"[2, 1]",12.0,1.724,1,1.0,457,fourth
Qs36aynkj9zzh305niymthttmQ,learn_relquest,0.0,"[3, 7]",13.0,1.55,0,0.0,458,fourth
Qs36aynkj9zzh305niymthttmQ,learn_relquest,1.0,"[2, 6]",14.0,1.203,0,1.0,459,fourth
Qs36aynkj9zzh305niymthttmQ,learn_relquest,0.0,"[6, 0]",15.0,0.721,0,0.0,460,fourth
Qs36aynkj9zzh305niymthttmQ,learn_relquest,1.0,"[7, 0]",16.0,0.663,0,1.0,461,fourth
Qs36aynkj9zzh305niymthttmQ,learn_relquest,1.0,"[1, 4]",17.0,0.864,1,0.0,462,fourth
Qs36aynkj9zzh305niymthttmQ,learn_relquest,0.0,"[5, 4]",18.0,0.656,0,0.0,463,fourth
Qs36aynkj9zzh305niymthttmQ,learn_relquest,0.0,"[7, 2]",19.0,1.186,0,0.0,464,fourth
Qs36aynkj9zzh305niymthttmQ,learn_relquest,0.0,"[5, 2]",20.0,0.588,0,0.0,465,fourth
Qs36aynkj9zzh305niymthttmQ,learn_relquest,0.0,"[0, 5]",21.0,1.404,1,1.0,466,fourth
Qs36aynkj9zzh305niymthttmQ,learn_relquest,1.0,"[5, 6]",22.0,0.621,0,1.0,467,fourth
Qs36aynkj9zzh305niymthttmQ,learn_relquest,1.0,"[0, 7]",23.0,0.934,1,0.0,468,fourth
Qs36aynkj9zzh305niymthttmQ,learn_relquest,1.0,"[6, 7]",24.0,0.73,0,1.0,469,fourth
Qs36aynkj9zzh305niymthttmQ,learn_relquest,0.0,"[3, 2]",25.0,1.404,1,1.0,470,fourth
Qs36aynkj9zzh305niymthttmQ,learn_relquest,0.0,"[7, 4]",26.0,1.077,0,0.0,471,fourth
Qs36aynkj9zzh305niymthttmQ,learn_relquest,1.0,"[6, 2]",27.0,2.105,0,1.0,472,fourth
Qs36aynkj9zzh305niymthttmQ,learn_relquest,0.0,"[5, 7]",0.0,1.341,0,0.0,559,fifth
Qs36aynkj9zzh305niymthttmQ,learn_relquest,1.0,"[1, 7]",1.0,0.732,1,0.0,560,fifth
Qs36aynkj9zzh305niymthttmQ,learn_relquest,0.0,"[1, 6]",2.0,1.473,1,1.0,561,fifth
Qs36aynkj9zzh305niymthttmQ,learn_relquest,0.0,"[4, 7]",3.0,1.376,1,1.0,562,fifth
Qs36aynkj9zzh305niymthttmQ,learn_relquest,1.0,"[6, 7]",4.0,1.138,0,1.0,563,fifth
Qs36aynkj9zzh305niymthttmQ,learn_relquest,1.0,"[7, 0]",5.0,0.984,0,1.0,564,fifth
Qs36aynkj9zzh305niymthttmQ,learn_relquest,0.0,"[0, 3]",6.0,0.855,1,1.0,565,fifth
Qs36aynkj9zzh305niymthttmQ,learn_relquest,1.0,"[2, 6]",7.0,0.852,0,1.0,566,fifth
Qs36aynkj9zzh305niymthttmQ,learn_relquest,0.0,"[5, 2]",8.0,0.719,0,0.0,567,fifth
Qs36aynkj9zzh305niymthttmQ,learn_relquest,1.0,"[6, 2]",9.0,0.66,0,1.0,568,fifth
Qs36aynkj9zzh305niymthttmQ,learn_relquest,0.0,"[2, 1]",10.0,0.704,1,1.0,569,fifth
Qs36aynkj9zzh305niymthttmQ,learn_relquest,0.0,"[2, 7]",11.0,0.901,0,0.0,570,fifth
Qs36aynkj9zzh305niymthttmQ,learn_relquest,0.0,"[0, 1]",12.0,0.642,0,0.0,571,fifth
Qs36aynkj9zzh305niymthttmQ,learn_relquest,0.0,"[5, 0]",13.0,1.204,0,0.0,572,fifth
Qs36aynkj9zzh305niymthttmQ,learn_relquest,0.0,"[0, 5]",14.0,1.075,0,0.0,573,fifth
Qs36aynkj9zzh305niymthttmQ,learn_relquest,1.0,"[3, 5]",15.0,0.745,0,1.0,574,fifth
Qs36aynkj9zzh305niymthttmQ,learn_relquest,1.0,"[5, 3]",16.0,0.525,0,1.0,575,fifth
Qs36aynkj9zzh305niymthttmQ,learn_relquest,1.0,"[1, 4]",17.0,1.171,0,1.0,576,fifth
Qs36aynkj9zzh305niymthttmQ,learn_relquest,1.0,"[7, 1]",18.0,1.591,1,0.0,577,fifth
Qs36aynkj9zzh305niymthttmQ,learn_relquest,0.0,"[7, 4]",19.0,0.546,0,0.0,578,fifth
Qs36aynkj9zzh305niymthttmQ,learn_relquest,0.0,"[2, 5]",20.0,1.154,0,0.0,579,fifth
Qs36aynkj9zzh305niymthttmQ,learn_relquest,0.0,"[2, 3]",21.0,0.938,1,1.0,580,fifth
Qs36aynkj9zzh305niymthttmQ,learn_relquest,1.0,"[6, 5]",22.0,0.578,0,1.0,581,fifth
Qs36aynkj9zzh305niymthttmQ,learn_relquest,1.0,"[0, 7]",23.0,1.07,0,1.0,582,fifth
Qs36aynkj9zzh305niymthttmQ,learn_relquest,0.0,"[0, 6]",24.0,1.608,0,0.0,583,fifth
Qs36aynkj9zzh305niymthttmQ,learn_relquest,1.0,"[5, 6]",25.0,0.744,0,1.0,584,fifth
Qs36aynkj9zzh305niymthttmQ,learn_relquest,1.0,"[4, 1]",26.0,0.848,0,1.0,585,fifth
Qs36aynkj9zzh305niymthttmQ,learn_relquest,1.0,"[7, 6]",27.0,1.084,0,1.0,586,fifth
Qmrb7a7nw7m6hx8bh8aj6idsuQ,learn_relquest,0.0,"[6, 1]",0.0,8.857,1,1.0,101,first
Qmrb7a7nw7m6hx8bh8aj6idsuQ,learn_relquest,1.0,"[7, 6]",1.0,4.19,1,0.0,102,first
Qmrb7a7nw7m6hx8bh8aj6idsuQ,learn_relquest,1.0,"[5, 3]",2.0,1.504,0,1.0,103,first
Qmrb7a7nw7m6hx8bh8aj6idsuQ,learn_relquest,0.0,"[4, 6]",3.0,2.175,0,0.0,104,first
Qmrb7a7nw7m6hx8bh8aj6idsuQ,learn_relquest,1.0,"[3, 5]",4.0,4.443,0,1.0,105,first
Qmrb7a7nw7m6hx8bh8aj6idsuQ,learn_relquest,1.0,"[1, 4]",5.0,2.362,1,0.0,106,first
Qmrb7a7nw7m6hx8bh8aj6idsuQ,learn_relquest,1.0,"[0, 7]",6.0,2.82,1,0.0,107,first
Qmrb7a7nw7m6hx8bh8aj6idsuQ,learn_relquest,1.0,"[6, 2]",7.0,1.661,0,1.0,108,first
Qmrb7a7nw7m6hx8bh8aj6idsuQ,learn_relquest,0.0,"[3, 1]",8.0,2.824,0,0.0,109,first
Qmrb7a7nw7m6hx8bh8aj6idsuQ,learn_relquest,0.0,"[2, 3]",9.0,4.189,0,0.0,110,first
Qmrb7a7nw7m6hx8bh8aj6idsuQ,learn_relquest,0.0,"[4, 2]",10.0,1.99,1,1.0,111,first
Qmrb7a7nw7m6hx8bh8aj6idsuQ,learn_relquest,1.0,"[7, 0]",11.0,1.749,1,0.0,112,first
Qmrb7a7nw7m6hx8bh8aj6idsuQ,learn_relquest,1.0,"[1, 7]",12.0,6.148,1,0.0,113,first
Qmrb7a7nw7m6hx8bh8aj6idsuQ,learn_relquest,0.0,"[3, 7]",13.0,1.167,1,1.0,114,first
Qmrb7a7nw7m6hx8bh8aj6idsuQ,learn_relquest,0.0,"[6, 3]",14.0,1.489,1,1.0,115,first
Qmrb7a7nw7m6hx8bh8aj6idsuQ,learn_relquest,0.0,"[0, 2]",15.0,2.908,1,1.0,116,first
Qmrb7a7nw7m6hx8bh8aj6idsuQ,learn_relquest,1.0,"[4, 1]",16.0,2.771,0,1.0,117,first
Qmrb7a7nw7m6hx8bh8aj6idsuQ,learn_relquest,1.0,"[7, 1]",17.0,1.232,0,1.0,118,first
Qmrb7a7nw7m6hx8bh8aj6idsuQ,learn_relquest,0.0,"[6, 4]",18.0,3.055,0,0.0,119,first
Qmrb7a7nw7m6hx8bh8aj6idsuQ,learn_relquest,1.0,"[5, 6]",19.0,0.749,0,1.0,120,first
Qmrb7a7nw7m6hx8bh8aj6idsuQ,learn_relquest,0.0,"[4, 7]",20.0,1.758,1,1.0,121,first
Qmrb7a7nw7m6hx8bh8aj6idsuQ,learn_relquest,0.0,"[5, 4]",21.0,1.567,1,1.0,122,first
Qmrb7a7nw7m6hx8bh8aj6idsuQ,learn_relquest,0.0,"[5, 2]",22.0,1.466,1,1.0,123,first
Qmrb7a7nw7m6hx8bh8aj6idsuQ,learn_relquest,1.0,"[6, 5]",23.0,1.15,0,1.0,124,first
Qmrb7a7nw7m6hx8bh8aj6idsuQ,learn_relquest,1.0,"[2, 6]",24.0,1.44,0,1.0,125,first
Qmrb7a7nw7m6hx8bh8aj6idsuQ,learn_relquest,0.0,"[2, 5]",25.0,1.64,1,1.0,126,first
Qmrb7a7nw7m6hx8bh8aj6idsuQ,learn_relquest,1.0,"[6, 7]",26.0,1.634,1,0.0,127,first
Qmrb7a7nw7m6hx8bh8aj6idsuQ,learn_relquest,0.0,"[5, 0]",27.0,1.056,1,1.0,128,first
Qmrb7a7nw7m6hx8bh8aj6idsuQ,learn_relquest,1.0,"[6, 2]",0.0,2.346,0,1.0,217,second
Qmrb7a7nw7m6hx8bh8aj6idsuQ,learn_relquest,1.0,"[7, 6]",1.0,6.849,0,1.0,218,second
Qmrb7a7nw7m6hx8bh8aj6idsuQ,learn_relquest,1.0,"[4, 1]",2.0,6.383,0,1.0,219,second
Qmrb7a7nw7m6hx8bh8aj6idsuQ,learn_relquest,0.0,"[2, 0]",3.0,5.094,1,1.0,220,second
Qmrb7a7nw7m6hx8bh8aj6idsuQ,learn_relquest,1.0,"[0, 7]",4.0,2.925,0,1.0,221,second
Qmrb7a7nw7m6hx8bh8aj6idsuQ,learn_relquest,1.0,"[5, 6]",5.0,1.099,0,1.0,222,second
Qmrb7a7nw7m6hx8bh8aj6idsuQ,learn_relquest,1.0,"[7, 0]",6.0,1.991,0,1.0,223,second
Qmrb7a7nw7m6hx8bh8aj6idsuQ,learn_relquest,1.0,"[5, 3]",7.0,1.049,0,1.0,224,second
Qmrb7a7nw7m6hx8bh8aj6idsuQ,learn_relquest,1.0,"[1, 7]",8.0,0.934,0,1.0,225,second
Qmrb7a7nw7m6hx8bh8aj6idsuQ,learn_relquest,0.0,"[2, 4]",9.0,2.545,1,1.0,226,second
Qmrb7a7nw7m6hx8bh8aj6idsuQ,learn_relquest,1.0,"[3, 5]",10.0,1.224,0,1.0,227,second
Qmrb7a7nw7m6hx8bh8aj6idsuQ,learn_relquest,1.0,"[2, 6]",11.0,0.946,0,1.0,228,second
Qmrb7a7nw7m6hx8bh8aj6idsuQ,learn_relquest,0.0,"[6, 0]",12.0,6.617,1,1.0,229,second
Qmrb7a7nw7m6hx8bh8aj6idsuQ,learn_relquest,0.0,"[3, 4]",13.0,8.268,1,1.0,230,second
Qmrb7a7nw7m6hx8bh8aj6idsuQ,learn_relquest,0.0,"[5, 7]",14.0,4.893,1,1.0,231,second
Qmrb7a7nw7m6hx8bh8aj6idsuQ,learn_relquest,1.0,"[1, 4]",15.0,2.746,0,1.0,232,second
Qmrb7a7nw7m6hx8bh8aj6idsuQ,learn_relquest,0.0,"[7, 4]",16.0,4.285,1,1.0,233,second
Qmrb7a7nw7m6hx8bh8aj6idsuQ,learn_relquest,1.0,"[6, 5]",17.0,0.768,0,1.0,234,second
Qmrb7a7nw7m6hx8bh8aj6idsuQ,learn_relquest,0.0,"[7, 5]",18.0,2.742,1,1.0,235,second
Qmrb7a7nw7m6hx8bh8aj6idsuQ,learn_relquest,0.0,"[3, 6]",19.0,4.571,1,1.0,236,second
Qmrb7a7nw7m6hx8bh8aj6idsuQ,learn_relquest,0.0,"[7, 2]",20.0,2.184,1,1.0,237,second
Qmrb7a7nw7m6hx8bh8aj6idsuQ,learn_relquest,0.0,"[2, 1]",21.0,4.598,1,1.0,238,second
Qmrb7a7nw7m6hx8bh8aj6idsuQ,learn_relquest,0.0,"[3, 2]",22.0,11.006,0,0.0,239,second
Qmrb7a7nw7m6hx8bh8aj6idsuQ,learn_relquest,1.0,"[6, 7]",23.0,3.243,1,0.0,240,second
Qmrb7a7nw7m6hx8bh8aj6idsuQ,learn_relquest,0.0,"[3, 7]",24.0,2.802,1,1.0,241,second
Qmrb7a7nw7m6hx8bh8aj6idsuQ,learn_relquest,0.0,"[2, 3]",25.0,0.975,0,0.0,242,second
Qmrb7a7nw7m6hx8bh8aj6idsuQ,learn_relquest,1.0,"[7, 1]",26.0,1.761,0,1.0,243,second
Qmrb7a7nw7m6hx8bh8aj6idsuQ,learn_relquest,0.0,"[5, 4]",27.0,2.281,1,1.0,244,second
Qmrb7a7nw7m6hx8bh8aj6idsuQ,learn_relquest,1.0,"[4, 1]",0.0,3.425,0,1.0,331,third
Qmrb7a7nw7m6hx8bh8aj6idsuQ,learn_relquest,1.0,"[0, 7]",1.0,1.985,0,1.0,332,third
Qmrb7a7nw7m6hx8bh8aj6idsuQ,learn_relquest,1.0,"[7, 6]",2.0,351.683,0,1.0,333,third
Qmrb7a7nw7m6hx8bh8aj6idsuQ,learn_relquest,1.0,"[5, 3]",3.0,1.109,0,1.0,334,third
Qmrb7a7nw7m6hx8bh8aj6idsuQ,learn_relquest,0.0,"[0, 5]",4.0,1.712,1,1.0,335,third
Qmrb7a7nw7m6hx8bh8aj6idsuQ,learn_relquest,1.0,"[2, 6]",5.0,5.642,0,1.0,336,third
Qmrb7a7nw7m6hx8bh8aj6idsuQ,learn_relquest,0.0,"[6, 3]",6.0,1.496,1,1.0,337,third
Qmrb7a7nw7m6hx8bh8aj6idsuQ,learn_relquest,1.0,"[6, 7]",7.0,1.479,1,0.0,338,third
Qmrb7a7nw7m6hx8bh8aj6idsuQ,learn_relquest,0.0,"[1, 3]",8.0,2.392,0,0.0,339,third
Qmrb7a7nw7m6hx8bh8aj6idsuQ,learn_relquest,1.0,"[7, 0]",9.0,1.649,1,0.0,340,third
Qmrb7a7nw7m6hx8bh8aj6idsuQ,learn_relquest,0.0,"[3, 4]",10.0,1.553,1,1.0,341,third
Qmrb7a7nw7m6hx8bh8aj6idsuQ,learn_relquest,0.0,"[5, 0]",11.0,1.737,1,1.0,342,third
Qmrb7a7nw7m6hx8bh8aj6idsuQ,learn_relquest,1.0,"[1, 4]",12.0,3.915,1,0.0,343,third
Qmrb7a7nw7m6hx8bh8aj6idsuQ,learn_relquest,0.0,"[7, 2]",13.0,1.311,1,1.0,344,third
Qmrb7a7nw7m6hx8bh8aj6idsuQ,learn_relquest,0.0,"[5, 2]",14.0,1.569,1,1.0,345,third
Qmrb7a7nw7m6hx8bh8aj6idsuQ,learn_relquest,1.0,"[7, 1]",15.0,2.136,0,1.0,346,third
Qmrb7a7nw7m6hx8bh8aj6idsuQ,learn_relquest,1.0,"[3, 5]",16.0,1.119,0,1.0,347,third
Qmrb7a7nw7m6hx8bh8aj6idsuQ,learn_relquest,0.0,"[1, 5]",17.0,1.2,1,1.0,348,third
Qmrb7a7nw7m6hx8bh8aj6idsuQ,learn_relquest,0.0,"[2, 4]",18.0,6.628,1,1.0,349,third
Qmrb7a7nw7m6hx8bh8aj6idsuQ,learn_relquest,0.0,"[3, 6]",19.0,1.416,1,1.0,350,third
Qmrb7a7nw7m6hx8bh8aj6idsuQ,learn_relquest,1.0,"[1, 7]",20.0,1.744,0,1.0,351,third
Qmrb7a7nw7m6hx8bh8aj6idsuQ,learn_relquest,0.0,"[3, 2]",21.0,1.367,0,0.0,352,third
Qmrb7a7nw7m6hx8bh8aj6idsuQ,learn_relquest,1.0,"[6, 5]",22.0,0.632,0,1.0,353,third
Qmrb7a7nw7m6hx8bh8aj6idsuQ,learn_relquest,0.0,"[2, 1]",23.0,5.226,1,1.0,354,third
Qmrb7a7nw7m6hx8bh8aj6idsuQ,learn_relquest,0.0,"[2, 3]",24.0,0.838,0,0.0,355,third
Qmrb7a7nw7m6hx8bh8aj6idsuQ,learn_relquest,0.0,"[6, 4]",25.0,7.751,0,0.0,356,third
Qmrb7a7nw7m6hx8bh8aj6idsuQ,learn_relquest,1.0,"[6, 2]",26.0,2.194,0,1.0,357,third
Qmrb7a7nw7m6hx8bh8aj6idsuQ,learn_relquest,1.0,"[5, 6]",27.0,0.799,0,1.0,358,third
Qmrb7a7nw7m6hx8bh8aj6idsuQ,learn_relquest,1.0,"[5, 6]",0.0,1.495,0,1.0,445,fourth
Qmrb7a7nw7m6hx8bh8aj6idsuQ,learn_relquest,0.0,"[2, 7]",1.0,1.706,1,1.0,446,fourth
Qmrb7a7nw7m6hx8bh8aj6idsuQ,learn_relquest,0.0,"[4, 6]",2.0,1.584,0,0.0,447,fourth
Qmrb7a7nw7m6hx8bh8aj6idsuQ,learn_relquest,0.0,"[7, 4]",3.0,1.848,1,1.0,448,fourth
Qmrb7a7nw7m6hx8bh8aj6idsuQ,learn_relquest,1.0,"[0, 7]",4.0,1.304,0,1.0,449,fourth
Qmrb7a7nw7m6hx8bh8aj6idsuQ,learn_relquest,1.0,"[7, 6]",5.0,1.698,0,1.0,450,fourth
Qmrb7a7nw7m6hx8bh8aj6idsuQ,learn_relquest,0.0,"[4, 3]",6.0,4.826,1,1.0,451,fourth
Qmrb7a7nw7m6hx8bh8aj6idsuQ,learn_relquest,1.0,"[2, 6]",7.0,1.263,0,1.0,452,fourth
Qmrb7a7nw7m6hx8bh8aj6idsuQ,learn_relquest,0.0,"[7, 3]",8.0,16.116,1,1.0,453,fourth
Qmrb7a7nw7m6hx8bh8aj6idsuQ,learn_relquest,1.0,"[6, 7]",9.0,7.771,0,1.0,454,fourth
Qmrb7a7nw7m6hx8bh8aj6idsuQ,learn_relquest,1.0,"[4, 1]",10.0,3.42,1,0.0,455,fourth
Qmrb7a7nw7m6hx8bh8aj6idsuQ,learn_relquest,0.0,"[6, 0]",11.0,4.097,1,1.0,456,fourth
Qmrb7a7nw7m6hx8bh8aj6idsuQ,learn_relquest,1.0,"[1, 4]",12.0,2.744,0,1.0,457,fourth
Qmrb7a7nw7m6hx8bh8aj6idsuQ,learn_relquest,0.0,"[5, 0]",13.0,1.49,1,1.0,458,fourth
Qmrb7a7nw7m6hx8bh8aj6idsuQ,learn_relquest,0.0,"[4, 0]",14.0,3.244,1,1.0,459,fourth
Qmrb7a7nw7m6hx8bh8aj6idsuQ,learn_relquest,1.0,"[7, 0]",15.0,2.129,0,1.0,460,fourth
Qmrb7a7nw7m6hx8bh8aj6idsuQ,learn_relquest,0.0,"[6, 4]",16.0,1.648,1,1.0,461,fourth
Qmrb7a7nw7m6hx8bh8aj6idsuQ,learn_relquest,1.0,"[6, 2]",17.0,0.992,0,1.0,462,fourth
Qmrb7a7nw7m6hx8bh8aj6idsuQ,learn_relquest,1.0,"[5, 3]",18.0,1.225,0,1.0,463,fourth
Qmrb7a7nw7m6hx8bh8aj6idsuQ,learn_relquest,1.0,"[3, 5]",19.0,0.99,0,1.0,464,fourth
Qmrb7a7nw7m6hx8bh8aj6idsuQ,learn_relquest,0.0,"[2, 5]",20.0,1.479,1,1.0,465,fourth
Qmrb7a7nw7m6hx8bh8aj6idsuQ,learn_relquest,0.0,"[3, 4]",21.0,4.311,0,0.0,466,fourth
Qmrb7a7nw7m6hx8bh8aj6idsuQ,learn_relquest,1.0,"[7, 1]",22.0,1.165,0,1.0,467,fourth
Qmrb7a7nw7m6hx8bh8aj6idsuQ,learn_relquest,0.0,"[0, 6]",23.0,1.482,1,1.0,468,fourth
Qmrb7a7nw7m6hx8bh8aj6idsuQ,learn_relquest,1.0,"[6, 5]",24.0,0.662,0,1.0,469,fourth
Qmrb7a7nw7m6hx8bh8aj6idsuQ,learn_relquest,1.0,"[1, 7]",25.0,0.955,0,1.0,470,fourth
Qmrb7a7nw7m6hx8bh8aj6idsuQ,learn_relquest,0.0,"[2, 0]",26.0,1.675,1,1.0,471,fourth
Qmrb7a7nw7m6hx8bh8aj6idsuQ,learn_relquest,0.0,"[1, 5]",27.0,1.472,1,1.0,472,fourth
Qmrb7a7nw7m6hx8bh8aj6idsuQ,learn_relquest,1.0,"[2, 6]",0.0,4.928,0,1.0,559,fifth
Qmrb7a7nw7m6hx8bh8aj6idsuQ,learn_relquest,0.0,"[6, 4]",1.0,19.893,1,1.0,560,fifth
Qmrb7a7nw7m6hx8bh8aj6idsuQ,learn_relquest,1.0,"[7, 6]",2.0,1.183,0,1.0,561,fifth
Qmrb7a7nw7m6hx8bh8aj6idsuQ,learn_relquest,1.0,"[4, 1]",3.0,1.736,0,1.0,562,fifth
Qmrb7a7nw7m6hx8bh8aj6idsuQ,learn_relquest,0.0,"[5, 7]",4.0,13.696,1,1.0,563,fifth
Qmrb7a7nw7m6hx8bh8aj6idsuQ,learn_relquest,0.0,"[5, 1]",5.0,29.563,1,1.0,564,fifth
Qmrb7a7nw7m6hx8bh8aj6idsuQ,learn_relquest,1.0,"[1, 4]",6.0,2.473,0,1.0,565,fifth
Qmrb7a7nw7m6hx8bh8aj6idsuQ,learn_relquest,0.0,"[5, 2]",7.0,1.673,1,1.0,566,fifth
Qmrb7a7nw7m6hx8bh8aj6idsuQ,learn_relquest,0.0,"[3, 6]",8.0,1.511,1,1.0,567,fifth
Qmrb7a7nw7m6hx8bh8aj6idsuQ,learn_relquest,1.0,"[6, 7]",9.0,1.183,0,1.0,568,fifth
Qmrb7a7nw7m6hx8bh8aj6idsuQ,learn_relquest,0.0,"[1, 6]",10.0,14.729,1,1.0,569,fifth
Qmrb7a7nw7m6hx8bh8aj6idsuQ,learn_relquest,0.0,"[6, 0]",11.0,5.399,1,1.0,570,fifth
Qmrb7a7nw7m6hx8bh8aj6idsuQ,learn_relquest,1.0,"[6, 2]",12.0,1.8,0,1.0,571,fifth
Qmrb7a7nw7m6hx8bh8aj6idsuQ,learn_relquest,1.0,"[6, 5]",13.0,1.272,0,1.0,572,fifth
Qmrb7a7nw7m6hx8bh8aj6idsuQ,learn_relquest,1.0,"[7, 1]",14.0,0.951,0,1.0,573,fifth
Qmrb7a7nw7m6hx8bh8aj6idsuQ,learn_relquest,1.0,"[5, 3]",15.0,0.8,0,1.0,574,fifth
Qmrb7a7nw7m6hx8bh8aj6idsuQ,learn_relquest,1.0,"[7, 0]",16.0,2.5,0,1.0,575,fifth
Qmrb7a7nw7m6hx8bh8aj6idsuQ,learn_relquest,1.0,"[3, 5]",17.0,1.288,0,1.0,576,fifth
Qmrb7a7nw7m6hx8bh8aj6idsuQ,learn_relquest,0.0,"[6, 3]",18.0,2.223,1,1.0,577,fifth
Qmrb7a7nw7m6hx8bh8aj6idsuQ,learn_relquest,0.0,"[1, 0]",19.0,1.526,1,1.0,578,fifth
Qmrb7a7nw7m6hx8bh8aj6idsuQ,learn_relquest,0.0,"[7, 5]",20.0,2.863,1,1.0,579,fifth
Qmrb7a7nw7m6hx8bh8aj6idsuQ,learn_relquest,0.0,"[0, 3]",21.0,1.842,1,1.0,580,fifth
Qmrb7a7nw7m6hx8bh8aj6idsuQ,learn_relquest,1.0,"[0, 7]",22.0,1.319,0,1.0,581,fifth
Qmrb7a7nw7m6hx8bh8aj6idsuQ,learn_relquest,1.0,"[5, 6]",23.0,0.782,0,1.0,582,fifth
Qmrb7a7nw7m6hx8bh8aj6idsuQ,learn_relquest,0.0,"[4, 6]",24.0,2.172,0,0.0,583,fifth
Qmrb7a7nw7m6hx8bh8aj6idsuQ,learn_relquest,1.0,"[1, 7]",25.0,3.356,0,1.0,584,fifth
Qmrb7a7nw7m6hx8bh8aj6idsuQ,learn_relquest,0.0,"[4, 0]",26.0,1.295,1,1.0,585,fifth
Qmrb7a7nw7m6hx8bh8aj6idsuQ,learn_relquest,0.0,"[2, 0]",27.0,1.339,1,1.0,586,fifth
Qbff7jywtziipj397w8uwqq0oQ,learn_relquest,0.0,"[6, 4]",0.0,2.436,0,0.0,101,first
Qbff7jywtziipj397w8uwqq0oQ,learn_relquest,1.0,"[5, 3]",1.0,0.963,0,1.0,102,first
Qbff7jywtziipj397w8uwqq0oQ,learn_relquest,0.0,"[0, 4]",2.0,1.499,1,1.0,103,first
Qbff7jywtziipj397w8uwqq0oQ,learn_relquest,0.0,"[5, 2]",3.0,1.485,1,1.0,104,first
Qbff7jywtziipj397w8uwqq0oQ,learn_relquest,1.0,"[6, 5]",4.0,1.277,1,0.0,105,first
Qbff7jywtziipj397w8uwqq0oQ,learn_relquest,1.0,"[7, 0]",5.0,1.055,0,1.0,106,first
Qbff7jywtziipj397w8uwqq0oQ,learn_relquest,1.0,"[2, 6]",6.0,1.523,0,1.0,107,first
Qbff7jywtziipj397w8uwqq0oQ,learn_relquest,0.0,"[2, 0]",7.0,3.635,1,1.0,108,first
Qbff7jywtziipj397w8uwqq0oQ,learn_relquest,0.0,"[3, 4]",8.0,1.432,1,1.0,109,first
Qbff7jywtziipj397w8uwqq0oQ,learn_relquest,0.0,"[1, 6]",9.0,1.654,1,1.0,110,first
Qbff7jywtziipj397w8uwqq0oQ,learn_relquest,1.0,"[5, 6]",10.0,1.008,1,0.0,111,first
Qbff7jywtziipj397w8uwqq0oQ,learn_relquest,1.0,"[6, 2]",11.0,1.345,0,1.0,112,first
Qbff7jywtziipj397w8uwqq0oQ,learn_relquest,0.0,"[3, 1]",12.0,1.131,0,0.0,113,first
Qbff7jywtziipj397w8uwqq0oQ,learn_relquest,1.0,"[7, 1]",13.0,0.855,0,1.0,114,first
Qbff7jywtziipj397w8uwqq0oQ,learn_relquest,1.0,"[0, 7]",14.0,0.847,0,1.0,115,first
Qbff7jywtziipj397w8uwqq0oQ,learn_relquest,0.0,"[3, 7]",15.0,2.069,1,1.0,116,first
Qbff7jywtziipj397w8uwqq0oQ,learn_relquest,1.0,"[7, 6]",16.0,2.207,1,0.0,117,first
Qbff7jywtziipj397w8uwqq0oQ,learn_relquest,0.0,"[0, 3]",17.0,1.016,0,0.0,118,first
Qbff7jywtziipj397w8uwqq0oQ,learn_relquest,0.0,"[3, 0]",18.0,1.223,0,0.0,119,first
Qbff7jywtziipj397w8uwqq0oQ,learn_relquest,1.0,"[1, 7]",19.0,1.011,0,1.0,120,first
Qbff7jywtziipj397w8uwqq0oQ,learn_relquest,1.0,"[4, 1]",20.0,1.102,0,1.0,121,first
Qbff7jywtziipj397w8uwqq0oQ,learn_relquest,0.0,"[5, 7]",21.0,1.37,0,0.0,122,first
Qbff7jywtziipj397w8uwqq0oQ,learn_relquest,0.0,"[7, 2]",22.0,1.67,1,1.0,123,first
Qbff7jywtziipj397w8uwqq0oQ,learn_relquest,1.0,"[3, 5]",23.0,1.247,0,1.0,124,first
Qbff7jywtziipj397w8uwqq0oQ,learn_relquest,0.0,"[7, 4]",24.0,1.086,1,1.0,125,first
Qbff7jywtziipj397w8uwqq0oQ,learn_relquest,0.0,"[4, 7]",25.0,0.948,1,1.0,126,first
Qbff7jywtziipj397w8uwqq0oQ,learn_relquest,1.0,"[1, 4]",26.0,1.599,0,1.0,127,first
Qbff7jywtziipj397w8uwqq0oQ,learn_relquest,1.0,"[6, 7]",27.0,1.185,1,0.0,128,first
Qbff7jywtziipj397w8uwqq0oQ,learn_relquest,1.0,"[6, 7]",0.0,3.795,0,1.0,217,second
Qbff7jywtziipj397w8uwqq0oQ,learn_relquest,0.0,"[4, 5]",1.0,1.9,1,1.0,218,second
Qbff7jywtziipj397w8uwqq0oQ,learn_relquest,1.0,"[3, 5]",2.0,1.347,0,1.0,219,second
Qbff7jywtziipj397w8uwqq0oQ,learn_relquest,0.0,"[5, 1]",3.0,1.378,1,1.0,220,second
Qbff7jywtziipj397w8uwqq0oQ,learn_relquest,0.0,"[1, 5]",4.0,0.887,1,1.0,221,second
Qbff7jywtziipj397w8uwqq0oQ,learn_relquest,0.0,"[0, 4]",5.0,1.292,0,0.0,222,second
Qbff7jywtziipj397w8uwqq0oQ,learn_relquest,0.0,"[3, 6]",6.0,0.963,0,0.0,223,second
Qbff7jywtziipj397w8uwqq0oQ,learn_relquest,1.0,"[4, 1]",7.0,1.508,0,1.0,224,second
Qbff7jywtziipj397w8uwqq0oQ,learn_relquest,1.0,"[0, 7]",8.0,0.864,0,1.0,225,second
Qbff7jywtziipj397w8uwqq0oQ,learn_relquest,1.0,"[6, 2]",9.0,0.939,0,1.0,226,second
Qbff7jywtziipj397w8uwqq0oQ,learn_relquest,0.0,"[1, 6]",10.0,1.299,1,1.0,227,second
Qbff7jywtziipj397w8uwqq0oQ,learn_relquest,1.0,"[7, 1]",11.0,1.285,0,1.0,228,second
Qbff7jywtziipj397w8uwqq0oQ,learn_relquest,0.0,"[2, 3]",12.0,0.939,0,0.0,229,second
Qbff7jywtziipj397w8uwqq0oQ,learn_relquest,1.0,"[1, 4]",13.0,1.447,0,1.0,230,second
Qbff7jywtziipj397w8uwqq0oQ,learn_relquest,1.0,"[2, 6]",14.0,0.972,0,1.0,231,second
Qbff7jywtziipj397w8uwqq0oQ,learn_relquest,0.0,"[3, 2]",15.0,1.5,1,1.0,232,second
Qbff7jywtziipj397w8uwqq0oQ,learn_relquest,1.0,"[5, 6]",16.0,1.922,0,1.0,233,second
Qbff7jywtziipj397w8uwqq0oQ,learn_relquest,0.0,"[7, 4]",17.0,1.553,0,0.0,234,second
Qbff7jywtziipj397w8uwqq0oQ,learn_relquest,0.0,"[0, 3]",18.0,0.825,0,0.0,235,second
Qbff7jywtziipj397w8uwqq0oQ,learn_relquest,1.0,"[5, 3]",19.0,0.842,0,1.0,236,second
Qbff7jywtziipj397w8uwqq0oQ,learn_relquest,0.0,"[4, 0]",20.0,1.007,1,1.0,237,second
Qbff7jywtziipj397w8uwqq0oQ,learn_relquest,1.0,"[7, 0]",21.0,0.825,0,1.0,238,second
Qbff7jywtziipj397w8uwqq0oQ,learn_relquest,0.0,"[1, 2]",22.0,1.445,0,0.0,239,second
Qbff7jywtziipj397w8uwqq0oQ,learn_relquest,0.0,"[0, 5]",23.0,0.948,0,0.0,240,second
Qbff7jywtziipj397w8uwqq0oQ,learn_relquest,1.0,"[6, 5]",24.0,1.247,0,1.0,241,second
Qbff7jywtziipj397w8uwqq0oQ,learn_relquest,1.0,"[1, 7]",25.0,3.016,0,1.0,242,second
Qbff7jywtziipj397w8uwqq0oQ,learn_relquest,0.0,"[6, 4]",26.0,1.502,0,0.0,243,second
Qbff7jywtziipj397w8uwqq0oQ,learn_relquest,1.0,"[7, 6]",27.0,0.937,0,1.0,244,second
Qbff7jywtziipj397w8uwqq0oQ,learn_relquest,1.0,"[6, 5]",0.0,1.767,0,1.0,331,third
Qbff7jywtziipj397w8uwqq0oQ,learn_relquest,0.0,"[6, 4]",1.0,1.228,0,0.0,332,third
Qbff7jywtziipj397w8uwqq0oQ,learn_relquest,0.0,"[2, 3]",2.0,1.263,1,1.0,333,third
Qbff7jywtziipj397w8uwqq0oQ,learn_relquest,1.0,"[0, 7]",3.0,1.177,0,1.0,334,third
Qbff7jywtziipj397w8uwqq0oQ,learn_relquest,0.0,"[0, 3]",4.0,1.123,0,0.0,335,third
Qbff7jywtziipj397w8uwqq0oQ,learn_relquest,1.0,"[7, 0]",5.0,0.74,0,1.0,336,third
Qbff7jywtziipj397w8uwqq0oQ,learn_relquest,0.0,"[2, 5]",6.0,1.529,1,1.0,337,third
Qbff7jywtziipj397w8uwqq0oQ,learn_relquest,0.0,"[5, 0]",7.0,1.308,0,0.0,338,third
Qbff7jywtziipj397w8uwqq0oQ,learn_relquest,1.0,"[7, 1]",8.0,1.148,0,1.0,339,third
Qbff7jywtziipj397w8uwqq0oQ,learn_relquest,1.0,"[2, 6]",9.0,0.94,0,1.0,340,third
Qbff7jywtziipj397w8uwqq0oQ,learn_relquest,1.0,"[4, 1]",10.0,1.386,0,1.0,341,third
Qbff7jywtziipj397w8uwqq0oQ,learn_relquest,0.0,"[6, 3]",11.0,0.879,0,0.0,342,third
Qbff7jywtziipj397w8uwqq0oQ,learn_relquest,1.0,"[5, 6]",12.0,0.879,0,1.0,343,third
Qbff7jywtziipj397w8uwqq0oQ,learn_relquest,1.0,"[3, 5]",13.0,0.819,0,1.0,344,third
Qbff7jywtziipj397w8uwqq0oQ,learn_relquest,1.0,"[6, 7]",14.0,1.696,1,0.0,345,third
Qbff7jywtziipj397w8uwqq0oQ,learn_relquest,0.0,"[4, 6]",15.0,1.322,1,1.0,346,third
Qbff7jywtziipj397w8uwqq0oQ,learn_relquest,1.0,"[6, 2]",16.0,1.056,0,1.0,347,third
Qbff7jywtziipj397w8uwqq0oQ,learn_relquest,0.0,"[1, 2]",17.0,1.478,1,1.0,348,third
Qbff7jywtziipj397w8uwqq0oQ,learn_relquest,0.0,"[0, 2]",18.0,1.708,1,1.0,349,third
Qbff7jywtziipj397w8uwqq0oQ,learn_relquest,1.0,"[5, 3]",19.0,1.009,0,1.0,350,third
Qbff7jywtziipj397w8uwqq0oQ,learn_relquest,1.0,"[1, 4]",20.0,1.254,0,1.0,351,third
Qbff7jywtziipj397w8uwqq0oQ,learn_relquest,0.0,"[1, 6]",21.0,1.01,0,0.0,352,third
Qbff7jywtziipj397w8uwqq0oQ,learn_relquest,0.0,"[1, 0]",22.0,1.155,0,0.0,353,third
Qbff7jywtziipj397w8uwqq0oQ,learn_relquest,0.0,"[6, 0]",23.0,1.024,0,0.0,354,third
Qbff7jywtziipj397w8uwqq0oQ,learn_relquest,0.0,"[4, 5]",24.0,1.369,0,0.0,355,third
Qbff7jywtziipj397w8uwqq0oQ,learn_relquest,1.0,"[7, 6]",25.0,0.957,0,1.0,356,third
Qbff7jywtziipj397w8uwqq0oQ,learn_relquest,1.0,"[1, 7]",26.0,0.978,0,1.0,357,third
Qbff7jywtziipj397w8uwqq0oQ,learn_relquest,0.0,"[7, 5]",27.0,1.44,0,0.0,358,third
Qbff7jywtziipj397w8uwqq0oQ,learn_relquest,1.0,"[0, 7]",0.0,2.413,0,1.0,445,fourth
Qbff7jywtziipj397w8uwqq0oQ,learn_relquest,1.0,"[1, 4]",1.0,0.986,0,1.0,446,fourth
Qbff7jywtziipj397w8uwqq0oQ,learn_relquest,1.0,"[1, 7]",2.0,0.931,0,1.0,447,fourth
Qbff7jywtziipj397w8uwqq0oQ,learn_relquest,0.0,"[2, 1]",3.0,1.487,1,1.0,448,fourth
Qbff7jywtziipj397w8uwqq0oQ,learn_relquest,0.0,"[4, 7]",4.0,1.032,0,0.0,449,fourth
Qbff7jywtziipj397w8uwqq0oQ,learn_relquest,1.0,"[4, 1]",5.0,1.418,0,1.0,450,fourth
Qbff7jywtziipj397w8uwqq0oQ,learn_relquest,0.0,"[6, 4]",6.0,1.669,1,1.0,451,fourth
Qbff7jywtziipj397w8uwqq0oQ,learn_relquest,0.0,"[2, 4]",7.0,1.262,1,1.0,452,fourth
Qbff7jywtziipj397w8uwqq0oQ,learn_relquest,1.0,"[6, 5]",8.0,1.285,0,1.0,453,fourth
Qbff7jywtziipj397w8uwqq0oQ,learn_relquest,0.0,"[0, 6]",9.0,0.88,1,1.0,454,fourth
Qbff7jywtziipj397w8uwqq0oQ,learn_relquest,0.0,"[1, 6]",10.0,0.934,1,1.0,455,fourth
Qbff7jywtziipj397w8uwqq0oQ,learn_relquest,1.0,"[6, 2]",11.0,1.238,0,1.0,456,fourth
Qbff7jywtziipj397w8uwqq0oQ,learn_relquest,0.0,"[3, 4]",12.0,1.494,1,1.0,457,fourth
Qbff7jywtziipj397w8uwqq0oQ,learn_relquest,1.0,"[5, 6]",13.0,1.716,1,0.0,458,fourth
Qbff7jywtziipj397w8uwqq0oQ,learn_relquest,1.0,"[2, 6]",14.0,1.094,1,0.0,459,fourth
Qbff7jywtziipj397w8uwqq0oQ,learn_relquest,1.0,"[7, 6]",15.0,1.071,1,0.0,460,fourth
Qbff7jywtziipj397w8uwqq0oQ,learn_relquest,0.0,"[4, 6]",16.0,1.14,0,0.0,461,fourth
Qbff7jywtziipj397w8uwqq0oQ,learn_relquest,0.0,"[1, 3]",17.0,1.831,1,1.0,462,fourth
Qbff7jywtziipj397w8uwqq0oQ,learn_relquest,0.0,"[2, 7]",18.0,1.302,1,1.0,463,fourth
Qbff7jywtziipj397w8uwqq0oQ,learn_relquest,1.0,"[6, 7]",19.0,1.7,0,1.0,464,fourth
Qbff7jywtziipj397w8uwqq0oQ,learn_relquest,1.0,"[3, 5]",20.0,0.972,0,1.0,465,fourth
Qbff7jywtziipj397w8uwqq0oQ,learn_relquest,0.0,"[6, 1]",21.0,1.147,1,1.0,466,fourth
Qbff7jywtziipj397w8uwqq0oQ,learn_relquest,0.0,"[3, 2]",22.0,1.116,1,1.0,467,fourth
Qbff7jywtziipj397w8uwqq0oQ,learn_relquest,0.0,"[4, 2]",23.0,1.908,1,1.0,468,fourth
Qbff7jywtziipj397w8uwqq0oQ,learn_relquest,1.0,"[7, 0]",24.0,0.925,0,1.0,469,fourth
Qbff7jywtziipj397w8uwqq0oQ,learn_relquest,0.0,"[3, 0]",25.0,0.863,0,0.0,470,fourth
Qbff7jywtziipj397w8uwqq0oQ,learn_relquest,1.0,"[7, 1]",26.0,0.934,0,1.0,471,fourth
Qbff7jywtziipj397w8uwqq0oQ,learn_relquest,1.0,"[5, 3]",27.0,0.81,0,1.0,472,fourth
Qbff7jywtziipj397w8uwqq0oQ,learn_relquest,1.0,"[7, 0]",0.0,1.654,0,1.0,559,fifth
Qbff7jywtziipj397w8uwqq0oQ,learn_relquest,1.0,"[1, 7]",1.0,1.264,1,0.0,560,fifth
Qbff7jywtziipj397w8uwqq0oQ,learn_relquest,1.0,"[3, 5]",2.0,1.207,0,1.0,561,fifth
Qbff7jywtziipj397w8uwqq0oQ,learn_relquest,1.0,"[6, 7]",3.0,0.795,0,1.0,562,fifth
Qbff7jywtziipj397w8uwqq0oQ,learn_relquest,0.0,"[5, 1]",4.0,1.233,1,1.0,563,fifth
Qbff7jywtziipj397w8uwqq0oQ,learn_relquest,1.0,"[5, 3]",5.0,1.148,0,1.0,564,fifth
Qbff7jywtziipj397w8uwqq0oQ,learn_relquest,1.0,"[5, 6]",6.0,1.31,0,1.0,565,fifth
Qbff7jywtziipj397w8uwqq0oQ,learn_relquest,0.0,"[1, 6]",7.0,1.194,1,1.0,566,fifth
Qbff7jywtziipj397w8uwqq0oQ,learn_relquest,1.0,"[7, 1]",8.0,0.965,0,1.0,567,fifth
Qbff7jywtziipj397w8uwqq0oQ,learn_relquest,1.0,"[7, 6]",9.0,1.386,0,1.0,568,fifth
Qbff7jywtziipj397w8uwqq0oQ,learn_relquest,0.0,"[4, 7]",10.0,1.439,0,0.0,569,fifth
Qbff7jywtziipj397w8uwqq0oQ,learn_relquest,1.0,"[0, 7]",11.0,0.927,0,1.0,570,fifth
Qbff7jywtziipj397w8uwqq0oQ,learn_relquest,0.0,"[3, 2]",12.0,1.225,1,1.0,571,fifth
Qbff7jywtziipj397w8uwqq0oQ,learn_relquest,0.0,"[4, 5]",13.0,1.001,0,0.0,572,fifth
Qbff7jywtziipj397w8uwqq0oQ,learn_relquest,1.0,"[4, 1]",14.0,0.964,1,0.0,573,fifth
Qbff7jywtziipj397w8uwqq0oQ,learn_relquest,0.0,"[5, 7]",15.0,0.902,0,0.0,574,fifth
Qbff7jywtziipj397w8uwqq0oQ,learn_relquest,0.0,"[1, 5]",16.0,1.11,1,1.0,575,fifth
Qbff7jywtziipj397w8uwqq0oQ,learn_relquest,1.0,"[6, 2]",17.0,1.793,0,1.0,576,fifth
Qbff7jywtziipj397w8uwqq0oQ,learn_relquest,0.0,"[0, 6]",18.0,1.454,1,1.0,577,fifth
Qbff7jywtziipj397w8uwqq0oQ,learn_relquest,0.0,"[1, 2]",19.0,1.087,1,1.0,578,fifth
Qbff7jywtziipj397w8uwqq0oQ,learn_relquest,0.0,"[7, 2]",20.0,1.677,1,1.0,579,fifth
Qbff7jywtziipj397w8uwqq0oQ,learn_relquest,0.0,"[0, 3]",21.0,0.865,0,0.0,580,fifth
Qbff7jywtziipj397w8uwqq0oQ,learn_relquest,1.0,"[6, 5]",22.0,1.445,0,1.0,581,fifth
Qbff7jywtziipj397w8uwqq0oQ,learn_relquest,0.0,"[4, 2]",23.0,1.05,1,1.0,582,fifth
Qbff7jywtziipj397w8uwqq0oQ,learn_relquest,1.0,"[2, 6]",24.0,0.925,1,0.0,583,fifth
Qbff7jywtziipj397w8uwqq0oQ,learn_relquest,0.0,"[3, 0]",25.0,0.865,0,0.0,584,fifth
Qbff7jywtziipj397w8uwqq0oQ,learn_relquest,1.0,"[1, 4]",26.0,1.072,1,0.0,585,fifth
Qbff7jywtziipj397w8uwqq0oQ,learn_relquest,0.0,"[4, 0]",27.0,1.216,1,1.0,586,fifth
Q0h9kyyrr0jdz4c6q0ga8fbmvQ,learn_relquest,1.0,"[7, 0]",0.0,5.152,0,1.0,101,first
Q0h9kyyrr0jdz4c6q0ga8fbmvQ,learn_relquest,1.0,"[4, 1]",1.0,1.363,0,1.0,102,first
Q0h9kyyrr0jdz4c6q0ga8fbmvQ,learn_relquest,0.0,"[1, 2]",2.0,1.389,0,0.0,103,first
Q0h9kyyrr0jdz4c6q0ga8fbmvQ,learn_relquest,0.0,"[2, 4]",3.0,2.076,1,1.0,104,first
Q0h9kyyrr0jdz4c6q0ga8fbmvQ,learn_relquest,1.0,"[7, 6]",4.0,1.084,0,1.0,105,first
Q0h9kyyrr0jdz4c6q0ga8fbmvQ,learn_relquest,1.0,"[0, 7]",5.0,2.377,0,1.0,106,first
Q0h9kyyrr0jdz4c6q0ga8fbmvQ,learn_relquest,1.0,"[5, 3]",6.0,1.924,0,1.0,107,first
Q0h9kyyrr0jdz4c6q0ga8fbmvQ,learn_relquest,1.0,"[6, 7]",7.0,1.384,0,1.0,108,first
Q0h9kyyrr0jdz4c6q0ga8fbmvQ,learn_relquest,0.0,"[4, 7]",8.0,0.915,0,0.0,109,first
Q0h9kyyrr0jdz4c6q0ga8fbmvQ,learn_relquest,1.0,"[2, 6]",9.0,1.697,1,0.0,110,first
Q0h9kyyrr0jdz4c6q0ga8fbmvQ,learn_relquest,0.0,"[3, 4]",10.0,1.122,0,0.0,111,first
Q0h9kyyrr0jdz4c6q0ga8fbmvQ,learn_relquest,1.0,"[3, 5]",11.0,2.198,0,1.0,112,first
Q0h9kyyrr0jdz4c6q0ga8fbmvQ,learn_relquest,0.0,"[5, 7]",12.0,0.95,0,0.0,113,first
Q0h9kyyrr0jdz4c6q0ga8fbmvQ,learn_relquest,1.0,"[6, 5]",13.0,0.796,0,1.0,114,first
Q0h9kyyrr0jdz4c6q0ga8fbmvQ,learn_relquest,0.0,"[5, 2]",14.0,1.664,1,1.0,115,first
Q0h9kyyrr0jdz4c6q0ga8fbmvQ,learn_relquest,0.0,"[3, 0]",15.0,1.651,0,0.0,116,first
Q0h9kyyrr0jdz4c6q0ga8fbmvQ,learn_relquest,0.0,"[5, 4]",16.0,1.81,1,1.0,117,first
Q0h9kyyrr0jdz4c6q0ga8fbmvQ,learn_relquest,0.0,"[3, 2]",17.0,2.442,1,1.0,118,first
Q0h9kyyrr0jdz4c6q0ga8fbmvQ,learn_relquest,1.0,"[6, 2]",18.0,1.874,1,0.0,119,first
Q0h9kyyrr0jdz4c6q0ga8fbmvQ,learn_relquest,0.0,"[3, 1]",19.0,0.92,0,0.0,120,first
Q0h9kyyrr0jdz4c6q0ga8fbmvQ,learn_relquest,0.0,"[4, 6]",20.0,0.887,0,0.0,121,first
Q0h9kyyrr0jdz4c6q0ga8fbmvQ,learn_relquest,1.0,"[1, 4]",21.0,0.86,0,1.0,122,first
Q0h9kyyrr0jdz4c6q0ga8fbmvQ,learn_relquest,0.0,"[2, 1]",22.0,1.641,1,1.0,123,first
Q0h9kyyrr0jdz4c6q0ga8fbmvQ,learn_relquest,1.0,"[1, 7]",23.0,1.388,0,1.0,124,first
Q0h9kyyrr0jdz4c6q0ga8fbmvQ,learn_relquest,0.0,"[2, 5]",24.0,1.134,1,1.0,125,first
Q0h9kyyrr0jdz4c6q0ga8fbmvQ,learn_relquest,1.0,"[7, 1]",25.0,0.869,0,1.0,126,first
Q0h9kyyrr0jdz4c6q0ga8fbmvQ,learn_relquest,1.0,"[5, 6]",26.0,0.773,0,1.0,127,first
Q0h9kyyrr0jdz4c6q0ga8fbmvQ,learn_relquest,0.0,"[0, 3]",27.0,0.921,0,0.0,128,first
Q0h9kyyrr0jdz4c6q0ga8fbmvQ,learn_relquest,1.0,"[3, 5]",0.0,2.675,0,1.0,217,second
Q0h9kyyrr0jdz4c6q0ga8fbmvQ,learn_relquest,0.0,"[4, 2]",1.0,0.76,0,0.0,218,second
Q0h9kyyrr0jdz4c6q0ga8fbmvQ,learn_relquest,0.0,"[0, 3]",2.0,0.653,0,0.0,219,second
Q0h9kyyrr0jdz4c6q0ga8fbmvQ,learn_relquest,0.0,"[0, 1]",3.0,0.552,0,0.0,220,second
Q0h9kyyrr0jdz4c6q0ga8fbmvQ,learn_relquest,0.0,"[2, 5]",4.0,0.415,0,0.0,221,second
Q0h9kyyrr0jdz4c6q0ga8fbmvQ,learn_relquest,0.0,"[0, 5]",5.0,0.597,0,0.0,222,second
Q0h9kyyrr0jdz4c6q0ga8fbmvQ,learn_relquest,1.0,"[0, 7]",6.0,1.308,0,1.0,223,second
Q0h9kyyrr0jdz4c6q0ga8fbmvQ,learn_relquest,0.0,"[2, 1]",7.0,0.97,0,0.0,224,second
Q0h9kyyrr0jdz4c6q0ga8fbmvQ,learn_relquest,0.0,"[6, 0]",8.0,1.495,1,1.0,225,second
Q0h9kyyrr0jdz4c6q0ga8fbmvQ,learn_relquest,1.0,"[5, 3]",9.0,0.666,0,1.0,226,second
Q0h9kyyrr0jdz4c6q0ga8fbmvQ,learn_relquest,0.0,"[5, 2]",10.0,12.788,0,0.0,227,second
Q0h9kyyrr0jdz4c6q0ga8fbmvQ,learn_relquest,1.0,"[7, 6]",11.0,0.73,0,1.0,228,second
Q0h9kyyrr0jdz4c6q0ga8fbmvQ,learn_relquest,0.0,"[6, 3]",12.0,0.6,0,0.0,229,second
Q0h9kyyrr0jdz4c6q0ga8fbmvQ,learn_relquest,0.0,"[4, 7]",13.0,0.76,0,0.0,230,second
Q0h9kyyrr0jdz4c6q0ga8fbmvQ,learn_relquest,0.0,"[2, 3]",14.0,0.663,0,0.0,231,second
Q0h9kyyrr0jdz4c6q0ga8fbmvQ,learn_relquest,0.0,"[1, 6]",15.0,0.618,0,0.0,232,second
Q0h9kyyrr0jdz4c6q0ga8fbmvQ,learn_relquest,1.0,"[2, 6]",16.0,0.945,0,1.0,233,second
Q0h9kyyrr0jdz4c6q0ga8fbmvQ,learn_relquest,1.0,"[7, 1]",17.0,0.937,0,1.0,234,second
Q0h9kyyrr0jdz4c6q0ga8fbmvQ,learn_relquest,1.0,"[6, 2]",18.0,1.078,0,1.0,235,second
Q0h9kyyrr0jdz4c6q0ga8fbmvQ,learn_relquest,1.0,"[5, 6]",19.0,0.628,0,1.0,236,second
Q0h9kyyrr0jdz4c6q0ga8fbmvQ,learn_relquest,1.0,"[7, 0]",20.0,0.809,0,1.0,237,second
Q0h9kyyrr0jdz4c6q0ga8fbmvQ,learn_relquest,1.0,"[1, 4]",21.0,0.421,0,1.0,238,second
Q0h9kyyrr0jdz4c6q0ga8fbmvQ,learn_relquest,1.0,"[1, 7]",22.0,0.511,0,1.0,239,second
Q0h9kyyrr0jdz4c6q0ga8fbmvQ,learn_relquest,0.0,"[7, 4]",23.0,0.432,0,0.0,240,second
Q0h9kyyrr0jdz4c6q0ga8fbmvQ,learn_relquest,1.0,"[6, 5]",24.0,0.444,0,1.0,241,second
Q0h9kyyrr0jdz4c6q0ga8fbmvQ,learn_relquest,1.0,"[4, 1]",25.0,0.309,0,1.0,242,second
Q0h9kyyrr0jdz4c6q0ga8fbmvQ,learn_relquest,0.0,"[0, 2]",26.0,0.411,0,0.0,243,second
Q0h9kyyrr0jdz4c6q0ga8fbmvQ,learn_relquest,1.0,"[6, 7]",27.0,0.607,0,1.0,244,second
Q0h9kyyrr0jdz4c6q0ga8fbmvQ,learn_relquest,0.0,"[1, 5]",0.0,2.073,0,0.0,331,third
Q0h9kyyrr0jdz4c6q0ga8fbmvQ,learn_relquest,1.0,"[3, 5]",1.0,0.629,0,1.0,332,third
Q0h9kyyrr0jdz4c6q0ga8fbmvQ,learn_relquest,1.0,"[5, 6]",2.0,1.191,0,1.0,333,third
Q0h9kyyrr0jdz4c6q0ga8fbmvQ,learn_relquest,0.0,"[5, 2]",3.0,1.8,1,1.0,334,third
Q0h9kyyrr0jdz4c6q0ga8fbmvQ,learn_relquest,1.0,"[7, 1]",4.0,1.16,0,1.0,335,third
Q0h9kyyrr0jdz4c6q0ga8fbmvQ,learn_relquest,0.0,"[1, 0]",5.0,1.111,0,0.0,336,third
Q0h9kyyrr0jdz4c6q0ga8fbmvQ,learn_relquest,0.0,"[5, 0]",6.0,0.78,0,0.0,337,third
Q0h9kyyrr0jdz4c6q0ga8fbmvQ,learn_relquest,1.0,"[1, 4]",7.0,0.755,0,1.0,338,third
Q0h9kyyrr0jdz4c6q0ga8fbmvQ,learn_relquest,1.0,"[6, 7]",8.0,0.919,0,1.0,339,third
Q0h9kyyrr0jdz4c6q0ga8fbmvQ,learn_relquest,1.0,"[1, 7]",9.0,1.509,0,1.0,340,third
Q0h9kyyrr0jdz4c6q0ga8fbmvQ,learn_relquest,1.0,"[6, 2]",10.0,2.457,1,0.0,341,third
Q0h9kyyrr0jdz4c6q0ga8fbmvQ,learn_relquest,0.0,"[1, 3]",11.0,1.588,0,0.0,342,third
Q0h9kyyrr0jdz4c6q0ga8fbmvQ,learn_relquest,1.0,"[6, 5]",12.0,0.737,0,1.0,343,third
Q0h9kyyrr0jdz4c6q0ga8fbmvQ,learn_relquest,0.0,"[2, 1]",13.0,1.304,1,1.0,344,third
Q0h9kyyrr0jdz4c6q0ga8fbmvQ,learn_relquest,1.0,"[7, 0]",14.0,1.207,0,1.0,345,third
Q0h9kyyrr0jdz4c6q0ga8fbmvQ,learn_relquest,0.0,"[6, 0]",15.0,1.878,0,0.0,346,third
Q0h9kyyrr0jdz4c6q0ga8fbmvQ,learn_relquest,1.0,"[7, 6]",16.0,0.683,0,1.0,347,third
Q0h9kyyrr0jdz4c6q0ga8fbmvQ,learn_relquest,1.0,"[2, 6]",17.0,0.991,1,0.0,348,third
Q0h9kyyrr0jdz4c6q0ga8fbmvQ,learn_relquest,0.0,"[7, 3]",18.0,0.817,0,0.0,349,third
Q0h9kyyrr0jdz4c6q0ga8fbmvQ,learn_relquest,0.0,"[0, 6]",19.0,1.267,0,0.0,350,third
Q0h9kyyrr0jdz4c6q0ga8fbmvQ,learn_relquest,0.0,"[3, 0]",20.0,0.743,0,0.0,351,third
Q0h9kyyrr0jdz4c6q0ga8fbmvQ,learn_relquest,1.0,"[5, 3]",21.0,0.612,0,1.0,352,third
Q0h9kyyrr0jdz4c6q0ga8fbmvQ,learn_relquest,0.0,"[2, 7]",22.0,0.962,1,1.0,353,third
Q0h9kyyrr0jdz4c6q0ga8fbmvQ,learn_relquest,1.0,"[0, 7]",23.0,0.735,0,1.0,354,third
Q0h9kyyrr0jdz4c6q0ga8fbmvQ,learn_relquest,0.0,"[3, 2]",24.0,1.14,1,1.0,355,third
Q0h9kyyrr0jdz4c6q0ga8fbmvQ,learn_relquest,0.0,"[1, 6]",25.0,0.79,0,0.0,356,third
Q0h9kyyrr0jdz4c6q0ga8fbmvQ,learn_relquest,1.0,"[4, 1]",26.0,2.176,0,1.0,357,third
Q0h9kyyrr0jdz4c6q0ga8fbmvQ,learn_relquest,0.0,"[6, 1]",27.0,1.413,0,0.0,358,third
Q0h9kyyrr0jdz4c6q0ga8fbmvQ,learn_relquest,0.0,"[7, 5]",0.0,1.42,0,0.0,445,fourth
Q0h9kyyrr0jdz4c6q0ga8fbmvQ,learn_relquest,0.0,"[2, 0]",1.0,0.73,0,0.0,446,fourth
Q0h9kyyrr0jdz4c6q0ga8fbmvQ,learn_relquest,1.0,"[7, 6]",2.0,0.571,0,1.0,447,fourth
Q0h9kyyrr0jdz4c6q0ga8fbmvQ,learn_relquest,0.0,"[5, 2]",3.0,1.102,0,0.0,448,fourth
Q0h9kyyrr0jdz4c6q0ga8fbmvQ,learn_relquest,0.0,"[0, 1]",4.0,0.829,0,0.0,449,fourth
Q0h9kyyrr0jdz4c6q0ga8fbmvQ,learn_relquest,1.0,"[5, 3]",5.0,0.604,0,1.0,450,fourth
Q0h9kyyrr0jdz4c6q0ga8fbmvQ,learn_relquest,1.0,"[5, 6]",6.0,1.197,0,1.0,451,fourth
Q0h9kyyrr0jdz4c6q0ga8fbmvQ,learn_relquest,1.0,"[2, 6]",7.0,0.936,0,1.0,452,fourth
Q0h9kyyrr0jdz4c6q0ga8fbmvQ,learn_relquest,0.0,"[1, 0]",8.0,0.74,0,0.0,453,fourth
Q0h9kyyrr0jdz4c6q0ga8fbmvQ,learn_relquest,0.0,"[2, 1]",9.0,1.572,1,1.0,454,fourth
Q0h9kyyrr0jdz4c6q0ga8fbmvQ,learn_relquest,1.0,"[4, 1]",10.0,0.713,0,1.0,455,fourth
Q0h9kyyrr0jdz4c6q0ga8fbmvQ,learn_relquest,1.0,"[7, 0]",11.0,1.342,0,1.0,456,fourth
Q0h9kyyrr0jdz4c6q0ga8fbmvQ,learn_relquest,0.0,"[2, 4]",12.0,1.432,1,1.0,457,fourth
Q0h9kyyrr0jdz4c6q0ga8fbmvQ,learn_relquest,0.0,"[1, 3]",13.0,1.226,0,0.0,458,fourth
Q0h9kyyrr0jdz4c6q0ga8fbmvQ,learn_relquest,1.0,"[3, 5]",14.0,0.7,0,1.0,459,fourth
Q0h9kyyrr0jdz4c6q0ga8fbmvQ,learn_relquest,1.0,"[1, 7]",15.0,0.875,0,1.0,460,fourth
Q0h9kyyrr0jdz4c6q0ga8fbmvQ,learn_relquest,0.0,"[1, 2]",16.0,1.262,0,0.0,461,fourth
Q0h9kyyrr0jdz4c6q0ga8fbmvQ,learn_relquest,0.0,"[3, 1]",17.0,1.294,0,0.0,462,fourth
Q0h9kyyrr0jdz4c6q0ga8fbmvQ,learn_relquest,1.0,"[7, 1]",18.0,0.939,0,1.0,463,fourth
Q0h9kyyrr0jdz4c6q0ga8fbmvQ,learn_relquest,0.0,"[4, 7]",19.0,0.702,0,0.0,464,fourth
Q0h9kyyrr0jdz4c6q0ga8fbmvQ,learn_relquest,1.0,"[6, 7]",20.0,1.465,0,1.0,465,fourth
Q0h9kyyrr0jdz4c6q0ga8fbmvQ,learn_relquest,1.0,"[1, 4]",21.0,0.756,0,1.0,466,fourth
Q0h9kyyrr0jdz4c6q0ga8fbmvQ,learn_relquest,0.0,"[7, 3]",22.0,0.657,0,0.0,467,fourth
Q0h9kyyrr0jdz4c6q0ga8fbmvQ,learn_relquest,1.0,"[6, 2]",23.0,1.097,0,1.0,468,fourth
Q0h9kyyrr0jdz4c6q0ga8fbmvQ,learn_relquest,1.0,"[6, 5]",24.0,1.217,0,1.0,469,fourth
Q0h9kyyrr0jdz4c6q0ga8fbmvQ,learn_relquest,0.0,"[0, 4]",25.0,1.38,1,1.0,470,fourth
Q0h9kyyrr0jdz4c6q0ga8fbmvQ,learn_relquest,0.0,"[7, 2]",26.0,1.44,1,1.0,471,fourth
Q0h9kyyrr0jdz4c6q0ga8fbmvQ,learn_relquest,1.0,"[0, 7]",27.0,1.566,0,1.0,472,fourth
Q0h9kyyrr0jdz4c6q0ga8fbmvQ,learn_relquest,0.0,"[6, 4]",0.0,1.337,0,0.0,559,fifth
Q0h9kyyrr0jdz4c6q0ga8fbmvQ,learn_relquest,1.0,"[6, 7]",1.0,0.881,0,1.0,560,fifth
Q0h9kyyrr0jdz4c6q0ga8fbmvQ,learn_relquest,0.0,"[1, 2]",2.0,1.353,1,1.0,561,fifth
Q0h9kyyrr0jdz4c6q0ga8fbmvQ,learn_relquest,0.0,"[2, 1]",3.0,1.586,1,1.0,562,fifth
Q0h9kyyrr0jdz4c6q0ga8fbmvQ,learn_relquest,1.0,"[5, 3]",4.0,0.998,0,1.0,563,fifth
Q0h9kyyrr0jdz4c6q0ga8fbmvQ,learn_relquest,1.0,"[5, 6]",5.0,1.075,0,1.0,564,fifth
Q0h9kyyrr0jdz4c6q0ga8fbmvQ,learn_relquest,1.0,"[7, 0]",6.0,1.859,0,1.0,565,fifth
Q0h9kyyrr0jdz4c6q0ga8fbmvQ,learn_relquest,0.0,"[7, 2]",7.0,1.088,1,1.0,566,fifth
Q0h9kyyrr0jdz4c6q0ga8fbmvQ,learn_relquest,0.0,"[4, 0]",8.0,0.638,0,0.0,567,fifth
Q0h9kyyrr0jdz4c6q0ga8fbmvQ,learn_relquest,0.0,"[2, 3]",9.0,0.962,1,1.0,568,fifth
Q0h9kyyrr0jdz4c6q0ga8fbmvQ,learn_relquest,0.0,"[3, 1]",10.0,0.844,1,1.0,569,fifth
Q0h9kyyrr0jdz4c6q0ga8fbmvQ,learn_relquest,1.0,"[1, 7]",11.0,1.695,0,1.0,570,fifth
Q0h9kyyrr0jdz4c6q0ga8fbmvQ,learn_relquest,1.0,"[4, 1]",12.0,1.273,1,0.0,571,fifth
Q0h9kyyrr0jdz4c6q0ga8fbmvQ,learn_relquest,1.0,"[1, 4]",13.0,1.227,0,1.0,572,fifth
Q0h9kyyrr0jdz4c6q0ga8fbmvQ,learn_relquest,0.0,"[5, 1]",14.0,1.409,0,0.0,573,fifth
Q0h9kyyrr0jdz4c6q0ga8fbmvQ,learn_relquest,1.0,"[6, 5]",15.0,1.101,0,1.0,574,fifth
Q0h9kyyrr0jdz4c6q0ga8fbmvQ,learn_relquest,1.0,"[7, 1]",16.0,1.39,0,1.0,575,fifth
Q0h9kyyrr0jdz4c6q0ga8fbmvQ,learn_relquest,1.0,"[2, 6]",17.0,1.022,1,0.0,576,fifth
Q0h9kyyrr0jdz4c6q0ga8fbmvQ,learn_relquest,0.0,"[6, 0]",18.0,1.22,0,0.0,577,fifth
Q0h9kyyrr0jdz4c6q0ga8fbmvQ,learn_relquest,0.0,"[4, 3]",19.0,1.46,1,1.0,578,fifth
Q0h9kyyrr0jdz4c6q0ga8fbmvQ,learn_relquest,1.0,"[3, 5]",20.0,1.478,1,0.0,579,fifth
Q0h9kyyrr0jdz4c6q0ga8fbmvQ,learn_relquest,1.0,"[0, 7]",21.0,1.666,0,1.0,580,fifth
Q0h9kyyrr0jdz4c6q0ga8fbmvQ,learn_relquest,1.0,"[6, 2]",22.0,1.937,0,1.0,581,fifth
Q0h9kyyrr0jdz4c6q0ga8fbmvQ,learn_relquest,1.0,"[7, 6]",23.0,0.76,0,1.0,582,fifth
Q0h9kyyrr0jdz4c6q0ga8fbmvQ,learn_relquest,0.0,"[4, 7]",24.0,0.989,1,1.0,583,fifth
Q0h9kyyrr0jdz4c6q0ga8fbmvQ,learn_relquest,0.0,"[1, 0]",25.0,0.959,0,0.0,584,fifth
Q0h9kyyrr0jdz4c6q0ga8fbmvQ,learn_relquest,0.0,"[3, 2]",26.0,0.759,1,1.0,585,fifth
Q0h9kyyrr0jdz4c6q0ga8fbmvQ,learn_relquest,0.0,"[1, 3]",27.0,0.912,1,1.0,586,fifth
Qvj1wwoxblarbizgrnxnqwlx3Q,learn_relquest,0.0,"[0, 4]",0.0,3.321,0,0.0,101,first
Qvj1wwoxblarbizgrnxnqwlx3Q,learn_relquest,0.0,"[3, 7]",1.0,5.498,0,0.0,102,first
Qvj1wwoxblarbizgrnxnqwlx3Q,learn_relquest,1.0,"[5, 6]",2.0,3.755,0,1.0,103,first
Qvj1wwoxblarbizgrnxnqwlx3Q,learn_relquest,0.0,"[4, 6]",3.0,1.576,0,0.0,104,first
Qvj1wwoxblarbizgrnxnqwlx3Q,learn_relquest,0.0,"[2, 5]",4.0,1.728,0,0.0,105,first
Qvj1wwoxblarbizgrnxnqwlx3Q,learn_relquest,0.0,"[6, 0]",5.0,1.832,0,0.0,106,first
Qvj1wwoxblarbizgrnxnqwlx3Q,learn_relquest,0.0,"[3, 0]",6.0,1.32,0,0.0,107,first
Qvj1wwoxblarbizgrnxnqwlx3Q,learn_relquest,0.0,"[7, 4]",7.0,0.767,0,0.0,108,first
Qvj1wwoxblarbizgrnxnqwlx3Q,learn_relquest,1.0,"[0, 7]",8.0,2.08,0,1.0,109,first
Qvj1wwoxblarbizgrnxnqwlx3Q,learn_relquest,0.0,"[0, 5]",9.0,1.474,0,0.0,110,first
Qvj1wwoxblarbizgrnxnqwlx3Q,learn_relquest,1.0,"[1, 7]",10.0,2.145,0,1.0,111,first
Qvj1wwoxblarbizgrnxnqwlx3Q,learn_relquest,0.0,"[3, 2]",11.0,0.51,0,0.0,112,first
Qvj1wwoxblarbizgrnxnqwlx3Q,learn_relquest,1.0,"[7, 1]",12.0,0.632,0,1.0,113,first
Qvj1wwoxblarbizgrnxnqwlx3Q,learn_relquest,1.0,"[3, 5]",13.0,0.902,0,1.0,114,first
Qvj1wwoxblarbizgrnxnqwlx3Q,learn_relquest,1.0,"[2, 6]",14.0,0.704,0,1.0,115,first
Qvj1wwoxblarbizgrnxnqwlx3Q,learn_relquest,1.0,"[7, 6]",15.0,0.71,0,1.0,116,first
Qvj1wwoxblarbizgrnxnqwlx3Q,learn_relquest,1.0,"[7, 0]",16.0,0.552,0,1.0,117,first
Qvj1wwoxblarbizgrnxnqwlx3Q,learn_relquest,0.0,"[4, 2]",17.0,0.51,0,0.0,118,first
Qvj1wwoxblarbizgrnxnqwlx3Q,learn_relquest,1.0,"[4, 1]",18.0,0.648,0,1.0,119,first
Qvj1wwoxblarbizgrnxnqwlx3Q,learn_relquest,0.0,"[7, 5]",19.0,0.774,0,0.0,120,first
Qvj1wwoxblarbizgrnxnqwlx3Q,learn_relquest,0.0,"[1, 6]",20.0,0.552,0,0.0,121,first
Qvj1wwoxblarbizgrnxnqwlx3Q,learn_relquest,1.0,"[1, 4]",21.0,0.51,0,1.0,122,first
Qvj1wwoxblarbizgrnxnqwlx3Q,learn_relquest,1.0,"[6, 7]",22.0,0.558,0,1.0,123,first
Qvj1wwoxblarbizgrnxnqwlx3Q,learn_relquest,0.0,"[0, 1]",23.0,0.624,0,0.0,124,first
Qvj1wwoxblarbizgrnxnqwlx3Q,learn_relquest,1.0,"[6, 5]",24.0,0.414,0,1.0,125,first
Qvj1wwoxblarbizgrnxnqwlx3Q,learn_relquest,1.0,"[6, 2]",25.0,0.39,0,1.0,126,first
Qvj1wwoxblarbizgrnxnqwlx3Q,learn_relquest,1.0,"[5, 3]",26.0,0.35,0,1.0,127,first
Qvj1wwoxblarbizgrnxnqwlx3Q,learn_relquest,0.0,"[7, 3]",27.0,0.424,0,0.0,128,first
Qvj1wwoxblarbizgrnxnqwlx3Q,learn_relquest,0.0,"[1, 5]",0.0,4.992,0,0.0,217,second
Qvj1wwoxblarbizgrnxnqwlx3Q,learn_relquest,1.0,"[6, 5]",1.0,17.875,1,0.0,218,second
Qvj1wwoxblarbizgrnxnqwlx3Q,learn_relquest,1.0,"[1, 7]",2.0,7.05,0,1.0,219,second
Qvj1wwoxblarbizgrnxnqwlx3Q,learn_relquest,0.0,"[6, 0]",3.0,1.624,0,0.0,220,second
Qvj1wwoxblarbizgrnxnqwlx3Q,learn_relquest,0.0,"[7, 3]",4.0,14.734,1,1.0,221,second
Qvj1wwoxblarbizgrnxnqwlx3Q,learn_relquest,1.0,"[6, 2]",5.0,6.62,0,1.0,222,second
Qvj1wwoxblarbizgrnxnqwlx3Q,learn_relquest,0.0,"[4, 0]",6.0,7.093,1,1.0,223,second
Qvj1wwoxblarbizgrnxnqwlx3Q,learn_relquest,1.0,"[5, 6]",7.0,5.326,0,1.0,224,second
Qvj1wwoxblarbizgrnxnqwlx3Q,learn_relquest,1.0,"[7, 0]",8.0,7.723,0,1.0,225,second
Qvj1wwoxblarbizgrnxnqwlx3Q,learn_relquest,1.0,"[7, 6]",9.0,6.108,0,1.0,226,second
Qvj1wwoxblarbizgrnxnqwlx3Q,learn_relquest,0.0,"[4, 3]",10.0,4.454,1,1.0,227,second
Qvj1wwoxblarbizgrnxnqwlx3Q,learn_relquest,0.0,"[1, 3]",11.0,7.188,1,1.0,228,second
Qvj1wwoxblarbizgrnxnqwlx3Q,learn_relquest,0.0,"[0, 2]",12.0,7.878,1,1.0,229,second
Qvj1wwoxblarbizgrnxnqwlx3Q,learn_relquest,1.0,"[4, 1]",13.0,6.553,0,1.0,230,second
Qvj1wwoxblarbizgrnxnqwlx3Q,learn_relquest,1.0,"[6, 7]",14.0,6.754,0,1.0,231,second
Qvj1wwoxblarbizgrnxnqwlx3Q,learn_relquest,1.0,"[0, 7]",15.0,4.18,0,1.0,232,second
Qvj1wwoxblarbizgrnxnqwlx3Q,learn_relquest,0.0,"[5, 7]",16.0,10.198,0,0.0,233,second
Qvj1wwoxblarbizgrnxnqwlx3Q,learn_relquest,1.0,"[1, 4]",17.0,3.793,0,1.0,234,second
Qvj1wwoxblarbizgrnxnqwlx3Q,learn_relquest,0.0,"[6, 3]",18.0,0.768,0,0.0,235,second
Qvj1wwoxblarbizgrnxnqwlx3Q,learn_relquest,0.0,"[2, 1]",19.0,0.454,0,0.0,236,second
Qvj1wwoxblarbizgrnxnqwlx3Q,learn_relquest,1.0,"[3, 5]",20.0,0.237,0,1.0,237,second
Qvj1wwoxblarbizgrnxnqwlx3Q,learn_relquest,1.0,"[2, 6]",21.0,0.19,0,1.0,238,second
Qvj1wwoxblarbizgrnxnqwlx3Q,learn_relquest,1.0,"[7, 1]",22.0,0.165,0,1.0,239,second
Qvj1wwoxblarbizgrnxnqwlx3Q,learn_relquest,0.0,"[0, 6]",23.0,0.184,0,0.0,240,second
Qvj1wwoxblarbizgrnxnqwlx3Q,learn_relquest,0.0,"[0, 4]",24.0,0.254,0,0.0,241,second
Qvj1wwoxblarbizgrnxnqwlx3Q,learn_relquest,0.0,"[2, 5]",25.0,0.374,0,0.0,242,second
Qvj1wwoxblarbizgrnxnqwlx3Q,learn_relquest,0.0,"[3, 6]",26.0,0.342,0,0.0,243,second
Qvj1wwoxblarbizgrnxnqwlx3Q,learn_relquest,1.0,"[5, 3]",27.0,2.705,0,1.0,244,second
Qvj1wwoxblarbizgrnxnqwlx3Q,learn_relquest,0.0,"[7, 5]",0.0,15.444,1,1.0,331,third
Qvj1wwoxblarbizgrnxnqwlx3Q,learn_relquest,1.0,"[1, 4]",1.0,4.792,0,1.0,332,third
Qvj1wwoxblarbizgrnxnqwlx3Q,learn_relquest,1.0,"[5, 3]",2.0,12.197,0,1.0,333,third
Qvj1wwoxblarbizgrnxnqwlx3Q,learn_relquest,0.0,"[1, 2]",3.0,11.972,0,0.0,334,third
Qvj1wwoxblarbizgrnxnqwlx3Q,learn_relquest,0.0,"[2, 0]",4.0,5.472,1,1.0,335,third
Qvj1wwoxblarbizgrnxnqwlx3Q,learn_relquest,0.0,"[5, 7]",5.0,10.476,0,0.0,336,third
Qvj1wwoxblarbizgrnxnqwlx3Q,learn_relquest,0.0,"[4, 7]",6.0,5.391,1,1.0,337,third
Qvj1wwoxblarbizgrnxnqwlx3Q,learn_relquest,0.0,"[5, 4]",7.0,8.765,0,0.0,338,third
Qvj1wwoxblarbizgrnxnqwlx3Q,learn_relquest,0.0,"[1, 5]",8.0,12.726,1,1.0,339,third
Qvj1wwoxblarbizgrnxnqwlx3Q,learn_relquest,1.0,"[1, 7]",9.0,13.518,0,1.0,340,third
Qvj1wwoxblarbizgrnxnqwlx3Q,learn_relquest,0.0,"[3, 1]",10.0,5.941,1,1.0,341,third
Qvj1wwoxblarbizgrnxnqwlx3Q,learn_relquest,1.0,"[7, 6]",11.0,5.88,0,1.0,342,third
Qvj1wwoxblarbizgrnxnqwlx3Q,learn_relquest,0.0,"[0, 1]",12.0,5.014,1,1.0,343,third
Qvj1wwoxblarbizgrnxnqwlx3Q,learn_relquest,1.0,"[7, 0]",13.0,5.126,0,1.0,344,third
Qvj1wwoxblarbizgrnxnqwlx3Q,learn_relquest,1.0,"[6, 5]",14.0,4.436,0,1.0,345,third
Qvj1wwoxblarbizgrnxnqwlx3Q,learn_relquest,0.0,"[2, 5]",15.0,4.526,0,0.0,346,third
Qvj1wwoxblarbizgrnxnqwlx3Q,learn_relquest,0.0,"[3, 4]",16.0,0.88,0,0.0,347,third
Qvj1wwoxblarbizgrnxnqwlx3Q,learn_relquest,1.0,"[6, 7]",17.0,0.19,0,1.0,348,third
Qvj1wwoxblarbizgrnxnqwlx3Q,learn_relquest,0.0,"[6, 3]",18.0,0.198,0,0.0,349,third
Qvj1wwoxblarbizgrnxnqwlx3Q,learn_relquest,1.0,"[3, 5]",19.0,0.158,0,1.0,350,third
Qvj1wwoxblarbizgrnxnqwlx3Q,learn_relquest,0.0,"[6, 1]",20.0,0.19,0,0.0,351,third
Qvj1wwoxblarbizgrnxnqwlx3Q,learn_relquest,1.0,"[4, 1]",21.0,0.175,0,1.0,352,third
Qvj1wwoxblarbizgrnxnqwlx3Q,learn_relquest,0.0,"[7, 3]",22.0,0.198,0,0.0,353,third
Qvj1wwoxblarbizgrnxnqwlx3Q,learn_relquest,1.0,"[6, 2]",23.0,0.206,0,1.0,354,third
Qvj1wwoxblarbizgrnxnqwlx3Q,learn_relquest,1.0,"[2, 6]",24.0,0.189,0,1.0,355,third
Qvj1wwoxblarbizgrnxnqwlx3Q,learn_relquest,1.0,"[5, 6]",25.0,0.832,1,0.0,356,third
Qvj1wwoxblarbizgrnxnqwlx3Q,learn_relquest,1.0,"[0, 7]",26.0,0.614,0,1.0,357,third
Qvj1wwoxblarbizgrnxnqwlx3Q,learn_relquest,1.0,"[7, 1]",27.0,0.198,0,1.0,358,third
Qvj1wwoxblarbizgrnxnqwlx3Q,learn_relquest,1.0,"[1, 4]",0.0,10.305,0,1.0,445,fourth
Qvj1wwoxblarbizgrnxnqwlx3Q,learn_relquest,1.0,"[6, 2]",1.0,2.129,0,1.0,446,fourth
Qvj1wwoxblarbizgrnxnqwlx3Q,learn_relquest,1.0,"[2, 6]",2.0,4.198,0,1.0,447,fourth
Qvj1wwoxblarbizgrnxnqwlx3Q,learn_relquest,0.0,"[1, 3]",3.0,4.124,1,1.0,448,fourth
Qvj1wwoxblarbizgrnxnqwlx3Q,learn_relquest,0.0,"[2, 4]",4.0,2.359,0,0.0,449,fourth
Qvj1wwoxblarbizgrnxnqwlx3Q,learn_relquest,1.0,"[5, 6]",5.0,1.874,0,1.0,450,fourth
Qvj1wwoxblarbizgrnxnqwlx3Q,learn_relquest,0.0,"[2, 5]",6.0,6.891,0,0.0,451,fourth
Qvj1wwoxblarbizgrnxnqwlx3Q,learn_relquest,0.0,"[5, 4]",7.0,6.399,0,0.0,452,fourth
Qvj1wwoxblarbizgrnxnqwlx3Q,learn_relquest,1.0,"[3, 5]",8.0,3.116,0,1.0,453,fourth
Qvj1wwoxblarbizgrnxnqwlx3Q,learn_relquest,0.0,"[5, 2]",9.0,4.454,0,0.0,454,fourth
Qvj1wwoxblarbizgrnxnqwlx3Q,learn_relquest,1.0,"[0, 7]",10.0,1.296,0,1.0,455,fourth
Qvj1wwoxblarbizgrnxnqwlx3Q,learn_relquest,1.0,"[6, 7]",11.0,0.189,0,1.0,456,fourth
Qvj1wwoxblarbizgrnxnqwlx3Q,learn_relquest,1.0,"[1, 7]",12.0,0.166,0,1.0,457,fourth
Qvj1wwoxblarbizgrnxnqwlx3Q,learn_relquest,0.0,"[5, 0]",13.0,0.157,0,0.0,458,fourth
Qvj1wwoxblarbizgrnxnqwlx3Q,learn_relquest,0.0,"[2, 0]",14.0,0.158,0,0.0,459,fourth
Qvj1wwoxblarbizgrnxnqwlx3Q,learn_relquest,1.0,"[7, 0]",15.0,0.158,0,1.0,460,fourth
Qvj1wwoxblarbizgrnxnqwlx3Q,learn_relquest,1.0,"[4, 1]",16.0,0.166,0,1.0,461,fourth
Qvj1wwoxblarbizgrnxnqwlx3Q,learn_relquest,0.0,"[4, 5]",17.0,0.168,0,0.0,462,fourth
Qvj1wwoxblarbizgrnxnqwlx3Q,learn_relquest,0.0,"[5, 7]",18.0,0.174,0,0.0,463,fourth
Qvj1wwoxblarbizgrnxnqwlx3Q,learn_relquest,0.0,"[6, 0]",19.0,0.166,0,0.0,464,fourth
Qvj1wwoxblarbizgrnxnqwlx3Q,learn_relquest,0.0,"[0, 4]",20.0,0.166,0,0.0,465,fourth
Qvj1wwoxblarbizgrnxnqwlx3Q,learn_relquest,0.0,"[0, 1]",21.0,0.15,0,0.0,466,fourth
Qvj1wwoxblarbizgrnxnqwlx3Q,learn_relquest,1.0,"[7, 1]",22.0,0.15,0,1.0,467,fourth
Qvj1wwoxblarbizgrnxnqwlx3Q,learn_relquest,1.0,"[6, 5]",23.0,0.166,0,1.0,468,fourth
Qvj1wwoxblarbizgrnxnqwlx3Q,learn_relquest,1.0,"[5, 3]",24.0,0.56,0,1.0,469,fourth
Qvj1wwoxblarbizgrnxnqwlx3Q,learn_relquest,0.0,"[4, 0]",25.0,0.262,0,0.0,470,fourth
Qvj1wwoxblarbizgrnxnqwlx3Q,learn_relquest,0.0,"[0, 3]",26.0,0.75,0,0.0,471,fourth
Qvj1wwoxblarbizgrnxnqwlx3Q,learn_relquest,1.0,"[7, 6]",27.0,0.783,0,1.0,472,fourth
Qvj1wwoxblarbizgrnxnqwlx3Q,learn_relquest,0.0,"[4, 5]",0.0,2.17,0,0.0,559,fifth
Qvj1wwoxblarbizgrnxnqwlx3Q,learn_relquest,1.0,"[5, 3]",1.0,0.293,0,1.0,560,fifth
Qvj1wwoxblarbizgrnxnqwlx3Q,learn_relquest,0.0,"[0, 5]",2.0,0.174,0,0.0,561,fifth
Qvj1wwoxblarbizgrnxnqwlx3Q,learn_relquest,1.0,"[0, 7]",3.0,0.494,1,0.0,562,fifth
Qvj1wwoxblarbizgrnxnqwlx3Q,learn_relquest,0.0,"[5, 2]",4.0,0.439,0,0.0,563,fifth
Qvj1wwoxblarbizgrnxnqwlx3Q,learn_relquest,1.0,"[4, 1]",5.0,3.025,0,1.0,564,fifth
Qvj1wwoxblarbizgrnxnqwlx3Q,learn_relquest,1.0,"[6, 7]",6.0,1.232,0,1.0,565,fifth
Qvj1wwoxblarbizgrnxnqwlx3Q,learn_relquest,1.0,"[6, 2]",7.0,1.938,0,1.0,566,fifth
Qvj1wwoxblarbizgrnxnqwlx3Q,learn_relquest,0.0,"[7, 5]",8.0,2.29,1,1.0,567,fifth
Qvj1wwoxblarbizgrnxnqwlx3Q,learn_relquest,0.0,"[0, 3]",9.0,2.914,1,1.0,568,fifth
Qvj1wwoxblarbizgrnxnqwlx3Q,learn_relquest,0.0,"[2, 0]",10.0,2.97,0,0.0,569,fifth
Qvj1wwoxblarbizgrnxnqwlx3Q,learn_relquest,1.0,"[7, 6]",11.0,1.84,0,1.0,570,fifth
Qvj1wwoxblarbizgrnxnqwlx3Q,learn_relquest,0.0,"[2, 5]",12.0,2.043,0,0.0,571,fifth
Qvj1wwoxblarbizgrnxnqwlx3Q,learn_relquest,0.0,"[1, 6]",13.0,2.77,1,1.0,572,fifth
Qvj1wwoxblarbizgrnxnqwlx3Q,learn_relquest,1.0,"[1, 4]",14.0,2.159,0,1.0,573,fifth
Qvj1wwoxblarbizgrnxnqwlx3Q,learn_relquest,0.0,"[5, 1]",15.0,3.092,0,0.0,574,fifth
Qvj1wwoxblarbizgrnxnqwlx3Q,learn_relquest,0.0,"[0, 6]",16.0,2.924,1,1.0,575,fifth
Qvj1wwoxblarbizgrnxnqwlx3Q,learn_relquest,0.0,"[3, 4]",17.0,4.678,0,0.0,576,fifth
Qvj1wwoxblarbizgrnxnqwlx3Q,learn_relquest,1.0,"[3, 5]",18.0,0.992,0,1.0,577,fifth
Qvj1wwoxblarbizgrnxnqwlx3Q,learn_relquest,1.0,"[1, 7]",19.0,2.538,0,1.0,578,fifth
Qvj1wwoxblarbizgrnxnqwlx3Q,learn_relquest,1.0,"[2, 6]",20.0,2.58,0,1.0,579,fifth
Qvj1wwoxblarbizgrnxnqwlx3Q,learn_relquest,1.0,"[5, 6]",21.0,0.894,0,1.0,580,fifth
Qvj1wwoxblarbizgrnxnqwlx3Q,learn_relquest,0.0,"[1, 3]",22.0,2.138,0,0.0,581,fifth
Qvj1wwoxblarbizgrnxnqwlx3Q,learn_relquest,0.0,"[5, 7]",23.0,1.157,0,0.0,582,fifth
Qvj1wwoxblarbizgrnxnqwlx3Q,learn_relquest,0.0,"[6, 1]",24.0,2.066,0,0.0,583,fifth
Qvj1wwoxblarbizgrnxnqwlx3Q,learn_relquest,1.0,"[7, 0]",25.0,0.526,0,1.0,584,fifth
Qvj1wwoxblarbizgrnxnqwlx3Q,learn_relquest,1.0,"[6, 5]",26.0,0.424,0,1.0,585,fifth
Qvj1wwoxblarbizgrnxnqwlx3Q,learn_relquest,1.0,"[7, 1]",27.0,0.374,0,1.0,586,fifth
Qxfdrl4fhkob1c6n9thbnqldrQ,learn_relquest,1.0,"[5, 6]",0.0,2.177,0,1.0,101,first
Qxfdrl4fhkob1c6n9thbnqldrQ,learn_relquest,1.0,"[6, 5]",1.0,1.397,0,1.0,102,first
Qxfdrl4fhkob1c6n9thbnqldrQ,learn_relquest,1.0,"[5, 3]",2.0,1.115,0,1.0,103,first
Qxfdrl4fhkob1c6n9thbnqldrQ,learn_relquest,0.0,"[4, 3]",3.0,2.156,0,0.0,104,first
Qxfdrl4fhkob1c6n9thbnqldrQ,learn_relquest,1.0,"[7, 1]",4.0,1.162,0,1.0,105,first
Qxfdrl4fhkob1c6n9thbnqldrQ,learn_relquest,0.0,"[6, 3]",5.0,2.461,1,1.0,106,first
Qxfdrl4fhkob1c6n9thbnqldrQ,learn_relquest,1.0,"[7, 6]",6.0,1.42,0,1.0,107,first
Qxfdrl4fhkob1c6n9thbnqldrQ,learn_relquest,1.0,"[6, 2]",7.0,3.023,0,1.0,108,first
Qxfdrl4fhkob1c6n9thbnqldrQ,learn_relquest,0.0,"[3, 6]",8.0,1.829,1,1.0,109,first
Qxfdrl4fhkob1c6n9thbnqldrQ,learn_relquest,1.0,"[4, 1]",9.0,1.987,0,1.0,110,first
Qxfdrl4fhkob1c6n9thbnqldrQ,learn_relquest,1.0,"[2, 6]",10.0,1.653,1,0.0,111,first
Qxfdrl4fhkob1c6n9thbnqldrQ,learn_relquest,0.0,"[7, 3]",11.0,2.532,0,0.0,112,first
Qxfdrl4fhkob1c6n9thbnqldrQ,learn_relquest,0.0,"[0, 4]",12.0,1.391,0,0.0,113,first
Qxfdrl4fhkob1c6n9thbnqldrQ,learn_relquest,0.0,"[5, 0]",13.0,1.766,0,0.0,114,first
Qxfdrl4fhkob1c6n9thbnqldrQ,learn_relquest,1.0,"[7, 0]",14.0,1.603,0,1.0,115,first
Qxfdrl4fhkob1c6n9thbnqldrQ,learn_relquest,0.0,"[1, 6]",15.0,2.9,0,0.0,116,first
Qxfdrl4fhkob1c6n9thbnqldrQ,learn_relquest,0.0,"[1, 2]",16.0,1.905,1,1.0,117,first
Qxfdrl4fhkob1c6n9thbnqldrQ,learn_relquest,0.0,"[4, 5]",17.0,1.686,1,1.0,118,first
Qxfdrl4fhkob1c6n9thbnqldrQ,learn_relquest,0.0,"[5, 2]",18.0,1.837,1,1.0,119,first
Qxfdrl4fhkob1c6n9thbnqldrQ,learn_relquest,0.0,"[4, 7]",19.0,1.47,1,1.0,120,first
Qxfdrl4fhkob1c6n9thbnqldrQ,learn_relquest,1.0,"[1, 7]",20.0,1.249,0,1.0,121,first
Qxfdrl4fhkob1c6n9thbnqldrQ,learn_relquest,1.0,"[3, 5]",21.0,1.386,0,1.0,122,first
Qxfdrl4fhkob1c6n9thbnqldrQ,learn_relquest,1.0,"[0, 7]",22.0,1.074,0,1.0,123,first
Qxfdrl4fhkob1c6n9thbnqldrQ,learn_relquest,0.0,"[2, 3]",23.0,1.519,1,1.0,124,first
Qxfdrl4fhkob1c6n9thbnqldrQ,learn_relquest,1.0,"[6, 7]",24.0,2.0,0,1.0,125,first
Qxfdrl4fhkob1c6n9thbnqldrQ,learn_relquest,0.0,"[4, 2]",25.0,2.247,1,1.0,126,first
Qxfdrl4fhkob1c6n9thbnqldrQ,learn_relquest,1.0,"[1, 4]",26.0,2.084,0,1.0,127,first
Qxfdrl4fhkob1c6n9thbnqldrQ,learn_relquest,0.0,"[7, 2]",27.0,1.243,0,0.0,128,first
Qxfdrl4fhkob1c6n9thbnqldrQ,learn_relquest,1.0,"[7, 0]",0.0,3.695,0,1.0,217,second
Qxfdrl4fhkob1c6n9thbnqldrQ,learn_relquest,1.0,"[0, 7]",1.0,1.778,0,1.0,218,second
Qxfdrl4fhkob1c6n9thbnqldrQ,learn_relquest,1.0,"[6, 2]",2.0,4.87,0,1.0,219,second
Qxfdrl4fhkob1c6n9thbnqldrQ,learn_relquest,1.0,"[4, 1]",3.0,2.659,0,1.0,220,second
Qxfdrl4fhkob1c6n9thbnqldrQ,learn_relquest,1.0,"[7, 1]",4.0,1.308,0,1.0,221,second
Qxfdrl4fhkob1c6n9thbnqldrQ,learn_relquest,1.0,"[1, 4]",5.0,3.236,0,1.0,222,second
Qxfdrl4fhkob1c6n9thbnqldrQ,learn_relquest,0.0,"[4, 7]",6.0,4.391,1,1.0,223,second
Qxfdrl4fhkob1c6n9thbnqldrQ,learn_relquest,1.0,"[1, 7]",7.0,1.882,0,1.0,224,second
Qxfdrl4fhkob1c6n9thbnqldrQ,learn_relquest,1.0,"[6, 7]",8.0,4.01,0,1.0,225,second
Qxfdrl4fhkob1c6n9thbnqldrQ,learn_relquest,0.0,"[4, 3]",9.0,2.814,1,1.0,226,second
Qxfdrl4fhkob1c6n9thbnqldrQ,learn_relquest,1.0,"[5, 3]",10.0,1.228,0,1.0,227,second
Qxfdrl4fhkob1c6n9thbnqldrQ,learn_relquest,0.0,"[5, 2]",11.0,6.5,1,1.0,228,second
Qxfdrl4fhkob1c6n9thbnqldrQ,learn_relquest,0.0,"[6, 3]",12.0,3.582,1,1.0,229,second
Qxfdrl4fhkob1c6n9thbnqldrQ,learn_relquest,0.0,"[2, 4]",13.0,4.383,1,1.0,230,second
Qxfdrl4fhkob1c6n9thbnqldrQ,learn_relquest,0.0,"[5, 7]",14.0,10.876,1,1.0,231,second
Qxfdrl4fhkob1c6n9thbnqldrQ,learn_relquest,1.0,"[2, 6]",15.0,2.243,0,1.0,232,second
Qxfdrl4fhkob1c6n9thbnqldrQ,learn_relquest,1.0,"[5, 6]",16.0,1.266,0,1.0,233,second
Qxfdrl4fhkob1c6n9thbnqldrQ,learn_relquest,1.0,"[7, 6]",17.0,1.408,0,1.0,234,second
Qxfdrl4fhkob1c6n9thbnqldrQ,learn_relquest,0.0,"[5, 1]",18.0,12.885,1,1.0,235,second
Qxfdrl4fhkob1c6n9thbnqldrQ,learn_relquest,0.0,"[4, 2]",19.0,2.214,1,1.0,236,second
Qxfdrl4fhkob1c6n9thbnqldrQ,learn_relquest,0.0,"[4, 0]",20.0,3.648,1,1.0,237,second
Qxfdrl4fhkob1c6n9thbnqldrQ,learn_relquest,0.0,"[3, 4]",21.0,1.261,1,1.0,238,second
Qxfdrl4fhkob1c6n9thbnqldrQ,learn_relquest,1.0,"[6, 5]",22.0,1.382,0,1.0,239,second
Qxfdrl4fhkob1c6n9thbnqldrQ,learn_relquest,0.0,"[6, 1]",23.0,8.034,1,1.0,240,second
Qxfdrl4fhkob1c6n9thbnqldrQ,learn_relquest,0.0,"[6, 0]",24.0,1.386,1,1.0,241,second
Qxfdrl4fhkob1c6n9thbnqldrQ,learn_relquest,0.0,"[0, 3]",25.0,1.469,1,1.0,242,second
Qxfdrl4fhkob1c6n9thbnqldrQ,learn_relquest,0.0,"[1, 6]",26.0,7.145,1,1.0,243,second
Qxfdrl4fhkob1c6n9thbnqldrQ,learn_relquest,1.0,"[3, 5]",27.0,4.667,0,1.0,244,second
Qxfdrl4fhkob1c6n9thbnqldrQ,learn_relquest,1.0,"[7, 6]",0.0,2.861,0,1.0,331,third
Qxfdrl4fhkob1c6n9thbnqldrQ,learn_relquest,0.0,"[2, 0]",1.0,1.845,1,1.0,332,third
Qxfdrl4fhkob1c6n9thbnqldrQ,learn_relquest,1.0,"[5, 3]",2.0,1.025,0,1.0,333,third
Qxfdrl4fhkob1c6n9thbnqldrQ,learn_relquest,0.0,"[3, 2]",3.0,1.443,1,1.0,334,third
Qxfdrl4fhkob1c6n9thbnqldrQ,learn_relquest,0.0,"[2, 1]",4.0,5.896,1,1.0,335,third
Qxfdrl4fhkob1c6n9thbnqldrQ,learn_relquest,0.0,"[6, 3]",5.0,7.763,1,1.0,336,third
Qxfdrl4fhkob1c6n9thbnqldrQ,learn_relquest,1.0,"[5, 6]",6.0,1.267,0,1.0,337,third
Qxfdrl4fhkob1c6n9thbnqldrQ,learn_relquest,1.0,"[4, 1]",7.0,2.621,0,1.0,338,third
Qxfdrl4fhkob1c6n9thbnqldrQ,learn_relquest,1.0,"[3, 5]",8.0,0.977,0,1.0,339,third
Qxfdrl4fhkob1c6n9thbnqldrQ,learn_relquest,1.0,"[7, 1]",9.0,2.275,0,1.0,340,third
Qxfdrl4fhkob1c6n9thbnqldrQ,learn_relquest,0.0,"[4, 2]",10.0,3.502,1,1.0,341,third
Qxfdrl4fhkob1c6n9thbnqldrQ,learn_relquest,0.0,"[1, 0]",11.0,1.635,1,1.0,342,third
Qxfdrl4fhkob1c6n9thbnqldrQ,learn_relquest,0.0,"[2, 4]",12.0,4.554,1,1.0,343,third
Qxfdrl4fhkob1c6n9thbnqldrQ,learn_relquest,0.0,"[4, 5]",13.0,1.377,1,1.0,344,third
Qxfdrl4fhkob1c6n9thbnqldrQ,learn_relquest,1.0,"[0, 7]",14.0,1.398,0,1.0,345,third
Qxfdrl4fhkob1c6n9thbnqldrQ,learn_relquest,0.0,"[7, 2]",15.0,3.601,1,1.0,346,third
Qxfdrl4fhkob1c6n9thbnqldrQ,learn_relquest,1.0,"[1, 7]",16.0,1.45,0,1.0,347,third
Qxfdrl4fhkob1c6n9thbnqldrQ,learn_relquest,0.0,"[1, 2]",17.0,3.593,1,1.0,348,third
Qxfdrl4fhkob1c6n9thbnqldrQ,learn_relquest,1.0,"[6, 2]",18.0,1.337,0,1.0,349,third
Qxfdrl4fhkob1c6n9thbnqldrQ,learn_relquest,0.0,"[1, 6]",19.0,9.15,1,1.0,350,third
Qxfdrl4fhkob1c6n9thbnqldrQ,learn_relquest,1.0,"[6, 5]",20.0,1.08,0,1.0,351,third
Qxfdrl4fhkob1c6n9thbnqldrQ,learn_relquest,0.0,"[4, 0]",21.0,2.643,1,1.0,352,third
Qxfdrl4fhkob1c6n9thbnqldrQ,learn_relquest,1.0,"[6, 7]",22.0,1.418,0,1.0,353,third
Qxfdrl4fhkob1c6n9thbnqldrQ,learn_relquest,0.0,"[6, 1]",23.0,7.879,1,1.0,354,third
Qxfdrl4fhkob1c6n9thbnqldrQ,learn_relquest,1.0,"[7, 0]",24.0,1.183,0,1.0,355,third
Qxfdrl4fhkob1c6n9thbnqldrQ,learn_relquest,1.0,"[1, 4]",25.0,1.666,0,1.0,356,third
Qxfdrl4fhkob1c6n9thbnqldrQ,learn_relquest,0.0,"[3, 0]",26.0,1.223,1,1.0,357,third
Qxfdrl4fhkob1c6n9thbnqldrQ,learn_relquest,1.0,"[2, 6]",27.0,1.512,0,1.0,358,third
Qxfdrl4fhkob1c6n9thbnqldrQ,learn_relquest,1.0,"[1, 7]",0.0,2.013,0,1.0,445,fourth
Qxfdrl4fhkob1c6n9thbnqldrQ,learn_relquest,0.0,"[7, 2]",1.0,3.028,1,1.0,446,fourth
Qxfdrl4fhkob1c6n9thbnqldrQ,learn_relquest,1.0,"[5, 6]",2.0,1.111,0,1.0,447,fourth
Qxfdrl4fhkob1c6n9thbnqldrQ,learn_relquest,1.0,"[5, 3]",3.0,0.906,0,1.0,448,fourth
Qxfdrl4fhkob1c6n9thbnqldrQ,learn_relquest,1.0,"[2, 6]",4.0,1.118,0,1.0,449,fourth
Qxfdrl4fhkob1c6n9thbnqldrQ,learn_relquest,0.0,"[6, 3]",5.0,2.006,1,1.0,450,fourth
Qxfdrl4fhkob1c6n9thbnqldrQ,learn_relquest,1.0,"[3, 5]",6.0,1.076,0,1.0,451,fourth
Qxfdrl4fhkob1c6n9thbnqldrQ,learn_relquest,0.0,"[5, 2]",7.0,1.873,1,1.0,452,fourth
Qxfdrl4fhkob1c6n9thbnqldrQ,learn_relquest,1.0,"[0, 7]",8.0,1.173,0,1.0,453,fourth
Qxfdrl4fhkob1c6n9thbnqldrQ,learn_relquest,0.0,"[3, 1]",9.0,1.632,1,1.0,454,fourth
Qxfdrl4fhkob1c6n9thbnqldrQ,learn_relquest,1.0,"[6, 7]",10.0,1.283,0,1.0,455,fourth
Qxfdrl4fhkob1c6n9thbnqldrQ,learn_relquest,1.0,"[7, 0]",11.0,0.912,0,1.0,456,fourth
Qxfdrl4fhkob1c6n9thbnqldrQ,learn_relquest,1.0,"[6, 2]",12.0,0.845,0,1.0,457,fourth
Qxfdrl4fhkob1c6n9thbnqldrQ,learn_relquest,1.0,"[7, 1]",13.0,1.165,0,1.0,458,fourth
Qxfdrl4fhkob1c6n9thbnqldrQ,learn_relquest,0.0,"[7, 5]",14.0,2.828,1,1.0,459,fourth
Qxfdrl4fhkob1c6n9thbnqldrQ,learn_relquest,0.0,"[3, 0]",15.0,1.475,1,1.0,460,fourth
Qxfdrl4fhkob1c6n9thbnqldrQ,learn_relquest,0.0,"[4, 0]",16.0,1.289,1,1.0,461,fourth
Qxfdrl4fhkob1c6n9thbnqldrQ,learn_relquest,1.0,"[4, 1]",17.0,1.494,0,1.0,462,fourth
Qxfdrl4fhkob1c6n9thbnqldrQ,learn_relquest,1.0,"[1, 4]",18.0,1.13,0,1.0,463,fourth
Qxfdrl4fhkob1c6n9thbnqldrQ,learn_relquest,0.0,"[5, 7]",19.0,2.83,1,1.0,464,fourth
Qxfdrl4fhkob1c6n9thbnqldrQ,learn_relquest,0.0,"[3, 6]",20.0,4.241,1,1.0,465,fourth
Qxfdrl4fhkob1c6n9thbnqldrQ,learn_relquest,1.0,"[6, 5]",21.0,1.136,0,1.0,466,fourth
Qxfdrl4fhkob1c6n9thbnqldrQ,learn_relquest,0.0,"[3, 2]",22.0,1.532,1,1.0,467,fourth
Qxfdrl4fhkob1c6n9thbnqldrQ,learn_relquest,0.0,"[1, 5]",23.0,3.495,1,1.0,468,fourth
Qxfdrl4fhkob1c6n9thbnqldrQ,learn_relquest,0.0,"[4, 5]",24.0,2.51,1,1.0,469,fourth
Qxfdrl4fhkob1c6n9thbnqldrQ,learn_relquest,0.0,"[4, 3]",25.0,1.355,1,1.0,470,fourth
Qxfdrl4fhkob1c6n9thbnqldrQ,learn_relquest,1.0,"[7, 6]",26.0,1.225,0,1.0,471,fourth
Qxfdrl4fhkob1c6n9thbnqldrQ,learn_relquest,0.0,"[0, 1]",27.0,3.288,1,1.0,472,fourth
Qxfdrl4fhkob1c6n9thbnqldrQ,learn_relquest,0.0,"[6, 4]",0.0,7.164,1,1.0,559,fifth
Qxfdrl4fhkob1c6n9thbnqldrQ,learn_relquest,0.0,"[1, 2]",1.0,1.569,1,1.0,560,fifth
Qxfdrl4fhkob1c6n9thbnqldrQ,learn_relquest,0.0,"[3, 1]",2.0,1.667,1,1.0,561,fifth
Qxfdrl4fhkob1c6n9thbnqldrQ,learn_relquest,1.0,"[5, 6]",3.0,1.478,0,1.0,562,fifth
Qxfdrl4fhkob1c6n9thbnqldrQ,learn_relquest,1.0,"[7, 6]",4.0,1.012,0,1.0,563,fifth
Qxfdrl4fhkob1c6n9thbnqldrQ,learn_relquest,0.0,"[0, 5]",5.0,1.356,1,1.0,564,fifth
Qxfdrl4fhkob1c6n9thbnqldrQ,learn_relquest,0.0,"[5, 0]",6.0,1.248,1,1.0,565,fifth
Qxfdrl4fhkob1c6n9thbnqldrQ,learn_relquest,0.0,"[4, 7]",7.0,1.666,1,1.0,566,fifth
Qxfdrl4fhkob1c6n9thbnqldrQ,learn_relquest,1.0,"[6, 5]",8.0,1.216,0,1.0,567,fifth
Qxfdrl4fhkob1c6n9thbnqldrQ,learn_relquest,1.0,"[1, 7]",9.0,2.218,0,1.0,568,fifth
Qxfdrl4fhkob1c6n9thbnqldrQ,learn_relquest,1.0,"[6, 7]",10.0,0.255,0,1.0,569,fifth
Qxfdrl4fhkob1c6n9thbnqldrQ,learn_relquest,0.0,"[4, 5]",11.0,2.773,1,1.0,570,fifth
Qxfdrl4fhkob1c6n9thbnqldrQ,learn_relquest,0.0,"[0, 4]",12.0,2.657,1,1.0,571,fifth
Qxfdrl4fhkob1c6n9thbnqldrQ,learn_relquest,1.0,"[1, 4]",13.0,3.855,0,1.0,572,fifth
Qxfdrl4fhkob1c6n9thbnqldrQ,learn_relquest,1.0,"[3, 5]",14.0,0.891,0,1.0,573,fifth
Qxfdrl4fhkob1c6n9thbnqldrQ,learn_relquest,1.0,"[4, 1]",15.0,3.012,0,1.0,574,fifth
Qxfdrl4fhkob1c6n9thbnqldrQ,learn_relquest,0.0,"[0, 6]",16.0,1.414,1,1.0,575,fifth
Qxfdrl4fhkob1c6n9thbnqldrQ,learn_relquest,1.0,"[7, 0]",17.0,1.438,0,1.0,576,fifth
Qxfdrl4fhkob1c6n9thbnqldrQ,learn_relquest,1.0,"[2, 6]",18.0,0.842,0,1.0,577,fifth
Qxfdrl4fhkob1c6n9thbnqldrQ,learn_relquest,0.0,"[7, 3]",19.0,1.616,1,1.0,578,fifth
Qxfdrl4fhkob1c6n9thbnqldrQ,learn_relquest,1.0,"[5, 3]",20.0,0.857,0,1.0,579,fifth
Qxfdrl4fhkob1c6n9thbnqldrQ,learn_relquest,0.0,"[3, 0]",21.0,1.131,1,1.0,580,fifth
Qxfdrl4fhkob1c6n9thbnqldrQ,learn_relquest,0.0,"[6, 0]",22.0,1.405,1,1.0,581,fifth
Qxfdrl4fhkob1c6n9thbnqldrQ,learn_relquest,0.0,"[5, 2]",23.0,2.685,1,1.0,582,fifth
Qxfdrl4fhkob1c6n9thbnqldrQ,learn_relquest,1.0,"[7, 1]",24.0,1.964,0,1.0,583,fifth
Qxfdrl4fhkob1c6n9thbnqldrQ,learn_relquest,1.0,"[0, 7]",25.0,2.089,0,1.0,584,fifth
Qxfdrl4fhkob1c6n9thbnqldrQ,learn_relquest,0.0,"[4, 0]",26.0,1.793,1,1.0,585,fifth
Qxfdrl4fhkob1c6n9thbnqldrQ,learn_relquest,1.0,"[6, 2]",27.0,1.253,0,1.0,586,fifth
Q6ggms38yees4musnvgcsvu80Q,learn_relquest,0.0,"[2, 1]",0.0,3.815,1,1.0,101,first
Q6ggms38yees4musnvgcsvu80Q,learn_relquest,0.0,"[3, 6]",1.0,2.655,0,0.0,102,first
Q6ggms38yees4musnvgcsvu80Q,learn_relquest,0.0,"[0, 4]",2.0,2.623,1,1.0,103,first
Q6ggms38yees4musnvgcsvu80Q,learn_relquest,1.0,"[7, 6]",3.0,1.567,0,1.0,104,first
Q6ggms38yees4musnvgcsvu80Q,learn_relquest,1.0,"[6, 7]",4.0,1.044,0,1.0,105,first
Q6ggms38yees4musnvgcsvu80Q,learn_relquest,0.0,"[3, 4]",5.0,1.84,1,1.0,106,first
Q6ggms38yees4musnvgcsvu80Q,learn_relquest,1.0,"[4, 1]",6.0,2.079,1,0.0,107,first
Q6ggms38yees4musnvgcsvu80Q,learn_relquest,1.0,"[0, 7]",7.0,2.432,1,0.0,108,first
Q6ggms38yees4musnvgcsvu80Q,learn_relquest,1.0,"[5, 6]",8.0,1.296,0,1.0,109,first
Q6ggms38yees4musnvgcsvu80Q,learn_relquest,0.0,"[7, 5]",9.0,1.443,1,1.0,110,first
Q6ggms38yees4musnvgcsvu80Q,learn_relquest,0.0,"[0, 5]",10.0,2.464,0,0.0,111,first
Q6ggms38yees4musnvgcsvu80Q,learn_relquest,1.0,"[2, 6]",11.0,1.864,0,1.0,112,first
Q6ggms38yees4musnvgcsvu80Q,learn_relquest,0.0,"[4, 6]",12.0,2.088,1,1.0,113,first
Q6ggms38yees4musnvgcsvu80Q,learn_relquest,0.0,"[3, 0]",13.0,3.595,1,1.0,114,first
Q6ggms38yees4musnvgcsvu80Q,learn_relquest,1.0,"[5, 3]",14.0,1.32,0,1.0,115,first
Q6ggms38yees4musnvgcsvu80Q,learn_relquest,1.0,"[6, 5]",15.0,2.408,0,1.0,116,first
Q6ggms38yees4musnvgcsvu80Q,learn_relquest,1.0,"[3, 5]",16.0,1.999,0,1.0,117,first
Q6ggms38yees4musnvgcsvu80Q,learn_relquest,0.0,"[7, 2]",17.0,1.88,0,0.0,118,first
Q6ggms38yees4musnvgcsvu80Q,learn_relquest,0.0,"[3, 1]",18.0,2.423,1,1.0,119,first
Q6ggms38yees4musnvgcsvu80Q,learn_relquest,0.0,"[0, 3]",19.0,0.876,0,0.0,120,first
Q6ggms38yees4musnvgcsvu80Q,learn_relquest,1.0,"[7, 1]",20.0,2.391,0,1.0,121,first
Q6ggms38yees4musnvgcsvu80Q,learn_relquest,1.0,"[1, 4]",21.0,2.523,1,0.0,122,first
Q6ggms38yees4musnvgcsvu80Q,learn_relquest,1.0,"[7, 0]",22.0,1.924,1,0.0,123,first
Q6ggms38yees4musnvgcsvu80Q,learn_relquest,0.0,"[1, 2]",23.0,1.591,0,0.0,124,first
Q6ggms38yees4musnvgcsvu80Q,learn_relquest,1.0,"[1, 7]",24.0,1.688,0,1.0,125,first
Q6ggms38yees4musnvgcsvu80Q,learn_relquest,0.0,"[4, 3]",25.0,1.404,1,1.0,126,first
Q6ggms38yees4musnvgcsvu80Q,learn_relquest,0.0,"[5, 0]",26.0,2.343,0,0.0,127,first
Q6ggms38yees4musnvgcsvu80Q,learn_relquest,1.0,"[6, 2]",27.0,2.024,1,0.0,128,first
Q6ggms38yees4musnvgcsvu80Q,learn_relquest,1.0,"[1, 4]",0.0,4.911,1,0.0,217,second
Q6ggms38yees4musnvgcsvu80Q,learn_relquest,1.0,"[1, 7]",1.0,1.34,0,1.0,218,second
Q6ggms38yees4musnvgcsvu80Q,learn_relquest,1.0,"[5, 6]",2.0,1.432,0,1.0,219,second
Q6ggms38yees4musnvgcsvu80Q,learn_relquest,0.0,"[6, 0]",3.0,2.416,1,1.0,220,second
Q6ggms38yees4musnvgcsvu80Q,learn_relquest,1.0,"[2, 6]",4.0,2.135,0,1.0,221,second
Q6ggms38yees4musnvgcsvu80Q,learn_relquest,0.0,"[0, 5]",5.0,2.025,1,1.0,222,second
Q6ggms38yees4musnvgcsvu80Q,learn_relquest,1.0,"[6, 7]",6.0,2.535,0,1.0,223,second
Q6ggms38yees4musnvgcsvu80Q,learn_relquest,1.0,"[7, 0]",7.0,3.008,1,0.0,224,second
Q6ggms38yees4musnvgcsvu80Q,learn_relquest,0.0,"[7, 2]",8.0,1.079,0,0.0,225,second
Q6ggms38yees4musnvgcsvu80Q,learn_relquest,1.0,"[7, 6]",9.0,1.077,0,1.0,226,second
Q6ggms38yees4musnvgcsvu80Q,learn_relquest,1.0,"[7, 1]",10.0,2.439,0,1.0,227,second
Q6ggms38yees4musnvgcsvu80Q,learn_relquest,1.0,"[4, 1]",11.0,2.025,1,0.0,228,second
Q6ggms38yees4musnvgcsvu80Q,learn_relquest,0.0,"[6, 1]",12.0,1.654,1,1.0,229,second
Q6ggms38yees4musnvgcsvu80Q,learn_relquest,0.0,"[0, 3]",13.0,4.752,1,1.0,230,second
Q6ggms38yees4musnvgcsvu80Q,learn_relquest,0.0,"[0, 2]",14.0,1.82,0,0.0,231,second
Q6ggms38yees4musnvgcsvu80Q,learn_relquest,0.0,"[0, 4]",15.0,2.32,0,0.0,232,second
Q6ggms38yees4musnvgcsvu80Q,learn_relquest,0.0,"[0, 6]",16.0,1.712,0,0.0,233,second
Q6ggms38yees4musnvgcsvu80Q,learn_relquest,0.0,"[4, 6]",17.0,1.648,1,1.0,234,second
Q6ggms38yees4musnvgcsvu80Q,learn_relquest,1.0,"[3, 5]",18.0,3.168,1,0.0,235,second
Q6ggms38yees4musnvgcsvu80Q,learn_relquest,0.0,"[5, 4]",19.0,1.458,0,0.0,236,second
Q6ggms38yees4musnvgcsvu80Q,learn_relquest,0.0,"[4, 3]",20.0,1.472,1,1.0,237,second
Q6ggms38yees4musnvgcsvu80Q,learn_relquest,0.0,"[2, 7]",21.0,1.471,0,0.0,238,second
Q6ggms38yees4musnvgcsvu80Q,learn_relquest,1.0,"[0, 7]",22.0,2.124,1,0.0,239,second
Q6ggms38yees4musnvgcsvu80Q,learn_relquest,1.0,"[6, 5]",23.0,1.216,0,1.0,240,second
Q6ggms38yees4musnvgcsvu80Q,learn_relquest,1.0,"[6, 2]",24.0,3.056,1,0.0,241,second
Q6ggms38yees4musnvgcsvu80Q,learn_relquest,1.0,"[5, 3]",25.0,1.376,0,1.0,242,second
Q6ggms38yees4musnvgcsvu80Q,learn_relquest,0.0,"[2, 1]",26.0,2.742,0,0.0,243,second
Q6ggms38yees4musnvgcsvu80Q,learn_relquest,0.0,"[1, 2]",27.0,1.2,0,0.0,244,second
Q6ggms38yees4musnvgcsvu80Q,learn_relquest,1.0,"[5, 6]",0.0,2.471,0,1.0,331,third
Q6ggms38yees4musnvgcsvu80Q,learn_relquest,0.0,"[5, 1]",1.0,2.024,1,1.0,332,third
Q6ggms38yees4musnvgcsvu80Q,learn_relquest,0.0,"[1, 3]",2.0,1.608,0,0.0,333,third
Q6ggms38yees4musnvgcsvu80Q,learn_relquest,1.0,"[6, 2]",3.0,2.216,1,0.0,334,third
Q6ggms38yees4musnvgcsvu80Q,learn_relquest,1.0,"[1, 7]",4.0,4.676,0,1.0,335,third
Q6ggms38yees4musnvgcsvu80Q,learn_relquest,1.0,"[7, 0]",5.0,1.632,1,0.0,336,third
Q6ggms38yees4musnvgcsvu80Q,learn_relquest,0.0,"[0, 3]",6.0,1.436,0,0.0,337,third
Q6ggms38yees4musnvgcsvu80Q,learn_relquest,0.0,"[0, 4]",7.0,1.96,1,1.0,338,third
Q6ggms38yees4musnvgcsvu80Q,learn_relquest,0.0,"[0, 1]",8.0,0.996,0,0.0,339,third
Q6ggms38yees4musnvgcsvu80Q,learn_relquest,0.0,"[5, 2]",9.0,1.511,0,0.0,340,third
Q6ggms38yees4musnvgcsvu80Q,learn_relquest,1.0,"[5, 3]",10.0,2.375,1,0.0,341,third
Q6ggms38yees4musnvgcsvu80Q,learn_relquest,1.0,"[0, 7]",11.0,1.791,0,1.0,342,third
Q6ggms38yees4musnvgcsvu80Q,learn_relquest,0.0,"[1, 6]",12.0,2.135,1,1.0,343,third
Q6ggms38yees4musnvgcsvu80Q,learn_relquest,0.0,"[6, 4]",13.0,2.207,0,0.0,344,third
Q6ggms38yees4musnvgcsvu80Q,learn_relquest,1.0,"[6, 7]",14.0,1.556,0,1.0,345,third
Q6ggms38yees4musnvgcsvu80Q,learn_relquest,0.0,"[2, 7]",15.0,1.448,0,0.0,346,third
Q6ggms38yees4musnvgcsvu80Q,learn_relquest,1.0,"[7, 1]",16.0,1.56,0,1.0,347,third
Q6ggms38yees4musnvgcsvu80Q,learn_relquest,1.0,"[2, 6]",17.0,1.696,1,0.0,348,third
Q6ggms38yees4musnvgcsvu80Q,learn_relquest,1.0,"[3, 5]",18.0,2.052,1,0.0,349,third
Q6ggms38yees4musnvgcsvu80Q,learn_relquest,0.0,"[0, 2]",19.0,2.687,1,1.0,350,third
Q6ggms38yees4musnvgcsvu80Q,learn_relquest,1.0,"[7, 6]",20.0,0.848,0,1.0,351,third
Q6ggms38yees4musnvgcsvu80Q,learn_relquest,1.0,"[1, 4]",21.0,2.111,1,0.0,352,third
Q6ggms38yees4musnvgcsvu80Q,learn_relquest,0.0,"[3, 2]",22.0,2.139,1,1.0,353,third
Q6ggms38yees4musnvgcsvu80Q,learn_relquest,1.0,"[4, 1]",23.0,2.376,1,0.0,354,third
Q6ggms38yees4musnvgcsvu80Q,learn_relquest,0.0,"[2, 5]",24.0,0.856,0,0.0,355,third
Q6ggms38yees4musnvgcsvu80Q,learn_relquest,1.0,"[6, 5]",25.0,1.26,0,1.0,356,third
Q6ggms38yees4musnvgcsvu80Q,learn_relquest,0.0,"[1, 5]",26.0,2.104,0,0.0,357,third
Q6ggms38yees4musnvgcsvu80Q,learn_relquest,0.0,"[1, 2]",27.0,1.752,1,1.0,358,third
Q6ggms38yees4musnvgcsvu80Q,learn_relquest,1.0,"[3, 5]",0.0,1.707,1,0.0,445,fourth
Q6ggms38yees4musnvgcsvu80Q,learn_relquest,0.0,"[6, 0]",1.0,1.824,0,0.0,446,fourth
Q6ggms38yees4musnvgcsvu80Q,learn_relquest,0.0,"[4, 5]",2.0,3.866,0,0.0,447,fourth
Q6ggms38yees4musnvgcsvu80Q,learn_relquest,1.0,"[6, 5]",3.0,1.04,0,1.0,448,fourth
Q6ggms38yees4musnvgcsvu80Q,learn_relquest,0.0,"[3, 7]",4.0,1.267,0,0.0,449,fourth
Q6ggms38yees4musnvgcsvu80Q,learn_relquest,0.0,"[6, 3]",5.0,1.784,1,1.0,450,fourth
Q6ggms38yees4musnvgcsvu80Q,learn_relquest,1.0,"[7, 1]",6.0,0.812,0,1.0,451,fourth
Q6ggms38yees4musnvgcsvu80Q,learn_relquest,1.0,"[5, 6]",7.0,1.112,0,1.0,452,fourth
Q6ggms38yees4musnvgcsvu80Q,learn_relquest,1.0,"[2, 6]",8.0,1.441,1,0.0,453,fourth
Q6ggms38yees4musnvgcsvu80Q,learn_relquest,1.0,"[0, 7]",9.0,2.048,1,0.0,454,fourth
Q6ggms38yees4musnvgcsvu80Q,learn_relquest,0.0,"[7, 4]",10.0,0.811,0,0.0,455,fourth
Q6ggms38yees4musnvgcsvu80Q,learn_relquest,0.0,"[1, 6]",11.0,1.8,0,0.0,456,fourth
Q6ggms38yees4musnvgcsvu80Q,learn_relquest,1.0,"[1, 4]",12.0,2.888,1,0.0,457,fourth
Q6ggms38yees4musnvgcsvu80Q,learn_relquest,1.0,"[4, 1]",13.0,1.287,0,1.0,458,fourth
Q6ggms38yees4musnvgcsvu80Q,learn_relquest,1.0,"[7, 0]",14.0,1.616,1,0.0,459,fourth
Q6ggms38yees4musnvgcsvu80Q,learn_relquest,0.0,"[1, 2]",15.0,1.06,0,0.0,460,fourth
Q6ggms38yees4musnvgcsvu80Q,learn_relquest,1.0,"[6, 7]",16.0,1.895,0,1.0,461,fourth
Q6ggms38yees4musnvgcsvu80Q,learn_relquest,1.0,"[6, 2]",17.0,1.568,1,0.0,462,fourth
Q6ggms38yees4musnvgcsvu80Q,learn_relquest,1.0,"[1, 7]",18.0,0.955,0,1.0,463,fourth
Q6ggms38yees4musnvgcsvu80Q,learn_relquest,0.0,"[2, 0]",19.0,3.7,0,0.0,464,fourth
Q6ggms38yees4musnvgcsvu80Q,learn_relquest,0.0,"[6, 4]",20.0,2.311,1,1.0,465,fourth
Q6ggms38yees4musnvgcsvu80Q,learn_relquest,1.0,"[7, 6]",21.0,1.044,0,1.0,466,fourth
Q6ggms38yees4musnvgcsvu80Q,learn_relquest,0.0,"[3, 4]",22.0,1.372,1,1.0,467,fourth
Q6ggms38yees4musnvgcsvu80Q,learn_relquest,1.0,"[5, 3]",23.0,1.288,0,1.0,468,fourth
Q6ggms38yees4musnvgcsvu80Q,learn_relquest,0.0,"[3, 0]",24.0,1.244,0,0.0,469,fourth
Q6ggms38yees4musnvgcsvu80Q,learn_relquest,0.0,"[3, 6]",25.0,2.843,1,1.0,470,fourth
Q6ggms38yees4musnvgcsvu80Q,learn_relquest,0.0,"[1, 0]",26.0,1.075,0,0.0,471,fourth
Q6ggms38yees4musnvgcsvu80Q,learn_relquest,0.0,"[0, 6]",27.0,0.836,0,0.0,472,fourth
Q6ggms38yees4musnvgcsvu80Q,learn_relquest,0.0,"[4, 2]",0.0,1.955,1,1.0,559,fifth
Q6ggms38yees4musnvgcsvu80Q,learn_relquest,0.0,"[4, 6]",1.0,1.464,1,1.0,560,fifth
Q6ggms38yees4musnvgcsvu80Q,learn_relquest,0.0,"[3, 4]",2.0,1.791,1,1.0,561,fifth
Q6ggms38yees4musnvgcsvu80Q,learn_relquest,1.0,"[1, 7]",3.0,1.156,0,1.0,562,fifth
Q6ggms38yees4musnvgcsvu80Q,learn_relquest,0.0,"[5, 1]",4.0,1.84,0,0.0,563,fifth
Q6ggms38yees4musnvgcsvu80Q,learn_relquest,1.0,"[6, 2]",5.0,1.772,1,0.0,564,fifth
Q6ggms38yees4musnvgcsvu80Q,learn_relquest,0.0,"[4, 7]",6.0,1.119,0,0.0,565,fifth
Q6ggms38yees4musnvgcsvu80Q,learn_relquest,1.0,"[4, 1]",7.0,1.588,1,0.0,566,fifth
Q6ggms38yees4musnvgcsvu80Q,learn_relquest,0.0,"[7, 3]",8.0,1.712,0,0.0,567,fifth
Q6ggms38yees4musnvgcsvu80Q,learn_relquest,1.0,"[5, 3]",9.0,1.044,0,1.0,568,fifth
Q6ggms38yees4musnvgcsvu80Q,learn_relquest,0.0,"[2, 5]",10.0,1.247,0,0.0,569,fifth
Q6ggms38yees4musnvgcsvu80Q,learn_relquest,0.0,"[2, 0]",11.0,2.025,0,0.0,570,fifth
Q6ggms38yees4musnvgcsvu80Q,learn_relquest,0.0,"[7, 2]",12.0,2.648,0,0.0,571,fifth
Q6ggms38yees4musnvgcsvu80Q,learn_relquest,1.0,"[7, 1]",13.0,0.939,0,1.0,572,fifth
Q6ggms38yees4musnvgcsvu80Q,learn_relquest,1.0,"[0, 7]",14.0,1.432,0,1.0,573,fifth
Q6ggms38yees4musnvgcsvu80Q,learn_relquest,0.0,"[6, 0]",15.0,1.212,0,0.0,574,fifth
Q6ggms38yees4musnvgcsvu80Q,learn_relquest,1.0,"[2, 6]",16.0,1.751,1,0.0,575,fifth
Q6ggms38yees4musnvgcsvu80Q,learn_relquest,0.0,"[4, 3]",17.0,1.309,1,1.0,576,fifth
Q6ggms38yees4musnvgcsvu80Q,learn_relquest,1.0,"[6, 5]",18.0,0.927,0,1.0,577,fifth
Q6ggms38yees4musnvgcsvu80Q,learn_relquest,1.0,"[1, 4]",19.0,1.828,0,1.0,578,fifth
Q6ggms38yees4musnvgcsvu80Q,learn_relquest,1.0,"[7, 6]",20.0,1.471,0,1.0,579,fifth
Q6ggms38yees4musnvgcsvu80Q,learn_relquest,1.0,"[6, 7]",21.0,2.214,0,1.0,580,fifth
Q6ggms38yees4musnvgcsvu80Q,learn_relquest,1.0,"[3, 5]",22.0,2.367,1,0.0,581,fifth
Q6ggms38yees4musnvgcsvu80Q,learn_relquest,0.0,"[1, 3]",23.0,1.311,0,0.0,582,fifth
Q6ggms38yees4musnvgcsvu80Q,learn_relquest,1.0,"[5, 6]",24.0,2.144,0,1.0,583,fifth
Q6ggms38yees4musnvgcsvu80Q,learn_relquest,0.0,"[0, 1]",25.0,1.801,0,0.0,584,fifth
Q6ggms38yees4musnvgcsvu80Q,learn_relquest,1.0,"[7, 0]",26.0,1.107,0,1.0,585,fifth
Q6ggms38yees4musnvgcsvu80Q,learn_relquest,0.0,"[1, 2]",27.0,2.912,0,0.0,586,fifth
Qumo9aptqbzaerkhxqub8q5eeQ,learn_relquest,0.0,"[6, 3]",0.0,8.652,1,1.0,101,first
Qumo9aptqbzaerkhxqub8q5eeQ,learn_relquest,1.0,"[5, 6]",1.0,2.82,0,1.0,102,first
Qumo9aptqbzaerkhxqub8q5eeQ,learn_relquest,1.0,"[7, 0]",2.0,2.122,0,1.0,103,first
Qumo9aptqbzaerkhxqub8q5eeQ,learn_relquest,1.0,"[0, 7]",3.0,1.639,0,1.0,104,first
Qumo9aptqbzaerkhxqub8q5eeQ,learn_relquest,1.0,"[1, 7]",4.0,2.172,1,0.0,105,first
Qumo9aptqbzaerkhxqub8q5eeQ,learn_relquest,0.0,"[2, 4]",5.0,2.359,1,1.0,106,first
Qumo9aptqbzaerkhxqub8q5eeQ,learn_relquest,1.0,"[2, 6]",6.0,1.696,0,1.0,107,first
Qumo9aptqbzaerkhxqub8q5eeQ,learn_relquest,1.0,"[6, 2]",7.0,1.424,0,1.0,108,first
Qumo9aptqbzaerkhxqub8q5eeQ,learn_relquest,0.0,"[4, 2]",8.0,3.923,1,1.0,109,first
Qumo9aptqbzaerkhxqub8q5eeQ,learn_relquest,0.0,"[6, 1]",9.0,2.176,1,1.0,110,first
Qumo9aptqbzaerkhxqub8q5eeQ,learn_relquest,1.0,"[6, 7]",10.0,1.329,0,1.0,111,first
Qumo9aptqbzaerkhxqub8q5eeQ,learn_relquest,1.0,"[1, 4]",11.0,3.629,0,1.0,112,first
Qumo9aptqbzaerkhxqub8q5eeQ,learn_relquest,1.0,"[7, 6]",12.0,1.16,0,1.0,113,first
Qumo9aptqbzaerkhxqub8q5eeQ,learn_relquest,0.0,"[6, 0]",13.0,2.213,1,1.0,114,first
Qumo9aptqbzaerkhxqub8q5eeQ,learn_relquest,0.0,"[3, 4]",14.0,2.445,1,1.0,115,first
Qumo9aptqbzaerkhxqub8q5eeQ,learn_relquest,1.0,"[4, 1]",15.0,1.553,0,1.0,116,first
Qumo9aptqbzaerkhxqub8q5eeQ,learn_relquest,0.0,"[2, 1]",16.0,4.077,0,0.0,117,first
Qumo9aptqbzaerkhxqub8q5eeQ,learn_relquest,0.0,"[5, 7]",17.0,2.262,1,1.0,118,first
Qumo9aptqbzaerkhxqub8q5eeQ,learn_relquest,0.0,"[3, 2]",18.0,2.984,0,0.0,119,first
Qumo9aptqbzaerkhxqub8q5eeQ,learn_relquest,0.0,"[7, 4]",19.0,1.904,1,1.0,120,first
Qumo9aptqbzaerkhxqub8q5eeQ,learn_relquest,0.0,"[6, 4]",20.0,1.695,0,0.0,121,first
Qumo9aptqbzaerkhxqub8q5eeQ,learn_relquest,0.0,"[2, 5]",21.0,1.584,0,0.0,122,first
Qumo9aptqbzaerkhxqub8q5eeQ,learn_relquest,1.0,"[5, 3]",22.0,2.961,0,1.0,123,first
Qumo9aptqbzaerkhxqub8q5eeQ,learn_relquest,0.0,"[7, 2]",23.0,2.771,0,0.0,124,first
Qumo9aptqbzaerkhxqub8q5eeQ,learn_relquest,0.0,"[3, 1]",24.0,2.21,1,1.0,125,first
Qumo9aptqbzaerkhxqub8q5eeQ,learn_relquest,1.0,"[3, 5]",25.0,1.401,0,1.0,126,first
Qumo9aptqbzaerkhxqub8q5eeQ,learn_relquest,1.0,"[6, 5]",26.0,1.079,0,1.0,127,first
Qumo9aptqbzaerkhxqub8q5eeQ,learn_relquest,1.0,"[7, 1]",27.0,1.471,0,1.0,128,first
Qumo9aptqbzaerkhxqub8q5eeQ,learn_relquest,1.0,"[5, 6]",0.0,2.681,0,1.0,217,second
Qumo9aptqbzaerkhxqub8q5eeQ,learn_relquest,0.0,"[0, 4]",1.0,2.224,1,1.0,218,second
Qumo9aptqbzaerkhxqub8q5eeQ,learn_relquest,1.0,"[5, 3]",2.0,1.018,0,1.0,219,second
Qumo9aptqbzaerkhxqub8q5eeQ,learn_relquest,0.0,"[3, 6]",3.0,0.888,0,0.0,220,second
Qumo9aptqbzaerkhxqub8q5eeQ,learn_relquest,1.0,"[6, 7]",4.0,2.101,0,1.0,221,second
Qumo9aptqbzaerkhxqub8q5eeQ,learn_relquest,1.0,"[0, 7]",5.0,1.317,0,1.0,222,second
Qumo9aptqbzaerkhxqub8q5eeQ,learn_relquest,0.0,"[5, 0]",6.0,2.481,1,1.0,223,second
Qumo9aptqbzaerkhxqub8q5eeQ,learn_relquest,0.0,"[1, 3]",7.0,1.742,1,1.0,224,second
Qumo9aptqbzaerkhxqub8q5eeQ,learn_relquest,1.0,"[3, 5]",8.0,1.375,0,1.0,225,second
Qumo9aptqbzaerkhxqub8q5eeQ,learn_relquest,0.0,"[0, 6]",9.0,2.03,1,1.0,226,second
Qumo9aptqbzaerkhxqub8q5eeQ,learn_relquest,1.0,"[7, 0]",10.0,1.242,0,1.0,227,second
Qumo9aptqbzaerkhxqub8q5eeQ,learn_relquest,0.0,"[4, 3]",11.0,1.562,1,1.0,228,second
Qumo9aptqbzaerkhxqub8q5eeQ,learn_relquest,0.0,"[4, 2]",12.0,1.087,0,0.0,229,second
Qumo9aptqbzaerkhxqub8q5eeQ,learn_relquest,0.0,"[7, 3]",13.0,0.64,0,0.0,230,second
Qumo9aptqbzaerkhxqub8q5eeQ,learn_relquest,1.0,"[7, 6]",14.0,0.723,0,1.0,231,second
Qumo9aptqbzaerkhxqub8q5eeQ,learn_relquest,0.0,"[5, 4]",15.0,1.708,0,0.0,232,second
Qumo9aptqbzaerkhxqub8q5eeQ,learn_relquest,1.0,"[7, 1]",16.0,1.766,0,1.0,233,second
Qumo9aptqbzaerkhxqub8q5eeQ,learn_relquest,1.0,"[2, 6]",17.0,2.841,0,1.0,234,second
Qumo9aptqbzaerkhxqub8q5eeQ,learn_relquest,1.0,"[6, 5]",18.0,1.123,0,1.0,235,second
Qumo9aptqbzaerkhxqub8q5eeQ,learn_relquest,1.0,"[4, 1]",19.0,0.785,1,0.0,236,second
Qumo9aptqbzaerkhxqub8q5eeQ,learn_relquest,0.0,"[5, 2]",20.0,0.858,0,0.0,237,second
Qumo9aptqbzaerkhxqub8q5eeQ,learn_relquest,1.0,"[6, 2]",21.0,0.728,0,1.0,238,second
Qumo9aptqbzaerkhxqub8q5eeQ,learn_relquest,0.0,"[7, 4]",22.0,0.792,0,0.0,239,second
Qumo9aptqbzaerkhxqub8q5eeQ,learn_relquest,0.0,"[2, 4]",23.0,0.721,1,1.0,240,second
Qumo9aptqbzaerkhxqub8q5eeQ,learn_relquest,0.0,"[4, 5]",24.0,0.596,0,0.0,241,second
Qumo9aptqbzaerkhxqub8q5eeQ,learn_relquest,1.0,"[1, 4]",25.0,0.713,0,1.0,242,second
Qumo9aptqbzaerkhxqub8q5eeQ,learn_relquest,1.0,"[1, 7]",26.0,1.029,1,0.0,243,second
Qumo9aptqbzaerkhxqub8q5eeQ,learn_relquest,0.0,"[1, 2]",27.0,0.657,0,0.0,244,second
Qumo9aptqbzaerkhxqub8q5eeQ,learn_relquest,0.0,"[4, 6]",0.0,2.496,0,0.0,331,third
Qumo9aptqbzaerkhxqub8q5eeQ,learn_relquest,1.0,"[5, 6]",1.0,1.172,0,1.0,332,third
Qumo9aptqbzaerkhxqub8q5eeQ,learn_relquest,1.0,"[0, 7]",2.0,1.951,0,1.0,333,third
Qumo9aptqbzaerkhxqub8q5eeQ,learn_relquest,0.0,"[4, 3]",3.0,1.821,1,1.0,334,third
Qumo9aptqbzaerkhxqub8q5eeQ,learn_relquest,1.0,"[7, 6]",4.0,1.46,0,1.0,335,third
Qumo9aptqbzaerkhxqub8q5eeQ,learn_relquest,1.0,"[1, 4]",5.0,1.134,0,1.0,336,third
Qumo9aptqbzaerkhxqub8q5eeQ,learn_relquest,0.0,"[0, 1]",6.0,1.738,1,1.0,337,third
Qumo9aptqbzaerkhxqub8q5eeQ,learn_relquest,0.0,"[3, 1]",7.0,1.593,1,1.0,338,third
Qumo9aptqbzaerkhxqub8q5eeQ,learn_relquest,1.0,"[4, 1]",8.0,1.188,0,1.0,339,third
Qumo9aptqbzaerkhxqub8q5eeQ,learn_relquest,1.0,"[6, 5]",9.0,1.213,0,1.0,340,third
Qumo9aptqbzaerkhxqub8q5eeQ,learn_relquest,1.0,"[3, 5]",10.0,1.285,0,1.0,341,third
Qumo9aptqbzaerkhxqub8q5eeQ,learn_relquest,0.0,"[0, 2]",11.0,1.737,1,1.0,342,third
Qumo9aptqbzaerkhxqub8q5eeQ,learn_relquest,0.0,"[0, 6]",12.0,1.847,0,0.0,343,third
Qumo9aptqbzaerkhxqub8q5eeQ,learn_relquest,0.0,"[2, 0]",13.0,2.021,1,1.0,344,third
Qumo9aptqbzaerkhxqub8q5eeQ,learn_relquest,1.0,"[6, 2]",14.0,1.553,0,1.0,345,third
Qumo9aptqbzaerkhxqub8q5eeQ,learn_relquest,0.0,"[6, 4]",15.0,3.728,0,0.0,346,third
Qumo9aptqbzaerkhxqub8q5eeQ,learn_relquest,1.0,"[1, 7]",16.0,1.874,0,1.0,347,third
Qumo9aptqbzaerkhxqub8q5eeQ,learn_relquest,0.0,"[1, 6]",17.0,4.174,0,0.0,348,third
Qumo9aptqbzaerkhxqub8q5eeQ,learn_relquest,0.0,"[1, 0]",18.0,1.068,0,0.0,349,third
Qumo9aptqbzaerkhxqub8q5eeQ,learn_relquest,0.0,"[3, 6]",19.0,2.197,0,0.0,350,third
Qumo9aptqbzaerkhxqub8q5eeQ,learn_relquest,1.0,"[7, 1]",20.0,0.95,0,1.0,351,third
Qumo9aptqbzaerkhxqub8q5eeQ,learn_relquest,0.0,"[2, 7]",21.0,1.412,1,1.0,352,third
Qumo9aptqbzaerkhxqub8q5eeQ,learn_relquest,0.0,"[1, 5]",22.0,1.041,0,0.0,353,third
Qumo9aptqbzaerkhxqub8q5eeQ,learn_relquest,1.0,"[6, 7]",23.0,1.973,0,1.0,354,third
Qumo9aptqbzaerkhxqub8q5eeQ,learn_relquest,1.0,"[5, 3]",24.0,6.433,0,1.0,355,third
Qumo9aptqbzaerkhxqub8q5eeQ,learn_relquest,1.0,"[2, 6]",25.0,1.517,0,1.0,356,third
Qumo9aptqbzaerkhxqub8q5eeQ,learn_relquest,0.0,"[7, 4]",26.0,1.191,0,0.0,357,third
Qumo9aptqbzaerkhxqub8q5eeQ,learn_relquest,1.0,"[7, 0]",27.0,1.936,0,1.0,358,third
Qumo9aptqbzaerkhxqub8q5eeQ,learn_relquest,1.0,"[7, 6]",0.0,1.699,0,1.0,445,fourth
Qumo9aptqbzaerkhxqub8q5eeQ,learn_relquest,0.0,"[4, 7]",1.0,3.129,0,0.0,446,fourth
Qumo9aptqbzaerkhxqub8q5eeQ,learn_relquest,1.0,"[4, 1]",2.0,0.958,0,1.0,447,fourth
Qumo9aptqbzaerkhxqub8q5eeQ,learn_relquest,1.0,"[7, 1]",3.0,1.365,0,1.0,448,fourth
Qumo9aptqbzaerkhxqub8q5eeQ,learn_relquest,1.0,"[6, 2]",4.0,2.332,1,0.0,449,fourth
Qumo9aptqbzaerkhxqub8q5eeQ,learn_relquest,0.0,"[2, 1]",5.0,1.717,1,1.0,450,fourth
Qumo9aptqbzaerkhxqub8q5eeQ,learn_relquest,1.0,"[7, 0]",6.0,0.857,0,1.0,451,fourth
Qumo9aptqbzaerkhxqub8q5eeQ,learn_relquest,0.0,"[5, 2]",7.0,1.757,0,0.0,452,fourth
Qumo9aptqbzaerkhxqub8q5eeQ,learn_relquest,0.0,"[1, 2]",8.0,0.655,0,0.0,453,fourth
Qumo9aptqbzaerkhxqub8q5eeQ,learn_relquest,0.0,"[7, 3]",9.0,3.222,1,1.0,454,fourth
Qumo9aptqbzaerkhxqub8q5eeQ,learn_relquest,0.0,"[1, 3]",10.0,1.635,1,1.0,455,fourth
Qumo9aptqbzaerkhxqub8q5eeQ,learn_relquest,0.0,"[3, 0]",11.0,1.193,1,1.0,456,fourth
Qumo9aptqbzaerkhxqub8q5eeQ,learn_relquest,1.0,"[1, 7]",12.0,1.09,0,1.0,457,fourth
Qumo9aptqbzaerkhxqub8q5eeQ,learn_relquest,1.0,"[1, 4]",13.0,0.875,0,1.0,458,fourth
Qumo9aptqbzaerkhxqub8q5eeQ,learn_relquest,1.0,"[2, 6]",14.0,1.615,0,1.0,459,fourth
Qumo9aptqbzaerkhxqub8q5eeQ,learn_relquest,1.0,"[3, 5]",15.0,1.137,0,1.0,460,fourth
Qumo9aptqbzaerkhxqub8q5eeQ,learn_relquest,0.0,"[4, 2]",16.0,0.813,0,0.0,461,fourth
Qumo9aptqbzaerkhxqub8q5eeQ,learn_relquest,0.0,"[5, 7]",17.0,1.75,1,1.0,462,fourth
Qumo9aptqbzaerkhxqub8q5eeQ,learn_relquest,0.0,"[5, 4]",18.0,7.299,0,0.0,463,fourth
Qumo9aptqbzaerkhxqub8q5eeQ,learn_relquest,0.0,"[7, 2]",19.0,0.643,0,0.0,464,fourth
Qumo9aptqbzaerkhxqub8q5eeQ,learn_relquest,1.0,"[6, 7]",20.0,1.422,1,0.0,465,fourth
Qumo9aptqbzaerkhxqub8q5eeQ,learn_relquest,0.0,"[7, 5]",21.0,0.911,1,1.0,466,fourth
Qumo9aptqbzaerkhxqub8q5eeQ,learn_relquest,1.0,"[5, 3]",22.0,0.607,0,1.0,467,fourth
Qumo9aptqbzaerkhxqub8q5eeQ,learn_relquest,1.0,"[0, 7]",23.0,0.528,0,1.0,468,fourth
Qumo9aptqbzaerkhxqub8q5eeQ,learn_relquest,1.0,"[5, 6]",24.0,0.507,0,1.0,469,fourth
Qumo9aptqbzaerkhxqub8q5eeQ,learn_relquest,0.0,"[0, 2]",25.0,0.43,0,0.0,470,fourth
Qumo9aptqbzaerkhxqub8q5eeQ,learn_relquest,1.0,"[6, 5]",26.0,0.629,0,1.0,471,fourth
Qumo9aptqbzaerkhxqub8q5eeQ,learn_relquest,0.0,"[0, 3]",27.0,1.145,1,1.0,472,fourth
Qumo9aptqbzaerkhxqub8q5eeQ,learn_relquest,0.0,"[2, 7]",0.0,3.556,0,0.0,559,fifth
Qumo9aptqbzaerkhxqub8q5eeQ,learn_relquest,0.0,"[3, 7]",1.0,0.944,0,0.0,560,fifth
Qumo9aptqbzaerkhxqub8q5eeQ,learn_relquest,0.0,"[1, 2]",2.0,1.356,0,0.0,561,fifth
Qumo9aptqbzaerkhxqub8q5eeQ,learn_relquest,1.0,"[7, 6]",3.0,0.882,0,1.0,562,fifth
Qumo9aptqbzaerkhxqub8q5eeQ,learn_relquest,1.0,"[7, 0]",4.0,1.344,0,1.0,563,fifth
Qumo9aptqbzaerkhxqub8q5eeQ,learn_relquest,1.0,"[5, 6]",5.0,0.694,0,1.0,564,fifth
Qumo9aptqbzaerkhxqub8q5eeQ,learn_relquest,0.0,"[0, 2]",6.0,1.221,1,1.0,565,fifth
Qumo9aptqbzaerkhxqub8q5eeQ,learn_relquest,0.0,"[7, 4]",7.0,1.108,0,0.0,566,fifth
Qumo9aptqbzaerkhxqub8q5eeQ,learn_relquest,1.0,"[0, 7]",8.0,0.851,0,1.0,567,fifth
Qumo9aptqbzaerkhxqub8q5eeQ,learn_relquest,0.0,"[2, 5]",9.0,3.82,0,0.0,568,fifth
Qumo9aptqbzaerkhxqub8q5eeQ,learn_relquest,0.0,"[0, 5]",10.0,6.987,0,0.0,569,fifth
Qumo9aptqbzaerkhxqub8q5eeQ,learn_relquest,1.0,"[4, 1]",11.0,1.158,0,1.0,570,fifth
Qumo9aptqbzaerkhxqub8q5eeQ,learn_relquest,1.0,"[6, 5]",12.0,3.822,0,1.0,571,fifth
Qumo9aptqbzaerkhxqub8q5eeQ,learn_relquest,0.0,"[3, 0]",13.0,1.513,1,1.0,572,fifth
Qumo9aptqbzaerkhxqub8q5eeQ,learn_relquest,1.0,"[6, 7]",14.0,1.673,0,1.0,573,fifth
Qumo9aptqbzaerkhxqub8q5eeQ,learn_relquest,1.0,"[5, 3]",15.0,1.833,1,0.0,574,fifth
Qumo9aptqbzaerkhxqub8q5eeQ,learn_relquest,1.0,"[2, 6]",16.0,2.243,1,0.0,575,fifth
Qumo9aptqbzaerkhxqub8q5eeQ,learn_relquest,1.0,"[1, 7]",17.0,2.024,0,1.0,576,fifth
Qumo9aptqbzaerkhxqub8q5eeQ,learn_relquest,0.0,"[4, 7]",18.0,1.361,1,1.0,577,fifth
Qumo9aptqbzaerkhxqub8q5eeQ,learn_relquest,0.0,"[3, 4]",19.0,3.894,0,0.0,578,fifth
Qumo9aptqbzaerkhxqub8q5eeQ,learn_relquest,1.0,"[1, 4]",20.0,2.19,0,1.0,579,fifth
Qumo9aptqbzaerkhxqub8q5eeQ,learn_relquest,0.0,"[2, 0]",21.0,1.88,1,1.0,580,fifth
Qumo9aptqbzaerkhxqub8q5eeQ,learn_relquest,0.0,"[4, 6]",22.0,6.831,0,0.0,581,fifth
Qumo9aptqbzaerkhxqub8q5eeQ,learn_relquest,1.0,"[6, 2]",23.0,1.723,1,0.0,582,fifth
Qumo9aptqbzaerkhxqub8q5eeQ,learn_relquest,1.0,"[7, 1]",24.0,2.0,1,0.0,583,fifth
Qumo9aptqbzaerkhxqub8q5eeQ,learn_relquest,1.0,"[3, 5]",25.0,0.593,0,1.0,584,fifth
Qumo9aptqbzaerkhxqub8q5eeQ,learn_relquest,0.0,"[4, 2]",26.0,0.224,0,0.0,585,fifth
Qumo9aptqbzaerkhxqub8q5eeQ,learn_relquest,0.0,"[6, 1]",27.0,0.557,0,0.0,586,fifth
Q804vxhri48ah3chx02q0akkiQ,learn_relquest,0.0,"[6, 3]",0.0,4.723,0,0.0,101,first
Q804vxhri48ah3chx02q0akkiQ,learn_relquest,1.0,"[0, 7]",1.0,3.925,1,0.0,102,first
Q804vxhri48ah3chx02q0akkiQ,learn_relquest,1.0,"[7, 1]",2.0,3.877,1,0.0,103,first
Q804vxhri48ah3chx02q0akkiQ,learn_relquest,1.0,"[7, 6]",3.0,2.164,0,1.0,104,first
Q804vxhri48ah3chx02q0akkiQ,learn_relquest,1.0,"[3, 5]",4.0,2.1,0,1.0,105,first
Q804vxhri48ah3chx02q0akkiQ,learn_relquest,1.0,"[1, 4]",5.0,1.808,0,1.0,106,first
Q804vxhri48ah3chx02q0akkiQ,learn_relquest,1.0,"[5, 6]",6.0,1.784,0,1.0,107,first
Q804vxhri48ah3chx02q0akkiQ,learn_relquest,0.0,"[2, 1]",7.0,2.447,1,1.0,108,first
Q804vxhri48ah3chx02q0akkiQ,learn_relquest,1.0,"[2, 6]",8.0,3.504,0,1.0,109,first
Q804vxhri48ah3chx02q0akkiQ,learn_relquest,0.0,"[4, 5]",9.0,1.316,0,0.0,110,first
Q804vxhri48ah3chx02q0akkiQ,learn_relquest,0.0,"[2, 4]",10.0,2.189,1,1.0,111,first
Q804vxhri48ah3chx02q0akkiQ,learn_relquest,0.0,"[5, 2]",11.0,1.303,0,0.0,112,first
Q804vxhri48ah3chx02q0akkiQ,learn_relquest,1.0,"[7, 0]",12.0,1.563,0,1.0,113,first
Q804vxhri48ah3chx02q0akkiQ,learn_relquest,0.0,"[6, 0]",13.0,1.362,0,0.0,114,first
Q804vxhri48ah3chx02q0akkiQ,learn_relquest,0.0,"[7, 2]",14.0,2.051,0,0.0,115,first
Q804vxhri48ah3chx02q0akkiQ,learn_relquest,0.0,"[6, 4]",15.0,1.943,0,0.0,116,first
Q804vxhri48ah3chx02q0akkiQ,learn_relquest,1.0,"[6, 2]",16.0,1.687,0,1.0,117,first
Q804vxhri48ah3chx02q0akkiQ,learn_relquest,0.0,"[1, 5]",17.0,2.187,1,1.0,118,first
Q804vxhri48ah3chx02q0akkiQ,learn_relquest,1.0,"[4, 1]",18.0,3.381,1,0.0,119,first
Q804vxhri48ah3chx02q0akkiQ,learn_relquest,0.0,"[3, 4]",19.0,3.313,0,0.0,120,first
Q804vxhri48ah3chx02q0akkiQ,learn_relquest,1.0,"[5, 3]",20.0,2.336,0,1.0,121,first
Q804vxhri48ah3chx02q0akkiQ,learn_relquest,1.0,"[1, 7]",21.0,3.314,0,1.0,122,first
Q804vxhri48ah3chx02q0akkiQ,learn_relquest,1.0,"[6, 5]",22.0,1.293,0,1.0,123,first
Q804vxhri48ah3chx02q0akkiQ,learn_relquest,0.0,"[0, 4]",23.0,2.379,0,0.0,124,first
Q804vxhri48ah3chx02q0akkiQ,learn_relquest,1.0,"[6, 7]",24.0,0.595,0,1.0,125,first
Q804vxhri48ah3chx02q0akkiQ,learn_relquest,0.0,"[0, 5]",25.0,1.753,0,0.0,126,first
Q804vxhri48ah3chx02q0akkiQ,learn_relquest,0.0,"[4, 6]",26.0,3.589,0,0.0,127,first
Q804vxhri48ah3chx02q0akkiQ,learn_relquest,0.0,"[1, 0]",27.0,1.202,0,0.0,128,first
Q804vxhri48ah3chx02q0akkiQ,learn_relquest,0.0,"[4, 2]",0.0,13.216,1,1.0,217,second
Q804vxhri48ah3chx02q0akkiQ,learn_relquest,1.0,"[7, 0]",1.0,8.574,1,0.0,218,second
Q804vxhri48ah3chx02q0akkiQ,learn_relquest,1.0,"[1, 4]",2.0,8.647,0,1.0,219,second
Q804vxhri48ah3chx02q0akkiQ,learn_relquest,0.0,"[3, 0]",3.0,6.447,0,0.0,220,second
Q804vxhri48ah3chx02q0akkiQ,learn_relquest,1.0,"[4, 1]",4.0,13.423,0,1.0,221,second
Q804vxhri48ah3chx02q0akkiQ,learn_relquest,0.0,"[5, 0]",5.0,3.204,0,0.0,222,second
Q804vxhri48ah3chx02q0akkiQ,learn_relquest,1.0,"[5, 3]",6.0,12.066,1,0.0,223,second
Q804vxhri48ah3chx02q0akkiQ,learn_relquest,0.0,"[1, 0]",7.0,9.032,1,1.0,224,second
Q804vxhri48ah3chx02q0akkiQ,learn_relquest,1.0,"[5, 6]",8.0,6.856,0,1.0,225,second
Q804vxhri48ah3chx02q0akkiQ,learn_relquest,0.0,"[1, 2]",9.0,6.44,1,1.0,226,second
Q804vxhri48ah3chx02q0akkiQ,learn_relquest,0.0,"[6, 0]",10.0,13.345,1,1.0,227,second
Q804vxhri48ah3chx02q0akkiQ,learn_relquest,0.0,"[2, 4]",11.0,10.502,1,1.0,228,second
Q804vxhri48ah3chx02q0akkiQ,learn_relquest,0.0,"[0, 5]",12.0,12.499,0,0.0,229,second
Q804vxhri48ah3chx02q0akkiQ,learn_relquest,0.0,"[0, 4]",13.0,22.619,1,1.0,230,second
Q804vxhri48ah3chx02q0akkiQ,learn_relquest,0.0,"[3, 2]",14.0,16.457,1,1.0,231,second
Q804vxhri48ah3chx02q0akkiQ,learn_relquest,0.0,"[2, 5]",15.0,15.777,1,1.0,232,second
Q804vxhri48ah3chx02q0akkiQ,learn_relquest,0.0,"[4, 7]",16.0,6.634,1,1.0,233,second
Q804vxhri48ah3chx02q0akkiQ,learn_relquest,1.0,"[2, 6]",17.0,8.015,0,1.0,234,second
Q804vxhri48ah3chx02q0akkiQ,learn_relquest,1.0,"[7, 1]",18.0,10.057,1,0.0,235,second
Q804vxhri48ah3chx02q0akkiQ,learn_relquest,1.0,"[7, 6]",19.0,6.729,1,0.0,236,second
Q804vxhri48ah3chx02q0akkiQ,learn_relquest,1.0,"[6, 5]",20.0,9.149,0,1.0,237,second
Q804vxhri48ah3chx02q0akkiQ,learn_relquest,1.0,"[0, 7]",21.0,7.153,0,1.0,238,second
Q804vxhri48ah3chx02q0akkiQ,learn_relquest,1.0,"[1, 7]",22.0,9.39,1,0.0,239,second
Q804vxhri48ah3chx02q0akkiQ,learn_relquest,0.0,"[7, 3]",23.0,5.738,1,1.0,240,second
Q804vxhri48ah3chx02q0akkiQ,learn_relquest,1.0,"[3, 5]",24.0,13.181,1,0.0,241,second
Q804vxhri48ah3chx02q0akkiQ,learn_relquest,1.0,"[6, 2]",25.0,4.898,0,1.0,242,second
Q804vxhri48ah3chx02q0akkiQ,learn_relquest,1.0,"[6, 7]",26.0,4.869,0,1.0,243,second
Q804vxhri48ah3chx02q0akkiQ,learn_relquest,0.0,"[1, 6]",27.0,9.465,1,1.0,244,second
Q804vxhri48ah3chx02q0akkiQ,learn_relquest,1.0,"[7, 1]",0.0,2.152,0,1.0,101,first
Q804vxhri48ah3chx02q0akkiQ,learn_relquest,1.0,"[5, 6]",1.0,1.526,0,1.0,102,first
Q804vxhri48ah3chx02q0akkiQ,learn_relquest,0.0,"[4, 6]",2.0,1.729,1,1.0,103,first
Q804vxhri48ah3chx02q0akkiQ,learn_relquest,1.0,"[0, 7]",3.0,1.517,0,1.0,104,first
Q804vxhri48ah3chx02q0akkiQ,learn_relquest,0.0,"[0, 2]",4.0,1.436,0,0.0,105,first
Q804vxhri48ah3chx02q0akkiQ,learn_relquest,1.0,"[2, 6]",5.0,1.289,0,1.0,106,first
Q804vxhri48ah3chx02q0akkiQ,learn_relquest,0.0,"[6, 4]",6.0,1.278,0,0.0,107,first
Q804vxhri48ah3chx02q0akkiQ,learn_relquest,0.0,"[6, 0]",7.0,1.285,0,0.0,108,first
Q804vxhri48ah3chx02q0akkiQ,learn_relquest,0.0,"[1, 5]",8.0,1.252,0,0.0,109,first
Q804vxhri48ah3chx02q0akkiQ,learn_relquest,1.0,"[6, 2]",9.0,1.338,0,1.0,110,first
Q804vxhri48ah3chx02q0akkiQ,learn_relquest,1.0,"[1, 4]",10.0,0.998,1,0.0,111,first
Q804vxhri48ah3chx02q0akkiQ,learn_relquest,0.0,"[7, 2]",11.0,0.945,0,0.0,112,first
Q804vxhri48ah3chx02q0akkiQ,learn_relquest,1.0,"[7, 0]",12.0,1.738,0,1.0,113,first
Q804vxhri48ah3chx02q0akkiQ,learn_relquest,1.0,"[6, 7]",13.0,1.188,0,1.0,114,first
Q804vxhri48ah3chx02q0akkiQ,learn_relquest,1.0,"[6, 5]",14.0,1.269,0,1.0,115,first
Q804vxhri48ah3chx02q0akkiQ,learn_relquest,0.0,"[4, 5]",15.0,0.92,1,1.0,116,first
Q804vxhri48ah3chx02q0akkiQ,learn_relquest,1.0,"[5, 3]",16.0,1.226,1,0.0,117,first
Q804vxhri48ah3chx02q0akkiQ,learn_relquest,1.0,"[1, 7]",17.0,0.867,0,1.0,118,first
Q804vxhri48ah3chx02q0akkiQ,learn_relquest,0.0,"[3, 1]",18.0,1.488,0,0.0,119,first
Q804vxhri48ah3chx02q0akkiQ,learn_relquest,0.0,"[0, 5]",19.0,1.192,1,1.0,120,first
Q804vxhri48ah3chx02q0akkiQ,learn_relquest,1.0,"[3, 5]",20.0,0.925,0,1.0,121,first
Q804vxhri48ah3chx02q0akkiQ,learn_relquest,1.0,"[4, 1]",21.0,2.955,1,0.0,122,first
Q804vxhri48ah3chx02q0akkiQ,learn_relquest,0.0,"[5, 7]",22.0,1.836,1,1.0,123,first
Q804vxhri48ah3chx02q0akkiQ,learn_relquest,0.0,"[4, 7]",23.0,2.694,0,0.0,124,first
Q804vxhri48ah3chx02q0akkiQ,learn_relquest,0.0,"[1, 3]",24.0,1.323,0,0.0,125,first
Q804vxhri48ah3chx02q0akkiQ,learn_relquest,0.0,"[2, 1]",25.0,1.278,0,0.0,126,first
Q804vxhri48ah3chx02q0akkiQ,learn_relquest,0.0,"[3, 6]",26.0,1.092,1,1.0,127,first
Q804vxhri48ah3chx02q0akkiQ,learn_relquest,1.0,"[7, 6]",27.0,1.421,1,0.0,128,first
Q804vxhri48ah3chx02q0akkiQ,learn_relquest,1.0,"[5, 6]",0.0,5.94,0,1.0,101,first
Q804vxhri48ah3chx02q0akkiQ,learn_relquest,1.0,"[6, 5]",1.0,5.167,0,1.0,102,first
Q804vxhri48ah3chx02q0akkiQ,learn_relquest,1.0,"[7, 0]",2.0,6.188,0,1.0,103,first
Q804vxhri48ah3chx02q0akkiQ,learn_relquest,1.0,"[1, 7]",3.0,5.887,0,1.0,104,first
Q804vxhri48ah3chx02q0akkiQ,learn_relquest,1.0,"[6, 2]",4.0,3.405,0,1.0,105,first
Q804vxhri48ah3chx02q0akkiQ,learn_relquest,0.0,"[1, 3]",5.0,4.945,0,0.0,106,first
Q804vxhri48ah3chx02q0akkiQ,learn_relquest,0.0,"[1, 0]",6.0,3.426,1,1.0,107,first
Q804vxhri48ah3chx02q0akkiQ,learn_relquest,0.0,"[1, 5]",7.0,2.891,1,1.0,108,first
Q804vxhri48ah3chx02q0akkiQ,learn_relquest,0.0,"[4, 5]",8.0,3.552,1,1.0,109,first
Q804vxhri48ah3chx02q0akkiQ,learn_relquest,0.0,"[3, 6]",9.0,3.605,0,0.0,110,first
Q804vxhri48ah3chx02q0akkiQ,learn_relquest,0.0,"[2, 7]",10.0,3.464,1,1.0,111,first
Q804vxhri48ah3chx02q0akkiQ,learn_relquest,1.0,"[4, 1]",11.0,3.058,0,1.0,112,first
Q804vxhri48ah3chx02q0akkiQ,learn_relquest,1.0,"[2, 6]",12.0,2.943,0,1.0,113,first
Q804vxhri48ah3chx02q0akkiQ,learn_relquest,0.0,"[5, 4]",13.0,3.86,1,1.0,114,first
Q804vxhri48ah3chx02q0akkiQ,learn_relquest,1.0,"[1, 4]",14.0,5.695,0,1.0,115,first
Q804vxhri48ah3chx02q0akkiQ,learn_relquest,1.0,"[3, 5]",15.0,12.131,0,1.0,116,first
Q804vxhri48ah3chx02q0akkiQ,learn_relquest,1.0,"[6, 7]",16.0,8.692,0,1.0,117,first
Q804vxhri48ah3chx02q0akkiQ,learn_relquest,1.0,"[0, 7]",17.0,4.134,0,1.0,118,first
Q804vxhri48ah3chx02q0akkiQ,learn_relquest,0.0,"[1, 2]",18.0,3.278,1,1.0,119,first
Q804vxhri48ah3chx02q0akkiQ,learn_relquest,0.0,"[0, 1]",19.0,9.753,1,1.0,120,first
Q804vxhri48ah3chx02q0akkiQ,learn_relquest,0.0,"[4, 3]",20.0,2.834,1,1.0,121,first
Q804vxhri48ah3chx02q0akkiQ,learn_relquest,0.0,"[4, 6]",21.0,2.821,1,1.0,122,first
Q804vxhri48ah3chx02q0akkiQ,learn_relquest,1.0,"[7, 1]",22.0,8.016,0,1.0,123,first
Q804vxhri48ah3chx02q0akkiQ,learn_relquest,1.0,"[7, 6]",23.0,4.076,0,1.0,124,first
Q804vxhri48ah3chx02q0akkiQ,learn_relquest,0.0,"[6, 1]",24.0,5.537,1,1.0,125,first
Q804vxhri48ah3chx02q0akkiQ,learn_relquest,1.0,"[5, 3]",25.0,6.306,0,1.0,126,first
Q804vxhri48ah3chx02q0akkiQ,learn_relquest,0.0,"[7, 2]",26.0,4.807,1,1.0,127,first
Q804vxhri48ah3chx02q0akkiQ,learn_relquest,0.0,"[2, 0]",27.0,3.036,1,1.0,128,first
Q804vxhri48ah3chx02q0akkiQ,learn_relquest,1.0,"[2, 6]",0.0,5.786,0,1.0,217,second
Q804vxhri48ah3chx02q0akkiQ,learn_relquest,1.0,"[6, 2]",1.0,4.29,0,1.0,218,second
Q804vxhri48ah3chx02q0akkiQ,learn_relquest,1.0,"[6, 7]",2.0,3.238,0,1.0,219,second
Q804vxhri48ah3chx02q0akkiQ,learn_relquest,1.0,"[4, 1]",3.0,3.038,0,1.0,220,second
Q804vxhri48ah3chx02q0akkiQ,learn_relquest,1.0,"[1, 7]",4.0,2.845,0,1.0,221,second
Q804vxhri48ah3chx02q0akkiQ,learn_relquest,1.0,"[3, 5]",5.0,5.046,1,0.0,222,second
Q804vxhri48ah3chx02q0akkiQ,learn_relquest,0.0,"[2, 5]",6.0,3.201,1,1.0,223,second
Q804vxhri48ah3chx02q0akkiQ,learn_relquest,0.0,"[3, 2]",7.0,4.314,1,1.0,224,second
Q804vxhri48ah3chx02q0akkiQ,learn_relquest,1.0,"[7, 0]",8.0,6.717,0,1.0,225,second
Q804vxhri48ah3chx02q0akkiQ,learn_relquest,0.0,"[5, 1]",9.0,6.427,1,1.0,226,second
Q804vxhri48ah3chx02q0akkiQ,learn_relquest,0.0,"[6, 3]",10.0,4.88,0,0.0,227,second
Q804vxhri48ah3chx02q0akkiQ,learn_relquest,0.0,"[0, 3]",11.0,3.906,0,0.0,228,second
Q804vxhri48ah3chx02q0akkiQ,learn_relquest,1.0,"[1, 4]",12.0,3.962,0,1.0,229,second
Q804vxhri48ah3chx02q0akkiQ,learn_relquest,0.0,"[0, 1]",13.0,6.451,1,1.0,230,second
Q804vxhri48ah3chx02q0akkiQ,learn_relquest,0.0,"[1, 2]",14.0,3.831,1,1.0,231,second
Q804vxhri48ah3chx02q0akkiQ,learn_relquest,1.0,"[5, 3]",15.0,5.455,1,0.0,232,second
Q804vxhri48ah3chx02q0akkiQ,learn_relquest,0.0,"[7, 3]",16.0,2.638,1,1.0,233,second
Q804vxhri48ah3chx02q0akkiQ,learn_relquest,1.0,"[5, 6]",17.0,3.73,0,1.0,234,second
Q804vxhri48ah3chx02q0akkiQ,learn_relquest,0.0,"[4, 6]",18.0,5.576,1,1.0,235,second
Q804vxhri48ah3chx02q0akkiQ,learn_relquest,0.0,"[5, 7]",19.0,5.112,1,1.0,236,second
Q804vxhri48ah3chx02q0akkiQ,learn_relquest,0.0,"[5, 0]",20.0,7.024,1,1.0,237,second
Q804vxhri48ah3chx02q0akkiQ,learn_relquest,1.0,"[6, 5]",21.0,7.232,0,1.0,238,second
Q804vxhri48ah3chx02q0akkiQ,learn_relquest,0.0,"[5, 2]",22.0,8.264,1,1.0,239,second
Q804vxhri48ah3chx02q0akkiQ,learn_relquest,1.0,"[7, 1]",23.0,4.533,0,1.0,240,second
Q804vxhri48ah3chx02q0akkiQ,learn_relquest,1.0,"[0, 7]",24.0,4.024,0,1.0,241,second
Q804vxhri48ah3chx02q0akkiQ,learn_relquest,0.0,"[7, 5]",25.0,4.545,1,1.0,242,second
Q804vxhri48ah3chx02q0akkiQ,learn_relquest,1.0,"[7, 6]",26.0,2.77,0,1.0,243,second
Q804vxhri48ah3chx02q0akkiQ,learn_relquest,0.0,"[4, 3]",27.0,3.494,1,1.0,244,second
Q804vxhri48ah3chx02q0akkiQ,learn_relquest,1.0,"[5, 3]",0.0,5.157,1,0.0,331,third
Q804vxhri48ah3chx02q0akkiQ,learn_relquest,0.0,"[4, 2]",1.0,4.769,1,1.0,332,third
Q804vxhri48ah3chx02q0akkiQ,learn_relquest,0.0,"[2, 7]",2.0,2.988,1,1.0,333,third
Q804vxhri48ah3chx02q0akkiQ,learn_relquest,0.0,"[3, 2]",3.0,4.263,1,1.0,334,third
Q804vxhri48ah3chx02q0akkiQ,learn_relquest,0.0,"[1, 3]",4.0,3.847,0,0.0,335,third
Q804vxhri48ah3chx02q0akkiQ,learn_relquest,1.0,"[7, 6]",5.0,3.187,0,1.0,336,third
Q804vxhri48ah3chx02q0akkiQ,learn_relquest,0.0,"[7, 2]",6.0,3.753,1,1.0,337,third
Q804vxhri48ah3chx02q0akkiQ,learn_relquest,0.0,"[0, 4]",7.0,5.383,1,1.0,338,third
Q804vxhri48ah3chx02q0akkiQ,learn_relquest,1.0,"[1, 7]",8.0,5.357,0,1.0,339,third
Q804vxhri48ah3chx02q0akkiQ,learn_relquest,1.0,"[5, 6]",9.0,7.11,0,1.0,340,third
Q804vxhri48ah3chx02q0akkiQ,learn_relquest,1.0,"[6, 7]",10.0,5.587,0,1.0,341,third
Q804vxhri48ah3chx02q0akkiQ,learn_relquest,1.0,"[7, 0]",11.0,4.524,0,1.0,342,third
Q804vxhri48ah3chx02q0akkiQ,learn_relquest,0.0,"[0, 1]",12.0,4.237,1,1.0,343,third
Q804vxhri48ah3chx02q0akkiQ,learn_relquest,1.0,"[2, 6]",13.0,2.751,0,1.0,344,third
Q804vxhri48ah3chx02q0akkiQ,learn_relquest,1.0,"[7, 1]",14.0,4.35,0,1.0,345,third
Q804vxhri48ah3chx02q0akkiQ,learn_relquest,0.0,"[4, 6]",15.0,3.181,1,1.0,346,third
Q804vxhri48ah3chx02q0akkiQ,learn_relquest,0.0,"[7, 3]",16.0,2.006,1,1.0,347,third
Q804vxhri48ah3chx02q0akkiQ,learn_relquest,1.0,"[6, 5]",17.0,5.377,0,1.0,348,third
Q804vxhri48ah3chx02q0akkiQ,learn_relquest,1.0,"[1, 4]",18.0,3.918,0,1.0,349,third
Q804vxhri48ah3chx02q0akkiQ,learn_relquest,1.0,"[0, 7]",19.0,6.771,0,1.0,350,third
Q804vxhri48ah3chx02q0akkiQ,learn_relquest,0.0,"[3, 7]",20.0,1.692,1,1.0,351,third
Q804vxhri48ah3chx02q0akkiQ,learn_relquest,0.0,"[5, 7]",21.0,8.118,0,0.0,352,third
Q804vxhri48ah3chx02q0akkiQ,learn_relquest,0.0,"[1, 2]",22.0,4.408,1,1.0,353,third
Q804vxhri48ah3chx02q0akkiQ,learn_relquest,0.0,"[5, 0]",23.0,3.521,1,1.0,354,third
Q804vxhri48ah3chx02q0akkiQ,learn_relquest,0.0,"[2, 3]",24.0,4.324,1,1.0,355,third
Q804vxhri48ah3chx02q0akkiQ,learn_relquest,1.0,"[3, 5]",25.0,4.11,1,0.0,356,third
Q804vxhri48ah3chx02q0akkiQ,learn_relquest,1.0,"[6, 2]",26.0,5.631,0,1.0,357,third
Q804vxhri48ah3chx02q0akkiQ,learn_relquest,1.0,"[4, 1]",27.0,5.699,0,1.0,358,third
Qoi8ieu7t8yg1ek41vlryend7Q,learn_relquest,0.0,"[1, 5]",0.0,3.172,1,1.0,101,first
Qoi8ieu7t8yg1ek41vlryend7Q,learn_relquest,1.0,"[7, 6]",1.0,3.165,1,0.0,102,first
Qoi8ieu7t8yg1ek41vlryend7Q,learn_relquest,1.0,"[2, 6]",2.0,1.431,0,1.0,103,first
Qoi8ieu7t8yg1ek41vlryend7Q,learn_relquest,1.0,"[7, 1]",3.0,1.768,0,1.0,104,first
Qoi8ieu7t8yg1ek41vlryend7Q,learn_relquest,0.0,"[0, 5]",4.0,1.751,1,1.0,105,first
Qoi8ieu7t8yg1ek41vlryend7Q,learn_relquest,0.0,"[0, 4]",5.0,1.319,1,1.0,106,first
Qoi8ieu7t8yg1ek41vlryend7Q,learn_relquest,0.0,"[7, 4]",6.0,2.528,1,1.0,107,first
Qoi8ieu7t8yg1ek41vlryend7Q,learn_relquest,1.0,"[5, 3]",7.0,1.35,0,1.0,108,first
Qoi8ieu7t8yg1ek41vlryend7Q,learn_relquest,0.0,"[2, 0]",8.0,1.702,1,1.0,109,first
Qoi8ieu7t8yg1ek41vlryend7Q,learn_relquest,0.0,"[2, 4]",9.0,3.016,1,1.0,110,first
Qoi8ieu7t8yg1ek41vlryend7Q,learn_relquest,0.0,"[7, 5]",10.0,1.566,1,1.0,111,first
Qoi8ieu7t8yg1ek41vlryend7Q,learn_relquest,0.0,"[3, 2]",11.0,2.505,1,1.0,112,first
Qoi8ieu7t8yg1ek41vlryend7Q,learn_relquest,1.0,"[0, 7]",12.0,1.395,1,0.0,113,first
Qoi8ieu7t8yg1ek41vlryend7Q,learn_relquest,1.0,"[6, 2]",13.0,1.514,0,1.0,114,first
Qoi8ieu7t8yg1ek41vlryend7Q,learn_relquest,1.0,"[1, 4]",14.0,1.702,0,1.0,115,first
Qoi8ieu7t8yg1ek41vlryend7Q,learn_relquest,1.0,"[6, 7]",15.0,1.429,0,1.0,116,first
Qoi8ieu7t8yg1ek41vlryend7Q,learn_relquest,0.0,"[0, 1]",16.0,1.629,1,1.0,117,first
Qoi8ieu7t8yg1ek41vlryend7Q,learn_relquest,1.0,"[6, 5]",17.0,2.526,1,0.0,118,first
Qoi8ieu7t8yg1ek41vlryend7Q,learn_relquest,1.0,"[4, 1]",18.0,1.395,0,1.0,119,first
Qoi8ieu7t8yg1ek41vlryend7Q,learn_relquest,1.0,"[3, 5]",19.0,1.219,0,1.0,120,first
Qoi8ieu7t8yg1ek41vlryend7Q,learn_relquest,0.0,"[1, 0]",20.0,1.535,1,1.0,121,first
Qoi8ieu7t8yg1ek41vlryend7Q,learn_relquest,1.0,"[7, 0]",21.0,1.972,0,1.0,122,first
Qoi8ieu7t8yg1ek41vlryend7Q,learn_relquest,0.0,"[7, 3]",22.0,1.926,1,1.0,123,first
Qoi8ieu7t8yg1ek41vlryend7Q,learn_relquest,1.0,"[5, 6]",23.0,2.295,1,0.0,124,first
Qoi8ieu7t8yg1ek41vlryend7Q,learn_relquest,0.0,"[5, 0]",24.0,1.377,1,1.0,125,first
Qoi8ieu7t8yg1ek41vlryend7Q,learn_relquest,0.0,"[4, 0]",25.0,1.495,1,1.0,126,first
Qoi8ieu7t8yg1ek41vlryend7Q,learn_relquest,0.0,"[3, 1]",26.0,3.92,1,1.0,127,first
Qoi8ieu7t8yg1ek41vlryend7Q,learn_relquest,1.0,"[1, 7]",27.0,1.287,0,1.0,128,first
Qoi8ieu7t8yg1ek41vlryend7Q,learn_relquest,0.0,"[1, 2]",0.0,2.025,1,1.0,217,second
Qoi8ieu7t8yg1ek41vlryend7Q,learn_relquest,0.0,"[4, 7]",1.0,3.292,1,1.0,218,second
Qoi8ieu7t8yg1ek41vlryend7Q,learn_relquest,1.0,"[4, 1]",2.0,1.533,0,1.0,219,second
Qoi8ieu7t8yg1ek41vlryend7Q,learn_relquest,1.0,"[3, 5]",3.0,1.192,0,1.0,220,second
Qoi8ieu7t8yg1ek41vlryend7Q,learn_relquest,0.0,"[5, 2]",4.0,1.51,1,1.0,221,second
Qoi8ieu7t8yg1ek41vlryend7Q,learn_relquest,1.0,"[7, 6]",5.0,5.904,1,0.0,222,second
Qoi8ieu7t8yg1ek41vlryend7Q,learn_relquest,0.0,"[2, 1]",6.0,1.471,1,1.0,223,second
Qoi8ieu7t8yg1ek41vlryend7Q,learn_relquest,0.0,"[2, 0]",7.0,1.383,1,1.0,224,second
Qoi8ieu7t8yg1ek41vlryend7Q,learn_relquest,0.0,"[4, 5]",8.0,3.331,1,1.0,225,second
Qoi8ieu7t8yg1ek41vlryend7Q,learn_relquest,0.0,"[6, 0]",9.0,1.736,1,1.0,226,second
Qoi8ieu7t8yg1ek41vlryend7Q,learn_relquest,0.0,"[3, 4]",10.0,2.246,1,1.0,227,second
Qoi8ieu7t8yg1ek41vlryend7Q,learn_relquest,1.0,"[5, 6]",11.0,1.737,1,0.0,228,second
Qoi8ieu7t8yg1ek41vlryend7Q,learn_relquest,1.0,"[2, 6]",12.0,1.578,1,0.0,229,second
Qoi8ieu7t8yg1ek41vlryend7Q,learn_relquest,1.0,"[6, 2]",13.0,2.155,1,0.0,230,second
Qoi8ieu7t8yg1ek41vlryend7Q,learn_relquest,1.0,"[7, 1]",14.0,1.331,0,1.0,231,second
Qoi8ieu7t8yg1ek41vlryend7Q,learn_relquest,1.0,"[5, 3]",15.0,0.927,0,1.0,232,second
Qoi8ieu7t8yg1ek41vlryend7Q,learn_relquest,1.0,"[6, 7]",16.0,1.517,0,1.0,233,second
Qoi8ieu7t8yg1ek41vlryend7Q,learn_relquest,0.0,"[4, 0]",17.0,1.259,1,1.0,234,second
Qoi8ieu7t8yg1ek41vlryend7Q,learn_relquest,0.0,"[2, 7]",18.0,1.391,1,1.0,235,second
Qoi8ieu7t8yg1ek41vlryend7Q,learn_relquest,1.0,"[0, 7]",19.0,1.576,0,1.0,236,second
Qoi8ieu7t8yg1ek41vlryend7Q,learn_relquest,1.0,"[7, 0]",20.0,0.964,0,1.0,237,second
Qoi8ieu7t8yg1ek41vlryend7Q,learn_relquest,0.0,"[4, 3]",21.0,1.19,1,1.0,238,second
Qoi8ieu7t8yg1ek41vlryend7Q,learn_relquest,0.0,"[0, 6]",22.0,1.751,1,1.0,239,second
Qoi8ieu7t8yg1ek41vlryend7Q,learn_relquest,1.0,"[1, 7]",23.0,1.211,0,1.0,240,second
Qoi8ieu7t8yg1ek41vlryend7Q,learn_relquest,0.0,"[3, 1]",24.0,1.346,1,1.0,241,second
Qoi8ieu7t8yg1ek41vlryend7Q,learn_relquest,1.0,"[1, 4]",25.0,1.244,0,1.0,242,second
Qoi8ieu7t8yg1ek41vlryend7Q,learn_relquest,0.0,"[7, 3]",26.0,1.621,1,1.0,243,second
Qoi8ieu7t8yg1ek41vlryend7Q,learn_relquest,1.0,"[6, 5]",27.0,4.587,1,0.0,244,second
Qoi8ieu7t8yg1ek41vlryend7Q,learn_relquest,0.0,"[2, 0]",0.0,1.424,1,1.0,331,third
Qoi8ieu7t8yg1ek41vlryend7Q,learn_relquest,1.0,"[5, 6]",1.0,1.455,0,1.0,332,third
Qoi8ieu7t8yg1ek41vlryend7Q,learn_relquest,0.0,"[0, 4]",2.0,1.255,1,1.0,333,third
Qoi8ieu7t8yg1ek41vlryend7Q,learn_relquest,1.0,"[1, 4]",3.0,1.21,0,1.0,334,third
Qoi8ieu7t8yg1ek41vlryend7Q,learn_relquest,1.0,"[6, 2]",4.0,2.322,0,1.0,335,third
Qoi8ieu7t8yg1ek41vlryend7Q,learn_relquest,0.0,"[0, 5]",5.0,1.396,1,1.0,336,third
Qoi8ieu7t8yg1ek41vlryend7Q,learn_relquest,1.0,"[6, 7]",6.0,1.659,0,1.0,337,third
Qoi8ieu7t8yg1ek41vlryend7Q,learn_relquest,1.0,"[7, 6]",7.0,1.382,0,1.0,338,third
Qoi8ieu7t8yg1ek41vlryend7Q,learn_relquest,1.0,"[6, 5]",8.0,2.071,0,1.0,339,third
Qoi8ieu7t8yg1ek41vlryend7Q,learn_relquest,0.0,"[0, 3]",9.0,1.15,1,1.0,340,third
Qoi8ieu7t8yg1ek41vlryend7Q,learn_relquest,0.0,"[6, 0]",10.0,1.255,1,1.0,341,third
Qoi8ieu7t8yg1ek41vlryend7Q,learn_relquest,1.0,"[7, 1]",11.0,1.272,0,1.0,342,third
Qoi8ieu7t8yg1ek41vlryend7Q,learn_relquest,0.0,"[4, 2]",12.0,1.579,1,1.0,343,third
Qoi8ieu7t8yg1ek41vlryend7Q,learn_relquest,0.0,"[4, 7]",13.0,3.824,1,1.0,344,third
Qoi8ieu7t8yg1ek41vlryend7Q,learn_relquest,1.0,"[1, 7]",14.0,1.129,0,1.0,345,third
Qoi8ieu7t8yg1ek41vlryend7Q,learn_relquest,0.0,"[6, 3]",15.0,1.438,1,1.0,346,third
Qoi8ieu7t8yg1ek41vlryend7Q,learn_relquest,0.0,"[3, 7]",16.0,1.857,1,1.0,347,third
Qoi8ieu7t8yg1ek41vlryend7Q,learn_relquest,1.0,"[3, 5]",17.0,1.591,0,1.0,348,third
Qoi8ieu7t8yg1ek41vlryend7Q,learn_relquest,1.0,"[4, 1]",18.0,1.409,0,1.0,349,third
Qoi8ieu7t8yg1ek41vlryend7Q,learn_relquest,1.0,"[5, 3]",19.0,1.774,0,1.0,350,third
Qoi8ieu7t8yg1ek41vlryend7Q,learn_relquest,1.0,"[2, 6]",20.0,0.85,0,1.0,351,third
Qoi8ieu7t8yg1ek41vlryend7Q,learn_relquest,0.0,"[2, 4]",21.0,1.18,1,1.0,352,third
Qoi8ieu7t8yg1ek41vlryend7Q,learn_relquest,0.0,"[1, 3]",22.0,1.791,1,1.0,353,third
Qoi8ieu7t8yg1ek41vlryend7Q,learn_relquest,0.0,"[4, 0]",23.0,1.204,1,1.0,354,third
Qoi8ieu7t8yg1ek41vlryend7Q,learn_relquest,1.0,"[0, 7]",24.0,1.857,0,1.0,355,third
Qoi8ieu7t8yg1ek41vlryend7Q,learn_relquest,0.0,"[5, 1]",25.0,1.573,1,1.0,356,third
Qoi8ieu7t8yg1ek41vlryend7Q,learn_relquest,0.0,"[7, 2]",26.0,1.936,1,1.0,357,third
Qoi8ieu7t8yg1ek41vlryend7Q,learn_relquest,1.0,"[7, 0]",27.0,1.421,0,1.0,358,third
Qoi8ieu7t8yg1ek41vlryend7Q,learn_relquest,0.0,"[2, 7]",0.0,2.303,1,1.0,445,fourth
Qoi8ieu7t8yg1ek41vlryend7Q,learn_relquest,0.0,"[6, 3]",1.0,4.431,1,1.0,446,fourth
Qoi8ieu7t8yg1ek41vlryend7Q,learn_relquest,1.0,"[6, 7]",2.0,2.496,1,0.0,447,fourth
Qoi8ieu7t8yg1ek41vlryend7Q,learn_relquest,0.0,"[2, 3]",3.0,2.049,1,1.0,448,fourth
Qoi8ieu7t8yg1ek41vlryend7Q,learn_relquest,0.0,"[3, 0]",4.0,1.502,1,1.0,449,fourth
Qoi8ieu7t8yg1ek41vlryend7Q,learn_relquest,1.0,"[1, 4]",5.0,1.408,0,1.0,450,fourth
Qoi8ieu7t8yg1ek41vlryend7Q,learn_relquest,1.0,"[7, 1]",6.0,2.24,0,1.0,451,fourth
Qoi8ieu7t8yg1ek41vlryend7Q,learn_relquest,1.0,"[5, 6]",7.0,4.201,0,1.0,452,fourth
Qoi8ieu7t8yg1ek41vlryend7Q,learn_relquest,0.0,"[5, 0]",8.0,1.667,1,1.0,453,fourth
Qoi8ieu7t8yg1ek41vlryend7Q,learn_relquest,1.0,"[4, 1]",9.0,1.255,0,1.0,454,fourth
Qoi8ieu7t8yg1ek41vlryend7Q,learn_relquest,0.0,"[2, 4]",10.0,1.195,1,1.0,455,fourth
Qoi8ieu7t8yg1ek41vlryend7Q,learn_relquest,1.0,"[6, 5]",11.0,1.7,1,0.0,456,fourth
Qoi8ieu7t8yg1ek41vlryend7Q,learn_relquest,1.0,"[6, 2]",12.0,1.686,1,0.0,457,fourth
Qoi8ieu7t8yg1ek41vlryend7Q,learn_relquest,0.0,"[7, 5]",13.0,2.149,1,1.0,458,fourth
Qoi8ieu7t8yg1ek41vlryend7Q,learn_relquest,0.0,"[0, 2]",14.0,1.301,1,1.0,459,fourth
Qoi8ieu7t8yg1ek41vlryend7Q,learn_relquest,1.0,"[7, 6]",15.0,1.467,1,0.0,460,fourth
Qoi8ieu7t8yg1ek41vlryend7Q,learn_relquest,0.0,"[1, 5]",16.0,1.934,1,1.0,461,fourth
Qoi8ieu7t8yg1ek41vlryend7Q,learn_relquest,0.0,"[1, 0]",17.0,1.855,1,1.0,462,fourth
Qoi8ieu7t8yg1ek41vlryend7Q,learn_relquest,1.0,"[2, 6]",18.0,1.859,1,0.0,463,fourth
Qoi8ieu7t8yg1ek41vlryend7Q,learn_relquest,0.0,"[3, 1]",19.0,1.644,1,1.0,464,fourth
Qoi8ieu7t8yg1ek41vlryend7Q,learn_relquest,1.0,"[0, 7]",20.0,1.346,1,0.0,465,fourth
Qoi8ieu7t8yg1ek41vlryend7Q,learn_relquest,1.0,"[1, 7]",21.0,1.454,0,1.0,466,fourth
Qoi8ieu7t8yg1ek41vlryend7Q,learn_relquest,1.0,"[3, 5]",22.0,2.165,1,0.0,467,fourth
Qoi8ieu7t8yg1ek41vlryend7Q,learn_relquest,0.0,"[5, 2]",23.0,1.843,1,1.0,468,fourth
Qoi8ieu7t8yg1ek41vlryend7Q,learn_relquest,0.0,"[0, 1]",24.0,2.306,0,0.0,469,fourth
Qoi8ieu7t8yg1ek41vlryend7Q,learn_relquest,0.0,"[2, 1]",25.0,3.088,1,1.0,470,fourth
Qoi8ieu7t8yg1ek41vlryend7Q,learn_relquest,1.0,"[7, 0]",26.0,1.626,0,1.0,471,fourth
Qoi8ieu7t8yg1ek41vlryend7Q,learn_relquest,1.0,"[5, 3]",27.0,1.767,0,1.0,472,fourth
Qoi8ieu7t8yg1ek41vlryend7Q,learn_relquest,1.0,"[1, 4]",0.0,3.389,1,0.0,559,fifth
Qoi8ieu7t8yg1ek41vlryend7Q,learn_relquest,1.0,"[1, 7]",1.0,10.307,0,1.0,560,fifth
Qoi8ieu7t8yg1ek41vlryend7Q,learn_relquest,1.0,"[7, 1]",2.0,1.271,0,1.0,561,fifth
Qoi8ieu7t8yg1ek41vlryend7Q,learn_relquest,0.0,"[4, 0]",3.0,1.104,1,1.0,562,fifth
Qoi8ieu7t8yg1ek41vlryend7Q,learn_relquest,0.0,"[2, 0]",4.0,1.19,1,1.0,563,fifth
Qoi8ieu7t8yg1ek41vlryend7Q,learn_relquest,0.0,"[6, 1]",5.0,1.19,0,0.0,564,fifth
Qoi8ieu7t8yg1ek41vlryend7Q,learn_relquest,0.0,"[1, 3]",6.0,1.18,1,1.0,565,fifth
Qoi8ieu7t8yg1ek41vlryend7Q,learn_relquest,0.0,"[7, 5]",7.0,1.652,1,1.0,566,fifth
Qoi8ieu7t8yg1ek41vlryend7Q,learn_relquest,1.0,"[4, 1]",8.0,1.755,0,1.0,567,fifth
Qoi8ieu7t8yg1ek41vlryend7Q,learn_relquest,1.0,"[0, 7]",9.0,1.106,1,0.0,568,fifth
Qoi8ieu7t8yg1ek41vlryend7Q,learn_relquest,1.0,"[2, 6]",10.0,5.262,0,1.0,569,fifth
Qoi8ieu7t8yg1ek41vlryend7Q,learn_relquest,0.0,"[7, 4]",11.0,1.862,1,1.0,570,fifth
Qoi8ieu7t8yg1ek41vlryend7Q,learn_relquest,1.0,"[6, 2]",12.0,1.364,0,1.0,571,fifth
Qoi8ieu7t8yg1ek41vlryend7Q,learn_relquest,0.0,"[4, 6]",13.0,1.731,1,1.0,572,fifth
Qoi8ieu7t8yg1ek41vlryend7Q,learn_relquest,1.0,"[6, 5]",14.0,1.679,0,1.0,573,fifth
Qoi8ieu7t8yg1ek41vlryend7Q,learn_relquest,1.0,"[6, 7]",15.0,1.936,0,1.0,574,fifth
Qoi8ieu7t8yg1ek41vlryend7Q,learn_relquest,0.0,"[6, 3]",16.0,1.381,1,1.0,575,fifth
Qoi8ieu7t8yg1ek41vlryend7Q,learn_relquest,0.0,"[4, 3]",17.0,1.884,1,1.0,576,fifth
Qoi8ieu7t8yg1ek41vlryend7Q,learn_relquest,1.0,"[5, 6]",18.0,2.156,0,1.0,577,fifth
Qoi8ieu7t8yg1ek41vlryend7Q,learn_relquest,1.0,"[7, 0]",19.0,3.588,0,1.0,578,fifth
Qoi8ieu7t8yg1ek41vlryend7Q,learn_relquest,0.0,"[2, 4]",20.0,1.3,1,1.0,579,fifth
Qoi8ieu7t8yg1ek41vlryend7Q,learn_relquest,1.0,"[5, 3]",21.0,1.453,0,1.0,580,fifth
Qoi8ieu7t8yg1ek41vlryend7Q,learn_relquest,0.0,"[5, 1]",22.0,1.407,1,1.0,581,fifth
Qoi8ieu7t8yg1ek41vlryend7Q,learn_relquest,0.0,"[0, 1]",23.0,1.87,0,0.0,582,fifth
Qoi8ieu7t8yg1ek41vlryend7Q,learn_relquest,0.0,"[7, 2]",24.0,1.236,1,1.0,583,fifth
Qoi8ieu7t8yg1ek41vlryend7Q,learn_relquest,1.0,"[3, 5]",25.0,1.183,0,1.0,584,fifth
Qoi8ieu7t8yg1ek41vlryend7Q,learn_relquest,0.0,"[0, 6]",26.0,2.042,1,1.0,585,fifth
Qoi8ieu7t8yg1ek41vlryend7Q,learn_relquest,1.0,"[7, 6]",27.0,2.187,0,1.0,586,fifth
Qttg27h4rj2vxstef3irf5b5mQ,learn_relquest,0.0,"[3, 1]",0.0,5.788,1,1.0,101,first
Qttg27h4rj2vxstef3irf5b5mQ,learn_relquest,0.0,"[7, 5]",1.0,2.573,1,1.0,102,first
Qttg27h4rj2vxstef3irf5b5mQ,learn_relquest,1.0,"[4, 1]",2.0,1.223,0,1.0,103,first
Qttg27h4rj2vxstef3irf5b5mQ,learn_relquest,1.0,"[0, 7]",3.0,1.616,1,0.0,104,first
Qttg27h4rj2vxstef3irf5b5mQ,learn_relquest,0.0,"[0, 5]",4.0,1.16,0,0.0,105,first
Qttg27h4rj2vxstef3irf5b5mQ,learn_relquest,1.0,"[3, 5]",5.0,4.31,1,0.0,106,first
Qttg27h4rj2vxstef3irf5b5mQ,learn_relquest,0.0,"[6, 4]",6.0,1.301,0,0.0,107,first
Qttg27h4rj2vxstef3irf5b5mQ,learn_relquest,0.0,"[4, 5]",7.0,5.599,1,1.0,108,first
Qttg27h4rj2vxstef3irf5b5mQ,learn_relquest,1.0,"[7, 1]",8.0,4.328,0,1.0,109,first
Qttg27h4rj2vxstef3irf5b5mQ,learn_relquest,1.0,"[1, 7]",9.0,1.251,0,1.0,110,first
Qttg27h4rj2vxstef3irf5b5mQ,learn_relquest,1.0,"[1, 4]",10.0,1.22,0,1.0,111,first
Qttg27h4rj2vxstef3irf5b5mQ,learn_relquest,1.0,"[6, 5]",11.0,1.172,0,1.0,112,first
Qttg27h4rj2vxstef3irf5b5mQ,learn_relquest,1.0,"[6, 2]",12.0,1.703,0,1.0,113,first
Qttg27h4rj2vxstef3irf5b5mQ,learn_relquest,1.0,"[5, 3]",13.0,1.424,1,0.0,114,first
Qttg27h4rj2vxstef3irf5b5mQ,learn_relquest,0.0,"[3, 6]",14.0,2.108,1,1.0,115,first
Qttg27h4rj2vxstef3irf5b5mQ,learn_relquest,1.0,"[5, 6]",15.0,1.151,0,1.0,116,first
Qttg27h4rj2vxstef3irf5b5mQ,learn_relquest,0.0,"[4, 7]",16.0,1.661,1,1.0,117,first
Qttg27h4rj2vxstef3irf5b5mQ,learn_relquest,0.0,"[3, 4]",17.0,3.786,1,1.0,118,first
Qttg27h4rj2vxstef3irf5b5mQ,learn_relquest,1.0,"[7, 0]",18.0,2.399,1,0.0,119,first
Qttg27h4rj2vxstef3irf5b5mQ,learn_relquest,0.0,"[5, 2]",19.0,1.5,0,0.0,120,first
Qttg27h4rj2vxstef3irf5b5mQ,learn_relquest,0.0,"[4, 6]",20.0,3.533,1,1.0,121,first
Qttg27h4rj2vxstef3irf5b5mQ,learn_relquest,0.0,"[4, 3]",21.0,1.397,1,1.0,122,first
Qttg27h4rj2vxstef3irf5b5mQ,learn_relquest,1.0,"[7, 6]",22.0,6.054,0,1.0,123,first
Qttg27h4rj2vxstef3irf5b5mQ,learn_relquest,0.0,"[5, 7]",23.0,1.504,1,1.0,124,first
Qttg27h4rj2vxstef3irf5b5mQ,learn_relquest,1.0,"[6, 7]",24.0,1.54,1,0.0,125,first
Qttg27h4rj2vxstef3irf5b5mQ,learn_relquest,1.0,"[2, 6]",25.0,1.985,0,1.0,126,first
Qttg27h4rj2vxstef3irf5b5mQ,learn_relquest,0.0,"[7, 4]",26.0,2.936,0,0.0,127,first
Qttg27h4rj2vxstef3irf5b5mQ,learn_relquest,0.0,"[2, 1]",27.0,1.69,0,0.0,128,first
Qttg27h4rj2vxstef3irf5b5mQ,learn_relquest,1.0,"[7, 0]",0.0,5.669,0,1.0,217,second
Qttg27h4rj2vxstef3irf5b5mQ,learn_relquest,1.0,"[6, 7]",1.0,11.401,1,0.0,218,second
Qttg27h4rj2vxstef3irf5b5mQ,learn_relquest,0.0,"[4, 3]",2.0,2.281,0,0.0,219,second
Qttg27h4rj2vxstef3irf5b5mQ,learn_relquest,0.0,"[5, 7]",3.0,1.578,0,0.0,220,second
Qttg27h4rj2vxstef3irf5b5mQ,learn_relquest,0.0,"[1, 2]",4.0,1.719,1,1.0,221,second
Qttg27h4rj2vxstef3irf5b5mQ,learn_relquest,0.0,"[3, 7]",5.0,4.061,1,1.0,222,second
Qttg27h4rj2vxstef3irf5b5mQ,learn_relquest,1.0,"[5, 6]",6.0,1.13,0,1.0,223,second
Qttg27h4rj2vxstef3irf5b5mQ,learn_relquest,1.0,"[5, 3]",7.0,8.9,1,0.0,224,second
Qttg27h4rj2vxstef3irf5b5mQ,learn_relquest,1.0,"[3, 5]",8.0,3.234,1,0.0,225,second
Qttg27h4rj2vxstef3irf5b5mQ,learn_relquest,1.0,"[6, 2]",9.0,1.208,0,1.0,226,second
Qttg27h4rj2vxstef3irf5b5mQ,learn_relquest,0.0,"[3, 6]",10.0,4.83,0,0.0,227,second
Qttg27h4rj2vxstef3irf5b5mQ,learn_relquest,0.0,"[7, 2]",11.0,23.164,0,0.0,228,second
Qttg27h4rj2vxstef3irf5b5mQ,learn_relquest,1.0,"[2, 6]",12.0,1.243,0,1.0,229,second
Qttg27h4rj2vxstef3irf5b5mQ,learn_relquest,1.0,"[1, 4]",13.0,1.131,0,1.0,230,second
Qttg27h4rj2vxstef3irf5b5mQ,learn_relquest,0.0,"[0, 5]",14.0,1.391,0,0.0,231,second
Qttg27h4rj2vxstef3irf5b5mQ,learn_relquest,1.0,"[7, 1]",15.0,4.531,0,1.0,232,second
Qttg27h4rj2vxstef3irf5b5mQ,learn_relquest,0.0,"[1, 3]",16.0,1.354,1,1.0,233,second
Qttg27h4rj2vxstef3irf5b5mQ,learn_relquest,1.0,"[0, 7]",17.0,1.788,0,1.0,234,second
Qttg27h4rj2vxstef3irf5b5mQ,learn_relquest,0.0,"[7, 5]",18.0,4.963,1,1.0,235,second
Qttg27h4rj2vxstef3irf5b5mQ,learn_relquest,1.0,"[6, 5]",19.0,1.06,0,1.0,236,second
Qttg27h4rj2vxstef3irf5b5mQ,learn_relquest,0.0,"[0, 6]",20.0,1.248,0,0.0,237,second
Qttg27h4rj2vxstef3irf5b5mQ,learn_relquest,0.0,"[3, 0]",21.0,1.214,1,1.0,238,second
Qttg27h4rj2vxstef3irf5b5mQ,learn_relquest,1.0,"[4, 1]",22.0,1.519,0,1.0,239,second
Qttg27h4rj2vxstef3irf5b5mQ,learn_relquest,0.0,"[0, 4]",23.0,3.183,1,1.0,240,second
Qttg27h4rj2vxstef3irf5b5mQ,learn_relquest,1.0,"[1, 7]",24.0,3.31,1,0.0,241,second
Qttg27h4rj2vxstef3irf5b5mQ,learn_relquest,0.0,"[2, 7]",25.0,1.487,1,1.0,242,second
Qttg27h4rj2vxstef3irf5b5mQ,learn_relquest,1.0,"[7, 6]",26.0,1.558,1,0.0,243,second
Qttg27h4rj2vxstef3irf5b5mQ,learn_relquest,0.0,"[7, 4]",27.0,2.987,0,0.0,244,second
Qttg27h4rj2vxstef3irf5b5mQ,learn_relquest,1.0,"[3, 5]",0.0,3.176,0,1.0,331,third
Qttg27h4rj2vxstef3irf5b5mQ,learn_relquest,1.0,"[2, 6]",1.0,1.265,0,1.0,332,third
Qttg27h4rj2vxstef3irf5b5mQ,learn_relquest,1.0,"[4, 1]",2.0,1.373,0,1.0,333,third
Qttg27h4rj2vxstef3irf5b5mQ,learn_relquest,1.0,"[1, 7]",3.0,1.128,0,1.0,334,third
Qttg27h4rj2vxstef3irf5b5mQ,learn_relquest,0.0,"[7, 3]",4.0,3.093,1,1.0,335,third
Qttg27h4rj2vxstef3irf5b5mQ,learn_relquest,0.0,"[7, 5]",5.0,1.989,0,0.0,336,third
Qttg27h4rj2vxstef3irf5b5mQ,learn_relquest,1.0,"[0, 7]",6.0,1.782,0,1.0,337,third
Qttg27h4rj2vxstef3irf5b5mQ,learn_relquest,0.0,"[7, 4]",7.0,1.57,0,0.0,338,third
Qttg27h4rj2vxstef3irf5b5mQ,learn_relquest,0.0,"[0, 4]",8.0,1.057,0,0.0,339,third
Qttg27h4rj2vxstef3irf5b5mQ,learn_relquest,0.0,"[0, 1]",9.0,1.071,0,0.0,340,third
Qttg27h4rj2vxstef3irf5b5mQ,learn_relquest,0.0,"[0, 6]",10.0,0.998,0,0.0,341,third
Qttg27h4rj2vxstef3irf5b5mQ,learn_relquest,0.0,"[0, 2]",11.0,1.067,0,0.0,342,third
Qttg27h4rj2vxstef3irf5b5mQ,learn_relquest,1.0,"[6, 5]",12.0,1.398,0,1.0,343,third
Qttg27h4rj2vxstef3irf5b5mQ,learn_relquest,0.0,"[5, 0]",13.0,4.231,1,1.0,344,third
Qttg27h4rj2vxstef3irf5b5mQ,learn_relquest,0.0,"[4, 3]",14.0,2.287,1,1.0,345,third
Qttg27h4rj2vxstef3irf5b5mQ,learn_relquest,1.0,"[7, 0]",15.0,0.921,0,1.0,346,third
Qttg27h4rj2vxstef3irf5b5mQ,learn_relquest,0.0,"[6, 3]",16.0,0.819,0,0.0,347,third
Qttg27h4rj2vxstef3irf5b5mQ,learn_relquest,1.0,"[6, 7]",17.0,0.806,0,1.0,348,third
Qttg27h4rj2vxstef3irf5b5mQ,learn_relquest,0.0,"[2, 3]",18.0,0.758,0,0.0,349,third
Qttg27h4rj2vxstef3irf5b5mQ,learn_relquest,1.0,"[5, 3]",19.0,0.73,0,1.0,350,third
Qttg27h4rj2vxstef3irf5b5mQ,learn_relquest,1.0,"[7, 6]",20.0,0.75,0,1.0,351,third
Qttg27h4rj2vxstef3irf5b5mQ,learn_relquest,1.0,"[6, 2]",21.0,0.826,0,1.0,352,third
Qttg27h4rj2vxstef3irf5b5mQ,learn_relquest,1.0,"[7, 1]",23.0,0.699,0,1.0,354,third
Qttg27h4rj2vxstef3irf5b5mQ,learn_relquest,1.0,"[5, 6]",22.0,0.725,0,1.0,353,third
Qttg27h4rj2vxstef3irf5b5mQ,learn_relquest,0.0,"[1, 6]",24.0,0.736,0,0.0,355,third
Qttg27h4rj2vxstef3irf5b5mQ,learn_relquest,0.0,"[3, 6]",25.0,0.742,0,0.0,356,third
Qttg27h4rj2vxstef3irf5b5mQ,learn_relquest,1.0,"[1, 4]",26.0,0.759,0,1.0,357,third
Qttg27h4rj2vxstef3irf5b5mQ,learn_relquest,0.0,"[3, 0]",27.0,0.756,0,0.0,358,third
Qttg27h4rj2vxstef3irf5b5mQ,learn_relquest,0.0,"[2, 5]",0.0,2.774,0,0.0,445,fourth
Qttg27h4rj2vxstef3irf5b5mQ,learn_relquest,0.0,"[3, 4]",1.0,2.951,1,1.0,446,fourth
Qttg27h4rj2vxstef3irf5b5mQ,learn_relquest,1.0,"[4, 1]",2.0,1.226,0,1.0,447,fourth
Qttg27h4rj2vxstef3irf5b5mQ,learn_relquest,0.0,"[0, 2]",3.0,1.455,0,0.0,448,fourth
Qttg27h4rj2vxstef3irf5b5mQ,learn_relquest,1.0,"[1, 4]",4.0,2.316,0,1.0,449,fourth
Qttg27h4rj2vxstef3irf5b5mQ,learn_relquest,1.0,"[7, 6]",5.0,2.811,0,1.0,450,fourth
Qttg27h4rj2vxstef3irf5b5mQ,learn_relquest,1.0,"[5, 6]",6.0,2.847,0,1.0,451,fourth
Qttg27h4rj2vxstef3irf5b5mQ,learn_relquest,0.0,"[4, 5]",7.0,3.777,0,0.0,452,fourth
Qttg27h4rj2vxstef3irf5b5mQ,learn_relquest,0.0,"[0, 3]",8.0,2.365,0,0.0,453,fourth
Qttg27h4rj2vxstef3irf5b5mQ,learn_relquest,0.0,"[2, 0]",9.0,2.356,0,0.0,454,fourth
Qttg27h4rj2vxstef3irf5b5mQ,learn_relquest,1.0,"[5, 3]",10.0,3.266,0,1.0,455,fourth
Qttg27h4rj2vxstef3irf5b5mQ,learn_relquest,1.0,"[1, 7]",11.0,1.395,0,1.0,456,fourth
Qttg27h4rj2vxstef3irf5b5mQ,learn_relquest,0.0,"[6, 4]",12.0,3.781,0,0.0,457,fourth
Qttg27h4rj2vxstef3irf5b5mQ,learn_relquest,0.0,"[1, 6]",13.0,3.995,0,0.0,458,fourth
Qttg27h4rj2vxstef3irf5b5mQ,learn_relquest,0.0,"[4, 7]",14.0,2.253,1,1.0,459,fourth
Qttg27h4rj2vxstef3irf5b5mQ,learn_relquest,1.0,"[6, 5]",15.0,1.136,0,1.0,460,fourth
Qttg27h4rj2vxstef3irf5b5mQ,learn_relquest,1.0,"[0, 7]",16.0,2.245,0,1.0,461,fourth
Qttg27h4rj2vxstef3irf5b5mQ,learn_relquest,1.0,"[6, 2]",17.0,1.213,0,1.0,462,fourth
Qttg27h4rj2vxstef3irf5b5mQ,learn_relquest,1.0,"[6, 7]",18.0,2.146,0,1.0,463,fourth
Qttg27h4rj2vxstef3irf5b5mQ,learn_relquest,0.0,"[3, 6]",19.0,8.06,1,1.0,464,fourth
Qttg27h4rj2vxstef3irf5b5mQ,learn_relquest,1.0,"[2, 6]",20.0,1.698,0,1.0,465,fourth
Qttg27h4rj2vxstef3irf5b5mQ,learn_relquest,0.0,"[3, 7]",21.0,5.805,1,1.0,466,fourth
Qttg27h4rj2vxstef3irf5b5mQ,learn_relquest,1.0,"[3, 5]",22.0,1.025,0,1.0,467,fourth
Qttg27h4rj2vxstef3irf5b5mQ,learn_relquest,0.0,"[4, 0]",23.0,1.008,0,0.0,468,fourth
Qttg27h4rj2vxstef3irf5b5mQ,learn_relquest,0.0,"[2, 3]",24.0,1.152,0,0.0,469,fourth
Qttg27h4rj2vxstef3irf5b5mQ,learn_relquest,1.0,"[7, 0]",25.0,0.961,0,1.0,470,fourth
Qttg27h4rj2vxstef3irf5b5mQ,learn_relquest,1.0,"[7, 1]",26.0,0.785,0,1.0,471,fourth
Qttg27h4rj2vxstef3irf5b5mQ,learn_relquest,0.0,"[5, 2]",27.0,0.953,0,0.0,472,fourth
Qttg27h4rj2vxstef3irf5b5mQ,learn_relquest,1.0,"[7, 1]",0.0,2.271,0,1.0,559,fifth
Qttg27h4rj2vxstef3irf5b5mQ,learn_relquest,0.0,"[1, 3]",1.0,3.963,1,1.0,560,fifth
Qttg27h4rj2vxstef3irf5b5mQ,learn_relquest,1.0,"[4, 1]",2.0,1.19,0,1.0,561,fifth
Qttg27h4rj2vxstef3irf5b5mQ,learn_relquest,1.0,"[2, 6]",3.0,2.999,1,0.0,562,fifth
Qttg27h4rj2vxstef3irf5b5mQ,learn_relquest,1.0,"[6, 7]",4.0,1.787,0,1.0,563,fifth
Qttg27h4rj2vxstef3irf5b5mQ,learn_relquest,1.0,"[1, 4]",5.0,5.976,1,0.0,564,fifth
Qttg27h4rj2vxstef3irf5b5mQ,learn_relquest,1.0,"[5, 3]",6.0,1.424,0,1.0,565,fifth
Qttg27h4rj2vxstef3irf5b5mQ,learn_relquest,1.0,"[3, 5]",7.0,4.709,0,1.0,566,fifth
Qttg27h4rj2vxstef3irf5b5mQ,learn_relquest,1.0,"[5, 6]",8.0,1.187,0,1.0,567,fifth
Qttg27h4rj2vxstef3irf5b5mQ,learn_relquest,1.0,"[6, 2]",9.0,1.389,0,1.0,568,fifth
Qttg27h4rj2vxstef3irf5b5mQ,learn_relquest,0.0,"[3, 0]",10.0,2.883,1,1.0,569,fifth
Qttg27h4rj2vxstef3irf5b5mQ,learn_relquest,0.0,"[1, 0]",11.0,1.524,0,0.0,570,fifth
Qttg27h4rj2vxstef3irf5b5mQ,learn_relquest,0.0,"[7, 3]",12.0,4.451,1,1.0,571,fifth
Qttg27h4rj2vxstef3irf5b5mQ,learn_relquest,0.0,"[6, 3]",13.0,0.911,0,0.0,572,fifth
Qttg27h4rj2vxstef3irf5b5mQ,learn_relquest,1.0,"[7, 6]",14.0,0.799,0,1.0,573,fifth
Qttg27h4rj2vxstef3irf5b5mQ,learn_relquest,1.0,"[7, 0]",15.0,1.126,0,1.0,574,fifth
Qttg27h4rj2vxstef3irf5b5mQ,learn_relquest,0.0,"[6, 4]",16.0,0.741,0,0.0,575,fifth
Qttg27h4rj2vxstef3irf5b5mQ,learn_relquest,0.0,"[2, 4]",17.0,0.735,0,0.0,576,fifth
Qttg27h4rj2vxstef3irf5b5mQ,learn_relquest,0.0,"[1, 6]",18.0,1.17,0,0.0,577,fifth
Qttg27h4rj2vxstef3irf5b5mQ,learn_relquest,1.0,"[1, 7]",19.0,2.534,0,1.0,578,fifth
Qttg27h4rj2vxstef3irf5b5mQ,learn_relquest,0.0,"[4, 6]",20.0,1.232,0,0.0,579,fifth
Qttg27h4rj2vxstef3irf5b5mQ,learn_relquest,0.0,"[1, 2]",21.0,1.183,0,0.0,580,fifth
Qttg27h4rj2vxstef3irf5b5mQ,learn_relquest,0.0,"[3, 6]",22.0,1.003,0,0.0,581,fifth
Qttg27h4rj2vxstef3irf5b5mQ,learn_relquest,0.0,"[1, 5]",23.0,3.311,0,0.0,582,fifth
Qttg27h4rj2vxstef3irf5b5mQ,learn_relquest,0.0,"[2, 3]",24.0,3.902,0,0.0,583,fifth
Qttg27h4rj2vxstef3irf5b5mQ,learn_relquest,1.0,"[0, 7]",25.0,2.327,1,0.0,584,fifth
Qttg27h4rj2vxstef3irf5b5mQ,learn_relquest,1.0,"[6, 5]",26.0,1.01,0,1.0,585,fifth
Qttg27h4rj2vxstef3irf5b5mQ,learn_relquest,0.0,"[4, 7]",27.0,1.161,0,0.0,586,fifth
Qyxrf8bqn4n6edvydeiwl04l3Q,learn_relquest,0.0,"[3, 7]",0.0,3.148,0,0.0,101,first
Qyxrf8bqn4n6edvydeiwl04l3Q,learn_relquest,1.0,"[6, 5]",1.0,8.207,0,1.0,102,first
Qyxrf8bqn4n6edvydeiwl04l3Q,learn_relquest,1.0,"[2, 6]",2.0,3.114,0,1.0,103,first
Qyxrf8bqn4n6edvydeiwl04l3Q,learn_relquest,1.0,"[1, 7]",3.0,1.785,0,1.0,104,first
Qyxrf8bqn4n6edvydeiwl04l3Q,learn_relquest,0.0,"[3, 0]",4.0,4.023,1,1.0,105,first
Qyxrf8bqn4n6edvydeiwl04l3Q,learn_relquest,1.0,"[0, 7]",5.0,1.141,0,1.0,106,first
Qyxrf8bqn4n6edvydeiwl04l3Q,learn_relquest,0.0,"[0, 6]",6.0,2.844,1,1.0,107,first
Qyxrf8bqn4n6edvydeiwl04l3Q,learn_relquest,0.0,"[4, 0]",7.0,1.808,0,0.0,108,first
Qyxrf8bqn4n6edvydeiwl04l3Q,learn_relquest,0.0,"[1, 3]",8.0,1.962,0,0.0,109,first
Qyxrf8bqn4n6edvydeiwl04l3Q,learn_relquest,0.0,"[6, 1]",9.0,3.864,1,1.0,110,first
Qyxrf8bqn4n6edvydeiwl04l3Q,learn_relquest,0.0,"[1, 5]",10.0,2.476,0,0.0,111,first
Qyxrf8bqn4n6edvydeiwl04l3Q,learn_relquest,1.0,"[4, 1]",11.0,2.363,0,1.0,112,first
Qyxrf8bqn4n6edvydeiwl04l3Q,learn_relquest,1.0,"[1, 4]",12.0,2.948,0,1.0,113,first
Qyxrf8bqn4n6edvydeiwl04l3Q,learn_relquest,0.0,"[1, 0]",13.0,2.489,1,1.0,114,first
Qyxrf8bqn4n6edvydeiwl04l3Q,learn_relquest,1.0,"[6, 2]",14.0,1.238,0,1.0,115,first
Qyxrf8bqn4n6edvydeiwl04l3Q,learn_relquest,1.0,"[6, 7]",15.0,0.275,0,1.0,116,first
Qyxrf8bqn4n6edvydeiwl04l3Q,learn_relquest,0.0,"[7, 5]",16.0,2.058,0,0.0,117,first
Qyxrf8bqn4n6edvydeiwl04l3Q,learn_relquest,1.0,"[3, 5]",17.0,5.432,1,0.0,118,first
Qyxrf8bqn4n6edvydeiwl04l3Q,learn_relquest,1.0,"[5, 6]",18.0,8.812,0,1.0,119,first
Qyxrf8bqn4n6edvydeiwl04l3Q,learn_relquest,0.0,"[3, 2]",19.0,1.757,0,0.0,120,first
Qyxrf8bqn4n6edvydeiwl04l3Q,learn_relquest,0.0,"[2, 4]",20.0,3.611,0,0.0,121,first
Qyxrf8bqn4n6edvydeiwl04l3Q,learn_relquest,1.0,"[7, 0]",21.0,1.251,0,1.0,122,first
Qyxrf8bqn4n6edvydeiwl04l3Q,learn_relquest,0.0,"[5, 4]",22.0,4.934,1,1.0,123,first
Qyxrf8bqn4n6edvydeiwl04l3Q,learn_relquest,0.0,"[0, 5]",23.0,1.226,0,0.0,124,first
Qyxrf8bqn4n6edvydeiwl04l3Q,learn_relquest,1.0,"[7, 1]",24.0,3.51,0,1.0,125,first
Qyxrf8bqn4n6edvydeiwl04l3Q,learn_relquest,0.0,"[6, 3]",25.0,3.115,0,0.0,126,first
Qyxrf8bqn4n6edvydeiwl04l3Q,learn_relquest,1.0,"[5, 3]",26.0,1.603,0,1.0,127,first
Qyxrf8bqn4n6edvydeiwl04l3Q,learn_relquest,1.0,"[7, 6]",27.0,2.258,0,1.0,128,first
Qyxrf8bqn4n6edvydeiwl04l3Q,learn_relquest,0.0,"[3, 2]",0.0,9.564,0,0.0,217,second
Qyxrf8bqn4n6edvydeiwl04l3Q,learn_relquest,0.0,"[4, 2]",1.0,2.835,1,1.0,218,second
Qyxrf8bqn4n6edvydeiwl04l3Q,learn_relquest,1.0,"[4, 1]",2.0,2.383,0,1.0,219,second
Qyxrf8bqn4n6edvydeiwl04l3Q,learn_relquest,1.0,"[1, 7]",3.0,4.321,0,1.0,220,second
Qyxrf8bqn4n6edvydeiwl04l3Q,learn_relquest,1.0,"[5, 3]",4.0,6.047,0,1.0,221,second
Qyxrf8bqn4n6edvydeiwl04l3Q,learn_relquest,1.0,"[5, 6]",5.0,3.699,0,1.0,222,second
Qyxrf8bqn4n6edvydeiwl04l3Q,learn_relquest,0.0,"[3, 4]",6.0,7.694,1,1.0,223,second
Qyxrf8bqn4n6edvydeiwl04l3Q,learn_relquest,1.0,"[7, 1]",7.0,1.529,0,1.0,224,second
Qyxrf8bqn4n6edvydeiwl04l3Q,learn_relquest,0.0,"[7, 5]",8.0,6.497,0,0.0,225,second
Qyxrf8bqn4n6edvydeiwl04l3Q,learn_relquest,0.0,"[7, 4]",9.0,2.199,1,1.0,226,second
Qyxrf8bqn4n6edvydeiwl04l3Q,learn_relquest,1.0,"[7, 0]",10.0,1.519,0,1.0,227,second
Qyxrf8bqn4n6edvydeiwl04l3Q,learn_relquest,0.0,"[4, 7]",11.0,7.184,1,1.0,228,second
Qyxrf8bqn4n6edvydeiwl04l3Q,learn_relquest,1.0,"[3, 5]",12.0,5.307,0,1.0,229,second
Qyxrf8bqn4n6edvydeiwl04l3Q,learn_relquest,1.0,"[7, 6]",13.0,1.937,0,1.0,230,second
Qyxrf8bqn4n6edvydeiwl04l3Q,learn_relquest,1.0,"[0, 7]",14.0,1.21,0,1.0,231,second
Qyxrf8bqn4n6edvydeiwl04l3Q,learn_relquest,0.0,"[2, 4]",15.0,6.428,1,1.0,232,second
Qyxrf8bqn4n6edvydeiwl04l3Q,learn_relquest,0.0,"[6, 1]",16.0,1.795,1,1.0,233,second
Qyxrf8bqn4n6edvydeiwl04l3Q,learn_relquest,1.0,"[6, 5]",17.0,2.393,0,1.0,234,second
Qyxrf8bqn4n6edvydeiwl04l3Q,learn_relquest,1.0,"[2, 6]",18.0,4.382,0,1.0,235,second
Qyxrf8bqn4n6edvydeiwl04l3Q,learn_relquest,1.0,"[6, 2]",19.0,6.566,0,1.0,236,second
Qyxrf8bqn4n6edvydeiwl04l3Q,learn_relquest,1.0,"[1, 4]",20.0,2.203,0,1.0,237,second
Qyxrf8bqn4n6edvydeiwl04l3Q,learn_relquest,0.0,"[0, 1]",21.0,1.99,1,1.0,238,second
Qyxrf8bqn4n6edvydeiwl04l3Q,learn_relquest,0.0,"[2, 7]",22.0,5.418,1,1.0,239,second
Qyxrf8bqn4n6edvydeiwl04l3Q,learn_relquest,0.0,"[6, 3]",23.0,5.67,1,1.0,240,second
Qyxrf8bqn4n6edvydeiwl04l3Q,learn_relquest,1.0,"[6, 7]",24.0,1.332,0,1.0,241,second
Qyxrf8bqn4n6edvydeiwl04l3Q,learn_relquest,0.0,"[1, 0]",25.0,1.57,1,1.0,242,second
Qyxrf8bqn4n6edvydeiwl04l3Q,learn_relquest,0.0,"[2, 0]",26.0,1.492,1,1.0,243,second
Qyxrf8bqn4n6edvydeiwl04l3Q,learn_relquest,0.0,"[4, 3]",27.0,7.641,0,0.0,244,second
Qyxrf8bqn4n6edvydeiwl04l3Q,learn_relquest,0.0,"[6, 1]",0.0,2.76,1,1.0,331,third
Qyxrf8bqn4n6edvydeiwl04l3Q,learn_relquest,0.0,"[0, 3]",1.0,3.254,1,1.0,332,third
Qyxrf8bqn4n6edvydeiwl04l3Q,learn_relquest,1.0,"[7, 6]",2.0,4.094,0,1.0,333,third
Qyxrf8bqn4n6edvydeiwl04l3Q,learn_relquest,1.0,"[6, 7]",3.0,2.713,0,1.0,334,third
Qyxrf8bqn4n6edvydeiwl04l3Q,learn_relquest,0.0,"[6, 0]",4.0,1.778,1,1.0,335,third
Qyxrf8bqn4n6edvydeiwl04l3Q,learn_relquest,1.0,"[2, 6]",5.0,2.317,0,1.0,336,third
Qyxrf8bqn4n6edvydeiwl04l3Q,learn_relquest,0.0,"[4, 6]",6.0,2.159,1,1.0,337,third
Qyxrf8bqn4n6edvydeiwl04l3Q,learn_relquest,1.0,"[6, 2]",7.0,1.555,0,1.0,338,third
Qyxrf8bqn4n6edvydeiwl04l3Q,learn_relquest,1.0,"[5, 6]",8.0,1.239,0,1.0,339,third
Qyxrf8bqn4n6edvydeiwl04l3Q,learn_relquest,0.0,"[3, 7]",9.0,3.576,1,1.0,340,third
Qyxrf8bqn4n6edvydeiwl04l3Q,learn_relquest,0.0,"[0, 5]",10.0,2.353,1,1.0,341,third
Qyxrf8bqn4n6edvydeiwl04l3Q,learn_relquest,1.0,"[4, 1]",11.0,1.619,0,1.0,342,third
Qyxrf8bqn4n6edvydeiwl04l3Q,learn_relquest,1.0,"[7, 0]",12.0,1.432,0,1.0,343,third
Qyxrf8bqn4n6edvydeiwl04l3Q,learn_relquest,1.0,"[5, 3]",13.0,2.03,0,1.0,344,third
Qyxrf8bqn4n6edvydeiwl04l3Q,learn_relquest,0.0,"[0, 1]",14.0,1.95,1,1.0,345,third
Qyxrf8bqn4n6edvydeiwl04l3Q,learn_relquest,0.0,"[7, 3]",15.0,2.074,1,1.0,346,third
Qyxrf8bqn4n6edvydeiwl04l3Q,learn_relquest,1.0,"[1, 4]",16.0,1.895,0,1.0,347,third
Qyxrf8bqn4n6edvydeiwl04l3Q,learn_relquest,0.0,"[7, 2]",17.0,1.91,1,1.0,348,third
Qyxrf8bqn4n6edvydeiwl04l3Q,learn_relquest,0.0,"[2, 7]",18.0,1.4,1,1.0,349,third
Qyxrf8bqn4n6edvydeiwl04l3Q,learn_relquest,0.0,"[6, 4]",19.0,2.874,1,1.0,350,third
Qyxrf8bqn4n6edvydeiwl04l3Q,learn_relquest,1.0,"[3, 5]",20.0,1.813,0,1.0,351,third
Qyxrf8bqn4n6edvydeiwl04l3Q,learn_relquest,1.0,"[1, 7]",21.0,1.78,1,0.0,352,third
Qyxrf8bqn4n6edvydeiwl04l3Q,learn_relquest,1.0,"[7, 1]",22.0,4.841,0,1.0,353,third
Qyxrf8bqn4n6edvydeiwl04l3Q,learn_relquest,1.0,"[6, 5]",23.0,3.118,0,1.0,354,third
Qyxrf8bqn4n6edvydeiwl04l3Q,learn_relquest,1.0,"[0, 7]",24.0,1.002,0,1.0,355,third
Qyxrf8bqn4n6edvydeiwl04l3Q,learn_relquest,0.0,"[2, 0]",25.0,1.215,1,1.0,356,third
Qyxrf8bqn4n6edvydeiwl04l3Q,learn_relquest,0.0,"[6, 3]",26.0,4.074,1,1.0,357,third
Qyxrf8bqn4n6edvydeiwl04l3Q,learn_relquest,0.0,"[1, 2]",27.0,2.386,1,1.0,358,third
Qyxrf8bqn4n6edvydeiwl04l3Q,learn_relquest,0.0,"[4, 2]",0.0,3.382,1,1.0,445,fourth
Qyxrf8bqn4n6edvydeiwl04l3Q,learn_relquest,0.0,"[1, 6]",1.0,3.034,1,1.0,446,fourth
Qyxrf8bqn4n6edvydeiwl04l3Q,learn_relquest,0.0,"[3, 4]",2.0,8.871,1,1.0,447,fourth
Qyxrf8bqn4n6edvydeiwl04l3Q,learn_relquest,0.0,"[1, 3]",3.0,3.934,1,1.0,448,fourth
Qyxrf8bqn4n6edvydeiwl04l3Q,learn_relquest,1.0,"[5, 6]",4.0,1.925,0,1.0,449,fourth
Qyxrf8bqn4n6edvydeiwl04l3Q,learn_relquest,0.0,"[1, 0]",5.0,1.809,1,1.0,450,fourth
Qyxrf8bqn4n6edvydeiwl04l3Q,learn_relquest,0.0,"[5, 0]",6.0,2.232,1,1.0,451,fourth
Qyxrf8bqn4n6edvydeiwl04l3Q,learn_relquest,0.0,"[4, 3]",7.0,2.65,1,1.0,452,fourth
Qyxrf8bqn4n6edvydeiwl04l3Q,learn_relquest,1.0,"[2, 6]",8.0,2.93,0,1.0,453,fourth
Qyxrf8bqn4n6edvydeiwl04l3Q,learn_relquest,1.0,"[6, 5]",9.0,1.574,0,1.0,454,fourth
Qyxrf8bqn4n6edvydeiwl04l3Q,learn_relquest,1.0,"[6, 7]",10.0,1.454,0,1.0,455,fourth
Qyxrf8bqn4n6edvydeiwl04l3Q,learn_relquest,0.0,"[2, 0]",11.0,1.675,1,1.0,456,fourth
Qyxrf8bqn4n6edvydeiwl04l3Q,learn_relquest,1.0,"[4, 1]",12.0,5.703,0,1.0,457,fourth
Qyxrf8bqn4n6edvydeiwl04l3Q,learn_relquest,1.0,"[1, 7]",13.0,2.979,0,1.0,458,fourth
Qyxrf8bqn4n6edvydeiwl04l3Q,learn_relquest,0.0,"[1, 5]",14.0,3.064,1,1.0,459,fourth
Qyxrf8bqn4n6edvydeiwl04l3Q,learn_relquest,1.0,"[7, 1]",15.0,2.478,0,1.0,460,fourth
Qyxrf8bqn4n6edvydeiwl04l3Q,learn_relquest,1.0,"[6, 2]",16.0,1.766,0,1.0,461,fourth
Qyxrf8bqn4n6edvydeiwl04l3Q,learn_relquest,0.0,"[5, 2]",17.0,1.643,1,1.0,462,fourth
Qyxrf8bqn4n6edvydeiwl04l3Q,learn_relquest,1.0,"[1, 4]",18.0,2.364,0,1.0,463,fourth
Qyxrf8bqn4n6edvydeiwl04l3Q,learn_relquest,0.0,"[6, 0]",19.0,1.743,1,1.0,464,fourth
Qyxrf8bqn4n6edvydeiwl04l3Q,learn_relquest,1.0,"[3, 5]",20.0,1.908,0,1.0,465,fourth
Qyxrf8bqn4n6edvydeiwl04l3Q,learn_relquest,0.0,"[5, 7]",21.0,1.82,1,1.0,466,fourth
Qyxrf8bqn4n6edvydeiwl04l3Q,learn_relquest,1.0,"[7, 6]",22.0,1.578,0,1.0,467,fourth
Qyxrf8bqn4n6edvydeiwl04l3Q,learn_relquest,1.0,"[5, 3]",23.0,1.668,0,1.0,468,fourth
Qyxrf8bqn4n6edvydeiwl04l3Q,learn_relquest,1.0,"[7, 0]",24.0,1.369,0,1.0,469,fourth
Qyxrf8bqn4n6edvydeiwl04l3Q,learn_relquest,0.0,"[6, 4]",25.0,2.419,1,1.0,470,fourth
Qyxrf8bqn4n6edvydeiwl04l3Q,learn_relquest,1.0,"[0, 7]",26.0,1.133,0,1.0,471,fourth
Qyxrf8bqn4n6edvydeiwl04l3Q,learn_relquest,0.0,"[6, 3]",27.0,9.419,1,1.0,472,fourth
Qyxrf8bqn4n6edvydeiwl04l3Q,learn_relquest,1.0,"[7, 0]",0.0,1.562,0,1.0,559,fifth
Qyxrf8bqn4n6edvydeiwl04l3Q,learn_relquest,1.0,"[7, 1]",1.0,2.471,0,1.0,560,fifth
Qyxrf8bqn4n6edvydeiwl04l3Q,learn_relquest,0.0,"[6, 4]",2.0,2.778,1,1.0,561,fifth
Qyxrf8bqn4n6edvydeiwl04l3Q,learn_relquest,0.0,"[3, 2]",3.0,1.69,1,1.0,562,fifth
Qyxrf8bqn4n6edvydeiwl04l3Q,learn_relquest,1.0,"[0, 7]",4.0,1.077,0,1.0,563,fifth
Qyxrf8bqn4n6edvydeiwl04l3Q,learn_relquest,0.0,"[4, 0]",5.0,1.213,1,1.0,564,fifth
Qyxrf8bqn4n6edvydeiwl04l3Q,learn_relquest,1.0,"[2, 6]",6.0,1.838,0,1.0,565,fifth
Qyxrf8bqn4n6edvydeiwl04l3Q,learn_relquest,0.0,"[7, 3]",7.0,2.632,1,1.0,566,fifth
Qyxrf8bqn4n6edvydeiwl04l3Q,learn_relquest,0.0,"[2, 3]",8.0,1.748,1,1.0,567,fifth
Qyxrf8bqn4n6edvydeiwl04l3Q,learn_relquest,0.0,"[1, 3]",9.0,3.211,1,1.0,568,fifth
Qyxrf8bqn4n6edvydeiwl04l3Q,learn_relquest,1.0,"[3, 5]",10.0,2.063,0,1.0,569,fifth
Qyxrf8bqn4n6edvydeiwl04l3Q,learn_relquest,0.0,"[2, 1]",11.0,2.461,1,1.0,570,fifth
Qyxrf8bqn4n6edvydeiwl04l3Q,learn_relquest,0.0,"[7, 2]",12.0,2.08,1,1.0,571,fifth
Qyxrf8bqn4n6edvydeiwl04l3Q,learn_relquest,0.0,"[0, 6]",13.0,2.131,1,1.0,572,fifth
Qyxrf8bqn4n6edvydeiwl04l3Q,learn_relquest,0.0,"[2, 0]",14.0,1.607,1,1.0,573,fifth
Qyxrf8bqn4n6edvydeiwl04l3Q,learn_relquest,1.0,"[4, 1]",15.0,2.39,0,1.0,574,fifth
Qyxrf8bqn4n6edvydeiwl04l3Q,learn_relquest,1.0,"[5, 6]",16.0,1.463,0,1.0,575,fifth
Qyxrf8bqn4n6edvydeiwl04l3Q,learn_relquest,1.0,"[6, 2]",17.0,1.557,0,1.0,576,fifth
Qyxrf8bqn4n6edvydeiwl04l3Q,learn_relquest,1.0,"[7, 6]",18.0,2.395,0,1.0,577,fifth
Qyxrf8bqn4n6edvydeiwl04l3Q,learn_relquest,0.0,"[1, 5]",19.0,2.45,1,1.0,578,fifth
Qyxrf8bqn4n6edvydeiwl04l3Q,learn_relquest,1.0,"[6, 7]",20.0,2.281,0,1.0,579,fifth
Qyxrf8bqn4n6edvydeiwl04l3Q,learn_relquest,1.0,"[6, 5]",21.0,1.563,0,1.0,580,fifth
Qyxrf8bqn4n6edvydeiwl04l3Q,learn_relquest,0.0,"[2, 7]",22.0,1.634,1,1.0,581,fifth
Qyxrf8bqn4n6edvydeiwl04l3Q,learn_relquest,0.0,"[0, 5]",23.0,2.841,1,1.0,582,fifth
Qyxrf8bqn4n6edvydeiwl04l3Q,learn_relquest,1.0,"[1, 4]",24.0,2.708,0,1.0,583,fifth
Qyxrf8bqn4n6edvydeiwl04l3Q,learn_relquest,1.0,"[1, 7]",25.0,2.477,0,1.0,584,fifth
Qyxrf8bqn4n6edvydeiwl04l3Q,learn_relquest,1.0,"[5, 3]",26.0,2.334,0,1.0,585,fifth
Qyxrf8bqn4n6edvydeiwl04l3Q,learn_relquest,0.0,"[5, 7]",27.0,4.08,1,1.0,586,fifth
Qbxp9tlyw2xeegkhybnmhypb9Q,learn_relquest,0.0,"[7, 4]",0.0,5.983,1,1.0,101,first
Qbxp9tlyw2xeegkhybnmhypb9Q,learn_relquest,0.0,"[6, 0]",1.0,3.489,1,1.0,102,first
Qbxp9tlyw2xeegkhybnmhypb9Q,learn_relquest,1.0,"[6, 5]",2.0,1.025,0,1.0,103,first
Qbxp9tlyw2xeegkhybnmhypb9Q,learn_relquest,1.0,"[6, 7]",3.0,2.255,1,0.0,104,first
Qbxp9tlyw2xeegkhybnmhypb9Q,learn_relquest,0.0,"[7, 2]",4.0,1.871,1,1.0,105,first
Qbxp9tlyw2xeegkhybnmhypb9Q,learn_relquest,1.0,"[2, 6]",5.0,2.347,0,1.0,106,first
Qbxp9tlyw2xeegkhybnmhypb9Q,learn_relquest,1.0,"[0, 7]",6.0,1.639,0,1.0,107,first
Qbxp9tlyw2xeegkhybnmhypb9Q,learn_relquest,0.0,"[3, 6]",7.0,2.128,1,1.0,108,first
Qbxp9tlyw2xeegkhybnmhypb9Q,learn_relquest,0.0,"[0, 1]",8.0,1.199,1,1.0,109,first
Qbxp9tlyw2xeegkhybnmhypb9Q,learn_relquest,1.0,"[1, 4]",9.0,2.708,0,1.0,110,first
Qbxp9tlyw2xeegkhybnmhypb9Q,learn_relquest,0.0,"[3, 0]",10.0,1.567,0,0.0,111,first
Qbxp9tlyw2xeegkhybnmhypb9Q,learn_relquest,1.0,"[5, 6]",11.0,1.295,0,1.0,112,first
Qbxp9tlyw2xeegkhybnmhypb9Q,learn_relquest,0.0,"[0, 3]",12.0,2.059,0,0.0,113,first
Qbxp9tlyw2xeegkhybnmhypb9Q,learn_relquest,1.0,"[4, 1]",13.0,4.711,0,1.0,114,first
Qbxp9tlyw2xeegkhybnmhypb9Q,learn_relquest,0.0,"[0, 6]",14.0,2.386,0,0.0,115,first
Qbxp9tlyw2xeegkhybnmhypb9Q,learn_relquest,0.0,"[5, 2]",15.0,0.989,1,1.0,116,first
Qbxp9tlyw2xeegkhybnmhypb9Q,learn_relquest,1.0,"[1, 7]",16.0,0.999,1,0.0,117,first
Qbxp9tlyw2xeegkhybnmhypb9Q,learn_relquest,0.0,"[4, 7]",17.0,2.242,1,1.0,118,first
Qbxp9tlyw2xeegkhybnmhypb9Q,learn_relquest,1.0,"[6, 2]",18.0,2.353,0,1.0,119,first
Qbxp9tlyw2xeegkhybnmhypb9Q,learn_relquest,1.0,"[7, 0]",19.0,2.248,0,1.0,120,first
Qbxp9tlyw2xeegkhybnmhypb9Q,learn_relquest,1.0,"[5, 3]",20.0,1.966,1,0.0,121,first
Qbxp9tlyw2xeegkhybnmhypb9Q,learn_relquest,1.0,"[7, 6]",21.0,1.083,1,0.0,122,first
Qbxp9tlyw2xeegkhybnmhypb9Q,learn_relquest,0.0,"[3, 7]",22.0,1.408,1,1.0,123,first
Qbxp9tlyw2xeegkhybnmhypb9Q,learn_relquest,0.0,"[5, 1]",23.0,0.917,1,1.0,124,first
Qbxp9tlyw2xeegkhybnmhypb9Q,learn_relquest,0.0,"[2, 7]",24.0,1.362,0,0.0,125,first
Qbxp9tlyw2xeegkhybnmhypb9Q,learn_relquest,1.0,"[7, 1]",25.0,10.846,1,0.0,126,first
Qbxp9tlyw2xeegkhybnmhypb9Q,learn_relquest,1.0,"[3, 5]",26.0,1.519,0,1.0,127,first
Qbxp9tlyw2xeegkhybnmhypb9Q,learn_relquest,0.0,"[6, 3]",27.0,1.328,1,1.0,128,first
Qbxp9tlyw2xeegkhybnmhypb9Q,learn_relquest,1.0,"[7, 0]",0.0,4.923,0,1.0,217,second
Qbxp9tlyw2xeegkhybnmhypb9Q,learn_relquest,0.0,"[0, 3]",1.0,2.169,1,1.0,218,second
Qbxp9tlyw2xeegkhybnmhypb9Q,learn_relquest,1.0,"[6, 7]",2.0,1.93,0,1.0,219,second
Qbxp9tlyw2xeegkhybnmhypb9Q,learn_relquest,1.0,"[4, 1]",3.0,1.873,0,1.0,220,second
Qbxp9tlyw2xeegkhybnmhypb9Q,learn_relquest,1.0,"[7, 6]",4.0,2.48,1,0.0,221,second
Qbxp9tlyw2xeegkhybnmhypb9Q,learn_relquest,0.0,"[4, 0]",5.0,1.881,1,1.0,222,second
Qbxp9tlyw2xeegkhybnmhypb9Q,learn_relquest,0.0,"[3, 4]",6.0,1.286,0,0.0,223,second
Qbxp9tlyw2xeegkhybnmhypb9Q,learn_relquest,0.0,"[5, 4]",7.0,1.346,1,1.0,224,second
Qbxp9tlyw2xeegkhybnmhypb9Q,learn_relquest,1.0,"[1, 7]",8.0,1.457,0,1.0,225,second
Qbxp9tlyw2xeegkhybnmhypb9Q,learn_relquest,0.0,"[5, 0]",9.0,3.874,0,0.0,226,second
Qbxp9tlyw2xeegkhybnmhypb9Q,learn_relquest,0.0,"[6, 3]",10.0,1.376,1,1.0,227,second
Qbxp9tlyw2xeegkhybnmhypb9Q,learn_relquest,1.0,"[6, 5]",11.0,1.647,1,0.0,228,second
Qbxp9tlyw2xeegkhybnmhypb9Q,learn_relquest,1.0,"[5, 6]",12.0,1.648,1,0.0,229,second
Qbxp9tlyw2xeegkhybnmhypb9Q,learn_relquest,1.0,"[1, 4]",13.0,2.938,0,1.0,230,second
Qbxp9tlyw2xeegkhybnmhypb9Q,learn_relquest,0.0,"[1, 6]",14.0,2.257,0,0.0,231,second
Qbxp9tlyw2xeegkhybnmhypb9Q,learn_relquest,0.0,"[4, 6]",15.0,1.703,1,1.0,232,second
Qbxp9tlyw2xeegkhybnmhypb9Q,learn_relquest,0.0,"[0, 2]",16.0,1.462,0,0.0,233,second
Qbxp9tlyw2xeegkhybnmhypb9Q,learn_relquest,1.0,"[5, 3]",17.0,1.674,0,1.0,234,second
Qbxp9tlyw2xeegkhybnmhypb9Q,learn_relquest,1.0,"[2, 6]",18.0,5.054,0,1.0,235,second
Qbxp9tlyw2xeegkhybnmhypb9Q,learn_relquest,0.0,"[6, 1]",19.0,1.279,1,1.0,236,second
Qbxp9tlyw2xeegkhybnmhypb9Q,learn_relquest,1.0,"[7, 1]",20.0,1.07,0,1.0,237,second
Qbxp9tlyw2xeegkhybnmhypb9Q,learn_relquest,0.0,"[4, 7]",21.0,1.672,0,0.0,238,second
Qbxp9tlyw2xeegkhybnmhypb9Q,learn_relquest,1.0,"[0, 7]",22.0,1.762,0,1.0,239,second
Qbxp9tlyw2xeegkhybnmhypb9Q,learn_relquest,1.0,"[6, 2]",23.0,1.672,0,1.0,240,second
Qbxp9tlyw2xeegkhybnmhypb9Q,learn_relquest,0.0,"[5, 1]",24.0,2.706,0,0.0,241,second
Qbxp9tlyw2xeegkhybnmhypb9Q,learn_relquest,1.0,"[3, 5]",25.0,1.311,1,0.0,242,second
Qbxp9tlyw2xeegkhybnmhypb9Q,learn_relquest,0.0,"[3, 6]",26.0,1.871,1,1.0,243,second
Qbxp9tlyw2xeegkhybnmhypb9Q,learn_relquest,0.0,"[1, 5]",27.0,1.56,0,0.0,244,second
Qbxp9tlyw2xeegkhybnmhypb9Q,learn_relquest,0.0,"[5, 4]",0.0,2.977,1,1.0,331,third
Qbxp9tlyw2xeegkhybnmhypb9Q,learn_relquest,0.0,"[6, 4]",1.0,1.296,0,0.0,332,third
Qbxp9tlyw2xeegkhybnmhypb9Q,learn_relquest,0.0,"[2, 5]",2.0,1.626,1,1.0,333,third
Qbxp9tlyw2xeegkhybnmhypb9Q,learn_relquest,1.0,"[2, 6]",3.0,1.077,0,1.0,334,third
Qbxp9tlyw2xeegkhybnmhypb9Q,learn_relquest,1.0,"[5, 3]",4.0,1.575,0,1.0,335,third
Qbxp9tlyw2xeegkhybnmhypb9Q,learn_relquest,1.0,"[0, 7]",5.0,1.344,0,1.0,336,third
Qbxp9tlyw2xeegkhybnmhypb9Q,learn_relquest,0.0,"[2, 7]",6.0,1.287,0,0.0,337,third
Qbxp9tlyw2xeegkhybnmhypb9Q,learn_relquest,0.0,"[6, 1]",7.0,2.418,1,1.0,338,third
Qbxp9tlyw2xeegkhybnmhypb9Q,learn_relquest,0.0,"[5, 0]",8.0,1.032,0,0.0,339,third
Qbxp9tlyw2xeegkhybnmhypb9Q,learn_relquest,0.0,"[4, 6]",9.0,1.136,1,1.0,340,third
Qbxp9tlyw2xeegkhybnmhypb9Q,learn_relquest,1.0,"[7, 6]",10.0,2.129,0,1.0,341,third
Qbxp9tlyw2xeegkhybnmhypb9Q,learn_relquest,0.0,"[0, 3]",11.0,2.159,0,0.0,342,third
Qbxp9tlyw2xeegkhybnmhypb9Q,learn_relquest,1.0,"[7, 0]",12.0,1.616,0,1.0,343,third
Qbxp9tlyw2xeegkhybnmhypb9Q,learn_relquest,0.0,"[1, 6]",13.0,2.122,0,0.0,344,third
Qbxp9tlyw2xeegkhybnmhypb9Q,learn_relquest,0.0,"[4, 0]",14.0,2.58,0,0.0,345,third
Qbxp9tlyw2xeegkhybnmhypb9Q,learn_relquest,0.0,"[3, 2]",15.0,1.224,1,1.0,346,third
Qbxp9tlyw2xeegkhybnmhypb9Q,learn_relquest,0.0,"[3, 1]",16.0,0.95,0,0.0,347,third
Qbxp9tlyw2xeegkhybnmhypb9Q,learn_relquest,1.0,"[6, 5]",17.0,0.983,1,0.0,348,third
Qbxp9tlyw2xeegkhybnmhypb9Q,learn_relquest,0.0,"[4, 3]",18.0,1.248,1,1.0,349,third
Qbxp9tlyw2xeegkhybnmhypb9Q,learn_relquest,1.0,"[1, 4]",19.0,0.933,0,1.0,350,third
Qbxp9tlyw2xeegkhybnmhypb9Q,learn_relquest,0.0,"[3, 7]",20.0,1.336,0,0.0,351,third
Qbxp9tlyw2xeegkhybnmhypb9Q,learn_relquest,1.0,"[7, 1]",21.0,1.136,0,1.0,352,third
Qbxp9tlyw2xeegkhybnmhypb9Q,learn_relquest,1.0,"[4, 1]",22.0,0.624,1,0.0,353,third
Qbxp9tlyw2xeegkhybnmhypb9Q,learn_relquest,1.0,"[1, 7]",23.0,0.566,0,1.0,354,third
Qbxp9tlyw2xeegkhybnmhypb9Q,learn_relquest,1.0,"[6, 7]",24.0,1.751,1,0.0,355,third
Qbxp9tlyw2xeegkhybnmhypb9Q,learn_relquest,1.0,"[6, 2]",25.0,0.608,0,1.0,356,third
Qbxp9tlyw2xeegkhybnmhypb9Q,learn_relquest,1.0,"[5, 6]",26.0,0.942,0,1.0,357,third
Qbxp9tlyw2xeegkhybnmhypb9Q,learn_relquest,1.0,"[3, 5]",27.0,2.372,0,1.0,358,third
Qbxp9tlyw2xeegkhybnmhypb9Q,learn_relquest,1.0,"[6, 2]",0.0,1.929,1,0.0,445,fourth
Qbxp9tlyw2xeegkhybnmhypb9Q,learn_relquest,1.0,"[2, 6]",1.0,1.27,1,0.0,446,fourth
Qbxp9tlyw2xeegkhybnmhypb9Q,learn_relquest,0.0,"[5, 2]",2.0,1.921,1,1.0,447,fourth
Qbxp9tlyw2xeegkhybnmhypb9Q,learn_relquest,0.0,"[2, 4]",3.0,1.52,1,1.0,448,fourth
Qbxp9tlyw2xeegkhybnmhypb9Q,learn_relquest,0.0,"[0, 6]",4.0,1.936,0,0.0,449,fourth
Qbxp9tlyw2xeegkhybnmhypb9Q,learn_relquest,0.0,"[2, 0]",5.0,1.784,0,0.0,450,fourth
Qbxp9tlyw2xeegkhybnmhypb9Q,learn_relquest,1.0,"[5, 3]",6.0,1.359,0,1.0,451,fourth
Qbxp9tlyw2xeegkhybnmhypb9Q,learn_relquest,1.0,"[3, 5]",7.0,2.418,1,0.0,452,fourth
Qbxp9tlyw2xeegkhybnmhypb9Q,learn_relquest,0.0,"[3, 7]",8.0,1.592,1,1.0,453,fourth
Qbxp9tlyw2xeegkhybnmhypb9Q,learn_relquest,1.0,"[5, 6]",9.0,1.856,1,0.0,454,fourth
Qbxp9tlyw2xeegkhybnmhypb9Q,learn_relquest,0.0,"[4, 0]",10.0,1.215,0,0.0,455,fourth
Qbxp9tlyw2xeegkhybnmhypb9Q,learn_relquest,1.0,"[6, 7]",11.0,0.976,0,1.0,456,fourth
Qbxp9tlyw2xeegkhybnmhypb9Q,learn_relquest,1.0,"[6, 5]",12.0,1.0,0,1.0,457,fourth
Qbxp9tlyw2xeegkhybnmhypb9Q,learn_relquest,0.0,"[3, 6]",13.0,1.552,1,1.0,458,fourth
Qbxp9tlyw2xeegkhybnmhypb9Q,learn_relquest,1.0,"[7, 6]",14.0,0.983,0,1.0,459,fourth
Qbxp9tlyw2xeegkhybnmhypb9Q,learn_relquest,0.0,"[5, 4]",15.0,1.166,1,1.0,460,fourth
Qbxp9tlyw2xeegkhybnmhypb9Q,learn_relquest,0.0,"[4, 3]",16.0,1.616,1,1.0,461,fourth
Qbxp9tlyw2xeegkhybnmhypb9Q,learn_relquest,1.0,"[0, 7]",17.0,0.839,0,1.0,462,fourth
Qbxp9tlyw2xeegkhybnmhypb9Q,learn_relquest,1.0,"[1, 4]",18.0,1.472,0,1.0,463,fourth
Qbxp9tlyw2xeegkhybnmhypb9Q,learn_relquest,1.0,"[7, 1]",19.0,1.36,0,1.0,464,fourth
Qbxp9tlyw2xeegkhybnmhypb9Q,learn_relquest,1.0,"[4, 1]",20.0,1.047,0,1.0,465,fourth
Qbxp9tlyw2xeegkhybnmhypb9Q,learn_relquest,0.0,"[2, 1]",21.0,0.813,0,0.0,466,fourth
Qbxp9tlyw2xeegkhybnmhypb9Q,learn_relquest,0.0,"[7, 2]",22.0,2.305,1,1.0,467,fourth
Qbxp9tlyw2xeegkhybnmhypb9Q,learn_relquest,0.0,"[7, 5]",23.0,1.32,1,1.0,468,fourth
Qbxp9tlyw2xeegkhybnmhypb9Q,learn_relquest,0.0,"[2, 5]",24.0,2.577,1,1.0,469,fourth
Qbxp9tlyw2xeegkhybnmhypb9Q,learn_relquest,1.0,"[7, 0]",25.0,0.904,0,1.0,470,fourth
Qbxp9tlyw2xeegkhybnmhypb9Q,learn_relquest,0.0,"[5, 0]",26.0,0.677,0,0.0,471,fourth
Qbxp9tlyw2xeegkhybnmhypb9Q,learn_relquest,1.0,"[1, 7]",27.0,0.664,1,0.0,472,fourth
Qbxp9tlyw2xeegkhybnmhypb9Q,learn_relquest,1.0,"[1, 4]",0.0,7.178,1,0.0,559,fifth
Qbxp9tlyw2xeegkhybnmhypb9Q,learn_relquest,0.0,"[5, 7]",1.0,9.071,1,1.0,560,fifth
Qbxp9tlyw2xeegkhybnmhypb9Q,learn_relquest,1.0,"[6, 2]",2.0,3.859,0,1.0,561,fifth
Qbxp9tlyw2xeegkhybnmhypb9Q,learn_relquest,0.0,"[1, 2]",3.0,9.909,1,1.0,562,fifth
Qbxp9tlyw2xeegkhybnmhypb9Q,learn_relquest,0.0,"[2, 7]",4.0,10.421,1,1.0,563,fifth
Qbxp9tlyw2xeegkhybnmhypb9Q,learn_relquest,1.0,"[6, 7]",5.0,7.822,1,0.0,564,fifth
Qbxp9tlyw2xeegkhybnmhypb9Q,learn_relquest,0.0,"[2, 3]",6.0,2.465,0,0.0,565,fifth
Qbxp9tlyw2xeegkhybnmhypb9Q,learn_relquest,0.0,"[1, 6]",7.0,7.631,1,1.0,566,fifth
Qbxp9tlyw2xeegkhybnmhypb9Q,learn_relquest,0.0,"[6, 4]",8.0,6.589,1,1.0,567,fifth
Qbxp9tlyw2xeegkhybnmhypb9Q,learn_relquest,0.0,"[2, 5]",9.0,3.075,1,1.0,568,fifth
Qbxp9tlyw2xeegkhybnmhypb9Q,learn_relquest,1.0,"[5, 3]",10.0,3.084,0,1.0,569,fifth
Qbxp9tlyw2xeegkhybnmhypb9Q,learn_relquest,1.0,"[7, 0]",11.0,3.707,0,1.0,570,fifth
Qbxp9tlyw2xeegkhybnmhypb9Q,learn_relquest,1.0,"[3, 5]",12.0,3.467,0,1.0,571,fifth
Qbxp9tlyw2xeegkhybnmhypb9Q,learn_relquest,1.0,"[5, 6]",13.0,4.462,0,1.0,572,fifth
Qbxp9tlyw2xeegkhybnmhypb9Q,learn_relquest,0.0,"[7, 3]",14.0,6.127,0,0.0,573,fifth
Qbxp9tlyw2xeegkhybnmhypb9Q,learn_relquest,0.0,"[3, 6]",15.0,3.156,1,1.0,574,fifth
Qbxp9tlyw2xeegkhybnmhypb9Q,learn_relquest,0.0,"[4, 5]",16.0,1.562,1,1.0,575,fifth
Qbxp9tlyw2xeegkhybnmhypb9Q,learn_relquest,1.0,"[4, 1]",17.0,6.749,1,0.0,576,fifth
Qbxp9tlyw2xeegkhybnmhypb9Q,learn_relquest,1.0,"[6, 5]",18.0,2.129,0,1.0,577,fifth
Qbxp9tlyw2xeegkhybnmhypb9Q,learn_relquest,1.0,"[1, 7]",19.0,4.382,0,1.0,578,fifth
Qbxp9tlyw2xeegkhybnmhypb9Q,learn_relquest,1.0,"[2, 6]",20.0,3.773,0,1.0,579,fifth
Qbxp9tlyw2xeegkhybnmhypb9Q,learn_relquest,0.0,"[0, 1]",21.0,3.348,1,1.0,580,fifth
Qbxp9tlyw2xeegkhybnmhypb9Q,learn_relquest,0.0,"[7, 2]",22.0,4.038,0,0.0,581,fifth
Qbxp9tlyw2xeegkhybnmhypb9Q,learn_relquest,1.0,"[7, 1]",23.0,5.023,0,1.0,582,fifth
Qbxp9tlyw2xeegkhybnmhypb9Q,learn_relquest,1.0,"[0, 7]",24.0,4.582,0,1.0,583,fifth
Qbxp9tlyw2xeegkhybnmhypb9Q,learn_relquest,0.0,"[7, 5]",25.0,6.683,1,1.0,584,fifth
Qbxp9tlyw2xeegkhybnmhypb9Q,learn_relquest,1.0,"[7, 6]",26.0,4.559,0,1.0,585,fifth
Qbxp9tlyw2xeegkhybnmhypb9Q,learn_relquest,0.0,"[4, 2]",27.0,6.865,1,1.0,586,fifth
Q80z761kwo1v51o9l5icrlhaqQ,learn_relquest,0.0,"[0, 1]",0.0,5.806,0,0.0,101,first
Q80z761kwo1v51o9l5icrlhaqQ,learn_relquest,1.0,"[6, 5]",1.0,3.719,0,1.0,102,first
Q80z761kwo1v51o9l5icrlhaqQ,learn_relquest,0.0,"[7, 5]",2.0,5.847,1,1.0,103,first
Q80z761kwo1v51o9l5icrlhaqQ,learn_relquest,1.0,"[7, 1]",3.0,3.754,0,1.0,104,first
Q80z761kwo1v51o9l5icrlhaqQ,learn_relquest,1.0,"[0, 7]",4.0,3.026,0,1.0,105,first
Q80z761kwo1v51o9l5icrlhaqQ,learn_relquest,0.0,"[5, 4]",5.0,3.56,1,1.0,106,first
Q80z761kwo1v51o9l5icrlhaqQ,learn_relquest,0.0,"[6, 4]",6.0,3.759,1,1.0,107,first
Q80z761kwo1v51o9l5icrlhaqQ,learn_relquest,1.0,"[4, 1]",7.0,3.962,1,0.0,108,first
Q80z761kwo1v51o9l5icrlhaqQ,learn_relquest,0.0,"[4, 6]",8.0,5.555,1,1.0,109,first
Q80z761kwo1v51o9l5icrlhaqQ,learn_relquest,0.0,"[0, 3]",9.0,3.478,0,0.0,110,first
Q80z761kwo1v51o9l5icrlhaqQ,learn_relquest,0.0,"[4, 2]",10.0,6.772,0,0.0,111,first
Q80z761kwo1v51o9l5icrlhaqQ,learn_relquest,0.0,"[3, 2]",11.0,5.141,0,0.0,112,first
Q80z761kwo1v51o9l5icrlhaqQ,learn_relquest,1.0,"[2, 6]",12.0,3.619,0,1.0,113,first
Q80z761kwo1v51o9l5icrlhaqQ,learn_relquest,1.0,"[5, 3]",13.0,3.6,0,1.0,114,first
Q80z761kwo1v51o9l5icrlhaqQ,learn_relquest,1.0,"[7, 0]",14.0,2.757,0,1.0,115,first
Q80z761kwo1v51o9l5icrlhaqQ,learn_relquest,0.0,"[4, 3]",15.0,8.49,1,1.0,116,first
Q80z761kwo1v51o9l5icrlhaqQ,learn_relquest,0.0,"[5, 7]",16.0,4.304,1,1.0,117,first
Q80z761kwo1v51o9l5icrlhaqQ,learn_relquest,1.0,"[7, 6]",17.0,3.813,0,1.0,118,first
Q80z761kwo1v51o9l5icrlhaqQ,learn_relquest,1.0,"[3, 5]",18.0,4.173,0,1.0,119,first
Q80z761kwo1v51o9l5icrlhaqQ,learn_relquest,0.0,"[4, 7]",19.0,4.832,0,0.0,120,first
Q80z761kwo1v51o9l5icrlhaqQ,learn_relquest,0.0,"[4, 5]",20.0,3.56,1,1.0,121,first
Q80z761kwo1v51o9l5icrlhaqQ,learn_relquest,1.0,"[6, 7]",21.0,3.792,0,1.0,122,first
Q80z761kwo1v51o9l5icrlhaqQ,learn_relquest,0.0,"[3, 7]",22.0,4.119,1,1.0,123,first
Q80z761kwo1v51o9l5icrlhaqQ,learn_relquest,1.0,"[6, 2]",23.0,4.76,0,1.0,124,first
Q80z761kwo1v51o9l5icrlhaqQ,learn_relquest,0.0,"[7, 3]",24.0,7.198,1,1.0,125,first
Q80z761kwo1v51o9l5icrlhaqQ,learn_relquest,1.0,"[5, 6]",25.0,3.687,0,1.0,126,first
Q80z761kwo1v51o9l5icrlhaqQ,learn_relquest,1.0,"[1, 7]",26.0,2.663,0,1.0,127,first
Q80z761kwo1v51o9l5icrlhaqQ,learn_relquest,1.0,"[1, 4]",27.0,4.988,1,0.0,128,first
Q80z761kwo1v51o9l5icrlhaqQ,learn_relquest,0.0,"[2, 5]",0.0,9.998,1,1.0,217,second
Q80z761kwo1v51o9l5icrlhaqQ,learn_relquest,1.0,"[0, 7]",1.0,2.55,0,1.0,218,second
Q80z761kwo1v51o9l5icrlhaqQ,learn_relquest,0.0,"[4, 7]",2.0,12.665,0,0.0,219,second
Q80z761kwo1v51o9l5icrlhaqQ,learn_relquest,1.0,"[7, 1]",3.0,3.25,0,1.0,220,second
Q80z761kwo1v51o9l5icrlhaqQ,learn_relquest,1.0,"[6, 2]",4.0,4.082,0,1.0,221,second
Q80z761kwo1v51o9l5icrlhaqQ,learn_relquest,0.0,"[2, 1]",5.0,3.925,1,1.0,222,second
Q80z761kwo1v51o9l5icrlhaqQ,learn_relquest,0.0,"[3, 1]",6.0,4.098,1,1.0,223,second
Q80z761kwo1v51o9l5icrlhaqQ,learn_relquest,0.0,"[6, 3]",7.0,3.169,0,0.0,224,second
Q80z761kwo1v51o9l5icrlhaqQ,learn_relquest,1.0,"[2, 6]",8.0,5.005,0,1.0,225,second
Q80z761kwo1v51o9l5icrlhaqQ,learn_relquest,0.0,"[4, 3]",9.0,3.364,1,1.0,226,second
Q80z761kwo1v51o9l5icrlhaqQ,learn_relquest,0.0,"[6, 0]",10.0,5.648,1,1.0,227,second
Q80z761kwo1v51o9l5icrlhaqQ,learn_relquest,1.0,"[5, 6]",11.0,3.486,0,1.0,228,second
Q80z761kwo1v51o9l5icrlhaqQ,learn_relquest,0.0,"[1, 6]",12.0,4.931,1,1.0,229,second
Q80z761kwo1v51o9l5icrlhaqQ,learn_relquest,1.0,"[6, 5]",13.0,19.937,0,1.0,230,second
Q80z761kwo1v51o9l5icrlhaqQ,learn_relquest,0.0,"[1, 5]",14.0,3.83,1,1.0,231,second
Q80z761kwo1v51o9l5icrlhaqQ,learn_relquest,0.0,"[5, 7]",15.0,4.984,0,0.0,232,second
Q80z761kwo1v51o9l5icrlhaqQ,learn_relquest,1.0,"[1, 7]",16.0,2.492,0,1.0,233,second
Q80z761kwo1v51o9l5icrlhaqQ,learn_relquest,1.0,"[7, 0]",17.0,2.525,0,1.0,234,second
Q80z761kwo1v51o9l5icrlhaqQ,learn_relquest,1.0,"[1, 4]",18.0,3.387,1,0.0,235,second
Q80z761kwo1v51o9l5icrlhaqQ,learn_relquest,0.0,"[7, 5]",19.0,4.579,1,1.0,236,second
Q80z761kwo1v51o9l5icrlhaqQ,learn_relquest,1.0,"[6, 7]",20.0,9.615,0,1.0,237,second
Q80z761kwo1v51o9l5icrlhaqQ,learn_relquest,0.0,"[2, 3]",21.0,4.254,1,1.0,238,second
Q80z761kwo1v51o9l5icrlhaqQ,learn_relquest,0.0,"[1, 2]",22.0,3.453,1,1.0,239,second
Q80z761kwo1v51o9l5icrlhaqQ,learn_relquest,1.0,"[3, 5]",23.0,4.292,0,1.0,240,second
Q80z761kwo1v51o9l5icrlhaqQ,learn_relquest,1.0,"[7, 6]",24.0,4.278,0,1.0,241,second
Q80z761kwo1v51o9l5icrlhaqQ,learn_relquest,1.0,"[4, 1]",25.0,3.112,0,1.0,242,second
Q80z761kwo1v51o9l5icrlhaqQ,learn_relquest,0.0,"[5, 0]",26.0,4.554,1,1.0,243,second
Q80z761kwo1v51o9l5icrlhaqQ,learn_relquest,1.0,"[5, 3]",27.0,4.285,0,1.0,244,second
Q80z761kwo1v51o9l5icrlhaqQ,learn_relquest,1.0,"[5, 3]",0.0,5.555,0,1.0,331,third
Q80z761kwo1v51o9l5icrlhaqQ,learn_relquest,0.0,"[3, 0]",1.0,8.602,1,1.0,332,third
Q80z761kwo1v51o9l5icrlhaqQ,learn_relquest,0.0,"[1, 2]",2.0,3.616,1,1.0,333,third
Q80z761kwo1v51o9l5icrlhaqQ,learn_relquest,0.0,"[6, 4]",3.0,3.415,1,1.0,334,third
Q80z761kwo1v51o9l5icrlhaqQ,learn_relquest,1.0,"[7, 0]",4.0,2.951,0,1.0,335,third
Q80z761kwo1v51o9l5icrlhaqQ,learn_relquest,0.0,"[2, 4]",5.0,3.501,1,1.0,336,third
Q80z761kwo1v51o9l5icrlhaqQ,learn_relquest,1.0,"[7, 6]",6.0,3.509,0,1.0,337,third
Q80z761kwo1v51o9l5icrlhaqQ,learn_relquest,0.0,"[5, 0]",7.0,3.355,1,1.0,338,third
Q80z761kwo1v51o9l5icrlhaqQ,learn_relquest,1.0,"[3, 5]",8.0,7.872,0,1.0,339,third
Q80z761kwo1v51o9l5icrlhaqQ,learn_relquest,0.0,"[0, 4]",9.0,4.825,1,1.0,340,third
Q80z761kwo1v51o9l5icrlhaqQ,learn_relquest,0.0,"[7, 5]",10.0,3.538,1,1.0,341,third
Q80z761kwo1v51o9l5icrlhaqQ,learn_relquest,1.0,"[1, 4]",11.0,3.549,0,1.0,342,third
Q80z761kwo1v51o9l5icrlhaqQ,learn_relquest,0.0,"[0, 6]",12.0,4.59,1,1.0,343,third
Q80z761kwo1v51o9l5icrlhaqQ,learn_relquest,1.0,"[4, 1]",13.0,3.972,0,1.0,344,third
Q80z761kwo1v51o9l5icrlhaqQ,learn_relquest,1.0,"[6, 7]",14.0,3.929,0,1.0,345,third
Q80z761kwo1v51o9l5icrlhaqQ,learn_relquest,1.0,"[2, 6]",15.0,3.255,0,1.0,346,third
Q80z761kwo1v51o9l5icrlhaqQ,learn_relquest,0.0,"[4, 7]",16.0,3.233,1,1.0,347,third
Q80z761kwo1v51o9l5icrlhaqQ,learn_relquest,0.0,"[3, 4]",17.0,5.724,1,1.0,348,third
Q80z761kwo1v51o9l5icrlhaqQ,learn_relquest,1.0,"[0, 7]",18.0,3.811,0,1.0,349,third
Q80z761kwo1v51o9l5icrlhaqQ,learn_relquest,1.0,"[5, 6]",19.0,3.592,0,1.0,350,third
Q80z761kwo1v51o9l5icrlhaqQ,learn_relquest,1.0,"[7, 1]",20.0,3.643,0,1.0,351,third
Q80z761kwo1v51o9l5icrlhaqQ,learn_relquest,1.0,"[6, 5]",21.0,3.226,0,1.0,352,third
Q80z761kwo1v51o9l5icrlhaqQ,learn_relquest,0.0,"[1, 0]",22.0,7.42,1,1.0,353,third
Q80z761kwo1v51o9l5icrlhaqQ,learn_relquest,0.0,"[0, 3]",23.0,5.152,1,1.0,354,third
Q80z761kwo1v51o9l5icrlhaqQ,learn_relquest,1.0,"[6, 2]",24.0,6.842,0,1.0,355,third
Q80z761kwo1v51o9l5icrlhaqQ,learn_relquest,1.0,"[1, 7]",25.0,7.089,0,1.0,356,third
Q80z761kwo1v51o9l5icrlhaqQ,learn_relquest,0.0,"[6, 0]",26.0,8.485,1,1.0,357,third
Q80z761kwo1v51o9l5icrlhaqQ,learn_relquest,0.0,"[4, 0]",27.0,3.014,1,1.0,358,third
Q80z761kwo1v51o9l5icrlhaqQ,learn_relquest,0.0,"[6, 4]",0.0,12.84,1,1.0,445,fourth
Q80z761kwo1v51o9l5icrlhaqQ,learn_relquest,1.0,"[7, 0]",1.0,3.029,0,1.0,446,fourth
Q80z761kwo1v51o9l5icrlhaqQ,learn_relquest,1.0,"[1, 7]",2.0,2.779,0,1.0,447,fourth
Q80z761kwo1v51o9l5icrlhaqQ,learn_relquest,0.0,"[2, 5]",3.0,4.72,1,1.0,448,fourth
Q80z761kwo1v51o9l5icrlhaqQ,learn_relquest,1.0,"[0, 7]",4.0,3.079,0,1.0,449,fourth
Q80z761kwo1v51o9l5icrlhaqQ,learn_relquest,1.0,"[3, 5]",5.0,5.539,0,1.0,450,fourth
Q80z761kwo1v51o9l5icrlhaqQ,learn_relquest,1.0,"[1, 4]",6.0,3.458,0,1.0,451,fourth
Q80z761kwo1v51o9l5icrlhaqQ,learn_relquest,0.0,"[4, 5]",7.0,3.42,1,1.0,452,fourth
Q80z761kwo1v51o9l5icrlhaqQ,learn_relquest,0.0,"[4, 2]",8.0,3.253,1,1.0,453,fourth
Q80z761kwo1v51o9l5icrlhaqQ,learn_relquest,0.0,"[5, 2]",9.0,3.997,1,1.0,454,fourth
Q80z761kwo1v51o9l5icrlhaqQ,learn_relquest,0.0,"[5, 1]",10.0,2.801,1,1.0,455,fourth
Q80z761kwo1v51o9l5icrlhaqQ,learn_relquest,1.0,"[6, 7]",11.0,4.338,0,1.0,456,fourth
Q80z761kwo1v51o9l5icrlhaqQ,learn_relquest,1.0,"[4, 1]",12.0,2.881,0,1.0,457,fourth
Q80z761kwo1v51o9l5icrlhaqQ,learn_relquest,0.0,"[4, 3]",13.0,3.354,1,1.0,458,fourth
Q80z761kwo1v51o9l5icrlhaqQ,learn_relquest,1.0,"[5, 3]",14.0,2.939,0,1.0,459,fourth
Q80z761kwo1v51o9l5icrlhaqQ,learn_relquest,1.0,"[6, 2]",15.0,4.238,0,1.0,460,fourth
Q80z761kwo1v51o9l5icrlhaqQ,learn_relquest,0.0,"[7, 4]",16.0,3.096,1,1.0,461,fourth
Q80z761kwo1v51o9l5icrlhaqQ,learn_relquest,1.0,"[7, 1]",17.0,3.185,0,1.0,462,fourth
Q80z761kwo1v51o9l5icrlhaqQ,learn_relquest,1.0,"[7, 6]",18.0,3.028,0,1.0,463,fourth
Q80z761kwo1v51o9l5icrlhaqQ,learn_relquest,0.0,"[7, 5]",19.0,3.271,1,1.0,464,fourth
Q80z761kwo1v51o9l5icrlhaqQ,learn_relquest,0.0,"[0, 1]",20.0,5.928,1,1.0,465,fourth
Q80z761kwo1v51o9l5icrlhaqQ,learn_relquest,0.0,"[5, 4]",21.0,3.569,1,1.0,466,fourth
Q80z761kwo1v51o9l5icrlhaqQ,learn_relquest,0.0,"[0, 2]",22.0,3.773,1,1.0,467,fourth
Q80z761kwo1v51o9l5icrlhaqQ,learn_relquest,1.0,"[6, 5]",23.0,4.902,0,1.0,468,fourth
Q80z761kwo1v51o9l5icrlhaqQ,learn_relquest,1.0,"[2, 6]",24.0,3.674,0,1.0,469,fourth
Q80z761kwo1v51o9l5icrlhaqQ,learn_relquest,0.0,"[0, 6]",25.0,4.124,1,1.0,470,fourth
Q80z761kwo1v51o9l5icrlhaqQ,learn_relquest,1.0,"[5, 6]",26.0,4.306,0,1.0,471,fourth
Q80z761kwo1v51o9l5icrlhaqQ,learn_relquest,0.0,"[5, 0]",27.0,4.489,1,1.0,472,fourth
Q80z761kwo1v51o9l5icrlhaqQ,learn_relquest,1.0,"[6, 2]",0.0,7.363,0,1.0,559,fifth
Q80z761kwo1v51o9l5icrlhaqQ,learn_relquest,1.0,"[6, 5]",1.0,3.444,0,1.0,560,fifth
Q80z761kwo1v51o9l5icrlhaqQ,learn_relquest,0.0,"[7, 4]",2.0,3.375,1,1.0,561,fifth
Q80z761kwo1v51o9l5icrlhaqQ,learn_relquest,1.0,"[1, 7]",3.0,2.899,0,1.0,562,fifth
Q80z761kwo1v51o9l5icrlhaqQ,learn_relquest,0.0,"[1, 6]",4.0,3.274,1,1.0,563,fifth
Q80z761kwo1v51o9l5icrlhaqQ,learn_relquest,1.0,"[0, 7]",5.0,2.605,0,1.0,564,fifth
Q80z761kwo1v51o9l5icrlhaqQ,learn_relquest,0.0,"[1, 2]",6.0,3.584,1,1.0,565,fifth
Q80z761kwo1v51o9l5icrlhaqQ,learn_relquest,1.0,"[3, 5]",7.0,3.592,0,1.0,566,fifth
Q80z761kwo1v51o9l5icrlhaqQ,learn_relquest,0.0,"[0, 1]",8.0,3.699,1,1.0,567,fifth
Q80z761kwo1v51o9l5icrlhaqQ,learn_relquest,0.0,"[2, 3]",9.0,4.597,1,1.0,568,fifth
Q80z761kwo1v51o9l5icrlhaqQ,learn_relquest,0.0,"[5, 0]",10.0,4.568,1,1.0,569,fifth
Q80z761kwo1v51o9l5icrlhaqQ,learn_relquest,1.0,"[7, 0]",11.0,3.536,0,1.0,570,fifth
Q80z761kwo1v51o9l5icrlhaqQ,learn_relquest,0.0,"[2, 7]",12.0,3.819,1,1.0,571,fifth
Q80z761kwo1v51o9l5icrlhaqQ,learn_relquest,1.0,"[4, 1]",13.0,3.528,0,1.0,572,fifth
Q80z761kwo1v51o9l5icrlhaqQ,learn_relquest,1.0,"[2, 6]",14.0,5.552,0,1.0,573,fifth
Q80z761kwo1v51o9l5icrlhaqQ,learn_relquest,0.0,"[0, 2]",15.0,4.145,1,1.0,574,fifth
Q80z761kwo1v51o9l5icrlhaqQ,learn_relquest,1.0,"[5, 6]",16.0,3.217,0,1.0,575,fifth
Q80z761kwo1v51o9l5icrlhaqQ,learn_relquest,1.0,"[1, 4]",17.0,3.071,0,1.0,576,fifth
Q80z761kwo1v51o9l5icrlhaqQ,learn_relquest,0.0,"[7, 5]",18.0,3.641,1,1.0,577,fifth
Q80z761kwo1v51o9l5icrlhaqQ,learn_relquest,0.0,"[2, 1]",19.0,3.755,1,1.0,578,fifth
Q80z761kwo1v51o9l5icrlhaqQ,learn_relquest,0.0,"[0, 5]",20.0,5.086,1,1.0,579,fifth
Q80z761kwo1v51o9l5icrlhaqQ,learn_relquest,0.0,"[5, 1]",21.0,2.761,1,1.0,580,fifth
Q80z761kwo1v51o9l5icrlhaqQ,learn_relquest,1.0,"[6, 7]",22.0,4.302,0,1.0,581,fifth
Q80z761kwo1v51o9l5icrlhaqQ,learn_relquest,1.0,"[5, 3]",23.0,4.875,0,1.0,582,fifth
Q80z761kwo1v51o9l5icrlhaqQ,learn_relquest,1.0,"[7, 1]",24.0,2.68,0,1.0,583,fifth
Q80z761kwo1v51o9l5icrlhaqQ,learn_relquest,0.0,"[4, 6]",25.0,3.12,1,1.0,584,fifth
Q80z761kwo1v51o9l5icrlhaqQ,learn_relquest,1.0,"[7, 6]",26.0,4.268,0,1.0,585,fifth
Q80z761kwo1v51o9l5icrlhaqQ,learn_relquest,0.0,"[6, 1]",27.0,2.933,1,1.0,586,fifth
Qxa0cicfjud1cg9rnw0lxyhulQ,learn_relquest,1.0,"[1, 4]",0.0,12.355,1,0.0,101,first
Qxa0cicfjud1cg9rnw0lxyhulQ,learn_relquest,1.0,"[2, 6]",1.0,2.069,0,1.0,102,first
Qxa0cicfjud1cg9rnw0lxyhulQ,learn_relquest,1.0,"[4, 1]",2.0,2.935,0,1.0,103,first
Qxa0cicfjud1cg9rnw0lxyhulQ,learn_relquest,1.0,"[7, 6]",3.0,4.046,1,0.0,104,first
Qxa0cicfjud1cg9rnw0lxyhulQ,learn_relquest,1.0,"[5, 6]",4.0,2.942,1,0.0,105,first
Qxa0cicfjud1cg9rnw0lxyhulQ,learn_relquest,0.0,"[4, 3]",5.0,1.447,0,0.0,106,first
Qxa0cicfjud1cg9rnw0lxyhulQ,learn_relquest,1.0,"[6, 2]",6.0,21.952,0,1.0,107,first
Qxa0cicfjud1cg9rnw0lxyhulQ,learn_relquest,1.0,"[6, 7]",7.0,4.046,1,0.0,108,first
Qxa0cicfjud1cg9rnw0lxyhulQ,learn_relquest,0.0,"[3, 6]",8.0,12.024,0,0.0,109,first
Qxa0cicfjud1cg9rnw0lxyhulQ,learn_relquest,0.0,"[1, 5]",9.0,5.191,1,1.0,110,first
Qxa0cicfjud1cg9rnw0lxyhulQ,learn_relquest,0.0,"[4, 0]",10.0,6.838,0,0.0,111,first
Qxa0cicfjud1cg9rnw0lxyhulQ,learn_relquest,0.0,"[5, 4]",11.0,4.511,0,0.0,112,first
Qxa0cicfjud1cg9rnw0lxyhulQ,learn_relquest,0.0,"[0, 3]",12.0,0.862,0,0.0,113,first
Qxa0cicfjud1cg9rnw0lxyhulQ,learn_relquest,0.0,"[3, 7]",13.0,2.351,1,1.0,114,first
Qxa0cicfjud1cg9rnw0lxyhulQ,learn_relquest,0.0,"[2, 4]",14.0,1.176,0,0.0,115,first
Qxa0cicfjud1cg9rnw0lxyhulQ,learn_relquest,0.0,"[2, 7]",15.0,1.087,0,0.0,116,first
Qxa0cicfjud1cg9rnw0lxyhulQ,learn_relquest,1.0,"[0, 7]",16.0,0.975,0,1.0,117,first
Qxa0cicfjud1cg9rnw0lxyhulQ,learn_relquest,0.0,"[5, 2]",17.0,69.616,0,0.0,118,first
Qxa0cicfjud1cg9rnw0lxyhulQ,learn_relquest,1.0,"[7, 1]",18.0,2.093,1,0.0,119,first
Qxa0cicfjud1cg9rnw0lxyhulQ,learn_relquest,0.0,"[2, 1]",19.0,4.271,0,0.0,120,first
Qxa0cicfjud1cg9rnw0lxyhulQ,learn_relquest,1.0,"[1, 7]",20.0,1.639,1,0.0,121,first
Qxa0cicfjud1cg9rnw0lxyhulQ,learn_relquest,1.0,"[7, 0]",21.0,1.039,0,1.0,122,first
Qxa0cicfjud1cg9rnw0lxyhulQ,learn_relquest,1.0,"[3, 5]",22.0,0.838,0,1.0,123,first
Qxa0cicfjud1cg9rnw0lxyhulQ,learn_relquest,0.0,"[6, 0]",23.0,1.471,0,0.0,124,first
Qxa0cicfjud1cg9rnw0lxyhulQ,learn_relquest,1.0,"[6, 5]",24.0,0.787,0,1.0,125,first
Qxa0cicfjud1cg9rnw0lxyhulQ,learn_relquest,1.0,"[5, 3]",25.0,0.799,1,0.0,126,first
Qxa0cicfjud1cg9rnw0lxyhulQ,learn_relquest,0.0,"[6, 3]",26.0,0.839,0,0.0,127,first
Qxa0cicfjud1cg9rnw0lxyhulQ,learn_relquest,0.0,"[4, 2]",27.0,2.311,0,0.0,128,first
Qxa0cicfjud1cg9rnw0lxyhulQ,learn_relquest,1.0,"[7, 1]",0.0,4.181,0,1.0,217,second
Qxa0cicfjud1cg9rnw0lxyhulQ,learn_relquest,1.0,"[1, 7]",1.0,2.744,1,0.0,218,second
Qxa0cicfjud1cg9rnw0lxyhulQ,learn_relquest,0.0,"[3, 6]",2.0,2.039,0,0.0,219,second
Qxa0cicfjud1cg9rnw0lxyhulQ,learn_relquest,1.0,"[6, 5]",3.0,2.616,0,1.0,220,second
Qxa0cicfjud1cg9rnw0lxyhulQ,learn_relquest,0.0,"[7, 5]",4.0,2.757,1,1.0,221,second
Qxa0cicfjud1cg9rnw0lxyhulQ,learn_relquest,0.0,"[6, 0]",5.0,5.08,0,0.0,222,second
Qxa0cicfjud1cg9rnw0lxyhulQ,learn_relquest,0.0,"[6, 4]",6.0,4.79,0,0.0,223,second
Qxa0cicfjud1cg9rnw0lxyhulQ,learn_relquest,0.0,"[0, 3]",7.0,1.327,0,0.0,224,second
Qxa0cicfjud1cg9rnw0lxyhulQ,learn_relquest,1.0,"[5, 3]",8.0,2.057,0,1.0,225,second
Qxa0cicfjud1cg9rnw0lxyhulQ,learn_relquest,1.0,"[5, 6]",9.0,2.39,1,0.0,226,second
Qxa0cicfjud1cg9rnw0lxyhulQ,learn_relquest,1.0,"[2, 6]",10.0,1.423,0,1.0,227,second
Qxa0cicfjud1cg9rnw0lxyhulQ,learn_relquest,0.0,"[7, 3]",11.0,3.031,0,0.0,228,second
Qxa0cicfjud1cg9rnw0lxyhulQ,learn_relquest,0.0,"[3, 0]",13.0,0.87,0,0.0,230,second
Qxa0cicfjud1cg9rnw0lxyhulQ,learn_relquest,0.0,"[4, 5]",12.0,64.653,0,0.0,229,second
Qxa0cicfjud1cg9rnw0lxyhulQ,learn_relquest,0.0,"[5, 1]",14.0,0.815,0,0.0,231,second
Qxa0cicfjud1cg9rnw0lxyhulQ,learn_relquest,0.0,"[2, 1]",15.0,1.91,0,0.0,232,second
Qxa0cicfjud1cg9rnw0lxyhulQ,learn_relquest,0.0,"[3, 7]",16.0,1.471,0,0.0,233,second
Qxa0cicfjud1cg9rnw0lxyhulQ,learn_relquest,0.0,"[5, 7]",17.0,1.254,1,1.0,234,second
Qxa0cicfjud1cg9rnw0lxyhulQ,learn_relquest,1.0,"[7, 6]",18.0,0.838,0,1.0,235,second
Qxa0cicfjud1cg9rnw0lxyhulQ,learn_relquest,1.0,"[6, 2]",19.0,0.711,0,1.0,236,second
Qxa0cicfjud1cg9rnw0lxyhulQ,learn_relquest,0.0,"[6, 3]",20.0,1.421,0,0.0,237,second
Qxa0cicfjud1cg9rnw0lxyhulQ,learn_relquest,1.0,"[7, 0]",21.0,2.812,0,1.0,238,second
Qxa0cicfjud1cg9rnw0lxyhulQ,learn_relquest,1.0,"[6, 7]",22.0,1.535,0,1.0,239,second
Qxa0cicfjud1cg9rnw0lxyhulQ,learn_relquest,1.0,"[3, 5]",23.0,1.009,0,1.0,240,second
Qxa0cicfjud1cg9rnw0lxyhulQ,learn_relquest,1.0,"[0, 7]",24.0,0.767,0,1.0,241,second
Qxa0cicfjud1cg9rnw0lxyhulQ,learn_relquest,1.0,"[4, 1]",25.0,1.296,1,0.0,242,second
Qxa0cicfjud1cg9rnw0lxyhulQ,learn_relquest,0.0,"[2, 5]",26.0,0.839,0,0.0,243,second
Qxa0cicfjud1cg9rnw0lxyhulQ,learn_relquest,1.0,"[1, 4]",27.0,0.736,0,1.0,244,second
Qxa0cicfjud1cg9rnw0lxyhulQ,learn_relquest,0.0,"[2, 1]",0.0,2.405,0,0.0,331,third
Qxa0cicfjud1cg9rnw0lxyhulQ,learn_relquest,1.0,"[6, 2]",1.0,0.863,0,1.0,332,third
Qxa0cicfjud1cg9rnw0lxyhulQ,learn_relquest,1.0,"[7, 1]",2.0,1.07,1,0.0,333,third
Qxa0cicfjud1cg9rnw0lxyhulQ,learn_relquest,1.0,"[4, 1]",3.0,0.95,0,1.0,334,third
Qxa0cicfjud1cg9rnw0lxyhulQ,learn_relquest,1.0,"[0, 7]",4.0,0.904,0,1.0,335,third
Qxa0cicfjud1cg9rnw0lxyhulQ,learn_relquest,1.0,"[1, 7]",5.0,1.567,0,1.0,336,third
Qxa0cicfjud1cg9rnw0lxyhulQ,learn_relquest,0.0,"[2, 3]",6.0,1.712,0,0.0,337,third
Qxa0cicfjud1cg9rnw0lxyhulQ,learn_relquest,0.0,"[0, 2]",7.0,3.862,0,0.0,338,third
Qxa0cicfjud1cg9rnw0lxyhulQ,learn_relquest,1.0,"[6, 7]",8.0,0.967,0,1.0,339,third
Qxa0cicfjud1cg9rnw0lxyhulQ,learn_relquest,1.0,"[7, 0]",9.0,0.8,0,1.0,340,third
Qxa0cicfjud1cg9rnw0lxyhulQ,learn_relquest,0.0,"[2, 7]",10.0,1.505,1,1.0,341,third
Qxa0cicfjud1cg9rnw0lxyhulQ,learn_relquest,0.0,"[6, 4]",11.0,0.878,0,0.0,342,third
Qxa0cicfjud1cg9rnw0lxyhulQ,learn_relquest,1.0,"[5, 3]",12.0,1.024,0,1.0,343,third
Qxa0cicfjud1cg9rnw0lxyhulQ,learn_relquest,0.0,"[5, 4]",13.0,0.888,0,0.0,344,third
Qxa0cicfjud1cg9rnw0lxyhulQ,learn_relquest,1.0,"[1, 4]",14.0,0.799,0,1.0,345,third
Qxa0cicfjud1cg9rnw0lxyhulQ,learn_relquest,1.0,"[6, 5]",15.0,0.88,0,1.0,346,third
Qxa0cicfjud1cg9rnw0lxyhulQ,learn_relquest,0.0,"[3, 2]",16.0,0.799,0,0.0,347,third
Qxa0cicfjud1cg9rnw0lxyhulQ,learn_relquest,1.0,"[2, 6]",17.0,1.007,0,1.0,348,third
Qxa0cicfjud1cg9rnw0lxyhulQ,learn_relquest,0.0,"[3, 0]",18.0,5.023,0,0.0,349,third
Qxa0cicfjud1cg9rnw0lxyhulQ,learn_relquest,0.0,"[2, 5]",19.0,1.158,0,0.0,350,third
Qxa0cicfjud1cg9rnw0lxyhulQ,learn_relquest,1.0,"[7, 6]",20.0,0.481,0,1.0,351,third
Qxa0cicfjud1cg9rnw0lxyhulQ,learn_relquest,0.0,"[1, 6]",21.0,0.905,1,1.0,352,third
Qxa0cicfjud1cg9rnw0lxyhulQ,learn_relquest,1.0,"[5, 6]",22.0,0.67,0,1.0,353,third
Qxa0cicfjud1cg9rnw0lxyhulQ,learn_relquest,0.0,"[4, 2]",23.0,0.816,1,1.0,354,third
Qxa0cicfjud1cg9rnw0lxyhulQ,learn_relquest,1.0,"[3, 5]",24.0,0.599,0,1.0,355,third
Qxa0cicfjud1cg9rnw0lxyhulQ,learn_relquest,0.0,"[4, 0]",25.0,0.831,1,1.0,356,third
Qxa0cicfjud1cg9rnw0lxyhulQ,learn_relquest,0.0,"[7, 2]",26.0,0.912,0,0.0,357,third
Qxa0cicfjud1cg9rnw0lxyhulQ,learn_relquest,0.0,"[3, 4]",27.0,0.728,0,0.0,358,third
Qxa0cicfjud1cg9rnw0lxyhulQ,learn_relquest,0.0,"[4, 5]",0.0,2.343,0,0.0,445,fourth
Qxa0cicfjud1cg9rnw0lxyhulQ,learn_relquest,1.0,"[2, 6]",1.0,1.024,0,1.0,446,fourth
Qxa0cicfjud1cg9rnw0lxyhulQ,learn_relquest,0.0,"[0, 6]",2.0,0.904,0,0.0,447,fourth
Qxa0cicfjud1cg9rnw0lxyhulQ,learn_relquest,0.0,"[2, 4]",3.0,0.839,0,0.0,448,fourth
Qxa0cicfjud1cg9rnw0lxyhulQ,learn_relquest,1.0,"[1, 7]",4.0,0.975,0,1.0,449,fourth
Qxa0cicfjud1cg9rnw0lxyhulQ,learn_relquest,0.0,"[4, 6]",5.0,1.136,1,1.0,450,fourth
Qxa0cicfjud1cg9rnw0lxyhulQ,learn_relquest,1.0,"[7, 1]",6.0,0.782,0,1.0,451,fourth
Qxa0cicfjud1cg9rnw0lxyhulQ,learn_relquest,0.0,"[0, 1]",7.0,0.8,0,0.0,452,fourth
Qxa0cicfjud1cg9rnw0lxyhulQ,learn_relquest,1.0,"[6, 5]",8.0,0.748,0,1.0,453,fourth
Qxa0cicfjud1cg9rnw0lxyhulQ,learn_relquest,0.0,"[6, 3]",9.0,0.662,0,0.0,454,fourth
Qxa0cicfjud1cg9rnw0lxyhulQ,learn_relquest,1.0,"[4, 1]",10.0,0.767,1,0.0,455,fourth
Qxa0cicfjud1cg9rnw0lxyhulQ,learn_relquest,0.0,"[5, 0]",11.0,1.152,1,1.0,456,fourth
Qxa0cicfjud1cg9rnw0lxyhulQ,learn_relquest,1.0,"[6, 2]",12.0,1.35,0,1.0,457,fourth
Qxa0cicfjud1cg9rnw0lxyhulQ,learn_relquest,1.0,"[5, 6]",13.0,0.56,0,1.0,458,fourth
Qxa0cicfjud1cg9rnw0lxyhulQ,learn_relquest,1.0,"[3, 5]",14.0,1.448,0,1.0,459,fourth
Qxa0cicfjud1cg9rnw0lxyhulQ,learn_relquest,0.0,"[0, 5]",15.0,1.632,0,0.0,460,fourth
Qxa0cicfjud1cg9rnw0lxyhulQ,learn_relquest,1.0,"[5, 3]",16.0,1.336,0,1.0,461,fourth
Qxa0cicfjud1cg9rnw0lxyhulQ,learn_relquest,0.0,"[7, 3]",17.0,0.871,1,1.0,462,fourth
Qxa0cicfjud1cg9rnw0lxyhulQ,learn_relquest,1.0,"[1, 4]",18.0,1.168,0,1.0,463,fourth
Qxa0cicfjud1cg9rnw0lxyhulQ,learn_relquest,1.0,"[0, 7]",19.0,0.952,0,1.0,464,fourth
Qxa0cicfjud1cg9rnw0lxyhulQ,learn_relquest,0.0,"[2, 5]",20.0,0.857,0,0.0,465,fourth
Qxa0cicfjud1cg9rnw0lxyhulQ,learn_relquest,0.0,"[7, 4]",21.0,1.152,1,1.0,466,fourth
Qxa0cicfjud1cg9rnw0lxyhulQ,learn_relquest,1.0,"[6, 7]",22.0,2.687,0,1.0,467,fourth
Qxa0cicfjud1cg9rnw0lxyhulQ,learn_relquest,1.0,"[7, 0]",23.0,2.76,1,0.0,468,fourth
Qxa0cicfjud1cg9rnw0lxyhulQ,learn_relquest,0.0,"[0, 3]",24.0,1.064,0,0.0,469,fourth
Qxa0cicfjud1cg9rnw0lxyhulQ,learn_relquest,1.0,"[7, 6]",25.0,3.319,0,1.0,470,fourth
Qxa0cicfjud1cg9rnw0lxyhulQ,learn_relquest,0.0,"[1, 3]",26.0,4.383,0,0.0,471,fourth
Qxa0cicfjud1cg9rnw0lxyhulQ,learn_relquest,0.0,"[0, 2]",27.0,3.95,0,0.0,472,fourth
Qxa0cicfjud1cg9rnw0lxyhulQ,learn_relquest,1.0,"[7, 0]",0.0,1.91,0,1.0,559,fifth
Qxa0cicfjud1cg9rnw0lxyhulQ,learn_relquest,0.0,"[2, 4]",1.0,0.774,0,0.0,560,fifth
Qxa0cicfjud1cg9rnw0lxyhulQ,learn_relquest,0.0,"[1, 2]",2.0,1.496,0,0.0,561,fifth
Qxa0cicfjud1cg9rnw0lxyhulQ,learn_relquest,1.0,"[5, 3]",3.0,4.246,0,1.0,562,fifth
Qxa0cicfjud1cg9rnw0lxyhulQ,learn_relquest,1.0,"[6, 2]",4.0,1.023,0,1.0,563,fifth
Qxa0cicfjud1cg9rnw0lxyhulQ,learn_relquest,0.0,"[2, 0]",5.0,4.6,0,0.0,564,fifth
Qxa0cicfjud1cg9rnw0lxyhulQ,learn_relquest,0.0,"[5, 0]",6.0,2.443,0,0.0,565,fifth
Qxa0cicfjud1cg9rnw0lxyhulQ,learn_relquest,1.0,"[3, 5]",7.0,0.928,0,1.0,566,fifth
Qxa0cicfjud1cg9rnw0lxyhulQ,learn_relquest,1.0,"[5, 6]",8.0,4.438,0,1.0,567,fifth
Qxa0cicfjud1cg9rnw0lxyhulQ,learn_relquest,1.0,"[1, 4]",9.0,1.207,1,0.0,568,fifth
Qxa0cicfjud1cg9rnw0lxyhulQ,learn_relquest,0.0,"[4, 6]",10.0,1.184,1,1.0,569,fifth
Qxa0cicfjud1cg9rnw0lxyhulQ,learn_relquest,0.0,"[6, 1]",11.0,0.999,0,0.0,570,fifth
Qxa0cicfjud1cg9rnw0lxyhulQ,learn_relquest,0.0,"[5, 7]",12.0,0.68,0,0.0,571,fifth
Qxa0cicfjud1cg9rnw0lxyhulQ,learn_relquest,0.0,"[0, 4]",13.0,0.696,0,0.0,572,fifth
Qxa0cicfjud1cg9rnw0lxyhulQ,learn_relquest,0.0,"[0, 2]",14.0,0.758,0,0.0,573,fifth
Qxa0cicfjud1cg9rnw0lxyhulQ,learn_relquest,1.0,"[1, 7]",15.0,0.72,0,1.0,574,fifth
Qxa0cicfjud1cg9rnw0lxyhulQ,learn_relquest,1.0,"[0, 7]",16.0,1.255,0,1.0,575,fifth
Qxa0cicfjud1cg9rnw0lxyhulQ,learn_relquest,0.0,"[7, 5]",17.0,1.408,0,0.0,576,fifth
Qxa0cicfjud1cg9rnw0lxyhulQ,learn_relquest,0.0,"[0, 5]",18.0,1.263,0,0.0,577,fifth
Qxa0cicfjud1cg9rnw0lxyhulQ,learn_relquest,0.0,"[4, 0]",19.0,1.677,0,0.0,578,fifth
Qxa0cicfjud1cg9rnw0lxyhulQ,learn_relquest,1.0,"[6, 7]",20.0,3.807,1,0.0,579,fifth
Qxa0cicfjud1cg9rnw0lxyhulQ,learn_relquest,0.0,"[3, 0]",21.0,0.967,0,0.0,580,fifth
Qxa0cicfjud1cg9rnw0lxyhulQ,learn_relquest,1.0,"[2, 6]",22.0,0.72,0,1.0,581,fifth
Qxa0cicfjud1cg9rnw0lxyhulQ,learn_relquest,0.0,"[2, 3]",23.0,2.023,0,0.0,582,fifth
Qxa0cicfjud1cg9rnw0lxyhulQ,learn_relquest,1.0,"[7, 6]",24.0,6.112,0,1.0,583,fifth
Qxa0cicfjud1cg9rnw0lxyhulQ,learn_relquest,1.0,"[4, 1]",25.0,1.262,0,1.0,584,fifth
Qxa0cicfjud1cg9rnw0lxyhulQ,learn_relquest,1.0,"[6, 5]",26.0,1.401,0,1.0,585,fifth
Qxa0cicfjud1cg9rnw0lxyhulQ,learn_relquest,1.0,"[7, 1]",27.0,2.56,0,1.0,586,fifth
Q35un9sq68rcyua4ol3y88bqnQ,learn_relquest,1.0,"[5, 6]",0.0,2.561,1,0.0,101,first
Q35un9sq68rcyua4ol3y88bqnQ,learn_relquest,0.0,"[4, 7]",1.0,3.541,1,1.0,102,first
Q35un9sq68rcyua4ol3y88bqnQ,learn_relquest,1.0,"[3, 5]",2.0,1.101,0,1.0,103,first
Q35un9sq68rcyua4ol3y88bqnQ,learn_relquest,1.0,"[5, 3]",3.0,0.881,0,1.0,104,first
Q35un9sq68rcyua4ol3y88bqnQ,learn_relquest,1.0,"[6, 2]",4.0,0.922,0,1.0,105,first
Q35un9sq68rcyua4ol3y88bqnQ,learn_relquest,1.0,"[1, 7]",5.0,1.383,1,0.0,106,first
Q35un9sq68rcyua4ol3y88bqnQ,learn_relquest,0.0,"[6, 3]",6.0,1.584,1,1.0,107,first
Q35un9sq68rcyua4ol3y88bqnQ,learn_relquest,0.0,"[5, 4]",7.0,1.137,0,0.0,108,first
Q35un9sq68rcyua4ol3y88bqnQ,learn_relquest,0.0,"[3, 7]",8.0,1.455,0,0.0,109,first
Q35un9sq68rcyua4ol3y88bqnQ,learn_relquest,0.0,"[0, 2]",9.0,1.107,1,1.0,110,first
Q35un9sq68rcyua4ol3y88bqnQ,learn_relquest,1.0,"[7, 0]",10.0,1.266,0,1.0,111,first
Q35un9sq68rcyua4ol3y88bqnQ,learn_relquest,1.0,"[2, 6]",11.0,1.028,0,1.0,112,first
Q35un9sq68rcyua4ol3y88bqnQ,learn_relquest,0.0,"[1, 6]",12.0,0.819,1,1.0,113,first
Q35un9sq68rcyua4ol3y88bqnQ,learn_relquest,1.0,"[6, 5]",13.0,1.404,1,0.0,114,first
Q35un9sq68rcyua4ol3y88bqnQ,learn_relquest,0.0,"[5, 7]",14.0,0.897,0,0.0,115,first
Q35un9sq68rcyua4ol3y88bqnQ,learn_relquest,1.0,"[7, 1]",15.0,1.226,0,1.0,116,first
Q35un9sq68rcyua4ol3y88bqnQ,learn_relquest,0.0,"[3, 6]",16.0,3.613,1,1.0,117,first
Q35un9sq68rcyua4ol3y88bqnQ,learn_relquest,1.0,"[7, 6]",17.0,1.476,1,0.0,118,first
Q35un9sq68rcyua4ol3y88bqnQ,learn_relquest,0.0,"[1, 0]",18.0,1.839,0,0.0,119,first
Q35un9sq68rcyua4ol3y88bqnQ,learn_relquest,0.0,"[7, 3]",19.0,1.641,0,0.0,120,first
Q35un9sq68rcyua4ol3y88bqnQ,learn_relquest,1.0,"[4, 1]",20.0,1.029,1,0.0,121,first
Q35un9sq68rcyua4ol3y88bqnQ,learn_relquest,1.0,"[6, 7]",21.0,0.631,0,1.0,122,first
Q35un9sq68rcyua4ol3y88bqnQ,learn_relquest,0.0,"[1, 3]",22.0,0.964,1,1.0,123,first
Q35un9sq68rcyua4ol3y88bqnQ,learn_relquest,0.0,"[6, 0]",23.0,0.9,0,0.0,124,first
Q35un9sq68rcyua4ol3y88bqnQ,learn_relquest,0.0,"[4, 2]",24.0,0.92,0,0.0,125,first
Q35un9sq68rcyua4ol3y88bqnQ,learn_relquest,1.0,"[1, 4]",25.0,1.317,1,0.0,126,first
Q35un9sq68rcyua4ol3y88bqnQ,learn_relquest,1.0,"[0, 7]",26.0,1.636,0,1.0,127,first
Q35un9sq68rcyua4ol3y88bqnQ,learn_relquest,0.0,"[0, 6]",27.0,0.697,0,0.0,128,first
Q35un9sq68rcyua4ol3y88bqnQ,learn_relquest,1.0,"[6, 7]",0.0,2.049,0,1.0,217,second
Q35un9sq68rcyua4ol3y88bqnQ,learn_relquest,0.0,"[1, 6]",1.0,1.687,1,1.0,218,second
Q35un9sq68rcyua4ol3y88bqnQ,learn_relquest,1.0,"[0, 7]",2.0,0.987,0,1.0,219,second
Q35un9sq68rcyua4ol3y88bqnQ,learn_relquest,0.0,"[0, 5]",3.0,1.002,0,0.0,220,second
Q35un9sq68rcyua4ol3y88bqnQ,learn_relquest,0.0,"[4, 2]",4.0,0.828,0,0.0,221,second
Q35un9sq68rcyua4ol3y88bqnQ,learn_relquest,1.0,"[6, 5]",5.0,1.297,0,1.0,222,second
Q35un9sq68rcyua4ol3y88bqnQ,learn_relquest,1.0,"[7, 6]",6.0,1.001,0,1.0,223,second
Q35un9sq68rcyua4ol3y88bqnQ,learn_relquest,1.0,"[1, 4]",7.0,1.073,1,0.0,224,second
Q35un9sq68rcyua4ol3y88bqnQ,learn_relquest,1.0,"[1, 7]",8.0,1.759,0,1.0,225,second
Q35un9sq68rcyua4ol3y88bqnQ,learn_relquest,0.0,"[4, 6]",9.0,0.676,0,0.0,226,second
Q35un9sq68rcyua4ol3y88bqnQ,learn_relquest,0.0,"[3, 4]",10.0,0.374,0,0.0,227,second
Q35un9sq68rcyua4ol3y88bqnQ,learn_relquest,1.0,"[7, 1]",11.0,0.194,0,1.0,228,second
Q35un9sq68rcyua4ol3y88bqnQ,learn_relquest,0.0,"[3, 2]",12.0,0.46,0,0.0,229,second
Q35un9sq68rcyua4ol3y88bqnQ,learn_relquest,1.0,"[7, 0]",13.0,0.323,0,1.0,230,second
Q35un9sq68rcyua4ol3y88bqnQ,learn_relquest,1.0,"[4, 1]",14.0,0.395,0,1.0,231,second
Q35un9sq68rcyua4ol3y88bqnQ,learn_relquest,0.0,"[0, 1]",15.0,0.295,0,0.0,232,second
Q35un9sq68rcyua4ol3y88bqnQ,learn_relquest,1.0,"[5, 3]",16.0,0.221,0,1.0,233,second
Q35un9sq68rcyua4ol3y88bqnQ,learn_relquest,0.0,"[4, 0]",17.0,0.251,0,0.0,234,second
Q35un9sq68rcyua4ol3y88bqnQ,learn_relquest,0.0,"[3, 6]",18.0,0.389,0,0.0,235,second
Q35un9sq68rcyua4ol3y88bqnQ,learn_relquest,0.0,"[2, 1]",19.0,0.213,0,0.0,236,second
Q35un9sq68rcyua4ol3y88bqnQ,learn_relquest,1.0,"[5, 6]",20.0,0.323,0,1.0,237,second
Q35un9sq68rcyua4ol3y88bqnQ,learn_relquest,0.0,"[0, 6]",21.0,0.237,0,0.0,238,second
Q35un9sq68rcyua4ol3y88bqnQ,learn_relquest,0.0,"[2, 4]",22.0,0.214,0,0.0,239,second
Q35un9sq68rcyua4ol3y88bqnQ,learn_relquest,1.0,"[3, 5]",23.0,0.2,0,1.0,240,second
Q35un9sq68rcyua4ol3y88bqnQ,learn_relquest,1.0,"[2, 6]",24.0,0.201,0,1.0,241,second
Q35un9sq68rcyua4ol3y88bqnQ,learn_relquest,1.0,"[6, 2]",25.0,0.357,0,1.0,242,second
Q35un9sq68rcyua4ol3y88bqnQ,learn_relquest,0.0,"[4, 3]",26.0,0.366,0,0.0,243,second
Q35un9sq68rcyua4ol3y88bqnQ,learn_relquest,0.0,"[2, 5]",27.0,0.201,0,0.0,244,second
Qmhpmgbr6qqlxzlow9yow9iw2Q,learn_relquest,0.0,"[6, 3]",0.0,8.826,1,1.0,101,first
Qmhpmgbr6qqlxzlow9yow9iw2Q,learn_relquest,0.0,"[6, 4]",1.0,6.819,0,0.0,102,first
Qmhpmgbr6qqlxzlow9yow9iw2Q,learn_relquest,1.0,"[1, 7]",2.0,2.726,0,1.0,103,first
Qmhpmgbr6qqlxzlow9yow9iw2Q,learn_relquest,1.0,"[5, 6]",3.0,4.573,0,1.0,104,first
Qmhpmgbr6qqlxzlow9yow9iw2Q,learn_relquest,0.0,"[7, 4]",4.0,2.277,0,0.0,105,first
Qmhpmgbr6qqlxzlow9yow9iw2Q,learn_relquest,0.0,"[2, 7]",5.0,3.15,1,1.0,106,first
Qmhpmgbr6qqlxzlow9yow9iw2Q,learn_relquest,0.0,"[7, 3]",6.0,1.918,0,0.0,107,first
Qmhpmgbr6qqlxzlow9yow9iw2Q,learn_relquest,0.0,"[1, 3]",7.0,2.346,1,1.0,108,first
Qmhpmgbr6qqlxzlow9yow9iw2Q,learn_relquest,1.0,"[4, 1]",8.0,59.075,0,1.0,109,first
Qmhpmgbr6qqlxzlow9yow9iw2Q,learn_relquest,1.0,"[0, 7]",9.0,6.539,0,1.0,110,first
Qmhpmgbr6qqlxzlow9yow9iw2Q,learn_relquest,1.0,"[6, 5]",10.0,2.204,1,0.0,111,first
Qmhpmgbr6qqlxzlow9yow9iw2Q,learn_relquest,0.0,"[0, 1]",11.0,2.762,1,1.0,112,first
Qmhpmgbr6qqlxzlow9yow9iw2Q,learn_relquest,1.0,"[6, 7]",12.0,5.472,0,1.0,113,first
Qmhpmgbr6qqlxzlow9yow9iw2Q,learn_relquest,1.0,"[2, 6]",13.0,1.301,0,1.0,114,first
Qmhpmgbr6qqlxzlow9yow9iw2Q,learn_relquest,0.0,"[2, 0]",14.0,1.107,0,0.0,115,first
Qmhpmgbr6qqlxzlow9yow9iw2Q,learn_relquest,0.0,"[6, 0]",15.0,1.95,1,1.0,116,first
Qmhpmgbr6qqlxzlow9yow9iw2Q,learn_relquest,1.0,"[6, 2]",16.0,2.4,0,1.0,117,first
Qmhpmgbr6qqlxzlow9yow9iw2Q,learn_relquest,1.0,"[7, 0]",17.0,1.908,0,1.0,118,first
Qmhpmgbr6qqlxzlow9yow9iw2Q,learn_relquest,0.0,"[7, 2]",18.0,2.21,0,0.0,119,first
Qmhpmgbr6qqlxzlow9yow9iw2Q,learn_relquest,0.0,"[4, 0]",19.0,2.093,0,0.0,120,first
Qmhpmgbr6qqlxzlow9yow9iw2Q,learn_relquest,0.0,"[0, 6]",20.0,1.643,1,1.0,121,first
Qmhpmgbr6qqlxzlow9yow9iw2Q,learn_relquest,1.0,"[7, 6]",21.0,3.11,0,1.0,122,first
Qmhpmgbr6qqlxzlow9yow9iw2Q,learn_relquest,1.0,"[5, 3]",22.0,1.512,0,1.0,123,first
Qmhpmgbr6qqlxzlow9yow9iw2Q,learn_relquest,0.0,"[0, 5]",23.0,1.663,0,0.0,124,first
Qmhpmgbr6qqlxzlow9yow9iw2Q,learn_relquest,1.0,"[1, 4]",24.0,2.479,0,1.0,125,first
Qmhpmgbr6qqlxzlow9yow9iw2Q,learn_relquest,1.0,"[7, 1]",25.0,3.546,0,1.0,126,first
Qmhpmgbr6qqlxzlow9yow9iw2Q,learn_relquest,0.0,"[5, 7]",26.0,1.325,0,0.0,127,first
Qmhpmgbr6qqlxzlow9yow9iw2Q,learn_relquest,1.0,"[3, 5]",27.0,1.102,0,1.0,128,first
Qmhpmgbr6qqlxzlow9yow9iw2Q,learn_relquest,0.0,"[5, 2]",0.0,7.322,0,0.0,217,second
Qmhpmgbr6qqlxzlow9yow9iw2Q,learn_relquest,0.0,"[4, 6]",1.0,3.792,1,1.0,218,second
Qmhpmgbr6qqlxzlow9yow9iw2Q,learn_relquest,0.0,"[1, 2]",2.0,3.176,1,1.0,219,second
Qmhpmgbr6qqlxzlow9yow9iw2Q,learn_relquest,0.0,"[2, 0]",3.0,4.18,0,0.0,220,second
Qmhpmgbr6qqlxzlow9yow9iw2Q,learn_relquest,1.0,"[7, 1]",4.0,1.535,0,1.0,221,second
Qmhpmgbr6qqlxzlow9yow9iw2Q,learn_relquest,0.0,"[1, 6]",5.0,3.389,1,1.0,222,second
Qmhpmgbr6qqlxzlow9yow9iw2Q,learn_relquest,1.0,"[1, 4]",6.0,2.213,0,1.0,223,second
Qmhpmgbr6qqlxzlow9yow9iw2Q,learn_relquest,1.0,"[5, 6]",7.0,1.399,0,1.0,224,second
Qmhpmgbr6qqlxzlow9yow9iw2Q,learn_relquest,0.0,"[3, 4]",8.0,1.958,1,1.0,225,second
Qmhpmgbr6qqlxzlow9yow9iw2Q,learn_relquest,1.0,"[2, 6]",9.0,2.341,0,1.0,226,second
Qmhpmgbr6qqlxzlow9yow9iw2Q,learn_relquest,0.0,"[2, 1]",10.0,1.188,0,0.0,227,second
Qmhpmgbr6qqlxzlow9yow9iw2Q,learn_relquest,0.0,"[0, 2]",11.0,1.333,0,0.0,228,second
Qmhpmgbr6qqlxzlow9yow9iw2Q,learn_relquest,1.0,"[6, 5]",12.0,3.016,0,1.0,229,second
Qmhpmgbr6qqlxzlow9yow9iw2Q,learn_relquest,1.0,"[4, 1]",13.0,3.996,1,0.0,230,second
Qmhpmgbr6qqlxzlow9yow9iw2Q,learn_relquest,0.0,"[6, 1]",14.0,13.15,1,1.0,231,second
Qmhpmgbr6qqlxzlow9yow9iw2Q,learn_relquest,0.0,"[3, 1]",15.0,3.313,1,1.0,232,second
Qmhpmgbr6qqlxzlow9yow9iw2Q,learn_relquest,1.0,"[5, 3]",16.0,1.724,0,1.0,233,second
Qmhpmgbr6qqlxzlow9yow9iw2Q,learn_relquest,0.0,"[6, 3]",17.0,1.792,0,0.0,234,second
Qmhpmgbr6qqlxzlow9yow9iw2Q,learn_relquest,1.0,"[6, 2]",18.0,7.077,0,1.0,235,second
Qmhpmgbr6qqlxzlow9yow9iw2Q,learn_relquest,1.0,"[7, 6]",19.0,2.214,1,0.0,236,second
Qmhpmgbr6qqlxzlow9yow9iw2Q,learn_relquest,1.0,"[3, 5]",20.0,1.556,0,1.0,237,second
Qmhpmgbr6qqlxzlow9yow9iw2Q,learn_relquest,0.0,"[5, 7]",21.0,2.598,1,1.0,238,second
Qmhpmgbr6qqlxzlow9yow9iw2Q,learn_relquest,1.0,"[0, 7]",22.0,1.872,0,1.0,239,second
Qmhpmgbr6qqlxzlow9yow9iw2Q,learn_relquest,0.0,"[5, 1]",23.0,2.432,1,1.0,240,second
Qmhpmgbr6qqlxzlow9yow9iw2Q,learn_relquest,1.0,"[7, 0]",24.0,2.192,0,1.0,241,second
Qmhpmgbr6qqlxzlow9yow9iw2Q,learn_relquest,1.0,"[6, 7]",25.0,2.389,0,1.0,242,second
Qmhpmgbr6qqlxzlow9yow9iw2Q,learn_relquest,0.0,"[2, 4]",26.0,1.862,1,1.0,243,second
Qmhpmgbr6qqlxzlow9yow9iw2Q,learn_relquest,1.0,"[1, 7]",27.0,1.53,0,1.0,244,second
Qmhpmgbr6qqlxzlow9yow9iw2Q,learn_relquest,0.0,"[0, 4]",0.0,11.515,0,0.0,331,third
Qmhpmgbr6qqlxzlow9yow9iw2Q,learn_relquest,0.0,"[2, 0]",1.0,2.589,0,0.0,332,third
Qmhpmgbr6qqlxzlow9yow9iw2Q,learn_relquest,1.0,"[1, 7]",2.0,1.49,0,1.0,333,third
Qmhpmgbr6qqlxzlow9yow9iw2Q,learn_relquest,1.0,"[1, 4]",3.0,1.584,0,1.0,334,third
Qmhpmgbr6qqlxzlow9yow9iw2Q,learn_relquest,1.0,"[7, 6]",4.0,1.545,0,1.0,335,third
Qmhpmgbr6qqlxzlow9yow9iw2Q,learn_relquest,1.0,"[4, 1]",5.0,4.34,0,1.0,336,third
Qmhpmgbr6qqlxzlow9yow9iw2Q,learn_relquest,0.0,"[1, 0]",6.0,2.345,1,1.0,337,third
Qmhpmgbr6qqlxzlow9yow9iw2Q,learn_relquest,1.0,"[6, 7]",7.0,1.641,0,1.0,338,third
Qmhpmgbr6qqlxzlow9yow9iw2Q,learn_relquest,1.0,"[3, 5]",8.0,1.101,0,1.0,339,third
Qmhpmgbr6qqlxzlow9yow9iw2Q,learn_relquest,0.0,"[7, 4]",9.0,1.253,0,0.0,340,third
Qmhpmgbr6qqlxzlow9yow9iw2Q,learn_relquest,1.0,"[0, 7]",10.0,1.259,0,1.0,341,third
Qmhpmgbr6qqlxzlow9yow9iw2Q,learn_relquest,0.0,"[4, 6]",11.0,4.375,1,1.0,342,third
Qmhpmgbr6qqlxzlow9yow9iw2Q,learn_relquest,1.0,"[7, 1]",12.0,1.519,0,1.0,343,third
Qmhpmgbr6qqlxzlow9yow9iw2Q,learn_relquest,0.0,"[0, 6]",13.0,2.188,1,1.0,344,third
Qmhpmgbr6qqlxzlow9yow9iw2Q,learn_relquest,1.0,"[5, 3]",14.0,1.999,0,1.0,345,third
Qmhpmgbr6qqlxzlow9yow9iw2Q,learn_relquest,1.0,"[5, 6]",15.0,1.364,0,1.0,346,third
Qmhpmgbr6qqlxzlow9yow9iw2Q,learn_relquest,0.0,"[7, 5]",16.0,2.97,1,1.0,347,third
Qmhpmgbr6qqlxzlow9yow9iw2Q,learn_relquest,0.0,"[4, 7]",17.0,3.318,1,1.0,348,third
Qmhpmgbr6qqlxzlow9yow9iw2Q,learn_relquest,0.0,"[3, 2]",18.0,2.313,1,1.0,349,third
Qmhpmgbr6qqlxzlow9yow9iw2Q,learn_relquest,1.0,"[7, 0]",19.0,1.792,0,1.0,350,third
Qmhpmgbr6qqlxzlow9yow9iw2Q,learn_relquest,0.0,"[2, 5]",20.0,11.903,0,0.0,351,third
Qmhpmgbr6qqlxzlow9yow9iw2Q,learn_relquest,1.0,"[6, 2]",21.0,4.278,1,0.0,352,third
Qmhpmgbr6qqlxzlow9yow9iw2Q,learn_relquest,0.0,"[0, 2]",22.0,8.041,0,0.0,353,third
Qmhpmgbr6qqlxzlow9yow9iw2Q,learn_relquest,0.0,"[2, 3]",23.0,3.316,1,1.0,354,third
Qmhpmgbr6qqlxzlow9yow9iw2Q,learn_relquest,0.0,"[2, 4]",24.0,1.756,1,1.0,355,third
Qmhpmgbr6qqlxzlow9yow9iw2Q,learn_relquest,1.0,"[6, 5]",25.0,4.43,0,1.0,356,third
Qmhpmgbr6qqlxzlow9yow9iw2Q,learn_relquest,1.0,"[2, 6]",26.0,1.545,0,1.0,357,third
Qmhpmgbr6qqlxzlow9yow9iw2Q,learn_relquest,0.0,"[1, 2]",27.0,1.676,1,1.0,358,third
Qmhpmgbr6qqlxzlow9yow9iw2Q,learn_relquest,0.0,"[3, 6]",0.0,5.522,1,1.0,445,fourth
Qmhpmgbr6qqlxzlow9yow9iw2Q,learn_relquest,0.0,"[3, 1]",1.0,1.95,1,1.0,446,fourth
Qmhpmgbr6qqlxzlow9yow9iw2Q,learn_relquest,1.0,"[6, 2]",2.0,3.51,1,0.0,447,fourth
Qmhpmgbr6qqlxzlow9yow9iw2Q,learn_relquest,1.0,"[5, 6]",3.0,2.233,0,1.0,448,fourth
Qmhpmgbr6qqlxzlow9yow9iw2Q,learn_relquest,1.0,"[6, 7]",4.0,1.637,0,1.0,449,fourth
Qmhpmgbr6qqlxzlow9yow9iw2Q,learn_relquest,1.0,"[1, 7]",5.0,1.04,0,1.0,450,fourth
Qmhpmgbr6qqlxzlow9yow9iw2Q,learn_relquest,1.0,"[7, 1]",6.0,0.929,0,1.0,451,fourth
Qmhpmgbr6qqlxzlow9yow9iw2Q,learn_relquest,1.0,"[2, 6]",7.0,2.414,0,1.0,452,fourth
Qmhpmgbr6qqlxzlow9yow9iw2Q,learn_relquest,0.0,"[2, 5]",8.0,1.083,0,0.0,453,fourth
Qmhpmgbr6qqlxzlow9yow9iw2Q,learn_relquest,1.0,"[7, 0]",9.0,1.659,0,1.0,454,fourth
Qmhpmgbr6qqlxzlow9yow9iw2Q,learn_relquest,0.0,"[5, 4]",10.0,2.034,1,1.0,455,fourth
Qmhpmgbr6qqlxzlow9yow9iw2Q,learn_relquest,1.0,"[6, 5]",11.0,2.851,0,1.0,456,fourth
Qmhpmgbr6qqlxzlow9yow9iw2Q,learn_relquest,1.0,"[0, 7]",12.0,3.596,0,1.0,457,fourth
Qmhpmgbr6qqlxzlow9yow9iw2Q,learn_relquest,1.0,"[4, 1]",13.0,1.689,0,1.0,458,fourth
Qmhpmgbr6qqlxzlow9yow9iw2Q,learn_relquest,0.0,"[2, 3]",14.0,2.426,1,1.0,459,fourth
Qmhpmgbr6qqlxzlow9yow9iw2Q,learn_relquest,0.0,"[4, 5]",15.0,1.209,0,0.0,460,fourth
Qmhpmgbr6qqlxzlow9yow9iw2Q,learn_relquest,0.0,"[5, 2]",16.0,1.349,0,0.0,461,fourth
Qmhpmgbr6qqlxzlow9yow9iw2Q,learn_relquest,0.0,"[4, 2]",17.0,1.691,1,1.0,462,fourth
Qmhpmgbr6qqlxzlow9yow9iw2Q,learn_relquest,1.0,"[3, 5]",18.0,1.367,0,1.0,463,fourth
Qmhpmgbr6qqlxzlow9yow9iw2Q,learn_relquest,0.0,"[4, 7]",19.0,1.426,0,0.0,464,fourth
Qmhpmgbr6qqlxzlow9yow9iw2Q,learn_relquest,0.0,"[3, 0]",20.0,1.051,0,0.0,465,fourth
Qmhpmgbr6qqlxzlow9yow9iw2Q,learn_relquest,1.0,"[1, 4]",21.0,1.451,0,1.0,466,fourth
Qmhpmgbr6qqlxzlow9yow9iw2Q,learn_relquest,0.0,"[7, 2]",22.0,1.366,0,0.0,467,fourth
Qmhpmgbr6qqlxzlow9yow9iw2Q,learn_relquest,0.0,"[5, 1]",23.0,2.339,1,1.0,468,fourth
Qmhpmgbr6qqlxzlow9yow9iw2Q,learn_relquest,0.0,"[6, 3]",24.0,2.014,0,0.0,469,fourth
Qmhpmgbr6qqlxzlow9yow9iw2Q,learn_relquest,1.0,"[5, 3]",25.0,1.023,0,1.0,470,fourth
Qmhpmgbr6qqlxzlow9yow9iw2Q,learn_relquest,0.0,"[0, 2]",26.0,1.818,1,1.0,471,fourth
Qmhpmgbr6qqlxzlow9yow9iw2Q,learn_relquest,1.0,"[7, 6]",27.0,1.46,0,1.0,472,fourth
Qmhpmgbr6qqlxzlow9yow9iw2Q,learn_relquest,1.0,"[1, 7]",0.0,2.41,0,1.0,559,fifth
Qmhpmgbr6qqlxzlow9yow9iw2Q,learn_relquest,0.0,"[7, 2]",1.0,3.457,0,0.0,560,fifth
Qmhpmgbr6qqlxzlow9yow9iw2Q,learn_relquest,1.0,"[4, 1]",2.0,1.619,0,1.0,561,fifth
Qmhpmgbr6qqlxzlow9yow9iw2Q,learn_relquest,1.0,"[5, 3]",3.0,1.589,0,1.0,562,fifth
Qmhpmgbr6qqlxzlow9yow9iw2Q,learn_relquest,0.0,"[7, 5]",4.0,5.059,1,1.0,563,fifth
Qmhpmgbr6qqlxzlow9yow9iw2Q,learn_relquest,0.0,"[2, 7]",5.0,2.839,1,1.0,564,fifth
Qmhpmgbr6qqlxzlow9yow9iw2Q,learn_relquest,1.0,"[5, 6]",6.0,2.05,0,1.0,565,fifth
Qmhpmgbr6qqlxzlow9yow9iw2Q,learn_relquest,1.0,"[7, 6]",7.0,1.037,0,1.0,566,fifth
Qmhpmgbr6qqlxzlow9yow9iw2Q,learn_relquest,1.0,"[6, 2]",8.0,1.946,0,1.0,567,fifth
Qmhpmgbr6qqlxzlow9yow9iw2Q,learn_relquest,1.0,"[2, 6]",9.0,3.913,0,1.0,568,fifth
Qmhpmgbr6qqlxzlow9yow9iw2Q,learn_relquest,0.0,"[2, 1]",10.0,1.233,0,0.0,569,fifth
Qmhpmgbr6qqlxzlow9yow9iw2Q,learn_relquest,1.0,"[1, 4]",11.0,1.146,0,1.0,570,fifth
Qmhpmgbr6qqlxzlow9yow9iw2Q,learn_relquest,1.0,"[6, 5]",12.0,2.447,1,0.0,571,fifth
Qmhpmgbr6qqlxzlow9yow9iw2Q,learn_relquest,1.0,"[0, 7]",13.0,1.317,0,1.0,572,fifth
Qmhpmgbr6qqlxzlow9yow9iw2Q,learn_relquest,0.0,"[2, 5]",14.0,0.884,0,0.0,573,fifth
Qmhpmgbr6qqlxzlow9yow9iw2Q,learn_relquest,0.0,"[1, 2]",15.0,1.151,0,0.0,574,fifth
Qmhpmgbr6qqlxzlow9yow9iw2Q,learn_relquest,0.0,"[0, 6]",16.0,2.067,1,1.0,575,fifth
Qmhpmgbr6qqlxzlow9yow9iw2Q,learn_relquest,1.0,"[7, 1]",17.0,1.58,0,1.0,576,fifth
Qmhpmgbr6qqlxzlow9yow9iw2Q,learn_relquest,0.0,"[0, 3]",18.0,2.72,1,1.0,577,fifth
Qmhpmgbr6qqlxzlow9yow9iw2Q,learn_relquest,1.0,"[3, 5]",19.0,1.704,0,1.0,578,fifth
Qmhpmgbr6qqlxzlow9yow9iw2Q,learn_relquest,1.0,"[7, 0]",20.0,3.637,0,1.0,579,fifth
Qmhpmgbr6qqlxzlow9yow9iw2Q,learn_relquest,0.0,"[6, 4]",21.0,3.576,1,1.0,580,fifth
Qmhpmgbr6qqlxzlow9yow9iw2Q,learn_relquest,0.0,"[5, 4]",22.0,2.932,1,1.0,581,fifth
Qmhpmgbr6qqlxzlow9yow9iw2Q,learn_relquest,0.0,"[7, 4]",23.0,1.681,0,0.0,582,fifth
Qmhpmgbr6qqlxzlow9yow9iw2Q,learn_relquest,0.0,"[4, 5]",24.0,1.987,0,0.0,583,fifth
Qmhpmgbr6qqlxzlow9yow9iw2Q,learn_relquest,0.0,"[5, 2]",25.0,1.036,0,0.0,584,fifth
Qmhpmgbr6qqlxzlow9yow9iw2Q,learn_relquest,0.0,"[1, 0]",26.0,1.211,0,0.0,585,fifth
Qmhpmgbr6qqlxzlow9yow9iw2Q,learn_relquest,1.0,"[6, 7]",27.0,3.248,0,1.0,586,fifth
Qvowaes1r95gzgugs7yoxog5hQ,learn_relquest,0.0,"[3, 2]",0.0,8.747,1,1.0,101,first
Qvowaes1r95gzgugs7yoxog5hQ,learn_relquest,0.0,"[4, 6]",1.0,2.873,0,0.0,102,first
Qvowaes1r95gzgugs7yoxog5hQ,learn_relquest,1.0,"[6, 7]",2.0,3.691,0,1.0,103,first
Qvowaes1r95gzgugs7yoxog5hQ,learn_relquest,1.0,"[4, 1]",3.0,2.441,0,1.0,104,first
Qvowaes1r95gzgugs7yoxog5hQ,learn_relquest,1.0,"[5, 6]",4.0,1.413,1,0.0,105,first
Qvowaes1r95gzgugs7yoxog5hQ,learn_relquest,1.0,"[0, 7]",5.0,3.132,0,1.0,106,first
Qvowaes1r95gzgugs7yoxog5hQ,learn_relquest,0.0,"[0, 5]",6.0,2.955,0,0.0,107,first
Qvowaes1r95gzgugs7yoxog5hQ,learn_relquest,1.0,"[6, 5]",7.0,1.637,1,0.0,108,first
Qvowaes1r95gzgugs7yoxog5hQ,learn_relquest,1.0,"[7, 6]",8.0,2.609,0,1.0,109,first
Qvowaes1r95gzgugs7yoxog5hQ,learn_relquest,0.0,"[7, 2]",9.0,2.699,1,1.0,110,first
Qvowaes1r95gzgugs7yoxog5hQ,learn_relquest,0.0,"[5, 2]",10.0,5.121,1,1.0,111,first
Qvowaes1r95gzgugs7yoxog5hQ,learn_relquest,1.0,"[7, 0]",11.0,3.808,0,1.0,112,first
Qvowaes1r95gzgugs7yoxog5hQ,learn_relquest,1.0,"[1, 7]",12.0,1.872,0,1.0,113,first
Qvowaes1r95gzgugs7yoxog5hQ,learn_relquest,0.0,"[0, 4]",13.0,1.999,1,1.0,114,first
Qvowaes1r95gzgugs7yoxog5hQ,learn_relquest,1.0,"[6, 2]",14.0,4.854,0,1.0,115,first
Qvowaes1r95gzgugs7yoxog5hQ,learn_relquest,0.0,"[4, 0]",15.0,2.006,0,0.0,116,first
Qvowaes1r95gzgugs7yoxog5hQ,learn_relquest,1.0,"[1, 4]",16.0,1.612,0,1.0,117,first
Qvowaes1r95gzgugs7yoxog5hQ,learn_relquest,0.0,"[0, 3]",17.0,5.789,1,1.0,118,first
Qvowaes1r95gzgugs7yoxog5hQ,learn_relquest,1.0,"[2, 6]",18.0,2.666,0,1.0,119,first
Qvowaes1r95gzgugs7yoxog5hQ,learn_relquest,0.0,"[0, 6]",19.0,2.215,0,0.0,120,first
Qvowaes1r95gzgugs7yoxog5hQ,learn_relquest,1.0,"[3, 5]",20.0,1.739,0,1.0,121,first
Qvowaes1r95gzgugs7yoxog5hQ,learn_relquest,1.0,"[5, 3]",21.0,1.21,0,1.0,122,first
Qvowaes1r95gzgugs7yoxog5hQ,learn_relquest,0.0,"[1, 6]",22.0,2.942,0,0.0,123,first
Qvowaes1r95gzgugs7yoxog5hQ,learn_relquest,0.0,"[3, 6]",23.0,2.256,0,0.0,124,first
Qvowaes1r95gzgugs7yoxog5hQ,learn_relquest,0.0,"[2, 4]",24.0,2.045,1,1.0,125,first
Qvowaes1r95gzgugs7yoxog5hQ,learn_relquest,0.0,"[5, 4]",25.0,3.122,1,1.0,126,first
Qvowaes1r95gzgugs7yoxog5hQ,learn_relquest,1.0,"[7, 1]",26.0,1.938,0,1.0,127,first
Qvowaes1r95gzgugs7yoxog5hQ,learn_relquest,0.0,"[1, 5]",27.0,2.754,0,0.0,128,first
Qvowaes1r95gzgugs7yoxog5hQ,learn_relquest,1.0,"[2, 6]",0.0,5.502,1,0.0,217,second
Qvowaes1r95gzgugs7yoxog5hQ,learn_relquest,1.0,"[7, 0]",1.0,2.197,0,1.0,218,second
Qvowaes1r95gzgugs7yoxog5hQ,learn_relquest,0.0,"[1, 3]",2.0,2.136,1,1.0,219,second
Qvowaes1r95gzgugs7yoxog5hQ,learn_relquest,1.0,"[6, 7]",3.0,2.807,0,1.0,220,second
Qvowaes1r95gzgugs7yoxog5hQ,learn_relquest,0.0,"[0, 4]",4.0,2.204,1,1.0,221,second
Qvowaes1r95gzgugs7yoxog5hQ,learn_relquest,1.0,"[6, 5]",5.0,1.954,0,1.0,222,second
Qvowaes1r95gzgugs7yoxog5hQ,learn_relquest,1.0,"[4, 1]",6.0,2.373,0,1.0,223,second
Qvowaes1r95gzgugs7yoxog5hQ,learn_relquest,0.0,"[6, 0]",7.0,2.723,1,1.0,224,second
Qvowaes1r95gzgugs7yoxog5hQ,learn_relquest,0.0,"[4, 2]",8.0,3.952,0,0.0,225,second
Qvowaes1r95gzgugs7yoxog5hQ,learn_relquest,1.0,"[7, 1]",9.0,2.587,0,1.0,226,second
Qvowaes1r95gzgugs7yoxog5hQ,learn_relquest,0.0,"[2, 5]",10.0,2.508,1,1.0,227,second
Qvowaes1r95gzgugs7yoxog5hQ,learn_relquest,1.0,"[7, 6]",11.0,3.346,0,1.0,228,second
Qvowaes1r95gzgugs7yoxog5hQ,learn_relquest,1.0,"[0, 7]",12.0,2.234,0,1.0,229,second
Qvowaes1r95gzgugs7yoxog5hQ,learn_relquest,0.0,"[5, 2]",13.0,2.574,0,0.0,230,second
Qvowaes1r95gzgugs7yoxog5hQ,learn_relquest,0.0,"[2, 0]",14.0,2.876,0,0.0,231,second
Qvowaes1r95gzgugs7yoxog5hQ,learn_relquest,0.0,"[5, 7]",15.0,2.342,0,0.0,232,second
Qvowaes1r95gzgugs7yoxog5hQ,learn_relquest,1.0,"[6, 2]",16.0,3.055,1,0.0,233,second
Qvowaes1r95gzgugs7yoxog5hQ,learn_relquest,1.0,"[5, 6]",17.0,4.677,0,1.0,234,second
Qvowaes1r95gzgugs7yoxog5hQ,learn_relquest,0.0,"[0, 6]",18.0,1.675,0,0.0,235,second
Qvowaes1r95gzgugs7yoxog5hQ,learn_relquest,0.0,"[3, 2]",19.0,1.704,1,1.0,236,second
Qvowaes1r95gzgugs7yoxog5hQ,learn_relquest,1.0,"[1, 7]",20.0,1.501,0,1.0,237,second
Qvowaes1r95gzgugs7yoxog5hQ,learn_relquest,0.0,"[4, 6]",21.0,2.233,0,0.0,238,second
Qvowaes1r95gzgugs7yoxog5hQ,learn_relquest,0.0,"[7, 3]",22.0,2.797,1,1.0,239,second
Qvowaes1r95gzgugs7yoxog5hQ,learn_relquest,1.0,"[1, 4]",23.0,1.606,0,1.0,240,second
Qvowaes1r95gzgugs7yoxog5hQ,learn_relquest,1.0,"[3, 5]",24.0,1.837,0,1.0,241,second
Qvowaes1r95gzgugs7yoxog5hQ,learn_relquest,0.0,"[3, 1]",25.0,1.739,1,1.0,242,second
Qvowaes1r95gzgugs7yoxog5hQ,learn_relquest,1.0,"[5, 3]",26.0,1.225,0,1.0,243,second
Qvowaes1r95gzgugs7yoxog5hQ,learn_relquest,0.0,"[0, 5]",27.0,3.781,0,0.0,244,second
Qvowaes1r95gzgugs7yoxog5hQ,learn_relquest,1.0,"[7, 0]",0.0,2.434,0,1.0,331,third
Qvowaes1r95gzgugs7yoxog5hQ,learn_relquest,0.0,"[2, 4]",1.0,2.765,1,1.0,332,third
Qvowaes1r95gzgugs7yoxog5hQ,learn_relquest,1.0,"[4, 1]",2.0,4.344,1,0.0,333,third
Qvowaes1r95gzgugs7yoxog5hQ,learn_relquest,0.0,"[3, 2]",3.0,2.113,1,1.0,334,third
Qvowaes1r95gzgugs7yoxog5hQ,learn_relquest,1.0,"[1, 7]",4.0,1.84,0,1.0,335,third
Qvowaes1r95gzgugs7yoxog5hQ,learn_relquest,1.0,"[5, 6]",5.0,1.253,0,1.0,336,third
Qvowaes1r95gzgugs7yoxog5hQ,learn_relquest,1.0,"[5, 3]",6.0,2.239,0,1.0,337,third
Qvowaes1r95gzgugs7yoxog5hQ,learn_relquest,1.0,"[7, 6]",7.0,2.501,0,1.0,338,third
Qvowaes1r95gzgugs7yoxog5hQ,learn_relquest,0.0,"[4, 2]",8.0,2.105,0,0.0,339,third
Qvowaes1r95gzgugs7yoxog5hQ,learn_relquest,1.0,"[6, 7]",9.0,2.401,0,1.0,340,third
Qvowaes1r95gzgugs7yoxog5hQ,learn_relquest,0.0,"[2, 3]",10.0,2.095,1,1.0,341,third
Qvowaes1r95gzgugs7yoxog5hQ,learn_relquest,1.0,"[6, 2]",11.0,2.386,0,1.0,342,third
Qvowaes1r95gzgugs7yoxog5hQ,learn_relquest,1.0,"[3, 5]",12.0,2.168,0,1.0,343,third
Qvowaes1r95gzgugs7yoxog5hQ,learn_relquest,0.0,"[1, 6]",13.0,3.061,1,1.0,344,third
Qvowaes1r95gzgugs7yoxog5hQ,learn_relquest,0.0,"[4, 0]",14.0,2.119,0,0.0,345,third
Qvowaes1r95gzgugs7yoxog5hQ,learn_relquest,1.0,"[7, 1]",15.0,1.911,0,1.0,346,third
Qvowaes1r95gzgugs7yoxog5hQ,learn_relquest,0.0,"[1, 2]",16.0,3.347,0,0.0,347,third
Qvowaes1r95gzgugs7yoxog5hQ,learn_relquest,0.0,"[4, 7]",17.0,2.805,0,0.0,348,third
Qvowaes1r95gzgugs7yoxog5hQ,learn_relquest,0.0,"[0, 1]",18.0,2.804,0,0.0,349,third
Qvowaes1r95gzgugs7yoxog5hQ,learn_relquest,0.0,"[3, 7]",19.0,2.25,1,1.0,350,third
Qvowaes1r95gzgugs7yoxog5hQ,learn_relquest,0.0,"[7, 4]",20.0,1.773,0,0.0,351,third
Qvowaes1r95gzgugs7yoxog5hQ,learn_relquest,1.0,"[1, 4]",21.0,2.524,0,1.0,352,third
Qvowaes1r95gzgugs7yoxog5hQ,learn_relquest,0.0,"[7, 3]",22.0,2.587,1,1.0,353,third
Qvowaes1r95gzgugs7yoxog5hQ,learn_relquest,1.0,"[2, 6]",23.0,2.983,0,1.0,354,third
Qvowaes1r95gzgugs7yoxog5hQ,learn_relquest,1.0,"[6, 5]",24.0,1.951,0,1.0,355,third
Qvowaes1r95gzgugs7yoxog5hQ,learn_relquest,0.0,"[3, 1]",25.0,1.64,1,1.0,356,third
Qvowaes1r95gzgugs7yoxog5hQ,learn_relquest,1.0,"[0, 7]",26.0,1.662,0,1.0,357,third
Qvowaes1r95gzgugs7yoxog5hQ,learn_relquest,0.0,"[2, 1]",27.0,1.859,0,0.0,358,third
Qvowaes1r95gzgugs7yoxog5hQ,learn_relquest,1.0,"[7, 1]",0.0,7.678,1,0.0,445,fourth
Qvowaes1r95gzgugs7yoxog5hQ,learn_relquest,1.0,"[4, 1]",1.0,3.997,0,1.0,446,fourth
Qvowaes1r95gzgugs7yoxog5hQ,learn_relquest,0.0,"[7, 3]",2.0,1.825,1,1.0,447,fourth
Qvowaes1r95gzgugs7yoxog5hQ,learn_relquest,1.0,"[7, 6]",3.0,2.251,0,1.0,448,fourth
Qvowaes1r95gzgugs7yoxog5hQ,learn_relquest,0.0,"[1, 3]",4.0,2.037,1,1.0,449,fourth
Qvowaes1r95gzgugs7yoxog5hQ,learn_relquest,1.0,"[0, 7]",5.0,2.555,0,1.0,450,fourth
Qvowaes1r95gzgugs7yoxog5hQ,learn_relquest,1.0,"[5, 3]",6.0,1.842,0,1.0,451,fourth
Qvowaes1r95gzgugs7yoxog5hQ,learn_relquest,1.0,"[2, 6]",7.0,2.058,0,1.0,452,fourth
Qvowaes1r95gzgugs7yoxog5hQ,learn_relquest,0.0,"[4, 0]",8.0,2.454,1,1.0,453,fourth
Qvowaes1r95gzgugs7yoxog5hQ,learn_relquest,1.0,"[7, 0]",9.0,2.755,0,1.0,454,fourth
Qvowaes1r95gzgugs7yoxog5hQ,learn_relquest,0.0,"[2, 7]",10.0,2.73,1,1.0,455,fourth
Qvowaes1r95gzgugs7yoxog5hQ,learn_relquest,1.0,"[3, 5]",11.0,1.554,0,1.0,456,fourth
Qvowaes1r95gzgugs7yoxog5hQ,learn_relquest,0.0,"[2, 3]",12.0,2.01,1,1.0,457,fourth
Qvowaes1r95gzgugs7yoxog5hQ,learn_relquest,1.0,"[1, 7]",13.0,1.761,0,1.0,458,fourth
Qvowaes1r95gzgugs7yoxog5hQ,learn_relquest,0.0,"[0, 3]",14.0,1.911,1,1.0,459,fourth
Qvowaes1r95gzgugs7yoxog5hQ,learn_relquest,1.0,"[5, 6]",15.0,1.49,0,1.0,460,fourth
Qvowaes1r95gzgugs7yoxog5hQ,learn_relquest,0.0,"[4, 6]",16.0,3.221,1,1.0,461,fourth
Qvowaes1r95gzgugs7yoxog5hQ,learn_relquest,0.0,"[5, 2]",17.0,3.035,1,1.0,462,fourth
Qvowaes1r95gzgugs7yoxog5hQ,learn_relquest,0.0,"[3, 4]",18.0,2.651,0,0.0,463,fourth
Qvowaes1r95gzgugs7yoxog5hQ,learn_relquest,1.0,"[6, 2]",19.0,2.037,0,1.0,464,fourth
Qvowaes1r95gzgugs7yoxog5hQ,learn_relquest,1.0,"[1, 4]",20.0,2.779,0,1.0,465,fourth
Qvowaes1r95gzgugs7yoxog5hQ,learn_relquest,0.0,"[0, 1]",21.0,3.148,0,0.0,466,fourth
Qvowaes1r95gzgugs7yoxog5hQ,learn_relquest,1.0,"[6, 5]",22.0,1.911,0,1.0,467,fourth
Qvowaes1r95gzgugs7yoxog5hQ,learn_relquest,0.0,"[3, 2]",23.0,1.697,1,1.0,468,fourth
Qvowaes1r95gzgugs7yoxog5hQ,learn_relquest,0.0,"[1, 0]",24.0,1.961,0,0.0,469,fourth
Qvowaes1r95gzgugs7yoxog5hQ,learn_relquest,1.0,"[6, 7]",25.0,3.649,0,1.0,470,fourth
Qvowaes1r95gzgugs7yoxog5hQ,learn_relquest,0.0,"[5, 7]",26.0,2.26,1,1.0,471,fourth
Qvowaes1r95gzgugs7yoxog5hQ,learn_relquest,0.0,"[7, 5]",27.0,1.824,1,1.0,472,fourth
Qvowaes1r95gzgugs7yoxog5hQ,learn_relquest,0.0,"[4, 3]",0.0,4.314,1,1.0,559,fifth
Qvowaes1r95gzgugs7yoxog5hQ,learn_relquest,0.0,"[7, 2]",1.0,4.298,1,1.0,560,fifth
Qvowaes1r95gzgugs7yoxog5hQ,learn_relquest,1.0,"[5, 6]",2.0,2.187,0,1.0,561,fifth
Qvowaes1r95gzgugs7yoxog5hQ,learn_relquest,1.0,"[7, 1]",3.0,2.567,0,1.0,562,fifth
Qvowaes1r95gzgugs7yoxog5hQ,learn_relquest,1.0,"[7, 0]",4.0,2.015,0,1.0,563,fifth
Qvowaes1r95gzgugs7yoxog5hQ,learn_relquest,1.0,"[6, 7]",5.0,2.102,0,1.0,564,fifth
Qvowaes1r95gzgugs7yoxog5hQ,learn_relquest,1.0,"[3, 5]",6.0,2.089,0,1.0,565,fifth
Qvowaes1r95gzgugs7yoxog5hQ,learn_relquest,1.0,"[1, 4]",7.0,2.218,0,1.0,566,fifth
Qvowaes1r95gzgugs7yoxog5hQ,learn_relquest,1.0,"[1, 7]",8.0,1.697,1,0.0,567,fifth
Qvowaes1r95gzgugs7yoxog5hQ,learn_relquest,0.0,"[0, 6]",9.0,2.922,1,1.0,568,fifth
Qvowaes1r95gzgugs7yoxog5hQ,learn_relquest,0.0,"[5, 7]",10.0,2.48,0,0.0,569,fifth
Qvowaes1r95gzgugs7yoxog5hQ,learn_relquest,1.0,"[0, 7]",11.0,2.067,0,1.0,570,fifth
Qvowaes1r95gzgugs7yoxog5hQ,learn_relquest,1.0,"[5, 3]",12.0,2.546,0,1.0,571,fifth
Qvowaes1r95gzgugs7yoxog5hQ,learn_relquest,0.0,"[5, 1]",13.0,1.722,1,1.0,572,fifth
Qvowaes1r95gzgugs7yoxog5hQ,learn_relquest,1.0,"[6, 2]",14.0,2.379,0,1.0,573,fifth
Qvowaes1r95gzgugs7yoxog5hQ,learn_relquest,0.0,"[1, 6]",15.0,4.107,1,1.0,574,fifth
Qvowaes1r95gzgugs7yoxog5hQ,learn_relquest,1.0,"[6, 5]",16.0,3.32,0,1.0,575,fifth
Qvowaes1r95gzgugs7yoxog5hQ,learn_relquest,0.0,"[3, 0]",17.0,2.039,1,1.0,576,fifth
Qvowaes1r95gzgugs7yoxog5hQ,learn_relquest,0.0,"[5, 0]",18.0,2.347,1,1.0,577,fifth
Qvowaes1r95gzgugs7yoxog5hQ,learn_relquest,0.0,"[2, 7]",19.0,2.276,0,0.0,578,fifth
Qvowaes1r95gzgugs7yoxog5hQ,learn_relquest,0.0,"[3, 4]",20.0,2.437,1,1.0,579,fifth
Qvowaes1r95gzgugs7yoxog5hQ,learn_relquest,0.0,"[1, 2]",21.0,2.67,0,0.0,580,fifth
Qvowaes1r95gzgugs7yoxog5hQ,learn_relquest,0.0,"[4, 2]",22.0,2.58,0,0.0,581,fifth
Qvowaes1r95gzgugs7yoxog5hQ,learn_relquest,0.0,"[6, 0]",23.0,2.491,0,0.0,582,fifth
Qvowaes1r95gzgugs7yoxog5hQ,learn_relquest,0.0,"[4, 6]",24.0,4.81,1,1.0,583,fifth
Qvowaes1r95gzgugs7yoxog5hQ,learn_relquest,1.0,"[7, 6]",25.0,2.096,0,1.0,584,fifth
Qvowaes1r95gzgugs7yoxog5hQ,learn_relquest,1.0,"[2, 6]",26.0,1.865,0,1.0,585,fifth
Qvowaes1r95gzgugs7yoxog5hQ,learn_relquest,1.0,"[4, 1]",27.0,2.917,0,1.0,586,fifth
Quxychhz65c4094inmids7n09Q,learn_relquest,0.0,"[2, 0]",0.0,10.398,0,0.0,101,first
Quxychhz65c4094inmids7n09Q,learn_relquest,0.0,"[0, 5]",1.0,3.009,0,0.0,102,first
Quxychhz65c4094inmids7n09Q,learn_relquest,1.0,"[7, 6]",3.0,1.724,0,1.0,104,first
Quxychhz65c4094inmids7n09Q,learn_relquest,0.0,"[3, 2]",2.0,2.277,0,0.0,103,first
Quxychhz65c4094inmids7n09Q,learn_relquest,0.0,"[2, 4]",4.0,1.57,1,1.0,105,first
Quxychhz65c4094inmids7n09Q,learn_relquest,1.0,"[4, 1]",5.0,3.381,0,1.0,106,first
Quxychhz65c4094inmids7n09Q,learn_relquest,1.0,"[3, 5]",6.0,2.358,1,0.0,107,first
Quxychhz65c4094inmids7n09Q,learn_relquest,0.0,"[6, 4]",7.0,2.02,1,1.0,108,first
Quxychhz65c4094inmids7n09Q,learn_relquest,1.0,"[7, 0]",8.0,2.608,1,0.0,109,first
Quxychhz65c4094inmids7n09Q,learn_relquest,1.0,"[6, 7]",9.0,1.221,0,1.0,110,first
Quxychhz65c4094inmids7n09Q,learn_relquest,1.0,"[5, 6]",10.0,1.116,0,1.0,111,first
Quxychhz65c4094inmids7n09Q,learn_relquest,0.0,"[4, 5]",11.0,3.715,1,1.0,112,first
Quxychhz65c4094inmids7n09Q,learn_relquest,1.0,"[6, 5]",12.0,1.54,0,1.0,113,first
Quxychhz65c4094inmids7n09Q,learn_relquest,0.0,"[6, 0]",13.0,2.269,1,1.0,114,first
Quxychhz65c4094inmids7n09Q,learn_relquest,1.0,"[1, 7]",14.0,1.877,0,1.0,115,first
Quxychhz65c4094inmids7n09Q,learn_relquest,1.0,"[0, 7]",15.0,1.65,0,1.0,116,first
Quxychhz65c4094inmids7n09Q,learn_relquest,0.0,"[2, 5]",16.0,2.416,1,1.0,117,first
Quxychhz65c4094inmids7n09Q,learn_relquest,0.0,"[0, 2]",17.0,2.13,0,0.0,118,first
Quxychhz65c4094inmids7n09Q,learn_relquest,1.0,"[2, 6]",18.0,2.121,0,1.0,119,first
Quxychhz65c4094inmids7n09Q,learn_relquest,1.0,"[1, 4]",19.0,1.492,0,1.0,120,first
Quxychhz65c4094inmids7n09Q,learn_relquest,0.0,"[4, 7]",20.0,2.095,1,1.0,121,first
Quxychhz65c4094inmids7n09Q,learn_relquest,0.0,"[6, 3]",21.0,1.63,0,0.0,122,first
Quxychhz65c4094inmids7n09Q,learn_relquest,0.0,"[3, 4]",22.0,2.1,1,1.0,123,first
Quxychhz65c4094inmids7n09Q,learn_relquest,1.0,"[5, 3]",23.0,2.484,0,1.0,124,first
Quxychhz65c4094inmids7n09Q,learn_relquest,1.0,"[7, 1]",24.0,1.614,0,1.0,125,first
Quxychhz65c4094inmids7n09Q,learn_relquest,0.0,"[3, 7]",25.0,3.847,1,1.0,126,first
Quxychhz65c4094inmids7n09Q,learn_relquest,1.0,"[6, 2]",26.0,1.74,0,1.0,127,first
Quxychhz65c4094inmids7n09Q,learn_relquest,0.0,"[0, 6]",27.0,2.119,0,0.0,128,first
Quxychhz65c4094inmids7n09Q,learn_relquest,0.0,"[1, 6]",0.0,5.086,1,1.0,217,second
Quxychhz65c4094inmids7n09Q,learn_relquest,1.0,"[2, 6]",1.0,1.729,0,1.0,218,second
Quxychhz65c4094inmids7n09Q,learn_relquest,1.0,"[4, 1]",2.0,1.405,0,1.0,219,second
Quxychhz65c4094inmids7n09Q,learn_relquest,0.0,"[6, 0]",3.0,2.13,1,1.0,220,second
Quxychhz65c4094inmids7n09Q,learn_relquest,1.0,"[7, 0]",4.0,2.118,1,0.0,221,second
Quxychhz65c4094inmids7n09Q,learn_relquest,1.0,"[5, 3]",5.0,1.464,0,1.0,222,second
Quxychhz65c4094inmids7n09Q,learn_relquest,1.0,"[7, 1]",6.0,1.459,0,1.0,223,second
Quxychhz65c4094inmids7n09Q,learn_relquest,1.0,"[6, 7]",7.0,1.115,0,1.0,224,second
Quxychhz65c4094inmids7n09Q,learn_relquest,1.0,"[0, 7]",8.0,2.938,1,0.0,225,second
Quxychhz65c4094inmids7n09Q,learn_relquest,0.0,"[0, 5]",9.0,2.509,1,1.0,226,second
Quxychhz65c4094inmids7n09Q,learn_relquest,0.0,"[6, 4]",10.0,2.583,1,1.0,227,second
Quxychhz65c4094inmids7n09Q,learn_relquest,1.0,"[6, 5]",11.0,1.617,0,1.0,228,second
Quxychhz65c4094inmids7n09Q,learn_relquest,0.0,"[5, 4]",12.0,2.872,1,1.0,229,second
Quxychhz65c4094inmids7n09Q,learn_relquest,0.0,"[1, 2]",13.0,2.111,0,0.0,230,second
Quxychhz65c4094inmids7n09Q,learn_relquest,0.0,"[1, 0]",14.0,2.849,1,1.0,231,second
Quxychhz65c4094inmids7n09Q,learn_relquest,0.0,"[2, 7]",15.0,1.897,1,1.0,232,second
Quxychhz65c4094inmids7n09Q,learn_relquest,0.0,"[3, 6]",16.0,2.051,0,0.0,233,second
Quxychhz65c4094inmids7n09Q,learn_relquest,1.0,"[3, 5]",17.0,1.371,0,1.0,234,second
Quxychhz65c4094inmids7n09Q,learn_relquest,0.0,"[2, 1]",18.0,3.816,0,0.0,235,second
Quxychhz65c4094inmids7n09Q,learn_relquest,0.0,"[0, 6]",19.0,3.96,0,0.0,236,second
Quxychhz65c4094inmids7n09Q,learn_relquest,1.0,"[7, 6]",20.0,1.865,0,1.0,237,second
Quxychhz65c4094inmids7n09Q,learn_relquest,1.0,"[5, 6]",21.0,3.595,1,0.0,238,second
Quxychhz65c4094inmids7n09Q,learn_relquest,0.0,"[4, 0]",22.0,3.393,1,1.0,239,second
Quxychhz65c4094inmids7n09Q,learn_relquest,1.0,"[1, 4]",23.0,1.672,0,1.0,240,second
Quxychhz65c4094inmids7n09Q,learn_relquest,1.0,"[1, 7]",24.0,1.49,0,1.0,241,second
Quxychhz65c4094inmids7n09Q,learn_relquest,1.0,"[6, 2]",25.0,1.421,0,1.0,242,second
Quxychhz65c4094inmids7n09Q,learn_relquest,0.0,"[1, 5]",26.0,3.986,1,1.0,243,second
Quxychhz65c4094inmids7n09Q,learn_relquest,0.0,"[2, 5]",27.0,2.193,0,0.0,244,second
Quxychhz65c4094inmids7n09Q,learn_relquest,0.0,"[3, 4]",0.0,4.038,1,1.0,331,third
Quxychhz65c4094inmids7n09Q,learn_relquest,1.0,"[6, 2]",1.0,1.899,0,1.0,332,third
Quxychhz65c4094inmids7n09Q,learn_relquest,0.0,"[4, 0]",2.0,2.131,1,1.0,333,third
Quxychhz65c4094inmids7n09Q,learn_relquest,1.0,"[6, 5]",3.0,1.65,0,1.0,334,third
Quxychhz65c4094inmids7n09Q,learn_relquest,0.0,"[3, 2]",4.0,2.473,1,1.0,335,third
Quxychhz65c4094inmids7n09Q,learn_relquest,1.0,"[5, 6]",5.0,2.305,0,1.0,336,third
Quxychhz65c4094inmids7n09Q,learn_relquest,0.0,"[7, 5]",6.0,2.63,1,1.0,337,third
Quxychhz65c4094inmids7n09Q,learn_relquest,0.0,"[6, 3]",7.0,4.623,0,0.0,338,third
Quxychhz65c4094inmids7n09Q,learn_relquest,1.0,"[7, 0]",8.0,2.163,0,1.0,339,third
Quxychhz65c4094inmids7n09Q,learn_relquest,1.0,"[4, 1]",9.0,1.257,0,1.0,340,third
Quxychhz65c4094inmids7n09Q,learn_relquest,1.0,"[7, 6]",10.0,1.9,0,1.0,341,third
Quxychhz65c4094inmids7n09Q,learn_relquest,1.0,"[1, 7]",11.0,1.895,0,1.0,342,third
Quxychhz65c4094inmids7n09Q,learn_relquest,1.0,"[1, 4]",12.0,1.445,0,1.0,343,third
Quxychhz65c4094inmids7n09Q,learn_relquest,1.0,"[3, 5]",13.0,1.844,0,1.0,344,third
Quxychhz65c4094inmids7n09Q,learn_relquest,1.0,"[2, 6]",14.0,1.373,0,1.0,345,third
Quxychhz65c4094inmids7n09Q,learn_relquest,1.0,"[5, 3]",15.0,2.56,0,1.0,346,third
Quxychhz65c4094inmids7n09Q,learn_relquest,0.0,"[6, 1]",16.0,2.601,1,1.0,347,third
Quxychhz65c4094inmids7n09Q,learn_relquest,0.0,"[7, 2]",17.0,1.791,0,0.0,348,third
Quxychhz65c4094inmids7n09Q,learn_relquest,1.0,"[7, 1]",18.0,6.149,0,1.0,349,third
Quxychhz65c4094inmids7n09Q,learn_relquest,0.0,"[1, 0]",19.0,2.579,1,1.0,350,third
Quxychhz65c4094inmids7n09Q,learn_relquest,0.0,"[7, 4]",20.0,2.054,1,1.0,351,third
Quxychhz65c4094inmids7n09Q,learn_relquest,0.0,"[3, 0]",21.0,1.566,1,1.0,352,third
Quxychhz65c4094inmids7n09Q,learn_relquest,0.0,"[4, 2]",22.0,2.629,1,1.0,353,third
Quxychhz65c4094inmids7n09Q,learn_relquest,0.0,"[4, 3]",23.0,1.909,1,1.0,354,third
Quxychhz65c4094inmids7n09Q,learn_relquest,0.0,"[1, 5]",24.0,2.363,1,1.0,355,third
Quxychhz65c4094inmids7n09Q,learn_relquest,0.0,"[2, 4]",25.0,2.289,1,1.0,356,third
Quxychhz65c4094inmids7n09Q,learn_relquest,1.0,"[6, 7]",26.0,1.771,0,1.0,357,third
Quxychhz65c4094inmids7n09Q,learn_relquest,1.0,"[0, 7]",27.0,2.706,1,0.0,358,third
Quxychhz65c4094inmids7n09Q,learn_relquest,1.0,"[6, 7]",0.0,4.014,0,1.0,445,fourth
Quxychhz65c4094inmids7n09Q,learn_relquest,1.0,"[3, 5]",1.0,1.379,0,1.0,446,fourth
Quxychhz65c4094inmids7n09Q,learn_relquest,0.0,"[1, 2]",2.0,1.905,1,1.0,447,fourth
Quxychhz65c4094inmids7n09Q,learn_relquest,1.0,"[6, 5]",3.0,4.149,0,1.0,448,fourth
Quxychhz65c4094inmids7n09Q,learn_relquest,0.0,"[2, 5]",4.0,2.019,1,1.0,449,fourth
Quxychhz65c4094inmids7n09Q,learn_relquest,0.0,"[3, 2]",5.0,2.014,1,1.0,450,fourth
Quxychhz65c4094inmids7n09Q,learn_relquest,1.0,"[5, 3]",6.0,2.02,0,1.0,451,fourth
Quxychhz65c4094inmids7n09Q,learn_relquest,0.0,"[3, 7]",7.0,2.753,1,1.0,452,fourth
Quxychhz65c4094inmids7n09Q,learn_relquest,0.0,"[7, 3]",8.0,1.362,1,1.0,453,fourth
Quxychhz65c4094inmids7n09Q,learn_relquest,1.0,"[4, 1]",9.0,1.561,0,1.0,454,fourth
Quxychhz65c4094inmids7n09Q,learn_relquest,1.0,"[5, 6]",10.0,1.818,0,1.0,455,fourth
Quxychhz65c4094inmids7n09Q,learn_relquest,0.0,"[5, 4]",11.0,1.708,1,1.0,456,fourth
Quxychhz65c4094inmids7n09Q,learn_relquest,0.0,"[3, 1]",12.0,1.965,1,1.0,457,fourth
Quxychhz65c4094inmids7n09Q,learn_relquest,1.0,"[6, 2]",13.0,1.65,0,1.0,458,fourth
Quxychhz65c4094inmids7n09Q,learn_relquest,1.0,"[1, 4]",14.0,1.383,0,1.0,459,fourth
Quxychhz65c4094inmids7n09Q,learn_relquest,0.0,"[4, 2]",15.0,2.488,1,1.0,460,fourth
Quxychhz65c4094inmids7n09Q,learn_relquest,1.0,"[1, 7]",16.0,2.613,0,1.0,461,fourth
Quxychhz65c4094inmids7n09Q,learn_relquest,1.0,"[0, 7]",17.0,1.398,0,1.0,462,fourth
Quxychhz65c4094inmids7n09Q,learn_relquest,0.0,"[4, 3]",18.0,1.958,1,1.0,463,fourth
Quxychhz65c4094inmids7n09Q,learn_relquest,0.0,"[4, 6]",19.0,1.909,1,1.0,464,fourth
Quxychhz65c4094inmids7n09Q,learn_relquest,0.0,"[3, 0]",20.0,1.865,1,1.0,465,fourth
Quxychhz65c4094inmids7n09Q,learn_relquest,1.0,"[2, 6]",21.0,1.638,0,1.0,466,fourth
Quxychhz65c4094inmids7n09Q,learn_relquest,0.0,"[7, 4]",22.0,2.571,1,1.0,467,fourth
Quxychhz65c4094inmids7n09Q,learn_relquest,1.0,"[7, 6]",23.0,1.586,0,1.0,468,fourth
Quxychhz65c4094inmids7n09Q,learn_relquest,1.0,"[7, 1]",24.0,1.317,0,1.0,469,fourth
Quxychhz65c4094inmids7n09Q,learn_relquest,1.0,"[7, 0]",25.0,1.333,0,1.0,470,fourth
Quxychhz65c4094inmids7n09Q,learn_relquest,0.0,"[1, 6]",26.0,4.181,1,1.0,471,fourth
Quxychhz65c4094inmids7n09Q,learn_relquest,0.0,"[7, 5]",27.0,1.559,1,1.0,472,fourth
Quxychhz65c4094inmids7n09Q,learn_relquest,0.0,"[6, 3]",0.0,4.893,0,0.0,559,fifth
Quxychhz65c4094inmids7n09Q,learn_relquest,0.0,"[5, 0]",1.0,2.306,1,1.0,560,fifth
Quxychhz65c4094inmids7n09Q,learn_relquest,1.0,"[1, 7]",2.0,2.256,0,1.0,561,fifth
Quxychhz65c4094inmids7n09Q,learn_relquest,0.0,"[4, 0]",3.0,1.828,1,1.0,562,fifth
Quxychhz65c4094inmids7n09Q,learn_relquest,0.0,"[3, 1]",4.0,2.1,1,1.0,563,fifth
Quxychhz65c4094inmids7n09Q,learn_relquest,1.0,"[5, 6]",5.0,1.796,0,1.0,564,fifth
Quxychhz65c4094inmids7n09Q,learn_relquest,1.0,"[0, 7]",6.0,1.327,0,1.0,565,fifth
Quxychhz65c4094inmids7n09Q,learn_relquest,1.0,"[7, 1]",7.0,1.173,0,1.0,566,fifth
Quxychhz65c4094inmids7n09Q,learn_relquest,1.0,"[2, 6]",8.0,1.201,0,1.0,567,fifth
Quxychhz65c4094inmids7n09Q,learn_relquest,0.0,"[2, 0]",9.0,2.256,1,1.0,568,fifth
Quxychhz65c4094inmids7n09Q,learn_relquest,0.0,"[5, 2]",10.0,2.487,1,1.0,569,fifth
Quxychhz65c4094inmids7n09Q,learn_relquest,0.0,"[6, 0]",11.0,1.851,1,1.0,570,fifth
Quxychhz65c4094inmids7n09Q,learn_relquest,0.0,"[4, 5]",12.0,2.003,1,1.0,571,fifth
Quxychhz65c4094inmids7n09Q,learn_relquest,0.0,"[2, 5]",13.0,1.619,1,1.0,572,fifth
Quxychhz65c4094inmids7n09Q,learn_relquest,0.0,"[3, 0]",14.0,1.56,1,1.0,573,fifth
Quxychhz65c4094inmids7n09Q,learn_relquest,0.0,"[2, 1]",15.0,1.657,1,1.0,574,fifth
Quxychhz65c4094inmids7n09Q,learn_relquest,1.0,"[7, 6]",16.0,1.816,0,1.0,575,fifth
Quxychhz65c4094inmids7n09Q,learn_relquest,0.0,"[3, 4]",17.0,1.878,1,1.0,576,fifth
Quxychhz65c4094inmids7n09Q,learn_relquest,1.0,"[6, 2]",18.0,2.16,0,1.0,577,fifth
Quxychhz65c4094inmids7n09Q,learn_relquest,1.0,"[6, 5]",19.0,1.8,0,1.0,578,fifth
Quxychhz65c4094inmids7n09Q,learn_relquest,1.0,"[4, 1]",20.0,1.408,0,1.0,579,fifth
Quxychhz65c4094inmids7n09Q,learn_relquest,0.0,"[2, 4]",21.0,1.788,1,1.0,580,fifth
Quxychhz65c4094inmids7n09Q,learn_relquest,1.0,"[6, 7]",22.0,2.365,0,1.0,581,fifth
Quxychhz65c4094inmids7n09Q,learn_relquest,1.0,"[7, 0]",23.0,1.652,0,1.0,582,fifth
Quxychhz65c4094inmids7n09Q,learn_relquest,1.0,"[5, 3]",24.0,2.187,0,1.0,583,fifth
Quxychhz65c4094inmids7n09Q,learn_relquest,1.0,"[1, 4]",25.0,1.464,0,1.0,584,fifth
Quxychhz65c4094inmids7n09Q,learn_relquest,0.0,"[6, 1]",26.0,2.826,1,1.0,585,fifth
Quxychhz65c4094inmids7n09Q,learn_relquest,1.0,"[3, 5]",27.0,2.066,0,1.0,586,fifth
Qjen87l6fa1w1lw7jkpbmrjj7Q,learn_relquest,1.0,"[3, 5]",0.0,9.59,0,1.0,101,first
Qjen87l6fa1w1lw7jkpbmrjj7Q,learn_relquest,1.0,"[5, 3]",1.0,78.829,0,1.0,102,first
Qjen87l6fa1w1lw7jkpbmrjj7Q,learn_relquest,1.0,"[1, 7]",2.0,3.269,0,1.0,103,first
Qjen87l6fa1w1lw7jkpbmrjj7Q,learn_relquest,0.0,"[2, 3]",3.0,2.726,0,0.0,104,first
Qjen87l6fa1w1lw7jkpbmrjj7Q,learn_relquest,0.0,"[3, 1]",4.0,1.438,0,0.0,105,first
Qjen87l6fa1w1lw7jkpbmrjj7Q,learn_relquest,1.0,"[5, 6]",5.0,1.285,0,1.0,106,first
Qjen87l6fa1w1lw7jkpbmrjj7Q,learn_relquest,1.0,"[0, 7]",6.0,1.15,0,1.0,107,first
Qjen87l6fa1w1lw7jkpbmrjj7Q,learn_relquest,0.0,"[7, 2]",7.0,1.182,0,0.0,108,first
Qjen87l6fa1w1lw7jkpbmrjj7Q,learn_relquest,1.0,"[7, 1]",8.0,1.045,0,1.0,109,first
Qjen87l6fa1w1lw7jkpbmrjj7Q,learn_relquest,1.0,"[4, 1]",9.0,2.045,0,1.0,110,first
Qjen87l6fa1w1lw7jkpbmrjj7Q,learn_relquest,0.0,"[0, 3]",10.0,1.198,0,0.0,111,first
Qjen87l6fa1w1lw7jkpbmrjj7Q,learn_relquest,0.0,"[4, 3]",11.0,1.03,0,0.0,112,first
Qjen87l6fa1w1lw7jkpbmrjj7Q,learn_relquest,0.0,"[6, 0]",12.0,1.694,0,0.0,113,first
Qjen87l6fa1w1lw7jkpbmrjj7Q,learn_relquest,1.0,"[6, 2]",13.0,0.861,0,1.0,114,first
Qjen87l6fa1w1lw7jkpbmrjj7Q,learn_relquest,0.0,"[0, 1]",14.0,1.581,0,0.0,115,first
Qjen87l6fa1w1lw7jkpbmrjj7Q,learn_relquest,1.0,"[6, 5]",15.0,0.989,0,1.0,116,first
Qjen87l6fa1w1lw7jkpbmrjj7Q,learn_relquest,1.0,"[1, 4]",16.0,1.254,0,1.0,117,first
Qjen87l6fa1w1lw7jkpbmrjj7Q,learn_relquest,1.0,"[7, 6]",17.0,0.894,0,1.0,118,first
Qjen87l6fa1w1lw7jkpbmrjj7Q,learn_relquest,0.0,"[1, 0]",18.0,0.838,0,0.0,119,first
Qjen87l6fa1w1lw7jkpbmrjj7Q,learn_relquest,0.0,"[4, 7]",19.0,1.163,0,0.0,120,first
Qjen87l6fa1w1lw7jkpbmrjj7Q,learn_relquest,1.0,"[2, 6]",20.0,1.236,0,1.0,121,first
Qjen87l6fa1w1lw7jkpbmrjj7Q,learn_relquest,0.0,"[1, 3]",21.0,0.741,0,0.0,122,first
Qjen87l6fa1w1lw7jkpbmrjj7Q,learn_relquest,1.0,"[7, 0]",22.0,0.886,0,1.0,123,first
Qjen87l6fa1w1lw7jkpbmrjj7Q,learn_relquest,0.0,"[2, 1]",23.0,1.358,0,0.0,124,first
Qjen87l6fa1w1lw7jkpbmrjj7Q,learn_relquest,0.0,"[7, 4]",24.0,1.125,0,0.0,125,first
Qjen87l6fa1w1lw7jkpbmrjj7Q,learn_relquest,1.0,"[6, 7]",25.0,2.58,0,1.0,126,first
Qjen87l6fa1w1lw7jkpbmrjj7Q,learn_relquest,0.0,"[3, 2]",26.0,0.734,0,0.0,127,first
Qjen87l6fa1w1lw7jkpbmrjj7Q,learn_relquest,0.0,"[0, 5]",27.0,0.75,0,0.0,128,first
Qjen87l6fa1w1lw7jkpbmrjj7Q,learn_relquest,0.0,"[6, 0]",0.0,87.907,1,1.0,217,second
Qjen87l6fa1w1lw7jkpbmrjj7Q,learn_relquest,0.0,"[0, 6]",1.0,81.261,1,1.0,218,second
Qjen87l6fa1w1lw7jkpbmrjj7Q,learn_relquest,1.0,"[5, 6]",2.0,6.245,0,1.0,219,second
Qjen87l6fa1w1lw7jkpbmrjj7Q,learn_relquest,1.0,"[7, 6]",3.0,13.852,0,1.0,220,second
Qjen87l6fa1w1lw7jkpbmrjj7Q,learn_relquest,0.0,"[3, 6]",4.0,65.444,1,1.0,221,second
Qjen87l6fa1w1lw7jkpbmrjj7Q,learn_relquest,1.0,"[4, 1]",5.0,6.621,0,1.0,222,second
Qjen87l6fa1w1lw7jkpbmrjj7Q,learn_relquest,0.0,"[3, 1]",6.0,56.244,1,1.0,223,second
Qjen87l6fa1w1lw7jkpbmrjj7Q,learn_relquest,1.0,"[6, 2]",7.0,12.847,0,1.0,224,second
Qjen87l6fa1w1lw7jkpbmrjj7Q,learn_relquest,0.0,"[7, 2]",8.0,34.998,0,0.0,225,second
Qjen87l6fa1w1lw7jkpbmrjj7Q,learn_relquest,0.0,"[1, 6]",9.0,51.029,1,1.0,226,second
Qjen87l6fa1w1lw7jkpbmrjj7Q,learn_relquest,0.0,"[4, 5]",10.0,38.365,1,1.0,227,second
Qjen87l6fa1w1lw7jkpbmrjj7Q,learn_relquest,1.0,"[2, 6]",11.0,18.526,0,1.0,228,second
Qjen87l6fa1w1lw7jkpbmrjj7Q,learn_relquest,0.0,"[2, 3]",12.0,33.116,0,0.0,229,second
Qjen87l6fa1w1lw7jkpbmrjj7Q,learn_relquest,1.0,"[6, 7]",13.0,19.246,0,1.0,230,second
Qjen87l6fa1w1lw7jkpbmrjj7Q,learn_relquest,1.0,"[5, 3]",14.0,15.885,0,1.0,231,second
Qjen87l6fa1w1lw7jkpbmrjj7Q,learn_relquest,0.0,"[1, 5]",15.0,18.134,1,1.0,232,second
Qjen87l6fa1w1lw7jkpbmrjj7Q,learn_relquest,1.0,"[7, 1]",16.0,5.709,0,1.0,233,second
Qjen87l6fa1w1lw7jkpbmrjj7Q,learn_relquest,1.0,"[3, 5]",17.0,5.702,0,1.0,234,second
Qjen87l6fa1w1lw7jkpbmrjj7Q,learn_relquest,0.0,"[2, 5]",18.0,65.693,1,1.0,235,second
Qjen87l6fa1w1lw7jkpbmrjj7Q,learn_relquest,0.0,"[7, 4]",19.0,31.614,1,1.0,236,second
Qjen87l6fa1w1lw7jkpbmrjj7Q,learn_relquest,1.0,"[0, 7]",20.0,14.476,0,1.0,237,second
Qjen87l6fa1w1lw7jkpbmrjj7Q,learn_relquest,1.0,"[1, 7]",21.0,6.686,0,1.0,238,second
Qjen87l6fa1w1lw7jkpbmrjj7Q,learn_relquest,0.0,"[6, 1]",22.0,39.965,1,1.0,239,second
Qjen87l6fa1w1lw7jkpbmrjj7Q,learn_relquest,0.0,"[4, 6]",23.0,33.919,1,1.0,240,second
Qjen87l6fa1w1lw7jkpbmrjj7Q,learn_relquest,1.0,"[6, 5]",24.0,5.54,0,1.0,241,second
Qjen87l6fa1w1lw7jkpbmrjj7Q,learn_relquest,1.0,"[7, 0]",25.0,11.706,0,1.0,242,second
Qjen87l6fa1w1lw7jkpbmrjj7Q,learn_relquest,1.0,"[7, 1]",0.0,16.124,0,1.0,331,third
Qjen87l6fa1w1lw7jkpbmrjj7Q,learn_relquest,1.0,"[3, 5]",1.0,4.397,0,1.0,332,third
Qjen87l6fa1w1lw7jkpbmrjj7Q,learn_relquest,1.0,"[7, 0]",2.0,9.238,0,1.0,333,third
Qjen87l6fa1w1lw7jkpbmrjj7Q,learn_relquest,1.0,"[5, 3]",3.0,15.982,0,1.0,334,third
Qjen87l6fa1w1lw7jkpbmrjj7Q,learn_relquest,1.0,"[1, 7]",4.0,10.63,0,1.0,335,third
Qjen87l6fa1w1lw7jkpbmrjj7Q,learn_relquest,0.0,"[2, 4]",5.0,41.917,1,1.0,336,third
Qjen87l6fa1w1lw7jkpbmrjj7Q,learn_relquest,0.0,"[2, 7]",6.0,47.213,1,1.0,337,third
Qjen87l6fa1w1lw7jkpbmrjj7Q,learn_relquest,0.0,"[4, 7]",7.0,49.021,1,1.0,338,third
Qjen87l6fa1w1lw7jkpbmrjj7Q,learn_relquest,1.0,"[2, 6]",8.0,19.749,0,1.0,339,third
Qjen87l6fa1w1lw7jkpbmrjj7Q,learn_relquest,0.0,"[6, 0]",9.0,54.437,1,1.0,340,third
Qjen87l6fa1w1lw7jkpbmrjj7Q,learn_relquest,0.0,"[0, 3]",10.0,36.894,1,1.0,341,third
Qjen87l6fa1w1lw7jkpbmrjj7Q,learn_relquest,1.0,"[4, 1]",11.0,5.445,0,1.0,342,third
Qjen87l6fa1w1lw7jkpbmrjj7Q,learn_relquest,0.0,"[7, 2]",12.0,43.461,1,1.0,343,third
Qjen87l6fa1w1lw7jkpbmrjj7Q,learn_relquest,1.0,"[1, 4]",13.0,3.701,0,1.0,344,third
Qjen87l6fa1w1lw7jkpbmrjj7Q,learn_relquest,0.0,"[2, 3]",14.0,57.43,1,1.0,345,third
Qjen87l6fa1w1lw7jkpbmrjj7Q,learn_relquest,1.0,"[6, 2]",15.0,9.028,0,1.0,346,third
Qjen87l6fa1w1lw7jkpbmrjj7Q,learn_relquest,0.0,"[3, 0]",16.0,21.045,1,1.0,347,third
Qjen87l6fa1w1lw7jkpbmrjj7Q,learn_relquest,0.0,"[0, 2]",17.0,19.541,1,1.0,348,third
Qjen87l6fa1w1lw7jkpbmrjj7Q,learn_relquest,1.0,"[6, 5]",18.0,43.557,0,1.0,349,third
Qjen87l6fa1w1lw7jkpbmrjj7Q,learn_relquest,0.0,"[5, 0]",19.0,40.469,1,1.0,350,third
Qjen87l6fa1w1lw7jkpbmrjj7Q,learn_relquest,0.0,"[1, 5]",20.0,25.365,1,1.0,351,third
Qjen87l6fa1w1lw7jkpbmrjj7Q,learn_relquest,0.0,"[3, 7]",21.0,26.694,1,1.0,352,third
Qjen87l6fa1w1lw7jkpbmrjj7Q,learn_relquest,0.0,"[3, 4]",22.0,33.117,1,1.0,353,third
Qjen87l6fa1w1lw7jkpbmrjj7Q,learn_relquest,1.0,"[5, 6]",23.0,8.806,0,1.0,354,third
Qjen87l6fa1w1lw7jkpbmrjj7Q,learn_relquest,1.0,"[6, 7]",24.0,3.757,0,1.0,355,third
Qjen87l6fa1w1lw7jkpbmrjj7Q,learn_relquest,1.0,"[0, 7]",25.0,3.03,0,1.0,356,third
Qjen87l6fa1w1lw7jkpbmrjj7Q,learn_relquest,0.0,"[0, 4]",26.0,28.766,1,1.0,357,third
Qjen87l6fa1w1lw7jkpbmrjj7Q,learn_relquest,1.0,"[7, 6]",27.0,7.03,0,1.0,358,third
Qjen87l6fa1w1lw7jkpbmrjj7Q,learn_relquest,0.0,"[1, 2]",0.0,22.749,1,1.0,445,fourth
Qjen87l6fa1w1lw7jkpbmrjj7Q,learn_relquest,0.0,"[7, 5]",1.0,22.631,1,1.0,446,fourth
Qjen87l6fa1w1lw7jkpbmrjj7Q,learn_relquest,0.0,"[4, 7]",2.0,45.094,1,1.0,447,fourth
Qjen87l6fa1w1lw7jkpbmrjj7Q,learn_relquest,0.0,"[4, 6]",3.0,47.246,1,1.0,448,fourth
Qjen87l6fa1w1lw7jkpbmrjj7Q,learn_relquest,1.0,"[7, 0]",4.0,11.83,0,1.0,449,fourth
Qjen87l6fa1w1lw7jkpbmrjj7Q,learn_relquest,1.0,"[5, 3]",5.0,9.485,0,1.0,450,fourth
Qjen87l6fa1w1lw7jkpbmrjj7Q,learn_relquest,1.0,"[2, 6]",6.0,11.486,0,1.0,451,fourth
Qjen87l6fa1w1lw7jkpbmrjj7Q,learn_relquest,1.0,"[5, 6]",7.0,9.766,0,1.0,452,fourth
Qjen87l6fa1w1lw7jkpbmrjj7Q,learn_relquest,1.0,"[1, 7]",8.0,6.55,0,1.0,453,fourth
Qjen87l6fa1w1lw7jkpbmrjj7Q,learn_relquest,0.0,"[2, 5]",9.0,34.292,0,0.0,454,fourth
Qjen87l6fa1w1lw7jkpbmrjj7Q,learn_relquest,0.0,"[6, 1]",10.0,29.967,1,1.0,455,fourth
Qjen87l6fa1w1lw7jkpbmrjj7Q,learn_relquest,1.0,"[7, 6]",11.0,16.63,0,1.0,456,fourth
Qjen87l6fa1w1lw7jkpbmrjj7Q,learn_relquest,1.0,"[6, 5]",12.0,10.646,0,1.0,457,fourth
Qjen87l6fa1w1lw7jkpbmrjj7Q,learn_relquest,1.0,"[3, 5]",13.0,0.149,0,1.0,458,fourth
Qjen87l6fa1w1lw7jkpbmrjj7Q,learn_relquest,0.0,"[5, 1]",14.0,31.566,1,1.0,459,fourth
Qjen87l6fa1w1lw7jkpbmrjj7Q,learn_relquest,0.0,"[6, 3]",15.0,50.686,1,1.0,460,fourth
Qjen87l6fa1w1lw7jkpbmrjj7Q,learn_relquest,1.0,"[0, 7]",16.0,4.358,0,1.0,461,fourth
Qjen87l6fa1w1lw7jkpbmrjj7Q,learn_relquest,0.0,"[5, 4]",17.0,57.541,1,1.0,462,fourth
Qjen87l6fa1w1lw7jkpbmrjj7Q,learn_relquest,0.0,"[5, 0]",18.0,31.863,1,1.0,463,fourth
Qjen87l6fa1w1lw7jkpbmrjj7Q,learn_relquest,1.0,"[6, 7]",19.0,14.286,0,1.0,464,fourth
Qjen87l6fa1w1lw7jkpbmrjj7Q,learn_relquest,1.0,"[7, 1]",20.0,29.845,0,1.0,465,fourth
Qjen87l6fa1w1lw7jkpbmrjj7Q,learn_relquest,0.0,"[1, 6]",21.0,41.022,1,1.0,466,fourth
Qjen87l6fa1w1lw7jkpbmrjj7Q,learn_relquest,1.0,"[6, 2]",22.0,25.838,0,1.0,467,fourth
Qjen87l6fa1w1lw7jkpbmrjj7Q,learn_relquest,1.0,"[1, 4]",23.0,5.141,0,1.0,468,fourth
Qjen87l6fa1w1lw7jkpbmrjj7Q,learn_relquest,0.0,"[7, 2]",24.0,34.558,0,0.0,469,fourth
Qjen87l6fa1w1lw7jkpbmrjj7Q,learn_relquest,0.0,"[0, 4]",25.0,5.421,0,0.0,470,fourth
Qjen87l6fa1w1lw7jkpbmrjj7Q,learn_relquest,1.0,"[4, 1]",26.0,7.942,0,1.0,471,fourth
Qjen87l6fa1w1lw7jkpbmrjj7Q,learn_relquest,0.0,"[5, 7]",27.0,45.63,1,1.0,472,fourth
Qjen87l6fa1w1lw7jkpbmrjj7Q,learn_relquest,0.0,"[1, 3]",0.0,67.046,1,1.0,559,fifth
Qjen87l6fa1w1lw7jkpbmrjj7Q,learn_relquest,1.0,"[7, 6]",1.0,4.75,0,1.0,560,fifth
Qjen87l6fa1w1lw7jkpbmrjj7Q,learn_relquest,0.0,"[3, 1]",2.0,31.909,1,1.0,561,fifth
Qjen87l6fa1w1lw7jkpbmrjj7Q,learn_relquest,1.0,"[4, 1]",3.0,5.989,0,1.0,562,fifth
Qjen87l6fa1w1lw7jkpbmrjj7Q,learn_relquest,1.0,"[6, 2]",4.0,4.806,0,1.0,563,fifth
Qjen87l6fa1w1lw7jkpbmrjj7Q,learn_relquest,1.0,"[1, 7]",5.0,4.669,0,1.0,564,fifth
Qjen87l6fa1w1lw7jkpbmrjj7Q,learn_relquest,1.0,"[7, 1]",6.0,7.909,0,1.0,565,fifth
Qjen87l6fa1w1lw7jkpbmrjj7Q,learn_relquest,0.0,"[1, 6]",7.0,36.71,1,1.0,566,fifth
Qjen87l6fa1w1lw7jkpbmrjj7Q,learn_relquest,0.0,"[6, 3]",8.0,31.854,0,0.0,567,fifth
Qjen87l6fa1w1lw7jkpbmrjj7Q,learn_relquest,1.0,"[0, 7]",9.0,4.03,0,1.0,568,fifth
Qjen87l6fa1w1lw7jkpbmrjj7Q,learn_relquest,0.0,"[7, 2]",10.0,5.79,0,0.0,569,fifth
Qjen87l6fa1w1lw7jkpbmrjj7Q,learn_relquest,1.0,"[5, 6]",11.0,0.061,0,1.0,570,fifth
Qjen87l6fa1w1lw7jkpbmrjj7Q,learn_relquest,1.0,"[1, 4]",12.0,9.63,0,1.0,571,fifth
Qjen87l6fa1w1lw7jkpbmrjj7Q,learn_relquest,0.0,"[6, 0]",13.0,24.39,1,1.0,572,fifth
Qjen87l6fa1w1lw7jkpbmrjj7Q,learn_relquest,1.0,"[5, 3]",14.0,5.565,0,1.0,573,fifth
Qjen87l6fa1w1lw7jkpbmrjj7Q,learn_relquest,0.0,"[4, 7]",15.0,19.334,1,1.0,574,fifth
Qjen87l6fa1w1lw7jkpbmrjj7Q,learn_relquest,1.0,"[6, 5]",16.0,5.966,0,1.0,575,fifth
Qjen87l6fa1w1lw7jkpbmrjj7Q,learn_relquest,0.0,"[3, 7]",17.0,30.414,1,1.0,576,fifth
Qjen87l6fa1w1lw7jkpbmrjj7Q,learn_relquest,0.0,"[4, 2]",18.0,20.622,1,1.0,577,fifth
Qjen87l6fa1w1lw7jkpbmrjj7Q,learn_relquest,0.0,"[0, 4]",19.0,29.774,1,1.0,578,fifth
Qjen87l6fa1w1lw7jkpbmrjj7Q,learn_relquest,1.0,"[7, 0]",20.0,19.054,0,1.0,579,fifth
Qjen87l6fa1w1lw7jkpbmrjj7Q,learn_relquest,0.0,"[2, 5]",21.0,13.902,0,0.0,580,fifth
Qjen87l6fa1w1lw7jkpbmrjj7Q,learn_relquest,0.0,"[5, 4]",22.0,28.278,1,1.0,581,fifth
Qjen87l6fa1w1lw7jkpbmrjj7Q,learn_relquest,0.0,"[3, 0]",23.0,40.413,1,1.0,582,fifth
Qjen87l6fa1w1lw7jkpbmrjj7Q,learn_relquest,0.0,"[5, 2]",24.0,5.108,0,0.0,583,fifth
Qjen87l6fa1w1lw7jkpbmrjj7Q,learn_relquest,1.0,"[6, 7]",25.0,8.862,0,1.0,584,fifth
Qjen87l6fa1w1lw7jkpbmrjj7Q,learn_relquest,1.0,"[2, 6]",26.0,4.862,0,1.0,585,fifth
Qjen87l6fa1w1lw7jkpbmrjj7Q,learn_relquest,1.0,"[3, 5]",27.0,9.015,0,1.0,586,fifth
Qjb8gd05vsxegpd0vgh51qaluQ,learn_relquest,1.0,"[5, 3]",0.0,7.211,0,1.0,101,first
Qjb8gd05vsxegpd0vgh51qaluQ,learn_relquest,1.0,"[3, 5]",1.0,2.138,0,1.0,102,first
Qjb8gd05vsxegpd0vgh51qaluQ,learn_relquest,1.0,"[4, 1]",2.0,3.127,0,1.0,103,first
Qjb8gd05vsxegpd0vgh51qaluQ,learn_relquest,0.0,"[3, 2]",3.0,4.165,0,0.0,104,first
Qjb8gd05vsxegpd0vgh51qaluQ,learn_relquest,0.0,"[2, 0]",4.0,2.806,1,1.0,105,first
Qjb8gd05vsxegpd0vgh51qaluQ,learn_relquest,1.0,"[6, 5]",5.0,2.457,0,1.0,106,first
Qjb8gd05vsxegpd0vgh51qaluQ,learn_relquest,0.0,"[0, 4]",6.0,1.947,0,0.0,107,first
Qjb8gd05vsxegpd0vgh51qaluQ,learn_relquest,1.0,"[0, 7]",7.0,1.352,0,1.0,108,first
Qjb8gd05vsxegpd0vgh51qaluQ,learn_relquest,0.0,"[1, 6]",8.0,1.416,0,0.0,109,first
Qjb8gd05vsxegpd0vgh51qaluQ,learn_relquest,1.0,"[7, 0]",9.0,1.564,0,1.0,110,first
Qjb8gd05vsxegpd0vgh51qaluQ,learn_relquest,1.0,"[5, 6]",10.0,1.558,0,1.0,111,first
Qjb8gd05vsxegpd0vgh51qaluQ,learn_relquest,0.0,"[4, 6]",11.0,2.207,0,0.0,112,first
Qjb8gd05vsxegpd0vgh51qaluQ,learn_relquest,1.0,"[6, 7]",12.0,1.585,1,0.0,113,first
Qjb8gd05vsxegpd0vgh51qaluQ,learn_relquest,1.0,"[7, 6]",13.0,2.14,1,0.0,114,first
Qjb8gd05vsxegpd0vgh51qaluQ,learn_relquest,0.0,"[0, 6]",14.0,1.64,0,0.0,115,first
Qjb8gd05vsxegpd0vgh51qaluQ,learn_relquest,1.0,"[2, 6]",15.0,1.709,0,1.0,116,first
Qjb8gd05vsxegpd0vgh51qaluQ,learn_relquest,0.0,"[3, 7]",16.0,2.697,0,0.0,117,first
Qjb8gd05vsxegpd0vgh51qaluQ,learn_relquest,0.0,"[6, 0]",17.0,1.525,0,0.0,118,first
Qjb8gd05vsxegpd0vgh51qaluQ,learn_relquest,1.0,"[1, 4]",18.0,1.242,0,1.0,119,first
Qjb8gd05vsxegpd0vgh51qaluQ,learn_relquest,1.0,"[6, 2]",19.0,1.783,0,1.0,120,first
Qjb8gd05vsxegpd0vgh51qaluQ,learn_relquest,0.0,"[5, 4]",20.0,1.123,0,0.0,121,first
Qjb8gd05vsxegpd0vgh51qaluQ,learn_relquest,0.0,"[2, 4]",21.0,0.928,0,0.0,122,first
Qjb8gd05vsxegpd0vgh51qaluQ,learn_relquest,0.0,"[7, 4]",22.0,1.063,0,0.0,123,first
Qjb8gd05vsxegpd0vgh51qaluQ,learn_relquest,1.0,"[1, 7]",23.0,1.042,0,1.0,124,first
Qjb8gd05vsxegpd0vgh51qaluQ,learn_relquest,0.0,"[7, 3]",24.0,0.958,0,0.0,125,first
Qjb8gd05vsxegpd0vgh51qaluQ,learn_relquest,0.0,"[1, 3]",25.0,1.85,0,0.0,126,first
Qjb8gd05vsxegpd0vgh51qaluQ,learn_relquest,1.0,"[7, 1]",26.0,1.165,0,1.0,127,first
Qjb8gd05vsxegpd0vgh51qaluQ,learn_relquest,0.0,"[2, 1]",27.0,1.541,1,1.0,128,first
Qjb8gd05vsxegpd0vgh51qaluQ,learn_relquest,1.0,"[7, 1]",0.0,3.952,0,1.0,217,second
Qjb8gd05vsxegpd0vgh51qaluQ,learn_relquest,0.0,"[7, 4]",1.0,1.033,0,0.0,218,second
Qjb8gd05vsxegpd0vgh51qaluQ,learn_relquest,1.0,"[6, 2]",2.0,1.292,0,1.0,219,second
Qjb8gd05vsxegpd0vgh51qaluQ,learn_relquest,0.0,"[4, 0]",3.0,1.001,0,0.0,220,second
Qjb8gd05vsxegpd0vgh51qaluQ,learn_relquest,1.0,"[2, 6]",4.0,3.549,1,0.0,221,second
Qjb8gd05vsxegpd0vgh51qaluQ,learn_relquest,1.0,"[7, 0]",5.0,1.842,0,1.0,222,second
Qjb8gd05vsxegpd0vgh51qaluQ,learn_relquest,0.0,"[0, 4]",6.0,1.257,0,0.0,223,second
Qjb8gd05vsxegpd0vgh51qaluQ,learn_relquest,0.0,"[0, 1]",7.0,1.025,0,0.0,224,second
Qjb8gd05vsxegpd0vgh51qaluQ,learn_relquest,0.0,"[0, 5]",8.0,1.79,1,1.0,225,second
Qjb8gd05vsxegpd0vgh51qaluQ,learn_relquest,1.0,"[0, 7]",9.0,1.091,1,0.0,226,second
Qjb8gd05vsxegpd0vgh51qaluQ,learn_relquest,1.0,"[5, 6]",10.0,1.574,0,1.0,227,second
Qjb8gd05vsxegpd0vgh51qaluQ,learn_relquest,0.0,"[2, 7]",11.0,1.308,0,0.0,228,second
Qjb8gd05vsxegpd0vgh51qaluQ,learn_relquest,1.0,"[3, 5]",12.0,1.473,0,1.0,229,second
Qjb8gd05vsxegpd0vgh51qaluQ,learn_relquest,1.0,"[1, 7]",13.0,1.176,0,1.0,230,second
Qjb8gd05vsxegpd0vgh51qaluQ,learn_relquest,1.0,"[5, 3]",14.0,1.056,0,1.0,231,second
Qjb8gd05vsxegpd0vgh51qaluQ,learn_relquest,0.0,"[1, 0]",15.0,3.492,1,1.0,232,second
Qjb8gd05vsxegpd0vgh51qaluQ,learn_relquest,0.0,"[1, 3]",16.0,1.673,0,0.0,233,second
Qjb8gd05vsxegpd0vgh51qaluQ,learn_relquest,1.0,"[6, 5]",17.0,1.234,0,1.0,234,second
Qjb8gd05vsxegpd0vgh51qaluQ,learn_relquest,0.0,"[4, 5]",18.0,1.081,0,0.0,235,second
Qjb8gd05vsxegpd0vgh51qaluQ,learn_relquest,0.0,"[1, 2]",19.0,3.309,0,0.0,236,second
Qjb8gd05vsxegpd0vgh51qaluQ,learn_relquest,0.0,"[3, 1]",20.0,2.372,1,1.0,237,second
Qjb8gd05vsxegpd0vgh51qaluQ,learn_relquest,1.0,"[4, 1]",21.0,1.376,0,1.0,238,second
Qjb8gd05vsxegpd0vgh51qaluQ,learn_relquest,0.0,"[3, 7]",22.0,1.123,0,0.0,239,second
Qjb8gd05vsxegpd0vgh51qaluQ,learn_relquest,0.0,"[3, 2]",23.0,1.005,0,0.0,240,second
Qjb8gd05vsxegpd0vgh51qaluQ,learn_relquest,0.0,"[2, 1]",24.0,0.197,0,0.0,241,second
Qjb8gd05vsxegpd0vgh51qaluQ,learn_relquest,1.0,"[1, 4]",25.0,0.891,0,1.0,242,second
Qjb8gd05vsxegpd0vgh51qaluQ,learn_relquest,1.0,"[7, 6]",26.0,1.758,0,1.0,243,second
Qjb8gd05vsxegpd0vgh51qaluQ,learn_relquest,1.0,"[6, 7]",27.0,1.339,1,0.0,244,second
Qjb8gd05vsxegpd0vgh51qaluQ,learn_relquest,1.0,"[2, 6]",0.0,2.303,0,1.0,331,third
Qjb8gd05vsxegpd0vgh51qaluQ,learn_relquest,0.0,"[4, 2]",1.0,1.233,0,0.0,332,third
Qjb8gd05vsxegpd0vgh51qaluQ,learn_relquest,1.0,"[5, 3]",2.0,1.3,0,1.0,333,third
Qjb8gd05vsxegpd0vgh51qaluQ,learn_relquest,0.0,"[2, 0]",3.0,1.278,0,0.0,334,third
Qjb8gd05vsxegpd0vgh51qaluQ,learn_relquest,1.0,"[6, 7]",4.0,1.125,0,1.0,335,third
Qjb8gd05vsxegpd0vgh51qaluQ,learn_relquest,1.0,"[5, 6]",5.0,1.081,0,1.0,336,third
Qjb8gd05vsxegpd0vgh51qaluQ,learn_relquest,0.0,"[3, 0]",6.0,2.849,1,1.0,337,third
Qjb8gd05vsxegpd0vgh51qaluQ,learn_relquest,1.0,"[0, 7]",7.0,3.43,1,0.0,338,third
Qjb8gd05vsxegpd0vgh51qaluQ,learn_relquest,0.0,"[3, 4]",8.0,1.76,0,0.0,339,third
Qjb8gd05vsxegpd0vgh51qaluQ,learn_relquest,1.0,"[4, 1]",9.0,1.106,0,1.0,340,third
Qjb8gd05vsxegpd0vgh51qaluQ,learn_relquest,0.0,"[5, 1]",10.0,1.26,0,0.0,341,third
Qjb8gd05vsxegpd0vgh51qaluQ,learn_relquest,1.0,"[7, 1]",11.0,1.973,1,0.0,342,third
Qjb8gd05vsxegpd0vgh51qaluQ,learn_relquest,0.0,"[5, 7]",12.0,2.376,1,1.0,343,third
Qjb8gd05vsxegpd0vgh51qaluQ,learn_relquest,0.0,"[1, 0]",13.0,1.84,0,0.0,344,third
Qjb8gd05vsxegpd0vgh51qaluQ,learn_relquest,1.0,"[7, 6]",14.0,2.391,0,1.0,345,third
Qjb8gd05vsxegpd0vgh51qaluQ,learn_relquest,1.0,"[6, 2]",15.0,2.075,0,1.0,346,third
Qjb8gd05vsxegpd0vgh51qaluQ,learn_relquest,0.0,"[1, 2]",16.0,2.257,0,0.0,347,third
Qjb8gd05vsxegpd0vgh51qaluQ,learn_relquest,0.0,"[4, 6]",17.0,1.873,0,0.0,348,third
Qjb8gd05vsxegpd0vgh51qaluQ,learn_relquest,0.0,"[0, 1]",18.0,1.07,0,0.0,349,third
Qjb8gd05vsxegpd0vgh51qaluQ,learn_relquest,1.0,"[6, 5]",19.0,1.228,0,1.0,350,third
Qjb8gd05vsxegpd0vgh51qaluQ,learn_relquest,1.0,"[7, 0]",20.0,1.213,0,1.0,351,third
Qjb8gd05vsxegpd0vgh51qaluQ,learn_relquest,0.0,"[7, 5]",21.0,1.143,0,0.0,352,third
Qjb8gd05vsxegpd0vgh51qaluQ,learn_relquest,0.0,"[5, 0]",22.0,0.875,0,0.0,353,third
Qjb8gd05vsxegpd0vgh51qaluQ,learn_relquest,1.0,"[1, 7]",23.0,1.155,0,1.0,354,third
Qjb8gd05vsxegpd0vgh51qaluQ,learn_relquest,1.0,"[3, 5]",24.0,1.11,0,1.0,355,third
Qjb8gd05vsxegpd0vgh51qaluQ,learn_relquest,1.0,"[1, 4]",25.0,0.94,0,1.0,356,third
Qjb8gd05vsxegpd0vgh51qaluQ,learn_relquest,0.0,"[6, 1]",26.0,0.983,0,0.0,357,third
Qjb8gd05vsxegpd0vgh51qaluQ,learn_relquest,0.0,"[0, 6]",27.0,0.932,0,0.0,358,third
Qjb8gd05vsxegpd0vgh51qaluQ,learn_relquest,1.0,"[1, 7]",0.0,1.959,0,1.0,445,fourth
Qjb8gd05vsxegpd0vgh51qaluQ,learn_relquest,0.0,"[0, 6]",1.0,2.758,1,1.0,446,fourth
Qjb8gd05vsxegpd0vgh51qaluQ,learn_relquest,1.0,"[0, 7]",2.0,1.941,1,0.0,447,fourth
Qjb8gd05vsxegpd0vgh51qaluQ,learn_relquest,1.0,"[7, 6]",3.0,1.392,0,1.0,448,fourth
Qjb8gd05vsxegpd0vgh51qaluQ,learn_relquest,1.0,"[7, 0]",4.0,0.972,0,1.0,449,fourth
Qjb8gd05vsxegpd0vgh51qaluQ,learn_relquest,1.0,"[5, 3]",5.0,1.441,0,1.0,450,fourth
Qjb8gd05vsxegpd0vgh51qaluQ,learn_relquest,1.0,"[1, 4]",6.0,1.025,0,1.0,451,fourth
Qjb8gd05vsxegpd0vgh51qaluQ,learn_relquest,0.0,"[5, 0]",7.0,3.858,1,1.0,452,fourth
Qjb8gd05vsxegpd0vgh51qaluQ,learn_relquest,0.0,"[7, 4]",8.0,1.273,0,0.0,453,fourth
Qjb8gd05vsxegpd0vgh51qaluQ,learn_relquest,1.0,"[6, 2]",9.0,1.674,1,0.0,454,fourth
Qjb8gd05vsxegpd0vgh51qaluQ,learn_relquest,0.0,"[3, 2]",10.0,1.524,0,0.0,455,fourth
Qjb8gd05vsxegpd0vgh51qaluQ,learn_relquest,0.0,"[1, 5]",11.0,3.058,0,0.0,456,fourth
Qjb8gd05vsxegpd0vgh51qaluQ,learn_relquest,1.0,"[5, 6]",12.0,1.273,0,1.0,457,fourth
Qjb8gd05vsxegpd0vgh51qaluQ,learn_relquest,0.0,"[1, 0]",13.0,1.425,0,0.0,458,fourth
Qjb8gd05vsxegpd0vgh51qaluQ,learn_relquest,1.0,"[4, 1]",14.0,1.005,0,1.0,459,fourth
Qjb8gd05vsxegpd0vgh51qaluQ,learn_relquest,0.0,"[3, 6]",15.0,1.093,0,0.0,460,fourth
Qjb8gd05vsxegpd0vgh51qaluQ,learn_relquest,0.0,"[3, 7]",16.0,1.276,0,0.0,461,fourth
Qjb8gd05vsxegpd0vgh51qaluQ,learn_relquest,0.0,"[0, 2]",17.0,1.159,0,0.0,462,fourth
Qjb8gd05vsxegpd0vgh51qaluQ,learn_relquest,1.0,"[3, 5]",18.0,1.858,0,1.0,463,fourth
Qjb8gd05vsxegpd0vgh51qaluQ,learn_relquest,1.0,"[6, 5]",19.0,1.125,0,1.0,464,fourth
Qjb8gd05vsxegpd0vgh51qaluQ,learn_relquest,1.0,"[2, 6]",20.0,1.021,0,1.0,465,fourth
Qjb8gd05vsxegpd0vgh51qaluQ,learn_relquest,1.0,"[6, 7]",21.0,0.729,0,1.0,466,fourth
Qjb8gd05vsxegpd0vgh51qaluQ,learn_relquest,0.0,"[3, 1]",22.0,0.573,0,0.0,467,fourth
Qjb8gd05vsxegpd0vgh51qaluQ,learn_relquest,0.0,"[7, 3]",23.0,0.476,0,0.0,468,fourth
Qjb8gd05vsxegpd0vgh51qaluQ,learn_relquest,1.0,"[7, 1]",24.0,0.474,0,1.0,469,fourth
Qjb8gd05vsxegpd0vgh51qaluQ,learn_relquest,0.0,"[0, 5]",25.0,0.34,0,0.0,470,fourth
Qjb8gd05vsxegpd0vgh51qaluQ,learn_relquest,0.0,"[5, 2]",26.0,0.204,0,0.0,471,fourth
Qjb8gd05vsxegpd0vgh51qaluQ,learn_relquest,0.0,"[2, 3]",27.0,0.212,0,0.0,472,fourth
Qjb8gd05vsxegpd0vgh51qaluQ,learn_relquest,0.0,"[1, 5]",0.0,2.487,0,0.0,559,fifth
Qjb8gd05vsxegpd0vgh51qaluQ,learn_relquest,0.0,"[7, 2]",1.0,1.44,0,0.0,560,fifth
Qjb8gd05vsxegpd0vgh51qaluQ,learn_relquest,0.0,"[2, 5]",2.0,0.738,0,0.0,561,fifth
Qjb8gd05vsxegpd0vgh51qaluQ,learn_relquest,1.0,"[4, 1]",3.0,0.729,0,1.0,562,fifth
Qjb8gd05vsxegpd0vgh51qaluQ,learn_relquest,0.0,"[5, 7]",4.0,0.672,0,0.0,563,fifth
Qjb8gd05vsxegpd0vgh51qaluQ,learn_relquest,1.0,"[7, 1]",5.0,0.627,0,1.0,564,fifth
Qjb8gd05vsxegpd0vgh51qaluQ,learn_relquest,1.0,"[5, 3]",6.0,0.54,0,1.0,565,fifth
Qjb8gd05vsxegpd0vgh51qaluQ,learn_relquest,0.0,"[1, 6]",7.0,0.579,0,0.0,566,fifth
Qjb8gd05vsxegpd0vgh51qaluQ,learn_relquest,1.0,"[6, 2]",8.0,0.488,0,1.0,567,fifth
Qjb8gd05vsxegpd0vgh51qaluQ,learn_relquest,0.0,"[4, 7]",9.0,0.557,0,0.0,568,fifth
Qjb8gd05vsxegpd0vgh51qaluQ,learn_relquest,1.0,"[1, 4]",10.0,0.507,0,1.0,569,fifth
Qjb8gd05vsxegpd0vgh51qaluQ,learn_relquest,0.0,"[0, 6]",11.0,0.458,0,0.0,570,fifth
Qjb8gd05vsxegpd0vgh51qaluQ,learn_relquest,1.0,"[7, 6]",12.0,0.509,0,1.0,571,fifth
Qjb8gd05vsxegpd0vgh51qaluQ,learn_relquest,0.0,"[0, 3]",13.0,0.426,0,0.0,572,fifth
Qjb8gd05vsxegpd0vgh51qaluQ,learn_relquest,1.0,"[0, 7]",14.0,0.459,0,1.0,573,fifth
Qjb8gd05vsxegpd0vgh51qaluQ,learn_relquest,1.0,"[6, 7]",15.0,0.388,0,1.0,574,fifth
Qjb8gd05vsxegpd0vgh51qaluQ,learn_relquest,1.0,"[5, 6]",16.0,0.376,0,1.0,575,fifth
Qjb8gd05vsxegpd0vgh51qaluQ,learn_relquest,0.0,"[7, 3]",17.0,0.402,0,0.0,576,fifth
Qjb8gd05vsxegpd0vgh51qaluQ,learn_relquest,0.0,"[5, 1]",18.0,0.227,0,0.0,577,fifth
Qjb8gd05vsxegpd0vgh51qaluQ,learn_relquest,0.0,"[4, 5]",19.0,0.26,0,0.0,578,fifth
Qjb8gd05vsxegpd0vgh51qaluQ,learn_relquest,1.0,"[3, 5]",20.0,0.211,0,1.0,579,fifth
Qjb8gd05vsxegpd0vgh51qaluQ,learn_relquest,1.0,"[1, 7]",21.0,0.182,0,1.0,580,fifth
Qjb8gd05vsxegpd0vgh51qaluQ,learn_relquest,1.0,"[7, 0]",22.0,0.197,0,1.0,581,fifth
Qjb8gd05vsxegpd0vgh51qaluQ,learn_relquest,0.0,"[3, 0]",23.0,0.189,0,0.0,582,fifth
Qjb8gd05vsxegpd0vgh51qaluQ,learn_relquest,1.0,"[6, 5]",24.0,0.173,0,1.0,583,fifth
Qjb8gd05vsxegpd0vgh51qaluQ,learn_relquest,1.0,"[2, 6]",25.0,0.187,0,1.0,584,fifth
Qjb8gd05vsxegpd0vgh51qaluQ,learn_relquest,0.0,"[3, 7]",26.0,0.168,0,0.0,585,fifth
Qjb8gd05vsxegpd0vgh51qaluQ,learn_relquest,0.0,"[3, 6]",27.0,0.15,0,0.0,586,fifth
Qs02fhw8dgv642793ibwjqmtrQ,learn_relquest,0.0,"[0, 6]",0.0,13.849,0,0.0,101,first
Qs02fhw8dgv642793ibwjqmtrQ,learn_relquest,0.0,"[4, 2]",1.0,5.671,1,1.0,102,first
Qs02fhw8dgv642793ibwjqmtrQ,learn_relquest,1.0,"[6, 2]",2.0,1.393,0,1.0,103,first
Qs02fhw8dgv642793ibwjqmtrQ,learn_relquest,0.0,"[0, 4]",3.0,2.518,0,0.0,104,first
Qs02fhw8dgv642793ibwjqmtrQ,learn_relquest,0.0,"[0, 1]",4.0,3.748,1,1.0,105,first
Qs02fhw8dgv642793ibwjqmtrQ,learn_relquest,0.0,"[6, 1]",5.0,3.021,0,0.0,106,first
Qs02fhw8dgv642793ibwjqmtrQ,learn_relquest,1.0,"[7, 6]",6.0,1.229,0,1.0,107,first
Qs02fhw8dgv642793ibwjqmtrQ,learn_relquest,0.0,"[4, 0]",7.0,0.853,0,0.0,108,first
Qs02fhw8dgv642793ibwjqmtrQ,learn_relquest,1.0,"[2, 6]",8.0,0.884,1,0.0,109,first
Qs02fhw8dgv642793ibwjqmtrQ,learn_relquest,1.0,"[5, 3]",9.0,0.689,0,1.0,110,first
Qs02fhw8dgv642793ibwjqmtrQ,learn_relquest,1.0,"[7, 0]",10.0,0.426,0,1.0,111,first
Qs02fhw8dgv642793ibwjqmtrQ,learn_relquest,1.0,"[6, 7]",11.0,0.263,0,1.0,112,first
Qs02fhw8dgv642793ibwjqmtrQ,learn_relquest,0.0,"[4, 5]",12.0,0.664,0,0.0,113,first
Qs02fhw8dgv642793ibwjqmtrQ,learn_relquest,1.0,"[5, 6]",13.0,1.851,0,1.0,114,first
Qs02fhw8dgv642793ibwjqmtrQ,learn_relquest,1.0,"[7, 1]",14.0,1.394,0,1.0,115,first
Qs02fhw8dgv642793ibwjqmtrQ,learn_relquest,1.0,"[6, 5]",15.0,1.498,0,1.0,116,first
Qs02fhw8dgv642793ibwjqmtrQ,learn_relquest,0.0,"[2, 4]",16.0,0.555,0,0.0,117,first
Qs02fhw8dgv642793ibwjqmtrQ,learn_relquest,0.0,"[1, 5]",17.0,0.867,0,0.0,118,first
Qs02fhw8dgv642793ibwjqmtrQ,learn_relquest,1.0,"[4, 1]",18.0,1.83,1,0.0,119,first
Qs02fhw8dgv642793ibwjqmtrQ,learn_relquest,0.0,"[5, 4]",19.0,1.976,1,1.0,120,first
Qs02fhw8dgv642793ibwjqmtrQ,learn_relquest,1.0,"[3, 5]",20.0,0.974,0,1.0,121,first
Qs02fhw8dgv642793ibwjqmtrQ,learn_relquest,1.0,"[1, 4]",21.0,2.609,1,0.0,122,first
Qs02fhw8dgv642793ibwjqmtrQ,learn_relquest,0.0,"[2, 3]",22.0,1.124,0,0.0,123,first
Qs02fhw8dgv642793ibwjqmtrQ,learn_relquest,1.0,"[0, 7]",23.0,1.468,1,0.0,124,first
Qs02fhw8dgv642793ibwjqmtrQ,learn_relquest,0.0,"[1, 0]",24.0,2.819,1,1.0,125,first
Qs02fhw8dgv642793ibwjqmtrQ,learn_relquest,1.0,"[1, 7]",25.0,0.748,0,1.0,126,first
Qs02fhw8dgv642793ibwjqmtrQ,learn_relquest,0.0,"[4, 7]",26.0,1.566,1,1.0,127,first
Qs02fhw8dgv642793ibwjqmtrQ,learn_relquest,0.0,"[5, 2]",27.0,1.52,0,0.0,128,first
Qs02fhw8dgv642793ibwjqmtrQ,learn_relquest,1.0,"[7, 1]",0.0,8.923,0,1.0,217,second
Qs02fhw8dgv642793ibwjqmtrQ,learn_relquest,1.0,"[6, 7]",1.0,1.656,0,1.0,218,second
Qs02fhw8dgv642793ibwjqmtrQ,learn_relquest,1.0,"[7, 6]",2.0,1.371,0,1.0,219,second
Qs02fhw8dgv642793ibwjqmtrQ,learn_relquest,1.0,"[3, 5]",3.0,8.406,1,0.0,220,second
Qs02fhw8dgv642793ibwjqmtrQ,learn_relquest,0.0,"[3, 7]",4.0,0.958,0,0.0,221,second
Qs02fhw8dgv642793ibwjqmtrQ,learn_relquest,1.0,"[5, 6]",5.0,1.319,0,1.0,222,second
Qs02fhw8dgv642793ibwjqmtrQ,learn_relquest,1.0,"[4, 1]",6.0,1.521,0,1.0,223,second
Qs02fhw8dgv642793ibwjqmtrQ,learn_relquest,0.0,"[2, 5]",7.0,2.37,0,0.0,224,second
Qs02fhw8dgv642793ibwjqmtrQ,learn_relquest,0.0,"[2, 7]",8.0,1.198,0,0.0,225,second
Qs02fhw8dgv642793ibwjqmtrQ,learn_relquest,1.0,"[2, 6]",9.0,0.779,0,1.0,226,second
Qs02fhw8dgv642793ibwjqmtrQ,learn_relquest,1.0,"[6, 2]",10.0,2.391,0,1.0,227,second
Qs02fhw8dgv642793ibwjqmtrQ,learn_relquest,0.0,"[5, 1]",11.0,1.716,0,0.0,228,second
Qs02fhw8dgv642793ibwjqmtrQ,learn_relquest,0.0,"[3, 6]",12.0,3.478,0,0.0,229,second
Qs02fhw8dgv642793ibwjqmtrQ,learn_relquest,1.0,"[5, 3]",13.0,0.966,0,1.0,230,second
Qs02fhw8dgv642793ibwjqmtrQ,learn_relquest,0.0,"[2, 0]",14.0,1.535,1,1.0,231,second
Qs02fhw8dgv642793ibwjqmtrQ,learn_relquest,0.0,"[1, 0]",15.0,0.764,0,0.0,232,second
Qs02fhw8dgv642793ibwjqmtrQ,learn_relquest,0.0,"[3, 2]",16.0,1.799,1,1.0,233,second
Qs02fhw8dgv642793ibwjqmtrQ,learn_relquest,1.0,"[0, 7]",17.0,4.386,0,1.0,234,second
Qs02fhw8dgv642793ibwjqmtrQ,learn_relquest,0.0,"[2, 3]",18.0,2.159,1,1.0,235,second
Qs02fhw8dgv642793ibwjqmtrQ,learn_relquest,0.0,"[6, 3]",19.0,1.64,0,0.0,236,second
Qs02fhw8dgv642793ibwjqmtrQ,learn_relquest,0.0,"[0, 1]",20.0,3.06,1,1.0,237,second
Qs02fhw8dgv642793ibwjqmtrQ,learn_relquest,0.0,"[7, 3]",21.0,1.798,0,0.0,238,second
Qs02fhw8dgv642793ibwjqmtrQ,learn_relquest,0.0,"[4, 6]",22.0,1.341,1,1.0,239,second
Qs02fhw8dgv642793ibwjqmtrQ,learn_relquest,0.0,"[0, 4]",23.0,3.261,0,0.0,240,second
Qs02fhw8dgv642793ibwjqmtrQ,learn_relquest,1.0,"[1, 7]",24.0,0.816,0,1.0,241,second
Qs02fhw8dgv642793ibwjqmtrQ,learn_relquest,1.0,"[1, 4]",25.0,0.9,0,1.0,242,second
Qs02fhw8dgv642793ibwjqmtrQ,learn_relquest,1.0,"[7, 0]",26.0,0.951,0,1.0,243,second
Qs02fhw8dgv642793ibwjqmtrQ,learn_relquest,1.0,"[6, 5]",27.0,0.531,0,1.0,244,second
Qs02fhw8dgv642793ibwjqmtrQ,learn_relquest,0.0,"[0, 1]",0.0,2.945,0,0.0,331,third
Qs02fhw8dgv642793ibwjqmtrQ,learn_relquest,1.0,"[6, 7]",1.0,0.869,0,1.0,332,third
Qs02fhw8dgv642793ibwjqmtrQ,learn_relquest,0.0,"[2, 1]",2.0,1.656,0,0.0,333,third
Qs02fhw8dgv642793ibwjqmtrQ,learn_relquest,1.0,"[7, 0]",3.0,2.796,0,1.0,334,third
Qs02fhw8dgv642793ibwjqmtrQ,learn_relquest,0.0,"[3, 1]",4.0,1.671,0,0.0,335,third
Qs02fhw8dgv642793ibwjqmtrQ,learn_relquest,1.0,"[4, 1]",5.0,0.996,0,1.0,336,third
Qs02fhw8dgv642793ibwjqmtrQ,learn_relquest,0.0,"[3, 4]",6.0,1.506,0,0.0,337,third
Qs02fhw8dgv642793ibwjqmtrQ,learn_relquest,0.0,"[7, 4]",7.0,3.99,0,0.0,338,third
Qs02fhw8dgv642793ibwjqmtrQ,learn_relquest,1.0,"[6, 2]",8.0,2.741,1,0.0,339,third
Qs02fhw8dgv642793ibwjqmtrQ,learn_relquest,1.0,"[0, 7]",9.0,0.764,0,1.0,340,third
Qs02fhw8dgv642793ibwjqmtrQ,learn_relquest,0.0,"[4, 0]",10.0,1.027,0,0.0,341,third
Qs02fhw8dgv642793ibwjqmtrQ,learn_relquest,1.0,"[7, 6]",11.0,0.687,0,1.0,342,third
Qs02fhw8dgv642793ibwjqmtrQ,learn_relquest,1.0,"[5, 6]",12.0,0.96,0,1.0,343,third
Qs02fhw8dgv642793ibwjqmtrQ,learn_relquest,1.0,"[3, 5]",13.0,0.462,0,1.0,344,third
Qs02fhw8dgv642793ibwjqmtrQ,learn_relquest,0.0,"[0, 3]",14.0,0.448,0,0.0,345,third
Qs02fhw8dgv642793ibwjqmtrQ,learn_relquest,0.0,"[2, 4]",15.0,0.48,0,0.0,346,third
Qs02fhw8dgv642793ibwjqmtrQ,learn_relquest,0.0,"[0, 6]",16.0,0.643,0,0.0,347,third
Qs02fhw8dgv642793ibwjqmtrQ,learn_relquest,1.0,"[1, 7]",17.0,0.548,0,1.0,348,third
Qs02fhw8dgv642793ibwjqmtrQ,learn_relquest,0.0,"[5, 1]",18.0,0.62,0,0.0,349,third
Qs02fhw8dgv642793ibwjqmtrQ,learn_relquest,0.0,"[6, 0]",19.0,0.448,0,0.0,350,third
Qs02fhw8dgv642793ibwjqmtrQ,learn_relquest,0.0,"[5, 0]",20.0,0.583,0,0.0,351,third
Qs02fhw8dgv642793ibwjqmtrQ,learn_relquest,1.0,"[1, 4]",21.0,0.516,0,1.0,352,third
Qs02fhw8dgv642793ibwjqmtrQ,learn_relquest,0.0,"[1, 3]",22.0,0.5,0,0.0,353,third
Qs02fhw8dgv642793ibwjqmtrQ,learn_relquest,1.0,"[7, 1]",23.0,0.472,0,1.0,354,third
Qs02fhw8dgv642793ibwjqmtrQ,learn_relquest,1.0,"[2, 6]",24.0,0.516,0,1.0,355,third
Qs02fhw8dgv642793ibwjqmtrQ,learn_relquest,1.0,"[5, 3]",25.0,0.427,0,1.0,356,third
Qs02fhw8dgv642793ibwjqmtrQ,learn_relquest,0.0,"[4, 5]",26.0,0.404,0,0.0,357,third
Qs02fhw8dgv642793ibwjqmtrQ,learn_relquest,1.0,"[6, 5]",27.0,0.537,0,1.0,358,third
Qs02fhw8dgv642793ibwjqmtrQ,learn_relquest,1.0,"[6, 5]",0.0,4.433,1,0.0,445,fourth
Qs02fhw8dgv642793ibwjqmtrQ,learn_relquest,1.0,"[3, 5]",1.0,2.749,1,0.0,446,fourth
Qs02fhw8dgv642793ibwjqmtrQ,learn_relquest,0.0,"[3, 0]",2.0,2.332,1,1.0,447,fourth
Qs02fhw8dgv642793ibwjqmtrQ,learn_relquest,0.0,"[7, 2]",3.0,2.083,0,0.0,448,fourth
Qs02fhw8dgv642793ibwjqmtrQ,learn_relquest,0.0,"[7, 3]",4.0,1.469,0,0.0,449,fourth
Qs02fhw8dgv642793ibwjqmtrQ,learn_relquest,1.0,"[0, 7]",5.0,1.822,0,1.0,450,fourth
Qs02fhw8dgv642793ibwjqmtrQ,learn_relquest,0.0,"[0, 3]",6.0,2.849,1,1.0,451,fourth
Qs02fhw8dgv642793ibwjqmtrQ,learn_relquest,0.0,"[0, 2]",7.0,1.363,1,1.0,452,fourth
Qs02fhw8dgv642793ibwjqmtrQ,learn_relquest,1.0,"[4, 1]",8.0,2.43,1,0.0,453,fourth
Qs02fhw8dgv642793ibwjqmtrQ,learn_relquest,1.0,"[5, 6]",9.0,2.654,0,1.0,454,fourth
Qs02fhw8dgv642793ibwjqmtrQ,learn_relquest,0.0,"[3, 1]",10.0,2.34,1,1.0,455,fourth
Qs02fhw8dgv642793ibwjqmtrQ,learn_relquest,0.0,"[2, 0]",11.0,2.261,1,1.0,456,fourth
Qs02fhw8dgv642793ibwjqmtrQ,learn_relquest,0.0,"[3, 7]",12.0,1.409,0,0.0,457,fourth
Qs02fhw8dgv642793ibwjqmtrQ,learn_relquest,0.0,"[2, 5]",13.0,1.273,0,0.0,458,fourth
Qs02fhw8dgv642793ibwjqmtrQ,learn_relquest,1.0,"[1, 7]",14.0,1.184,0,1.0,459,fourth
Qs02fhw8dgv642793ibwjqmtrQ,learn_relquest,0.0,"[0, 1]",15.0,3.103,1,1.0,460,fourth
Qs02fhw8dgv642793ibwjqmtrQ,learn_relquest,1.0,"[5, 3]",16.0,1.612,0,1.0,461,fourth
Qs02fhw8dgv642793ibwjqmtrQ,learn_relquest,1.0,"[1, 4]",17.0,1.716,0,1.0,462,fourth
Qs02fhw8dgv642793ibwjqmtrQ,learn_relquest,0.0,"[1, 0]",18.0,1.192,0,0.0,463,fourth
Qs02fhw8dgv642793ibwjqmtrQ,learn_relquest,1.0,"[7, 1]",19.0,1.018,0,1.0,464,fourth
Qs02fhw8dgv642793ibwjqmtrQ,learn_relquest,1.0,"[2, 6]",20.0,1.348,0,1.0,465,fourth
Qs02fhw8dgv642793ibwjqmtrQ,learn_relquest,1.0,"[7, 6]",21.0,1.04,0,1.0,466,fourth
Qs02fhw8dgv642793ibwjqmtrQ,learn_relquest,1.0,"[6, 7]",22.0,0.899,0,1.0,467,fourth
Qs02fhw8dgv642793ibwjqmtrQ,learn_relquest,0.0,"[1, 3]",23.0,2.671,1,1.0,468,fourth
Qs02fhw8dgv642793ibwjqmtrQ,learn_relquest,1.0,"[6, 2]",24.0,2.089,0,1.0,469,fourth
Qs02fhw8dgv642793ibwjqmtrQ,learn_relquest,1.0,"[7, 0]",25.0,1.957,0,1.0,470,fourth
Qs02fhw8dgv642793ibwjqmtrQ,learn_relquest,0.0,"[3, 4]",26.0,2.841,1,1.0,471,fourth
Qs02fhw8dgv642793ibwjqmtrQ,learn_relquest,0.0,"[4, 6]",27.0,1.671,0,0.0,472,fourth
Qs02fhw8dgv642793ibwjqmtrQ,learn_relquest,0.0,"[2, 1]",0.0,3.987,1,1.0,559,fifth
Qs02fhw8dgv642793ibwjqmtrQ,learn_relquest,0.0,"[6, 1]",1.0,3.413,0,0.0,560,fifth
Qs02fhw8dgv642793ibwjqmtrQ,learn_relquest,0.0,"[5, 1]",2.0,1.64,1,1.0,561,fifth
Qs02fhw8dgv642793ibwjqmtrQ,learn_relquest,1.0,"[7, 0]",3.0,1.852,0,1.0,562,fifth
Qs02fhw8dgv642793ibwjqmtrQ,learn_relquest,0.0,"[7, 4]",4.0,1.214,0,0.0,563,fifth
Qs02fhw8dgv642793ibwjqmtrQ,learn_relquest,0.0,"[4, 3]",5.0,2.797,1,1.0,564,fifth
Qs02fhw8dgv642793ibwjqmtrQ,learn_relquest,0.0,"[7, 5]",6.0,1.062,0,0.0,565,fifth
Qs02fhw8dgv642793ibwjqmtrQ,learn_relquest,1.0,"[7, 1]",7.0,1.013,0,1.0,566,fifth
Qs02fhw8dgv642793ibwjqmtrQ,learn_relquest,1.0,"[5, 3]",8.0,1.955,0,1.0,567,fifth
Qs02fhw8dgv642793ibwjqmtrQ,learn_relquest,1.0,"[1, 4]",9.0,1.674,0,1.0,568,fifth
Qs02fhw8dgv642793ibwjqmtrQ,learn_relquest,1.0,"[5, 6]",10.0,1.055,0,1.0,569,fifth
Qs02fhw8dgv642793ibwjqmtrQ,learn_relquest,1.0,"[6, 7]",11.0,0.629,0,1.0,570,fifth
Qs02fhw8dgv642793ibwjqmtrQ,learn_relquest,0.0,"[2, 5]",12.0,1.986,0,0.0,571,fifth
Qs02fhw8dgv642793ibwjqmtrQ,learn_relquest,1.0,"[3, 5]",13.0,0.906,0,1.0,572,fifth
Qs02fhw8dgv642793ibwjqmtrQ,learn_relquest,0.0,"[2, 3]",14.0,2.264,1,1.0,573,fifth
Qs02fhw8dgv642793ibwjqmtrQ,learn_relquest,0.0,"[7, 2]",15.0,0.987,0,0.0,574,fifth
Qs02fhw8dgv642793ibwjqmtrQ,learn_relquest,1.0,"[4, 1]",16.0,1.966,0,1.0,575,fifth
Qs02fhw8dgv642793ibwjqmtrQ,learn_relquest,1.0,"[6, 5]",17.0,2.074,0,1.0,576,fifth
Qs02fhw8dgv642793ibwjqmtrQ,learn_relquest,1.0,"[1, 7]",18.0,1.387,0,1.0,577,fifth
Qs02fhw8dgv642793ibwjqmtrQ,learn_relquest,0.0,"[6, 0]",19.0,2.196,0,0.0,578,fifth
Qs02fhw8dgv642793ibwjqmtrQ,learn_relquest,0.0,"[1, 3]",20.0,2.151,1,1.0,579,fifth
Qs02fhw8dgv642793ibwjqmtrQ,learn_relquest,1.0,"[0, 7]",21.0,1.077,0,1.0,580,fifth
Qs02fhw8dgv642793ibwjqmtrQ,learn_relquest,0.0,"[6, 4]",22.0,1.238,0,0.0,581,fifth
Qs02fhw8dgv642793ibwjqmtrQ,learn_relquest,1.0,"[2, 6]",23.0,7.341,1,0.0,582,fifth
Qs02fhw8dgv642793ibwjqmtrQ,learn_relquest,0.0,"[0, 2]",24.0,1.924,1,1.0,583,fifth
Qs02fhw8dgv642793ibwjqmtrQ,learn_relquest,1.0,"[7, 6]",25.0,1.176,0,1.0,584,fifth
Qs02fhw8dgv642793ibwjqmtrQ,learn_relquest,1.0,"[6, 2]",26.0,1.769,0,1.0,585,fifth
Qs02fhw8dgv642793ibwjqmtrQ,learn_relquest,0.0,"[0, 3]",27.0,1.837,1,1.0,586,fifth
Qwy4ycf451d0r67jjsflcojn2Q,learn_relquest,0.0,"[6, 4]",0.0,2.965,0,0.0,101,first
Qwy4ycf451d0r67jjsflcojn2Q,learn_relquest,0.0,"[7, 2]",1.0,2.311,0,0.0,102,first
Qwy4ycf451d0r67jjsflcojn2Q,learn_relquest,1.0,"[5, 6]",2.0,1.199,0,1.0,103,first
Qwy4ycf451d0r67jjsflcojn2Q,learn_relquest,1.0,"[6, 5]",3.0,1.127,0,1.0,104,first
Qwy4ycf451d0r67jjsflcojn2Q,learn_relquest,0.0,"[3, 4]",4.0,2.342,1,1.0,105,first
Qwy4ycf451d0r67jjsflcojn2Q,learn_relquest,0.0,"[7, 4]",5.0,1.966,1,1.0,106,first
Qwy4ycf451d0r67jjsflcojn2Q,learn_relquest,0.0,"[0, 3]",6.0,1.83,0,0.0,107,first
Qwy4ycf451d0r67jjsflcojn2Q,learn_relquest,1.0,"[0, 7]",7.0,3.647,1,0.0,108,first
Qwy4ycf451d0r67jjsflcojn2Q,learn_relquest,0.0,"[5, 1]",8.0,1.302,0,0.0,109,first
Qwy4ycf451d0r67jjsflcojn2Q,learn_relquest,1.0,"[1, 4]",9.0,2.384,0,1.0,110,first
Qwy4ycf451d0r67jjsflcojn2Q,learn_relquest,1.0,"[6, 2]",10.0,1.455,0,1.0,111,first
Qwy4ycf451d0r67jjsflcojn2Q,learn_relquest,1.0,"[3, 5]",11.0,1.532,0,1.0,112,first
Qwy4ycf451d0r67jjsflcojn2Q,learn_relquest,1.0,"[7, 1]",12.0,5.079,0,1.0,113,first
Qwy4ycf451d0r67jjsflcojn2Q,learn_relquest,1.0,"[7, 0]",13.0,1.526,1,0.0,114,first
Qwy4ycf451d0r67jjsflcojn2Q,learn_relquest,1.0,"[1, 7]",14.0,4.111,0,1.0,115,first
Qwy4ycf451d0r67jjsflcojn2Q,learn_relquest,0.0,"[1, 3]",15.0,1.534,0,0.0,116,first
Qwy4ycf451d0r67jjsflcojn2Q,learn_relquest,1.0,"[5, 3]",16.0,1.254,0,1.0,117,first
Qwy4ycf451d0r67jjsflcojn2Q,learn_relquest,0.0,"[5, 7]",17.0,1.781,1,1.0,118,first
Qwy4ycf451d0r67jjsflcojn2Q,learn_relquest,0.0,"[0, 1]",18.0,4.158,0,0.0,119,first
Qwy4ycf451d0r67jjsflcojn2Q,learn_relquest,0.0,"[1, 2]",19.0,2.302,1,1.0,120,first
Qwy4ycf451d0r67jjsflcojn2Q,learn_relquest,0.0,"[4, 2]",20.0,1.783,1,1.0,121,first
Qwy4ycf451d0r67jjsflcojn2Q,learn_relquest,0.0,"[2, 1]",21.0,2.078,0,0.0,122,first
Qwy4ycf451d0r67jjsflcojn2Q,learn_relquest,1.0,"[4, 1]",22.0,2.591,0,1.0,123,first
Qwy4ycf451d0r67jjsflcojn2Q,learn_relquest,0.0,"[0, 4]",23.0,1.438,1,1.0,124,first
Qwy4ycf451d0r67jjsflcojn2Q,learn_relquest,1.0,"[7, 6]",24.0,1.734,1,0.0,125,first
Qwy4ycf451d0r67jjsflcojn2Q,learn_relquest,1.0,"[6, 7]",25.0,1.406,1,0.0,126,first
Qwy4ycf451d0r67jjsflcojn2Q,learn_relquest,0.0,"[1, 0]",26.0,1.63,0,0.0,127,first
Qwy4ycf451d0r67jjsflcojn2Q,learn_relquest,1.0,"[2, 6]",27.0,1.431,0,1.0,128,first
Qwy4ycf451d0r67jjsflcojn2Q,learn_relquest,0.0,"[2, 3]",0.0,3.382,1,1.0,217,second
Qwy4ycf451d0r67jjsflcojn2Q,learn_relquest,1.0,"[6, 7]",1.0,2.766,1,0.0,218,second
Qwy4ycf451d0r67jjsflcojn2Q,learn_relquest,1.0,"[5, 6]",2.0,1.494,0,1.0,219,second
Qwy4ycf451d0r67jjsflcojn2Q,learn_relquest,1.0,"[4, 1]",3.0,2.294,0,1.0,220,second
Qwy4ycf451d0r67jjsflcojn2Q,learn_relquest,1.0,"[0, 7]",4.0,2.951,1,0.0,221,second
Qwy4ycf451d0r67jjsflcojn2Q,learn_relquest,1.0,"[7, 0]",5.0,1.373,1,0.0,222,second
Qwy4ycf451d0r67jjsflcojn2Q,learn_relquest,0.0,"[5, 0]",6.0,1.663,1,1.0,223,second
Qwy4ycf451d0r67jjsflcojn2Q,learn_relquest,1.0,"[1, 7]",7.0,1.335,0,1.0,224,second
Qwy4ycf451d0r67jjsflcojn2Q,learn_relquest,0.0,"[4, 7]",8.0,1.359,0,0.0,225,second
Qwy4ycf451d0r67jjsflcojn2Q,learn_relquest,1.0,"[7, 6]",9.0,1.111,0,1.0,226,second
Qwy4ycf451d0r67jjsflcojn2Q,learn_relquest,0.0,"[2, 5]",10.0,2.166,0,0.0,227,second
Qwy4ycf451d0r67jjsflcojn2Q,learn_relquest,0.0,"[6, 1]",11.0,3.693,0,0.0,228,second
Qwy4ycf451d0r67jjsflcojn2Q,learn_relquest,0.0,"[0, 6]",12.0,7.288,0,0.0,229,second
Qwy4ycf451d0r67jjsflcojn2Q,learn_relquest,1.0,"[3, 5]",13.0,4.614,0,1.0,230,second
Qwy4ycf451d0r67jjsflcojn2Q,learn_relquest,1.0,"[6, 5]",14.0,1.662,0,1.0,231,second
Qwy4ycf451d0r67jjsflcojn2Q,learn_relquest,1.0,"[6, 2]",15.0,0.926,0,1.0,232,second
Qwy4ycf451d0r67jjsflcojn2Q,learn_relquest,0.0,"[7, 5]",16.0,0.919,0,0.0,233,second
Qwy4ycf451d0r67jjsflcojn2Q,learn_relquest,0.0,"[2, 7]",17.0,3.288,1,1.0,234,second
Qwy4ycf451d0r67jjsflcojn2Q,learn_relquest,0.0,"[4, 2]",18.0,1.444,0,0.0,235,second
Qwy4ycf451d0r67jjsflcojn2Q,learn_relquest,1.0,"[2, 6]",19.0,2.974,0,1.0,236,second
Qwy4ycf451d0r67jjsflcojn2Q,learn_relquest,0.0,"[0, 3]",20.0,0.99,0,0.0,237,second
Qwy4ycf451d0r67jjsflcojn2Q,learn_relquest,1.0,"[1, 4]",21.0,0.95,0,1.0,238,second
Qwy4ycf451d0r67jjsflcojn2Q,learn_relquest,0.0,"[4, 5]",22.0,2.438,1,1.0,239,second
Qwy4ycf451d0r67jjsflcojn2Q,learn_relquest,0.0,"[2, 4]",23.0,4.175,1,1.0,240,second
Qwy4ycf451d0r67jjsflcojn2Q,learn_relquest,0.0,"[4, 0]",24.0,1.373,1,1.0,241,second
Qwy4ycf451d0r67jjsflcojn2Q,learn_relquest,1.0,"[7, 1]",25.0,0.823,0,1.0,242,second
Qwy4ycf451d0r67jjsflcojn2Q,learn_relquest,0.0,"[5, 1]",26.0,1.653,0,0.0,243,second
Qwy4ycf451d0r67jjsflcojn2Q,learn_relquest,1.0,"[5, 3]",27.0,1.246,0,1.0,244,second
Qwy4ycf451d0r67jjsflcojn2Q,learn_relquest,1.0,"[4, 1]",0.0,2.007,0,1.0,331,third
Qwy4ycf451d0r67jjsflcojn2Q,learn_relquest,1.0,"[2, 6]",1.0,1.151,0,1.0,332,third
Qwy4ycf451d0r67jjsflcojn2Q,learn_relquest,1.0,"[3, 5]",2.0,0.709,0,1.0,333,third
Qwy4ycf451d0r67jjsflcojn2Q,learn_relquest,0.0,"[1, 5]",3.0,0.902,0,0.0,334,third
Qwy4ycf451d0r67jjsflcojn2Q,learn_relquest,0.0,"[2, 3]",4.0,1.214,0,0.0,335,third
Qwy4ycf451d0r67jjsflcojn2Q,learn_relquest,0.0,"[0, 6]",5.0,1.287,1,1.0,336,third
Qwy4ycf451d0r67jjsflcojn2Q,learn_relquest,0.0,"[1, 2]",6.0,1.862,0,0.0,337,third
Qwy4ycf451d0r67jjsflcojn2Q,learn_relquest,0.0,"[2, 7]",7.0,1.023,0,0.0,338,third
Qwy4ycf451d0r67jjsflcojn2Q,learn_relquest,0.0,"[3, 7]",8.0,0.718,0,0.0,339,third
Qwy4ycf451d0r67jjsflcojn2Q,learn_relquest,1.0,"[0, 7]",9.0,1.862,1,0.0,340,third
Qwy4ycf451d0r67jjsflcojn2Q,learn_relquest,0.0,"[2, 5]",10.0,0.566,0,0.0,341,third
Qwy4ycf451d0r67jjsflcojn2Q,learn_relquest,1.0,"[5, 3]",11.0,0.551,0,1.0,342,third
Qwy4ycf451d0r67jjsflcojn2Q,learn_relquest,1.0,"[1, 4]",12.0,1.214,0,1.0,343,third
Qwy4ycf451d0r67jjsflcojn2Q,learn_relquest,0.0,"[6, 4]",13.0,1.335,0,0.0,344,third
Qwy4ycf451d0r67jjsflcojn2Q,learn_relquest,1.0,"[7, 1]",14.0,0.894,0,1.0,345,third
Qwy4ycf451d0r67jjsflcojn2Q,learn_relquest,1.0,"[5, 6]",15.0,0.99,0,1.0,346,third
Qwy4ycf451d0r67jjsflcojn2Q,learn_relquest,1.0,"[7, 0]",16.0,1.23,1,0.0,347,third
Qwy4ycf451d0r67jjsflcojn2Q,learn_relquest,1.0,"[6, 5]",17.0,0.726,0,1.0,348,third
Qwy4ycf451d0r67jjsflcojn2Q,learn_relquest,0.0,"[3, 2]",18.0,0.894,0,0.0,349,third
Qwy4ycf451d0r67jjsflcojn2Q,learn_relquest,1.0,"[1, 7]",19.0,0.863,0,1.0,350,third
Qwy4ycf451d0r67jjsflcojn2Q,learn_relquest,0.0,"[0, 1]",20.0,0.486,0,0.0,351,third
Qwy4ycf451d0r67jjsflcojn2Q,learn_relquest,1.0,"[7, 6]",21.0,1.271,1,0.0,352,third
Qwy4ycf451d0r67jjsflcojn2Q,learn_relquest,1.0,"[6, 7]",22.0,0.486,0,1.0,353,third
Qwy4ycf451d0r67jjsflcojn2Q,learn_relquest,0.0,"[4, 7]",23.0,1.255,0,0.0,354,third
Qwy4ycf451d0r67jjsflcojn2Q,learn_relquest,0.0,"[5, 2]",24.0,1.406,1,1.0,355,third
Qwy4ycf451d0r67jjsflcojn2Q,learn_relquest,1.0,"[6, 2]",25.0,0.999,0,1.0,356,third
Qwy4ycf451d0r67jjsflcojn2Q,learn_relquest,0.0,"[4, 3]",26.0,0.631,0,0.0,357,third
Qwy4ycf451d0r67jjsflcojn2Q,learn_relquest,0.0,"[7, 4]",27.0,0.806,0,0.0,358,third
Qwy4ycf451d0r67jjsflcojn2Q,learn_relquest,1.0,"[1, 7]",0.0,1.533,0,1.0,445,fourth
Qwy4ycf451d0r67jjsflcojn2Q,learn_relquest,0.0,"[4, 0]",1.0,1.607,1,1.0,446,fourth
Qwy4ycf451d0r67jjsflcojn2Q,learn_relquest,0.0,"[4, 2]",2.0,0.622,0,0.0,447,fourth
Qwy4ycf451d0r67jjsflcojn2Q,learn_relquest,1.0,"[0, 7]",3.0,0.198,0,1.0,448,fourth
Qwy4ycf451d0r67jjsflcojn2Q,learn_relquest,1.0,"[6, 7]",4.0,0.438,0,1.0,449,fourth
Qwy4ycf451d0r67jjsflcojn2Q,learn_relquest,1.0,"[1, 4]",5.0,1.671,0,1.0,450,fourth
Qwy4ycf451d0r67jjsflcojn2Q,learn_relquest,0.0,"[3, 6]",6.0,2.07,0,0.0,451,fourth
Qwy4ycf451d0r67jjsflcojn2Q,learn_relquest,0.0,"[0, 5]",7.0,1.215,0,0.0,452,fourth
Qwy4ycf451d0r67jjsflcojn2Q,learn_relquest,0.0,"[0, 6]",8.0,0.87,0,0.0,453,fourth
Qwy4ycf451d0r67jjsflcojn2Q,learn_relquest,0.0,"[6, 3]",9.0,0.71,0,0.0,454,fourth
Qwy4ycf451d0r67jjsflcojn2Q,learn_relquest,0.0,"[0, 4]",10.0,1.335,0,0.0,455,fourth
Qwy4ycf451d0r67jjsflcojn2Q,learn_relquest,0.0,"[7, 2]",11.0,1.501,1,1.0,456,fourth
Qwy4ycf451d0r67jjsflcojn2Q,learn_relquest,0.0,"[3, 2]",12.0,0.911,0,0.0,457,fourth
Qwy4ycf451d0r67jjsflcojn2Q,learn_relquest,1.0,"[7, 0]",13.0,1.614,1,0.0,458,fourth
Qwy4ycf451d0r67jjsflcojn2Q,learn_relquest,1.0,"[7, 6]",14.0,0.886,0,1.0,459,fourth
Qwy4ycf451d0r67jjsflcojn2Q,learn_relquest,1.0,"[3, 5]",15.0,1.023,0,1.0,460,fourth
Qwy4ycf451d0r67jjsflcojn2Q,learn_relquest,0.0,"[1, 2]",16.0,0.83,0,0.0,461,fourth
Qwy4ycf451d0r67jjsflcojn2Q,learn_relquest,1.0,"[4, 1]",17.0,0.999,0,1.0,462,fourth
Qwy4ycf451d0r67jjsflcojn2Q,learn_relquest,0.0,"[2, 0]",18.0,0.512,0,0.0,463,fourth
Qwy4ycf451d0r67jjsflcojn2Q,learn_relquest,1.0,"[5, 3]",19.0,1.108,0,1.0,464,fourth
Qwy4ycf451d0r67jjsflcojn2Q,learn_relquest,0.0,"[2, 4]",20.0,1.127,1,1.0,465,fourth
Qwy4ycf451d0r67jjsflcojn2Q,learn_relquest,1.0,"[2, 6]",21.0,0.846,0,1.0,466,fourth
Qwy4ycf451d0r67jjsflcojn2Q,learn_relquest,0.0,"[0, 2]",22.0,1.079,1,1.0,467,fourth
Qwy4ycf451d0r67jjsflcojn2Q,learn_relquest,1.0,"[7, 1]",23.0,2.934,0,1.0,468,fourth
Qwy4ycf451d0r67jjsflcojn2Q,learn_relquest,1.0,"[6, 5]",24.0,0.654,0,1.0,469,fourth
Qwy4ycf451d0r67jjsflcojn2Q,learn_relquest,1.0,"[6, 2]",25.0,2.814,0,1.0,470,fourth
Qwy4ycf451d0r67jjsflcojn2Q,learn_relquest,1.0,"[5, 6]",26.0,1.167,0,1.0,471,fourth
Qwy4ycf451d0r67jjsflcojn2Q,learn_relquest,0.0,"[6, 0]",27.0,0.629,0,0.0,472,fourth
Qwy4ycf451d0r67jjsflcojn2Q,learn_relquest,1.0,"[3, 5]",0.0,2.055,0,1.0,559,fifth
Qwy4ycf451d0r67jjsflcojn2Q,learn_relquest,0.0,"[3, 4]",1.0,1.862,1,1.0,560,fifth
Qwy4ycf451d0r67jjsflcojn2Q,learn_relquest,1.0,"[2, 6]",2.0,1.391,0,1.0,561,fifth
Qwy4ycf451d0r67jjsflcojn2Q,learn_relquest,0.0,"[2, 1]",3.0,0.646,0,0.0,562,fifth
Qwy4ycf451d0r67jjsflcojn2Q,learn_relquest,0.0,"[4, 3]",4.0,0.951,0,0.0,563,fifth
Qwy4ycf451d0r67jjsflcojn2Q,learn_relquest,0.0,"[0, 1]",5.0,1.038,0,0.0,564,fifth
Qwy4ycf451d0r67jjsflcojn2Q,learn_relquest,0.0,"[4, 0]",6.0,1.712,1,1.0,565,fifth
Qwy4ycf451d0r67jjsflcojn2Q,learn_relquest,1.0,"[5, 6]",7.0,1.652,0,1.0,566,fifth
Qwy4ycf451d0r67jjsflcojn2Q,learn_relquest,0.0,"[1, 2]",8.0,2.462,1,1.0,567,fifth
Qwy4ycf451d0r67jjsflcojn2Q,learn_relquest,1.0,"[0, 7]",9.0,1.518,1,0.0,568,fifth
Qwy4ycf451d0r67jjsflcojn2Q,learn_relquest,0.0,"[2, 7]",10.0,2.576,1,1.0,569,fifth
Qwy4ycf451d0r67jjsflcojn2Q,learn_relquest,1.0,"[6, 5]",11.0,0.877,0,1.0,570,fifth
Qwy4ycf451d0r67jjsflcojn2Q,learn_relquest,0.0,"[2, 5]",12.0,2.43,1,1.0,571,fifth
Qwy4ycf451d0r67jjsflcojn2Q,learn_relquest,0.0,"[1, 6]",13.0,2.927,0,0.0,572,fifth
Qwy4ycf451d0r67jjsflcojn2Q,learn_relquest,0.0,"[6, 4]",14.0,1.335,0,0.0,573,fifth
Qwy4ycf451d0r67jjsflcojn2Q,learn_relquest,1.0,"[7, 6]",15.0,1.973,1,0.0,574,fifth
Qwy4ycf451d0r67jjsflcojn2Q,learn_relquest,1.0,"[7, 1]",16.0,0.671,0,1.0,575,fifth
Qwy4ycf451d0r67jjsflcojn2Q,learn_relquest,1.0,"[7, 0]",17.0,1.47,1,0.0,576,fifth
Qwy4ycf451d0r67jjsflcojn2Q,learn_relquest,0.0,"[4, 2]",18.0,1.174,0,0.0,577,fifth
Qwy4ycf451d0r67jjsflcojn2Q,learn_relquest,0.0,"[0, 4]",19.0,0.622,0,0.0,578,fifth
Qwy4ycf451d0r67jjsflcojn2Q,learn_relquest,1.0,"[1, 7]",20.0,1.478,0,1.0,579,fifth
Qwy4ycf451d0r67jjsflcojn2Q,learn_relquest,1.0,"[1, 4]",21.0,0.992,0,1.0,580,fifth
Qwy4ycf451d0r67jjsflcojn2Q,learn_relquest,0.0,"[5, 4]",22.0,1.213,1,1.0,581,fifth
Qwy4ycf451d0r67jjsflcojn2Q,learn_relquest,0.0,"[2, 4]",23.0,1.47,0,0.0,582,fifth
Qwy4ycf451d0r67jjsflcojn2Q,learn_relquest,1.0,"[5, 3]",24.0,1.062,1,0.0,583,fifth
Qwy4ycf451d0r67jjsflcojn2Q,learn_relquest,1.0,"[6, 2]",25.0,0.95,0,1.0,584,fifth
Qwy4ycf451d0r67jjsflcojn2Q,learn_relquest,1.0,"[4, 1]",26.0,0.886,0,1.0,585,fifth
Qwy4ycf451d0r67jjsflcojn2Q,learn_relquest,1.0,"[6, 7]",27.0,1.351,1,0.0,586,fifth
Qrqbo1vvrqadp9n2qz045fsgkQ,learn_relquest,1.0,"[7, 6]",0.0,4.518,0,1.0,101,first
Qrqbo1vvrqadp9n2qz045fsgkQ,learn_relquest,1.0,"[6, 7]",1.0,8.67,0,1.0,102,first
Qrqbo1vvrqadp9n2qz045fsgkQ,learn_relquest,1.0,"[5, 6]",2.0,2.878,0,1.0,103,first
Qrqbo1vvrqadp9n2qz045fsgkQ,learn_relquest,0.0,"[3, 6]",3.0,1.88,1,1.0,104,first
Qrqbo1vvrqadp9n2qz045fsgkQ,learn_relquest,1.0,"[6, 2]",4.0,4.19,1,0.0,105,first
Qrqbo1vvrqadp9n2qz045fsgkQ,learn_relquest,1.0,"[7, 0]",5.0,1.726,0,1.0,106,first
Qrqbo1vvrqadp9n2qz045fsgkQ,learn_relquest,1.0,"[1, 4]",6.0,2.389,0,1.0,107,first
Qrqbo1vvrqadp9n2qz045fsgkQ,learn_relquest,0.0,"[6, 1]",7.0,6.248,0,0.0,108,first
Qrqbo1vvrqadp9n2qz045fsgkQ,learn_relquest,0.0,"[4, 0]",8.0,2.088,1,1.0,109,first
Qrqbo1vvrqadp9n2qz045fsgkQ,learn_relquest,1.0,"[7, 1]",9.0,1.923,0,1.0,110,first
Qrqbo1vvrqadp9n2qz045fsgkQ,learn_relquest,0.0,"[5, 2]",10.0,1.726,0,0.0,111,first
Qrqbo1vvrqadp9n2qz045fsgkQ,learn_relquest,1.0,"[6, 5]",11.0,5.515,0,1.0,112,first
Qrqbo1vvrqadp9n2qz045fsgkQ,learn_relquest,1.0,"[1, 7]",12.0,2.707,0,1.0,113,first
Qrqbo1vvrqadp9n2qz045fsgkQ,learn_relquest,1.0,"[0, 7]",13.0,1.443,0,1.0,114,first
Qrqbo1vvrqadp9n2qz045fsgkQ,learn_relquest,0.0,"[1, 3]",14.0,1.791,0,0.0,115,first
Qrqbo1vvrqadp9n2qz045fsgkQ,learn_relquest,0.0,"[4, 5]",15.0,1.316,1,1.0,116,first
Qrqbo1vvrqadp9n2qz045fsgkQ,learn_relquest,1.0,"[5, 3]",16.0,2.185,1,0.0,117,first
Qrqbo1vvrqadp9n2qz045fsgkQ,learn_relquest,1.0,"[4, 1]",17.0,1.175,0,1.0,118,first
Qrqbo1vvrqadp9n2qz045fsgkQ,learn_relquest,0.0,"[4, 2]",18.0,2.628,0,0.0,119,first
Qrqbo1vvrqadp9n2qz045fsgkQ,learn_relquest,0.0,"[7, 2]",19.0,1.487,0,0.0,120,first
Qrqbo1vvrqadp9n2qz045fsgkQ,learn_relquest,0.0,"[1, 5]",20.0,2.587,0,0.0,121,first
Qrqbo1vvrqadp9n2qz045fsgkQ,learn_relquest,1.0,"[2, 6]",21.0,2.162,0,1.0,122,first
Qrqbo1vvrqadp9n2qz045fsgkQ,learn_relquest,0.0,"[2, 1]",22.0,1.477,1,1.0,123,first
Qrqbo1vvrqadp9n2qz045fsgkQ,learn_relquest,1.0,"[3, 5]",23.0,1.209,1,0.0,124,first
Qrqbo1vvrqadp9n2qz045fsgkQ,learn_relquest,0.0,"[7, 5]",24.0,2.562,1,1.0,125,first
Qrqbo1vvrqadp9n2qz045fsgkQ,learn_relquest,0.0,"[3, 0]",25.0,1.322,0,0.0,126,first
Qrqbo1vvrqadp9n2qz045fsgkQ,learn_relquest,0.0,"[3, 7]",26.0,1.461,0,0.0,127,first
Qrqbo1vvrqadp9n2qz045fsgkQ,learn_relquest,0.0,"[4, 7]",27.0,2.115,0,0.0,128,first
Qrqbo1vvrqadp9n2qz045fsgkQ,learn_relquest,0.0,"[2, 4]",0.0,3.726,0,0.0,217,second
Qrqbo1vvrqadp9n2qz045fsgkQ,learn_relquest,0.0,"[6, 1]",1.0,1.465,0,0.0,218,second
Qrqbo1vvrqadp9n2qz045fsgkQ,learn_relquest,1.0,"[5, 6]",2.0,2.066,0,1.0,219,second
Qrqbo1vvrqadp9n2qz045fsgkQ,learn_relquest,0.0,"[4, 2]",3.0,0.963,0,0.0,220,second
Qrqbo1vvrqadp9n2qz045fsgkQ,learn_relquest,1.0,"[5, 3]",4.0,2.25,0,1.0,221,second
Qrqbo1vvrqadp9n2qz045fsgkQ,learn_relquest,1.0,"[1, 4]",5.0,2.593,0,1.0,222,second
Qrqbo1vvrqadp9n2qz045fsgkQ,learn_relquest,1.0,"[7, 1]",6.0,1.476,0,1.0,223,second
Qrqbo1vvrqadp9n2qz045fsgkQ,learn_relquest,0.0,"[1, 6]",7.0,0.783,0,0.0,224,second
Qrqbo1vvrqadp9n2qz045fsgkQ,learn_relquest,1.0,"[7, 0]",8.0,0.699,0,1.0,225,second
Qrqbo1vvrqadp9n2qz045fsgkQ,learn_relquest,1.0,"[4, 1]",9.0,0.487,0,1.0,226,second
Qrqbo1vvrqadp9n2qz045fsgkQ,learn_relquest,0.0,"[0, 2]",10.0,0.251,0,0.0,227,second
Qrqbo1vvrqadp9n2qz045fsgkQ,learn_relquest,1.0,"[6, 7]",11.0,0.267,0,1.0,228,second
Qrqbo1vvrqadp9n2qz045fsgkQ,learn_relquest,1.0,"[6, 2]",12.0,0.3,0,1.0,229,second
Qrqbo1vvrqadp9n2qz045fsgkQ,learn_relquest,0.0,"[4, 0]",13.0,0.297,0,0.0,230,second
Qrqbo1vvrqadp9n2qz045fsgkQ,learn_relquest,1.0,"[0, 7]",14.0,0.314,0,1.0,231,second
Qrqbo1vvrqadp9n2qz045fsgkQ,learn_relquest,0.0,"[3, 6]",15.0,0.359,0,0.0,232,second
Qrqbo1vvrqadp9n2qz045fsgkQ,learn_relquest,0.0,"[3, 4]",16.0,0.356,0,0.0,233,second
Qrqbo1vvrqadp9n2qz045fsgkQ,learn_relquest,1.0,"[1, 7]",17.0,0.253,0,1.0,234,second
Qrqbo1vvrqadp9n2qz045fsgkQ,learn_relquest,1.0,"[6, 5]",18.0,0.257,0,1.0,235,second
Qrqbo1vvrqadp9n2qz045fsgkQ,learn_relquest,0.0,"[3, 2]",19.0,0.243,0,0.0,236,second
Qrqbo1vvrqadp9n2qz045fsgkQ,learn_relquest,1.0,"[3, 5]",20.0,0.243,0,1.0,237,second
Qrqbo1vvrqadp9n2qz045fsgkQ,learn_relquest,1.0,"[2, 6]",21.0,0.22,0,1.0,238,second
Qrqbo1vvrqadp9n2qz045fsgkQ,learn_relquest,0.0,"[2, 5]",22.0,0.238,0,0.0,239,second
Qrqbo1vvrqadp9n2qz045fsgkQ,learn_relquest,0.0,"[6, 3]",23.0,0.215,0,0.0,240,second
Qrqbo1vvrqadp9n2qz045fsgkQ,learn_relquest,0.0,"[0, 3]",24.0,0.232,0,0.0,241,second
Qrqbo1vvrqadp9n2qz045fsgkQ,learn_relquest,0.0,"[1, 0]",25.0,0.258,0,0.0,242,second
Qrqbo1vvrqadp9n2qz045fsgkQ,learn_relquest,0.0,"[5, 7]",26.0,0.229,0,0.0,243,second
Qrqbo1vvrqadp9n2qz045fsgkQ,learn_relquest,1.0,"[7, 6]",27.0,0.255,0,1.0,244,second
Qrqbo1vvrqadp9n2qz045fsgkQ,learn_relquest,1.0,"[7, 0]",0.0,2.177,0,1.0,331,third
Qrqbo1vvrqadp9n2qz045fsgkQ,learn_relquest,1.0,"[6, 2]",1.0,8.261,1,0.0,332,third
Qrqbo1vvrqadp9n2qz045fsgkQ,learn_relquest,1.0,"[1, 7]",2.0,1.123,0,1.0,333,third
Qrqbo1vvrqadp9n2qz045fsgkQ,learn_relquest,1.0,"[5, 6]",3.0,1.879,1,0.0,334,third
Qrqbo1vvrqadp9n2qz045fsgkQ,learn_relquest,0.0,"[3, 6]",4.0,1.501,1,1.0,335,third
Qrqbo1vvrqadp9n2qz045fsgkQ,learn_relquest,0.0,"[6, 3]",5.0,2.098,1,1.0,336,third
Qrqbo1vvrqadp9n2qz045fsgkQ,learn_relquest,0.0,"[0, 3]",6.0,1.655,0,0.0,337,third
Qrqbo1vvrqadp9n2qz045fsgkQ,learn_relquest,1.0,"[7, 6]",7.0,1.436,0,1.0,338,third
Qrqbo1vvrqadp9n2qz045fsgkQ,learn_relquest,1.0,"[2, 6]",8.0,1.751,0,1.0,339,third
Qrqbo1vvrqadp9n2qz045fsgkQ,learn_relquest,1.0,"[1, 4]",9.0,0.992,0,1.0,340,third
Qrqbo1vvrqadp9n2qz045fsgkQ,learn_relquest,0.0,"[1, 6]",10.0,1.671,0,0.0,341,third
Qrqbo1vvrqadp9n2qz045fsgkQ,learn_relquest,0.0,"[6, 0]",11.0,8.165,0,0.0,342,third
Qrqbo1vvrqadp9n2qz045fsgkQ,learn_relquest,0.0,"[5, 7]",13.0,1.881,1,1.0,344,third
Qrqbo1vvrqadp9n2qz045fsgkQ,learn_relquest,0.0,"[2, 5]",12.0,1.331,0,0.0,343,third
Qrqbo1vvrqadp9n2qz045fsgkQ,learn_relquest,1.0,"[6, 7]",14.0,1.223,0,1.0,345,third
Qrqbo1vvrqadp9n2qz045fsgkQ,learn_relquest,1.0,"[3, 5]",15.0,6.424,0,1.0,346,third
Qrqbo1vvrqadp9n2qz045fsgkQ,learn_relquest,1.0,"[5, 3]",16.0,1.091,0,1.0,347,third
Qrqbo1vvrqadp9n2qz045fsgkQ,learn_relquest,1.0,"[7, 1]",17.0,1.095,0,1.0,348,third
Qrqbo1vvrqadp9n2qz045fsgkQ,learn_relquest,0.0,"[5, 4]",18.0,1.631,1,1.0,349,third
Qrqbo1vvrqadp9n2qz045fsgkQ,learn_relquest,1.0,"[4, 1]",19.0,0.777,0,1.0,350,third
Qrqbo1vvrqadp9n2qz045fsgkQ,learn_relquest,0.0,"[4, 0]",20.0,1.43,0,0.0,351,third
Qrqbo1vvrqadp9n2qz045fsgkQ,learn_relquest,0.0,"[3, 7]",21.0,1.092,0,0.0,352,third
Qrqbo1vvrqadp9n2qz045fsgkQ,learn_relquest,0.0,"[4, 5]",22.0,1.914,0,0.0,353,third
Qrqbo1vvrqadp9n2qz045fsgkQ,learn_relquest,0.0,"[0, 6]",23.0,1.253,0,0.0,354,third
Qrqbo1vvrqadp9n2qz045fsgkQ,learn_relquest,1.0,"[6, 5]",24.0,1.086,1,0.0,355,third
Qrqbo1vvrqadp9n2qz045fsgkQ,learn_relquest,0.0,"[2, 3]",25.0,1.199,0,0.0,356,third
Qrqbo1vvrqadp9n2qz045fsgkQ,learn_relquest,1.0,"[0, 7]",26.0,1.946,0,1.0,357,third
Qrqbo1vvrqadp9n2qz045fsgkQ,learn_relquest,0.0,"[3, 1]",27.0,1.269,0,0.0,358,third
Qrqbo1vvrqadp9n2qz045fsgkQ,learn_relquest,1.0,"[1, 7]",0.0,1.991,0,1.0,445,fourth
Qrqbo1vvrqadp9n2qz045fsgkQ,learn_relquest,0.0,"[0, 2]",1.0,2.021,0,0.0,446,fourth
Qrqbo1vvrqadp9n2qz045fsgkQ,learn_relquest,0.0,"[0, 4]",2.0,3.03,1,1.0,447,fourth
Qrqbo1vvrqadp9n2qz045fsgkQ,learn_relquest,0.0,"[1, 6]",3.0,1.866,0,0.0,448,fourth
Qrqbo1vvrqadp9n2qz045fsgkQ,learn_relquest,0.0,"[1, 5]",4.0,1.966,1,1.0,449,fourth
Qrqbo1vvrqadp9n2qz045fsgkQ,learn_relquest,0.0,"[3, 0]",5.0,1.965,1,1.0,450,fourth
Qrqbo1vvrqadp9n2qz045fsgkQ,learn_relquest,0.0,"[2, 5]",6.0,1.883,1,1.0,451,fourth
Qrqbo1vvrqadp9n2qz045fsgkQ,learn_relquest,1.0,"[0, 7]",7.0,1.109,0,1.0,452,fourth
Qrqbo1vvrqadp9n2qz045fsgkQ,learn_relquest,0.0,"[7, 2]",8.0,2.177,0,0.0,453,fourth
Qrqbo1vvrqadp9n2qz045fsgkQ,learn_relquest,1.0,"[6, 2]",9.0,2.388,0,1.0,454,fourth
Qrqbo1vvrqadp9n2qz045fsgkQ,learn_relquest,1.0,"[7, 6]",10.0,1.228,0,1.0,455,fourth
Qrqbo1vvrqadp9n2qz045fsgkQ,learn_relquest,1.0,"[7, 1]",11.0,1.818,0,1.0,456,fourth
Qrqbo1vvrqadp9n2qz045fsgkQ,learn_relquest,0.0,"[0, 6]",12.0,1.313,0,0.0,457,fourth
Qrqbo1vvrqadp9n2qz045fsgkQ,learn_relquest,1.0,"[6, 7]",13.0,1.659,0,1.0,458,fourth
Qrqbo1vvrqadp9n2qz045fsgkQ,learn_relquest,1.0,"[2, 6]",14.0,1.219,0,1.0,459,fourth
Qrqbo1vvrqadp9n2qz045fsgkQ,learn_relquest,0.0,"[2, 7]",15.0,0.898,0,0.0,460,fourth
Qrqbo1vvrqadp9n2qz045fsgkQ,learn_relquest,1.0,"[6, 5]",16.0,1.359,0,1.0,461,fourth
Qrqbo1vvrqadp9n2qz045fsgkQ,learn_relquest,0.0,"[0, 1]",17.0,0.975,0,0.0,462,fourth
Qrqbo1vvrqadp9n2qz045fsgkQ,learn_relquest,1.0,"[1, 4]",18.0,0.826,0,1.0,463,fourth
Qrqbo1vvrqadp9n2qz045fsgkQ,learn_relquest,0.0,"[7, 3]",19.0,0.808,0,0.0,464,fourth
Qrqbo1vvrqadp9n2qz045fsgkQ,learn_relquest,0.0,"[6, 0]",20.0,0.865,0,0.0,465,fourth
Qrqbo1vvrqadp9n2qz045fsgkQ,learn_relquest,1.0,"[4, 1]",21.0,0.929,0,1.0,466,fourth
Qrqbo1vvrqadp9n2qz045fsgkQ,learn_relquest,0.0,"[1, 3]",22.0,0.808,0,0.0,467,fourth
Qrqbo1vvrqadp9n2qz045fsgkQ,learn_relquest,1.0,"[3, 5]",23.0,0.738,0,1.0,468,fourth
Qrqbo1vvrqadp9n2qz045fsgkQ,learn_relquest,1.0,"[5, 3]",24.0,1.225,0,1.0,469,fourth
Qrqbo1vvrqadp9n2qz045fsgkQ,learn_relquest,1.0,"[7, 0]",25.0,1.25,0,1.0,470,fourth
Qrqbo1vvrqadp9n2qz045fsgkQ,learn_relquest,1.0,"[5, 6]",26.0,2.314,1,0.0,471,fourth
Qrqbo1vvrqadp9n2qz045fsgkQ,learn_relquest,0.0,"[2, 0]",27.0,1.738,1,1.0,472,fourth
Qrqbo1vvrqadp9n2qz045fsgkQ,learn_relquest,0.0,"[0, 5]",0.0,3.197,0,0.0,559,fifth
Qrqbo1vvrqadp9n2qz045fsgkQ,learn_relquest,1.0,"[6, 5]",1.0,1.721,0,1.0,560,fifth
Qrqbo1vvrqadp9n2qz045fsgkQ,learn_relquest,1.0,"[5, 3]",2.0,1.919,0,1.0,561,fifth
Qrqbo1vvrqadp9n2qz045fsgkQ,learn_relquest,0.0,"[3, 6]",3.0,2.415,1,1.0,562,fifth
Qrqbo1vvrqadp9n2qz045fsgkQ,learn_relquest,0.0,"[2, 5]",4.0,2.058,1,1.0,563,fifth
Qrqbo1vvrqadp9n2qz045fsgkQ,learn_relquest,1.0,"[6, 2]",5.0,2.098,0,1.0,564,fifth
Qrqbo1vvrqadp9n2qz045fsgkQ,learn_relquest,1.0,"[7, 6]",6.0,1.146,0,1.0,565,fifth
Qrqbo1vvrqadp9n2qz045fsgkQ,learn_relquest,0.0,"[3, 0]",7.0,2.649,1,1.0,566,fifth
Qrqbo1vvrqadp9n2qz045fsgkQ,learn_relquest,1.0,"[4, 1]",8.0,0.88,0,1.0,567,fifth
Qrqbo1vvrqadp9n2qz045fsgkQ,learn_relquest,0.0,"[1, 6]",9.0,1.489,0,0.0,568,fifth
Qrqbo1vvrqadp9n2qz045fsgkQ,learn_relquest,1.0,"[1, 4]",10.0,32.868,0,1.0,569,fifth
Qrqbo1vvrqadp9n2qz045fsgkQ,learn_relquest,1.0,"[6, 7]",11.0,2.616,0,1.0,570,fifth
Qrqbo1vvrqadp9n2qz045fsgkQ,learn_relquest,1.0,"[2, 6]",12.0,1.569,0,1.0,571,fifth
Qrqbo1vvrqadp9n2qz045fsgkQ,learn_relquest,1.0,"[0, 7]",13.0,1.639,0,1.0,572,fifth
Qrqbo1vvrqadp9n2qz045fsgkQ,learn_relquest,0.0,"[0, 4]",14.0,1.42,0,0.0,573,fifth
Qrqbo1vvrqadp9n2qz045fsgkQ,learn_relquest,0.0,"[2, 4]",15.0,1.206,0,0.0,574,fifth
Qrqbo1vvrqadp9n2qz045fsgkQ,learn_relquest,1.0,"[7, 0]",16.0,1.033,0,1.0,575,fifth
Qrqbo1vvrqadp9n2qz045fsgkQ,learn_relquest,0.0,"[4, 3]",17.0,3.255,1,1.0,576,fifth
Qrqbo1vvrqadp9n2qz045fsgkQ,learn_relquest,1.0,"[3, 5]",18.0,2.075,0,1.0,577,fifth
Qrqbo1vvrqadp9n2qz045fsgkQ,learn_relquest,0.0,"[3, 4]",19.0,1.642,0,0.0,578,fifth
Qrqbo1vvrqadp9n2qz045fsgkQ,learn_relquest,0.0,"[1, 3]",20.0,1.342,1,1.0,579,fifth
Qrqbo1vvrqadp9n2qz045fsgkQ,learn_relquest,0.0,"[6, 0]",21.0,0.836,0,0.0,580,fifth
Qrqbo1vvrqadp9n2qz045fsgkQ,learn_relquest,0.0,"[7, 2]",22.0,3.177,0,0.0,581,fifth
Qrqbo1vvrqadp9n2qz045fsgkQ,learn_relquest,0.0,"[5, 0]",23.0,1.681,1,1.0,582,fifth
Qrqbo1vvrqadp9n2qz045fsgkQ,learn_relquest,1.0,"[5, 6]",24.0,1.658,0,1.0,583,fifth
Qrqbo1vvrqadp9n2qz045fsgkQ,learn_relquest,1.0,"[7, 1]",25.0,1.425,0,1.0,584,fifth
Qrqbo1vvrqadp9n2qz045fsgkQ,learn_relquest,1.0,"[1, 7]",26.0,1.125,0,1.0,585,fifth
Qrqbo1vvrqadp9n2qz045fsgkQ,learn_relquest,0.0,"[7, 3]",27.0,2.707,1,1.0,586,fifth
Qx4467vm403jlivee4t75u7ylQ,learn_relquest,0.0,"[2, 5]",0.0,3.996,0,0.0,101,first
Qx4467vm403jlivee4t75u7ylQ,learn_relquest,0.0,"[1, 3]",1.0,2.267,0,0.0,102,first
Qx4467vm403jlivee4t75u7ylQ,learn_relquest,0.0,"[5, 2]",2.0,2.276,1,1.0,103,first
Qx4467vm403jlivee4t75u7ylQ,learn_relquest,0.0,"[6, 3]",3.0,1.732,1,1.0,104,first
Qx4467vm403jlivee4t75u7ylQ,learn_relquest,1.0,"[4, 1]",4.0,1.231,0,1.0,105,first
Qx4467vm403jlivee4t75u7ylQ,learn_relquest,1.0,"[7, 6]",5.0,2.119,0,1.0,106,first
Qx4467vm403jlivee4t75u7ylQ,learn_relquest,0.0,"[5, 4]",6.0,1.319,0,0.0,107,first
Qx4467vm403jlivee4t75u7ylQ,learn_relquest,0.0,"[6, 4]",7.0,1.04,1,1.0,108,first
Qx4467vm403jlivee4t75u7ylQ,learn_relquest,1.0,"[3, 5]",8.0,1.586,1,0.0,109,first
Qx4467vm403jlivee4t75u7ylQ,learn_relquest,1.0,"[6, 2]",9.0,1.659,0,1.0,110,first
Qx4467vm403jlivee4t75u7ylQ,learn_relquest,0.0,"[5, 0]",10.0,1.599,1,1.0,111,first
Qx4467vm403jlivee4t75u7ylQ,learn_relquest,0.0,"[7, 4]",11.0,1.316,0,0.0,112,first
Qx4467vm403jlivee4t75u7ylQ,learn_relquest,0.0,"[1, 6]",12.0,1.495,0,0.0,113,first
Qx4467vm403jlivee4t75u7ylQ,learn_relquest,0.0,"[1, 0]",13.0,1.45,1,1.0,114,first
Qx4467vm403jlivee4t75u7ylQ,learn_relquest,0.0,"[4, 3]",14.0,1.34,1,1.0,115,first
Qx4467vm403jlivee4t75u7ylQ,learn_relquest,0.0,"[2, 4]",15.0,1.983,1,1.0,116,first
Qx4467vm403jlivee4t75u7ylQ,learn_relquest,1.0,"[7, 1]",16.0,3.993,0,1.0,117,first
Qx4467vm403jlivee4t75u7ylQ,learn_relquest,1.0,"[6, 7]",17.0,1.19,0,1.0,118,first
Qx4467vm403jlivee4t75u7ylQ,learn_relquest,1.0,"[5, 3]",18.0,1.28,0,1.0,119,first
Qx4467vm403jlivee4t75u7ylQ,learn_relquest,1.0,"[2, 6]",19.0,1.428,1,0.0,120,first
Qx4467vm403jlivee4t75u7ylQ,learn_relquest,1.0,"[0, 7]",20.0,2.736,1,0.0,121,first
Qx4467vm403jlivee4t75u7ylQ,learn_relquest,1.0,"[1, 7]",21.0,1.404,0,1.0,122,first
Qx4467vm403jlivee4t75u7ylQ,learn_relquest,0.0,"[1, 5]",22.0,1.153,0,0.0,123,first
Qx4467vm403jlivee4t75u7ylQ,learn_relquest,1.0,"[7, 0]",23.0,2.259,0,1.0,124,first
Qx4467vm403jlivee4t75u7ylQ,learn_relquest,0.0,"[4, 0]",24.0,13.927,0,0.0,125,first
Qx4467vm403jlivee4t75u7ylQ,learn_relquest,1.0,"[5, 6]",25.0,1.238,0,1.0,126,first
Qx4467vm403jlivee4t75u7ylQ,learn_relquest,1.0,"[6, 5]",26.0,1.746,0,1.0,127,first
Qx4467vm403jlivee4t75u7ylQ,learn_relquest,1.0,"[1, 4]",27.0,1.22,0,1.0,128,first
Qx4467vm403jlivee4t75u7ylQ,learn_relquest,1.0,"[3, 5]",0.0,15.031,0,1.0,217,second
Qx4467vm403jlivee4t75u7ylQ,learn_relquest,1.0,"[5, 6]",1.0,4.756,0,1.0,218,second
Qx4467vm403jlivee4t75u7ylQ,learn_relquest,0.0,"[3, 4]",2.0,12.907,1,1.0,219,second
Qx4467vm403jlivee4t75u7ylQ,learn_relquest,1.0,"[7, 6]",3.0,4.909,0,1.0,220,second
Qx4467vm403jlivee4t75u7ylQ,learn_relquest,0.0,"[6, 4]",4.0,2.824,1,1.0,221,second
Qx4467vm403jlivee4t75u7ylQ,learn_relquest,1.0,"[4, 1]",5.0,2.712,0,1.0,222,second
Qx4467vm403jlivee4t75u7ylQ,learn_relquest,1.0,"[1, 4]",6.0,1.447,0,1.0,223,second
Qx4467vm403jlivee4t75u7ylQ,learn_relquest,1.0,"[1, 7]",7.0,3.679,0,1.0,224,second
Qx4467vm403jlivee4t75u7ylQ,learn_relquest,0.0,"[6, 1]",8.0,14.271,1,1.0,225,second
Qx4467vm403jlivee4t75u7ylQ,learn_relquest,1.0,"[0, 7]",9.0,4.628,0,1.0,226,second
Qx4467vm403jlivee4t75u7ylQ,learn_relquest,0.0,"[0, 3]",10.0,3.397,1,1.0,227,second
Qx4467vm403jlivee4t75u7ylQ,learn_relquest,1.0,"[7, 1]",11.0,1.456,0,1.0,228,second
Qx4467vm403jlivee4t75u7ylQ,learn_relquest,1.0,"[6, 5]",12.0,2.356,0,1.0,229,second
Qx4467vm403jlivee4t75u7ylQ,learn_relquest,0.0,"[4, 5]",13.0,6.819,1,1.0,230,second
Qx4467vm403jlivee4t75u7ylQ,learn_relquest,0.0,"[2, 5]",14.0,1.48,1,1.0,231,second
Qx4467vm403jlivee4t75u7ylQ,learn_relquest,1.0,"[6, 2]",15.0,7.791,0,1.0,232,second
Qx4467vm403jlivee4t75u7ylQ,learn_relquest,1.0,"[5, 3]",16.0,4.047,0,1.0,233,second
Qx4467vm403jlivee4t75u7ylQ,learn_relquest,0.0,"[0, 6]",17.0,6.858,0,0.0,234,second
Qx4467vm403jlivee4t75u7ylQ,learn_relquest,1.0,"[6, 7]",18.0,13.554,0,1.0,235,second
Qx4467vm403jlivee4t75u7ylQ,learn_relquest,1.0,"[2, 6]",19.0,3.606,0,1.0,236,second
Qx4467vm403jlivee4t75u7ylQ,learn_relquest,1.0,"[7, 0]",20.0,2.11,1,0.0,237,second
Qx4467vm403jlivee4t75u7ylQ,learn_relquest,0.0,"[4, 6]",21.0,1.848,1,1.0,238,second
Qx4467vm403jlivee4t75u7ylQ,learn_relquest,0.0,"[7, 2]",22.0,5.087,1,1.0,239,second
Qx4467vm403jlivee4t75u7ylQ,learn_relquest,0.0,"[4, 0]",23.0,2.057,1,1.0,240,second
Qx4467vm403jlivee4t75u7ylQ,learn_relquest,0.0,"[2, 4]",24.0,2.274,1,1.0,241,second
Qx4467vm403jlivee4t75u7ylQ,learn_relquest,0.0,"[5, 4]",25.0,7.644,1,1.0,242,second
Qx4467vm403jlivee4t75u7ylQ,learn_relquest,0.0,"[1, 3]",26.0,6.101,1,1.0,243,second
Qx4467vm403jlivee4t75u7ylQ,learn_relquest,0.0,"[0, 2]",27.0,2.741,1,1.0,244,second
Qx4467vm403jlivee4t75u7ylQ,learn_relquest,1.0,"[3, 5]",0.0,6.796,0,1.0,331,third
Qx4467vm403jlivee4t75u7ylQ,learn_relquest,0.0,"[2, 5]",1.0,4.71,1,1.0,332,third
Qx4467vm403jlivee4t75u7ylQ,learn_relquest,1.0,"[5, 6]",2.0,8.467,0,1.0,333,third
Qx4467vm403jlivee4t75u7ylQ,learn_relquest,0.0,"[0, 6]",3.0,29.927,1,1.0,334,third
Qx4467vm403jlivee4t75u7ylQ,learn_relquest,1.0,"[6, 5]",4.0,8.557,0,1.0,335,third
Qx4467vm403jlivee4t75u7ylQ,learn_relquest,0.0,"[5, 0]",5.0,12.583,1,1.0,336,third
Qx4467vm403jlivee4t75u7ylQ,learn_relquest,0.0,"[0, 4]",6.0,8.258,1,1.0,337,third
Qx4467vm403jlivee4t75u7ylQ,learn_relquest,1.0,"[6, 2]",7.0,2.505,0,1.0,338,third
Qx4467vm403jlivee4t75u7ylQ,learn_relquest,1.0,"[7, 6]",8.0,3.265,0,1.0,339,third
Qx4467vm403jlivee4t75u7ylQ,learn_relquest,0.0,"[7, 4]",9.0,2.688,1,1.0,340,third
Qx4467vm403jlivee4t75u7ylQ,learn_relquest,0.0,"[5, 7]",10.0,5.392,1,1.0,341,third
Qx4467vm403jlivee4t75u7ylQ,learn_relquest,0.0,"[4, 6]",11.0,1.769,1,1.0,342,third
Qx4467vm403jlivee4t75u7ylQ,learn_relquest,0.0,"[1, 5]",12.0,4.965,1,1.0,343,third
Qx4467vm403jlivee4t75u7ylQ,learn_relquest,1.0,"[6, 7]",13.0,3.06,0,1.0,344,third
Qx4467vm403jlivee4t75u7ylQ,learn_relquest,1.0,"[1, 7]",14.0,1.511,0,1.0,345,third
Qx4467vm403jlivee4t75u7ylQ,learn_relquest,1.0,"[7, 0]",15.0,2.038,0,1.0,346,third
Qx4467vm403jlivee4t75u7ylQ,learn_relquest,1.0,"[7, 1]",16.0,2.092,0,1.0,347,third
Qx4467vm403jlivee4t75u7ylQ,learn_relquest,1.0,"[2, 6]",17.0,1.843,0,1.0,348,third
Qx4467vm403jlivee4t75u7ylQ,learn_relquest,0.0,"[5, 2]",18.0,4.709,1,1.0,349,third
Qx4467vm403jlivee4t75u7ylQ,learn_relquest,0.0,"[0, 1]",19.0,7.54,1,1.0,350,third
Qx4467vm403jlivee4t75u7ylQ,learn_relquest,1.0,"[0, 7]",20.0,2.043,0,1.0,351,third
Qx4467vm403jlivee4t75u7ylQ,learn_relquest,0.0,"[6, 4]",21.0,1.753,1,1.0,352,third
Qx4467vm403jlivee4t75u7ylQ,learn_relquest,0.0,"[7, 2]",22.0,7.634,1,1.0,353,third
Qx4467vm403jlivee4t75u7ylQ,learn_relquest,0.0,"[3, 2]",23.0,13.57,1,1.0,354,third
Qx4467vm403jlivee4t75u7ylQ,learn_relquest,1.0,"[1, 4]",24.0,1.81,0,1.0,355,third
Qx4467vm403jlivee4t75u7ylQ,learn_relquest,1.0,"[5, 3]",25.0,4.305,0,1.0,356,third
Qx4467vm403jlivee4t75u7ylQ,learn_relquest,1.0,"[4, 1]",26.0,1.16,0,1.0,357,third
Qx4467vm403jlivee4t75u7ylQ,learn_relquest,0.0,"[7, 3]",27.0,2.639,1,1.0,358,third
Qx4467vm403jlivee4t75u7ylQ,learn_relquest,1.0,"[7, 6]",0.0,5.485,0,1.0,445,fourth
Qx4467vm403jlivee4t75u7ylQ,learn_relquest,0.0,"[2, 3]",1.0,4.312,1,1.0,446,fourth
Qx4467vm403jlivee4t75u7ylQ,learn_relquest,1.0,"[4, 1]",2.0,1.923,0,1.0,447,fourth
Qx4467vm403jlivee4t75u7ylQ,learn_relquest,0.0,"[4, 3]",3.0,2.374,1,1.0,448,fourth
Qx4467vm403jlivee4t75u7ylQ,learn_relquest,0.0,"[4, 0]",4.0,1.807,1,1.0,449,fourth
Qx4467vm403jlivee4t75u7ylQ,learn_relquest,0.0,"[2, 4]",5.0,2.264,1,1.0,450,fourth
Qx4467vm403jlivee4t75u7ylQ,learn_relquest,1.0,"[5, 3]",6.0,2.884,0,1.0,451,fourth
Qx4467vm403jlivee4t75u7ylQ,learn_relquest,1.0,"[1, 7]",7.0,1.032,0,1.0,452,fourth
Qx4467vm403jlivee4t75u7ylQ,learn_relquest,1.0,"[0, 7]",8.0,1.796,0,1.0,453,fourth
Qx4467vm403jlivee4t75u7ylQ,learn_relquest,0.0,"[5, 7]",9.0,7.665,1,1.0,454,fourth
Qx4467vm403jlivee4t75u7ylQ,learn_relquest,0.0,"[1, 5]",10.0,5.722,1,1.0,455,fourth
Qx4467vm403jlivee4t75u7ylQ,learn_relquest,1.0,"[7, 0]",11.0,1.584,0,1.0,456,fourth
Qx4467vm403jlivee4t75u7ylQ,learn_relquest,1.0,"[6, 2]",12.0,1.917,0,1.0,457,fourth
Qx4467vm403jlivee4t75u7ylQ,learn_relquest,0.0,"[1, 2]",13.0,1.522,1,1.0,458,fourth
Qx4467vm403jlivee4t75u7ylQ,learn_relquest,0.0,"[0, 1]",14.0,8.77,1,1.0,459,fourth
Qx4467vm403jlivee4t75u7ylQ,learn_relquest,0.0,"[0, 5]",15.0,13.224,1,1.0,460,fourth
Qx4467vm403jlivee4t75u7ylQ,learn_relquest,1.0,"[5, 6]",16.0,1.394,0,1.0,461,fourth
Qx4467vm403jlivee4t75u7ylQ,learn_relquest,0.0,"[1, 3]",17.0,10.252,1,1.0,462,fourth
Qx4467vm403jlivee4t75u7ylQ,learn_relquest,1.0,"[6, 5]",18.0,2.613,0,1.0,463,fourth
Qx4467vm403jlivee4t75u7ylQ,learn_relquest,1.0,"[1, 4]",19.0,1.159,0,1.0,464,fourth
Qx4467vm403jlivee4t75u7ylQ,learn_relquest,1.0,"[2, 6]",20.0,1.377,0,1.0,465,fourth
Qx4467vm403jlivee4t75u7ylQ,learn_relquest,1.0,"[6, 7]",21.0,1.538,0,1.0,466,fourth
Qx4467vm403jlivee4t75u7ylQ,learn_relquest,0.0,"[0, 2]",22.0,4.136,1,1.0,467,fourth
Qx4467vm403jlivee4t75u7ylQ,learn_relquest,0.0,"[2, 0]",23.0,2.877,1,1.0,468,fourth
Qx4467vm403jlivee4t75u7ylQ,learn_relquest,1.0,"[7, 1]",24.0,1.046,0,1.0,469,fourth
Qx4467vm403jlivee4t75u7ylQ,learn_relquest,0.0,"[3, 2]",25.0,2.125,1,1.0,470,fourth
Qx4467vm403jlivee4t75u7ylQ,learn_relquest,1.0,"[3, 5]",26.0,1.239,0,1.0,471,fourth
Qx4467vm403jlivee4t75u7ylQ,learn_relquest,0.0,"[2, 1]",27.0,1.688,1,1.0,472,fourth
Qx4467vm403jlivee4t75u7ylQ,learn_relquest,1.0,"[7, 1]",0.0,3.451,0,1.0,559,fifth
Qx4467vm403jlivee4t75u7ylQ,learn_relquest,0.0,"[2, 5]",1.0,2.116,1,1.0,560,fifth
Qx4467vm403jlivee4t75u7ylQ,learn_relquest,0.0,"[1, 6]",2.0,4.864,1,1.0,561,fifth
Qx4467vm403jlivee4t75u7ylQ,learn_relquest,1.0,"[7, 6]",3.0,9.506,0,1.0,562,fifth
Qx4467vm403jlivee4t75u7ylQ,learn_relquest,0.0,"[4, 6]",4.0,1.364,1,1.0,563,fifth
Qx4467vm403jlivee4t75u7ylQ,learn_relquest,0.0,"[2, 7]",5.0,4.14,1,1.0,564,fifth
Qx4467vm403jlivee4t75u7ylQ,learn_relquest,0.0,"[4, 3]",6.0,2.283,1,1.0,565,fifth
Qx4467vm403jlivee4t75u7ylQ,learn_relquest,1.0,"[6, 2]",7.0,2.252,0,1.0,566,fifth
Qx4467vm403jlivee4t75u7ylQ,learn_relquest,0.0,"[5, 7]",8.0,5.094,1,1.0,567,fifth
Qx4467vm403jlivee4t75u7ylQ,learn_relquest,0.0,"[7, 3]",9.0,8.143,1,1.0,568,fifth
Qx4467vm403jlivee4t75u7ylQ,learn_relquest,1.0,"[2, 6]",10.0,1.192,0,1.0,569,fifth
Qx4467vm403jlivee4t75u7ylQ,learn_relquest,1.0,"[1, 4]",11.0,1.284,0,1.0,570,fifth
Qx4467vm403jlivee4t75u7ylQ,learn_relquest,0.0,"[4, 5]",12.0,2.053,1,1.0,571,fifth
Qx4467vm403jlivee4t75u7ylQ,learn_relquest,0.0,"[0, 1]",13.0,9.495,1,1.0,572,fifth
Qx4467vm403jlivee4t75u7ylQ,learn_relquest,1.0,"[7, 0]",14.0,1.36,0,1.0,573,fifth
Qx4467vm403jlivee4t75u7ylQ,learn_relquest,0.0,"[5, 2]",15.0,1.784,1,1.0,574,fifth
Qx4467vm403jlivee4t75u7ylQ,learn_relquest,1.0,"[4, 1]",16.0,1.348,0,1.0,575,fifth
Qx4467vm403jlivee4t75u7ylQ,learn_relquest,0.0,"[6, 1]",17.0,10.086,1,1.0,576,fifth
Qx4467vm403jlivee4t75u7ylQ,learn_relquest,0.0,"[0, 4]",18.0,2.185,1,1.0,577,fifth
Qx4467vm403jlivee4t75u7ylQ,learn_relquest,1.0,"[5, 6]",19.0,1.736,0,1.0,578,fifth
Qx4467vm403jlivee4t75u7ylQ,learn_relquest,1.0,"[5, 3]",20.0,2.316,0,1.0,579,fifth
Qx4467vm403jlivee4t75u7ylQ,learn_relquest,0.0,"[3, 1]",21.0,2.187,1,1.0,580,fifth
Qx4467vm403jlivee4t75u7ylQ,learn_relquest,1.0,"[3, 5]",22.0,1.332,0,1.0,581,fifth
Qx4467vm403jlivee4t75u7ylQ,learn_relquest,1.0,"[6, 5]",23.0,4.798,0,1.0,582,fifth
Qx4467vm403jlivee4t75u7ylQ,learn_relquest,1.0,"[6, 7]",24.0,4.945,1,0.0,583,fifth
Qx4467vm403jlivee4t75u7ylQ,learn_relquest,1.0,"[1, 7]",25.0,3.689,0,1.0,584,fifth
Qx4467vm403jlivee4t75u7ylQ,learn_relquest,1.0,"[0, 7]",26.0,1.267,0,1.0,585,fifth
Qx4467vm403jlivee4t75u7ylQ,learn_relquest,0.0,"[4, 0]",27.0,1.31,1,1.0,586,fifth
Q33kcoknrhp0bgemxdi8iz75bQ,learn_relquest,0.0,"[7, 4]",0.0,15.112,1,1.0,101,first
Q33kcoknrhp0bgemxdi8iz75bQ,learn_relquest,1.0,"[1, 7]",1.0,1.993,0,1.0,102,first
Q33kcoknrhp0bgemxdi8iz75bQ,learn_relquest,0.0,"[3, 4]",2.0,2.78,0,0.0,103,first
Q33kcoknrhp0bgemxdi8iz75bQ,learn_relquest,0.0,"[7, 2]",3.0,2.381,0,0.0,104,first
Q33kcoknrhp0bgemxdi8iz75bQ,learn_relquest,0.0,"[2, 1]",4.0,1.468,0,0.0,105,first
Q33kcoknrhp0bgemxdi8iz75bQ,learn_relquest,1.0,"[3, 5]",5.0,1.055,0,1.0,106,first
Q33kcoknrhp0bgemxdi8iz75bQ,learn_relquest,0.0,"[3, 6]",6.0,1.353,0,0.0,107,first
Q33kcoknrhp0bgemxdi8iz75bQ,learn_relquest,0.0,"[0, 4]",7.0,4.379,0,0.0,108,first
Q33kcoknrhp0bgemxdi8iz75bQ,learn_relquest,1.0,"[5, 3]",8.0,1.289,0,1.0,109,first
Q33kcoknrhp0bgemxdi8iz75bQ,learn_relquest,1.0,"[2, 6]",9.0,1.105,0,1.0,110,first
Q33kcoknrhp0bgemxdi8iz75bQ,learn_relquest,1.0,"[6, 5]",10.0,1.257,0,1.0,111,first
Q33kcoknrhp0bgemxdi8iz75bQ,learn_relquest,0.0,"[0, 1]",11.0,2.731,0,0.0,112,first
Q33kcoknrhp0bgemxdi8iz75bQ,learn_relquest,1.0,"[7, 6]",12.0,1.216,0,1.0,113,first
Q33kcoknrhp0bgemxdi8iz75bQ,learn_relquest,1.0,"[7, 0]",13.0,1.278,0,1.0,114,first
Q33kcoknrhp0bgemxdi8iz75bQ,learn_relquest,0.0,"[4, 2]",14.0,1.737,0,0.0,115,first
Q33kcoknrhp0bgemxdi8iz75bQ,learn_relquest,1.0,"[6, 2]",15.0,1.333,0,1.0,116,first
Q33kcoknrhp0bgemxdi8iz75bQ,learn_relquest,0.0,"[0, 2]",16.0,0.949,0,0.0,117,first
Q33kcoknrhp0bgemxdi8iz75bQ,learn_relquest,1.0,"[0, 7]",17.0,1.985,0,1.0,118,first
Q33kcoknrhp0bgemxdi8iz75bQ,learn_relquest,1.0,"[4, 1]",18.0,3.465,0,1.0,119,first
Q33kcoknrhp0bgemxdi8iz75bQ,learn_relquest,0.0,"[1, 6]",19.0,1.037,0,0.0,120,first
Q33kcoknrhp0bgemxdi8iz75bQ,learn_relquest,0.0,"[5, 0]",20.0,0.911,0,0.0,121,first
Q33kcoknrhp0bgemxdi8iz75bQ,learn_relquest,1.0,"[5, 6]",21.0,0.773,0,1.0,122,first
Q33kcoknrhp0bgemxdi8iz75bQ,learn_relquest,0.0,"[2, 3]",22.0,1.1,0,0.0,123,first
Q33kcoknrhp0bgemxdi8iz75bQ,learn_relquest,0.0,"[2, 5]",23.0,1.421,1,1.0,124,first
Q33kcoknrhp0bgemxdi8iz75bQ,learn_relquest,1.0,"[6, 7]",24.0,1.897,0,1.0,125,first
Q33kcoknrhp0bgemxdi8iz75bQ,learn_relquest,1.0,"[7, 1]",25.0,2.911,0,1.0,126,first
Q33kcoknrhp0bgemxdi8iz75bQ,learn_relquest,0.0,"[1, 5]",26.0,1.717,0,0.0,127,first
Q33kcoknrhp0bgemxdi8iz75bQ,learn_relquest,1.0,"[1, 4]",27.0,1.784,0,1.0,128,first
Q33kcoknrhp0bgemxdi8iz75bQ,learn_relquest,0.0,"[0, 6]",0.0,2.865,1,1.0,217,second
Q33kcoknrhp0bgemxdi8iz75bQ,learn_relquest,1.0,"[3, 5]",1.0,1.323,0,1.0,218,second
Q33kcoknrhp0bgemxdi8iz75bQ,learn_relquest,1.0,"[2, 6]",2.0,28.618,1,0.0,219,second
Q33kcoknrhp0bgemxdi8iz75bQ,learn_relquest,1.0,"[1, 7]",3.0,13.361,1,0.0,220,second
Q33kcoknrhp0bgemxdi8iz75bQ,learn_relquest,0.0,"[5, 2]",4.0,1.983,1,1.0,221,second
Q33kcoknrhp0bgemxdi8iz75bQ,learn_relquest,1.0,"[5, 6]",5.0,12.997,1,0.0,222,second
Q33kcoknrhp0bgemxdi8iz75bQ,learn_relquest,1.0,"[7, 1]",6.0,1.56,0,1.0,223,second
Q33kcoknrhp0bgemxdi8iz75bQ,learn_relquest,1.0,"[1, 4]",7.0,10.855,0,1.0,224,second
Q33kcoknrhp0bgemxdi8iz75bQ,learn_relquest,1.0,"[6, 2]",8.0,1.915,0,1.0,225,second
Q33kcoknrhp0bgemxdi8iz75bQ,learn_relquest,0.0,"[1, 3]",9.0,3.2,1,1.0,226,second
Q33kcoknrhp0bgemxdi8iz75bQ,learn_relquest,0.0,"[3, 4]",10.0,9.256,1,1.0,227,second
Q33kcoknrhp0bgemxdi8iz75bQ,learn_relquest,1.0,"[5, 3]",11.0,0.927,0,1.0,228,second
Q33kcoknrhp0bgemxdi8iz75bQ,learn_relquest,1.0,"[6, 7]",12.0,1.501,0,1.0,229,second
Q33kcoknrhp0bgemxdi8iz75bQ,learn_relquest,0.0,"[3, 7]",13.0,1.669,0,0.0,230,second
Q33kcoknrhp0bgemxdi8iz75bQ,learn_relquest,0.0,"[6, 1]",14.0,2.581,1,1.0,231,second
Q33kcoknrhp0bgemxdi8iz75bQ,learn_relquest,1.0,"[4, 1]",15.0,1.518,0,1.0,232,second
Q33kcoknrhp0bgemxdi8iz75bQ,learn_relquest,1.0,"[7, 6]",16.0,1.61,0,1.0,233,second
Q33kcoknrhp0bgemxdi8iz75bQ,learn_relquest,0.0,"[2, 0]",17.0,1.324,0,0.0,234,second
Q33kcoknrhp0bgemxdi8iz75bQ,learn_relquest,0.0,"[7, 2]",18.0,0.869,0,0.0,235,second
Q33kcoknrhp0bgemxdi8iz75bQ,learn_relquest,0.0,"[5, 0]",19.0,2.073,0,0.0,236,second
Q33kcoknrhp0bgemxdi8iz75bQ,learn_relquest,1.0,"[0, 7]",20.0,1.383,0,1.0,237,second
Q33kcoknrhp0bgemxdi8iz75bQ,learn_relquest,0.0,"[4, 2]",21.0,1.813,0,0.0,238,second
Q33kcoknrhp0bgemxdi8iz75bQ,learn_relquest,0.0,"[1, 2]",22.0,1.641,0,0.0,239,second
Q33kcoknrhp0bgemxdi8iz75bQ,learn_relquest,1.0,"[6, 5]",23.0,2.866,0,1.0,240,second
Q33kcoknrhp0bgemxdi8iz75bQ,learn_relquest,0.0,"[3, 2]",24.0,0.955,0,0.0,241,second
Q33kcoknrhp0bgemxdi8iz75bQ,learn_relquest,0.0,"[0, 1]",25.0,1.168,0,0.0,242,second
Q33kcoknrhp0bgemxdi8iz75bQ,learn_relquest,1.0,"[7, 0]",26.0,1.116,0,1.0,243,second
Q33kcoknrhp0bgemxdi8iz75bQ,learn_relquest,0.0,"[6, 0]",27.0,1.19,1,1.0,244,second
Q33kcoknrhp0bgemxdi8iz75bQ,learn_relquest,0.0,"[1, 5]",0.0,3.445,1,1.0,331,third
Q33kcoknrhp0bgemxdi8iz75bQ,learn_relquest,0.0,"[5, 4]",1.0,3.496,1,1.0,332,third
Q33kcoknrhp0bgemxdi8iz75bQ,learn_relquest,1.0,"[2, 6]",2.0,5.293,1,0.0,333,third
Q33kcoknrhp0bgemxdi8iz75bQ,learn_relquest,0.0,"[3, 1]",3.0,6.183,1,1.0,334,third
Q33kcoknrhp0bgemxdi8iz75bQ,learn_relquest,1.0,"[5, 6]",4.0,1.024,0,1.0,335,third
Q33kcoknrhp0bgemxdi8iz75bQ,learn_relquest,0.0,"[0, 2]",5.0,3.296,1,1.0,336,third
Q33kcoknrhp0bgemxdi8iz75bQ,learn_relquest,0.0,"[5, 2]",6.0,1.277,1,1.0,337,third
Q33kcoknrhp0bgemxdi8iz75bQ,learn_relquest,1.0,"[7, 6]",7.0,3.833,0,1.0,338,third
Q33kcoknrhp0bgemxdi8iz75bQ,learn_relquest,1.0,"[6, 2]",8.0,2.094,0,1.0,339,third
Q33kcoknrhp0bgemxdi8iz75bQ,learn_relquest,0.0,"[4, 2]",9.0,0.828,0,0.0,340,third
Q33kcoknrhp0bgemxdi8iz75bQ,learn_relquest,0.0,"[0, 4]",10.0,1.4,0,0.0,341,third
Q33kcoknrhp0bgemxdi8iz75bQ,learn_relquest,1.0,"[1, 7]",11.0,2.733,0,1.0,342,third
Q33kcoknrhp0bgemxdi8iz75bQ,learn_relquest,1.0,"[0, 7]",12.0,1.672,0,1.0,343,third
Q33kcoknrhp0bgemxdi8iz75bQ,learn_relquest,0.0,"[1, 0]",13.0,1.393,0,0.0,344,third
Q33kcoknrhp0bgemxdi8iz75bQ,learn_relquest,1.0,"[3, 5]",14.0,1.308,0,1.0,345,third
Q33kcoknrhp0bgemxdi8iz75bQ,learn_relquest,0.0,"[3, 7]",15.0,1.206,0,0.0,346,third
Q33kcoknrhp0bgemxdi8iz75bQ,learn_relquest,1.0,"[6, 5]",16.0,0.796,0,1.0,347,third
Q33kcoknrhp0bgemxdi8iz75bQ,learn_relquest,1.0,"[4, 1]",17.0,0.925,0,1.0,348,third
Q33kcoknrhp0bgemxdi8iz75bQ,learn_relquest,1.0,"[7, 0]",18.0,1.283,0,1.0,349,third
Q33kcoknrhp0bgemxdi8iz75bQ,learn_relquest,1.0,"[7, 1]",19.0,2.262,0,1.0,350,third
Q33kcoknrhp0bgemxdi8iz75bQ,learn_relquest,0.0,"[7, 3]",20.0,2.508,1,1.0,351,third
Q33kcoknrhp0bgemxdi8iz75bQ,learn_relquest,0.0,"[2, 3]",21.0,1.448,0,0.0,352,third
Q33kcoknrhp0bgemxdi8iz75bQ,learn_relquest,1.0,"[6, 7]",22.0,1.991,0,1.0,353,third
Q33kcoknrhp0bgemxdi8iz75bQ,learn_relquest,1.0,"[5, 3]",23.0,2.364,0,1.0,354,third
Q33kcoknrhp0bgemxdi8iz75bQ,learn_relquest,1.0,"[1, 4]",24.0,5.011,0,1.0,355,third
Q33kcoknrhp0bgemxdi8iz75bQ,learn_relquest,0.0,"[7, 5]",25.0,2.437,1,1.0,356,third
Q33kcoknrhp0bgemxdi8iz75bQ,learn_relquest,0.0,"[5, 1]",26.0,2.046,1,1.0,357,third
Q33kcoknrhp0bgemxdi8iz75bQ,learn_relquest,0.0,"[1, 6]",27.0,2.557,1,1.0,358,third
Q33kcoknrhp0bgemxdi8iz75bQ,learn_relquest,1.0,"[7, 6]",0.0,6.111,1,0.0,445,fourth
Q33kcoknrhp0bgemxdi8iz75bQ,learn_relquest,0.0,"[3, 7]",1.0,1.745,1,1.0,446,fourth
Q33kcoknrhp0bgemxdi8iz75bQ,learn_relquest,1.0,"[1, 4]",2.0,2.333,1,0.0,447,fourth
Q33kcoknrhp0bgemxdi8iz75bQ,learn_relquest,1.0,"[2, 6]",3.0,3.221,1,0.0,448,fourth
Q33kcoknrhp0bgemxdi8iz75bQ,learn_relquest,0.0,"[1, 2]",4.0,1.541,1,1.0,449,fourth
Q33kcoknrhp0bgemxdi8iz75bQ,learn_relquest,0.0,"[0, 2]",5.0,3.022,1,1.0,450,fourth
Q33kcoknrhp0bgemxdi8iz75bQ,learn_relquest,1.0,"[6, 7]",6.0,2.13,1,0.0,451,fourth
Q33kcoknrhp0bgemxdi8iz75bQ,learn_relquest,0.0,"[2, 0]",7.0,1.586,1,1.0,452,fourth
Q33kcoknrhp0bgemxdi8iz75bQ,learn_relquest,0.0,"[3, 6]",8.0,2.615,0,0.0,453,fourth
Q33kcoknrhp0bgemxdi8iz75bQ,learn_relquest,0.0,"[2, 7]",9.0,1.925,1,1.0,454,fourth
Q33kcoknrhp0bgemxdi8iz75bQ,learn_relquest,0.0,"[0, 5]",10.0,3.363,0,0.0,455,fourth
Q33kcoknrhp0bgemxdi8iz75bQ,learn_relquest,0.0,"[3, 2]",11.0,3.436,1,1.0,456,fourth
Q33kcoknrhp0bgemxdi8iz75bQ,learn_relquest,1.0,"[6, 2]",12.0,1.578,0,1.0,457,fourth
Q33kcoknrhp0bgemxdi8iz75bQ,learn_relquest,1.0,"[7, 0]",13.0,2.109,1,0.0,458,fourth
Q33kcoknrhp0bgemxdi8iz75bQ,learn_relquest,0.0,"[6, 4]",14.0,4.921,1,1.0,459,fourth
Q33kcoknrhp0bgemxdi8iz75bQ,learn_relquest,0.0,"[0, 6]",15.0,1.221,1,1.0,460,fourth
Q33kcoknrhp0bgemxdi8iz75bQ,learn_relquest,1.0,"[5, 3]",16.0,1.94,0,1.0,461,fourth
Q33kcoknrhp0bgemxdi8iz75bQ,learn_relquest,0.0,"[3, 0]",17.0,1.741,0,0.0,462,fourth
Q33kcoknrhp0bgemxdi8iz75bQ,learn_relquest,0.0,"[4, 6]",18.0,3.121,0,0.0,463,fourth
Q33kcoknrhp0bgemxdi8iz75bQ,learn_relquest,1.0,"[0, 7]",19.0,2.676,0,1.0,464,fourth
Q33kcoknrhp0bgemxdi8iz75bQ,learn_relquest,1.0,"[3, 5]",20.0,1.46,0,1.0,465,fourth
Q33kcoknrhp0bgemxdi8iz75bQ,learn_relquest,1.0,"[1, 7]",21.0,2.121,0,1.0,466,fourth
Q33kcoknrhp0bgemxdi8iz75bQ,learn_relquest,1.0,"[4, 1]",22.0,1.304,0,1.0,467,fourth
Q33kcoknrhp0bgemxdi8iz75bQ,learn_relquest,1.0,"[6, 5]",23.0,1.361,0,1.0,468,fourth
Q33kcoknrhp0bgemxdi8iz75bQ,learn_relquest,0.0,"[0, 4]",24.0,1.97,1,1.0,469,fourth
Q33kcoknrhp0bgemxdi8iz75bQ,learn_relquest,0.0,"[5, 4]",25.0,1.832,1,1.0,470,fourth
Q33kcoknrhp0bgemxdi8iz75bQ,learn_relquest,1.0,"[5, 6]",26.0,0.848,0,1.0,471,fourth
Q33kcoknrhp0bgemxdi8iz75bQ,learn_relquest,1.0,"[7, 1]",27.0,1.309,0,1.0,472,fourth
Q33kcoknrhp0bgemxdi8iz75bQ,learn_relquest,1.0,"[0, 7]",0.0,3.196,1,0.0,559,fifth
Q33kcoknrhp0bgemxdi8iz75bQ,learn_relquest,0.0,"[5, 7]",1.0,1.811,1,1.0,560,fifth
Q33kcoknrhp0bgemxdi8iz75bQ,learn_relquest,1.0,"[7, 0]",2.0,2.349,1,0.0,561,fifth
Q33kcoknrhp0bgemxdi8iz75bQ,learn_relquest,1.0,"[6, 5]",3.0,0.997,0,1.0,562,fifth
Q33kcoknrhp0bgemxdi8iz75bQ,learn_relquest,1.0,"[1, 4]",4.0,2.185,0,1.0,563,fifth
Q33kcoknrhp0bgemxdi8iz75bQ,learn_relquest,1.0,"[4, 1]",5.0,1.167,0,1.0,564,fifth
Q33kcoknrhp0bgemxdi8iz75bQ,learn_relquest,0.0,"[3, 1]",6.0,1.398,1,1.0,565,fifth
Q33kcoknrhp0bgemxdi8iz75bQ,learn_relquest,0.0,"[6, 0]",7.0,0.957,1,1.0,566,fifth
Q33kcoknrhp0bgemxdi8iz75bQ,learn_relquest,0.0,"[3, 2]",8.0,1.973,1,1.0,567,fifth
Q33kcoknrhp0bgemxdi8iz75bQ,learn_relquest,0.0,"[0, 6]",9.0,1.393,1,1.0,568,fifth
Q33kcoknrhp0bgemxdi8iz75bQ,learn_relquest,0.0,"[2, 3]",10.0,3.075,1,1.0,569,fifth
Q33kcoknrhp0bgemxdi8iz75bQ,learn_relquest,1.0,"[7, 1]",11.0,1.848,0,1.0,570,fifth
Q33kcoknrhp0bgemxdi8iz75bQ,learn_relquest,1.0,"[3, 5]",12.0,0.926,0,1.0,571,fifth
Q33kcoknrhp0bgemxdi8iz75bQ,learn_relquest,0.0,"[1, 5]",13.0,2.463,1,1.0,572,fifth
Q33kcoknrhp0bgemxdi8iz75bQ,learn_relquest,0.0,"[0, 5]",14.0,1.293,0,0.0,573,fifth
Q33kcoknrhp0bgemxdi8iz75bQ,learn_relquest,0.0,"[7, 3]",15.0,2.194,0,0.0,574,fifth
Q33kcoknrhp0bgemxdi8iz75bQ,learn_relquest,0.0,"[5, 1]",16.0,2.875,1,1.0,575,fifth
Q33kcoknrhp0bgemxdi8iz75bQ,learn_relquest,0.0,"[4, 3]",17.0,1.216,0,0.0,576,fifth
Q33kcoknrhp0bgemxdi8iz75bQ,learn_relquest,0.0,"[7, 4]",18.0,2.062,1,1.0,577,fifth
Q33kcoknrhp0bgemxdi8iz75bQ,learn_relquest,1.0,"[7, 6]",19.0,2.414,0,1.0,578,fifth
Q33kcoknrhp0bgemxdi8iz75bQ,learn_relquest,1.0,"[2, 6]",20.0,2.023,0,1.0,579,fifth
Q33kcoknrhp0bgemxdi8iz75bQ,learn_relquest,1.0,"[1, 7]",21.0,1.868,0,1.0,580,fifth
Q33kcoknrhp0bgemxdi8iz75bQ,learn_relquest,1.0,"[5, 6]",22.0,1.343,0,1.0,581,fifth
Q33kcoknrhp0bgemxdi8iz75bQ,learn_relquest,0.0,"[3, 4]",23.0,1.52,1,1.0,582,fifth
Q33kcoknrhp0bgemxdi8iz75bQ,learn_relquest,0.0,"[2, 7]",24.0,1.566,1,1.0,583,fifth
Q33kcoknrhp0bgemxdi8iz75bQ,learn_relquest,1.0,"[5, 3]",25.0,1.721,0,1.0,584,fifth
Q33kcoknrhp0bgemxdi8iz75bQ,learn_relquest,1.0,"[6, 2]",26.0,4.321,0,1.0,585,fifth
Q33kcoknrhp0bgemxdi8iz75bQ,learn_relquest,1.0,"[6, 7]",27.0,2.137,0,1.0,586,fifth
