subject_id,trial_name,known_learnrelquest,pair_learnrelquest,trial_ind_learnrelquest,rt_learnrelquest,response_learnrelquest,acc_learnrelquest,trial_index,type
Qezcwpkbg4ltoh1iznaextib5Q,learn_relquest,1.0,"[7, 1]",0.0,3.819,1,0.0,99,first
Qezcwpkbg4ltoh1iznaextib5Q,learn_relquest,0.0,"[4, 5]",1.0,4.924,1,1.0,100,first
Qezcwpkbg4ltoh1iznaextib5Q,learn_relquest,1.0,"[5, 6]",2.0,1.631,0,1.0,101,first
Qezcwpkbg4ltoh1iznaextib5Q,learn_relquest,0.0,"[5, 4]",3.0,1.256,0,0.0,102,first
Qezcwpkbg4ltoh1iznaextib5Q,learn_relquest,0.0,"[4, 2]",4.0,1.731,1,1.0,103,first
Qezcwpkbg4ltoh1iznaextib5Q,learn_relquest,1.0,"[2, 6]",5.0,1.853,0,1.0,104,first
Qezcwpkbg4ltoh1iznaextib5Q,learn_relquest,1.0,"[1, 4]",6.0,1.333,0,1.0,105,first
Qezcwpkbg4ltoh1iznaextib5Q,learn_relquest,0.0,"[1, 3]",7.0,1.653,1,1.0,106,first
Qezcwpkbg4ltoh1iznaextib5Q,learn_relquest,1.0,"[3, 5]",8.0,2.837,0,1.0,107,first
Qezcwpkbg4ltoh1iznaextib5Q,learn_relquest,0.0,"[3, 4]",9.0,1.347,0,0.0,108,first
Qezcwpkbg4ltoh1iznaextib5Q,learn_relquest,0.0,"[0, 6]",10.0,1.824,1,1.0,109,first
Qezcwpkbg4ltoh1iznaextib5Q,learn_relquest,0.0,"[0, 3]",11.0,1.113,1,1.0,110,first
Qezcwpkbg4ltoh1iznaextib5Q,learn_relquest,0.0,"[6, 3]",12.0,1.131,1,1.0,111,first
Qezcwpkbg4ltoh1iznaextib5Q,learn_relquest,1.0,"[4, 1]",13.0,1.484,0,1.0,112,first
Qezcwpkbg4ltoh1iznaextib5Q,learn_relquest,1.0,"[6, 2]",14.0,2.437,1,0.0,113,first
Qezcwpkbg4ltoh1iznaextib5Q,learn_relquest,1.0,"[0, 7]",15.0,1.07,1,0.0,114,first
Qezcwpkbg4ltoh1iznaextib5Q,learn_relquest,1.0,"[1, 7]",16.0,2.974,0,1.0,115,first
Qezcwpkbg4ltoh1iznaextib5Q,learn_relquest,0.0,"[1, 0]",17.0,1.361,1,1.0,116,first
Qezcwpkbg4ltoh1iznaextib5Q,learn_relquest,0.0,"[1, 6]",18.0,1.269,1,1.0,117,first
Qezcwpkbg4ltoh1iznaextib5Q,learn_relquest,1.0,"[7, 0]",19.0,1.016,1,0.0,118,first
Qezcwpkbg4ltoh1iznaextib5Q,learn_relquest,0.0,"[1, 5]",20.0,1.687,1,1.0,119,first
Qezcwpkbg4ltoh1iznaextib5Q,learn_relquest,0.0,"[5, 7]",21.0,1.215,1,1.0,120,first
Qezcwpkbg4ltoh1iznaextib5Q,learn_relquest,0.0,"[4, 3]",22.0,2.938,0,0.0,121,first
Qezcwpkbg4ltoh1iznaextib5Q,learn_relquest,0.0,"[0, 4]",23.0,1.505,1,1.0,122,first
Qezcwpkbg4ltoh1iznaextib5Q,learn_relquest,1.0,"[5, 3]",24.0,1.548,0,1.0,123,first
Qezcwpkbg4ltoh1iznaextib5Q,learn_relquest,1.0,"[7, 6]",25.0,1.469,0,1.0,124,first
Qezcwpkbg4ltoh1iznaextib5Q,learn_relquest,1.0,"[6, 5]",26.0,1.045,0,1.0,125,first
Qezcwpkbg4ltoh1iznaextib5Q,learn_relquest,1.0,"[6, 7]",27.0,1.131,0,1.0,126,first
Qezcwpkbg4ltoh1iznaextib5Q,learn_relquest,0.0,"[2, 0]",0.0,3.974,0,0.0,213,second
Qezcwpkbg4ltoh1iznaextib5Q,learn_relquest,0.0,"[2, 1]",1.0,1.8,1,1.0,214,second
Qezcwpkbg4ltoh1iznaextib5Q,learn_relquest,0.0,"[0, 1]",2.0,1.285,1,1.0,215,second
Qezcwpkbg4ltoh1iznaextib5Q,learn_relquest,0.0,"[4, 6]",3.0,1.4,0,0.0,216,second
Qezcwpkbg4ltoh1iznaextib5Q,learn_relquest,1.0,"[7, 1]",4.0,0.912,0,1.0,217,second
Qezcwpkbg4ltoh1iznaextib5Q,learn_relquest,1.0,"[5, 6]",5.0,1.085,0,1.0,218,second
Qezcwpkbg4ltoh1iznaextib5Q,learn_relquest,0.0,"[1, 0]",6.0,1.133,0,0.0,219,second
Qezcwpkbg4ltoh1iznaextib5Q,learn_relquest,0.0,"[1, 6]",7.0,0.968,0,0.0,220,second
Qezcwpkbg4ltoh1iznaextib5Q,learn_relquest,0.0,"[3, 0]",8.0,2.105,1,1.0,221,second
Qezcwpkbg4ltoh1iznaextib5Q,learn_relquest,1.0,"[6, 5]",9.0,1.2,0,1.0,222,second
Qezcwpkbg4ltoh1iznaextib5Q,learn_relquest,1.0,"[7, 0]",10.0,0.96,0,1.0,223,second
Qezcwpkbg4ltoh1iznaextib5Q,learn_relquest,0.0,"[4, 0]",11.0,1.938,1,1.0,224,second
Qezcwpkbg4ltoh1iznaextib5Q,learn_relquest,0.0,"[7, 5]",12.0,1.076,1,1.0,225,second
Qezcwpkbg4ltoh1iznaextib5Q,learn_relquest,0.0,"[3, 1]",13.0,1.224,0,0.0,226,second
Qezcwpkbg4ltoh1iznaextib5Q,learn_relquest,0.0,"[5, 7]",14.0,1.547,1,1.0,227,second
Qezcwpkbg4ltoh1iznaextib5Q,learn_relquest,1.0,"[7, 6]",15.0,1.026,0,1.0,228,second
Qezcwpkbg4ltoh1iznaextib5Q,learn_relquest,0.0,"[1, 3]",16.0,1.098,0,0.0,229,second
Qezcwpkbg4ltoh1iznaextib5Q,learn_relquest,1.0,"[5, 3]",17.0,0.821,0,1.0,230,second
Qezcwpkbg4ltoh1iznaextib5Q,learn_relquest,0.0,"[3, 2]",18.0,1.364,0,0.0,231,second
Qezcwpkbg4ltoh1iznaextib5Q,learn_relquest,1.0,"[4, 1]",19.0,0.967,0,1.0,232,second
Qezcwpkbg4ltoh1iznaextib5Q,learn_relquest,1.0,"[6, 7]",20.0,0.999,0,1.0,233,second
Qezcwpkbg4ltoh1iznaextib5Q,learn_relquest,1.0,"[6, 2]",21.0,0.799,0,1.0,234,second
Qezcwpkbg4ltoh1iznaextib5Q,learn_relquest,1.0,"[3, 5]",22.0,0.881,0,1.0,235,second
Qezcwpkbg4ltoh1iznaextib5Q,learn_relquest,1.0,"[1, 7]",23.0,1.148,0,1.0,236,second
Qezcwpkbg4ltoh1iznaextib5Q,learn_relquest,1.0,"[2, 6]",24.0,1.036,0,1.0,237,second
Qezcwpkbg4ltoh1iznaextib5Q,learn_relquest,0.0,"[0, 6]",25.0,2.249,0,0.0,238,second
Qezcwpkbg4ltoh1iznaextib5Q,learn_relquest,1.0,"[1, 4]",26.0,0.914,0,1.0,239,second
Qezcwpkbg4ltoh1iznaextib5Q,learn_relquest,1.0,"[0, 7]",27.0,1.283,0,1.0,240,second
Qezcwpkbg4ltoh1iznaextib5Q,learn_relquest,0.0,"[0, 5]",0.0,2.199,0,0.0,327,third
Qezcwpkbg4ltoh1iznaextib5Q,learn_relquest,1.0,"[1, 7]",1.0,5.904,0,1.0,328,third
Qezcwpkbg4ltoh1iznaextib5Q,learn_relquest,1.0,"[7, 6]",2.0,0.844,0,1.0,329,third
Qezcwpkbg4ltoh1iznaextib5Q,learn_relquest,0.0,"[2, 0]",3.0,1.416,1,1.0,330,third
Qezcwpkbg4ltoh1iznaextib5Q,learn_relquest,0.0,"[6, 4]",4.0,1.451,0,0.0,331,third
Qezcwpkbg4ltoh1iznaextib5Q,learn_relquest,1.0,"[2, 6]",5.0,0.93,0,1.0,332,third
Qezcwpkbg4ltoh1iznaextib5Q,learn_relquest,1.0,"[5, 3]",6.0,0.865,0,1.0,333,third
Qezcwpkbg4ltoh1iznaextib5Q,learn_relquest,0.0,"[5, 1]",7.0,1.886,1,1.0,334,third
Qezcwpkbg4ltoh1iznaextib5Q,learn_relquest,1.0,"[7, 1]",8.0,1.33,0,1.0,335,third
Qezcwpkbg4ltoh1iznaextib5Q,learn_relquest,0.0,"[7, 4]",9.0,1.572,1,1.0,336,third
Qezcwpkbg4ltoh1iznaextib5Q,learn_relquest,1.0,"[7, 0]",10.0,1.362,0,1.0,337,third
Qezcwpkbg4ltoh1iznaextib5Q,learn_relquest,0.0,"[7, 2]",11.0,0.834,0,0.0,338,third
Qezcwpkbg4ltoh1iznaextib5Q,learn_relquest,0.0,"[6, 3]",12.0,0.814,0,0.0,339,third
Qezcwpkbg4ltoh1iznaextib5Q,learn_relquest,0.0,"[4, 0]",13.0,1.386,1,1.0,340,third
Qezcwpkbg4ltoh1iznaextib5Q,learn_relquest,1.0,"[1, 4]",14.0,0.916,0,1.0,341,third
Qezcwpkbg4ltoh1iznaextib5Q,learn_relquest,1.0,"[6, 5]",15.0,1.214,0,1.0,342,third
Qezcwpkbg4ltoh1iznaextib5Q,learn_relquest,0.0,"[2, 7]",16.0,2.593,1,1.0,343,third
Qezcwpkbg4ltoh1iznaextib5Q,learn_relquest,0.0,"[3, 4]",17.0,1.144,0,0.0,344,third
Qezcwpkbg4ltoh1iznaextib5Q,learn_relquest,0.0,"[3, 6]",18.0,1.367,1,1.0,345,third
Qezcwpkbg4ltoh1iznaextib5Q,learn_relquest,0.0,"[5, 0]",19.0,1.3,0,0.0,346,third
Qezcwpkbg4ltoh1iznaextib5Q,learn_relquest,1.0,"[0, 7]",20.0,0.929,0,1.0,347,third
Qezcwpkbg4ltoh1iznaextib5Q,learn_relquest,1.0,"[6, 7]",21.0,0.898,0,1.0,348,third
Qezcwpkbg4ltoh1iznaextib5Q,learn_relquest,0.0,"[0, 1]",22.0,1.152,0,0.0,349,third
Qezcwpkbg4ltoh1iznaextib5Q,learn_relquest,1.0,"[3, 5]",23.0,0.916,0,1.0,350,third
Qezcwpkbg4ltoh1iznaextib5Q,learn_relquest,0.0,"[1, 6]",24.0,1.015,0,0.0,351,third
Qezcwpkbg4ltoh1iznaextib5Q,learn_relquest,1.0,"[4, 1]",25.0,1.857,0,1.0,352,third
Qezcwpkbg4ltoh1iznaextib5Q,learn_relquest,1.0,"[6, 2]",26.0,1.464,1,0.0,353,third
Qezcwpkbg4ltoh1iznaextib5Q,learn_relquest,1.0,"[5, 6]",27.0,1.035,0,1.0,354,third
Qezcwpkbg4ltoh1iznaextib5Q,learn_relquest,0.0,"[4, 3]",0.0,2.755,1,1.0,441,fourth
Qezcwpkbg4ltoh1iznaextib5Q,learn_relquest,0.0,"[0, 6]",1.0,2.956,0,0.0,442,fourth
Qezcwpkbg4ltoh1iznaextib5Q,learn_relquest,1.0,"[1, 7]",2.0,2.391,0,1.0,443,fourth
Qezcwpkbg4ltoh1iznaextib5Q,learn_relquest,0.0,"[4, 5]",3.0,1.268,1,1.0,444,fourth
Qezcwpkbg4ltoh1iznaextib5Q,learn_relquest,0.0,"[1, 5]",4.0,1.566,1,1.0,445,fourth
Qezcwpkbg4ltoh1iznaextib5Q,learn_relquest,1.0,"[6, 7]",5.0,1.336,0,1.0,446,fourth
Qezcwpkbg4ltoh1iznaextib5Q,learn_relquest,1.0,"[5, 6]",6.0,0.963,0,1.0,447,fourth
Qezcwpkbg4ltoh1iznaextib5Q,learn_relquest,0.0,"[1, 6]",7.0,2.143,0,0.0,448,fourth
Qezcwpkbg4ltoh1iznaextib5Q,learn_relquest,0.0,"[4, 0]",8.0,2.382,1,1.0,449,fourth
Qezcwpkbg4ltoh1iznaextib5Q,learn_relquest,0.0,"[5, 2]",9.0,1.271,1,1.0,450,fourth
Qezcwpkbg4ltoh1iznaextib5Q,learn_relquest,1.0,"[0, 7]",10.0,1.716,0,1.0,451,fourth
Qezcwpkbg4ltoh1iznaextib5Q,learn_relquest,1.0,"[4, 1]",11.0,0.934,0,1.0,452,fourth
Qezcwpkbg4ltoh1iznaextib5Q,learn_relquest,1.0,"[7, 1]",12.0,1.263,0,1.0,453,fourth
Qezcwpkbg4ltoh1iznaextib5Q,learn_relquest,0.0,"[2, 3]",13.0,1.416,0,0.0,454,fourth
Qezcwpkbg4ltoh1iznaextib5Q,learn_relquest,0.0,"[7, 4]",14.0,1.657,1,1.0,455,fourth
Qezcwpkbg4ltoh1iznaextib5Q,learn_relquest,0.0,"[5, 0]",15.0,1.833,0,0.0,456,fourth
Qezcwpkbg4ltoh1iznaextib5Q,learn_relquest,0.0,"[5, 1]",16.0,0.999,0,0.0,457,fourth
Qezcwpkbg4ltoh1iznaextib5Q,learn_relquest,1.0,"[6, 2]",17.0,1.317,1,0.0,458,fourth
Qezcwpkbg4ltoh1iznaextib5Q,learn_relquest,1.0,"[3, 5]",18.0,1.122,0,1.0,459,fourth
Qezcwpkbg4ltoh1iznaextib5Q,learn_relquest,1.0,"[1, 4]",19.0,1.115,0,1.0,460,fourth
Qezcwpkbg4ltoh1iznaextib5Q,learn_relquest,1.0,"[5, 3]",20.0,0.896,0,1.0,461,fourth
Qezcwpkbg4ltoh1iznaextib5Q,learn_relquest,0.0,"[3, 4]",21.0,1.201,0,0.0,462,fourth
Qezcwpkbg4ltoh1iznaextib5Q,learn_relquest,1.0,"[6, 5]",22.0,1.132,0,1.0,463,fourth
Qezcwpkbg4ltoh1iznaextib5Q,learn_relquest,1.0,"[7, 6]",23.0,0.93,0,1.0,464,fourth
Qezcwpkbg4ltoh1iznaextib5Q,learn_relquest,0.0,"[2, 5]",24.0,2.357,1,1.0,465,fourth
Qezcwpkbg4ltoh1iznaextib5Q,learn_relquest,0.0,"[5, 7]",25.0,2.034,1,1.0,466,fourth
Qezcwpkbg4ltoh1iznaextib5Q,learn_relquest,1.0,"[7, 0]",26.0,1.871,0,1.0,467,fourth
Qezcwpkbg4ltoh1iznaextib5Q,learn_relquest,1.0,"[2, 6]",27.0,1.146,0,1.0,468,fourth
Qezcwpkbg4ltoh1iznaextib5Q,learn_relquest,0.0,"[3, 4]",0.0,2.378,0,0.0,555,fifth
Qezcwpkbg4ltoh1iznaextib5Q,learn_relquest,1.0,"[5, 6]",1.0,1.657,0,1.0,556,fifth
Qezcwpkbg4ltoh1iznaextib5Q,learn_relquest,0.0,"[3, 6]",2.0,2.335,1,1.0,557,fifth
Qezcwpkbg4ltoh1iznaextib5Q,learn_relquest,1.0,"[7, 1]",3.0,1.816,0,1.0,558,fifth
Qezcwpkbg4ltoh1iznaextib5Q,learn_relquest,1.0,"[1, 4]",4.0,1.942,1,0.0,559,fifth
Qezcwpkbg4ltoh1iznaextib5Q,learn_relquest,0.0,"[0, 1]",5.0,1.264,1,1.0,560,fifth
Qezcwpkbg4ltoh1iznaextib5Q,learn_relquest,0.0,"[5, 1]",6.0,2.425,1,1.0,561,fifth
Qezcwpkbg4ltoh1iznaextib5Q,learn_relquest,1.0,"[2, 6]",7.0,2.206,0,1.0,562,fifth
Qezcwpkbg4ltoh1iznaextib5Q,learn_relquest,0.0,"[0, 5]",8.0,3.025,1,1.0,563,fifth
Qezcwpkbg4ltoh1iznaextib5Q,learn_relquest,1.0,"[6, 2]",9.0,1.462,0,1.0,564,fifth
Qezcwpkbg4ltoh1iznaextib5Q,learn_relquest,1.0,"[3, 5]",10.0,0.883,0,1.0,565,fifth
Qezcwpkbg4ltoh1iznaextib5Q,learn_relquest,1.0,"[6, 7]",11.0,1.0,0,1.0,566,fifth
Qezcwpkbg4ltoh1iznaextib5Q,learn_relquest,0.0,"[7, 5]",12.0,1.399,1,1.0,567,fifth
Qezcwpkbg4ltoh1iznaextib5Q,learn_relquest,1.0,"[7, 0]",13.0,1.621,0,1.0,568,fifth
Qezcwpkbg4ltoh1iznaextib5Q,learn_relquest,0.0,"[0, 2]",14.0,2.063,1,1.0,569,fifth
Qezcwpkbg4ltoh1iznaextib5Q,learn_relquest,1.0,"[6, 5]",15.0,1.851,0,1.0,570,fifth
Qezcwpkbg4ltoh1iznaextib5Q,learn_relquest,0.0,"[3, 2]",16.0,2.243,1,1.0,571,fifth
Qezcwpkbg4ltoh1iznaextib5Q,learn_relquest,0.0,"[6, 4]",17.0,1.243,0,0.0,572,fifth
Qezcwpkbg4ltoh1iznaextib5Q,learn_relquest,1.0,"[7, 6]",18.0,0.852,0,1.0,573,fifth
Qezcwpkbg4ltoh1iznaextib5Q,learn_relquest,0.0,"[2, 7]",19.0,1.989,1,1.0,574,fifth
Qezcwpkbg4ltoh1iznaextib5Q,learn_relquest,1.0,"[4, 1]",20.0,1.916,0,1.0,575,fifth
Qezcwpkbg4ltoh1iznaextib5Q,learn_relquest,1.0,"[5, 3]",21.0,1.116,0,1.0,576,fifth
Qezcwpkbg4ltoh1iznaextib5Q,learn_relquest,0.0,"[0, 6]",22.0,2.818,1,1.0,577,fifth
Qezcwpkbg4ltoh1iznaextib5Q,learn_relquest,0.0,"[1, 0]",23.0,1.43,0,0.0,578,fifth
Qezcwpkbg4ltoh1iznaextib5Q,learn_relquest,0.0,"[2, 1]",24.0,1.096,1,1.0,579,fifth
Qezcwpkbg4ltoh1iznaextib5Q,learn_relquest,1.0,"[0, 7]",25.0,1.571,0,1.0,580,fifth
Qezcwpkbg4ltoh1iznaextib5Q,learn_relquest,0.0,"[2, 4]",26.0,1.355,1,1.0,581,fifth
Qezcwpkbg4ltoh1iznaextib5Q,learn_relquest,1.0,"[1, 7]",27.0,1.347,0,1.0,582,fifth
Q36qn1sdyeuj9vfy53b7ttbpfQ,learn_relquest,0.0,"[6, 4]",0.0,3.238,1,1.0,99,first
Q36qn1sdyeuj9vfy53b7ttbpfQ,learn_relquest,1.0,"[2, 6]",1.0,3.146,0,1.0,100,first
Q36qn1sdyeuj9vfy53b7ttbpfQ,learn_relquest,0.0,"[0, 4]",2.0,2.629,1,1.0,101,first
Q36qn1sdyeuj9vfy53b7ttbpfQ,learn_relquest,1.0,"[6, 5]",3.0,2.595,0,1.0,102,first
Q36qn1sdyeuj9vfy53b7ttbpfQ,learn_relquest,0.0,"[2, 5]",4.0,2.942,0,0.0,103,first
Q36qn1sdyeuj9vfy53b7ttbpfQ,learn_relquest,1.0,"[7, 0]",5.0,1.613,0,1.0,104,first
Q36qn1sdyeuj9vfy53b7ttbpfQ,learn_relquest,0.0,"[3, 0]",6.0,3.05,1,1.0,105,first
Q36qn1sdyeuj9vfy53b7ttbpfQ,learn_relquest,0.0,"[2, 3]",7.0,3.138,0,0.0,106,first
Q36qn1sdyeuj9vfy53b7ttbpfQ,learn_relquest,0.0,"[5, 0]",8.0,2.562,1,1.0,107,first
Q36qn1sdyeuj9vfy53b7ttbpfQ,learn_relquest,1.0,"[5, 6]",9.0,2.094,0,1.0,108,first
Q36qn1sdyeuj9vfy53b7ttbpfQ,learn_relquest,1.0,"[0, 7]",10.0,1.316,0,1.0,109,first
Q36qn1sdyeuj9vfy53b7ttbpfQ,learn_relquest,0.0,"[1, 6]",11.0,4.453,0,0.0,110,first
Q36qn1sdyeuj9vfy53b7ttbpfQ,learn_relquest,0.0,"[5, 4]",12.0,2.077,1,1.0,111,first
Q36qn1sdyeuj9vfy53b7ttbpfQ,learn_relquest,1.0,"[7, 6]",13.0,3.377,1,0.0,112,first
Q36qn1sdyeuj9vfy53b7ttbpfQ,learn_relquest,0.0,"[3, 4]",14.0,4.918,1,1.0,113,first
Q36qn1sdyeuj9vfy53b7ttbpfQ,learn_relquest,0.0,"[2, 0]",15.0,1.371,0,0.0,114,first
Q36qn1sdyeuj9vfy53b7ttbpfQ,learn_relquest,1.0,"[6, 7]",16.0,5.525,0,1.0,115,first
Q36qn1sdyeuj9vfy53b7ttbpfQ,learn_relquest,0.0,"[4, 6]",17.0,2.787,1,1.0,116,first
Q36qn1sdyeuj9vfy53b7ttbpfQ,learn_relquest,1.0,"[7, 1]",18.0,1.734,0,1.0,117,first
Q36qn1sdyeuj9vfy53b7ttbpfQ,learn_relquest,1.0,"[1, 4]",19.0,1.821,0,1.0,118,first
Q36qn1sdyeuj9vfy53b7ttbpfQ,learn_relquest,1.0,"[5, 3]",20.0,2.05,1,0.0,119,first
Q36qn1sdyeuj9vfy53b7ttbpfQ,learn_relquest,1.0,"[4, 1]",21.0,3.286,0,1.0,120,first
Q36qn1sdyeuj9vfy53b7ttbpfQ,learn_relquest,1.0,"[1, 7]",22.0,1.472,0,1.0,121,first
Q36qn1sdyeuj9vfy53b7ttbpfQ,learn_relquest,1.0,"[3, 5]",23.0,1.94,1,0.0,122,first
Q36qn1sdyeuj9vfy53b7ttbpfQ,learn_relquest,0.0,"[0, 6]",24.0,6.429,1,1.0,123,first
Q36qn1sdyeuj9vfy53b7ttbpfQ,learn_relquest,1.0,"[6, 2]",25.0,1.873,0,1.0,124,first
Q36qn1sdyeuj9vfy53b7ttbpfQ,learn_relquest,0.0,"[7, 2]",26.0,2.561,0,0.0,125,first
Q36qn1sdyeuj9vfy53b7ttbpfQ,learn_relquest,0.0,"[0, 5]",27.0,3.051,1,1.0,126,first
Q36qn1sdyeuj9vfy53b7ttbpfQ,learn_relquest,0.0,"[5, 2]",0.0,2.776,0,0.0,213,second
Q36qn1sdyeuj9vfy53b7ttbpfQ,learn_relquest,0.0,"[1, 3]",1.0,2.652,1,1.0,214,second
Q36qn1sdyeuj9vfy53b7ttbpfQ,learn_relquest,0.0,"[0, 3]",2.0,2.162,1,1.0,215,second
Q36qn1sdyeuj9vfy53b7ttbpfQ,learn_relquest,0.0,"[3, 6]",3.0,2.679,0,0.0,216,second
Q36qn1sdyeuj9vfy53b7ttbpfQ,learn_relquest,0.0,"[5, 1]",4.0,1.588,1,1.0,217,second
Q36qn1sdyeuj9vfy53b7ttbpfQ,learn_relquest,0.0,"[1, 6]",5.0,2.425,1,1.0,218,second
Q36qn1sdyeuj9vfy53b7ttbpfQ,learn_relquest,1.0,"[1, 7]",6.0,1.198,0,1.0,219,second
Q36qn1sdyeuj9vfy53b7ttbpfQ,learn_relquest,1.0,"[7, 6]",7.0,0.894,0,1.0,220,second
Q36qn1sdyeuj9vfy53b7ttbpfQ,learn_relquest,1.0,"[7, 0]",8.0,3.979,0,1.0,221,second
Q36qn1sdyeuj9vfy53b7ttbpfQ,learn_relquest,1.0,"[1, 4]",9.0,1.455,0,1.0,222,second
Q36qn1sdyeuj9vfy53b7ttbpfQ,learn_relquest,0.0,"[0, 5]",10.0,1.268,1,1.0,223,second
Q36qn1sdyeuj9vfy53b7ttbpfQ,learn_relquest,0.0,"[2, 0]",11.0,1.532,0,0.0,224,second
Q36qn1sdyeuj9vfy53b7ttbpfQ,learn_relquest,1.0,"[0, 7]",12.0,1.182,1,0.0,225,second
Q36qn1sdyeuj9vfy53b7ttbpfQ,learn_relquest,0.0,"[5, 4]",13.0,1.283,1,1.0,226,second
Q36qn1sdyeuj9vfy53b7ttbpfQ,learn_relquest,0.0,"[2, 5]",14.0,0.817,0,0.0,227,second
Q36qn1sdyeuj9vfy53b7ttbpfQ,learn_relquest,1.0,"[5, 3]",15.0,0.983,0,1.0,228,second
Q36qn1sdyeuj9vfy53b7ttbpfQ,learn_relquest,1.0,"[5, 6]",16.0,1.802,0,1.0,229,second
Q36qn1sdyeuj9vfy53b7ttbpfQ,learn_relquest,1.0,"[6, 5]",17.0,1.1,0,1.0,230,second
Q36qn1sdyeuj9vfy53b7ttbpfQ,learn_relquest,0.0,"[7, 2]",18.0,3.789,0,0.0,231,second
Q36qn1sdyeuj9vfy53b7ttbpfQ,learn_relquest,1.0,"[2, 6]",19.0,2.291,1,0.0,232,second
Q36qn1sdyeuj9vfy53b7ttbpfQ,learn_relquest,1.0,"[3, 5]",20.0,1.017,0,1.0,233,second
Q36qn1sdyeuj9vfy53b7ttbpfQ,learn_relquest,0.0,"[0, 2]",21.0,0.593,0,0.0,234,second
Q36qn1sdyeuj9vfy53b7ttbpfQ,learn_relquest,0.0,"[3, 1]",22.0,0.508,1,1.0,235,second
Q36qn1sdyeuj9vfy53b7ttbpfQ,learn_relquest,0.0,"[4, 5]",23.0,0.508,1,1.0,236,second
Q36qn1sdyeuj9vfy53b7ttbpfQ,learn_relquest,1.0,"[7, 1]",24.0,0.642,0,1.0,237,second
Q36qn1sdyeuj9vfy53b7ttbpfQ,learn_relquest,1.0,"[6, 7]",25.0,0.631,0,1.0,238,second
Q36qn1sdyeuj9vfy53b7ttbpfQ,learn_relquest,1.0,"[6, 2]",26.0,0.471,1,0.0,239,second
Q36qn1sdyeuj9vfy53b7ttbpfQ,learn_relquest,1.0,"[4, 1]",27.0,0.416,0,1.0,240,second
Q36qn1sdyeuj9vfy53b7ttbpfQ,learn_relquest,0.0,"[7, 2]",0.0,2.04,0,0.0,327,third
Q36qn1sdyeuj9vfy53b7ttbpfQ,learn_relquest,0.0,"[5, 1]",1.0,2.884,1,1.0,328,third
Q36qn1sdyeuj9vfy53b7ttbpfQ,learn_relquest,0.0,"[5, 4]",2.0,1.878,1,1.0,329,third
Q36qn1sdyeuj9vfy53b7ttbpfQ,learn_relquest,0.0,"[6, 4]",3.0,1.693,1,1.0,330,third
Q36qn1sdyeuj9vfy53b7ttbpfQ,learn_relquest,1.0,"[7, 1]",4.0,1.196,0,1.0,331,third
Q36qn1sdyeuj9vfy53b7ttbpfQ,learn_relquest,1.0,"[5, 3]",5.0,4.131,1,0.0,332,third
Q36qn1sdyeuj9vfy53b7ttbpfQ,learn_relquest,0.0,"[7, 4]",6.0,2.687,0,0.0,333,third
Q36qn1sdyeuj9vfy53b7ttbpfQ,learn_relquest,1.0,"[6, 2]",7.0,1.587,0,1.0,334,third
Q36qn1sdyeuj9vfy53b7ttbpfQ,learn_relquest,0.0,"[6, 0]",8.0,2.158,0,0.0,335,third
Q36qn1sdyeuj9vfy53b7ttbpfQ,learn_relquest,1.0,"[5, 6]",9.0,2.897,0,1.0,336,third
Q36qn1sdyeuj9vfy53b7ttbpfQ,learn_relquest,1.0,"[1, 4]",10.0,0.965,0,1.0,337,third
Q36qn1sdyeuj9vfy53b7ttbpfQ,learn_relquest,1.0,"[0, 7]",11.0,1.641,0,1.0,338,third
Q36qn1sdyeuj9vfy53b7ttbpfQ,learn_relquest,0.0,"[1, 5]",12.0,1.626,0,0.0,339,third
Q36qn1sdyeuj9vfy53b7ttbpfQ,learn_relquest,1.0,"[7, 0]",13.0,1.006,0,1.0,340,third
Q36qn1sdyeuj9vfy53b7ttbpfQ,learn_relquest,1.0,"[2, 6]",14.0,1.563,0,1.0,341,third
Q36qn1sdyeuj9vfy53b7ttbpfQ,learn_relquest,1.0,"[6, 7]",15.0,1.742,1,0.0,342,third
Q36qn1sdyeuj9vfy53b7ttbpfQ,learn_relquest,1.0,"[4, 1]",16.0,0.937,0,1.0,343,third
Q36qn1sdyeuj9vfy53b7ttbpfQ,learn_relquest,0.0,"[2, 7]",17.0,2.522,0,0.0,344,third
Q36qn1sdyeuj9vfy53b7ttbpfQ,learn_relquest,0.0,"[2, 3]",18.0,2.492,0,0.0,345,third
Q36qn1sdyeuj9vfy53b7ttbpfQ,learn_relquest,1.0,"[7, 6]",19.0,1.845,1,0.0,346,third
Q36qn1sdyeuj9vfy53b7ttbpfQ,learn_relquest,1.0,"[3, 5]",20.0,1.49,0,1.0,347,third
Q36qn1sdyeuj9vfy53b7ttbpfQ,learn_relquest,0.0,"[3, 4]",21.0,0.859,1,1.0,348,third
Q36qn1sdyeuj9vfy53b7ttbpfQ,learn_relquest,0.0,"[3, 0]",22.0,1.067,0,0.0,349,third
Q36qn1sdyeuj9vfy53b7ttbpfQ,learn_relquest,1.0,"[6, 5]",23.0,0.866,0,1.0,350,third
Q36qn1sdyeuj9vfy53b7ttbpfQ,learn_relquest,0.0,"[4, 3]",24.0,2.445,1,1.0,351,third
Q36qn1sdyeuj9vfy53b7ttbpfQ,learn_relquest,0.0,"[7, 5]",25.0,3.45,1,1.0,352,third
Q36qn1sdyeuj9vfy53b7ttbpfQ,learn_relquest,1.0,"[1, 7]",26.0,0.878,0,1.0,353,third
Q36qn1sdyeuj9vfy53b7ttbpfQ,learn_relquest,0.0,"[5, 2]",27.0,1.58,0,0.0,354,third
Q36qn1sdyeuj9vfy53b7ttbpfQ,learn_relquest,0.0,"[1, 5]",0.0,4.496,1,1.0,441,fourth
Q36qn1sdyeuj9vfy53b7ttbpfQ,learn_relquest,1.0,"[6, 7]",1.0,2.48,1,0.0,442,fourth
Q36qn1sdyeuj9vfy53b7ttbpfQ,learn_relquest,0.0,"[3, 0]",2.0,1.625,1,1.0,443,fourth
Q36qn1sdyeuj9vfy53b7ttbpfQ,learn_relquest,0.0,"[7, 4]",3.0,3.122,0,0.0,444,fourth
Q36qn1sdyeuj9vfy53b7ttbpfQ,learn_relquest,0.0,"[2, 4]",4.0,4.67,1,1.0,445,fourth
Q36qn1sdyeuj9vfy53b7ttbpfQ,learn_relquest,1.0,"[4, 1]",5.0,1.388,0,1.0,446,fourth
Q36qn1sdyeuj9vfy53b7ttbpfQ,learn_relquest,0.0,"[3, 2]",6.0,2.417,1,1.0,447,fourth
Q36qn1sdyeuj9vfy53b7ttbpfQ,learn_relquest,0.0,"[1, 3]",7.0,2.835,1,1.0,448,fourth
Q36qn1sdyeuj9vfy53b7ttbpfQ,learn_relquest,0.0,"[6, 1]",8.0,2.421,0,0.0,449,fourth
Q36qn1sdyeuj9vfy53b7ttbpfQ,learn_relquest,1.0,"[5, 6]",9.0,2.212,1,0.0,450,fourth
Q36qn1sdyeuj9vfy53b7ttbpfQ,learn_relquest,0.0,"[5, 0]",10.0,1.908,0,0.0,451,fourth
Q36qn1sdyeuj9vfy53b7ttbpfQ,learn_relquest,0.0,"[0, 5]",11.0,1.093,0,0.0,452,fourth
Q36qn1sdyeuj9vfy53b7ttbpfQ,learn_relquest,1.0,"[1, 7]",12.0,1.903,0,1.0,453,fourth
Q36qn1sdyeuj9vfy53b7ttbpfQ,learn_relquest,1.0,"[7, 1]",13.0,0.733,0,1.0,454,fourth
Q36qn1sdyeuj9vfy53b7ttbpfQ,learn_relquest,1.0,"[0, 7]",14.0,1.463,0,1.0,455,fourth
Q36qn1sdyeuj9vfy53b7ttbpfQ,learn_relquest,1.0,"[3, 5]",15.0,3.21,1,0.0,456,fourth
Q36qn1sdyeuj9vfy53b7ttbpfQ,learn_relquest,1.0,"[6, 2]",16.0,1.014,1,0.0,457,fourth
Q36qn1sdyeuj9vfy53b7ttbpfQ,learn_relquest,0.0,"[0, 4]",17.0,0.853,0,0.0,458,fourth
Q36qn1sdyeuj9vfy53b7ttbpfQ,learn_relquest,1.0,"[7, 6]",18.0,1.713,0,1.0,459,fourth
Q36qn1sdyeuj9vfy53b7ttbpfQ,learn_relquest,0.0,"[3, 7]",19.0,2.43,1,1.0,460,fourth
Q36qn1sdyeuj9vfy53b7ttbpfQ,learn_relquest,1.0,"[1, 4]",20.0,1.998,0,1.0,461,fourth
Q36qn1sdyeuj9vfy53b7ttbpfQ,learn_relquest,1.0,"[7, 0]",21.0,0.862,0,1.0,462,fourth
Q36qn1sdyeuj9vfy53b7ttbpfQ,learn_relquest,0.0,"[2, 0]",22.0,2.904,1,1.0,463,fourth
Q36qn1sdyeuj9vfy53b7ttbpfQ,learn_relquest,1.0,"[5, 3]",23.0,1.648,0,1.0,464,fourth
Q36qn1sdyeuj9vfy53b7ttbpfQ,learn_relquest,1.0,"[6, 5]",24.0,3.311,0,1.0,465,fourth
Q36qn1sdyeuj9vfy53b7ttbpfQ,learn_relquest,1.0,"[2, 6]",25.0,2.197,0,1.0,466,fourth
Q36qn1sdyeuj9vfy53b7ttbpfQ,learn_relquest,0.0,"[3, 1]",26.0,0.925,1,1.0,467,fourth
Q36qn1sdyeuj9vfy53b7ttbpfQ,learn_relquest,0.0,"[7, 5]",27.0,1.31,0,0.0,468,fourth
Q36qn1sdyeuj9vfy53b7ttbpfQ,learn_relquest,0.0,"[4, 6]",0.0,1.73,1,1.0,555,fifth
Q36qn1sdyeuj9vfy53b7ttbpfQ,learn_relquest,0.0,"[7, 5]",1.0,1.83,0,0.0,556,fifth
Q36qn1sdyeuj9vfy53b7ttbpfQ,learn_relquest,1.0,"[4, 1]",2.0,1.935,0,1.0,557,fifth
Q36qn1sdyeuj9vfy53b7ttbpfQ,learn_relquest,0.0,"[5, 4]",3.0,1.946,1,1.0,558,fifth
Q36qn1sdyeuj9vfy53b7ttbpfQ,learn_relquest,1.0,"[3, 5]",4.0,1.241,0,1.0,559,fifth
Q36qn1sdyeuj9vfy53b7ttbpfQ,learn_relquest,1.0,"[1, 4]",5.0,2.593,0,1.0,560,fifth
Q36qn1sdyeuj9vfy53b7ttbpfQ,learn_relquest,0.0,"[2, 5]",6.0,2.174,1,1.0,561,fifth
Q36qn1sdyeuj9vfy53b7ttbpfQ,learn_relquest,0.0,"[2, 7]",7.0,2.036,1,1.0,562,fifth
Q36qn1sdyeuj9vfy53b7ttbpfQ,learn_relquest,0.0,"[5, 0]",8.0,1.194,0,0.0,563,fifth
Q36qn1sdyeuj9vfy53b7ttbpfQ,learn_relquest,1.0,"[6, 2]",9.0,1.656,1,0.0,564,fifth
Q36qn1sdyeuj9vfy53b7ttbpfQ,learn_relquest,1.0,"[6, 5]",10.0,1.195,0,1.0,565,fifth
Q36qn1sdyeuj9vfy53b7ttbpfQ,learn_relquest,0.0,"[4, 5]",11.0,1.421,0,0.0,566,fifth
Q36qn1sdyeuj9vfy53b7ttbpfQ,learn_relquest,0.0,"[0, 4]",12.0,1.455,1,1.0,567,fifth
Q36qn1sdyeuj9vfy53b7ttbpfQ,learn_relquest,0.0,"[2, 0]",13.0,0.828,0,0.0,568,fifth
Q36qn1sdyeuj9vfy53b7ttbpfQ,learn_relquest,0.0,"[0, 3]",14.0,1.662,0,0.0,569,fifth
Q36qn1sdyeuj9vfy53b7ttbpfQ,learn_relquest,0.0,"[1, 3]",15.0,0.8,0,0.0,570,fifth
Q36qn1sdyeuj9vfy53b7ttbpfQ,learn_relquest,1.0,"[7, 0]",16.0,1.587,0,1.0,571,fifth
Q36qn1sdyeuj9vfy53b7ttbpfQ,learn_relquest,0.0,"[1, 5]",17.0,2.634,0,0.0,572,fifth
Q36qn1sdyeuj9vfy53b7ttbpfQ,learn_relquest,1.0,"[2, 6]",18.0,1.328,0,1.0,573,fifth
Q36qn1sdyeuj9vfy53b7ttbpfQ,learn_relquest,0.0,"[5, 7]",19.0,0.726,1,1.0,574,fifth
Q36qn1sdyeuj9vfy53b7ttbpfQ,learn_relquest,0.0,"[6, 3]",20.0,0.469,0,0.0,575,fifth
Q36qn1sdyeuj9vfy53b7ttbpfQ,learn_relquest,1.0,"[7, 6]",21.0,0.413,0,1.0,576,fifth
Q36qn1sdyeuj9vfy53b7ttbpfQ,learn_relquest,1.0,"[5, 3]",22.0,0.361,1,0.0,577,fifth
Q36qn1sdyeuj9vfy53b7ttbpfQ,learn_relquest,1.0,"[5, 6]",23.0,0.468,0,1.0,578,fifth
Q36qn1sdyeuj9vfy53b7ttbpfQ,learn_relquest,1.0,"[6, 7]",24.0,0.446,1,0.0,579,fifth
Q36qn1sdyeuj9vfy53b7ttbpfQ,learn_relquest,1.0,"[0, 7]",25.0,0.45,1,0.0,580,fifth
Q36qn1sdyeuj9vfy53b7ttbpfQ,learn_relquest,1.0,"[1, 7]",26.0,0.468,0,1.0,581,fifth
Q36qn1sdyeuj9vfy53b7ttbpfQ,learn_relquest,1.0,"[7, 1]",27.0,0.473,1,0.0,582,fifth
Qx5jlbaptoa196ahbqlmo3hn1Q,learn_relquest,1.0,"[6, 2]",0.0,5.458,1,0.0,99,first
Qx5jlbaptoa196ahbqlmo3hn1Q,learn_relquest,1.0,"[4, 1]",1.0,1.659,1,0.0,100,first
Qx5jlbaptoa196ahbqlmo3hn1Q,learn_relquest,1.0,"[6, 7]",2.0,1.88,0,1.0,101,first
Qx5jlbaptoa196ahbqlmo3hn1Q,learn_relquest,0.0,"[1, 0]",3.0,2.632,1,1.0,102,first
Qx5jlbaptoa196ahbqlmo3hn1Q,learn_relquest,0.0,"[2, 5]",4.0,2.157,0,0.0,103,first
Qx5jlbaptoa196ahbqlmo3hn1Q,learn_relquest,0.0,"[2, 4]",5.0,2.202,1,1.0,104,first
Qx5jlbaptoa196ahbqlmo3hn1Q,learn_relquest,0.0,"[2, 1]",6.0,2.062,1,1.0,105,first
Qx5jlbaptoa196ahbqlmo3hn1Q,learn_relquest,0.0,"[6, 4]",7.0,2.437,1,1.0,106,first
Qx5jlbaptoa196ahbqlmo3hn1Q,learn_relquest,1.0,"[5, 6]",8.0,1.866,0,1.0,107,first
Qx5jlbaptoa196ahbqlmo3hn1Q,learn_relquest,1.0,"[2, 6]",9.0,1.266,0,1.0,108,first
Qx5jlbaptoa196ahbqlmo3hn1Q,learn_relquest,1.0,"[7, 1]",10.0,2.114,0,1.0,109,first
Qx5jlbaptoa196ahbqlmo3hn1Q,learn_relquest,0.0,"[7, 3]",11.0,2.318,1,1.0,110,first
Qx5jlbaptoa196ahbqlmo3hn1Q,learn_relquest,0.0,"[0, 1]",12.0,1.934,0,0.0,111,first
Qx5jlbaptoa196ahbqlmo3hn1Q,learn_relquest,0.0,"[4, 2]",13.0,1.87,0,0.0,112,first
Qx5jlbaptoa196ahbqlmo3hn1Q,learn_relquest,1.0,"[3, 5]",14.0,1.783,0,1.0,113,first
Qx5jlbaptoa196ahbqlmo3hn1Q,learn_relquest,1.0,"[0, 7]",15.0,2.875,0,1.0,114,first
Qx5jlbaptoa196ahbqlmo3hn1Q,learn_relquest,0.0,"[4, 7]",16.0,1.711,1,1.0,115,first
Qx5jlbaptoa196ahbqlmo3hn1Q,learn_relquest,1.0,"[1, 4]",17.0,1.661,0,1.0,116,first
Qx5jlbaptoa196ahbqlmo3hn1Q,learn_relquest,1.0,"[5, 3]",18.0,1.717,0,1.0,117,first
Qx5jlbaptoa196ahbqlmo3hn1Q,learn_relquest,0.0,"[3, 6]",19.0,3.074,1,1.0,118,first
Qx5jlbaptoa196ahbqlmo3hn1Q,learn_relquest,0.0,"[6, 0]",20.0,0.958,1,1.0,119,first
Qx5jlbaptoa196ahbqlmo3hn1Q,learn_relquest,0.0,"[4, 3]",21.0,1.753,1,1.0,120,first
Qx5jlbaptoa196ahbqlmo3hn1Q,learn_relquest,1.0,"[1, 7]",22.0,1.386,0,1.0,121,first
Qx5jlbaptoa196ahbqlmo3hn1Q,learn_relquest,0.0,"[2, 7]",23.0,1.269,0,0.0,122,first
Qx5jlbaptoa196ahbqlmo3hn1Q,learn_relquest,1.0,"[7, 0]",24.0,1.233,0,1.0,123,first
Qx5jlbaptoa196ahbqlmo3hn1Q,learn_relquest,0.0,"[4, 6]",25.0,1.1,0,0.0,124,first
Qx5jlbaptoa196ahbqlmo3hn1Q,learn_relquest,1.0,"[6, 5]",26.0,3.397,1,0.0,125,first
Qx5jlbaptoa196ahbqlmo3hn1Q,learn_relquest,1.0,"[7, 6]",27.0,2.209,0,1.0,126,first
Qx5jlbaptoa196ahbqlmo3hn1Q,learn_relquest,0.0,"[5, 1]",0.0,2.493,0,0.0,213,second
Qx5jlbaptoa196ahbqlmo3hn1Q,learn_relquest,0.0,"[1, 3]",1.0,2.577,1,1.0,214,second
Qx5jlbaptoa196ahbqlmo3hn1Q,learn_relquest,1.0,"[3, 5]",2.0,2.159,0,1.0,215,second
Qx5jlbaptoa196ahbqlmo3hn1Q,learn_relquest,0.0,"[7, 5]",3.0,1.903,1,1.0,216,second
Qx5jlbaptoa196ahbqlmo3hn1Q,learn_relquest,0.0,"[2, 0]",4.0,2.184,0,0.0,217,second
Qx5jlbaptoa196ahbqlmo3hn1Q,learn_relquest,1.0,"[1, 7]",5.0,1.736,0,1.0,218,second
Qx5jlbaptoa196ahbqlmo3hn1Q,learn_relquest,0.0,"[5, 2]",6.0,2.612,0,0.0,219,second
Qx5jlbaptoa196ahbqlmo3hn1Q,learn_relquest,0.0,"[0, 5]",7.0,2.822,1,1.0,220,second
Qx5jlbaptoa196ahbqlmo3hn1Q,learn_relquest,1.0,"[6, 7]",8.0,1.637,0,1.0,221,second
Qx5jlbaptoa196ahbqlmo3hn1Q,learn_relquest,0.0,"[7, 4]",9.0,3.037,0,0.0,222,second
Qx5jlbaptoa196ahbqlmo3hn1Q,learn_relquest,0.0,"[0, 3]",10.0,2.208,1,1.0,223,second
Qx5jlbaptoa196ahbqlmo3hn1Q,learn_relquest,0.0,"[4, 5]",11.0,2.554,1,1.0,224,second
Qx5jlbaptoa196ahbqlmo3hn1Q,learn_relquest,1.0,"[1, 4]",12.0,1.683,0,1.0,225,second
Qx5jlbaptoa196ahbqlmo3hn1Q,learn_relquest,1.0,"[5, 6]",13.0,1.858,0,1.0,226,second
Qx5jlbaptoa196ahbqlmo3hn1Q,learn_relquest,1.0,"[4, 1]",14.0,1.799,1,0.0,227,second
Qx5jlbaptoa196ahbqlmo3hn1Q,learn_relquest,0.0,"[4, 6]",15.0,4.32,1,1.0,228,second
Qx5jlbaptoa196ahbqlmo3hn1Q,learn_relquest,1.0,"[7, 1]",16.0,1.701,0,1.0,229,second
Qx5jlbaptoa196ahbqlmo3hn1Q,learn_relquest,0.0,"[7, 2]",17.0,1.519,1,1.0,230,second
Qx5jlbaptoa196ahbqlmo3hn1Q,learn_relquest,1.0,"[0, 7]",18.0,1.45,0,1.0,231,second
Qx5jlbaptoa196ahbqlmo3hn1Q,learn_relquest,1.0,"[2, 6]",19.0,2.056,1,0.0,232,second
Qx5jlbaptoa196ahbqlmo3hn1Q,learn_relquest,0.0,"[4, 2]",20.0,1.204,1,1.0,233,second
Qx5jlbaptoa196ahbqlmo3hn1Q,learn_relquest,1.0,"[5, 3]",21.0,1.332,0,1.0,234,second
Qx5jlbaptoa196ahbqlmo3hn1Q,learn_relquest,0.0,"[4, 0]",22.0,2.515,1,1.0,235,second
Qx5jlbaptoa196ahbqlmo3hn1Q,learn_relquest,1.0,"[6, 5]",23.0,2.188,0,1.0,236,second
Qx5jlbaptoa196ahbqlmo3hn1Q,learn_relquest,0.0,"[0, 4]",24.0,2.265,1,1.0,237,second
Qx5jlbaptoa196ahbqlmo3hn1Q,learn_relquest,1.0,"[6, 2]",25.0,1.582,0,1.0,238,second
Qx5jlbaptoa196ahbqlmo3hn1Q,learn_relquest,1.0,"[7, 0]",26.0,1.864,0,1.0,239,second
Qx5jlbaptoa196ahbqlmo3hn1Q,learn_relquest,1.0,"[7, 6]",27.0,2.875,0,1.0,240,second
Qx5jlbaptoa196ahbqlmo3hn1Q,learn_relquest,1.0,"[6, 2]",0.0,1.93,0,1.0,327,third
Qx5jlbaptoa196ahbqlmo3hn1Q,learn_relquest,0.0,"[3, 7]",1.0,2.146,1,1.0,328,third
Qx5jlbaptoa196ahbqlmo3hn1Q,learn_relquest,0.0,"[5, 4]",2.0,3.972,0,0.0,329,third
Qx5jlbaptoa196ahbqlmo3hn1Q,learn_relquest,0.0,"[1, 5]",3.0,1.733,0,0.0,330,third
Qx5jlbaptoa196ahbqlmo3hn1Q,learn_relquest,0.0,"[1, 3]",4.0,1.538,1,1.0,331,third
Qx5jlbaptoa196ahbqlmo3hn1Q,learn_relquest,1.0,"[0, 7]",5.0,2.414,0,1.0,332,third
Qx5jlbaptoa196ahbqlmo3hn1Q,learn_relquest,0.0,"[1, 0]",6.0,2.043,0,0.0,333,third
Qx5jlbaptoa196ahbqlmo3hn1Q,learn_relquest,1.0,"[3, 5]",7.0,1.132,0,1.0,334,third
Qx5jlbaptoa196ahbqlmo3hn1Q,learn_relquest,1.0,"[7, 6]",8.0,4.003,0,1.0,335,third
Qx5jlbaptoa196ahbqlmo3hn1Q,learn_relquest,0.0,"[3, 6]",9.0,1.571,1,1.0,336,third
Qx5jlbaptoa196ahbqlmo3hn1Q,learn_relquest,1.0,"[4, 1]",10.0,2.109,0,1.0,337,third
Qx5jlbaptoa196ahbqlmo3hn1Q,learn_relquest,0.0,"[2, 3]",11.0,2.267,1,1.0,338,third
Qx5jlbaptoa196ahbqlmo3hn1Q,learn_relquest,1.0,"[7, 0]",12.0,1.526,0,1.0,339,third
Qx5jlbaptoa196ahbqlmo3hn1Q,learn_relquest,1.0,"[1, 4]",13.0,1.394,0,1.0,340,third
Qx5jlbaptoa196ahbqlmo3hn1Q,learn_relquest,1.0,"[6, 5]",14.0,2.256,0,1.0,341,third
Qx5jlbaptoa196ahbqlmo3hn1Q,learn_relquest,0.0,"[7, 4]",15.0,4.316,1,1.0,342,third
Qx5jlbaptoa196ahbqlmo3hn1Q,learn_relquest,1.0,"[5, 6]",16.0,1.649,0,1.0,343,third
Qx5jlbaptoa196ahbqlmo3hn1Q,learn_relquest,1.0,"[2, 6]",17.0,1.753,0,1.0,344,third
Qx5jlbaptoa196ahbqlmo3hn1Q,learn_relquest,0.0,"[2, 4]",18.0,1.984,1,1.0,345,third
Qx5jlbaptoa196ahbqlmo3hn1Q,learn_relquest,0.0,"[4, 0]",19.0,1.472,1,1.0,346,third
Qx5jlbaptoa196ahbqlmo3hn1Q,learn_relquest,0.0,"[5, 2]",20.0,1.931,0,0.0,347,third
Qx5jlbaptoa196ahbqlmo3hn1Q,learn_relquest,0.0,"[0, 4]",21.0,3.074,1,1.0,348,third
Qx5jlbaptoa196ahbqlmo3hn1Q,learn_relquest,1.0,"[1, 7]",22.0,1.575,0,1.0,349,third
Qx5jlbaptoa196ahbqlmo3hn1Q,learn_relquest,1.0,"[6, 7]",23.0,1.656,0,1.0,350,third
Qx5jlbaptoa196ahbqlmo3hn1Q,learn_relquest,0.0,"[4, 6]",24.0,2.456,1,1.0,351,third
Qx5jlbaptoa196ahbqlmo3hn1Q,learn_relquest,0.0,"[6, 4]",25.0,1.099,1,1.0,352,third
Qx5jlbaptoa196ahbqlmo3hn1Q,learn_relquest,1.0,"[5, 3]",26.0,1.276,0,1.0,353,third
Qx5jlbaptoa196ahbqlmo3hn1Q,learn_relquest,1.0,"[7, 1]",27.0,1.583,0,1.0,354,third
Qx5jlbaptoa196ahbqlmo3hn1Q,learn_relquest,1.0,"[0, 7]",0.0,2.231,0,1.0,441,fourth
Qx5jlbaptoa196ahbqlmo3hn1Q,learn_relquest,1.0,"[1, 4]",1.0,1.743,0,1.0,442,fourth
Qx5jlbaptoa196ahbqlmo3hn1Q,learn_relquest,1.0,"[2, 6]",2.0,2.375,0,1.0,443,fourth
Qx5jlbaptoa196ahbqlmo3hn1Q,learn_relquest,0.0,"[7, 4]",3.0,3.296,1,1.0,444,fourth
Qx5jlbaptoa196ahbqlmo3hn1Q,learn_relquest,1.0,"[7, 1]",4.0,1.995,0,1.0,445,fourth
Qx5jlbaptoa196ahbqlmo3hn1Q,learn_relquest,0.0,"[4, 6]",5.0,3.178,0,0.0,446,fourth
Qx5jlbaptoa196ahbqlmo3hn1Q,learn_relquest,1.0,"[5, 3]",6.0,1.008,0,1.0,447,fourth
Qx5jlbaptoa196ahbqlmo3hn1Q,learn_relquest,0.0,"[2, 4]",7.0,1.509,0,0.0,448,fourth
Qx5jlbaptoa196ahbqlmo3hn1Q,learn_relquest,1.0,"[1, 7]",8.0,2.155,0,1.0,449,fourth
Qx5jlbaptoa196ahbqlmo3hn1Q,learn_relquest,0.0,"[1, 6]",9.0,3.266,1,1.0,450,fourth
Qx5jlbaptoa196ahbqlmo3hn1Q,learn_relquest,0.0,"[6, 3]",10.0,1.393,1,1.0,451,fourth
Qx5jlbaptoa196ahbqlmo3hn1Q,learn_relquest,0.0,"[1, 5]",11.0,2.183,1,1.0,452,fourth
Qx5jlbaptoa196ahbqlmo3hn1Q,learn_relquest,1.0,"[3, 5]",12.0,1.568,0,1.0,453,fourth
Qx5jlbaptoa196ahbqlmo3hn1Q,learn_relquest,1.0,"[7, 6]",13.0,2.199,0,1.0,454,fourth
Qx5jlbaptoa196ahbqlmo3hn1Q,learn_relquest,0.0,"[5, 7]",14.0,2.654,1,1.0,455,fourth
Qx5jlbaptoa196ahbqlmo3hn1Q,learn_relquest,1.0,"[6, 2]",15.0,1.553,0,1.0,456,fourth
Qx5jlbaptoa196ahbqlmo3hn1Q,learn_relquest,0.0,"[2, 1]",16.0,1.367,0,0.0,457,fourth
Qx5jlbaptoa196ahbqlmo3hn1Q,learn_relquest,1.0,"[4, 1]",17.0,1.864,0,1.0,458,fourth
Qx5jlbaptoa196ahbqlmo3hn1Q,learn_relquest,1.0,"[5, 6]",18.0,2.016,0,1.0,459,fourth
Qx5jlbaptoa196ahbqlmo3hn1Q,learn_relquest,0.0,"[3, 4]",19.0,1.405,1,1.0,460,fourth
Qx5jlbaptoa196ahbqlmo3hn1Q,learn_relquest,1.0,"[6, 5]",20.0,2.446,0,1.0,461,fourth
Qx5jlbaptoa196ahbqlmo3hn1Q,learn_relquest,0.0,"[3, 7]",21.0,1.358,1,1.0,462,fourth
Qx5jlbaptoa196ahbqlmo3hn1Q,learn_relquest,0.0,"[7, 5]",22.0,2.805,1,1.0,463,fourth
Qx5jlbaptoa196ahbqlmo3hn1Q,learn_relquest,1.0,"[7, 0]",23.0,2.337,1,0.0,464,fourth
Qx5jlbaptoa196ahbqlmo3hn1Q,learn_relquest,0.0,"[4, 3]",24.0,1.448,1,1.0,465,fourth
Qx5jlbaptoa196ahbqlmo3hn1Q,learn_relquest,0.0,"[7, 2]",25.0,2.295,0,0.0,466,fourth
Qx5jlbaptoa196ahbqlmo3hn1Q,learn_relquest,1.0,"[6, 7]",26.0,1.856,0,1.0,467,fourth
Qx5jlbaptoa196ahbqlmo3hn1Q,learn_relquest,0.0,"[5, 1]",27.0,1.867,1,1.0,468,fourth
Qx5jlbaptoa196ahbqlmo3hn1Q,learn_relquest,1.0,"[2, 6]",0.0,3.209,0,1.0,555,fifth
Qx5jlbaptoa196ahbqlmo3hn1Q,learn_relquest,0.0,"[4, 5]",1.0,2.036,1,1.0,556,fifth
Qx5jlbaptoa196ahbqlmo3hn1Q,learn_relquest,1.0,"[7, 6]",2.0,1.847,0,1.0,557,fifth
Qx5jlbaptoa196ahbqlmo3hn1Q,learn_relquest,0.0,"[6, 0]",3.0,2.194,1,1.0,558,fifth
Qx5jlbaptoa196ahbqlmo3hn1Q,learn_relquest,1.0,"[6, 7]",4.0,1.525,0,1.0,559,fifth
Qx5jlbaptoa196ahbqlmo3hn1Q,learn_relquest,0.0,"[5, 1]",5.0,2.789,1,1.0,560,fifth
Qx5jlbaptoa196ahbqlmo3hn1Q,learn_relquest,0.0,"[0, 2]",6.0,2.695,1,1.0,561,fifth
Qx5jlbaptoa196ahbqlmo3hn1Q,learn_relquest,0.0,"[6, 3]",7.0,1.657,1,1.0,562,fifth
Qx5jlbaptoa196ahbqlmo3hn1Q,learn_relquest,1.0,"[5, 3]",8.0,1.328,0,1.0,563,fifth
Qx5jlbaptoa196ahbqlmo3hn1Q,learn_relquest,1.0,"[3, 5]",9.0,0.922,0,1.0,564,fifth
Qx5jlbaptoa196ahbqlmo3hn1Q,learn_relquest,0.0,"[1, 6]",10.0,3.403,1,1.0,565,fifth
Qx5jlbaptoa196ahbqlmo3hn1Q,learn_relquest,0.0,"[5, 7]",11.0,2.345,1,1.0,566,fifth
Qx5jlbaptoa196ahbqlmo3hn1Q,learn_relquest,0.0,"[7, 5]",12.0,1.644,1,1.0,567,fifth
Qx5jlbaptoa196ahbqlmo3hn1Q,learn_relquest,0.0,"[5, 0]",13.0,1.802,1,1.0,568,fifth
Qx5jlbaptoa196ahbqlmo3hn1Q,learn_relquest,1.0,"[5, 6]",14.0,2.062,0,1.0,569,fifth
Qx5jlbaptoa196ahbqlmo3hn1Q,learn_relquest,0.0,"[3, 0]",15.0,1.47,1,1.0,570,fifth
Qx5jlbaptoa196ahbqlmo3hn1Q,learn_relquest,1.0,"[4, 1]",16.0,2.523,1,0.0,571,fifth
Qx5jlbaptoa196ahbqlmo3hn1Q,learn_relquest,1.0,"[0, 7]",17.0,1.908,0,1.0,572,fifth
Qx5jlbaptoa196ahbqlmo3hn1Q,learn_relquest,1.0,"[7, 0]",18.0,1.173,0,1.0,573,fifth
Qx5jlbaptoa196ahbqlmo3hn1Q,learn_relquest,0.0,"[2, 7]",19.0,3.139,0,0.0,574,fifth
Qx5jlbaptoa196ahbqlmo3hn1Q,learn_relquest,1.0,"[1, 7]",20.0,4.068,0,1.0,575,fifth
Qx5jlbaptoa196ahbqlmo3hn1Q,learn_relquest,1.0,"[6, 2]",21.0,3.07,0,1.0,576,fifth
Qx5jlbaptoa196ahbqlmo3hn1Q,learn_relquest,0.0,"[4, 0]",22.0,1.751,1,1.0,577,fifth
Qx5jlbaptoa196ahbqlmo3hn1Q,learn_relquest,1.0,"[6, 5]",23.0,2.095,0,1.0,578,fifth
Qx5jlbaptoa196ahbqlmo3hn1Q,learn_relquest,1.0,"[1, 4]",24.0,1.711,1,0.0,579,fifth
Qx5jlbaptoa196ahbqlmo3hn1Q,learn_relquest,0.0,"[4, 7]",25.0,1.646,1,1.0,580,fifth
Qx5jlbaptoa196ahbqlmo3hn1Q,learn_relquest,1.0,"[7, 1]",26.0,2.369,0,1.0,581,fifth
Qx5jlbaptoa196ahbqlmo3hn1Q,learn_relquest,0.0,"[3, 6]",27.0,2.123,1,1.0,582,fifth
Q3ffdlj86ecxfcs8mpqzvobsmQ,learn_relquest,1.0,"[1, 7]",4.0,1.933,0,1.0,103,first
Q3ffdlj86ecxfcs8mpqzvobsmQ,learn_relquest,0.0,"[7, 5]",0.0,13.641,1,1.0,99,first
Q3ffdlj86ecxfcs8mpqzvobsmQ,learn_relquest,0.0,"[3, 0]",1.0,1.798,1,1.0,100,first
Q3ffdlj86ecxfcs8mpqzvobsmQ,learn_relquest,1.0,"[3, 5]",3.0,1.686,1,0.0,102,first
Q3ffdlj86ecxfcs8mpqzvobsmQ,learn_relquest,1.0,"[7, 1]",2.0,1.46,0,1.0,101,first
Q3ffdlj86ecxfcs8mpqzvobsmQ,learn_relquest,1.0,"[0, 7]",5.0,2.143,1,0.0,104,first
Q3ffdlj86ecxfcs8mpqzvobsmQ,learn_relquest,1.0,"[7, 0]",6.0,1.889,1,0.0,105,first
Q3ffdlj86ecxfcs8mpqzvobsmQ,learn_relquest,1.0,"[2, 6]",7.0,4.214,1,0.0,106,first
Q3ffdlj86ecxfcs8mpqzvobsmQ,learn_relquest,0.0,"[2, 0]",8.0,2.089,0,0.0,107,first
Q3ffdlj86ecxfcs8mpqzvobsmQ,learn_relquest,1.0,"[7, 6]",9.0,6.283,1,0.0,108,first
Q3ffdlj86ecxfcs8mpqzvobsmQ,learn_relquest,1.0,"[6, 7]",12.0,4.094,0,1.0,111,first
Q3ffdlj86ecxfcs8mpqzvobsmQ,learn_relquest,1.0,"[4, 1]",13.0,1.595,0,1.0,112,first
Q3ffdlj86ecxfcs8mpqzvobsmQ,learn_relquest,0.0,"[2, 4]",11.0,2.156,1,1.0,110,first
Q3ffdlj86ecxfcs8mpqzvobsmQ,learn_relquest,1.0,"[5, 3]",10.0,1.275,1,0.0,109,first
Q3ffdlj86ecxfcs8mpqzvobsmQ,learn_relquest,0.0,"[4, 0]",14.0,6.297,1,1.0,113,first
Q3ffdlj86ecxfcs8mpqzvobsmQ,learn_relquest,0.0,"[6, 1]",20.0,1.356,0,0.0,119,first
Q3ffdlj86ecxfcs8mpqzvobsmQ,learn_relquest,1.0,"[5, 6]",24.0,1.671,0,1.0,123,first
Q3ffdlj86ecxfcs8mpqzvobsmQ,learn_relquest,0.0,"[0, 3]",17.0,1.451,0,0.0,116,first
Q3ffdlj86ecxfcs8mpqzvobsmQ,learn_relquest,0.0,"[2, 3]",15.0,1.4,1,1.0,114,first
Q3ffdlj86ecxfcs8mpqzvobsmQ,learn_relquest,0.0,"[0, 6]",25.0,1.626,1,1.0,124,first
Q3ffdlj86ecxfcs8mpqzvobsmQ,learn_relquest,1.0,"[1, 4]",26.0,1.43,0,1.0,125,first
Q3ffdlj86ecxfcs8mpqzvobsmQ,learn_relquest,0.0,"[1, 3]",16.0,1.05,0,0.0,115,first
Q3ffdlj86ecxfcs8mpqzvobsmQ,learn_relquest,0.0,"[4, 3]",18.0,1.348,1,1.0,117,first
Q3ffdlj86ecxfcs8mpqzvobsmQ,learn_relquest,1.0,"[6, 5]",27.0,1.063,0,1.0,126,first
Q3ffdlj86ecxfcs8mpqzvobsmQ,learn_relquest,0.0,"[2, 5]",19.0,1.415,1,1.0,118,first
Q3ffdlj86ecxfcs8mpqzvobsmQ,learn_relquest,0.0,"[5, 2]",21.0,1.145,0,0.0,120,first
Q3ffdlj86ecxfcs8mpqzvobsmQ,learn_relquest,0.0,"[0, 1]",23.0,1.123,0,0.0,122,first
Q3ffdlj86ecxfcs8mpqzvobsmQ,learn_relquest,1.0,"[6, 2]",22.0,1.843,1,0.0,121,first
Q3ffdlj86ecxfcs8mpqzvobsmQ,learn_relquest,1.0,"[6, 7]",0.0,12.0,0,1.0,213,second
Q3ffdlj86ecxfcs8mpqzvobsmQ,learn_relquest,1.0,"[7, 1]",1.0,4.715,0,1.0,214,second
Q3ffdlj86ecxfcs8mpqzvobsmQ,learn_relquest,0.0,"[3, 0]",2.0,14.699,1,1.0,215,second
Q3ffdlj86ecxfcs8mpqzvobsmQ,learn_relquest,1.0,"[4, 1]",3.0,13.745,0,1.0,216,second
Q3ffdlj86ecxfcs8mpqzvobsmQ,learn_relquest,0.0,"[1, 0]",4.0,9.86,1,1.0,217,second
Q3ffdlj86ecxfcs8mpqzvobsmQ,learn_relquest,1.0,"[5, 6]",6.0,5.083,0,1.0,219,second
Q3ffdlj86ecxfcs8mpqzvobsmQ,learn_relquest,0.0,"[4, 5]",5.0,8.046,1,1.0,218,second
Q3ffdlj86ecxfcs8mpqzvobsmQ,learn_relquest,1.0,"[3, 5]",7.0,14.752,0,1.0,220,second
Q3ffdlj86ecxfcs8mpqzvobsmQ,learn_relquest,1.0,"[1, 4]",8.0,6.696,0,1.0,221,second
Q3ffdlj86ecxfcs8mpqzvobsmQ,learn_relquest,0.0,"[6, 3]",9.0,7.427,1,1.0,222,second
Q3ffdlj86ecxfcs8mpqzvobsmQ,learn_relquest,0.0,"[1, 3]",13.0,7.437,1,1.0,226,second
Q3ffdlj86ecxfcs8mpqzvobsmQ,learn_relquest,0.0,"[7, 5]",12.0,6.928,1,1.0,225,second
Q3ffdlj86ecxfcs8mpqzvobsmQ,learn_relquest,1.0,"[5, 3]",11.0,4.28,0,1.0,224,second
Q3ffdlj86ecxfcs8mpqzvobsmQ,learn_relquest,1.0,"[2, 6]",10.0,7.266,0,1.0,223,second
Q3ffdlj86ecxfcs8mpqzvobsmQ,learn_relquest,1.0,"[6, 5]",14.0,1.76,0,1.0,227,second
Q3ffdlj86ecxfcs8mpqzvobsmQ,learn_relquest,0.0,"[7, 4]",15.0,6.012,1,1.0,228,second
Q3ffdlj86ecxfcs8mpqzvobsmQ,learn_relquest,1.0,"[6, 2]",16.0,3.193,0,1.0,229,second
Q3ffdlj86ecxfcs8mpqzvobsmQ,learn_relquest,0.0,"[2, 7]",17.0,3.178,1,1.0,230,second
Q3ffdlj86ecxfcs8mpqzvobsmQ,learn_relquest,0.0,"[3, 6]",18.0,8.285,1,1.0,231,second
Q3ffdlj86ecxfcs8mpqzvobsmQ,learn_relquest,0.0,"[1, 5]",19.0,14.713,1,1.0,232,second
Q3ffdlj86ecxfcs8mpqzvobsmQ,learn_relquest,0.0,"[4, 6]",20.0,6.238,1,1.0,233,second
Q3ffdlj86ecxfcs8mpqzvobsmQ,learn_relquest,1.0,"[0, 7]",21.0,7.843,0,1.0,234,second
Q3ffdlj86ecxfcs8mpqzvobsmQ,learn_relquest,1.0,"[7, 0]",22.0,4.977,0,1.0,235,second
Q3ffdlj86ecxfcs8mpqzvobsmQ,learn_relquest,0.0,"[2, 1]",23.0,4.746,1,1.0,236,second
Q3ffdlj86ecxfcs8mpqzvobsmQ,learn_relquest,1.0,"[1, 7]",25.0,3.246,0,1.0,238,second
Q3ffdlj86ecxfcs8mpqzvobsmQ,learn_relquest,0.0,"[6, 1]",24.0,5.015,1,1.0,237,second
Q3ffdlj86ecxfcs8mpqzvobsmQ,learn_relquest,0.0,"[3, 1]",26.0,4.265,1,1.0,239,second
Q3ffdlj86ecxfcs8mpqzvobsmQ,learn_relquest,1.0,"[7, 6]",27.0,7.146,0,1.0,240,second
Q3ffdlj86ecxfcs8mpqzvobsmQ,learn_relquest,1.0,"[6, 5]",0.0,12.528,0,1.0,327,third
Q3ffdlj86ecxfcs8mpqzvobsmQ,learn_relquest,1.0,"[4, 1]",1.0,6.185,0,1.0,328,third
Q3ffdlj86ecxfcs8mpqzvobsmQ,learn_relquest,0.0,"[6, 4]",2.0,6.283,1,1.0,329,third
Q3ffdlj86ecxfcs8mpqzvobsmQ,learn_relquest,0.0,"[3, 4]",3.0,5.803,1,1.0,330,third
Q3ffdlj86ecxfcs8mpqzvobsmQ,learn_relquest,1.0,"[7, 0]",4.0,7.168,0,1.0,331,third
Q3ffdlj86ecxfcs8mpqzvobsmQ,learn_relquest,0.0,"[5, 2]",5.0,4.46,0,0.0,332,third
Q3ffdlj86ecxfcs8mpqzvobsmQ,learn_relquest,1.0,"[5, 6]",6.0,3.831,0,1.0,333,third
Q3ffdlj86ecxfcs8mpqzvobsmQ,learn_relquest,0.0,"[3, 2]",7.0,4.812,1,1.0,334,third
Q3ffdlj86ecxfcs8mpqzvobsmQ,learn_relquest,0.0,"[4, 0]",8.0,8.998,1,1.0,335,third
Q3ffdlj86ecxfcs8mpqzvobsmQ,learn_relquest,1.0,"[7, 6]",9.0,35.364,0,1.0,336,third
Q3ffdlj86ecxfcs8mpqzvobsmQ,learn_relquest,0.0,"[2, 7]",13.0,4.708,1,1.0,340,third
Q3ffdlj86ecxfcs8mpqzvobsmQ,learn_relquest,1.0,"[2, 6]",10.0,4.29,0,1.0,337,third
Q3ffdlj86ecxfcs8mpqzvobsmQ,learn_relquest,0.0,"[1, 0]",11.0,7.843,1,1.0,338,third
Q3ffdlj86ecxfcs8mpqzvobsmQ,learn_relquest,0.0,"[3, 1]",12.0,2.997,1,1.0,339,third
Q3ffdlj86ecxfcs8mpqzvobsmQ,learn_relquest,0.0,"[7, 4]",14.0,6.944,1,1.0,341,third
Q3ffdlj86ecxfcs8mpqzvobsmQ,learn_relquest,0.0,"[2, 3]",15.0,17.846,1,1.0,342,third
Q3ffdlj86ecxfcs8mpqzvobsmQ,learn_relquest,0.0,"[1, 5]",16.0,8.631,1,1.0,343,third
Q3ffdlj86ecxfcs8mpqzvobsmQ,learn_relquest,0.0,"[4, 3]",17.0,8.12,1,1.0,344,third
Q3ffdlj86ecxfcs8mpqzvobsmQ,learn_relquest,1.0,"[1, 4]",18.0,4.866,0,1.0,345,third
Q3ffdlj86ecxfcs8mpqzvobsmQ,learn_relquest,1.0,"[3, 5]",19.0,9.635,0,1.0,346,third
Q3ffdlj86ecxfcs8mpqzvobsmQ,learn_relquest,0.0,"[6, 1]",21.0,8.353,1,1.0,348,third
Q3ffdlj86ecxfcs8mpqzvobsmQ,learn_relquest,1.0,"[7, 1]",20.0,4.91,0,1.0,347,third
Q3ffdlj86ecxfcs8mpqzvobsmQ,learn_relquest,1.0,"[6, 2]",22.0,3.207,0,1.0,349,third
Q3ffdlj86ecxfcs8mpqzvobsmQ,learn_relquest,1.0,"[6, 7]",23.0,8.098,0,1.0,350,third
Q3ffdlj86ecxfcs8mpqzvobsmQ,learn_relquest,1.0,"[1, 7]",25.0,3.56,0,1.0,352,third
Q3ffdlj86ecxfcs8mpqzvobsmQ,learn_relquest,0.0,"[3, 6]",24.0,4.093,1,1.0,351,third
Q3ffdlj86ecxfcs8mpqzvobsmQ,learn_relquest,1.0,"[0, 7]",26.0,15.171,0,1.0,353,third
Q3ffdlj86ecxfcs8mpqzvobsmQ,learn_relquest,1.0,"[5, 3]",27.0,19.61,0,1.0,354,third
Q3ffdlj86ecxfcs8mpqzvobsmQ,learn_relquest,1.0,"[3, 5]",0.0,6.89,0,1.0,441,fourth
Q3ffdlj86ecxfcs8mpqzvobsmQ,learn_relquest,0.0,"[4, 6]",3.0,5.346,1,1.0,444,fourth
Q3ffdlj86ecxfcs8mpqzvobsmQ,learn_relquest,0.0,"[7, 5]",1.0,9.29,1,1.0,442,fourth
Q3ffdlj86ecxfcs8mpqzvobsmQ,learn_relquest,1.0,"[1, 7]",2.0,4.131,0,1.0,443,fourth
Q3ffdlj86ecxfcs8mpqzvobsmQ,learn_relquest,0.0,"[7, 4]",4.0,5.908,1,1.0,445,fourth
Q3ffdlj86ecxfcs8mpqzvobsmQ,learn_relquest,1.0,"[5, 6]",5.0,10.918,0,1.0,446,fourth
Q3ffdlj86ecxfcs8mpqzvobsmQ,learn_relquest,0.0,"[5, 1]",6.0,8.247,1,1.0,447,fourth
Q3ffdlj86ecxfcs8mpqzvobsmQ,learn_relquest,1.0,"[5, 3]",7.0,3.186,0,1.0,448,fourth
Q3ffdlj86ecxfcs8mpqzvobsmQ,learn_relquest,0.0,"[2, 0]",8.0,4.274,1,1.0,449,fourth
Q3ffdlj86ecxfcs8mpqzvobsmQ,learn_relquest,0.0,"[6, 1]",9.0,5.082,1,1.0,450,fourth
Q3ffdlj86ecxfcs8mpqzvobsmQ,learn_relquest,0.0,"[0, 3]",12.0,6.132,1,1.0,453,fourth
Q3ffdlj86ecxfcs8mpqzvobsmQ,learn_relquest,0.0,"[1, 2]",10.0,3.696,1,1.0,451,fourth
Q3ffdlj86ecxfcs8mpqzvobsmQ,learn_relquest,1.0,"[2, 6]",11.0,3.035,0,1.0,452,fourth
Q3ffdlj86ecxfcs8mpqzvobsmQ,learn_relquest,1.0,"[0, 7]",13.0,2.894,0,1.0,454,fourth
Q3ffdlj86ecxfcs8mpqzvobsmQ,learn_relquest,0.0,"[2, 4]",14.0,3.344,1,1.0,455,fourth
Q3ffdlj86ecxfcs8mpqzvobsmQ,learn_relquest,1.0,"[7, 0]",15.0,6.334,0,1.0,456,fourth
Q3ffdlj86ecxfcs8mpqzvobsmQ,learn_relquest,1.0,"[4, 1]",16.0,7.281,0,1.0,457,fourth
Q3ffdlj86ecxfcs8mpqzvobsmQ,learn_relquest,1.0,"[6, 5]",17.0,5.465,0,1.0,458,fourth
Q3ffdlj86ecxfcs8mpqzvobsmQ,learn_relquest,1.0,"[7, 1]",18.0,7.085,0,1.0,459,fourth
Q3ffdlj86ecxfcs8mpqzvobsmQ,learn_relquest,1.0,"[6, 7]",19.0,11.06,0,1.0,460,fourth
Q3ffdlj86ecxfcs8mpqzvobsmQ,learn_relquest,1.0,"[6, 2]",22.0,4.349,0,1.0,463,fourth
Q3ffdlj86ecxfcs8mpqzvobsmQ,learn_relquest,0.0,"[7, 3]",20.0,5.016,1,1.0,461,fourth
Q3ffdlj86ecxfcs8mpqzvobsmQ,learn_relquest,0.0,"[5, 7]",21.0,7.654,1,1.0,462,fourth
Q3ffdlj86ecxfcs8mpqzvobsmQ,learn_relquest,0.0,"[0, 2]",23.0,4.73,1,1.0,464,fourth
Q3ffdlj86ecxfcs8mpqzvobsmQ,learn_relquest,0.0,"[3, 2]",24.0,5.173,1,1.0,465,fourth
Q3ffdlj86ecxfcs8mpqzvobsmQ,learn_relquest,0.0,"[4, 7]",25.0,7.399,1,1.0,466,fourth
Q3ffdlj86ecxfcs8mpqzvobsmQ,learn_relquest,1.0,"[7, 6]",26.0,8.489,0,1.0,467,fourth
Q3ffdlj86ecxfcs8mpqzvobsmQ,learn_relquest,1.0,"[1, 4]",27.0,3.463,0,1.0,468,fourth
Q3ffdlj86ecxfcs8mpqzvobsmQ,learn_relquest,0.0,"[2, 1]",0.0,14.555,1,1.0,555,fifth
Q3ffdlj86ecxfcs8mpqzvobsmQ,learn_relquest,0.0,"[1, 3]",2.0,4.802,1,1.0,557,fifth
Q3ffdlj86ecxfcs8mpqzvobsmQ,learn_relquest,1.0,"[1, 7]",1.0,2.872,0,1.0,556,fifth
Q3ffdlj86ecxfcs8mpqzvobsmQ,learn_relquest,1.0,"[3, 5]",3.0,7.641,0,1.0,558,fifth
Q3ffdlj86ecxfcs8mpqzvobsmQ,learn_relquest,0.0,"[6, 4]",4.0,4.28,1,1.0,559,fifth
Q3ffdlj86ecxfcs8mpqzvobsmQ,learn_relquest,0.0,"[0, 4]",8.0,4.317,1,1.0,563,fifth
Q3ffdlj86ecxfcs8mpqzvobsmQ,learn_relquest,0.0,"[3, 2]",5.0,4.483,1,1.0,560,fifth
Q3ffdlj86ecxfcs8mpqzvobsmQ,learn_relquest,0.0,"[3, 4]",7.0,5.143,1,1.0,562,fifth
Q3ffdlj86ecxfcs8mpqzvobsmQ,learn_relquest,0.0,"[4, 2]",6.0,4.798,1,1.0,561,fifth
Q3ffdlj86ecxfcs8mpqzvobsmQ,learn_relquest,0.0,"[1, 5]",9.0,7.461,1,1.0,564,fifth
Q3ffdlj86ecxfcs8mpqzvobsmQ,learn_relquest,0.0,"[1, 0]",10.0,5.922,1,1.0,565,fifth
Q3ffdlj86ecxfcs8mpqzvobsmQ,learn_relquest,1.0,"[7, 6]",11.0,4.866,0,1.0,566,fifth
Q3ffdlj86ecxfcs8mpqzvobsmQ,learn_relquest,1.0,"[7, 0]",12.0,4.709,0,1.0,567,fifth
Q3ffdlj86ecxfcs8mpqzvobsmQ,learn_relquest,1.0,"[7, 1]",13.0,3.38,0,1.0,568,fifth
Q3ffdlj86ecxfcs8mpqzvobsmQ,learn_relquest,1.0,"[1, 4]",15.0,5.64,0,1.0,570,fifth
Q3ffdlj86ecxfcs8mpqzvobsmQ,learn_relquest,1.0,"[2, 6]",16.0,2.938,0,1.0,571,fifth
Q3ffdlj86ecxfcs8mpqzvobsmQ,learn_relquest,1.0,"[6, 5]",14.0,6.58,0,1.0,569,fifth
Q3ffdlj86ecxfcs8mpqzvobsmQ,learn_relquest,0.0,"[0, 2]",17.0,4.739,1,1.0,572,fifth
Q3ffdlj86ecxfcs8mpqzvobsmQ,learn_relquest,1.0,"[5, 3]",18.0,13.865,0,1.0,573,fifth
Q3ffdlj86ecxfcs8mpqzvobsmQ,learn_relquest,0.0,"[1, 6]",19.0,6.327,1,1.0,574,fifth
Q3ffdlj86ecxfcs8mpqzvobsmQ,learn_relquest,1.0,"[4, 1]",23.0,5.757,0,1.0,578,fifth
Q3ffdlj86ecxfcs8mpqzvobsmQ,learn_relquest,1.0,"[5, 6]",24.0,1.805,0,1.0,579,fifth
Q3ffdlj86ecxfcs8mpqzvobsmQ,learn_relquest,1.0,"[6, 2]",22.0,1.926,0,1.0,577,fifth
Q3ffdlj86ecxfcs8mpqzvobsmQ,learn_relquest,1.0,"[0, 7]",20.0,3.38,0,1.0,575,fifth
Q3ffdlj86ecxfcs8mpqzvobsmQ,learn_relquest,0.0,"[5, 0]",21.0,5.203,1,1.0,576,fifth
Q3ffdlj86ecxfcs8mpqzvobsmQ,learn_relquest,0.0,"[7, 4]",25.0,7.394,1,1.0,580,fifth
Q3ffdlj86ecxfcs8mpqzvobsmQ,learn_relquest,1.0,"[6, 7]",26.0,6.785,0,1.0,581,fifth
Q3ffdlj86ecxfcs8mpqzvobsmQ,learn_relquest,0.0,"[7, 5]",27.0,6.636,1,1.0,582,fifth
Qcn39qwbwepty860pzdnrhydiQ,learn_relquest,0.0,"[0, 4]",0.0,2.229,1,1.0,99,first
Qcn39qwbwepty860pzdnrhydiQ,learn_relquest,0.0,"[4, 2]",1.0,1.256,0,0.0,100,first
Qcn39qwbwepty860pzdnrhydiQ,learn_relquest,1.0,"[5, 6]",2.0,2.193,1,0.0,101,first
Qcn39qwbwepty860pzdnrhydiQ,learn_relquest,0.0,"[2, 3]",3.0,0.954,0,0.0,102,first
Qcn39qwbwepty860pzdnrhydiQ,learn_relquest,1.0,"[3, 5]",4.0,1.804,1,0.0,103,first
Qcn39qwbwepty860pzdnrhydiQ,learn_relquest,0.0,"[3, 6]",5.0,0.779,0,0.0,104,first
Qcn39qwbwepty860pzdnrhydiQ,learn_relquest,0.0,"[5, 2]",6.0,3.152,1,1.0,105,first
Qcn39qwbwepty860pzdnrhydiQ,learn_relquest,1.0,"[7, 1]",7.0,1.054,1,0.0,106,first
Qcn39qwbwepty860pzdnrhydiQ,learn_relquest,1.0,"[7, 6]",8.0,0.803,0,1.0,107,first
Qcn39qwbwepty860pzdnrhydiQ,learn_relquest,1.0,"[1, 7]",9.0,1.242,1,0.0,108,first
Qcn39qwbwepty860pzdnrhydiQ,learn_relquest,1.0,"[4, 1]",10.0,0.929,0,1.0,109,first
Qcn39qwbwepty860pzdnrhydiQ,learn_relquest,0.0,"[7, 5]",11.0,0.801,0,0.0,110,first
Qcn39qwbwepty860pzdnrhydiQ,learn_relquest,0.0,"[5, 4]",12.0,1.114,0,0.0,111,first
Qcn39qwbwepty860pzdnrhydiQ,learn_relquest,1.0,"[6, 7]",13.0,1.216,0,1.0,112,first
Qcn39qwbwepty860pzdnrhydiQ,learn_relquest,1.0,"[2, 6]",14.0,0.886,1,0.0,113,first
Qcn39qwbwepty860pzdnrhydiQ,learn_relquest,1.0,"[0, 7]",15.0,1.121,1,0.0,114,first
Qcn39qwbwepty860pzdnrhydiQ,learn_relquest,1.0,"[1, 4]",16.0,0.877,0,1.0,115,first
Qcn39qwbwepty860pzdnrhydiQ,learn_relquest,0.0,"[6, 1]",17.0,0.876,0,0.0,116,first
Qcn39qwbwepty860pzdnrhydiQ,learn_relquest,0.0,"[4, 6]",18.0,0.493,1,1.0,117,first
Qcn39qwbwepty860pzdnrhydiQ,learn_relquest,0.0,"[1, 6]",19.0,1.592,1,1.0,118,first
Qcn39qwbwepty860pzdnrhydiQ,learn_relquest,0.0,"[5, 1]",20.0,0.817,0,0.0,119,first
Qcn39qwbwepty860pzdnrhydiQ,learn_relquest,1.0,"[6, 5]",21.0,0.893,0,1.0,120,first
Qcn39qwbwepty860pzdnrhydiQ,learn_relquest,1.0,"[5, 3]",22.0,0.83,0,1.0,121,first
Qcn39qwbwepty860pzdnrhydiQ,learn_relquest,0.0,"[2, 5]",23.0,0.72,1,1.0,122,first
Qcn39qwbwepty860pzdnrhydiQ,learn_relquest,1.0,"[6, 2]",24.0,0.578,1,0.0,123,first
Qcn39qwbwepty860pzdnrhydiQ,learn_relquest,0.0,"[5, 7]",25.0,0.887,0,0.0,124,first
Qcn39qwbwepty860pzdnrhydiQ,learn_relquest,1.0,"[7, 0]",26.0,1.317,0,1.0,125,first
Qcn39qwbwepty860pzdnrhydiQ,learn_relquest,0.0,"[7, 2]",27.0,1.215,1,1.0,126,first
Qcn39qwbwepty860pzdnrhydiQ,learn_relquest,1.0,"[0, 7]",0.0,5.308,0,1.0,213,second
Qcn39qwbwepty860pzdnrhydiQ,learn_relquest,1.0,"[5, 6]",1.0,2.99,0,1.0,214,second
Qcn39qwbwepty860pzdnrhydiQ,learn_relquest,1.0,"[1, 7]",2.0,5.425,1,0.0,215,second
Qcn39qwbwepty860pzdnrhydiQ,learn_relquest,1.0,"[1, 4]",3.0,2.695,0,1.0,216,second
Qcn39qwbwepty860pzdnrhydiQ,learn_relquest,1.0,"[6, 2]",4.0,3.448,0,1.0,217,second
Qcn39qwbwepty860pzdnrhydiQ,learn_relquest,0.0,"[2, 7]",5.0,5.02,1,1.0,218,second
Qcn39qwbwepty860pzdnrhydiQ,learn_relquest,1.0,"[3, 5]",6.0,1.881,1,0.0,219,second
Qcn39qwbwepty860pzdnrhydiQ,learn_relquest,0.0,"[6, 3]",7.0,1.927,0,0.0,220,second
Qcn39qwbwepty860pzdnrhydiQ,learn_relquest,1.0,"[2, 6]",8.0,3.218,0,1.0,221,second
Qcn39qwbwepty860pzdnrhydiQ,learn_relquest,0.0,"[1, 6]",9.0,3.167,1,1.0,222,second
Qcn39qwbwepty860pzdnrhydiQ,learn_relquest,0.0,"[4, 6]",10.0,4.85,0,0.0,223,second
Qcn39qwbwepty860pzdnrhydiQ,learn_relquest,1.0,"[7, 1]",11.0,5.452,0,1.0,224,second
Qcn39qwbwepty860pzdnrhydiQ,learn_relquest,0.0,"[7, 3]",12.0,2.012,1,1.0,225,second
Qcn39qwbwepty860pzdnrhydiQ,learn_relquest,0.0,"[5, 1]",13.0,3.726,1,1.0,226,second
Qcn39qwbwepty860pzdnrhydiQ,learn_relquest,0.0,"[5, 2]",14.0,1.799,1,1.0,227,second
Qcn39qwbwepty860pzdnrhydiQ,learn_relquest,0.0,"[3, 7]",15.0,1.575,1,1.0,228,second
Qcn39qwbwepty860pzdnrhydiQ,learn_relquest,0.0,"[0, 2]",16.0,3.497,0,0.0,229,second
Qcn39qwbwepty860pzdnrhydiQ,learn_relquest,1.0,"[7, 6]",17.0,3.737,0,1.0,230,second
Qcn39qwbwepty860pzdnrhydiQ,learn_relquest,0.0,"[3, 0]",18.0,1.698,1,1.0,231,second
Qcn39qwbwepty860pzdnrhydiQ,learn_relquest,1.0,"[5, 3]",19.0,2.218,0,1.0,232,second
Qcn39qwbwepty860pzdnrhydiQ,learn_relquest,1.0,"[4, 1]",20.0,3.846,1,0.0,233,second
Qcn39qwbwepty860pzdnrhydiQ,learn_relquest,1.0,"[7, 0]",21.0,4.33,0,1.0,234,second
Qcn39qwbwepty860pzdnrhydiQ,learn_relquest,0.0,"[7, 5]",22.0,2.46,1,1.0,235,second
Qcn39qwbwepty860pzdnrhydiQ,learn_relquest,0.0,"[2, 3]",23.0,2.46,0,0.0,236,second
Qcn39qwbwepty860pzdnrhydiQ,learn_relquest,0.0,"[1, 5]",24.0,1.447,1,1.0,237,second
Qcn39qwbwepty860pzdnrhydiQ,learn_relquest,0.0,"[5, 4]",25.0,0.908,0,0.0,238,second
Qcn39qwbwepty860pzdnrhydiQ,learn_relquest,1.0,"[6, 7]",26.0,1.388,0,1.0,239,second
Qcn39qwbwepty860pzdnrhydiQ,learn_relquest,1.0,"[6, 5]",27.0,3.092,1,0.0,240,second
Qcn39qwbwepty860pzdnrhydiQ,learn_relquest,0.0,"[5, 0]",0.0,3.97,0,0.0,327,third
Qcn39qwbwepty860pzdnrhydiQ,learn_relquest,0.0,"[2, 3]",1.0,1.969,1,1.0,328,third
Qcn39qwbwepty860pzdnrhydiQ,learn_relquest,0.0,"[5, 1]",2.0,3.347,1,1.0,329,third
Qcn39qwbwepty860pzdnrhydiQ,learn_relquest,0.0,"[4, 6]",3.0,1.88,0,0.0,330,third
Qcn39qwbwepty860pzdnrhydiQ,learn_relquest,1.0,"[5, 6]",4.0,1.999,0,1.0,331,third
Qcn39qwbwepty860pzdnrhydiQ,learn_relquest,1.0,"[2, 6]",5.0,3.366,1,0.0,332,third
Qcn39qwbwepty860pzdnrhydiQ,learn_relquest,0.0,"[4, 5]",6.0,3.051,1,1.0,333,third
Qcn39qwbwepty860pzdnrhydiQ,learn_relquest,1.0,"[1, 4]",7.0,2.201,0,1.0,334,third
Qcn39qwbwepty860pzdnrhydiQ,learn_relquest,1.0,"[4, 1]",8.0,1.625,1,0.0,335,third
Qcn39qwbwepty860pzdnrhydiQ,learn_relquest,0.0,"[3, 2]",9.0,2.201,1,1.0,336,third
Qcn39qwbwepty860pzdnrhydiQ,learn_relquest,0.0,"[0, 1]",10.0,2.821,1,1.0,337,third
Qcn39qwbwepty860pzdnrhydiQ,learn_relquest,0.0,"[0, 2]",11.0,0.981,0,0.0,338,third
Qcn39qwbwepty860pzdnrhydiQ,learn_relquest,1.0,"[5, 3]",12.0,2.36,0,1.0,339,third
Qcn39qwbwepty860pzdnrhydiQ,learn_relquest,1.0,"[1, 7]",13.0,1.092,1,0.0,340,third
Qcn39qwbwepty860pzdnrhydiQ,learn_relquest,0.0,"[4, 2]",14.0,1.144,0,0.0,341,third
Qcn39qwbwepty860pzdnrhydiQ,learn_relquest,1.0,"[0, 7]",15.0,0.931,0,1.0,342,third
Qcn39qwbwepty860pzdnrhydiQ,learn_relquest,1.0,"[6, 2]",16.0,0.741,0,1.0,343,third
Qcn39qwbwepty860pzdnrhydiQ,learn_relquest,1.0,"[3, 5]",17.0,1.262,1,0.0,344,third
Qcn39qwbwepty860pzdnrhydiQ,learn_relquest,1.0,"[7, 6]",18.0,0.734,0,1.0,345,third
Qcn39qwbwepty860pzdnrhydiQ,learn_relquest,1.0,"[6, 7]",19.0,0.557,0,1.0,346,third
Qcn39qwbwepty860pzdnrhydiQ,learn_relquest,0.0,"[5, 2]",20.0,2.608,0,0.0,347,third
Qcn39qwbwepty860pzdnrhydiQ,learn_relquest,1.0,"[6, 5]",21.0,4.936,0,1.0,348,third
Qcn39qwbwepty860pzdnrhydiQ,learn_relquest,0.0,"[7, 4]",22.0,4.959,1,1.0,349,third
Qcn39qwbwepty860pzdnrhydiQ,learn_relquest,1.0,"[7, 1]",23.0,1.897,0,1.0,350,third
Qcn39qwbwepty860pzdnrhydiQ,learn_relquest,0.0,"[0, 4]",24.0,2.154,0,0.0,351,third
Qcn39qwbwepty860pzdnrhydiQ,learn_relquest,0.0,"[1, 2]",25.0,2.279,1,1.0,352,third
Qcn39qwbwepty860pzdnrhydiQ,learn_relquest,0.0,"[4, 7]",26.0,0.939,0,0.0,353,third
Qcn39qwbwepty860pzdnrhydiQ,learn_relquest,1.0,"[7, 0]",27.0,0.744,0,1.0,354,third
Qcn39qwbwepty860pzdnrhydiQ,learn_relquest,0.0,"[2, 3]",0.0,2.891,0,0.0,441,fourth
Qcn39qwbwepty860pzdnrhydiQ,learn_relquest,1.0,"[4, 1]",1.0,1.249,0,1.0,442,fourth
Qcn39qwbwepty860pzdnrhydiQ,learn_relquest,0.0,"[6, 0]",2.0,3.041,1,1.0,443,fourth
Qcn39qwbwepty860pzdnrhydiQ,learn_relquest,0.0,"[2, 5]",3.0,1.374,0,0.0,444,fourth
Qcn39qwbwepty860pzdnrhydiQ,learn_relquest,0.0,"[3, 1]",4.0,0.706,0,0.0,445,fourth
Qcn39qwbwepty860pzdnrhydiQ,learn_relquest,1.0,"[1, 4]",5.0,0.785,0,1.0,446,fourth
Qcn39qwbwepty860pzdnrhydiQ,learn_relquest,0.0,"[0, 3]",6.0,2.904,1,1.0,447,fourth
Qcn39qwbwepty860pzdnrhydiQ,learn_relquest,1.0,"[1, 7]",7.0,1.047,1,0.0,448,fourth
Qcn39qwbwepty860pzdnrhydiQ,learn_relquest,1.0,"[7, 6]",8.0,1.225,0,1.0,449,fourth
Qcn39qwbwepty860pzdnrhydiQ,learn_relquest,1.0,"[2, 6]",9.0,2.172,0,1.0,450,fourth
Qcn39qwbwepty860pzdnrhydiQ,learn_relquest,1.0,"[7, 1]",10.0,0.989,1,0.0,451,fourth
Qcn39qwbwepty860pzdnrhydiQ,learn_relquest,0.0,"[3, 2]",11.0,0.894,1,1.0,452,fourth
Qcn39qwbwepty860pzdnrhydiQ,learn_relquest,0.0,"[4, 3]",12.0,0.627,0,0.0,453,fourth
Qcn39qwbwepty860pzdnrhydiQ,learn_relquest,1.0,"[5, 3]",13.0,0.624,0,1.0,454,fourth
Qcn39qwbwepty860pzdnrhydiQ,learn_relquest,0.0,"[4, 7]",14.0,0.609,0,0.0,455,fourth
Qcn39qwbwepty860pzdnrhydiQ,learn_relquest,1.0,"[0, 7]",15.0,0.694,0,1.0,456,fourth
Qcn39qwbwepty860pzdnrhydiQ,learn_relquest,0.0,"[1, 3]",16.0,0.878,1,1.0,457,fourth
Qcn39qwbwepty860pzdnrhydiQ,learn_relquest,1.0,"[5, 6]",17.0,0.602,0,1.0,458,fourth
Qcn39qwbwepty860pzdnrhydiQ,learn_relquest,0.0,"[3, 4]",18.0,0.483,0,0.0,459,fourth
Qcn39qwbwepty860pzdnrhydiQ,learn_relquest,0.0,"[7, 3]",19.0,1.008,1,1.0,460,fourth
Qcn39qwbwepty860pzdnrhydiQ,learn_relquest,1.0,"[3, 5]",20.0,0.485,0,1.0,461,fourth
Qcn39qwbwepty860pzdnrhydiQ,learn_relquest,1.0,"[6, 7]",21.0,0.233,0,1.0,462,fourth
Qcn39qwbwepty860pzdnrhydiQ,learn_relquest,0.0,"[4, 6]",22.0,0.613,0,0.0,463,fourth
Qcn39qwbwepty860pzdnrhydiQ,learn_relquest,0.0,"[6, 3]",23.0,0.736,0,0.0,464,fourth
Qcn39qwbwepty860pzdnrhydiQ,learn_relquest,0.0,"[0, 5]",24.0,0.811,1,1.0,465,fourth
Qcn39qwbwepty860pzdnrhydiQ,learn_relquest,1.0,"[6, 2]",25.0,0.486,0,1.0,466,fourth
Qcn39qwbwepty860pzdnrhydiQ,learn_relquest,1.0,"[7, 0]",26.0,0.443,0,1.0,467,fourth
Qcn39qwbwepty860pzdnrhydiQ,learn_relquest,1.0,"[6, 5]",27.0,0.439,0,1.0,468,fourth
Qcn39qwbwepty860pzdnrhydiQ,learn_relquest,1.0,"[5, 3]",0.0,1.481,0,1.0,555,fifth
Qcn39qwbwepty860pzdnrhydiQ,learn_relquest,1.0,"[5, 6]",1.0,0.732,0,1.0,556,fifth
Qcn39qwbwepty860pzdnrhydiQ,learn_relquest,1.0,"[6, 2]",2.0,1.683,0,1.0,557,fifth
Qcn39qwbwepty860pzdnrhydiQ,learn_relquest,0.0,"[0, 5]",3.0,0.815,1,1.0,558,fifth
Qcn39qwbwepty860pzdnrhydiQ,learn_relquest,1.0,"[6, 5]",4.0,0.633,0,1.0,559,fifth
Qcn39qwbwepty860pzdnrhydiQ,learn_relquest,1.0,"[2, 6]",5.0,0.801,0,1.0,560,fifth
Qcn39qwbwepty860pzdnrhydiQ,learn_relquest,1.0,"[3, 5]",6.0,2.473,0,1.0,561,fifth
Qcn39qwbwepty860pzdnrhydiQ,learn_relquest,0.0,"[4, 5]",7.0,1.155,0,0.0,562,fifth
Qcn39qwbwepty860pzdnrhydiQ,learn_relquest,1.0,"[1, 7]",8.0,0.854,1,0.0,563,fifth
Qcn39qwbwepty860pzdnrhydiQ,learn_relquest,0.0,"[1, 0]",9.0,0.716,1,1.0,564,fifth
Qcn39qwbwepty860pzdnrhydiQ,learn_relquest,1.0,"[1, 4]",10.0,0.926,0,1.0,565,fifth
Qcn39qwbwepty860pzdnrhydiQ,learn_relquest,0.0,"[2, 7]",11.0,0.583,0,0.0,566,fifth
Qcn39qwbwepty860pzdnrhydiQ,learn_relquest,0.0,"[1, 3]",12.0,0.495,0,0.0,567,fifth
Qcn39qwbwepty860pzdnrhydiQ,learn_relquest,1.0,"[4, 1]",13.0,0.793,1,0.0,568,fifth
Qcn39qwbwepty860pzdnrhydiQ,learn_relquest,0.0,"[3, 1]",14.0,0.899,1,1.0,569,fifth
Qcn39qwbwepty860pzdnrhydiQ,learn_relquest,0.0,"[6, 3]",15.0,0.441,0,0.0,570,fifth
Qcn39qwbwepty860pzdnrhydiQ,learn_relquest,1.0,"[7, 0]",16.0,0.503,0,1.0,571,fifth
Qcn39qwbwepty860pzdnrhydiQ,learn_relquest,0.0,"[1, 6]",17.0,0.432,0,0.0,572,fifth
Qcn39qwbwepty860pzdnrhydiQ,learn_relquest,0.0,"[4, 0]",18.0,0.479,0,0.0,573,fifth
Qcn39qwbwepty860pzdnrhydiQ,learn_relquest,1.0,"[7, 6]",19.0,0.788,0,1.0,574,fifth
Qcn39qwbwepty860pzdnrhydiQ,learn_relquest,1.0,"[6, 7]",20.0,0.547,0,1.0,575,fifth
Qcn39qwbwepty860pzdnrhydiQ,learn_relquest,1.0,"[0, 7]",21.0,0.919,1,0.0,576,fifth
Qcn39qwbwepty860pzdnrhydiQ,learn_relquest,0.0,"[7, 3]",22.0,0.539,0,0.0,577,fifth
Qcn39qwbwepty860pzdnrhydiQ,learn_relquest,0.0,"[5, 2]",23.0,0.491,0,0.0,578,fifth
Qcn39qwbwepty860pzdnrhydiQ,learn_relquest,0.0,"[5, 0]",24.0,0.97,0,0.0,579,fifth
Qcn39qwbwepty860pzdnrhydiQ,learn_relquest,1.0,"[7, 1]",25.0,0.591,1,0.0,580,fifth
Qcn39qwbwepty860pzdnrhydiQ,learn_relquest,0.0,"[3, 4]",26.0,0.411,0,0.0,581,fifth
Qcn39qwbwepty860pzdnrhydiQ,learn_relquest,0.0,"[6, 4]",27.0,0.492,0,0.0,582,fifth
Q0ww7l1cbyjw8hbduuj54g0tfQ,learn_relquest,0.0,"[2, 4]",0.0,1.822,1,1.0,99,first
Q0ww7l1cbyjw8hbduuj54g0tfQ,learn_relquest,1.0,"[7, 1]",1.0,0.913,0,1.0,100,first
Q0ww7l1cbyjw8hbduuj54g0tfQ,learn_relquest,1.0,"[3, 5]",2.0,1.353,1,0.0,101,first
Q0ww7l1cbyjw8hbduuj54g0tfQ,learn_relquest,1.0,"[2, 6]",3.0,0.755,0,1.0,102,first
Q0ww7l1cbyjw8hbduuj54g0tfQ,learn_relquest,1.0,"[1, 7]",4.0,1.033,0,1.0,103,first
Q0ww7l1cbyjw8hbduuj54g0tfQ,learn_relquest,0.0,"[1, 0]",5.0,1.549,1,1.0,104,first
Q0ww7l1cbyjw8hbduuj54g0tfQ,learn_relquest,1.0,"[6, 5]",6.0,1.273,1,0.0,105,first
Q0ww7l1cbyjw8hbduuj54g0tfQ,learn_relquest,0.0,"[5, 7]",7.0,1.45,1,1.0,106,first
Q0ww7l1cbyjw8hbduuj54g0tfQ,learn_relquest,1.0,"[7, 0]",8.0,0.862,0,1.0,107,first
Q0ww7l1cbyjw8hbduuj54g0tfQ,learn_relquest,0.0,"[0, 1]",9.0,1.946,1,1.0,108,first
Q0ww7l1cbyjw8hbduuj54g0tfQ,learn_relquest,0.0,"[1, 6]",10.0,0.923,0,0.0,109,first
Q0ww7l1cbyjw8hbduuj54g0tfQ,learn_relquest,1.0,"[4, 1]",11.0,0.981,0,1.0,110,first
Q0ww7l1cbyjw8hbduuj54g0tfQ,learn_relquest,0.0,"[4, 0]",12.0,0.874,1,1.0,111,first
Q0ww7l1cbyjw8hbduuj54g0tfQ,learn_relquest,0.0,"[1, 5]",13.0,0.785,1,1.0,112,first
Q0ww7l1cbyjw8hbduuj54g0tfQ,learn_relquest,0.0,"[0, 5]",14.0,1.25,1,1.0,113,first
Q0ww7l1cbyjw8hbduuj54g0tfQ,learn_relquest,0.0,"[3, 4]",15.0,1.669,1,1.0,114,first
Q0ww7l1cbyjw8hbduuj54g0tfQ,learn_relquest,1.0,"[6, 2]",16.0,0.703,0,1.0,115,first
Q0ww7l1cbyjw8hbduuj54g0tfQ,learn_relquest,1.0,"[1, 4]",17.0,1.347,0,1.0,116,first
Q0ww7l1cbyjw8hbduuj54g0tfQ,learn_relquest,1.0,"[5, 6]",18.0,0.887,1,0.0,117,first
Q0ww7l1cbyjw8hbduuj54g0tfQ,learn_relquest,1.0,"[5, 3]",19.0,2.835,0,1.0,118,first
Q0ww7l1cbyjw8hbduuj54g0tfQ,learn_relquest,0.0,"[6, 0]",20.0,0.796,0,0.0,119,first
Q0ww7l1cbyjw8hbduuj54g0tfQ,learn_relquest,0.0,"[1, 3]",21.0,0.542,1,1.0,120,first
Q0ww7l1cbyjw8hbduuj54g0tfQ,learn_relquest,0.0,"[6, 3]",22.0,0.907,1,1.0,121,first
Q0ww7l1cbyjw8hbduuj54g0tfQ,learn_relquest,1.0,"[0, 7]",23.0,0.648,0,1.0,122,first
Q0ww7l1cbyjw8hbduuj54g0tfQ,learn_relquest,1.0,"[7, 6]",24.0,0.905,1,0.0,123,first
Q0ww7l1cbyjw8hbduuj54g0tfQ,learn_relquest,0.0,"[1, 2]",25.0,0.776,0,0.0,124,first
Q0ww7l1cbyjw8hbduuj54g0tfQ,learn_relquest,1.0,"[6, 7]",26.0,0.51,1,0.0,125,first
Q0ww7l1cbyjw8hbduuj54g0tfQ,learn_relquest,0.0,"[6, 4]",27.0,0.195,1,1.0,126,first
Q0ww7l1cbyjw8hbduuj54g0tfQ,learn_relquest,0.0,"[0, 5]",0.0,1.821,0,0.0,213,second
Q0ww7l1cbyjw8hbduuj54g0tfQ,learn_relquest,0.0,"[5, 2]",1.0,1.028,1,1.0,214,second
Q0ww7l1cbyjw8hbduuj54g0tfQ,learn_relquest,1.0,"[6, 2]",2.0,0.892,0,1.0,215,second
Q0ww7l1cbyjw8hbduuj54g0tfQ,learn_relquest,0.0,"[5, 7]",3.0,0.952,1,1.0,216,second
Q0ww7l1cbyjw8hbduuj54g0tfQ,learn_relquest,1.0,"[7, 0]",4.0,0.711,0,1.0,217,second
Q0ww7l1cbyjw8hbduuj54g0tfQ,learn_relquest,1.0,"[7, 6]",5.0,0.909,1,0.0,218,second
Q0ww7l1cbyjw8hbduuj54g0tfQ,learn_relquest,1.0,"[7, 1]",6.0,0.672,0,1.0,219,second
Q0ww7l1cbyjw8hbduuj54g0tfQ,learn_relquest,0.0,"[2, 1]",7.0,0.716,1,1.0,220,second
Q0ww7l1cbyjw8hbduuj54g0tfQ,learn_relquest,0.0,"[2, 5]",8.0,1.359,1,1.0,221,second
Q0ww7l1cbyjw8hbduuj54g0tfQ,learn_relquest,0.0,"[4, 7]",9.0,0.636,0,0.0,222,second
Q0ww7l1cbyjw8hbduuj54g0tfQ,learn_relquest,1.0,"[3, 5]",10.0,0.805,1,0.0,223,second
Q0ww7l1cbyjw8hbduuj54g0tfQ,learn_relquest,0.0,"[5, 4]",11.0,0.951,1,1.0,224,second
Q0ww7l1cbyjw8hbduuj54g0tfQ,learn_relquest,0.0,"[3, 0]",12.0,0.729,0,0.0,225,second
Q0ww7l1cbyjw8hbduuj54g0tfQ,learn_relquest,1.0,"[6, 5]",13.0,0.77,0,1.0,226,second
Q0ww7l1cbyjw8hbduuj54g0tfQ,learn_relquest,1.0,"[1, 4]",14.0,1.579,0,1.0,227,second
Q0ww7l1cbyjw8hbduuj54g0tfQ,learn_relquest,0.0,"[7, 5]",15.0,1.208,0,0.0,228,second
Q0ww7l1cbyjw8hbduuj54g0tfQ,learn_relquest,0.0,"[0, 4]",16.0,0.615,1,1.0,229,second
Q0ww7l1cbyjw8hbduuj54g0tfQ,learn_relquest,1.0,"[6, 7]",17.0,0.873,1,0.0,230,second
Q0ww7l1cbyjw8hbduuj54g0tfQ,learn_relquest,1.0,"[5, 3]",18.0,0.902,0,1.0,231,second
Q0ww7l1cbyjw8hbduuj54g0tfQ,learn_relquest,1.0,"[1, 7]",19.0,0.898,0,1.0,232,second
Q0ww7l1cbyjw8hbduuj54g0tfQ,learn_relquest,0.0,"[4, 6]",20.0,0.852,1,1.0,233,second
Q0ww7l1cbyjw8hbduuj54g0tfQ,learn_relquest,1.0,"[0, 7]",21.0,0.612,0,1.0,234,second
Q0ww7l1cbyjw8hbduuj54g0tfQ,learn_relquest,1.0,"[4, 1]",22.0,0.978,0,1.0,235,second
Q0ww7l1cbyjw8hbduuj54g0tfQ,learn_relquest,0.0,"[6, 1]",23.0,0.677,1,1.0,236,second
Q0ww7l1cbyjw8hbduuj54g0tfQ,learn_relquest,1.0,"[2, 6]",24.0,0.545,0,1.0,237,second
Q0ww7l1cbyjw8hbduuj54g0tfQ,learn_relquest,1.0,"[5, 6]",25.0,1.047,1,0.0,238,second
Q0ww7l1cbyjw8hbduuj54g0tfQ,learn_relquest,0.0,"[3, 7]",26.0,0.631,0,0.0,239,second
Q0ww7l1cbyjw8hbduuj54g0tfQ,learn_relquest,0.0,"[4, 3]",27.0,0.523,1,1.0,240,second
Q0ww7l1cbyjw8hbduuj54g0tfQ,learn_relquest,0.0,"[6, 4]",0.0,1.963,1,1.0,327,third
Q0ww7l1cbyjw8hbduuj54g0tfQ,learn_relquest,0.0,"[6, 0]",1.0,1.149,1,1.0,328,third
Q0ww7l1cbyjw8hbduuj54g0tfQ,learn_relquest,1.0,"[1, 4]",2.0,0.785,0,1.0,329,third
Q0ww7l1cbyjw8hbduuj54g0tfQ,learn_relquest,0.0,"[3, 6]",3.0,1.048,0,0.0,330,third
Q0ww7l1cbyjw8hbduuj54g0tfQ,learn_relquest,1.0,"[3, 5]",4.0,0.729,0,1.0,331,third
Q0ww7l1cbyjw8hbduuj54g0tfQ,learn_relquest,0.0,"[0, 6]",5.0,1.683,1,1.0,332,third
Q0ww7l1cbyjw8hbduuj54g0tfQ,learn_relquest,0.0,"[7, 4]",6.0,1.376,1,1.0,333,third
Q0ww7l1cbyjw8hbduuj54g0tfQ,learn_relquest,1.0,"[7, 0]",7.0,0.818,0,1.0,334,third
Q0ww7l1cbyjw8hbduuj54g0tfQ,learn_relquest,0.0,"[4, 2]",8.0,0.713,1,1.0,335,third
Q0ww7l1cbyjw8hbduuj54g0tfQ,learn_relquest,1.0,"[6, 2]",9.0,0.77,0,1.0,336,third
Q0ww7l1cbyjw8hbduuj54g0tfQ,learn_relquest,0.0,"[6, 1]",10.0,0.913,0,0.0,337,third
Q0ww7l1cbyjw8hbduuj54g0tfQ,learn_relquest,1.0,"[1, 7]",11.0,0.853,1,0.0,338,third
Q0ww7l1cbyjw8hbduuj54g0tfQ,learn_relquest,1.0,"[6, 5]",12.0,1.378,0,1.0,339,third
Q0ww7l1cbyjw8hbduuj54g0tfQ,learn_relquest,1.0,"[5, 3]",13.0,0.632,0,1.0,340,third
Q0ww7l1cbyjw8hbduuj54g0tfQ,learn_relquest,0.0,"[3, 2]",14.0,1.187,1,1.0,341,third
Q0ww7l1cbyjw8hbduuj54g0tfQ,learn_relquest,0.0,"[4, 6]",15.0,0.923,1,1.0,342,third
Q0ww7l1cbyjw8hbduuj54g0tfQ,learn_relquest,1.0,"[6, 7]",16.0,1.798,1,0.0,343,third
Q0ww7l1cbyjw8hbduuj54g0tfQ,learn_relquest,1.0,"[0, 7]",17.0,0.658,0,1.0,344,third
Q0ww7l1cbyjw8hbduuj54g0tfQ,learn_relquest,1.0,"[2, 6]",18.0,0.817,1,0.0,345,third
Q0ww7l1cbyjw8hbduuj54g0tfQ,learn_relquest,0.0,"[2, 7]",19.0,1.092,1,1.0,346,third
Q0ww7l1cbyjw8hbduuj54g0tfQ,learn_relquest,0.0,"[4, 0]",20.0,1.003,1,1.0,347,third
Q0ww7l1cbyjw8hbduuj54g0tfQ,learn_relquest,0.0,"[7, 2]",21.0,1.257,1,1.0,348,third
Q0ww7l1cbyjw8hbduuj54g0tfQ,learn_relquest,1.0,"[4, 1]",22.0,0.839,0,1.0,349,third
Q0ww7l1cbyjw8hbduuj54g0tfQ,learn_relquest,0.0,"[0, 1]",23.0,1.349,1,1.0,350,third
Q0ww7l1cbyjw8hbduuj54g0tfQ,learn_relquest,1.0,"[7, 1]",24.0,0.7,0,1.0,351,third
Q0ww7l1cbyjw8hbduuj54g0tfQ,learn_relquest,1.0,"[7, 6]",25.0,0.891,1,0.0,352,third
Q0ww7l1cbyjw8hbduuj54g0tfQ,learn_relquest,1.0,"[5, 6]",26.0,0.674,0,1.0,353,third
Q0ww7l1cbyjw8hbduuj54g0tfQ,learn_relquest,0.0,"[2, 3]",27.0,0.686,0,0.0,354,third
Q0ww7l1cbyjw8hbduuj54g0tfQ,learn_relquest,1.0,"[7, 6]",0.0,1.62,0,1.0,441,fourth
Q0ww7l1cbyjw8hbduuj54g0tfQ,learn_relquest,0.0,"[0, 3]",1.0,0.82,1,1.0,442,fourth
Q0ww7l1cbyjw8hbduuj54g0tfQ,learn_relquest,1.0,"[7, 0]",2.0,0.734,0,1.0,443,fourth
Q0ww7l1cbyjw8hbduuj54g0tfQ,learn_relquest,1.0,"[4, 1]",3.0,0.695,0,1.0,444,fourth
Q0ww7l1cbyjw8hbduuj54g0tfQ,learn_relquest,0.0,"[2, 0]",4.0,0.902,1,1.0,445,fourth
Q0ww7l1cbyjw8hbduuj54g0tfQ,learn_relquest,1.0,"[6, 5]",5.0,1.006,0,1.0,446,fourth
Q0ww7l1cbyjw8hbduuj54g0tfQ,learn_relquest,1.0,"[6, 7]",6.0,1.335,1,0.0,447,fourth
Q0ww7l1cbyjw8hbduuj54g0tfQ,learn_relquest,0.0,"[3, 6]",7.0,0.619,0,0.0,448,fourth
Q0ww7l1cbyjw8hbduuj54g0tfQ,learn_relquest,0.0,"[5, 2]",8.0,0.736,0,0.0,449,fourth
Q0ww7l1cbyjw8hbduuj54g0tfQ,learn_relquest,0.0,"[2, 5]",9.0,1.384,1,1.0,450,fourth
Q0ww7l1cbyjw8hbduuj54g0tfQ,learn_relquest,1.0,"[3, 5]",10.0,0.693,0,1.0,451,fourth
Q0ww7l1cbyjw8hbduuj54g0tfQ,learn_relquest,1.0,"[7, 1]",11.0,0.861,0,1.0,452,fourth
Q0ww7l1cbyjw8hbduuj54g0tfQ,learn_relquest,0.0,"[1, 3]",12.0,0.951,1,1.0,453,fourth
Q0ww7l1cbyjw8hbduuj54g0tfQ,learn_relquest,0.0,"[5, 1]",13.0,1.231,1,1.0,454,fourth
Q0ww7l1cbyjw8hbduuj54g0tfQ,learn_relquest,1.0,"[5, 3]",14.0,0.909,0,1.0,455,fourth
Q0ww7l1cbyjw8hbduuj54g0tfQ,learn_relquest,1.0,"[6, 2]",15.0,0.782,1,0.0,456,fourth
Q0ww7l1cbyjw8hbduuj54g0tfQ,learn_relquest,0.0,"[1, 0]",16.0,0.755,0,0.0,457,fourth
Q0ww7l1cbyjw8hbduuj54g0tfQ,learn_relquest,0.0,"[2, 7]",17.0,0.692,1,1.0,458,fourth
Q0ww7l1cbyjw8hbduuj54g0tfQ,learn_relquest,1.0,"[1, 4]",18.0,0.871,0,1.0,459,fourth
Q0ww7l1cbyjw8hbduuj54g0tfQ,learn_relquest,1.0,"[1, 7]",19.0,0.722,0,1.0,460,fourth
Q0ww7l1cbyjw8hbduuj54g0tfQ,learn_relquest,0.0,"[1, 5]",20.0,0.756,1,1.0,461,fourth
Q0ww7l1cbyjw8hbduuj54g0tfQ,learn_relquest,1.0,"[0, 7]",21.0,0.649,0,1.0,462,fourth
Q0ww7l1cbyjw8hbduuj54g0tfQ,learn_relquest,0.0,"[5, 0]",22.0,0.717,1,1.0,463,fourth
Q0ww7l1cbyjw8hbduuj54g0tfQ,learn_relquest,1.0,"[5, 6]",23.0,1.002,0,1.0,464,fourth
Q0ww7l1cbyjw8hbduuj54g0tfQ,learn_relquest,0.0,"[3, 4]",24.0,0.884,1,1.0,465,fourth
Q0ww7l1cbyjw8hbduuj54g0tfQ,learn_relquest,1.0,"[2, 6]",25.0,1.395,0,1.0,466,fourth
Q0ww7l1cbyjw8hbduuj54g0tfQ,learn_relquest,0.0,"[3, 2]",26.0,1.365,1,1.0,467,fourth
Q0ww7l1cbyjw8hbduuj54g0tfQ,learn_relquest,0.0,"[6, 0]",27.0,0.769,0,0.0,468,fourth
Q0ww7l1cbyjw8hbduuj54g0tfQ,learn_relquest,1.0,"[7, 6]",0.0,2.131,0,1.0,555,fifth
Q0ww7l1cbyjw8hbduuj54g0tfQ,learn_relquest,0.0,"[0, 4]",1.0,1.03,1,1.0,556,fifth
Q0ww7l1cbyjw8hbduuj54g0tfQ,learn_relquest,1.0,"[1, 4]",2.0,0.841,0,1.0,557,fifth
Q0ww7l1cbyjw8hbduuj54g0tfQ,learn_relquest,0.0,"[2, 3]",3.0,0.881,0,0.0,558,fifth
Q0ww7l1cbyjw8hbduuj54g0tfQ,learn_relquest,0.0,"[0, 2]",4.0,0.734,1,1.0,559,fifth
Q0ww7l1cbyjw8hbduuj54g0tfQ,learn_relquest,0.0,"[5, 4]",5.0,0.999,1,1.0,560,fifth
Q0ww7l1cbyjw8hbduuj54g0tfQ,learn_relquest,0.0,"[3, 7]",6.0,1.015,1,1.0,561,fifth
Q0ww7l1cbyjw8hbduuj54g0tfQ,learn_relquest,1.0,"[1, 7]",7.0,0.746,0,1.0,562,fifth
Q0ww7l1cbyjw8hbduuj54g0tfQ,learn_relquest,0.0,"[2, 7]",8.0,0.711,1,1.0,563,fifth
Q0ww7l1cbyjw8hbduuj54g0tfQ,learn_relquest,0.0,"[6, 4]",9.0,0.805,1,1.0,564,fifth
Q0ww7l1cbyjw8hbduuj54g0tfQ,learn_relquest,1.0,"[5, 3]",10.0,0.786,0,1.0,565,fifth
Q0ww7l1cbyjw8hbduuj54g0tfQ,learn_relquest,1.0,"[6, 2]",11.0,0.723,1,0.0,566,fifth
Q0ww7l1cbyjw8hbduuj54g0tfQ,learn_relquest,1.0,"[6, 5]",12.0,1.714,1,0.0,567,fifth
Q0ww7l1cbyjw8hbduuj54g0tfQ,learn_relquest,1.0,"[2, 6]",13.0,0.795,0,1.0,568,fifth
Q0ww7l1cbyjw8hbduuj54g0tfQ,learn_relquest,1.0,"[4, 1]",14.0,1.024,0,1.0,569,fifth
Q0ww7l1cbyjw8hbduuj54g0tfQ,learn_relquest,1.0,"[6, 7]",15.0,1.132,0,1.0,570,fifth
Q0ww7l1cbyjw8hbduuj54g0tfQ,learn_relquest,0.0,"[0, 1]",16.0,1.54,0,0.0,571,fifth
Q0ww7l1cbyjw8hbduuj54g0tfQ,learn_relquest,1.0,"[7, 1]",17.0,0.781,0,1.0,572,fifth
Q0ww7l1cbyjw8hbduuj54g0tfQ,learn_relquest,1.0,"[7, 0]",18.0,0.739,1,0.0,573,fifth
Q0ww7l1cbyjw8hbduuj54g0tfQ,learn_relquest,0.0,"[2, 5]",19.0,1.08,1,1.0,574,fifth
Q0ww7l1cbyjw8hbduuj54g0tfQ,learn_relquest,0.0,"[3, 0]",20.0,0.915,1,1.0,575,fifth
Q0ww7l1cbyjw8hbduuj54g0tfQ,learn_relquest,0.0,"[2, 1]",21.0,0.781,1,1.0,576,fifth
Q0ww7l1cbyjw8hbduuj54g0tfQ,learn_relquest,0.0,"[4, 3]",22.0,0.747,1,1.0,577,fifth
Q0ww7l1cbyjw8hbduuj54g0tfQ,learn_relquest,1.0,"[0, 7]",23.0,1.18,0,1.0,578,fifth
Q0ww7l1cbyjw8hbduuj54g0tfQ,learn_relquest,0.0,"[3, 6]",24.0,0.89,0,0.0,579,fifth
Q0ww7l1cbyjw8hbduuj54g0tfQ,learn_relquest,0.0,"[6, 0]",25.0,0.764,1,1.0,580,fifth
Q0ww7l1cbyjw8hbduuj54g0tfQ,learn_relquest,1.0,"[5, 6]",26.0,0.768,1,0.0,581,fifth
Q0ww7l1cbyjw8hbduuj54g0tfQ,learn_relquest,1.0,"[3, 5]",27.0,0.772,0,1.0,582,fifth
Q2yrmj1s75mkd6pt1zbx2sr9xQ,learn_relquest,1.0,"[7, 0]",0.0,2.817,0,1.0,99,first
Q2yrmj1s75mkd6pt1zbx2sr9xQ,learn_relquest,1.0,"[6, 5]",1.0,1.753,0,1.0,100,first
Q2yrmj1s75mkd6pt1zbx2sr9xQ,learn_relquest,1.0,"[6, 2]",2.0,1.756,0,1.0,101,first
Q2yrmj1s75mkd6pt1zbx2sr9xQ,learn_relquest,1.0,"[6, 7]",3.0,3.853,1,0.0,102,first
Q2yrmj1s75mkd6pt1zbx2sr9xQ,learn_relquest,0.0,"[1, 2]",4.0,2.293,1,1.0,103,first
Q2yrmj1s75mkd6pt1zbx2sr9xQ,learn_relquest,0.0,"[2, 1]",5.0,2.063,1,1.0,104,first
Q2yrmj1s75mkd6pt1zbx2sr9xQ,learn_relquest,1.0,"[1, 7]",6.0,11.602,0,1.0,105,first
Q2yrmj1s75mkd6pt1zbx2sr9xQ,learn_relquest,0.0,"[4, 6]",7.0,3.079,0,0.0,106,first
Q2yrmj1s75mkd6pt1zbx2sr9xQ,learn_relquest,1.0,"[0, 7]",8.0,2.56,0,1.0,107,first
Q2yrmj1s75mkd6pt1zbx2sr9xQ,learn_relquest,1.0,"[1, 4]",9.0,1.613,1,0.0,108,first
Q2yrmj1s75mkd6pt1zbx2sr9xQ,learn_relquest,0.0,"[7, 4]",10.0,1.735,1,1.0,109,first
Q2yrmj1s75mkd6pt1zbx2sr9xQ,learn_relquest,1.0,"[3, 5]",11.0,1.456,0,1.0,110,first
Q2yrmj1s75mkd6pt1zbx2sr9xQ,learn_relquest,1.0,"[7, 6]",12.0,1.922,0,1.0,111,first
Q2yrmj1s75mkd6pt1zbx2sr9xQ,learn_relquest,1.0,"[2, 6]",13.0,2.383,0,1.0,112,first
Q2yrmj1s75mkd6pt1zbx2sr9xQ,learn_relquest,0.0,"[1, 3]",14.0,2.745,1,1.0,113,first
Q2yrmj1s75mkd6pt1zbx2sr9xQ,learn_relquest,0.0,"[4, 7]",15.0,1.821,1,1.0,114,first
Q2yrmj1s75mkd6pt1zbx2sr9xQ,learn_relquest,0.0,"[7, 2]",16.0,2.511,1,1.0,115,first
Q2yrmj1s75mkd6pt1zbx2sr9xQ,learn_relquest,0.0,"[2, 4]",17.0,1.653,1,1.0,116,first
Q2yrmj1s75mkd6pt1zbx2sr9xQ,learn_relquest,0.0,"[4, 0]",18.0,1.651,1,1.0,117,first
Q2yrmj1s75mkd6pt1zbx2sr9xQ,learn_relquest,0.0,"[3, 6]",19.0,2.065,0,0.0,118,first
Q2yrmj1s75mkd6pt1zbx2sr9xQ,learn_relquest,1.0,"[4, 1]",20.0,2.435,1,0.0,119,first
Q2yrmj1s75mkd6pt1zbx2sr9xQ,learn_relquest,0.0,"[6, 4]",21.0,4.737,1,1.0,120,first
Q2yrmj1s75mkd6pt1zbx2sr9xQ,learn_relquest,0.0,"[2, 0]",22.0,1.263,0,0.0,121,first
Q2yrmj1s75mkd6pt1zbx2sr9xQ,learn_relquest,1.0,"[7, 1]",23.0,1.277,0,1.0,122,first
Q2yrmj1s75mkd6pt1zbx2sr9xQ,learn_relquest,0.0,"[6, 0]",24.0,1.853,0,0.0,123,first
Q2yrmj1s75mkd6pt1zbx2sr9xQ,learn_relquest,1.0,"[5, 3]",25.0,1.192,0,1.0,124,first
Q2yrmj1s75mkd6pt1zbx2sr9xQ,learn_relquest,1.0,"[5, 6]",26.0,1.389,0,1.0,125,first
Q2yrmj1s75mkd6pt1zbx2sr9xQ,learn_relquest,0.0,"[1, 5]",27.0,1.336,0,0.0,126,first
Q2yrmj1s75mkd6pt1zbx2sr9xQ,learn_relquest,0.0,"[3, 6]",0.0,4.388,0,0.0,213,second
Q2yrmj1s75mkd6pt1zbx2sr9xQ,learn_relquest,1.0,"[1, 4]",1.0,2.073,0,1.0,214,second
Q2yrmj1s75mkd6pt1zbx2sr9xQ,learn_relquest,0.0,"[3, 1]",2.0,1.903,0,0.0,215,second
Q2yrmj1s75mkd6pt1zbx2sr9xQ,learn_relquest,1.0,"[5, 6]",3.0,1.001,0,1.0,216,second
Q2yrmj1s75mkd6pt1zbx2sr9xQ,learn_relquest,1.0,"[6, 5]",4.0,1.046,0,1.0,217,second
Q2yrmj1s75mkd6pt1zbx2sr9xQ,learn_relquest,0.0,"[4, 3]",5.0,2.889,1,1.0,218,second
Q2yrmj1s75mkd6pt1zbx2sr9xQ,learn_relquest,1.0,"[3, 5]",6.0,1.148,0,1.0,219,second
Q2yrmj1s75mkd6pt1zbx2sr9xQ,learn_relquest,0.0,"[5, 2]",7.0,3.589,1,1.0,220,second
Q2yrmj1s75mkd6pt1zbx2sr9xQ,learn_relquest,0.0,"[2, 0]",8.0,3.522,1,1.0,221,second
Q2yrmj1s75mkd6pt1zbx2sr9xQ,learn_relquest,0.0,"[6, 0]",9.0,1.521,0,0.0,222,second
Q2yrmj1s75mkd6pt1zbx2sr9xQ,learn_relquest,1.0,"[6, 7]",10.0,1.236,0,1.0,223,second
Q2yrmj1s75mkd6pt1zbx2sr9xQ,learn_relquest,1.0,"[6, 2]",11.0,1.146,0,1.0,224,second
Q2yrmj1s75mkd6pt1zbx2sr9xQ,learn_relquest,1.0,"[5, 3]",12.0,1.305,0,1.0,225,second
Q2yrmj1s75mkd6pt1zbx2sr9xQ,learn_relquest,0.0,"[2, 5]",13.0,4.958,1,1.0,226,second
Q2yrmj1s75mkd6pt1zbx2sr9xQ,learn_relquest,1.0,"[7, 6]",14.0,1.253,0,1.0,227,second
Q2yrmj1s75mkd6pt1zbx2sr9xQ,learn_relquest,0.0,"[5, 7]",15.0,2.179,1,1.0,228,second
Q2yrmj1s75mkd6pt1zbx2sr9xQ,learn_relquest,1.0,"[4, 1]",16.0,1.233,0,1.0,229,second
Q2yrmj1s75mkd6pt1zbx2sr9xQ,learn_relquest,1.0,"[2, 6]",17.0,0.925,0,1.0,230,second
Q2yrmj1s75mkd6pt1zbx2sr9xQ,learn_relquest,0.0,"[1, 3]",18.0,0.981,0,0.0,231,second
Q2yrmj1s75mkd6pt1zbx2sr9xQ,learn_relquest,1.0,"[7, 0]",19.0,2.137,0,1.0,232,second
Q2yrmj1s75mkd6pt1zbx2sr9xQ,learn_relquest,0.0,"[0, 2]",20.0,2.517,1,1.0,233,second
Q2yrmj1s75mkd6pt1zbx2sr9xQ,learn_relquest,0.0,"[0, 4]",21.0,1.664,1,1.0,234,second
Q2yrmj1s75mkd6pt1zbx2sr9xQ,learn_relquest,1.0,"[1, 7]",22.0,1.049,0,1.0,235,second
Q2yrmj1s75mkd6pt1zbx2sr9xQ,learn_relquest,1.0,"[7, 1]",23.0,1.045,0,1.0,236,second
Q2yrmj1s75mkd6pt1zbx2sr9xQ,learn_relquest,1.0,"[0, 7]",24.0,1.975,1,0.0,237,second
Q2yrmj1s75mkd6pt1zbx2sr9xQ,learn_relquest,0.0,"[4, 5]",25.0,3.025,1,1.0,238,second
Q2yrmj1s75mkd6pt1zbx2sr9xQ,learn_relquest,0.0,"[7, 4]",26.0,1.417,0,0.0,239,second
Q2yrmj1s75mkd6pt1zbx2sr9xQ,learn_relquest,0.0,"[5, 4]",27.0,2.202,0,0.0,240,second
Q2yrmj1s75mkd6pt1zbx2sr9xQ,learn_relquest,0.0,"[3, 1]",0.0,6.815,1,1.0,327,third
Q2yrmj1s75mkd6pt1zbx2sr9xQ,learn_relquest,1.0,"[6, 2]",1.0,1.566,0,1.0,328,third
Q2yrmj1s75mkd6pt1zbx2sr9xQ,learn_relquest,1.0,"[2, 6]",2.0,0.961,0,1.0,329,third
Q2yrmj1s75mkd6pt1zbx2sr9xQ,learn_relquest,0.0,"[4, 6]",3.0,1.017,0,0.0,330,third
Q2yrmj1s75mkd6pt1zbx2sr9xQ,learn_relquest,1.0,"[3, 5]",4.0,2.491,0,1.0,331,third
Q2yrmj1s75mkd6pt1zbx2sr9xQ,learn_relquest,1.0,"[7, 1]",5.0,1.017,0,1.0,332,third
Q2yrmj1s75mkd6pt1zbx2sr9xQ,learn_relquest,0.0,"[5, 4]",6.0,3.362,1,1.0,333,third
Q2yrmj1s75mkd6pt1zbx2sr9xQ,learn_relquest,0.0,"[6, 0]",7.0,1.736,0,0.0,334,third
Q2yrmj1s75mkd6pt1zbx2sr9xQ,learn_relquest,0.0,"[3, 7]",8.0,2.42,0,0.0,335,third
Q2yrmj1s75mkd6pt1zbx2sr9xQ,learn_relquest,1.0,"[6, 7]",9.0,0.917,0,1.0,336,third
Q2yrmj1s75mkd6pt1zbx2sr9xQ,learn_relquest,1.0,"[0, 7]",10.0,2.148,0,1.0,337,third
Q2yrmj1s75mkd6pt1zbx2sr9xQ,learn_relquest,0.0,"[0, 2]",11.0,6.853,1,1.0,338,third
Q2yrmj1s75mkd6pt1zbx2sr9xQ,learn_relquest,1.0,"[5, 6]",12.0,1.173,0,1.0,339,third
Q2yrmj1s75mkd6pt1zbx2sr9xQ,learn_relquest,0.0,"[7, 4]",13.0,0.918,0,0.0,340,third
Q2yrmj1s75mkd6pt1zbx2sr9xQ,learn_relquest,0.0,"[3, 6]",14.0,1.085,0,0.0,341,third
Q2yrmj1s75mkd6pt1zbx2sr9xQ,learn_relquest,0.0,"[5, 1]",15.0,1.141,0,0.0,342,third
Q2yrmj1s75mkd6pt1zbx2sr9xQ,learn_relquest,0.0,"[5, 0]",16.0,1.125,0,0.0,343,third
Q2yrmj1s75mkd6pt1zbx2sr9xQ,learn_relquest,1.0,"[4, 1]",17.0,0.913,0,1.0,344,third
Q2yrmj1s75mkd6pt1zbx2sr9xQ,learn_relquest,1.0,"[6, 5]",18.0,1.326,0,1.0,345,third
Q2yrmj1s75mkd6pt1zbx2sr9xQ,learn_relquest,1.0,"[7, 6]",19.0,1.077,0,1.0,346,third
Q2yrmj1s75mkd6pt1zbx2sr9xQ,learn_relquest,0.0,"[0, 5]",20.0,1.578,0,0.0,347,third
Q2yrmj1s75mkd6pt1zbx2sr9xQ,learn_relquest,1.0,"[7, 0]",21.0,2.14,0,1.0,348,third
Q2yrmj1s75mkd6pt1zbx2sr9xQ,learn_relquest,0.0,"[3, 4]",22.0,3.021,1,1.0,349,third
Q2yrmj1s75mkd6pt1zbx2sr9xQ,learn_relquest,1.0,"[1, 4]",23.0,1.471,0,1.0,350,third
Q2yrmj1s75mkd6pt1zbx2sr9xQ,learn_relquest,0.0,"[5, 7]",24.0,3.573,1,1.0,351,third
Q2yrmj1s75mkd6pt1zbx2sr9xQ,learn_relquest,1.0,"[5, 3]",25.0,1.799,1,0.0,352,third
Q2yrmj1s75mkd6pt1zbx2sr9xQ,learn_relquest,0.0,"[3, 0]",26.0,1.405,1,1.0,353,third
Q2yrmj1s75mkd6pt1zbx2sr9xQ,learn_relquest,1.0,"[1, 7]",27.0,1.648,0,1.0,354,third
Q2yrmj1s75mkd6pt1zbx2sr9xQ,learn_relquest,1.0,"[6, 7]",0.0,2.217,0,1.0,441,fourth
Q2yrmj1s75mkd6pt1zbx2sr9xQ,learn_relquest,1.0,"[5, 3]",1.0,2.01,0,1.0,442,fourth
Q2yrmj1s75mkd6pt1zbx2sr9xQ,learn_relquest,1.0,"[1, 4]",2.0,0.901,0,1.0,443,fourth
Q2yrmj1s75mkd6pt1zbx2sr9xQ,learn_relquest,1.0,"[7, 6]",3.0,1.21,0,1.0,444,fourth
Q2yrmj1s75mkd6pt1zbx2sr9xQ,learn_relquest,0.0,"[0, 1]",4.0,4.402,1,1.0,445,fourth
Q2yrmj1s75mkd6pt1zbx2sr9xQ,learn_relquest,0.0,"[3, 2]",5.0,1.621,1,1.0,446,fourth
Q2yrmj1s75mkd6pt1zbx2sr9xQ,learn_relquest,0.0,"[0, 4]",6.0,3.134,1,1.0,447,fourth
Q2yrmj1s75mkd6pt1zbx2sr9xQ,learn_relquest,1.0,"[1, 7]",7.0,0.997,0,1.0,448,fourth
Q2yrmj1s75mkd6pt1zbx2sr9xQ,learn_relquest,1.0,"[6, 5]",8.0,0.671,0,1.0,449,fourth
Q2yrmj1s75mkd6pt1zbx2sr9xQ,learn_relquest,1.0,"[7, 1]",9.0,0.852,0,1.0,450,fourth
Q2yrmj1s75mkd6pt1zbx2sr9xQ,learn_relquest,1.0,"[0, 7]",10.0,1.038,0,1.0,451,fourth
Q2yrmj1s75mkd6pt1zbx2sr9xQ,learn_relquest,1.0,"[5, 6]",11.0,0.867,0,1.0,452,fourth
Q2yrmj1s75mkd6pt1zbx2sr9xQ,learn_relquest,0.0,"[1, 2]",12.0,3.411,0,0.0,453,fourth
Q2yrmj1s75mkd6pt1zbx2sr9xQ,learn_relquest,1.0,"[6, 2]",13.0,1.918,0,1.0,454,fourth
Q2yrmj1s75mkd6pt1zbx2sr9xQ,learn_relquest,0.0,"[5, 4]",14.0,3.413,0,0.0,455,fourth
Q2yrmj1s75mkd6pt1zbx2sr9xQ,learn_relquest,0.0,"[4, 7]",15.0,1.124,0,0.0,456,fourth
Q2yrmj1s75mkd6pt1zbx2sr9xQ,learn_relquest,0.0,"[1, 0]",16.0,3.292,1,1.0,457,fourth
Q2yrmj1s75mkd6pt1zbx2sr9xQ,learn_relquest,0.0,"[7, 4]",20.0,1.415,0,0.0,461,fourth
Q2yrmj1s75mkd6pt1zbx2sr9xQ,learn_relquest,1.0,"[3, 5]",19.0,0.913,0,1.0,460,fourth
Q2yrmj1s75mkd6pt1zbx2sr9xQ,learn_relquest,1.0,"[7, 0]",18.0,0.905,0,1.0,459,fourth
Q2yrmj1s75mkd6pt1zbx2sr9xQ,learn_relquest,0.0,"[0, 5]",23.0,1.238,0,0.0,464,fourth
Q2yrmj1s75mkd6pt1zbx2sr9xQ,learn_relquest,1.0,"[2, 6]",22.0,0.737,0,1.0,463,fourth
Q2yrmj1s75mkd6pt1zbx2sr9xQ,learn_relquest,1.0,"[4, 1]",21.0,1.273,0,1.0,462,fourth
Q2yrmj1s75mkd6pt1zbx2sr9xQ,learn_relquest,0.0,"[0, 2]",27.0,1.33,1,1.0,468,fourth
Q2yrmj1s75mkd6pt1zbx2sr9xQ,learn_relquest,0.0,"[5, 0]",26.0,1.088,0,0.0,467,fourth
Q2yrmj1s75mkd6pt1zbx2sr9xQ,learn_relquest,0.0,"[4, 0]",24.0,2.781,1,1.0,465,fourth
Q2yrmj1s75mkd6pt1zbx2sr9xQ,learn_relquest,0.0,"[6, 4]",25.0,1.126,0,0.0,466,fourth
Q2yrmj1s75mkd6pt1zbx2sr9xQ,learn_relquest,0.0,"[3, 6]",17.0,0.949,0,0.0,458,fourth
Q2yrmj1s75mkd6pt1zbx2sr9xQ,learn_relquest,1.0,"[7, 1]",0.0,2.16,0,1.0,555,fifth
Q2yrmj1s75mkd6pt1zbx2sr9xQ,learn_relquest,0.0,"[0, 2]",1.0,1.557,1,1.0,556,fifth
Q2yrmj1s75mkd6pt1zbx2sr9xQ,learn_relquest,0.0,"[2, 4]",2.0,1.213,0,0.0,557,fifth
Q2yrmj1s75mkd6pt1zbx2sr9xQ,learn_relquest,0.0,"[0, 6]",3.0,2.711,1,1.0,558,fifth
Q2yrmj1s75mkd6pt1zbx2sr9xQ,learn_relquest,0.0,"[7, 3]",4.0,1.529,0,0.0,559,fifth
Q2yrmj1s75mkd6pt1zbx2sr9xQ,learn_relquest,1.0,"[6, 7]",5.0,1.017,0,1.0,560,fifth
Q2yrmj1s75mkd6pt1zbx2sr9xQ,learn_relquest,0.0,"[3, 0]",6.0,1.602,1,1.0,561,fifth
Q2yrmj1s75mkd6pt1zbx2sr9xQ,learn_relquest,1.0,"[5, 6]",7.0,0.957,0,1.0,562,fifth
Q2yrmj1s75mkd6pt1zbx2sr9xQ,learn_relquest,0.0,"[4, 6]",8.0,0.789,0,0.0,563,fifth
Q2yrmj1s75mkd6pt1zbx2sr9xQ,learn_relquest,0.0,"[2, 7]",9.0,1.799,0,0.0,564,fifth
Q2yrmj1s75mkd6pt1zbx2sr9xQ,learn_relquest,1.0,"[6, 5]",10.0,0.802,0,1.0,565,fifth
Q2yrmj1s75mkd6pt1zbx2sr9xQ,learn_relquest,0.0,"[4, 0]",12.0,0.946,0,0.0,567,fifth
Q2yrmj1s75mkd6pt1zbx2sr9xQ,learn_relquest,1.0,"[1, 4]",13.0,1.116,0,1.0,568,fifth
Q2yrmj1s75mkd6pt1zbx2sr9xQ,learn_relquest,1.0,"[0, 7]",11.0,1.028,0,1.0,566,fifth
Q2yrmj1s75mkd6pt1zbx2sr9xQ,learn_relquest,0.0,"[4, 3]",14.0,1.241,1,1.0,569,fifth
Qh7nowwjk2t863yr19nsx3br1Q,learn_relquest,1.0,"[7, 0]",0.0,7.846,0,1.0,99,first
Qh7nowwjk2t863yr19nsx3br1Q,learn_relquest,0.0,"[4, 2]",1.0,5.807,1,1.0,100,first
Qh7nowwjk2t863yr19nsx3br1Q,learn_relquest,0.0,"[0, 5]",2.0,2.335,0,0.0,101,first
Qh7nowwjk2t863yr19nsx3br1Q,learn_relquest,1.0,"[6, 7]",3.0,2.086,0,1.0,102,first
Qh7nowwjk2t863yr19nsx3br1Q,learn_relquest,0.0,"[3, 7]",4.0,5.254,0,0.0,103,first
Qh7nowwjk2t863yr19nsx3br1Q,learn_relquest,1.0,"[1, 7]",5.0,2.564,1,0.0,104,first
Qh7nowwjk2t863yr19nsx3br1Q,learn_relquest,1.0,"[6, 2]",6.0,4.093,0,1.0,105,first
Qh7nowwjk2t863yr19nsx3br1Q,learn_relquest,1.0,"[7, 6]",7.0,1.392,0,1.0,106,first
Qh7nowwjk2t863yr19nsx3br1Q,learn_relquest,1.0,"[5, 3]",8.0,1.589,0,1.0,107,first
Qh7nowwjk2t863yr19nsx3br1Q,learn_relquest,1.0,"[7, 1]",9.0,3.337,1,0.0,108,first
Qh7nowwjk2t863yr19nsx3br1Q,learn_relquest,0.0,"[6, 3]",10.0,3.079,1,1.0,109,first
Qh7nowwjk2t863yr19nsx3br1Q,learn_relquest,1.0,"[3, 5]",11.0,1.854,0,1.0,110,first
Qh7nowwjk2t863yr19nsx3br1Q,learn_relquest,0.0,"[3, 0]",12.0,4.502,1,1.0,111,first
Qh7nowwjk2t863yr19nsx3br1Q,learn_relquest,0.0,"[3, 1]",13.0,2.626,0,0.0,112,first
Qh7nowwjk2t863yr19nsx3br1Q,learn_relquest,0.0,"[0, 1]",14.0,1.756,0,0.0,113,first
Qh7nowwjk2t863yr19nsx3br1Q,learn_relquest,0.0,"[0, 4]",15.0,4.879,1,1.0,114,first
Qh7nowwjk2t863yr19nsx3br1Q,learn_relquest,1.0,"[1, 4]",16.0,2.612,1,0.0,115,first
Qh7nowwjk2t863yr19nsx3br1Q,learn_relquest,1.0,"[2, 6]",17.0,5.124,0,1.0,116,first
Qh7nowwjk2t863yr19nsx3br1Q,learn_relquest,1.0,"[4, 1]",18.0,6.304,0,1.0,117,first
Qh7nowwjk2t863yr19nsx3br1Q,learn_relquest,1.0,"[5, 6]",19.0,1.872,0,1.0,118,first
Qh7nowwjk2t863yr19nsx3br1Q,learn_relquest,1.0,"[0, 7]",20.0,2.749,1,0.0,119,first
Qh7nowwjk2t863yr19nsx3br1Q,learn_relquest,0.0,"[5, 0]",21.0,2.065,0,0.0,120,first
Qh7nowwjk2t863yr19nsx3br1Q,learn_relquest,0.0,"[1, 2]",22.0,2.349,0,0.0,121,first
Qh7nowwjk2t863yr19nsx3br1Q,learn_relquest,0.0,"[6, 0]",23.0,1.916,0,0.0,122,first
Qh7nowwjk2t863yr19nsx3br1Q,learn_relquest,1.0,"[6, 5]",24.0,1.056,0,1.0,123,first
Qh7nowwjk2t863yr19nsx3br1Q,learn_relquest,0.0,"[4, 6]",25.0,2.116,1,1.0,124,first
Qh7nowwjk2t863yr19nsx3br1Q,learn_relquest,0.0,"[5, 2]",26.0,2.214,0,0.0,125,first
Qh7nowwjk2t863yr19nsx3br1Q,learn_relquest,0.0,"[5, 7]",27.0,1.767,0,0.0,126,first
Qh7nowwjk2t863yr19nsx3br1Q,learn_relquest,0.0,"[4, 2]",0.0,11.037,1,1.0,213,second
Qh7nowwjk2t863yr19nsx3br1Q,learn_relquest,0.0,"[3, 2]",1.0,2.836,1,1.0,214,second
Qh7nowwjk2t863yr19nsx3br1Q,learn_relquest,1.0,"[7, 1]",2.0,9.896,0,1.0,215,second
Qh7nowwjk2t863yr19nsx3br1Q,learn_relquest,0.0,"[0, 4]",3.0,7.783,0,0.0,216,second
Qh7nowwjk2t863yr19nsx3br1Q,learn_relquest,1.0,"[3, 5]",4.0,1.735,0,1.0,217,second
Qh7nowwjk2t863yr19nsx3br1Q,learn_relquest,1.0,"[7, 6]",5.0,8.307,0,1.0,218,second
Qh7nowwjk2t863yr19nsx3br1Q,learn_relquest,1.0,"[6, 2]",6.0,4.539,0,1.0,219,second
Qh7nowwjk2t863yr19nsx3br1Q,learn_relquest,0.0,"[1, 3]",7.0,14.72,1,1.0,220,second
Qh7nowwjk2t863yr19nsx3br1Q,learn_relquest,0.0,"[1, 5]",8.0,11.0,0,0.0,221,second
Qh7nowwjk2t863yr19nsx3br1Q,learn_relquest,1.0,"[4, 1]",9.0,1.885,0,1.0,222,second
Qh7nowwjk2t863yr19nsx3br1Q,learn_relquest,1.0,"[5, 3]",10.0,2.33,0,1.0,223,second
Qh7nowwjk2t863yr19nsx3br1Q,learn_relquest,0.0,"[7, 5]",11.0,16.839,1,1.0,224,second
Qh7nowwjk2t863yr19nsx3br1Q,learn_relquest,0.0,"[2, 4]",12.0,11.369,1,1.0,225,second
Qh7nowwjk2t863yr19nsx3br1Q,learn_relquest,0.0,"[6, 0]",13.0,9.676,1,1.0,226,second
Qh7nowwjk2t863yr19nsx3br1Q,learn_relquest,1.0,"[1, 7]",14.0,22.305,0,1.0,227,second
Qh7nowwjk2t863yr19nsx3br1Q,learn_relquest,0.0,"[3, 0]",15.0,12.691,1,1.0,228,second
Qh7nowwjk2t863yr19nsx3br1Q,learn_relquest,1.0,"[6, 5]",16.0,2.264,0,1.0,229,second
Qh7nowwjk2t863yr19nsx3br1Q,learn_relquest,0.0,"[4, 6]",17.0,11.744,1,1.0,230,second
Qh7nowwjk2t863yr19nsx3br1Q,learn_relquest,0.0,"[2, 7]",18.0,14.216,1,1.0,231,second
Qh7nowwjk2t863yr19nsx3br1Q,learn_relquest,0.0,"[0, 2]",19.0,14.199,1,1.0,232,second
Qh7nowwjk2t863yr19nsx3br1Q,learn_relquest,0.0,"[4, 7]",20.0,10.094,1,1.0,233,second
Qh7nowwjk2t863yr19nsx3br1Q,learn_relquest,1.0,"[1, 4]",21.0,2.077,0,1.0,234,second
Qh7nowwjk2t863yr19nsx3br1Q,learn_relquest,1.0,"[6, 7]",22.0,2.552,0,1.0,235,second
Qh7nowwjk2t863yr19nsx3br1Q,learn_relquest,1.0,"[0, 7]",23.0,2.432,0,1.0,236,second
Qh7nowwjk2t863yr19nsx3br1Q,learn_relquest,0.0,"[0, 3]",24.0,9.419,1,1.0,237,second
Qh7nowwjk2t863yr19nsx3br1Q,learn_relquest,1.0,"[2, 6]",25.0,10.726,0,1.0,238,second
Qh7nowwjk2t863yr19nsx3br1Q,learn_relquest,1.0,"[5, 6]",26.0,5.041,0,1.0,239,second
Qh7nowwjk2t863yr19nsx3br1Q,learn_relquest,1.0,"[7, 0]",27.0,9.146,0,1.0,240,second
Qh7nowwjk2t863yr19nsx3br1Q,learn_relquest,0.0,"[0, 5]",0.0,11.997,1,1.0,327,third
Qh7nowwjk2t863yr19nsx3br1Q,learn_relquest,0.0,"[2, 3]",1.0,4.685,1,1.0,328,third
Qh7nowwjk2t863yr19nsx3br1Q,learn_relquest,0.0,"[4, 5]",2.0,8.928,1,1.0,329,third
Qh7nowwjk2t863yr19nsx3br1Q,learn_relquest,0.0,"[0, 4]",3.0,11.317,0,0.0,330,third
Qh7nowwjk2t863yr19nsx3br1Q,learn_relquest,0.0,"[2, 5]",4.0,5.245,0,0.0,331,third
Qh7nowwjk2t863yr19nsx3br1Q,learn_relquest,0.0,"[0, 3]",5.0,18.037,1,1.0,332,third
Qh7nowwjk2t863yr19nsx3br1Q,learn_relquest,1.0,"[6, 5]",6.0,2.822,0,1.0,333,third
Qh7nowwjk2t863yr19nsx3br1Q,learn_relquest,0.0,"[2, 4]",7.0,8.963,1,1.0,334,third
Qh7nowwjk2t863yr19nsx3br1Q,learn_relquest,1.0,"[3, 5]",8.0,5.188,0,1.0,335,third
Qh7nowwjk2t863yr19nsx3br1Q,learn_relquest,1.0,"[0, 7]",9.0,6.313,0,1.0,336,third
Qh7nowwjk2t863yr19nsx3br1Q,learn_relquest,0.0,"[4, 6]",10.0,9.146,1,1.0,337,third
Qh7nowwjk2t863yr19nsx3br1Q,learn_relquest,1.0,"[1, 4]",11.0,2.466,0,1.0,338,third
Qh7nowwjk2t863yr19nsx3br1Q,learn_relquest,1.0,"[1, 7]",12.0,9.671,0,1.0,339,third
Qh7nowwjk2t863yr19nsx3br1Q,learn_relquest,1.0,"[4, 1]",13.0,3.169,0,1.0,340,third
Qh7nowwjk2t863yr19nsx3br1Q,learn_relquest,0.0,"[4, 0]",14.0,8.354,0,0.0,341,third
Qh7nowwjk2t863yr19nsx3br1Q,learn_relquest,1.0,"[6, 7]",15.0,16.323,0,1.0,342,third
Qh7nowwjk2t863yr19nsx3br1Q,learn_relquest,1.0,"[5, 3]",16.0,3.039,0,1.0,343,third
Qh7nowwjk2t863yr19nsx3br1Q,learn_relquest,1.0,"[7, 6]",17.0,5.921,0,1.0,344,third
Qh7nowwjk2t863yr19nsx3br1Q,learn_relquest,1.0,"[5, 6]",18.0,10.602,0,1.0,345,third
Qh7nowwjk2t863yr19nsx3br1Q,learn_relquest,1.0,"[7, 1]",19.0,6.179,0,1.0,346,third
Qh7nowwjk2t863yr19nsx3br1Q,learn_relquest,1.0,"[7, 0]",20.0,16.637,0,1.0,347,third
Qh7nowwjk2t863yr19nsx3br1Q,learn_relquest,1.0,"[2, 6]",21.0,5.155,0,1.0,348,third
Qh7nowwjk2t863yr19nsx3br1Q,learn_relquest,0.0,"[5, 0]",22.0,13.013,1,1.0,349,third
Qh7nowwjk2t863yr19nsx3br1Q,learn_relquest,0.0,"[6, 3]",23.0,6.691,0,0.0,350,third
Qh7nowwjk2t863yr19nsx3br1Q,learn_relquest,0.0,"[3, 4]",24.0,11.984,1,1.0,351,third
Qh7nowwjk2t863yr19nsx3br1Q,learn_relquest,0.0,"[2, 7]",25.0,18.017,1,1.0,352,third
Qh7nowwjk2t863yr19nsx3br1Q,learn_relquest,0.0,"[3, 7]",26.0,13.383,1,1.0,353,third
Qh7nowwjk2t863yr19nsx3br1Q,learn_relquest,1.0,"[6, 2]",27.0,4.321,0,1.0,354,third
Qh7nowwjk2t863yr19nsx3br1Q,learn_relquest,1.0,"[3, 5]",0.0,6.996,0,1.0,441,fourth
Qh7nowwjk2t863yr19nsx3br1Q,learn_relquest,0.0,"[0, 6]",1.0,13.627,1,1.0,442,fourth
Qh7nowwjk2t863yr19nsx3br1Q,learn_relquest,0.0,"[0, 1]",2.0,9.485,1,1.0,443,fourth
Qh7nowwjk2t863yr19nsx3br1Q,learn_relquest,1.0,"[7, 6]",3.0,5.621,0,1.0,444,fourth
Qh7nowwjk2t863yr19nsx3br1Q,learn_relquest,0.0,"[2, 1]",4.0,15.291,1,1.0,445,fourth
Qh7nowwjk2t863yr19nsx3br1Q,learn_relquest,0.0,"[6, 4]",5.0,8.005,1,1.0,446,fourth
Qh7nowwjk2t863yr19nsx3br1Q,learn_relquest,0.0,"[7, 4]",6.0,7.17,1,1.0,447,fourth
Qh7nowwjk2t863yr19nsx3br1Q,learn_relquest,0.0,"[5, 0]",7.0,8.905,1,1.0,448,fourth
Qh7nowwjk2t863yr19nsx3br1Q,learn_relquest,1.0,"[4, 1]",8.0,1.954,0,1.0,449,fourth
Qh7nowwjk2t863yr19nsx3br1Q,learn_relquest,0.0,"[4, 6]",9.0,9.164,1,1.0,450,fourth
Qh7nowwjk2t863yr19nsx3br1Q,learn_relquest,0.0,"[2, 3]",10.0,2.523,1,1.0,451,fourth
Qh7nowwjk2t863yr19nsx3br1Q,learn_relquest,0.0,"[0, 5]",11.0,11.549,1,1.0,452,fourth
Qh7nowwjk2t863yr19nsx3br1Q,learn_relquest,1.0,"[6, 5]",12.0,3.013,0,1.0,453,fourth
Qh7nowwjk2t863yr19nsx3br1Q,learn_relquest,1.0,"[6, 2]",13.0,3.192,0,1.0,454,fourth
Qh7nowwjk2t863yr19nsx3br1Q,learn_relquest,1.0,"[7, 1]",14.0,7.902,0,1.0,455,fourth
Qh7nowwjk2t863yr19nsx3br1Q,learn_relquest,1.0,"[0, 7]",15.0,5.046,0,1.0,456,fourth
Qh7nowwjk2t863yr19nsx3br1Q,learn_relquest,0.0,"[4, 3]",16.0,8.927,1,1.0,457,fourth
Qh7nowwjk2t863yr19nsx3br1Q,learn_relquest,1.0,"[6, 7]",17.0,10.069,0,1.0,458,fourth
Qh7nowwjk2t863yr19nsx3br1Q,learn_relquest,1.0,"[1, 7]",18.0,11.38,0,1.0,459,fourth
Qh7nowwjk2t863yr19nsx3br1Q,learn_relquest,1.0,"[1, 4]",19.0,1.651,0,1.0,460,fourth
Qh7nowwjk2t863yr19nsx3br1Q,learn_relquest,1.0,"[7, 0]",20.0,7.124,0,1.0,461,fourth
Qh7nowwjk2t863yr19nsx3br1Q,learn_relquest,1.0,"[2, 6]",21.0,5.395,0,1.0,462,fourth
Qh7nowwjk2t863yr19nsx3br1Q,learn_relquest,0.0,"[6, 1]",22.0,8.623,1,1.0,463,fourth
Qh7nowwjk2t863yr19nsx3br1Q,learn_relquest,0.0,"[3, 4]",23.0,5.996,1,1.0,464,fourth
Qh7nowwjk2t863yr19nsx3br1Q,learn_relquest,1.0,"[5, 6]",24.0,2.091,0,1.0,465,fourth
Qh7nowwjk2t863yr19nsx3br1Q,learn_relquest,0.0,"[5, 2]",25.0,12.777,1,1.0,466,fourth
Qh7nowwjk2t863yr19nsx3br1Q,learn_relquest,0.0,"[0, 4]",26.0,14.236,0,0.0,467,fourth
Qh7nowwjk2t863yr19nsx3br1Q,learn_relquest,1.0,"[5, 3]",27.0,1.69,0,1.0,468,fourth
Qh7nowwjk2t863yr19nsx3br1Q,learn_relquest,0.0,"[4, 0]",0.0,6.64,0,0.0,555,fifth
Qh7nowwjk2t863yr19nsx3br1Q,learn_relquest,1.0,"[6, 7]",1.0,6.492,0,1.0,556,fifth
Qh7nowwjk2t863yr19nsx3br1Q,learn_relquest,1.0,"[1, 4]",2.0,1.673,0,1.0,557,fifth
Qh7nowwjk2t863yr19nsx3br1Q,learn_relquest,0.0,"[5, 4]",3.0,5.608,1,1.0,558,fifth
Qh7nowwjk2t863yr19nsx3br1Q,learn_relquest,1.0,"[4, 1]",4.0,3.218,0,1.0,559,fifth
Qh7nowwjk2t863yr19nsx3br1Q,learn_relquest,1.0,"[3, 5]",5.0,1.442,0,1.0,560,fifth
Qh7nowwjk2t863yr19nsx3br1Q,learn_relquest,1.0,"[6, 2]",6.0,5.947,0,1.0,561,fifth
Qh7nowwjk2t863yr19nsx3br1Q,learn_relquest,0.0,"[3, 1]",7.0,10.24,1,1.0,562,fifth
Qh7nowwjk2t863yr19nsx3br1Q,learn_relquest,1.0,"[7, 0]",8.0,12.335,0,1.0,563,fifth
Qh7nowwjk2t863yr19nsx3br1Q,learn_relquest,1.0,"[5, 6]",9.0,2.878,0,1.0,564,fifth
Qh7nowwjk2t863yr19nsx3br1Q,learn_relquest,0.0,"[4, 5]",10.0,6.196,1,1.0,565,fifth
Qh7nowwjk2t863yr19nsx3br1Q,learn_relquest,1.0,"[5, 3]",11.0,1.666,0,1.0,566,fifth
Qh7nowwjk2t863yr19nsx3br1Q,learn_relquest,0.0,"[1, 3]",12.0,13.416,1,1.0,567,fifth
Qh7nowwjk2t863yr19nsx3br1Q,learn_relquest,0.0,"[7, 4]",13.0,6.62,1,1.0,568,fifth
Qh7nowwjk2t863yr19nsx3br1Q,learn_relquest,0.0,"[2, 4]",14.0,3.917,1,1.0,569,fifth
Qh7nowwjk2t863yr19nsx3br1Q,learn_relquest,1.0,"[1, 7]",15.0,8.089,0,1.0,570,fifth
Qh7nowwjk2t863yr19nsx3br1Q,learn_relquest,0.0,"[7, 3]",16.0,9.959,1,1.0,571,fifth
Qh7nowwjk2t863yr19nsx3br1Q,learn_relquest,0.0,"[3, 0]",17.0,10.685,1,1.0,572,fifth
Qh7nowwjk2t863yr19nsx3br1Q,learn_relquest,0.0,"[0, 3]",18.0,8.939,1,1.0,573,fifth
Qh7nowwjk2t863yr19nsx3br1Q,learn_relquest,0.0,"[1, 5]",19.0,6.817,1,1.0,574,fifth
Qh7nowwjk2t863yr19nsx3br1Q,learn_relquest,1.0,"[2, 6]",20.0,2.835,0,1.0,575,fifth
Qh7nowwjk2t863yr19nsx3br1Q,learn_relquest,1.0,"[6, 5]",21.0,1.207,0,1.0,576,fifth
Qh7nowwjk2t863yr19nsx3br1Q,learn_relquest,0.0,"[1, 2]",22.0,9.537,1,1.0,577,fifth
Qh7nowwjk2t863yr19nsx3br1Q,learn_relquest,0.0,"[6, 3]",23.0,8.962,0,0.0,578,fifth
Qh7nowwjk2t863yr19nsx3br1Q,learn_relquest,1.0,"[7, 6]",24.0,5.667,0,1.0,579,fifth
Qh7nowwjk2t863yr19nsx3br1Q,learn_relquest,1.0,"[7, 1]",25.0,6.057,0,1.0,580,fifth
Qh7nowwjk2t863yr19nsx3br1Q,learn_relquest,0.0,"[2, 1]",26.0,1.881,0,0.0,581,fifth
Qh7nowwjk2t863yr19nsx3br1Q,learn_relquest,1.0,"[0, 7]",27.0,4.881,0,1.0,582,fifth
Qzck5cevsqxmr5iny2ho5xb9nQ,learn_relquest,0.0,"[5, 2]",0.0,6.622,0,0.0,99,first
Qzck5cevsqxmr5iny2ho5xb9nQ,learn_relquest,0.0,"[6, 1]",1.0,5.263,0,0.0,100,first
Qzck5cevsqxmr5iny2ho5xb9nQ,learn_relquest,0.0,"[0, 6]",2.0,2.944,1,1.0,101,first
Qzck5cevsqxmr5iny2ho5xb9nQ,learn_relquest,0.0,"[7, 4]",3.0,2.4,1,1.0,102,first
Qzck5cevsqxmr5iny2ho5xb9nQ,learn_relquest,1.0,"[6, 2]",4.0,3.294,1,0.0,103,first
Qzck5cevsqxmr5iny2ho5xb9nQ,learn_relquest,0.0,"[0, 1]",5.0,3.715,0,0.0,104,first
Qzck5cevsqxmr5iny2ho5xb9nQ,learn_relquest,0.0,"[4, 2]",6.0,2.522,0,0.0,105,first
Qzck5cevsqxmr5iny2ho5xb9nQ,learn_relquest,0.0,"[7, 3]",7.0,6.122,1,1.0,106,first
Qzck5cevsqxmr5iny2ho5xb9nQ,learn_relquest,0.0,"[3, 7]",8.0,2.823,1,1.0,107,first
Qzck5cevsqxmr5iny2ho5xb9nQ,learn_relquest,0.0,"[3, 2]",9.0,2.437,0,0.0,108,first
Qzck5cevsqxmr5iny2ho5xb9nQ,learn_relquest,0.0,"[0, 3]",10.0,5.233,0,0.0,109,first
Qzck5cevsqxmr5iny2ho5xb9nQ,learn_relquest,1.0,"[5, 3]",11.0,2.659,0,1.0,110,first
Qzck5cevsqxmr5iny2ho5xb9nQ,learn_relquest,0.0,"[2, 0]",12.0,2.696,1,1.0,111,first
Qzck5cevsqxmr5iny2ho5xb9nQ,learn_relquest,1.0,"[4, 1]",13.0,3.159,0,1.0,112,first
Qzck5cevsqxmr5iny2ho5xb9nQ,learn_relquest,1.0,"[5, 6]",14.0,3.057,1,0.0,113,first
Qzck5cevsqxmr5iny2ho5xb9nQ,learn_relquest,1.0,"[0, 7]",15.0,2.059,0,1.0,114,first
Qzck5cevsqxmr5iny2ho5xb9nQ,learn_relquest,1.0,"[7, 6]",16.0,2.333,0,1.0,115,first
Qzck5cevsqxmr5iny2ho5xb9nQ,learn_relquest,0.0,"[3, 4]",17.0,2.245,1,1.0,116,first
Qzck5cevsqxmr5iny2ho5xb9nQ,learn_relquest,1.0,"[2, 6]",18.0,5.032,1,0.0,117,first
Qzck5cevsqxmr5iny2ho5xb9nQ,learn_relquest,1.0,"[1, 4]",19.0,4.972,0,1.0,118,first
Qzck5cevsqxmr5iny2ho5xb9nQ,learn_relquest,1.0,"[3, 5]",20.0,2.487,1,0.0,119,first
Qzck5cevsqxmr5iny2ho5xb9nQ,learn_relquest,1.0,"[7, 0]",21.0,2.338,0,1.0,120,first
Qzck5cevsqxmr5iny2ho5xb9nQ,learn_relquest,0.0,"[2, 3]",22.0,5.585,0,0.0,121,first
Qzck5cevsqxmr5iny2ho5xb9nQ,learn_relquest,0.0,"[0, 2]",23.0,2.356,0,0.0,122,first
Qzck5cevsqxmr5iny2ho5xb9nQ,learn_relquest,1.0,"[6, 7]",24.0,2.081,0,1.0,123,first
Qzck5cevsqxmr5iny2ho5xb9nQ,learn_relquest,1.0,"[7, 1]",25.0,2.667,1,0.0,124,first
Qzck5cevsqxmr5iny2ho5xb9nQ,learn_relquest,1.0,"[6, 5]",26.0,4.244,0,1.0,125,first
Qzck5cevsqxmr5iny2ho5xb9nQ,learn_relquest,1.0,"[1, 7]",27.0,2.282,1,0.0,126,first
Qzck5cevsqxmr5iny2ho5xb9nQ,learn_relquest,1.0,"[1, 4]",0.0,4.908,0,1.0,213,second
Qzck5cevsqxmr5iny2ho5xb9nQ,learn_relquest,1.0,"[6, 7]",1.0,1.932,0,1.0,214,second
Qzck5cevsqxmr5iny2ho5xb9nQ,learn_relquest,1.0,"[2, 6]",2.0,2.759,0,1.0,215,second
Qzck5cevsqxmr5iny2ho5xb9nQ,learn_relquest,0.0,"[3, 2]",3.0,2.036,1,1.0,216,second
Qzck5cevsqxmr5iny2ho5xb9nQ,learn_relquest,1.0,"[5, 6]",4.0,2.203,0,1.0,217,second
Qzck5cevsqxmr5iny2ho5xb9nQ,learn_relquest,0.0,"[2, 1]",5.0,1.876,0,0.0,218,second
Qzck5cevsqxmr5iny2ho5xb9nQ,learn_relquest,1.0,"[0, 7]",6.0,1.662,0,1.0,219,second
Qzck5cevsqxmr5iny2ho5xb9nQ,learn_relquest,1.0,"[3, 5]",7.0,2.178,0,1.0,220,second
Qzck5cevsqxmr5iny2ho5xb9nQ,learn_relquest,0.0,"[2, 7]",8.0,1.887,1,1.0,221,second
Qzck5cevsqxmr5iny2ho5xb9nQ,learn_relquest,0.0,"[7, 2]",9.0,2.634,0,0.0,222,second
Qzck5cevsqxmr5iny2ho5xb9nQ,learn_relquest,1.0,"[6, 5]",10.0,1.919,0,1.0,223,second
Qzck5cevsqxmr5iny2ho5xb9nQ,learn_relquest,0.0,"[3, 6]",11.0,2.952,1,1.0,224,second
Qzck5cevsqxmr5iny2ho5xb9nQ,learn_relquest,1.0,"[7, 1]",12.0,1.421,0,1.0,225,second
Qzck5cevsqxmr5iny2ho5xb9nQ,learn_relquest,1.0,"[6, 2]",13.0,2.362,0,1.0,226,second
Qzck5cevsqxmr5iny2ho5xb9nQ,learn_relquest,1.0,"[4, 1]",14.0,2.289,0,1.0,227,second
Qzck5cevsqxmr5iny2ho5xb9nQ,learn_relquest,1.0,"[7, 6]",15.0,2.145,0,1.0,228,second
Qzck5cevsqxmr5iny2ho5xb9nQ,learn_relquest,0.0,"[1, 3]",16.0,2.554,1,1.0,229,second
Qzck5cevsqxmr5iny2ho5xb9nQ,learn_relquest,0.0,"[1, 2]",17.0,1.692,0,0.0,230,second
Qzck5cevsqxmr5iny2ho5xb9nQ,learn_relquest,0.0,"[1, 5]",18.0,3.049,0,0.0,231,second
Qzck5cevsqxmr5iny2ho5xb9nQ,learn_relquest,0.0,"[4, 2]",19.0,2.736,0,0.0,232,second
Qzck5cevsqxmr5iny2ho5xb9nQ,learn_relquest,1.0,"[5, 3]",20.0,2.629,1,0.0,233,second
Qzck5cevsqxmr5iny2ho5xb9nQ,learn_relquest,0.0,"[0, 6]",21.0,1.907,0,0.0,234,second
Qzck5cevsqxmr5iny2ho5xb9nQ,learn_relquest,0.0,"[7, 4]",22.0,2.172,0,0.0,235,second
Qzck5cevsqxmr5iny2ho5xb9nQ,learn_relquest,1.0,"[1, 7]",23.0,2.665,0,1.0,236,second
Qzck5cevsqxmr5iny2ho5xb9nQ,learn_relquest,1.0,"[7, 0]",24.0,1.772,0,1.0,237,second
Qzck5cevsqxmr5iny2ho5xb9nQ,learn_relquest,0.0,"[3, 1]",25.0,2.786,1,1.0,238,second
Qzck5cevsqxmr5iny2ho5xb9nQ,learn_relquest,0.0,"[4, 3]",26.0,2.362,1,1.0,239,second
Qzck5cevsqxmr5iny2ho5xb9nQ,learn_relquest,0.0,"[5, 4]",27.0,1.576,0,0.0,240,second
Qzck5cevsqxmr5iny2ho5xb9nQ,learn_relquest,0.0,"[4, 5]",0.0,4.138,1,1.0,327,third
Qzck5cevsqxmr5iny2ho5xb9nQ,learn_relquest,0.0,"[0, 3]",1.0,1.531,0,0.0,328,third
Qzck5cevsqxmr5iny2ho5xb9nQ,learn_relquest,1.0,"[4, 1]",2.0,3.014,0,1.0,329,third
Qzck5cevsqxmr5iny2ho5xb9nQ,learn_relquest,0.0,"[2, 5]",3.0,1.707,0,0.0,330,third
Qzck5cevsqxmr5iny2ho5xb9nQ,learn_relquest,0.0,"[5, 2]",4.0,2.324,0,0.0,331,third
Qzck5cevsqxmr5iny2ho5xb9nQ,learn_relquest,0.0,"[6, 1]",5.0,3.218,1,1.0,332,third
Qzck5cevsqxmr5iny2ho5xb9nQ,learn_relquest,0.0,"[5, 4]",6.0,1.785,0,0.0,333,third
Qzck5cevsqxmr5iny2ho5xb9nQ,learn_relquest,0.0,"[7, 5]",7.0,1.957,0,0.0,334,third
Qzck5cevsqxmr5iny2ho5xb9nQ,learn_relquest,1.0,"[7, 6]",8.0,1.8,0,1.0,335,third
Qzck5cevsqxmr5iny2ho5xb9nQ,learn_relquest,0.0,"[2, 7]",9.0,1.508,0,0.0,336,third
Qzck5cevsqxmr5iny2ho5xb9nQ,learn_relquest,1.0,"[6, 5]",10.0,1.762,0,1.0,337,third
Qzck5cevsqxmr5iny2ho5xb9nQ,learn_relquest,1.0,"[5, 3]",11.0,2.32,1,0.0,338,third
Qzck5cevsqxmr5iny2ho5xb9nQ,learn_relquest,0.0,"[2, 0]",12.0,1.527,0,0.0,339,third
Qzck5cevsqxmr5iny2ho5xb9nQ,learn_relquest,1.0,"[1, 4]",13.0,2.237,0,1.0,340,third
Qzck5cevsqxmr5iny2ho5xb9nQ,learn_relquest,1.0,"[2, 6]",14.0,1.683,0,1.0,341,third
Qzck5cevsqxmr5iny2ho5xb9nQ,learn_relquest,0.0,"[2, 4]",15.0,1.964,1,1.0,342,third
Qzck5cevsqxmr5iny2ho5xb9nQ,learn_relquest,1.0,"[6, 2]",16.0,1.831,0,1.0,343,third
Qzck5cevsqxmr5iny2ho5xb9nQ,learn_relquest,1.0,"[5, 6]",17.0,1.803,0,1.0,344,third
Qzck5cevsqxmr5iny2ho5xb9nQ,learn_relquest,0.0,"[4, 0]",18.0,1.813,0,0.0,345,third
Qzck5cevsqxmr5iny2ho5xb9nQ,learn_relquest,0.0,"[7, 4]",19.0,1.704,0,0.0,346,third
Qzck5cevsqxmr5iny2ho5xb9nQ,learn_relquest,1.0,"[0, 7]",20.0,1.604,0,1.0,347,third
Qzck5cevsqxmr5iny2ho5xb9nQ,learn_relquest,0.0,"[3, 0]",21.0,2.024,1,1.0,348,third
Qzck5cevsqxmr5iny2ho5xb9nQ,learn_relquest,1.0,"[7, 0]",22.0,1.235,0,1.0,349,third
Qzck5cevsqxmr5iny2ho5xb9nQ,learn_relquest,1.0,"[3, 5]",23.0,1.483,0,1.0,350,third
Qzck5cevsqxmr5iny2ho5xb9nQ,learn_relquest,1.0,"[1, 7]",24.0,1.917,0,1.0,351,third
Qzck5cevsqxmr5iny2ho5xb9nQ,learn_relquest,1.0,"[7, 1]",25.0,2.012,0,1.0,352,third
Qzck5cevsqxmr5iny2ho5xb9nQ,learn_relquest,0.0,"[0, 6]",26.0,1.772,0,0.0,353,third
Qzck5cevsqxmr5iny2ho5xb9nQ,learn_relquest,1.0,"[6, 7]",27.0,2.194,0,1.0,354,third
Qzck5cevsqxmr5iny2ho5xb9nQ,learn_relquest,0.0,"[1, 2]",0.0,2.647,0,0.0,441,fourth
Qzck5cevsqxmr5iny2ho5xb9nQ,learn_relquest,1.0,"[2, 6]",1.0,1.89,0,1.0,442,fourth
Qzck5cevsqxmr5iny2ho5xb9nQ,learn_relquest,0.0,"[2, 1]",2.0,1.729,0,0.0,443,fourth
Qzck5cevsqxmr5iny2ho5xb9nQ,learn_relquest,1.0,"[7, 6]",3.0,1.604,0,1.0,444,fourth
Qzck5cevsqxmr5iny2ho5xb9nQ,learn_relquest,1.0,"[3, 5]",4.0,2.152,1,0.0,445,fourth
Qzck5cevsqxmr5iny2ho5xb9nQ,learn_relquest,0.0,"[2, 0]",5.0,1.522,0,0.0,446,fourth
Qzck5cevsqxmr5iny2ho5xb9nQ,learn_relquest,0.0,"[2, 4]",6.0,3.07,1,1.0,447,fourth
Qzck5cevsqxmr5iny2ho5xb9nQ,learn_relquest,0.0,"[2, 7]",7.0,1.664,0,0.0,448,fourth
Qzck5cevsqxmr5iny2ho5xb9nQ,learn_relquest,0.0,"[2, 3]",8.0,6.345,0,0.0,449,fourth
Qzck5cevsqxmr5iny2ho5xb9nQ,learn_relquest,1.0,"[5, 3]",9.0,2.189,0,1.0,450,fourth
Qzck5cevsqxmr5iny2ho5xb9nQ,learn_relquest,1.0,"[6, 7]",10.0,1.179,0,1.0,451,fourth
Qzck5cevsqxmr5iny2ho5xb9nQ,learn_relquest,0.0,"[0, 4]",11.0,1.848,0,0.0,452,fourth
Qzck5cevsqxmr5iny2ho5xb9nQ,learn_relquest,0.0,"[3, 0]",12.0,2.323,0,0.0,453,fourth
Qzck5cevsqxmr5iny2ho5xb9nQ,learn_relquest,1.0,"[6, 2]",13.0,1.822,0,1.0,454,fourth
Qzck5cevsqxmr5iny2ho5xb9nQ,learn_relquest,1.0,"[7, 0]",14.0,1.584,0,1.0,455,fourth
Qzck5cevsqxmr5iny2ho5xb9nQ,learn_relquest,0.0,"[1, 3]",15.0,1.851,0,0.0,456,fourth
Qzck5cevsqxmr5iny2ho5xb9nQ,learn_relquest,1.0,"[1, 4]",16.0,2.294,0,1.0,457,fourth
Qzck5cevsqxmr5iny2ho5xb9nQ,learn_relquest,1.0,"[0, 7]",17.0,1.782,0,1.0,458,fourth
Qzck5cevsqxmr5iny2ho5xb9nQ,learn_relquest,1.0,"[6, 5]",18.0,2.058,0,1.0,459,fourth
Qzck5cevsqxmr5iny2ho5xb9nQ,learn_relquest,0.0,"[1, 5]",19.0,2.074,0,0.0,460,fourth
Qzck5cevsqxmr5iny2ho5xb9nQ,learn_relquest,1.0,"[5, 6]",20.0,1.988,0,1.0,461,fourth
Qzck5cevsqxmr5iny2ho5xb9nQ,learn_relquest,0.0,"[3, 1]",21.0,2.58,0,0.0,462,fourth
Qzck5cevsqxmr5iny2ho5xb9nQ,learn_relquest,0.0,"[0, 5]",22.0,2.332,0,0.0,463,fourth
Qzck5cevsqxmr5iny2ho5xb9nQ,learn_relquest,1.0,"[4, 1]",23.0,2.284,0,1.0,464,fourth
Qzck5cevsqxmr5iny2ho5xb9nQ,learn_relquest,1.0,"[1, 7]",24.0,2.349,0,1.0,465,fourth
Qzck5cevsqxmr5iny2ho5xb9nQ,learn_relquest,0.0,"[4, 5]",25.0,2.845,0,0.0,466,fourth
Qzck5cevsqxmr5iny2ho5xb9nQ,learn_relquest,0.0,"[3, 7]",26.0,2.561,0,0.0,467,fourth
Qzck5cevsqxmr5iny2ho5xb9nQ,learn_relquest,1.0,"[7, 1]",27.0,2.061,0,1.0,468,fourth
Qzck5cevsqxmr5iny2ho5xb9nQ,learn_relquest,0.0,"[0, 3]",0.0,1.574,0,0.0,555,fifth
Qzck5cevsqxmr5iny2ho5xb9nQ,learn_relquest,1.0,"[2, 6]",1.0,2.856,0,1.0,556,fifth
Qzck5cevsqxmr5iny2ho5xb9nQ,learn_relquest,0.0,"[5, 1]",2.0,1.441,0,0.0,557,fifth
Qzck5cevsqxmr5iny2ho5xb9nQ,learn_relquest,0.0,"[7, 3]",3.0,1.228,0,0.0,558,fifth
Qzck5cevsqxmr5iny2ho5xb9nQ,learn_relquest,1.0,"[7, 1]",4.0,1.27,0,1.0,559,fifth
Qzck5cevsqxmr5iny2ho5xb9nQ,learn_relquest,1.0,"[1, 4]",5.0,2.609,0,1.0,560,fifth
Qzck5cevsqxmr5iny2ho5xb9nQ,learn_relquest,0.0,"[2, 4]",6.0,2.121,1,1.0,561,fifth
Qzck5cevsqxmr5iny2ho5xb9nQ,learn_relquest,0.0,"[3, 1]",7.0,1.855,0,0.0,562,fifth
Qzck5cevsqxmr5iny2ho5xb9nQ,learn_relquest,1.0,"[1, 7]",8.0,1.496,0,1.0,563,fifth
Qzck5cevsqxmr5iny2ho5xb9nQ,learn_relquest,1.0,"[6, 2]",9.0,2.355,0,1.0,564,fifth
Qzck5cevsqxmr5iny2ho5xb9nQ,learn_relquest,0.0,"[3, 6]",10.0,2.316,0,0.0,565,fifth
Qzck5cevsqxmr5iny2ho5xb9nQ,learn_relquest,1.0,"[5, 6]",11.0,1.712,0,1.0,566,fifth
Qzck5cevsqxmr5iny2ho5xb9nQ,learn_relquest,1.0,"[7, 0]",12.0,1.933,0,1.0,567,fifth
Qzck5cevsqxmr5iny2ho5xb9nQ,learn_relquest,0.0,"[7, 5]",13.0,1.903,0,0.0,568,fifth
Qzck5cevsqxmr5iny2ho5xb9nQ,learn_relquest,0.0,"[2, 0]",14.0,2.022,0,0.0,569,fifth
Qzck5cevsqxmr5iny2ho5xb9nQ,learn_relquest,0.0,"[4, 2]",15.0,1.983,1,1.0,570,fifth
Qzck5cevsqxmr5iny2ho5xb9nQ,learn_relquest,0.0,"[6, 0]",16.0,1.232,0,0.0,571,fifth
Qzck5cevsqxmr5iny2ho5xb9nQ,learn_relquest,0.0,"[6, 1]",17.0,2.007,1,1.0,572,fifth
Qzck5cevsqxmr5iny2ho5xb9nQ,learn_relquest,1.0,"[7, 6]",18.0,1.296,0,1.0,573,fifth
Qzck5cevsqxmr5iny2ho5xb9nQ,learn_relquest,1.0,"[6, 5]",19.0,1.554,0,1.0,574,fifth
Qzck5cevsqxmr5iny2ho5xb9nQ,learn_relquest,1.0,"[4, 1]",20.0,2.254,0,1.0,575,fifth
Qzck5cevsqxmr5iny2ho5xb9nQ,learn_relquest,1.0,"[6, 7]",21.0,1.503,0,1.0,576,fifth
Qzck5cevsqxmr5iny2ho5xb9nQ,learn_relquest,0.0,"[1, 3]",22.0,1.596,0,0.0,577,fifth
Qzck5cevsqxmr5iny2ho5xb9nQ,learn_relquest,1.0,"[3, 5]",23.0,2.241,1,0.0,578,fifth
Qzck5cevsqxmr5iny2ho5xb9nQ,learn_relquest,1.0,"[5, 3]",24.0,1.595,0,1.0,579,fifth
Qzck5cevsqxmr5iny2ho5xb9nQ,learn_relquest,0.0,"[1, 2]",25.0,2.036,0,0.0,580,fifth
Qzck5cevsqxmr5iny2ho5xb9nQ,learn_relquest,0.0,"[0, 2]",26.0,2.122,0,0.0,581,fifth
Qzck5cevsqxmr5iny2ho5xb9nQ,learn_relquest,1.0,"[0, 7]",27.0,1.622,0,1.0,582,fifth
Qtacpqepqpxvqmnvzbjeegyl1Q,learn_relquest,1.0,"[0, 7]",0.0,5.65,0,1.0,99,first
Qtacpqepqpxvqmnvzbjeegyl1Q,learn_relquest,1.0,"[7, 1]",1.0,7.138,1,0.0,100,first
Qtacpqepqpxvqmnvzbjeegyl1Q,learn_relquest,1.0,"[1, 4]",2.0,3.04,0,1.0,101,first
Qtacpqepqpxvqmnvzbjeegyl1Q,learn_relquest,0.0,"[0, 5]",3.0,2.046,0,0.0,102,first
Qtacpqepqpxvqmnvzbjeegyl1Q,learn_relquest,0.0,"[2, 7]",4.0,2.377,1,1.0,103,first
Qtacpqepqpxvqmnvzbjeegyl1Q,learn_relquest,0.0,"[1, 6]",5.0,4.941,0,0.0,104,first
Qtacpqepqpxvqmnvzbjeegyl1Q,learn_relquest,1.0,"[7, 6]",6.0,1.55,0,1.0,105,first
Qtacpqepqpxvqmnvzbjeegyl1Q,learn_relquest,0.0,"[6, 0]",7.0,3.172,1,1.0,106,first
Qtacpqepqpxvqmnvzbjeegyl1Q,learn_relquest,0.0,"[4, 7]",8.0,5.56,0,0.0,107,first
Qtacpqepqpxvqmnvzbjeegyl1Q,learn_relquest,0.0,"[2, 4]",9.0,4.08,1,1.0,108,first
Qtacpqepqpxvqmnvzbjeegyl1Q,learn_relquest,0.0,"[7, 5]",10.0,2.063,0,0.0,109,first
Qtacpqepqpxvqmnvzbjeegyl1Q,learn_relquest,1.0,"[5, 3]",11.0,2.587,0,1.0,110,first
Qtacpqepqpxvqmnvzbjeegyl1Q,learn_relquest,1.0,"[6, 7]",12.0,1.281,0,1.0,111,first
Qtacpqepqpxvqmnvzbjeegyl1Q,learn_relquest,0.0,"[0, 4]",13.0,2.557,1,1.0,112,first
Qtacpqepqpxvqmnvzbjeegyl1Q,learn_relquest,0.0,"[6, 4]",14.0,1.27,0,0.0,113,first
Qtacpqepqpxvqmnvzbjeegyl1Q,learn_relquest,0.0,"[2, 3]",15.0,2.352,0,0.0,114,first
Qtacpqepqpxvqmnvzbjeegyl1Q,learn_relquest,1.0,"[2, 6]",16.0,2.056,0,1.0,115,first
Qtacpqepqpxvqmnvzbjeegyl1Q,learn_relquest,1.0,"[3, 5]",17.0,1.054,0,1.0,116,first
Qtacpqepqpxvqmnvzbjeegyl1Q,learn_relquest,1.0,"[7, 0]",18.0,1.498,0,1.0,117,first
Qtacpqepqpxvqmnvzbjeegyl1Q,learn_relquest,1.0,"[1, 7]",19.0,2.468,1,0.0,118,first
Qtacpqepqpxvqmnvzbjeegyl1Q,learn_relquest,0.0,"[3, 7]",20.0,2.566,1,1.0,119,first
Qtacpqepqpxvqmnvzbjeegyl1Q,learn_relquest,0.0,"[5, 1]",21.0,3.967,1,1.0,120,first
Qtacpqepqpxvqmnvzbjeegyl1Q,learn_relquest,1.0,"[4, 1]",22.0,3.179,1,0.0,121,first
Qtacpqepqpxvqmnvzbjeegyl1Q,learn_relquest,1.0,"[5, 6]",23.0,1.199,0,1.0,122,first
Qtacpqepqpxvqmnvzbjeegyl1Q,learn_relquest,1.0,"[6, 2]",24.0,2.145,0,1.0,123,first
Qtacpqepqpxvqmnvzbjeegyl1Q,learn_relquest,1.0,"[6, 5]",25.0,0.985,0,1.0,124,first
Qtacpqepqpxvqmnvzbjeegyl1Q,learn_relquest,0.0,"[3, 6]",26.0,1.787,0,0.0,125,first
Qtacpqepqpxvqmnvzbjeegyl1Q,learn_relquest,0.0,"[0, 2]",27.0,2.146,0,0.0,126,first
Qtacpqepqpxvqmnvzbjeegyl1Q,learn_relquest,1.0,"[7, 1]",0.0,4.166,0,1.0,213,second
Qtacpqepqpxvqmnvzbjeegyl1Q,learn_relquest,0.0,"[4, 5]",1.0,2.206,0,0.0,214,second
Qtacpqepqpxvqmnvzbjeegyl1Q,learn_relquest,1.0,"[3, 5]",2.0,2.537,0,1.0,215,second
Qtacpqepqpxvqmnvzbjeegyl1Q,learn_relquest,0.0,"[5, 4]",3.0,1.978,0,0.0,216,second
Qtacpqepqpxvqmnvzbjeegyl1Q,learn_relquest,1.0,"[6, 2]",4.0,2.904,0,1.0,217,second
Qtacpqepqpxvqmnvzbjeegyl1Q,learn_relquest,0.0,"[6, 3]",5.0,2.093,0,0.0,218,second
Qtacpqepqpxvqmnvzbjeegyl1Q,learn_relquest,0.0,"[3, 4]",6.0,4.23,1,1.0,219,second
Qtacpqepqpxvqmnvzbjeegyl1Q,learn_relquest,0.0,"[4, 7]",7.0,2.053,0,0.0,220,second
Qtacpqepqpxvqmnvzbjeegyl1Q,learn_relquest,0.0,"[3, 0]",8.0,4.766,0,0.0,221,second
Qtacpqepqpxvqmnvzbjeegyl1Q,learn_relquest,1.0,"[6, 7]",9.0,1.523,0,1.0,222,second
Qtacpqepqpxvqmnvzbjeegyl1Q,learn_relquest,1.0,"[0, 7]",10.0,1.986,0,1.0,223,second
Qtacpqepqpxvqmnvzbjeegyl1Q,learn_relquest,1.0,"[7, 0]",11.0,1.546,0,1.0,224,second
Qtacpqepqpxvqmnvzbjeegyl1Q,learn_relquest,1.0,"[7, 6]",12.0,1.21,0,1.0,225,second
Qtacpqepqpxvqmnvzbjeegyl1Q,learn_relquest,1.0,"[1, 7]",13.0,1.658,0,1.0,226,second
Qtacpqepqpxvqmnvzbjeegyl1Q,learn_relquest,0.0,"[7, 4]",14.0,5.423,1,1.0,227,second
Qtacpqepqpxvqmnvzbjeegyl1Q,learn_relquest,1.0,"[6, 5]",15.0,2.488,0,1.0,228,second
Qtacpqepqpxvqmnvzbjeegyl1Q,learn_relquest,1.0,"[4, 1]",16.0,4.87,0,1.0,229,second
Qtacpqepqpxvqmnvzbjeegyl1Q,learn_relquest,0.0,"[0, 5]",17.0,1.113,0,0.0,230,second
Qtacpqepqpxvqmnvzbjeegyl1Q,learn_relquest,1.0,"[5, 3]",18.0,0.991,0,1.0,231,second
Qtacpqepqpxvqmnvzbjeegyl1Q,learn_relquest,0.0,"[3, 6]",19.0,1.021,0,0.0,232,second
Qtacpqepqpxvqmnvzbjeegyl1Q,learn_relquest,1.0,"[1, 4]",20.0,1.367,0,1.0,233,second
Qtacpqepqpxvqmnvzbjeegyl1Q,learn_relquest,1.0,"[2, 6]",21.0,1.706,0,1.0,234,second
Qtacpqepqpxvqmnvzbjeegyl1Q,learn_relquest,0.0,"[5, 0]",22.0,0.933,0,0.0,235,second
Qtacpqepqpxvqmnvzbjeegyl1Q,learn_relquest,0.0,"[4, 2]",23.0,5.235,1,1.0,236,second
Qtacpqepqpxvqmnvzbjeegyl1Q,learn_relquest,0.0,"[3, 2]",24.0,5.006,0,0.0,237,second
Qtacpqepqpxvqmnvzbjeegyl1Q,learn_relquest,0.0,"[6, 0]",25.0,0.888,0,0.0,238,second
Qtacpqepqpxvqmnvzbjeegyl1Q,learn_relquest,1.0,"[5, 6]",26.0,0.788,0,1.0,239,second
Qtacpqepqpxvqmnvzbjeegyl1Q,learn_relquest,0.0,"[1, 3]",27.0,4.854,0,0.0,240,second
Qtacpqepqpxvqmnvzbjeegyl1Q,learn_relquest,0.0,"[5, 0]",0.0,2.835,0,0.0,327,third
Qtacpqepqpxvqmnvzbjeegyl1Q,learn_relquest,1.0,"[6, 2]",1.0,1.447,0,1.0,328,third
Qtacpqepqpxvqmnvzbjeegyl1Q,learn_relquest,0.0,"[6, 3]",2.0,3.455,1,1.0,329,third
Qtacpqepqpxvqmnvzbjeegyl1Q,learn_relquest,0.0,"[0, 4]",3.0,3.698,1,1.0,330,third
Qtacpqepqpxvqmnvzbjeegyl1Q,learn_relquest,1.0,"[7, 0]",4.0,1.798,0,1.0,331,third
Qtacpqepqpxvqmnvzbjeegyl1Q,learn_relquest,1.0,"[6, 7]",5.0,1.966,0,1.0,332,third
Qtacpqepqpxvqmnvzbjeegyl1Q,learn_relquest,1.0,"[2, 6]",6.0,3.547,1,0.0,333,third
Qtacpqepqpxvqmnvzbjeegyl1Q,learn_relquest,0.0,"[1, 5]",7.0,2.561,1,1.0,334,third
Qtacpqepqpxvqmnvzbjeegyl1Q,learn_relquest,0.0,"[5, 1]",8.0,1.561,1,1.0,335,third
Qtacpqepqpxvqmnvzbjeegyl1Q,learn_relquest,1.0,"[4, 1]",9.0,1.376,0,1.0,336,third
Qtacpqepqpxvqmnvzbjeegyl1Q,learn_relquest,0.0,"[2, 5]",10.0,2.862,1,1.0,337,third
Qtacpqepqpxvqmnvzbjeegyl1Q,learn_relquest,0.0,"[1, 3]",11.0,3.118,1,1.0,338,third
Qtacpqepqpxvqmnvzbjeegyl1Q,learn_relquest,1.0,"[6, 5]",12.0,1.554,0,1.0,339,third
Qtacpqepqpxvqmnvzbjeegyl1Q,learn_relquest,0.0,"[6, 0]",13.0,1.216,0,0.0,340,third
Qtacpqepqpxvqmnvzbjeegyl1Q,learn_relquest,1.0,"[1, 7]",14.0,1.007,0,1.0,341,third
Qtacpqepqpxvqmnvzbjeegyl1Q,learn_relquest,1.0,"[7, 1]",15.0,0.727,0,1.0,342,third
Qtacpqepqpxvqmnvzbjeegyl1Q,learn_relquest,1.0,"[7, 6]",16.0,1.28,0,1.0,343,third
Qtacpqepqpxvqmnvzbjeegyl1Q,learn_relquest,0.0,"[6, 1]",17.0,2.244,0,0.0,344,third
Qtacpqepqpxvqmnvzbjeegyl1Q,learn_relquest,1.0,"[1, 4]",18.0,1.217,0,1.0,345,third
Qtacpqepqpxvqmnvzbjeegyl1Q,learn_relquest,1.0,"[0, 7]",19.0,1.109,0,1.0,346,third
Qtacpqepqpxvqmnvzbjeegyl1Q,learn_relquest,0.0,"[4, 5]",20.0,2.795,0,0.0,347,third
Qtacpqepqpxvqmnvzbjeegyl1Q,learn_relquest,1.0,"[5, 6]",21.0,0.82,0,1.0,348,third
Qtacpqepqpxvqmnvzbjeegyl1Q,learn_relquest,0.0,"[1, 6]",22.0,1.79,0,0.0,349,third
Qtacpqepqpxvqmnvzbjeegyl1Q,learn_relquest,1.0,"[3, 5]",23.0,2.408,1,0.0,350,third
Qtacpqepqpxvqmnvzbjeegyl1Q,learn_relquest,0.0,"[2, 3]",24.0,1.195,0,0.0,351,third
Qtacpqepqpxvqmnvzbjeegyl1Q,learn_relquest,0.0,"[1, 2]",25.0,1.234,0,0.0,352,third
Qtacpqepqpxvqmnvzbjeegyl1Q,learn_relquest,1.0,"[5, 3]",26.0,1.841,1,0.0,353,third
Qtacpqepqpxvqmnvzbjeegyl1Q,learn_relquest,0.0,"[4, 7]",27.0,3.148,1,1.0,354,third
Qtacpqepqpxvqmnvzbjeegyl1Q,learn_relquest,0.0,"[3, 1]",0.0,20.185,1,1.0,441,fourth
Qtacpqepqpxvqmnvzbjeegyl1Q,learn_relquest,1.0,"[1, 4]",1.0,6.67,0,1.0,442,fourth
Qtacpqepqpxvqmnvzbjeegyl1Q,learn_relquest,0.0,"[3, 7]",2.0,6.419,0,0.0,443,fourth
Qtacpqepqpxvqmnvzbjeegyl1Q,learn_relquest,0.0,"[0, 2]",3.0,12.64,0,0.0,444,fourth
Qtacpqepqpxvqmnvzbjeegyl1Q,learn_relquest,1.0,"[5, 6]",4.0,1.36,0,1.0,445,fourth
Qtacpqepqpxvqmnvzbjeegyl1Q,learn_relquest,1.0,"[7, 1]",5.0,10.346,0,1.0,446,fourth
Qtacpqepqpxvqmnvzbjeegyl1Q,learn_relquest,0.0,"[6, 4]",6.0,12.14,1,1.0,447,fourth
Qtacpqepqpxvqmnvzbjeegyl1Q,learn_relquest,1.0,"[0, 7]",7.0,1.764,0,1.0,448,fourth
Qtacpqepqpxvqmnvzbjeegyl1Q,learn_relquest,0.0,"[3, 6]",8.0,7.316,0,0.0,449,fourth
Qtacpqepqpxvqmnvzbjeegyl1Q,learn_relquest,1.0,"[6, 2]",9.0,10.899,1,0.0,450,fourth
Qtacpqepqpxvqmnvzbjeegyl1Q,learn_relquest,1.0,"[5, 3]",10.0,5.643,0,1.0,451,fourth
Qtacpqepqpxvqmnvzbjeegyl1Q,learn_relquest,1.0,"[7, 6]",11.0,1.191,0,1.0,452,fourth
Qtacpqepqpxvqmnvzbjeegyl1Q,learn_relquest,1.0,"[2, 6]",12.0,1.903,0,1.0,453,fourth
Qtacpqepqpxvqmnvzbjeegyl1Q,learn_relquest,0.0,"[1, 5]",13.0,4.861,0,0.0,454,fourth
Qtacpqepqpxvqmnvzbjeegyl1Q,learn_relquest,0.0,"[5, 2]",14.0,7.547,1,1.0,455,fourth
Qtacpqepqpxvqmnvzbjeegyl1Q,learn_relquest,0.0,"[3, 2]",15.0,2.808,1,1.0,456,fourth
Qtacpqepqpxvqmnvzbjeegyl1Q,learn_relquest,0.0,"[1, 0]",16.0,11.0,1,1.0,457,fourth
Qtacpqepqpxvqmnvzbjeegyl1Q,learn_relquest,1.0,"[6, 5]",17.0,1.2,0,1.0,458,fourth
Qtacpqepqpxvqmnvzbjeegyl1Q,learn_relquest,1.0,"[4, 1]",18.0,2.367,0,1.0,459,fourth
Qtacpqepqpxvqmnvzbjeegyl1Q,learn_relquest,0.0,"[4, 5]",19.0,3.093,0,0.0,460,fourth
Qtacpqepqpxvqmnvzbjeegyl1Q,learn_relquest,1.0,"[6, 7]",20.0,0.943,0,1.0,461,fourth
Qtacpqepqpxvqmnvzbjeegyl1Q,learn_relquest,0.0,"[0, 4]",21.0,0.976,0,0.0,462,fourth
Qtacpqepqpxvqmnvzbjeegyl1Q,learn_relquest,1.0,"[3, 5]",22.0,1.078,0,1.0,463,fourth
Qtacpqepqpxvqmnvzbjeegyl1Q,learn_relquest,0.0,"[6, 0]",23.0,1.649,0,0.0,464,fourth
Qtacpqepqpxvqmnvzbjeegyl1Q,learn_relquest,0.0,"[0, 6]",24.0,0.922,0,0.0,465,fourth
Qtacpqepqpxvqmnvzbjeegyl1Q,learn_relquest,1.0,"[7, 0]",25.0,9.313,0,1.0,466,fourth
Qtacpqepqpxvqmnvzbjeegyl1Q,learn_relquest,0.0,"[1, 2]",26.0,10.936,0,0.0,467,fourth
Qtacpqepqpxvqmnvzbjeegyl1Q,learn_relquest,1.0,"[1, 7]",27.0,2.359,0,1.0,468,fourth
Qtacpqepqpxvqmnvzbjeegyl1Q,learn_relquest,0.0,"[1, 6]",0.0,2.339,0,0.0,555,fifth
Qtacpqepqpxvqmnvzbjeegyl1Q,learn_relquest,0.0,"[0, 5]",1.0,1.193,0,0.0,556,fifth
Qtacpqepqpxvqmnvzbjeegyl1Q,learn_relquest,0.0,"[3, 0]",2.0,2.001,1,1.0,557,fifth
Qtacpqepqpxvqmnvzbjeegyl1Q,learn_relquest,1.0,"[6, 5]",3.0,1.056,0,1.0,558,fifth
Qtacpqepqpxvqmnvzbjeegyl1Q,learn_relquest,1.0,"[1, 7]",4.0,1.141,0,1.0,559,fifth
Qtacpqepqpxvqmnvzbjeegyl1Q,learn_relquest,0.0,"[2, 5]",5.0,1.795,1,1.0,560,fifth
Qtacpqepqpxvqmnvzbjeegyl1Q,learn_relquest,0.0,"[2, 0]",6.0,1.716,1,1.0,561,fifth
Qtacpqepqpxvqmnvzbjeegyl1Q,learn_relquest,0.0,"[1, 2]",7.0,2.659,1,1.0,562,fifth
Qtacpqepqpxvqmnvzbjeegyl1Q,learn_relquest,0.0,"[2, 1]",8.0,1.733,1,1.0,563,fifth
Qtacpqepqpxvqmnvzbjeegyl1Q,learn_relquest,1.0,"[0, 7]",9.0,1.266,0,1.0,564,fifth
Qtacpqepqpxvqmnvzbjeegyl1Q,learn_relquest,1.0,"[5, 6]",10.0,0.814,0,1.0,565,fifth
Qtacpqepqpxvqmnvzbjeegyl1Q,learn_relquest,1.0,"[7, 1]",11.0,1.301,0,1.0,566,fifth
Qtacpqepqpxvqmnvzbjeegyl1Q,learn_relquest,0.0,"[0, 1]",12.0,0.865,0,0.0,567,fifth
Qtacpqepqpxvqmnvzbjeegyl1Q,learn_relquest,1.0,"[7, 6]",13.0,0.827,0,1.0,568,fifth
Qtacpqepqpxvqmnvzbjeegyl1Q,learn_relquest,0.0,"[3, 2]",14.0,2.995,1,1.0,569,fifth
Qtacpqepqpxvqmnvzbjeegyl1Q,learn_relquest,0.0,"[1, 5]",15.0,1.139,0,0.0,570,fifth
Qtacpqepqpxvqmnvzbjeegyl1Q,learn_relquest,1.0,"[7, 0]",16.0,1.632,0,1.0,571,fifth
Qtacpqepqpxvqmnvzbjeegyl1Q,learn_relquest,1.0,"[6, 2]",17.0,3.057,0,1.0,572,fifth
Qtacpqepqpxvqmnvzbjeegyl1Q,learn_relquest,0.0,"[6, 1]",18.0,0.936,0,0.0,573,fifth
Qtacpqepqpxvqmnvzbjeegyl1Q,learn_relquest,0.0,"[4, 0]",19.0,2.442,0,0.0,574,fifth
Qtacpqepqpxvqmnvzbjeegyl1Q,learn_relquest,1.0,"[4, 1]",20.0,0.823,0,1.0,575,fifth
Qtacpqepqpxvqmnvzbjeegyl1Q,learn_relquest,0.0,"[5, 4]",21.0,0.996,0,0.0,576,fifth
Qtacpqepqpxvqmnvzbjeegyl1Q,learn_relquest,0.0,"[3, 7]",22.0,1.182,0,0.0,577,fifth
Qtacpqepqpxvqmnvzbjeegyl1Q,learn_relquest,1.0,"[5, 3]",23.0,0.769,0,1.0,578,fifth
Qtacpqepqpxvqmnvzbjeegyl1Q,learn_relquest,1.0,"[2, 6]",24.0,1.546,0,1.0,579,fifth
Qtacpqepqpxvqmnvzbjeegyl1Q,learn_relquest,1.0,"[1, 4]",25.0,1.274,0,1.0,580,fifth
Qtacpqepqpxvqmnvzbjeegyl1Q,learn_relquest,1.0,"[3, 5]",26.0,1.337,0,1.0,581,fifth
Qtacpqepqpxvqmnvzbjeegyl1Q,learn_relquest,1.0,"[6, 7]",27.0,1.227,0,1.0,582,fifth
Qvnfywrezdv7dqywuiksnv6nsQ,learn_relquest,0.0,"[3, 2]",0.0,3.535,1,1.0,99,first
Qvnfywrezdv7dqywuiksnv6nsQ,learn_relquest,0.0,"[7, 5]",1.0,2.728,1,1.0,100,first
Qvnfywrezdv7dqywuiksnv6nsQ,learn_relquest,1.0,"[1, 4]",2.0,1.434,0,1.0,101,first
Qvnfywrezdv7dqywuiksnv6nsQ,learn_relquest,0.0,"[2, 1]",3.0,3.408,1,1.0,102,first
Qvnfywrezdv7dqywuiksnv6nsQ,learn_relquest,1.0,"[7, 0]",4.0,1.808,0,1.0,103,first
Qvnfywrezdv7dqywuiksnv6nsQ,learn_relquest,1.0,"[0, 7]",5.0,1.796,0,1.0,104,first
Qvnfywrezdv7dqywuiksnv6nsQ,learn_relquest,0.0,"[5, 0]",6.0,2.51,0,0.0,105,first
Qvnfywrezdv7dqywuiksnv6nsQ,learn_relquest,1.0,"[1, 7]",7.0,4.208,0,1.0,106,first
Qvnfywrezdv7dqywuiksnv6nsQ,learn_relquest,1.0,"[5, 6]",8.0,1.14,0,1.0,107,first
Qvnfywrezdv7dqywuiksnv6nsQ,learn_relquest,0.0,"[7, 3]",9.0,1.51,0,0.0,108,first
Qvnfywrezdv7dqywuiksnv6nsQ,learn_relquest,1.0,"[6, 7]",10.0,3.136,1,0.0,109,first
Qvnfywrezdv7dqywuiksnv6nsQ,learn_relquest,1.0,"[6, 2]",11.0,1.944,0,1.0,110,first
Qvnfywrezdv7dqywuiksnv6nsQ,learn_relquest,1.0,"[2, 6]",12.0,1.558,0,1.0,111,first
Qvnfywrezdv7dqywuiksnv6nsQ,learn_relquest,0.0,"[2, 4]",13.0,2.244,1,1.0,112,first
Qvnfywrezdv7dqywuiksnv6nsQ,learn_relquest,0.0,"[5, 2]",14.0,3.268,0,0.0,113,first
Qvnfywrezdv7dqywuiksnv6nsQ,learn_relquest,0.0,"[0, 1]",15.0,3.122,1,1.0,114,first
Qvnfywrezdv7dqywuiksnv6nsQ,learn_relquest,1.0,"[5, 3]",16.0,2.18,1,0.0,115,first
Qvnfywrezdv7dqywuiksnv6nsQ,learn_relquest,0.0,"[0, 4]",17.0,3.064,1,1.0,116,first
Qvnfywrezdv7dqywuiksnv6nsQ,learn_relquest,0.0,"[4, 6]",18.0,1.79,1,1.0,117,first
Qvnfywrezdv7dqywuiksnv6nsQ,learn_relquest,1.0,"[6, 5]",19.0,2.504,0,1.0,118,first
Qvnfywrezdv7dqywuiksnv6nsQ,learn_relquest,0.0,"[2, 5]",20.0,1.688,0,0.0,119,first
Qvnfywrezdv7dqywuiksnv6nsQ,learn_relquest,0.0,"[0, 6]",21.0,1.828,1,1.0,120,first
Qvnfywrezdv7dqywuiksnv6nsQ,learn_relquest,0.0,"[1, 6]",22.0,2.67,1,1.0,121,first
Qvnfywrezdv7dqywuiksnv6nsQ,learn_relquest,1.0,"[3, 5]",23.0,2.204,1,0.0,122,first
Qvnfywrezdv7dqywuiksnv6nsQ,learn_relquest,0.0,"[3, 4]",24.0,3.168,1,1.0,123,first
Qvnfywrezdv7dqywuiksnv6nsQ,learn_relquest,1.0,"[4, 1]",25.0,1.202,0,1.0,124,first
Qvnfywrezdv7dqywuiksnv6nsQ,learn_relquest,1.0,"[7, 1]",26.0,2.448,0,1.0,125,first
Qvnfywrezdv7dqywuiksnv6nsQ,learn_relquest,1.0,"[7, 6]",27.0,2.956,0,1.0,126,first
Qvnfywrezdv7dqywuiksnv6nsQ,learn_relquest,0.0,"[0, 3]",0.0,5.226,1,1.0,213,second
Qvnfywrezdv7dqywuiksnv6nsQ,learn_relquest,1.0,"[0, 7]",1.0,3.418,0,1.0,214,second
Qvnfywrezdv7dqywuiksnv6nsQ,learn_relquest,0.0,"[7, 2]",2.0,1.44,0,0.0,215,second
Qvnfywrezdv7dqywuiksnv6nsQ,learn_relquest,1.0,"[3, 5]",3.0,1.476,0,1.0,216,second
Qvnfywrezdv7dqywuiksnv6nsQ,learn_relquest,0.0,"[6, 1]",4.0,1.444,1,1.0,217,second
Qvnfywrezdv7dqywuiksnv6nsQ,learn_relquest,1.0,"[1, 7]",5.0,1.052,0,1.0,218,second
Qvnfywrezdv7dqywuiksnv6nsQ,learn_relquest,1.0,"[7, 1]",6.0,0.932,0,1.0,219,second
Qvnfywrezdv7dqywuiksnv6nsQ,learn_relquest,0.0,"[4, 2]",7.0,1.967,1,1.0,220,second
Qvnfywrezdv7dqywuiksnv6nsQ,learn_relquest,0.0,"[2, 3]",8.0,1.252,1,1.0,221,second
Qvnfywrezdv7dqywuiksnv6nsQ,learn_relquest,0.0,"[2, 0]",9.0,1.04,1,1.0,222,second
Qvnfywrezdv7dqywuiksnv6nsQ,learn_relquest,1.0,"[6, 2]",10.0,1.496,0,1.0,223,second
Qvnfywrezdv7dqywuiksnv6nsQ,learn_relquest,0.0,"[7, 4]",11.0,1.424,1,1.0,224,second
Qvnfywrezdv7dqywuiksnv6nsQ,learn_relquest,0.0,"[1, 5]",12.0,1.372,1,1.0,225,second
Qvnfywrezdv7dqywuiksnv6nsQ,learn_relquest,0.0,"[3, 1]",13.0,1.959,1,1.0,226,second
Qvnfywrezdv7dqywuiksnv6nsQ,learn_relquest,0.0,"[7, 5]",14.0,1.2,1,1.0,227,second
Qvnfywrezdv7dqywuiksnv6nsQ,learn_relquest,1.0,"[7, 0]",15.0,1.228,0,1.0,228,second
Qvnfywrezdv7dqywuiksnv6nsQ,learn_relquest,1.0,"[5, 6]",16.0,1.22,0,1.0,229,second
Qvnfywrezdv7dqywuiksnv6nsQ,learn_relquest,1.0,"[1, 4]",17.0,1.02,0,1.0,230,second
Qvnfywrezdv7dqywuiksnv6nsQ,learn_relquest,0.0,"[6, 0]",18.0,2.775,1,1.0,231,second
Qvnfywrezdv7dqywuiksnv6nsQ,learn_relquest,1.0,"[4, 1]",19.0,0.9,0,1.0,232,second
Qvnfywrezdv7dqywuiksnv6nsQ,learn_relquest,0.0,"[3, 4]",20.0,2.317,1,1.0,233,second
Qvnfywrezdv7dqywuiksnv6nsQ,learn_relquest,0.0,"[1, 2]",21.0,2.096,1,1.0,234,second
Qvnfywrezdv7dqywuiksnv6nsQ,learn_relquest,1.0,"[5, 3]",22.0,1.204,0,1.0,235,second
Qvnfywrezdv7dqywuiksnv6nsQ,learn_relquest,1.0,"[2, 6]",23.0,1.442,0,1.0,236,second
Qvnfywrezdv7dqywuiksnv6nsQ,learn_relquest,1.0,"[6, 7]",24.0,1.116,0,1.0,237,second
Qvnfywrezdv7dqywuiksnv6nsQ,learn_relquest,1.0,"[7, 6]",25.0,0.7,0,1.0,238,second
Qvnfywrezdv7dqywuiksnv6nsQ,learn_relquest,1.0,"[6, 5]",26.0,0.804,0,1.0,239,second
Qvnfywrezdv7dqywuiksnv6nsQ,learn_relquest,0.0,"[5, 0]",27.0,1.54,1,1.0,240,second
Qvnfywrezdv7dqywuiksnv6nsQ,learn_relquest,1.0,"[2, 6]",0.0,4.946,0,1.0,327,third
Qvnfywrezdv7dqywuiksnv6nsQ,learn_relquest,1.0,"[7, 1]",1.0,5.846,0,1.0,328,third
Qvnfywrezdv7dqywuiksnv6nsQ,learn_relquest,0.0,"[0, 2]",2.0,4.972,1,1.0,329,third
Qvnfywrezdv7dqywuiksnv6nsQ,learn_relquest,1.0,"[3, 5]",3.0,4.122,0,1.0,330,third
Qvnfywrezdv7dqywuiksnv6nsQ,learn_relquest,0.0,"[3, 4]",4.0,3.372,1,1.0,331,third
Qvnfywrezdv7dqywuiksnv6nsQ,learn_relquest,1.0,"[6, 2]",5.0,5.266,0,1.0,332,third
Qvnfywrezdv7dqywuiksnv6nsQ,learn_relquest,1.0,"[6, 5]",6.0,3.436,0,1.0,333,third
Qvnfywrezdv7dqywuiksnv6nsQ,learn_relquest,0.0,"[1, 5]",7.0,3.486,1,1.0,334,third
Qvnfywrezdv7dqywuiksnv6nsQ,learn_relquest,1.0,"[7, 0]",8.0,4.032,0,1.0,335,third
Qvnfywrezdv7dqywuiksnv6nsQ,learn_relquest,0.0,"[5, 2]",9.0,3.614,1,1.0,336,third
Qvnfywrezdv7dqywuiksnv6nsQ,learn_relquest,1.0,"[4, 1]",10.0,6.57,0,1.0,337,third
Qvnfywrezdv7dqywuiksnv6nsQ,learn_relquest,0.0,"[3, 2]",11.0,3.152,1,1.0,338,third
Qvnfywrezdv7dqywuiksnv6nsQ,learn_relquest,0.0,"[7, 4]",12.0,3.156,1,1.0,339,third
Qvnfywrezdv7dqywuiksnv6nsQ,learn_relquest,1.0,"[5, 3]",13.0,6.51,0,1.0,340,third
Qvnfywrezdv7dqywuiksnv6nsQ,learn_relquest,1.0,"[1, 7]",14.0,1.676,0,1.0,341,third
Qvnfywrezdv7dqywuiksnv6nsQ,learn_relquest,1.0,"[1, 4]",15.0,2.394,0,1.0,342,third
Qvnfywrezdv7dqywuiksnv6nsQ,learn_relquest,1.0,"[7, 6]",16.0,10.95,0,1.0,343,third
Qvnfywrezdv7dqywuiksnv6nsQ,learn_relquest,0.0,"[0, 1]",17.0,4.906,1,1.0,344,third
Qvnfywrezdv7dqywuiksnv6nsQ,learn_relquest,1.0,"[0, 7]",18.0,1.368,0,1.0,345,third
Qvnfywrezdv7dqywuiksnv6nsQ,learn_relquest,0.0,"[7, 2]",19.0,4.285,1,1.0,346,third
Qvnfywrezdv7dqywuiksnv6nsQ,learn_relquest,0.0,"[5, 7]",20.0,4.17,1,1.0,347,third
Qvnfywrezdv7dqywuiksnv6nsQ,learn_relquest,0.0,"[3, 1]",21.0,3.728,1,1.0,348,third
Qvnfywrezdv7dqywuiksnv6nsQ,learn_relquest,0.0,"[5, 0]",22.0,4.95,1,1.0,349,third
Qvnfywrezdv7dqywuiksnv6nsQ,learn_relquest,0.0,"[4, 2]",23.0,2.816,1,1.0,350,third
Qvnfywrezdv7dqywuiksnv6nsQ,learn_relquest,1.0,"[5, 6]",24.0,3.774,0,1.0,351,third
Qvnfywrezdv7dqywuiksnv6nsQ,learn_relquest,0.0,"[2, 3]",25.0,3.636,1,1.0,352,third
Qvnfywrezdv7dqywuiksnv6nsQ,learn_relquest,1.0,"[6, 7]",26.0,5.262,0,1.0,353,third
Qvnfywrezdv7dqywuiksnv6nsQ,learn_relquest,0.0,"[3, 7]",27.0,3.786,1,1.0,354,third
Qvnfywrezdv7dqywuiksnv6nsQ,learn_relquest,0.0,"[2, 0]",0.0,5.086,1,1.0,441,fourth
Qvnfywrezdv7dqywuiksnv6nsQ,learn_relquest,0.0,"[0, 5]",1.0,2.824,1,1.0,442,fourth
Qvnfywrezdv7dqywuiksnv6nsQ,learn_relquest,1.0,"[6, 5]",2.0,4.958,0,1.0,443,fourth
Qvnfywrezdv7dqywuiksnv6nsQ,learn_relquest,1.0,"[7, 0]",3.0,2.68,0,1.0,444,fourth
Qvnfywrezdv7dqywuiksnv6nsQ,learn_relquest,1.0,"[2, 6]",4.0,3.172,0,1.0,445,fourth
Qvnfywrezdv7dqywuiksnv6nsQ,learn_relquest,0.0,"[1, 6]",5.0,2.858,1,1.0,446,fourth
Qvnfywrezdv7dqywuiksnv6nsQ,learn_relquest,1.0,"[4, 1]",6.0,2.228,0,1.0,447,fourth
Qvnfywrezdv7dqywuiksnv6nsQ,learn_relquest,0.0,"[0, 3]",7.0,3.004,1,1.0,448,fourth
Qvnfywrezdv7dqywuiksnv6nsQ,learn_relquest,1.0,"[5, 6]",8.0,3.926,0,1.0,449,fourth
Qvnfywrezdv7dqywuiksnv6nsQ,learn_relquest,0.0,"[3, 2]",9.0,2.488,1,1.0,450,fourth
Qvnfywrezdv7dqywuiksnv6nsQ,learn_relquest,0.0,"[0, 4]",10.0,2.326,1,1.0,451,fourth
Qvnfywrezdv7dqywuiksnv6nsQ,learn_relquest,1.0,"[5, 3]",11.0,3.064,0,1.0,452,fourth
Qvnfywrezdv7dqywuiksnv6nsQ,learn_relquest,0.0,"[3, 7]",12.0,2.968,1,1.0,453,fourth
Qvnfywrezdv7dqywuiksnv6nsQ,learn_relquest,0.0,"[5, 1]",13.0,3.982,1,1.0,454,fourth
Qvnfywrezdv7dqywuiksnv6nsQ,learn_relquest,1.0,"[0, 7]",14.0,0.164,1,0.0,455,fourth
Qvnfywrezdv7dqywuiksnv6nsQ,learn_relquest,0.0,"[4, 5]",15.0,4.424,1,1.0,456,fourth
Qvnfywrezdv7dqywuiksnv6nsQ,learn_relquest,1.0,"[1, 4]",16.0,2.306,0,1.0,457,fourth
Qvnfywrezdv7dqywuiksnv6nsQ,learn_relquest,1.0,"[7, 6]",17.0,2.596,0,1.0,458,fourth
Qvnfywrezdv7dqywuiksnv6nsQ,learn_relquest,1.0,"[3, 5]",18.0,2.144,0,1.0,459,fourth
Qvnfywrezdv7dqywuiksnv6nsQ,learn_relquest,0.0,"[0, 1]",19.0,4.198,1,1.0,460,fourth
Qvnfywrezdv7dqywuiksnv6nsQ,learn_relquest,0.0,"[3, 4]",20.0,2.636,1,1.0,461,fourth
Qvnfywrezdv7dqywuiksnv6nsQ,learn_relquest,1.0,"[1, 7]",21.0,2.79,0,1.0,462,fourth
Qvnfywrezdv7dqywuiksnv6nsQ,learn_relquest,1.0,"[6, 2]",22.0,2.512,0,1.0,463,fourth
Qvnfywrezdv7dqywuiksnv6nsQ,learn_relquest,0.0,"[5, 4]",23.0,2.888,1,1.0,464,fourth
Qvnfywrezdv7dqywuiksnv6nsQ,learn_relquest,1.0,"[7, 1]",24.0,3.086,0,1.0,465,fourth
Qvnfywrezdv7dqywuiksnv6nsQ,learn_relquest,0.0,"[1, 2]",25.0,2.72,1,1.0,466,fourth
Qvnfywrezdv7dqywuiksnv6nsQ,learn_relquest,1.0,"[6, 7]",26.0,3.583,0,1.0,467,fourth
Qvnfywrezdv7dqywuiksnv6nsQ,learn_relquest,0.0,"[6, 1]",27.0,2.786,1,1.0,468,fourth
Qvnfywrezdv7dqywuiksnv6nsQ,learn_relquest,0.0,"[4, 0]",0.0,4.504,1,1.0,555,fifth
Qvnfywrezdv7dqywuiksnv6nsQ,learn_relquest,1.0,"[3, 5]",1.0,1.654,0,1.0,556,fifth
Qvnfywrezdv7dqywuiksnv6nsQ,learn_relquest,0.0,"[0, 3]",2.0,3.708,1,1.0,557,fifth
Qvnfywrezdv7dqywuiksnv6nsQ,learn_relquest,0.0,"[2, 5]",3.0,2.24,1,1.0,558,fifth
Qvnfywrezdv7dqywuiksnv6nsQ,learn_relquest,0.0,"[7, 4]",4.0,3.142,1,1.0,559,fifth
Qvnfywrezdv7dqywuiksnv6nsQ,learn_relquest,0.0,"[6, 4]",5.0,2.788,1,1.0,560,fifth
Qvnfywrezdv7dqywuiksnv6nsQ,learn_relquest,1.0,"[7, 1]",6.0,2.65,0,1.0,561,fifth
Qvnfywrezdv7dqywuiksnv6nsQ,learn_relquest,1.0,"[2, 6]",7.0,1.54,0,1.0,562,fifth
Qvnfywrezdv7dqywuiksnv6nsQ,learn_relquest,1.0,"[0, 7]",8.0,3.74,0,1.0,563,fifth
Qvnfywrezdv7dqywuiksnv6nsQ,learn_relquest,1.0,"[7, 6]",9.0,2.338,0,1.0,564,fifth
Qvnfywrezdv7dqywuiksnv6nsQ,learn_relquest,0.0,"[0, 6]",10.0,5.364,1,1.0,565,fifth
Qvnfywrezdv7dqywuiksnv6nsQ,learn_relquest,1.0,"[6, 2]",11.0,2.399,0,1.0,566,fifth
Qvnfywrezdv7dqywuiksnv6nsQ,learn_relquest,1.0,"[6, 5]",12.0,2.14,0,1.0,567,fifth
Qvnfywrezdv7dqywuiksnv6nsQ,learn_relquest,1.0,"[7, 0]",13.0,3.356,0,1.0,568,fifth
Qvnfywrezdv7dqywuiksnv6nsQ,learn_relquest,1.0,"[5, 6]",14.0,1.8,0,1.0,569,fifth
Qvnfywrezdv7dqywuiksnv6nsQ,learn_relquest,0.0,"[1, 3]",15.0,3.694,1,1.0,570,fifth
Qvnfywrezdv7dqywuiksnv6nsQ,learn_relquest,0.0,"[4, 5]",16.0,3.732,1,1.0,571,fifth
Qvnfywrezdv7dqywuiksnv6nsQ,learn_relquest,0.0,"[4, 2]",17.0,2.022,1,1.0,572,fifth
Qvnfywrezdv7dqywuiksnv6nsQ,learn_relquest,1.0,"[1, 7]",18.0,2.169,0,1.0,573,fifth
Qvnfywrezdv7dqywuiksnv6nsQ,learn_relquest,0.0,"[6, 3]",19.0,4.469,1,1.0,574,fifth
Qvnfywrezdv7dqywuiksnv6nsQ,learn_relquest,0.0,"[1, 5]",20.0,1.996,1,1.0,575,fifth
Qvnfywrezdv7dqywuiksnv6nsQ,learn_relquest,0.0,"[7, 3]",21.0,1.836,1,1.0,576,fifth
Qvnfywrezdv7dqywuiksnv6nsQ,learn_relquest,0.0,"[6, 1]",22.0,2.828,1,1.0,577,fifth
Qvnfywrezdv7dqywuiksnv6nsQ,learn_relquest,1.0,"[6, 7]",23.0,2.667,0,1.0,578,fifth
Qvnfywrezdv7dqywuiksnv6nsQ,learn_relquest,1.0,"[4, 1]",24.0,1.371,0,1.0,579,fifth
Qvnfywrezdv7dqywuiksnv6nsQ,learn_relquest,1.0,"[5, 3]",25.0,1.28,0,1.0,580,fifth
Qvnfywrezdv7dqywuiksnv6nsQ,learn_relquest,0.0,"[5, 4]",26.0,3.651,1,1.0,581,fifth
Qvnfywrezdv7dqywuiksnv6nsQ,learn_relquest,1.0,"[1, 4]",27.0,1.376,0,1.0,582,fifth
Q1sg1vcerktdipsyxetbyx6cnQ,learn_relquest,0.0,"[1, 5]",0.0,5.851,0,0.0,99,first
Q1sg1vcerktdipsyxetbyx6cnQ,learn_relquest,1.0,"[6, 5]",1.0,10.069,1,0.0,100,first
Q1sg1vcerktdipsyxetbyx6cnQ,learn_relquest,0.0,"[0, 3]",2.0,2.147,1,1.0,101,first
Q1sg1vcerktdipsyxetbyx6cnQ,learn_relquest,0.0,"[4, 7]",3.0,1.108,0,0.0,102,first
Q1sg1vcerktdipsyxetbyx6cnQ,learn_relquest,0.0,"[2, 0]",4.0,2.139,0,0.0,103,first
Q1sg1vcerktdipsyxetbyx6cnQ,learn_relquest,0.0,"[6, 0]",5.0,1.077,0,0.0,104,first
Q1sg1vcerktdipsyxetbyx6cnQ,learn_relquest,1.0,"[4, 1]",6.0,1.332,0,1.0,105,first
Q1sg1vcerktdipsyxetbyx6cnQ,learn_relquest,0.0,"[3, 4]",7.0,1.653,1,1.0,106,first
Q1sg1vcerktdipsyxetbyx6cnQ,learn_relquest,1.0,"[6, 7]",8.0,0.722,0,1.0,107,first
Q1sg1vcerktdipsyxetbyx6cnQ,learn_relquest,1.0,"[5, 3]",9.0,1.238,0,1.0,108,first
Q1sg1vcerktdipsyxetbyx6cnQ,learn_relquest,1.0,"[6, 2]",10.0,2.588,0,1.0,109,first
Q1sg1vcerktdipsyxetbyx6cnQ,learn_relquest,1.0,"[1, 7]",11.0,1.173,0,1.0,110,first
Q1sg1vcerktdipsyxetbyx6cnQ,learn_relquest,0.0,"[0, 4]",12.0,2.396,1,1.0,111,first
Q1sg1vcerktdipsyxetbyx6cnQ,learn_relquest,0.0,"[5, 2]",13.0,1.98,1,1.0,112,first
Q1sg1vcerktdipsyxetbyx6cnQ,learn_relquest,1.0,"[7, 0]",14.0,1.14,0,1.0,113,first
Q1sg1vcerktdipsyxetbyx6cnQ,learn_relquest,1.0,"[5, 6]",15.0,1.444,0,1.0,114,first
Q1sg1vcerktdipsyxetbyx6cnQ,learn_relquest,1.0,"[2, 6]",16.0,2.108,1,0.0,115,first
Q1sg1vcerktdipsyxetbyx6cnQ,learn_relquest,1.0,"[7, 6]",17.0,1.78,0,1.0,116,first
Q1sg1vcerktdipsyxetbyx6cnQ,learn_relquest,1.0,"[0, 7]",18.0,2.157,0,1.0,117,first
Q1sg1vcerktdipsyxetbyx6cnQ,learn_relquest,1.0,"[1, 4]",19.0,2.188,0,1.0,118,first
Q1sg1vcerktdipsyxetbyx6cnQ,learn_relquest,0.0,"[3, 0]",20.0,6.268,0,0.0,119,first
Q1sg1vcerktdipsyxetbyx6cnQ,learn_relquest,1.0,"[3, 5]",21.0,1.524,0,1.0,120,first
Q1sg1vcerktdipsyxetbyx6cnQ,learn_relquest,0.0,"[3, 1]",22.0,0.667,0,0.0,121,first
Q1sg1vcerktdipsyxetbyx6cnQ,learn_relquest,0.0,"[5, 4]",23.0,11.125,1,1.0,122,first
Q1sg1vcerktdipsyxetbyx6cnQ,learn_relquest,0.0,"[1, 2]",24.0,1.244,0,0.0,123,first
Q1sg1vcerktdipsyxetbyx6cnQ,learn_relquest,0.0,"[4, 5]",25.0,16.427,1,1.0,124,first
Q1sg1vcerktdipsyxetbyx6cnQ,learn_relquest,0.0,"[2, 1]",26.0,1.285,0,0.0,125,first
Q1sg1vcerktdipsyxetbyx6cnQ,learn_relquest,1.0,"[7, 1]",27.0,1.028,0,1.0,126,first
Q1sg1vcerktdipsyxetbyx6cnQ,learn_relquest,0.0,"[5, 4]",0.0,3.908,1,1.0,213,second
Q1sg1vcerktdipsyxetbyx6cnQ,learn_relquest,0.0,"[6, 3]",1.0,1.066,0,0.0,214,second
Q1sg1vcerktdipsyxetbyx6cnQ,learn_relquest,0.0,"[4, 5]",2.0,4.037,0,0.0,215,second
Q1sg1vcerktdipsyxetbyx6cnQ,learn_relquest,1.0,"[1, 4]",3.0,0.802,0,1.0,216,second
Q1sg1vcerktdipsyxetbyx6cnQ,learn_relquest,0.0,"[6, 4]",4.0,3.213,1,1.0,217,second
Q1sg1vcerktdipsyxetbyx6cnQ,learn_relquest,1.0,"[0, 7]",5.0,1.476,0,1.0,218,second
Q1sg1vcerktdipsyxetbyx6cnQ,learn_relquest,0.0,"[2, 1]",6.0,2.405,0,0.0,219,second
Q1sg1vcerktdipsyxetbyx6cnQ,learn_relquest,1.0,"[4, 1]",7.0,0.674,0,1.0,220,second
Q1sg1vcerktdipsyxetbyx6cnQ,learn_relquest,1.0,"[7, 6]",8.0,1.166,0,1.0,221,second
Q1sg1vcerktdipsyxetbyx6cnQ,learn_relquest,1.0,"[1, 7]",9.0,0.995,0,1.0,222,second
Q1sg1vcerktdipsyxetbyx6cnQ,learn_relquest,0.0,"[7, 2]",10.0,2.853,1,1.0,223,second
Q1sg1vcerktdipsyxetbyx6cnQ,learn_relquest,0.0,"[3, 2]",11.0,2.285,0,0.0,224,second
Q1sg1vcerktdipsyxetbyx6cnQ,learn_relquest,0.0,"[5, 7]",12.0,1.172,0,0.0,225,second
Q1sg1vcerktdipsyxetbyx6cnQ,learn_relquest,1.0,"[6, 5]",13.0,0.843,0,1.0,226,second
Q1sg1vcerktdipsyxetbyx6cnQ,learn_relquest,0.0,"[7, 5]",14.0,1.429,0,0.0,227,second
Q1sg1vcerktdipsyxetbyx6cnQ,learn_relquest,1.0,"[3, 5]",15.0,0.971,0,1.0,228,second
Q1sg1vcerktdipsyxetbyx6cnQ,learn_relquest,0.0,"[5, 0]",16.0,1.973,0,0.0,229,second
Q1sg1vcerktdipsyxetbyx6cnQ,learn_relquest,1.0,"[2, 6]",17.0,11.061,0,1.0,230,second
Q1sg1vcerktdipsyxetbyx6cnQ,learn_relquest,1.0,"[5, 6]",18.0,0.592,0,1.0,231,second
Q1sg1vcerktdipsyxetbyx6cnQ,learn_relquest,0.0,"[7, 4]",19.0,3.934,0,0.0,232,second
Q1sg1vcerktdipsyxetbyx6cnQ,learn_relquest,0.0,"[4, 2]",20.0,2.164,1,1.0,233,second
Q1sg1vcerktdipsyxetbyx6cnQ,learn_relquest,0.0,"[6, 1]",21.0,1.157,0,0.0,234,second
Q1sg1vcerktdipsyxetbyx6cnQ,learn_relquest,1.0,"[7, 1]",22.0,0.763,0,1.0,235,second
Q1sg1vcerktdipsyxetbyx6cnQ,learn_relquest,1.0,"[5, 3]",23.0,0.749,0,1.0,236,second
Q1sg1vcerktdipsyxetbyx6cnQ,learn_relquest,1.0,"[6, 7]",24.0,0.923,0,1.0,237,second
Q1sg1vcerktdipsyxetbyx6cnQ,learn_relquest,1.0,"[6, 2]",25.0,2.326,0,1.0,238,second
Q1sg1vcerktdipsyxetbyx6cnQ,learn_relquest,0.0,"[2, 5]",26.0,2.357,1,1.0,239,second
Q1sg1vcerktdipsyxetbyx6cnQ,learn_relquest,1.0,"[7, 0]",27.0,2.652,0,1.0,240,second
Q1sg1vcerktdipsyxetbyx6cnQ,learn_relquest,1.0,"[7, 0]",0.0,8.291,0,1.0,327,third
Q1sg1vcerktdipsyxetbyx6cnQ,learn_relquest,0.0,"[7, 5]",1.0,1.284,1,1.0,328,third
Q1sg1vcerktdipsyxetbyx6cnQ,learn_relquest,1.0,"[3, 5]",2.0,0.778,0,1.0,329,third
Q1sg1vcerktdipsyxetbyx6cnQ,learn_relquest,1.0,"[5, 6]",3.0,1.342,0,1.0,330,third
Q1sg1vcerktdipsyxetbyx6cnQ,learn_relquest,0.0,"[6, 1]",4.0,1.828,0,0.0,331,third
Q1sg1vcerktdipsyxetbyx6cnQ,learn_relquest,1.0,"[6, 7]",5.0,2.541,0,1.0,332,third
Q1sg1vcerktdipsyxetbyx6cnQ,learn_relquest,1.0,"[1, 7]",6.0,1.189,0,1.0,333,third
Q1sg1vcerktdipsyxetbyx6cnQ,learn_relquest,1.0,"[1, 4]",7.0,0.843,0,1.0,334,third
Q1sg1vcerktdipsyxetbyx6cnQ,learn_relquest,0.0,"[5, 1]",8.0,4.525,0,0.0,335,third
Q1sg1vcerktdipsyxetbyx6cnQ,learn_relquest,0.0,"[1, 2]",9.0,1.485,0,0.0,336,third
Q1sg1vcerktdipsyxetbyx6cnQ,learn_relquest,0.0,"[1, 3]",10.0,1.852,1,1.0,337,third
Q1sg1vcerktdipsyxetbyx6cnQ,learn_relquest,0.0,"[5, 0]",11.0,3.885,1,1.0,338,third
Q1sg1vcerktdipsyxetbyx6cnQ,learn_relquest,1.0,"[7, 6]",12.0,0.971,0,1.0,339,third
Q1sg1vcerktdipsyxetbyx6cnQ,learn_relquest,1.0,"[6, 2]",13.0,2.613,0,1.0,340,third
Q1sg1vcerktdipsyxetbyx6cnQ,learn_relquest,0.0,"[2, 4]",14.0,3.349,1,1.0,341,third
Q1sg1vcerktdipsyxetbyx6cnQ,learn_relquest,1.0,"[5, 3]",15.0,1.684,0,1.0,342,third
Q1sg1vcerktdipsyxetbyx6cnQ,learn_relquest,1.0,"[6, 5]",16.0,2.069,0,1.0,343,third
Q1sg1vcerktdipsyxetbyx6cnQ,learn_relquest,0.0,"[4, 5]",17.0,4.693,0,0.0,344,third
Q1sg1vcerktdipsyxetbyx6cnQ,learn_relquest,1.0,"[7, 1]",18.0,1.269,0,1.0,345,third
Q1sg1vcerktdipsyxetbyx6cnQ,learn_relquest,0.0,"[1, 0]",19.0,2.452,1,1.0,346,third
Q1sg1vcerktdipsyxetbyx6cnQ,learn_relquest,1.0,"[2, 6]",20.0,4.396,0,1.0,347,third
Q1sg1vcerktdipsyxetbyx6cnQ,learn_relquest,0.0,"[4, 6]",21.0,1.869,1,1.0,348,third
Q1sg1vcerktdipsyxetbyx6cnQ,learn_relquest,0.0,"[3, 7]",22.0,4.763,1,1.0,349,third
Q1sg1vcerktdipsyxetbyx6cnQ,learn_relquest,1.0,"[0, 7]",23.0,1.222,0,1.0,350,third
Q1sg1vcerktdipsyxetbyx6cnQ,learn_relquest,0.0,"[1, 5]",24.0,1.476,0,0.0,351,third
Q1sg1vcerktdipsyxetbyx6cnQ,learn_relquest,0.0,"[2, 7]",25.0,4.14,1,1.0,352,third
Q1sg1vcerktdipsyxetbyx6cnQ,learn_relquest,1.0,"[4, 1]",26.0,1.044,0,1.0,353,third
Q1sg1vcerktdipsyxetbyx6cnQ,learn_relquest,0.0,"[0, 1]",27.0,4.564,1,1.0,354,third
Q1sg1vcerktdipsyxetbyx6cnQ,learn_relquest,1.0,"[3, 5]",0.0,1.468,0,1.0,441,fourth
Q1sg1vcerktdipsyxetbyx6cnQ,learn_relquest,0.0,"[4, 2]",1.0,9.628,1,1.0,442,fourth
Q1sg1vcerktdipsyxetbyx6cnQ,learn_relquest,0.0,"[5, 2]",2.0,4.972,1,1.0,443,fourth
Q1sg1vcerktdipsyxetbyx6cnQ,learn_relquest,0.0,"[2, 7]",3.0,1.356,0,0.0,444,fourth
Q1sg1vcerktdipsyxetbyx6cnQ,learn_relquest,0.0,"[2, 1]",4.0,1.011,0,0.0,445,fourth
Q1sg1vcerktdipsyxetbyx6cnQ,learn_relquest,1.0,"[6, 2]",5.0,1.573,0,1.0,446,fourth
Q1sg1vcerktdipsyxetbyx6cnQ,learn_relquest,0.0,"[3, 4]",6.0,1.661,1,1.0,447,fourth
Q1sg1vcerktdipsyxetbyx6cnQ,learn_relquest,0.0,"[7, 3]",7.0,2.428,0,0.0,448,fourth
Q1sg1vcerktdipsyxetbyx6cnQ,learn_relquest,1.0,"[7, 0]",8.0,1.413,0,1.0,449,fourth
Q1sg1vcerktdipsyxetbyx6cnQ,learn_relquest,0.0,"[0, 6]",9.0,1.836,0,0.0,450,fourth
Q1sg1vcerktdipsyxetbyx6cnQ,learn_relquest,0.0,"[2, 5]",10.0,0.666,0,0.0,451,fourth
Q1sg1vcerktdipsyxetbyx6cnQ,learn_relquest,0.0,"[4, 5]",11.0,9.102,1,1.0,452,fourth
Q1sg1vcerktdipsyxetbyx6cnQ,learn_relquest,0.0,"[7, 4]",12.0,1.14,0,0.0,453,fourth
Q1sg1vcerktdipsyxetbyx6cnQ,learn_relquest,0.0,"[3, 2]",13.0,2.58,0,0.0,454,fourth
Q1sg1vcerktdipsyxetbyx6cnQ,learn_relquest,0.0,"[6, 3]",14.0,2.764,0,0.0,455,fourth
Q1sg1vcerktdipsyxetbyx6cnQ,learn_relquest,1.0,"[4, 1]",15.0,1.141,0,1.0,456,fourth
Q1sg1vcerktdipsyxetbyx6cnQ,learn_relquest,1.0,"[6, 5]",16.0,1.052,0,1.0,457,fourth
Q1sg1vcerktdipsyxetbyx6cnQ,learn_relquest,1.0,"[2, 6]",17.0,1.909,0,1.0,458,fourth
Q1sg1vcerktdipsyxetbyx6cnQ,learn_relquest,1.0,"[1, 4]",18.0,1.971,0,1.0,459,fourth
Q1sg1vcerktdipsyxetbyx6cnQ,learn_relquest,1.0,"[5, 6]",19.0,1.093,0,1.0,460,fourth
Q1sg1vcerktdipsyxetbyx6cnQ,learn_relquest,0.0,"[1, 6]",20.0,0.875,0,0.0,461,fourth
Q1sg1vcerktdipsyxetbyx6cnQ,learn_relquest,1.0,"[6, 7]",21.0,0.79,0,1.0,462,fourth
Q1sg1vcerktdipsyxetbyx6cnQ,learn_relquest,1.0,"[1, 7]",22.0,2.045,0,1.0,463,fourth
Q1sg1vcerktdipsyxetbyx6cnQ,learn_relquest,0.0,"[3, 7]",23.0,2.916,1,1.0,464,fourth
Q1sg1vcerktdipsyxetbyx6cnQ,learn_relquest,1.0,"[0, 7]",24.0,2.324,0,1.0,465,fourth
Q1sg1vcerktdipsyxetbyx6cnQ,learn_relquest,1.0,"[5, 3]",25.0,1.004,0,1.0,466,fourth
Q1sg1vcerktdipsyxetbyx6cnQ,learn_relquest,1.0,"[7, 1]",26.0,1.598,0,1.0,467,fourth
Q1sg1vcerktdipsyxetbyx6cnQ,learn_relquest,1.0,"[7, 6]",27.0,1.309,0,1.0,468,fourth
Q1sg1vcerktdipsyxetbyx6cnQ,learn_relquest,0.0,"[3, 6]",0.0,10.357,1,1.0,555,fifth
Q1sg1vcerktdipsyxetbyx6cnQ,learn_relquest,1.0,"[4, 1]",1.0,13.21,0,1.0,556,fifth
Q1sg1vcerktdipsyxetbyx6cnQ,learn_relquest,0.0,"[7, 5]",2.0,11.659,1,1.0,557,fifth
Q1sg1vcerktdipsyxetbyx6cnQ,learn_relquest,0.0,"[6, 3]",3.0,8.748,1,1.0,558,fifth
Q1sg1vcerktdipsyxetbyx6cnQ,learn_relquest,1.0,"[7, 6]",4.0,4.157,0,1.0,559,fifth
Q1sg1vcerktdipsyxetbyx6cnQ,learn_relquest,1.0,"[2, 6]",5.0,5.268,0,1.0,560,fifth
Q1sg1vcerktdipsyxetbyx6cnQ,learn_relquest,0.0,"[0, 5]",6.0,10.996,1,1.0,561,fifth
Q1sg1vcerktdipsyxetbyx6cnQ,learn_relquest,1.0,"[5, 6]",7.0,6.18,0,1.0,562,fifth
Q1sg1vcerktdipsyxetbyx6cnQ,learn_relquest,1.0,"[3, 5]",8.0,1.036,0,1.0,563,fifth
Q1sg1vcerktdipsyxetbyx6cnQ,learn_relquest,0.0,"[2, 1]",9.0,13.125,1,1.0,564,fifth
Q1sg1vcerktdipsyxetbyx6cnQ,learn_relquest,0.0,"[1, 5]",10.0,9.988,1,1.0,565,fifth
Q1sg1vcerktdipsyxetbyx6cnQ,learn_relquest,0.0,"[2, 5]",11.0,9.98,1,1.0,566,fifth
Q1sg1vcerktdipsyxetbyx6cnQ,learn_relquest,1.0,"[7, 1]",12.0,5.197,0,1.0,567,fifth
Q1sg1vcerktdipsyxetbyx6cnQ,learn_relquest,1.0,"[1, 4]",13.0,1.027,0,1.0,568,fifth
Q1sg1vcerktdipsyxetbyx6cnQ,learn_relquest,0.0,"[1, 2]",14.0,5.949,1,1.0,569,fifth
Q1sg1vcerktdipsyxetbyx6cnQ,learn_relquest,0.0,"[4, 5]",15.0,4.78,1,1.0,570,fifth
Q1sg1vcerktdipsyxetbyx6cnQ,learn_relquest,1.0,"[6, 5]",16.0,4.356,0,1.0,571,fifth
Q1sg1vcerktdipsyxetbyx6cnQ,learn_relquest,0.0,"[5, 0]",17.0,6.068,1,1.0,572,fifth
Q1sg1vcerktdipsyxetbyx6cnQ,learn_relquest,1.0,"[5, 3]",18.0,1.261,0,1.0,573,fifth
Q1sg1vcerktdipsyxetbyx6cnQ,learn_relquest,0.0,"[6, 4]",19.0,8.06,1,1.0,574,fifth
Q1sg1vcerktdipsyxetbyx6cnQ,learn_relquest,1.0,"[7, 0]",20.0,7.597,0,1.0,575,fifth
Q1sg1vcerktdipsyxetbyx6cnQ,learn_relquest,0.0,"[3, 2]",21.0,10.412,1,1.0,576,fifth
Q1sg1vcerktdipsyxetbyx6cnQ,learn_relquest,0.0,"[1, 3]",22.0,8.315,1,1.0,577,fifth
Q1sg1vcerktdipsyxetbyx6cnQ,learn_relquest,1.0,"[1, 7]",23.0,16.157,0,1.0,578,fifth
Q1sg1vcerktdipsyxetbyx6cnQ,learn_relquest,0.0,"[5, 2]",24.0,9.301,1,1.0,579,fifth
Q1sg1vcerktdipsyxetbyx6cnQ,learn_relquest,1.0,"[6, 2]",25.0,7.508,0,1.0,580,fifth
Q1sg1vcerktdipsyxetbyx6cnQ,learn_relquest,1.0,"[0, 7]",26.0,10.771,0,1.0,581,fifth
Q1sg1vcerktdipsyxetbyx6cnQ,learn_relquest,1.0,"[6, 7]",27.0,5.357,0,1.0,582,fifth
Qql4k7uta20noubpvevxd4ajkQ,learn_relquest,0.0,"[1, 3]",0.0,8.233,1,1.0,99,first
Qql4k7uta20noubpvevxd4ajkQ,learn_relquest,1.0,"[6, 5]",1.0,1.501,0,1.0,100,first
Qql4k7uta20noubpvevxd4ajkQ,learn_relquest,1.0,"[4, 1]",2.0,1.701,0,1.0,101,first
Qql4k7uta20noubpvevxd4ajkQ,learn_relquest,0.0,"[3, 2]",3.0,1.681,1,1.0,102,first
Qql4k7uta20noubpvevxd4ajkQ,learn_relquest,1.0,"[5, 3]",4.0,1.314,0,1.0,103,first
Qql4k7uta20noubpvevxd4ajkQ,learn_relquest,1.0,"[5, 6]",5.0,0.942,0,1.0,104,first
Qql4k7uta20noubpvevxd4ajkQ,learn_relquest,0.0,"[2, 4]",6.0,1.403,1,1.0,105,first
Qql4k7uta20noubpvevxd4ajkQ,learn_relquest,0.0,"[7, 2]",7.0,0.963,0,0.0,106,first
Qql4k7uta20noubpvevxd4ajkQ,learn_relquest,0.0,"[2, 3]",8.0,1.796,1,1.0,107,first
Qql4k7uta20noubpvevxd4ajkQ,learn_relquest,1.0,"[1, 4]",9.0,1.743,0,1.0,108,first
Qql4k7uta20noubpvevxd4ajkQ,learn_relquest,0.0,"[2, 0]",10.0,1.205,1,1.0,109,first
Qql4k7uta20noubpvevxd4ajkQ,learn_relquest,0.0,"[4, 2]",11.0,1.534,1,1.0,110,first
Qql4k7uta20noubpvevxd4ajkQ,learn_relquest,1.0,"[7, 1]",12.0,0.788,0,1.0,111,first
Qql4k7uta20noubpvevxd4ajkQ,learn_relquest,1.0,"[7, 0]",13.0,0.982,0,1.0,112,first
Qql4k7uta20noubpvevxd4ajkQ,learn_relquest,1.0,"[0, 7]",14.0,1.109,0,1.0,113,first
Qql4k7uta20noubpvevxd4ajkQ,learn_relquest,1.0,"[6, 7]",15.0,1.197,0,1.0,114,first
Qql4k7uta20noubpvevxd4ajkQ,learn_relquest,0.0,"[0, 3]",16.0,6.924,1,1.0,115,first
Qql4k7uta20noubpvevxd4ajkQ,learn_relquest,1.0,"[3, 5]",17.0,1.468,0,1.0,116,first
Qql4k7uta20noubpvevxd4ajkQ,learn_relquest,0.0,"[5, 4]",18.0,1.96,0,0.0,117,first
Qql4k7uta20noubpvevxd4ajkQ,learn_relquest,1.0,"[1, 7]",19.0,1.31,0,1.0,118,first
Qql4k7uta20noubpvevxd4ajkQ,learn_relquest,1.0,"[7, 6]",20.0,1.066,0,1.0,119,first
Qql4k7uta20noubpvevxd4ajkQ,learn_relquest,0.0,"[1, 5]",21.0,1.969,1,1.0,120,first
Qql4k7uta20noubpvevxd4ajkQ,learn_relquest,0.0,"[2, 5]",22.0,4.239,1,1.0,121,first
Qql4k7uta20noubpvevxd4ajkQ,learn_relquest,0.0,"[5, 7]",23.0,15.069,0,0.0,122,first
Qql4k7uta20noubpvevxd4ajkQ,learn_relquest,0.0,"[1, 6]",24.0,0.906,0,0.0,123,first
Qql4k7uta20noubpvevxd4ajkQ,learn_relquest,1.0,"[6, 2]",25.0,0.707,0,1.0,124,first
Qql4k7uta20noubpvevxd4ajkQ,learn_relquest,0.0,"[2, 7]",26.0,0.966,0,0.0,125,first
Qql4k7uta20noubpvevxd4ajkQ,learn_relquest,1.0,"[2, 6]",27.0,0.946,0,1.0,126,first
Qql4k7uta20noubpvevxd4ajkQ,learn_relquest,1.0,"[6, 5]",0.0,3.083,0,1.0,213,second
Qql4k7uta20noubpvevxd4ajkQ,learn_relquest,0.0,"[6, 3]",1.0,1.898,1,1.0,214,second
Qql4k7uta20noubpvevxd4ajkQ,learn_relquest,0.0,"[2, 5]",2.0,1.556,0,0.0,215,second
Qql4k7uta20noubpvevxd4ajkQ,learn_relquest,0.0,"[3, 0]",3.0,1.947,1,1.0,216,second
Qql4k7uta20noubpvevxd4ajkQ,learn_relquest,0.0,"[5, 4]",4.0,1.591,0,0.0,217,second
Qql4k7uta20noubpvevxd4ajkQ,learn_relquest,1.0,"[5, 3]",5.0,1.173,0,1.0,218,second
Qql4k7uta20noubpvevxd4ajkQ,learn_relquest,1.0,"[1, 7]",6.0,2.434,0,1.0,219,second
Qql4k7uta20noubpvevxd4ajkQ,learn_relquest,0.0,"[6, 4]",7.0,4.234,0,0.0,220,second
Qql4k7uta20noubpvevxd4ajkQ,learn_relquest,1.0,"[7, 0]",8.0,2.662,0,1.0,221,second
Qql4k7uta20noubpvevxd4ajkQ,learn_relquest,1.0,"[3, 5]",9.0,2.207,0,1.0,222,second
Qql4k7uta20noubpvevxd4ajkQ,learn_relquest,0.0,"[4, 7]",10.0,2.267,1,1.0,223,second
Qql4k7uta20noubpvevxd4ajkQ,learn_relquest,1.0,"[4, 1]",11.0,1.469,0,1.0,224,second
Qql4k7uta20noubpvevxd4ajkQ,learn_relquest,0.0,"[2, 7]",12.0,0.45,1,1.0,225,second
Qql4k7uta20noubpvevxd4ajkQ,learn_relquest,1.0,"[7, 1]",13.0,1.709,0,1.0,226,second
Qql4k7uta20noubpvevxd4ajkQ,learn_relquest,0.0,"[5, 2]",14.0,1.552,1,1.0,227,second
Qql4k7uta20noubpvevxd4ajkQ,learn_relquest,1.0,"[1, 4]",15.0,1.276,1,0.0,228,second
Qql4k7uta20noubpvevxd4ajkQ,learn_relquest,0.0,"[1, 6]",16.0,1.064,1,1.0,229,second
Qql4k7uta20noubpvevxd4ajkQ,learn_relquest,0.0,"[1, 5]",17.0,1.518,1,1.0,230,second
Qql4k7uta20noubpvevxd4ajkQ,learn_relquest,1.0,"[6, 2]",18.0,0.95,0,1.0,231,second
Qql4k7uta20noubpvevxd4ajkQ,learn_relquest,0.0,"[0, 1]",19.0,1.558,1,1.0,232,second
Qql4k7uta20noubpvevxd4ajkQ,learn_relquest,1.0,"[2, 6]",20.0,2.172,0,1.0,233,second
Qql4k7uta20noubpvevxd4ajkQ,learn_relquest,0.0,"[6, 1]",21.0,1.171,0,0.0,234,second
Qql4k7uta20noubpvevxd4ajkQ,learn_relquest,0.0,"[4, 5]",22.0,1.163,1,1.0,235,second
Qql4k7uta20noubpvevxd4ajkQ,learn_relquest,1.0,"[5, 6]",23.0,0.743,0,1.0,236,second
Qql4k7uta20noubpvevxd4ajkQ,learn_relquest,1.0,"[0, 7]",24.0,1.062,0,1.0,237,second
Qql4k7uta20noubpvevxd4ajkQ,learn_relquest,1.0,"[7, 6]",25.0,1.389,0,1.0,238,second
Qql4k7uta20noubpvevxd4ajkQ,learn_relquest,1.0,"[6, 7]",26.0,0.653,0,1.0,239,second
Qql4k7uta20noubpvevxd4ajkQ,learn_relquest,0.0,"[3, 1]",27.0,1.276,1,1.0,240,second
Qql4k7uta20noubpvevxd4ajkQ,learn_relquest,0.0,"[2, 3]",0.0,2.567,1,1.0,327,third
Qql4k7uta20noubpvevxd4ajkQ,learn_relquest,0.0,"[0, 3]",1.0,1.718,1,1.0,328,third
Qql4k7uta20noubpvevxd4ajkQ,learn_relquest,1.0,"[7, 1]",2.0,1.802,0,1.0,329,third
Qql4k7uta20noubpvevxd4ajkQ,learn_relquest,0.0,"[4, 2]",3.0,1.792,1,1.0,330,third
Qql4k7uta20noubpvevxd4ajkQ,learn_relquest,1.0,"[6, 5]",4.0,1.027,0,1.0,331,third
Qql4k7uta20noubpvevxd4ajkQ,learn_relquest,0.0,"[1, 0]",5.0,1.252,1,1.0,332,third
Qql4k7uta20noubpvevxd4ajkQ,learn_relquest,0.0,"[3, 7]",6.0,0.789,0,0.0,333,third
Qql4k7uta20noubpvevxd4ajkQ,learn_relquest,1.0,"[5, 3]",7.0,1.131,0,1.0,334,third
Qql4k7uta20noubpvevxd4ajkQ,learn_relquest,1.0,"[6, 7]",8.0,0.835,0,1.0,335,third
Qql4k7uta20noubpvevxd4ajkQ,learn_relquest,0.0,"[5, 1]",9.0,1.301,0,0.0,336,third
Qql4k7uta20noubpvevxd4ajkQ,learn_relquest,0.0,"[2, 7]",10.0,1.09,1,1.0,337,third
Qql4k7uta20noubpvevxd4ajkQ,learn_relquest,1.0,"[1, 7]",11.0,0.533,0,1.0,338,third
Qql4k7uta20noubpvevxd4ajkQ,learn_relquest,0.0,"[0, 1]",12.0,0.484,1,1.0,339,third
Qql4k7uta20noubpvevxd4ajkQ,learn_relquest,0.0,"[4, 7]",13.0,0.755,1,1.0,340,third
Qql4k7uta20noubpvevxd4ajkQ,learn_relquest,0.0,"[7, 5]",14.0,0.631,0,0.0,341,third
Qql4k7uta20noubpvevxd4ajkQ,learn_relquest,1.0,"[4, 1]",15.0,0.932,1,0.0,342,third
Qql4k7uta20noubpvevxd4ajkQ,learn_relquest,0.0,"[6, 0]",16.0,1.131,0,0.0,343,third
Qql4k7uta20noubpvevxd4ajkQ,learn_relquest,0.0,"[4, 6]",17.0,1.795,0,0.0,344,third
Qql4k7uta20noubpvevxd4ajkQ,learn_relquest,1.0,"[3, 5]",18.0,1.108,0,1.0,345,third
Qql4k7uta20noubpvevxd4ajkQ,learn_relquest,1.0,"[5, 6]",19.0,1.241,0,1.0,346,third
Qql4k7uta20noubpvevxd4ajkQ,learn_relquest,0.0,"[3, 4]",20.0,1.868,1,1.0,347,third
Qql4k7uta20noubpvevxd4ajkQ,learn_relquest,1.0,"[1, 4]",21.0,1.238,0,1.0,348,third
Qql4k7uta20noubpvevxd4ajkQ,learn_relquest,1.0,"[2, 6]",22.0,2.27,1,0.0,349,third
Qql4k7uta20noubpvevxd4ajkQ,learn_relquest,1.0,"[0, 7]",23.0,0.944,0,1.0,350,third
Qql4k7uta20noubpvevxd4ajkQ,learn_relquest,1.0,"[6, 2]",24.0,1.939,0,1.0,351,third
Qql4k7uta20noubpvevxd4ajkQ,learn_relquest,1.0,"[7, 0]",25.0,0.997,0,1.0,352,third
Qql4k7uta20noubpvevxd4ajkQ,learn_relquest,0.0,"[7, 3]",26.0,1.259,0,0.0,353,third
Qql4k7uta20noubpvevxd4ajkQ,learn_relquest,1.0,"[7, 6]",27.0,0.957,0,1.0,354,third
Qql4k7uta20noubpvevxd4ajkQ,learn_relquest,1.0,"[3, 5]",0.0,1.373,0,1.0,441,fourth
Qql4k7uta20noubpvevxd4ajkQ,learn_relquest,1.0,"[6, 5]",1.0,1.116,0,1.0,442,fourth
Qql4k7uta20noubpvevxd4ajkQ,learn_relquest,1.0,"[4, 1]",2.0,1.518,0,1.0,443,fourth
Qql4k7uta20noubpvevxd4ajkQ,learn_relquest,1.0,"[6, 2]",3.0,1.285,1,0.0,444,fourth
Qql4k7uta20noubpvevxd4ajkQ,learn_relquest,0.0,"[5, 1]",4.0,1.575,1,1.0,445,fourth
Qql4k7uta20noubpvevxd4ajkQ,learn_relquest,0.0,"[3, 4]",5.0,1.077,0,0.0,446,fourth
Qql4k7uta20noubpvevxd4ajkQ,learn_relquest,1.0,"[0, 7]",6.0,1.347,0,1.0,447,fourth
Qql4k7uta20noubpvevxd4ajkQ,learn_relquest,0.0,"[4, 7]",7.0,1.352,0,0.0,448,fourth
Qql4k7uta20noubpvevxd4ajkQ,learn_relquest,1.0,"[7, 1]",8.0,4.765,0,1.0,449,fourth
Qql4k7uta20noubpvevxd4ajkQ,learn_relquest,0.0,"[6, 3]",9.0,2.557,0,0.0,450,fourth
Qql4k7uta20noubpvevxd4ajkQ,learn_relquest,0.0,"[0, 6]",10.0,1.889,0,0.0,451,fourth
Qql4k7uta20noubpvevxd4ajkQ,learn_relquest,1.0,"[7, 0]",11.0,1.869,0,1.0,452,fourth
Qql4k7uta20noubpvevxd4ajkQ,learn_relquest,0.0,"[4, 3]",12.0,1.285,0,0.0,453,fourth
Qql4k7uta20noubpvevxd4ajkQ,learn_relquest,0.0,"[1, 2]",13.0,1.113,1,1.0,454,fourth
Qql4k7uta20noubpvevxd4ajkQ,learn_relquest,0.0,"[2, 3]",14.0,1.245,1,1.0,455,fourth
Qql4k7uta20noubpvevxd4ajkQ,learn_relquest,0.0,"[0, 2]",15.0,1.142,1,1.0,456,fourth
Qql4k7uta20noubpvevxd4ajkQ,learn_relquest,0.0,"[5, 2]",16.0,1.173,1,1.0,457,fourth
Qql4k7uta20noubpvevxd4ajkQ,learn_relquest,1.0,"[5, 3]",17.0,0.97,0,1.0,458,fourth
Qql4k7uta20noubpvevxd4ajkQ,learn_relquest,1.0,"[6, 7]",18.0,0.952,0,1.0,459,fourth
Qql4k7uta20noubpvevxd4ajkQ,learn_relquest,1.0,"[1, 4]",19.0,3.207,0,1.0,460,fourth
Qql4k7uta20noubpvevxd4ajkQ,learn_relquest,0.0,"[3, 1]",20.0,1.237,1,1.0,461,fourth
Qql4k7uta20noubpvevxd4ajkQ,learn_relquest,0.0,"[3, 7]",21.0,1.134,0,0.0,462,fourth
Qql4k7uta20noubpvevxd4ajkQ,learn_relquest,1.0,"[1, 7]",22.0,1.98,1,0.0,463,fourth
Qql4k7uta20noubpvevxd4ajkQ,learn_relquest,0.0,"[1, 3]",23.0,1.185,1,1.0,464,fourth
Qql4k7uta20noubpvevxd4ajkQ,learn_relquest,0.0,"[0, 1]",24.0,0.878,1,1.0,465,fourth
Qql4k7uta20noubpvevxd4ajkQ,learn_relquest,1.0,"[5, 6]",25.0,2.227,0,1.0,466,fourth
Qql4k7uta20noubpvevxd4ajkQ,learn_relquest,1.0,"[7, 6]",26.0,0.859,0,1.0,467,fourth
Qql4k7uta20noubpvevxd4ajkQ,learn_relquest,1.0,"[2, 6]",27.0,2.332,1,0.0,468,fourth
Qql4k7uta20noubpvevxd4ajkQ,learn_relquest,1.0,"[3, 5]",0.0,1.486,0,1.0,555,fifth
Qql4k7uta20noubpvevxd4ajkQ,learn_relquest,1.0,"[0, 7]",1.0,1.124,0,1.0,556,fifth
Qql4k7uta20noubpvevxd4ajkQ,learn_relquest,0.0,"[0, 3]",2.0,1.35,1,1.0,557,fifth
Qql4k7uta20noubpvevxd4ajkQ,learn_relquest,1.0,"[4, 1]",3.0,0.789,0,1.0,558,fifth
Qql4k7uta20noubpvevxd4ajkQ,learn_relquest,1.0,"[7, 0]",4.0,1.251,1,0.0,559,fifth
Qql4k7uta20noubpvevxd4ajkQ,learn_relquest,1.0,"[6, 5]",5.0,2.895,0,1.0,560,fifth
Qql4k7uta20noubpvevxd4ajkQ,learn_relquest,1.0,"[2, 6]",6.0,1.493,1,0.0,561,fifth
Qql4k7uta20noubpvevxd4ajkQ,learn_relquest,0.0,"[2, 5]",7.0,1.224,1,1.0,562,fifth
Qql4k7uta20noubpvevxd4ajkQ,learn_relquest,1.0,"[6, 7]",8.0,0.95,0,1.0,563,fifth
Qql4k7uta20noubpvevxd4ajkQ,learn_relquest,1.0,"[6, 2]",9.0,2.089,1,0.0,564,fifth
Qql4k7uta20noubpvevxd4ajkQ,learn_relquest,0.0,"[4, 0]",10.0,1.74,1,1.0,565,fifth
Qql4k7uta20noubpvevxd4ajkQ,learn_relquest,0.0,"[4, 7]",11.0,2.263,0,0.0,566,fifth
Qql4k7uta20noubpvevxd4ajkQ,learn_relquest,0.0,"[4, 2]",12.0,1.374,1,1.0,567,fifth
Qql4k7uta20noubpvevxd4ajkQ,learn_relquest,0.0,"[3, 2]",13.0,1.35,1,1.0,568,fifth
Qql4k7uta20noubpvevxd4ajkQ,learn_relquest,0.0,"[1, 5]",14.0,2.341,1,1.0,569,fifth
Qql4k7uta20noubpvevxd4ajkQ,learn_relquest,1.0,"[7, 1]",15.0,1.87,0,1.0,570,fifth
Qql4k7uta20noubpvevxd4ajkQ,learn_relquest,0.0,"[5, 4]",16.0,2.208,1,1.0,571,fifth
Qql4k7uta20noubpvevxd4ajkQ,learn_relquest,1.0,"[1, 4]",17.0,1.709,0,1.0,572,fifth
Qql4k7uta20noubpvevxd4ajkQ,learn_relquest,0.0,"[2, 4]",18.0,0.845,1,1.0,573,fifth
Qql4k7uta20noubpvevxd4ajkQ,learn_relquest,0.0,"[4, 6]",19.0,1.286,0,0.0,574,fifth
Qql4k7uta20noubpvevxd4ajkQ,learn_relquest,0.0,"[2, 3]",20.0,3.746,1,1.0,575,fifth
Qql4k7uta20noubpvevxd4ajkQ,learn_relquest,0.0,"[3, 6]",21.0,0.828,0,0.0,576,fifth
Qql4k7uta20noubpvevxd4ajkQ,learn_relquest,1.0,"[5, 6]",22.0,0.876,0,1.0,577,fifth
Qql4k7uta20noubpvevxd4ajkQ,learn_relquest,0.0,"[0, 6]",23.0,0.902,0,0.0,578,fifth
Qql4k7uta20noubpvevxd4ajkQ,learn_relquest,0.0,"[3, 4]",24.0,1.782,1,1.0,579,fifth
Qql4k7uta20noubpvevxd4ajkQ,learn_relquest,1.0,"[5, 3]",25.0,1.068,0,1.0,580,fifth
Qql4k7uta20noubpvevxd4ajkQ,learn_relquest,1.0,"[1, 7]",26.0,1.518,0,1.0,581,fifth
Qql4k7uta20noubpvevxd4ajkQ,learn_relquest,1.0,"[7, 6]",27.0,1.068,0,1.0,582,fifth
Qc904zk3cotwnbwa9tosb2b5eQ,learn_relquest,1.0,"[7, 1]",0.0,4.382,0,1.0,99,first
Qc904zk3cotwnbwa9tosb2b5eQ,learn_relquest,0.0,"[3, 1]",1.0,6.035,1,1.0,100,first
Qc904zk3cotwnbwa9tosb2b5eQ,learn_relquest,0.0,"[2, 4]",2.0,2.405,1,1.0,101,first
Qc904zk3cotwnbwa9tosb2b5eQ,learn_relquest,1.0,"[2, 6]",3.0,1.698,0,1.0,102,first
Qc904zk3cotwnbwa9tosb2b5eQ,learn_relquest,0.0,"[4, 6]",4.0,4.783,1,1.0,103,first
Qc904zk3cotwnbwa9tosb2b5eQ,learn_relquest,1.0,"[7, 0]",5.0,1.432,0,1.0,104,first
Qc904zk3cotwnbwa9tosb2b5eQ,learn_relquest,1.0,"[5, 6]",6.0,1.906,0,1.0,105,first
Qc904zk3cotwnbwa9tosb2b5eQ,learn_relquest,0.0,"[2, 5]",7.0,2.033,1,1.0,106,first
Qc904zk3cotwnbwa9tosb2b5eQ,learn_relquest,0.0,"[0, 4]",8.0,1.492,1,1.0,107,first
Qc904zk3cotwnbwa9tosb2b5eQ,learn_relquest,1.0,"[4, 1]",9.0,2.508,1,0.0,108,first
Qc904zk3cotwnbwa9tosb2b5eQ,learn_relquest,1.0,"[6, 5]",10.0,0.965,0,1.0,109,first
Qc904zk3cotwnbwa9tosb2b5eQ,learn_relquest,0.0,"[1, 3]",11.0,1.759,0,0.0,110,first
Qc904zk3cotwnbwa9tosb2b5eQ,learn_relquest,1.0,"[6, 2]",12.0,1.896,0,1.0,111,first
Qc904zk3cotwnbwa9tosb2b5eQ,learn_relquest,0.0,"[3, 7]",13.0,2.362,1,1.0,112,first
Qc904zk3cotwnbwa9tosb2b5eQ,learn_relquest,0.0,"[7, 2]",14.0,2.155,0,0.0,113,first
Qc904zk3cotwnbwa9tosb2b5eQ,learn_relquest,0.0,"[2, 3]",15.0,2.092,0,0.0,114,first
Qc904zk3cotwnbwa9tosb2b5eQ,learn_relquest,0.0,"[7, 5]",16.0,2.013,0,0.0,115,first
Qc904zk3cotwnbwa9tosb2b5eQ,learn_relquest,1.0,"[1, 4]",17.0,3.643,1,0.0,116,first
Qc904zk3cotwnbwa9tosb2b5eQ,learn_relquest,1.0,"[0, 7]",18.0,2.256,0,1.0,117,first
Qc904zk3cotwnbwa9tosb2b5eQ,learn_relquest,0.0,"[0, 2]",19.0,1.199,0,0.0,118,first
Qc904zk3cotwnbwa9tosb2b5eQ,learn_relquest,1.0,"[3, 5]",20.0,1.662,0,1.0,119,first
Qc904zk3cotwnbwa9tosb2b5eQ,learn_relquest,1.0,"[5, 3]",21.0,1.535,0,1.0,120,first
Qc904zk3cotwnbwa9tosb2b5eQ,learn_relquest,0.0,"[5, 4]",22.0,1.269,0,0.0,121,first
Qc904zk3cotwnbwa9tosb2b5eQ,learn_relquest,1.0,"[7, 6]",23.0,3.078,1,0.0,122,first
Qc904zk3cotwnbwa9tosb2b5eQ,learn_relquest,1.0,"[6, 7]",24.0,1.624,1,0.0,123,first
Qc904zk3cotwnbwa9tosb2b5eQ,learn_relquest,0.0,"[3, 0]",25.0,3.006,1,1.0,124,first
Qc904zk3cotwnbwa9tosb2b5eQ,learn_relquest,0.0,"[4, 3]",26.0,1.327,0,0.0,125,first
Qc904zk3cotwnbwa9tosb2b5eQ,learn_relquest,1.0,"[1, 7]",27.0,1.235,0,1.0,126,first
Qc904zk3cotwnbwa9tosb2b5eQ,learn_relquest,0.0,"[7, 2]",0.0,3.644,1,1.0,213,second
Qc904zk3cotwnbwa9tosb2b5eQ,learn_relquest,1.0,"[4, 1]",1.0,5.725,0,1.0,214,second
Qc904zk3cotwnbwa9tosb2b5eQ,learn_relquest,1.0,"[3, 5]",2.0,3.143,0,1.0,215,second
Qc904zk3cotwnbwa9tosb2b5eQ,learn_relquest,1.0,"[7, 0]",3.0,4.864,0,1.0,216,second
Qc904zk3cotwnbwa9tosb2b5eQ,learn_relquest,0.0,"[1, 5]",4.0,4.095,1,1.0,217,second
Qc904zk3cotwnbwa9tosb2b5eQ,learn_relquest,1.0,"[6, 5]",5.0,2.014,0,1.0,218,second
Qc904zk3cotwnbwa9tosb2b5eQ,learn_relquest,1.0,"[6, 2]",6.0,1.141,0,1.0,219,second
Qc904zk3cotwnbwa9tosb2b5eQ,learn_relquest,0.0,"[5, 2]",7.0,2.378,1,1.0,220,second
Qc904zk3cotwnbwa9tosb2b5eQ,learn_relquest,0.0,"[4, 5]",8.0,3.377,1,1.0,221,second
Qc904zk3cotwnbwa9tosb2b5eQ,learn_relquest,1.0,"[6, 7]",9.0,4.012,0,1.0,222,second
Qc904zk3cotwnbwa9tosb2b5eQ,learn_relquest,0.0,"[2, 7]",10.0,1.876,0,0.0,223,second
Qc904zk3cotwnbwa9tosb2b5eQ,learn_relquest,1.0,"[2, 6]",11.0,1.043,0,1.0,224,second
Qc904zk3cotwnbwa9tosb2b5eQ,learn_relquest,1.0,"[5, 3]",12.0,1.742,0,1.0,225,second
Qc904zk3cotwnbwa9tosb2b5eQ,learn_relquest,0.0,"[3, 0]",13.0,3.783,1,1.0,226,second
Qc904zk3cotwnbwa9tosb2b5eQ,learn_relquest,1.0,"[1, 7]",14.0,1.994,0,1.0,227,second
Qc904zk3cotwnbwa9tosb2b5eQ,learn_relquest,0.0,"[4, 0]",15.0,2.092,1,1.0,228,second
Qc904zk3cotwnbwa9tosb2b5eQ,learn_relquest,0.0,"[4, 2]",16.0,3.512,1,1.0,229,second
Qc904zk3cotwnbwa9tosb2b5eQ,learn_relquest,0.0,"[5, 1]",17.0,1.512,0,0.0,230,second
Qc904zk3cotwnbwa9tosb2b5eQ,learn_relquest,1.0,"[7, 6]",18.0,2.065,0,1.0,231,second
Qc904zk3cotwnbwa9tosb2b5eQ,learn_relquest,0.0,"[5, 4]",19.0,2.197,0,0.0,232,second
Qc904zk3cotwnbwa9tosb2b5eQ,learn_relquest,1.0,"[5, 6]",20.0,1.141,0,1.0,233,second
Qc904zk3cotwnbwa9tosb2b5eQ,learn_relquest,1.0,"[1, 4]",21.0,2.494,1,0.0,234,second
Qc904zk3cotwnbwa9tosb2b5eQ,learn_relquest,0.0,"[7, 3]",22.0,2.145,1,1.0,235,second
Qc904zk3cotwnbwa9tosb2b5eQ,learn_relquest,0.0,"[7, 5]",23.0,1.678,0,0.0,236,second
Qc904zk3cotwnbwa9tosb2b5eQ,learn_relquest,0.0,"[4, 7]",24.0,3.348,1,1.0,237,second
Qc904zk3cotwnbwa9tosb2b5eQ,learn_relquest,0.0,"[0, 5]",25.0,1.724,0,0.0,238,second
Qc904zk3cotwnbwa9tosb2b5eQ,learn_relquest,1.0,"[0, 7]",26.0,1.444,0,1.0,239,second
Qc904zk3cotwnbwa9tosb2b5eQ,learn_relquest,1.0,"[7, 1]",27.0,1.126,0,1.0,240,second
Qc904zk3cotwnbwa9tosb2b5eQ,learn_relquest,0.0,"[5, 7]",0.0,3.46,0,0.0,327,third
Qc904zk3cotwnbwa9tosb2b5eQ,learn_relquest,1.0,"[1, 7]",1.0,1.961,0,1.0,328,third
Qc904zk3cotwnbwa9tosb2b5eQ,learn_relquest,1.0,"[2, 6]",2.0,3.094,0,1.0,329,third
Qc904zk3cotwnbwa9tosb2b5eQ,learn_relquest,1.0,"[3, 5]",3.0,1.91,0,1.0,330,third
Qc904zk3cotwnbwa9tosb2b5eQ,learn_relquest,0.0,"[1, 2]",4.0,2.898,1,1.0,331,third
Qc904zk3cotwnbwa9tosb2b5eQ,learn_relquest,0.0,"[5, 2]",5.0,1.31,1,1.0,332,third
Qc904zk3cotwnbwa9tosb2b5eQ,learn_relquest,0.0,"[0, 1]",6.0,1.876,1,1.0,333,third
Qc904zk3cotwnbwa9tosb2b5eQ,learn_relquest,1.0,"[5, 6]",7.0,1.546,0,1.0,334,third
Qc904zk3cotwnbwa9tosb2b5eQ,learn_relquest,1.0,"[0, 7]",8.0,1.327,0,1.0,335,third
Qc904zk3cotwnbwa9tosb2b5eQ,learn_relquest,1.0,"[7, 1]",9.0,1.495,0,1.0,336,third
Qc904zk3cotwnbwa9tosb2b5eQ,learn_relquest,1.0,"[7, 6]",10.0,0.994,0,1.0,337,third
Qc904zk3cotwnbwa9tosb2b5eQ,learn_relquest,0.0,"[2, 4]",11.0,2.944,1,1.0,338,third
Qc904zk3cotwnbwa9tosb2b5eQ,learn_relquest,0.0,"[3, 6]",12.0,1.663,1,1.0,339,third
Qc904zk3cotwnbwa9tosb2b5eQ,learn_relquest,1.0,"[6, 5]",13.0,1.876,0,1.0,340,third
Qc904zk3cotwnbwa9tosb2b5eQ,learn_relquest,0.0,"[3, 0]",14.0,3.711,1,1.0,341,third
Qc904zk3cotwnbwa9tosb2b5eQ,learn_relquest,1.0,"[5, 3]",15.0,1.429,0,1.0,342,third
Qc904zk3cotwnbwa9tosb2b5eQ,learn_relquest,0.0,"[3, 1]",16.0,3.361,1,1.0,343,third
Qc904zk3cotwnbwa9tosb2b5eQ,learn_relquest,1.0,"[6, 7]",17.0,1.445,0,1.0,344,third
Qc904zk3cotwnbwa9tosb2b5eQ,learn_relquest,0.0,"[0, 2]",18.0,1.845,0,0.0,345,third
Qc904zk3cotwnbwa9tosb2b5eQ,learn_relquest,0.0,"[7, 5]",19.0,1.03,0,0.0,346,third
Qc904zk3cotwnbwa9tosb2b5eQ,learn_relquest,0.0,"[5, 0]",20.0,1.262,0,0.0,347,third
Qc904zk3cotwnbwa9tosb2b5eQ,learn_relquest,1.0,"[6, 2]",21.0,2.145,0,1.0,348,third
Qc904zk3cotwnbwa9tosb2b5eQ,learn_relquest,0.0,"[6, 0]",22.0,5.594,0,0.0,349,third
Qc904zk3cotwnbwa9tosb2b5eQ,learn_relquest,0.0,"[4, 5]",23.0,2.611,1,1.0,350,third
Qc904zk3cotwnbwa9tosb2b5eQ,learn_relquest,1.0,"[1, 4]",24.0,2.761,1,0.0,351,third
Qc904zk3cotwnbwa9tosb2b5eQ,learn_relquest,1.0,"[7, 0]",25.0,1.511,0,1.0,352,third
Qc904zk3cotwnbwa9tosb2b5eQ,learn_relquest,0.0,"[6, 4]",26.0,2.579,1,1.0,353,third
Qc904zk3cotwnbwa9tosb2b5eQ,learn_relquest,1.0,"[4, 1]",27.0,2.427,1,0.0,354,third
Qc904zk3cotwnbwa9tosb2b5eQ,learn_relquest,0.0,"[4, 3]",0.0,2.644,1,1.0,441,fourth
Qc904zk3cotwnbwa9tosb2b5eQ,learn_relquest,0.0,"[0, 5]",1.0,2.851,0,0.0,442,fourth
Qc904zk3cotwnbwa9tosb2b5eQ,learn_relquest,0.0,"[3, 4]",2.0,2.291,1,1.0,443,fourth
Qc904zk3cotwnbwa9tosb2b5eQ,learn_relquest,0.0,"[3, 1]",3.0,2.376,1,1.0,444,fourth
Qc904zk3cotwnbwa9tosb2b5eQ,learn_relquest,1.0,"[6, 5]",4.0,1.529,0,1.0,445,fourth
Qc904zk3cotwnbwa9tosb2b5eQ,learn_relquest,1.0,"[2, 6]",5.0,0.927,0,1.0,446,fourth
Qc904zk3cotwnbwa9tosb2b5eQ,learn_relquest,1.0,"[7, 0]",6.0,1.03,0,1.0,447,fourth
Qc904zk3cotwnbwa9tosb2b5eQ,learn_relquest,0.0,"[5, 2]",7.0,2.294,1,1.0,448,fourth
Qc904zk3cotwnbwa9tosb2b5eQ,learn_relquest,1.0,"[6, 2]",8.0,1.492,0,1.0,449,fourth
Qc904zk3cotwnbwa9tosb2b5eQ,learn_relquest,1.0,"[0, 7]",9.0,1.345,0,1.0,450,fourth
Qc904zk3cotwnbwa9tosb2b5eQ,learn_relquest,1.0,"[6, 7]",10.0,1.528,0,1.0,451,fourth
Qc904zk3cotwnbwa9tosb2b5eQ,learn_relquest,0.0,"[0, 2]",11.0,1.315,0,0.0,452,fourth
Qc904zk3cotwnbwa9tosb2b5eQ,learn_relquest,0.0,"[4, 6]",12.0,4.959,1,1.0,453,fourth
Qc904zk3cotwnbwa9tosb2b5eQ,learn_relquest,1.0,"[3, 5]",13.0,2.095,0,1.0,454,fourth
Qc904zk3cotwnbwa9tosb2b5eQ,learn_relquest,0.0,"[0, 6]",14.0,2.245,1,1.0,455,fourth
Qc904zk3cotwnbwa9tosb2b5eQ,learn_relquest,0.0,"[6, 0]",15.0,1.261,0,0.0,456,fourth
Qc904zk3cotwnbwa9tosb2b5eQ,learn_relquest,1.0,"[5, 3]",16.0,1.079,0,1.0,457,fourth
Qc904zk3cotwnbwa9tosb2b5eQ,learn_relquest,1.0,"[4, 1]",17.0,2.658,1,0.0,458,fourth
Qc904zk3cotwnbwa9tosb2b5eQ,learn_relquest,1.0,"[5, 6]",18.0,1.094,0,1.0,459,fourth
Qc904zk3cotwnbwa9tosb2b5eQ,learn_relquest,0.0,"[0, 3]",19.0,1.013,0,0.0,460,fourth
Qc904zk3cotwnbwa9tosb2b5eQ,learn_relquest,0.0,"[4, 7]",20.0,1.363,0,0.0,461,fourth
Qc904zk3cotwnbwa9tosb2b5eQ,learn_relquest,1.0,"[7, 1]",21.0,1.011,0,1.0,462,fourth
Qc904zk3cotwnbwa9tosb2b5eQ,learn_relquest,1.0,"[7, 6]",22.0,0.978,0,1.0,463,fourth
Qc904zk3cotwnbwa9tosb2b5eQ,learn_relquest,0.0,"[5, 7]",23.0,0.963,0,0.0,464,fourth
Qc904zk3cotwnbwa9tosb2b5eQ,learn_relquest,1.0,"[1, 4]",24.0,1.643,1,0.0,465,fourth
Qc904zk3cotwnbwa9tosb2b5eQ,learn_relquest,0.0,"[3, 0]",25.0,2.382,1,1.0,466,fourth
Qc904zk3cotwnbwa9tosb2b5eQ,learn_relquest,0.0,"[2, 7]",26.0,1.14,0,0.0,467,fourth
Qc904zk3cotwnbwa9tosb2b5eQ,learn_relquest,1.0,"[1, 7]",27.0,1.147,0,1.0,468,fourth
Qc904zk3cotwnbwa9tosb2b5eQ,learn_relquest,0.0,"[1, 6]",0.0,3.01,1,1.0,555,fifth
Qc904zk3cotwnbwa9tosb2b5eQ,learn_relquest,1.0,"[5, 6]",1.0,1.408,0,1.0,556,fifth
Qc904zk3cotwnbwa9tosb2b5eQ,learn_relquest,0.0,"[7, 4]",2.0,1.744,0,0.0,557,fifth
Qc904zk3cotwnbwa9tosb2b5eQ,learn_relquest,1.0,"[6, 2]",3.0,0.932,0,1.0,558,fifth
Qc904zk3cotwnbwa9tosb2b5eQ,learn_relquest,0.0,"[5, 1]",4.0,1.628,0,0.0,559,fifth
Qc904zk3cotwnbwa9tosb2b5eQ,learn_relquest,0.0,"[2, 3]",5.0,1.111,0,0.0,560,fifth
Qc904zk3cotwnbwa9tosb2b5eQ,learn_relquest,0.0,"[6, 1]",6.0,1.763,1,1.0,561,fifth
Qc904zk3cotwnbwa9tosb2b5eQ,learn_relquest,0.0,"[1, 2]",7.0,1.943,0,0.0,562,fifth
Qc904zk3cotwnbwa9tosb2b5eQ,learn_relquest,0.0,"[7, 3]",8.0,2.212,1,1.0,563,fifth
Qc904zk3cotwnbwa9tosb2b5eQ,learn_relquest,0.0,"[6, 0]",9.0,1.495,0,0.0,564,fifth
Qc904zk3cotwnbwa9tosb2b5eQ,learn_relquest,1.0,"[6, 7]",10.0,1.026,0,1.0,565,fifth
Qc904zk3cotwnbwa9tosb2b5eQ,learn_relquest,1.0,"[7, 0]",11.0,1.325,0,1.0,566,fifth
Qc904zk3cotwnbwa9tosb2b5eQ,learn_relquest,1.0,"[3, 5]",12.0,1.014,0,1.0,567,fifth
Qc904zk3cotwnbwa9tosb2b5eQ,learn_relquest,1.0,"[0, 7]",13.0,1.179,0,1.0,568,fifth
Qc904zk3cotwnbwa9tosb2b5eQ,learn_relquest,1.0,"[2, 6]",14.0,1.108,0,1.0,569,fifth
Qc904zk3cotwnbwa9tosb2b5eQ,learn_relquest,1.0,"[7, 1]",15.0,1.313,0,1.0,570,fifth
Qc904zk3cotwnbwa9tosb2b5eQ,learn_relquest,1.0,"[4, 1]",16.0,0.992,0,1.0,571,fifth
Qc904zk3cotwnbwa9tosb2b5eQ,learn_relquest,1.0,"[5, 3]",17.0,1.143,0,1.0,572,fifth
Qc904zk3cotwnbwa9tosb2b5eQ,learn_relquest,0.0,"[5, 7]",18.0,0.894,0,0.0,573,fifth
Qc904zk3cotwnbwa9tosb2b5eQ,learn_relquest,1.0,"[1, 4]",19.0,1.628,0,1.0,574,fifth
Qc904zk3cotwnbwa9tosb2b5eQ,learn_relquest,0.0,"[4, 5]",20.0,2.142,1,1.0,575,fifth
Qc904zk3cotwnbwa9tosb2b5eQ,learn_relquest,1.0,"[6, 5]",21.0,1.113,0,1.0,576,fifth
Qc904zk3cotwnbwa9tosb2b5eQ,learn_relquest,1.0,"[1, 7]",22.0,2.695,0,1.0,577,fifth
Qc904zk3cotwnbwa9tosb2b5eQ,learn_relquest,0.0,"[0, 3]",23.0,1.959,1,1.0,578,fifth
Qc904zk3cotwnbwa9tosb2b5eQ,learn_relquest,0.0,"[7, 5]",24.0,2.48,0,0.0,579,fifth
Qc904zk3cotwnbwa9tosb2b5eQ,learn_relquest,1.0,"[7, 6]",25.0,2.428,1,0.0,580,fifth
Qc904zk3cotwnbwa9tosb2b5eQ,learn_relquest,0.0,"[3, 4]",26.0,1.594,1,1.0,581,fifth
Qc904zk3cotwnbwa9tosb2b5eQ,learn_relquest,0.0,"[0, 4]",27.0,1.842,1,1.0,582,fifth
Qmwns02es1oaj6z1k5o5sbolzQ,learn_relquest,1.0,"[5, 3]",0.0,4.817,0,1.0,99,first
Qmwns02es1oaj6z1k5o5sbolzQ,learn_relquest,0.0,"[3, 2]",1.0,1.922,1,1.0,100,first
Qmwns02es1oaj6z1k5o5sbolzQ,learn_relquest,1.0,"[1, 7]",2.0,1.535,1,0.0,101,first
Qmwns02es1oaj6z1k5o5sbolzQ,learn_relquest,1.0,"[6, 2]",3.0,1.561,1,0.0,102,first
Qmwns02es1oaj6z1k5o5sbolzQ,learn_relquest,0.0,"[2, 5]",4.0,2.488,1,1.0,103,first
Qmwns02es1oaj6z1k5o5sbolzQ,learn_relquest,0.0,"[4, 3]",5.0,2.172,1,1.0,104,first
Qmwns02es1oaj6z1k5o5sbolzQ,learn_relquest,1.0,"[0, 7]",6.0,1.827,0,1.0,105,first
Qmwns02es1oaj6z1k5o5sbolzQ,learn_relquest,0.0,"[6, 4]",7.0,2.824,1,1.0,106,first
Qmwns02es1oaj6z1k5o5sbolzQ,learn_relquest,1.0,"[6, 7]",8.0,2.649,0,1.0,107,first
Qmwns02es1oaj6z1k5o5sbolzQ,learn_relquest,1.0,"[2, 6]",9.0,1.768,0,1.0,108,first
Qmwns02es1oaj6z1k5o5sbolzQ,learn_relquest,1.0,"[5, 6]",10.0,7.986,0,1.0,109,first
Qmwns02es1oaj6z1k5o5sbolzQ,learn_relquest,1.0,"[6, 5]",11.0,1.393,0,1.0,110,first
Qmwns02es1oaj6z1k5o5sbolzQ,learn_relquest,1.0,"[7, 1]",12.0,3.758,1,0.0,111,first
Qmwns02es1oaj6z1k5o5sbolzQ,learn_relquest,0.0,"[3, 0]",13.0,16.972,0,0.0,112,first
Qmwns02es1oaj6z1k5o5sbolzQ,learn_relquest,1.0,"[3, 5]",14.0,2.039,0,1.0,113,first
Qmwns02es1oaj6z1k5o5sbolzQ,learn_relquest,0.0,"[4, 0]",15.0,1.432,1,1.0,114,first
Qmwns02es1oaj6z1k5o5sbolzQ,learn_relquest,0.0,"[2, 4]",16.0,1.37,1,1.0,115,first
Qmwns02es1oaj6z1k5o5sbolzQ,learn_relquest,0.0,"[4, 2]",17.0,1.367,1,1.0,116,first
Qmwns02es1oaj6z1k5o5sbolzQ,learn_relquest,0.0,"[7, 5]",18.0,2.203,1,1.0,117,first
Qmwns02es1oaj6z1k5o5sbolzQ,learn_relquest,1.0,"[4, 1]",19.0,2.516,0,1.0,118,first
Qmwns02es1oaj6z1k5o5sbolzQ,learn_relquest,1.0,"[7, 0]",20.0,2.286,0,1.0,119,first
Qmwns02es1oaj6z1k5o5sbolzQ,learn_relquest,0.0,"[3, 7]",21.0,7.255,1,1.0,120,first
Qmwns02es1oaj6z1k5o5sbolzQ,learn_relquest,0.0,"[3, 1]",22.0,1.544,0,0.0,121,first
Qmwns02es1oaj6z1k5o5sbolzQ,learn_relquest,0.0,"[5, 0]",23.0,1.19,0,0.0,122,first
Qmwns02es1oaj6z1k5o5sbolzQ,learn_relquest,0.0,"[1, 5]",24.0,1.253,0,0.0,123,first
Qmwns02es1oaj6z1k5o5sbolzQ,learn_relquest,0.0,"[3, 6]",25.0,1.374,0,0.0,124,first
Qmwns02es1oaj6z1k5o5sbolzQ,learn_relquest,1.0,"[7, 6]",26.0,1.193,0,1.0,125,first
Qmwns02es1oaj6z1k5o5sbolzQ,learn_relquest,1.0,"[1, 4]",27.0,1.037,0,1.0,126,first
Qmwns02es1oaj6z1k5o5sbolzQ,learn_relquest,0.0,"[3, 6]",0.0,3.97,1,1.0,213,second
Qmwns02es1oaj6z1k5o5sbolzQ,learn_relquest,0.0,"[3, 4]",1.0,1.478,1,1.0,214,second
Qmwns02es1oaj6z1k5o5sbolzQ,learn_relquest,1.0,"[5, 6]",2.0,1.611,0,1.0,215,second
Qmwns02es1oaj6z1k5o5sbolzQ,learn_relquest,1.0,"[5, 3]",3.0,1.082,0,1.0,216,second
Qmwns02es1oaj6z1k5o5sbolzQ,learn_relquest,0.0,"[4, 5]",4.0,1.999,0,0.0,217,second
Qmwns02es1oaj6z1k5o5sbolzQ,learn_relquest,0.0,"[3, 7]",5.0,2.841,0,0.0,218,second
Qmwns02es1oaj6z1k5o5sbolzQ,learn_relquest,1.0,"[7, 6]",6.0,1.607,0,1.0,219,second
Qmwns02es1oaj6z1k5o5sbolzQ,learn_relquest,0.0,"[2, 3]",7.0,1.723,1,1.0,220,second
Qmwns02es1oaj6z1k5o5sbolzQ,learn_relquest,1.0,"[1, 7]",8.0,2.19,0,1.0,221,second
Qmwns02es1oaj6z1k5o5sbolzQ,learn_relquest,0.0,"[2, 7]",9.0,2.727,0,0.0,222,second
Qmwns02es1oaj6z1k5o5sbolzQ,learn_relquest,1.0,"[2, 6]",10.0,1.726,0,1.0,223,second
Qmwns02es1oaj6z1k5o5sbolzQ,learn_relquest,0.0,"[6, 1]",11.0,2.375,1,1.0,224,second
Qmwns02es1oaj6z1k5o5sbolzQ,learn_relquest,0.0,"[5, 2]",12.0,1.799,1,1.0,225,second
Qmwns02es1oaj6z1k5o5sbolzQ,learn_relquest,0.0,"[2, 1]",13.0,5.989,0,0.0,226,second
Qmwns02es1oaj6z1k5o5sbolzQ,learn_relquest,0.0,"[7, 5]",14.0,3.607,1,1.0,227,second
Qmwns02es1oaj6z1k5o5sbolzQ,learn_relquest,1.0,"[6, 7]",15.0,1.868,0,1.0,228,second
Qmwns02es1oaj6z1k5o5sbolzQ,learn_relquest,1.0,"[4, 1]",16.0,1.274,0,1.0,229,second
Qmwns02es1oaj6z1k5o5sbolzQ,learn_relquest,1.0,"[1, 4]",17.0,1.015,0,1.0,230,second
Qmwns02es1oaj6z1k5o5sbolzQ,learn_relquest,1.0,"[7, 1]",18.0,2.873,0,1.0,231,second
Qmwns02es1oaj6z1k5o5sbolzQ,learn_relquest,1.0,"[0, 7]",19.0,1.276,0,1.0,232,second
Qmwns02es1oaj6z1k5o5sbolzQ,learn_relquest,1.0,"[3, 5]",20.0,1.647,0,1.0,233,second
Qmwns02es1oaj6z1k5o5sbolzQ,learn_relquest,0.0,"[3, 2]",21.0,1.789,0,0.0,234,second
Qmwns02es1oaj6z1k5o5sbolzQ,learn_relquest,1.0,"[7, 0]",22.0,1.89,0,1.0,235,second
Qmwns02es1oaj6z1k5o5sbolzQ,learn_relquest,1.0,"[6, 2]",23.0,5.479,0,1.0,236,second
Qmwns02es1oaj6z1k5o5sbolzQ,learn_relquest,0.0,"[3, 1]",24.0,1.581,1,1.0,237,second
Qmwns02es1oaj6z1k5o5sbolzQ,learn_relquest,0.0,"[4, 6]",25.0,1.434,1,1.0,238,second
Qmwns02es1oaj6z1k5o5sbolzQ,learn_relquest,1.0,"[6, 5]",26.0,1.721,0,1.0,239,second
Qmwns02es1oaj6z1k5o5sbolzQ,learn_relquest,0.0,"[1, 2]",27.0,0.969,0,0.0,240,second
Qmwns02es1oaj6z1k5o5sbolzQ,learn_relquest,1.0,"[3, 5]",0.0,29.223,0,1.0,327,third
Qmwns02es1oaj6z1k5o5sbolzQ,learn_relquest,0.0,"[0, 4]",1.0,0.983,0,0.0,328,third
Qmwns02es1oaj6z1k5o5sbolzQ,learn_relquest,0.0,"[0, 5]",2.0,0.659,0,0.0,329,third
Qmwns02es1oaj6z1k5o5sbolzQ,learn_relquest,0.0,"[1, 0]",3.0,0.605,0,0.0,330,third
Qmwns02es1oaj6z1k5o5sbolzQ,learn_relquest,0.0,"[4, 2]",4.0,2.237,1,1.0,331,third
Qmwns02es1oaj6z1k5o5sbolzQ,learn_relquest,0.0,"[3, 2]",5.0,2.106,1,1.0,332,third
Qmwns02es1oaj6z1k5o5sbolzQ,learn_relquest,0.0,"[5, 1]",6.0,1.219,0,0.0,333,third
Qmwns02es1oaj6z1k5o5sbolzQ,learn_relquest,1.0,"[6, 2]",7.0,1.06,0,1.0,334,third
Qmwns02es1oaj6z1k5o5sbolzQ,learn_relquest,0.0,"[5, 4]",8.0,1.037,0,0.0,335,third
Qmwns02es1oaj6z1k5o5sbolzQ,learn_relquest,1.0,"[1, 7]",9.0,1.099,0,1.0,336,third
Qmwns02es1oaj6z1k5o5sbolzQ,learn_relquest,1.0,"[2, 6]",10.0,1.248,0,1.0,337,third
Qmwns02es1oaj6z1k5o5sbolzQ,learn_relquest,0.0,"[6, 4]",11.0,1.283,0,0.0,338,third
Qmwns02es1oaj6z1k5o5sbolzQ,learn_relquest,1.0,"[4, 1]",12.0,0.985,0,1.0,339,third
Qmwns02es1oaj6z1k5o5sbolzQ,learn_relquest,1.0,"[5, 3]",13.0,0.982,0,1.0,340,third
Qmwns02es1oaj6z1k5o5sbolzQ,learn_relquest,0.0,"[7, 5]",14.0,1.988,1,1.0,341,third
Qmwns02es1oaj6z1k5o5sbolzQ,learn_relquest,1.0,"[1, 4]",15.0,1.066,0,1.0,342,third
Qmwns02es1oaj6z1k5o5sbolzQ,learn_relquest,1.0,"[7, 0]",16.0,0.74,0,1.0,343,third
Qmwns02es1oaj6z1k5o5sbolzQ,learn_relquest,0.0,"[2, 0]",17.0,1.097,0,0.0,344,third
Qmwns02es1oaj6z1k5o5sbolzQ,learn_relquest,1.0,"[5, 6]",18.0,0.941,0,1.0,345,third
Qmwns02es1oaj6z1k5o5sbolzQ,learn_relquest,1.0,"[6, 5]",19.0,1.372,0,1.0,346,third
Qmwns02es1oaj6z1k5o5sbolzQ,learn_relquest,0.0,"[5, 2]",20.0,1.085,0,0.0,347,third
Qmwns02es1oaj6z1k5o5sbolzQ,learn_relquest,0.0,"[2, 5]",21.0,0.784,0,0.0,348,third
Qmwns02es1oaj6z1k5o5sbolzQ,learn_relquest,0.0,"[4, 5]",22.0,0.809,0,0.0,349,third
Qmwns02es1oaj6z1k5o5sbolzQ,learn_relquest,1.0,"[6, 7]",23.0,1.309,0,1.0,350,third
Qmwns02es1oaj6z1k5o5sbolzQ,learn_relquest,1.0,"[0, 7]",24.0,0.785,0,1.0,351,third
Qmwns02es1oaj6z1k5o5sbolzQ,learn_relquest,1.0,"[7, 6]",25.0,11.16,0,1.0,352,third
Qmwns02es1oaj6z1k5o5sbolzQ,learn_relquest,1.0,"[7, 1]",26.0,1.835,0,1.0,353,third
Qmwns02es1oaj6z1k5o5sbolzQ,learn_relquest,0.0,"[0, 2]",27.0,0.866,0,0.0,354,third
Qmwns02es1oaj6z1k5o5sbolzQ,learn_relquest,1.0,"[4, 1]",0.0,1.842,0,1.0,441,fourth
Qmwns02es1oaj6z1k5o5sbolzQ,learn_relquest,0.0,"[4, 7]",1.0,1.343,1,1.0,442,fourth
Qmwns02es1oaj6z1k5o5sbolzQ,learn_relquest,1.0,"[3, 5]",2.0,1.546,0,1.0,443,fourth
Qmwns02es1oaj6z1k5o5sbolzQ,learn_relquest,0.0,"[1, 2]",3.0,1.128,0,0.0,444,fourth
Qmwns02es1oaj6z1k5o5sbolzQ,learn_relquest,0.0,"[4, 5]",4.0,1.483,0,0.0,445,fourth
Qmwns02es1oaj6z1k5o5sbolzQ,learn_relquest,1.0,"[6, 5]",5.0,1.665,0,1.0,446,fourth
Qmwns02es1oaj6z1k5o5sbolzQ,learn_relquest,1.0,"[6, 2]",6.0,1.287,0,1.0,447,fourth
Qmwns02es1oaj6z1k5o5sbolzQ,learn_relquest,1.0,"[1, 4]",7.0,2.841,0,1.0,448,fourth
Qmwns02es1oaj6z1k5o5sbolzQ,learn_relquest,1.0,"[6, 7]",8.0,1.634,1,0.0,449,fourth
Qmwns02es1oaj6z1k5o5sbolzQ,learn_relquest,0.0,"[2, 5]",9.0,1.199,1,1.0,450,fourth
Qmwns02es1oaj6z1k5o5sbolzQ,learn_relquest,0.0,"[1, 6]",10.0,1.807,1,1.0,451,fourth
Qmwns02es1oaj6z1k5o5sbolzQ,learn_relquest,1.0,"[7, 1]",11.0,1.16,0,1.0,452,fourth
Qmwns02es1oaj6z1k5o5sbolzQ,learn_relquest,1.0,"[5, 6]",12.0,0.885,0,1.0,453,fourth
Qmwns02es1oaj6z1k5o5sbolzQ,learn_relquest,0.0,"[7, 4]",13.0,1.852,1,1.0,454,fourth
Qmwns02es1oaj6z1k5o5sbolzQ,learn_relquest,1.0,"[7, 0]",14.0,0.867,0,1.0,455,fourth
Qmwns02es1oaj6z1k5o5sbolzQ,learn_relquest,1.0,"[5, 3]",15.0,0.969,0,1.0,456,fourth
Qmwns02es1oaj6z1k5o5sbolzQ,learn_relquest,1.0,"[7, 6]",16.0,1.338,1,0.0,457,fourth
Qmwns02es1oaj6z1k5o5sbolzQ,learn_relquest,0.0,"[0, 6]",17.0,0.942,0,0.0,458,fourth
Qmwns02es1oaj6z1k5o5sbolzQ,learn_relquest,0.0,"[2, 7]",18.0,0.686,0,0.0,459,fourth
Qmwns02es1oaj6z1k5o5sbolzQ,learn_relquest,1.0,"[2, 6]",19.0,1.081,1,0.0,460,fourth
Qmwns02es1oaj6z1k5o5sbolzQ,learn_relquest,0.0,"[5, 2]",20.0,1.32,0,0.0,461,fourth
Qmwns02es1oaj6z1k5o5sbolzQ,learn_relquest,0.0,"[3, 7]",21.0,2.869,1,1.0,462,fourth
Qmwns02es1oaj6z1k5o5sbolzQ,learn_relquest,0.0,"[5, 4]",22.0,0.839,0,0.0,463,fourth
Qmwns02es1oaj6z1k5o5sbolzQ,learn_relquest,0.0,"[0, 2]",23.0,0.637,0,0.0,464,fourth
Qmwns02es1oaj6z1k5o5sbolzQ,learn_relquest,0.0,"[6, 4]",24.0,0.652,0,0.0,465,fourth
Qmwns02es1oaj6z1k5o5sbolzQ,learn_relquest,0.0,"[4, 0]",25.0,1.224,1,1.0,466,fourth
Qmwns02es1oaj6z1k5o5sbolzQ,learn_relquest,1.0,"[0, 7]",26.0,0.764,0,1.0,467,fourth
Qmwns02es1oaj6z1k5o5sbolzQ,learn_relquest,1.0,"[1, 7]",27.0,0.618,0,1.0,468,fourth
Qmwns02es1oaj6z1k5o5sbolzQ,learn_relquest,1.0,"[6, 7]",0.0,1.956,1,0.0,555,fifth
Qmwns02es1oaj6z1k5o5sbolzQ,learn_relquest,1.0,"[7, 0]",1.0,1.13,0,1.0,556,fifth
Qmwns02es1oaj6z1k5o5sbolzQ,learn_relquest,0.0,"[0, 6]",2.0,1.207,0,0.0,557,fifth
Qmwns02es1oaj6z1k5o5sbolzQ,learn_relquest,0.0,"[5, 7]",3.0,1.428,1,1.0,558,fifth
Qmwns02es1oaj6z1k5o5sbolzQ,learn_relquest,1.0,"[5, 3]",4.0,1.054,0,1.0,559,fifth
Qmwns02es1oaj6z1k5o5sbolzQ,learn_relquest,1.0,"[1, 7]",5.0,1.561,1,0.0,560,fifth
Qmwns02es1oaj6z1k5o5sbolzQ,learn_relquest,0.0,"[7, 4]",6.0,1.557,1,1.0,561,fifth
Qmwns02es1oaj6z1k5o5sbolzQ,learn_relquest,0.0,"[7, 2]",7.0,1.242,0,0.0,562,fifth
Qmwns02es1oaj6z1k5o5sbolzQ,learn_relquest,0.0,"[1, 5]",8.0,0.839,0,0.0,563,fifth
Qmwns02es1oaj6z1k5o5sbolzQ,learn_relquest,1.0,"[0, 7]",9.0,0.996,0,1.0,564,fifth
Qmwns02es1oaj6z1k5o5sbolzQ,learn_relquest,1.0,"[1, 4]",10.0,1.001,0,1.0,565,fifth
Qmwns02es1oaj6z1k5o5sbolzQ,learn_relquest,0.0,"[6, 3]",11.0,1.573,1,1.0,566,fifth
Qmwns02es1oaj6z1k5o5sbolzQ,learn_relquest,1.0,"[7, 6]",12.0,1.021,1,0.0,567,fifth
Qmwns02es1oaj6z1k5o5sbolzQ,learn_relquest,1.0,"[4, 1]",13.0,1.409,0,1.0,568,fifth
Qmwns02es1oaj6z1k5o5sbolzQ,learn_relquest,1.0,"[5, 6]",14.0,1.375,0,1.0,569,fifth
Qmwns02es1oaj6z1k5o5sbolzQ,learn_relquest,0.0,"[4, 7]",15.0,1.975,1,1.0,570,fifth
Qmwns02es1oaj6z1k5o5sbolzQ,learn_relquest,1.0,"[3, 5]",16.0,1.027,0,1.0,571,fifth
Qmwns02es1oaj6z1k5o5sbolzQ,learn_relquest,1.0,"[7, 1]",17.0,0.762,0,1.0,572,fifth
Qmwns02es1oaj6z1k5o5sbolzQ,learn_relquest,0.0,"[0, 3]",18.0,0.927,0,0.0,573,fifth
Qmwns02es1oaj6z1k5o5sbolzQ,learn_relquest,1.0,"[2, 6]",19.0,0.807,0,1.0,574,fifth
Qmwns02es1oaj6z1k5o5sbolzQ,learn_relquest,0.0,"[3, 0]",20.0,0.939,0,0.0,575,fifth
Qmwns02es1oaj6z1k5o5sbolzQ,learn_relquest,0.0,"[3, 1]",21.0,1.642,1,1.0,576,fifth
Qmwns02es1oaj6z1k5o5sbolzQ,learn_relquest,0.0,"[3, 7]",22.0,1.293,0,0.0,577,fifth
Qmwns02es1oaj6z1k5o5sbolzQ,learn_relquest,0.0,"[4, 2]",23.0,1.882,0,0.0,578,fifth
Qmwns02es1oaj6z1k5o5sbolzQ,learn_relquest,1.0,"[6, 2]",24.0,2.078,0,1.0,579,fifth
Qmwns02es1oaj6z1k5o5sbolzQ,learn_relquest,1.0,"[6, 5]",25.0,1.729,1,0.0,580,fifth
Qmwns02es1oaj6z1k5o5sbolzQ,learn_relquest,0.0,"[5, 0]",26.0,1.579,0,0.0,581,fifth
Qmwns02es1oaj6z1k5o5sbolzQ,learn_relquest,0.0,"[4, 3]",27.0,2.523,1,1.0,582,fifth
Qa88nxk9771pebw9pfijimopzQ,learn_relquest,0.0,"[1, 6]",0.0,7.14,0,0.0,99,first
Qa88nxk9771pebw9pfijimopzQ,learn_relquest,0.0,"[5, 7]",1.0,2.508,0,0.0,100,first
Qa88nxk9771pebw9pfijimopzQ,learn_relquest,0.0,"[7, 3]",2.0,6.946,1,1.0,101,first
Qa88nxk9771pebw9pfijimopzQ,learn_relquest,1.0,"[7, 0]",3.0,3.164,1,0.0,102,first
Qa88nxk9771pebw9pfijimopzQ,learn_relquest,1.0,"[7, 1]",4.0,3.139,0,1.0,103,first
Qa88nxk9771pebw9pfijimopzQ,learn_relquest,1.0,"[5, 3]",5.0,2.967,1,0.0,104,first
Qa88nxk9771pebw9pfijimopzQ,learn_relquest,0.0,"[4, 3]",6.0,2.451,1,1.0,105,first
Qa88nxk9771pebw9pfijimopzQ,learn_relquest,0.0,"[6, 1]",7.0,2.062,0,0.0,106,first
Qa88nxk9771pebw9pfijimopzQ,learn_relquest,0.0,"[0, 6]",8.0,2.773,1,1.0,107,first
Qa88nxk9771pebw9pfijimopzQ,learn_relquest,0.0,"[3, 0]",9.0,1.46,1,1.0,108,first
Qa88nxk9771pebw9pfijimopzQ,learn_relquest,1.0,"[0, 7]",10.0,4.139,1,0.0,109,first
Qa88nxk9771pebw9pfijimopzQ,learn_relquest,0.0,"[7, 4]",11.0,2.286,0,0.0,110,first
Qa88nxk9771pebw9pfijimopzQ,learn_relquest,0.0,"[3, 2]",12.0,4.077,0,0.0,111,first
Qa88nxk9771pebw9pfijimopzQ,learn_relquest,0.0,"[0, 2]",13.0,1.492,1,1.0,112,first
Qa88nxk9771pebw9pfijimopzQ,learn_relquest,1.0,"[7, 6]",14.0,1.43,0,1.0,113,first
Qa88nxk9771pebw9pfijimopzQ,learn_relquest,1.0,"[1, 7]",15.0,2.782,0,1.0,114,first
Qa88nxk9771pebw9pfijimopzQ,learn_relquest,0.0,"[2, 4]",16.0,2.044,1,1.0,115,first
Qa88nxk9771pebw9pfijimopzQ,learn_relquest,1.0,"[2, 6]",17.0,3.869,1,0.0,116,first
Qa88nxk9771pebw9pfijimopzQ,learn_relquest,0.0,"[4, 7]",18.0,2.82,0,0.0,117,first
Qa88nxk9771pebw9pfijimopzQ,learn_relquest,1.0,"[6, 2]",19.0,2.26,1,0.0,118,first
Qa88nxk9771pebw9pfijimopzQ,learn_relquest,1.0,"[1, 4]",20.0,1.628,0,1.0,119,first
Qa88nxk9771pebw9pfijimopzQ,learn_relquest,0.0,"[6, 4]",21.0,4.399,0,0.0,120,first
Qa88nxk9771pebw9pfijimopzQ,learn_relquest,1.0,"[4, 1]",22.0,2.404,0,1.0,121,first
Qa88nxk9771pebw9pfijimopzQ,learn_relquest,1.0,"[6, 5]",23.0,1.517,0,1.0,122,first
Qa88nxk9771pebw9pfijimopzQ,learn_relquest,1.0,"[3, 5]",24.0,1.796,0,1.0,123,first
Qa88nxk9771pebw9pfijimopzQ,learn_relquest,1.0,"[5, 6]",25.0,2.774,0,1.0,124,first
Qa88nxk9771pebw9pfijimopzQ,learn_relquest,1.0,"[6, 7]",26.0,4.197,0,1.0,125,first
Qa88nxk9771pebw9pfijimopzQ,learn_relquest,0.0,"[7, 2]",27.0,4.245,0,0.0,126,first
Qa88nxk9771pebw9pfijimopzQ,learn_relquest,0.0,"[2, 7]",0.0,19.55,1,1.0,213,second
Qa88nxk9771pebw9pfijimopzQ,learn_relquest,1.0,"[6, 5]",1.0,2.133,0,1.0,214,second
Qa88nxk9771pebw9pfijimopzQ,learn_relquest,1.0,"[6, 2]",2.0,1.885,0,1.0,215,second
Qa88nxk9771pebw9pfijimopzQ,learn_relquest,0.0,"[0, 4]",3.0,1.87,0,0.0,216,second
Qa88nxk9771pebw9pfijimopzQ,learn_relquest,0.0,"[0, 5]",4.0,4.861,1,1.0,217,second
Qa88nxk9771pebw9pfijimopzQ,learn_relquest,1.0,"[7, 1]",5.0,2.286,0,1.0,218,second
Qa88nxk9771pebw9pfijimopzQ,learn_relquest,0.0,"[3, 6]",6.0,2.925,0,0.0,219,second
Qa88nxk9771pebw9pfijimopzQ,learn_relquest,1.0,"[1, 4]",7.0,4.532,0,1.0,220,second
Qa88nxk9771pebw9pfijimopzQ,learn_relquest,1.0,"[5, 3]",8.0,6.174,0,1.0,221,second
Qa88nxk9771pebw9pfijimopzQ,learn_relquest,0.0,"[4, 7]",9.0,2.478,0,0.0,222,second
Qa88nxk9771pebw9pfijimopzQ,learn_relquest,1.0,"[5, 6]",10.0,2.004,0,1.0,223,second
Qa88nxk9771pebw9pfijimopzQ,learn_relquest,0.0,"[2, 1]",11.0,1.63,1,1.0,224,second
Qa88nxk9771pebw9pfijimopzQ,learn_relquest,0.0,"[7, 5]",12.0,1.446,0,0.0,225,second
Qa88nxk9771pebw9pfijimopzQ,learn_relquest,1.0,"[7, 0]",13.0,2.212,0,1.0,226,second
Qa88nxk9771pebw9pfijimopzQ,learn_relquest,0.0,"[5, 1]",14.0,2.332,0,0.0,227,second
Qa88nxk9771pebw9pfijimopzQ,learn_relquest,1.0,"[0, 7]",15.0,3.5,0,1.0,228,second
Qa88nxk9771pebw9pfijimopzQ,learn_relquest,0.0,"[1, 3]",16.0,2.359,1,1.0,229,second
Qa88nxk9771pebw9pfijimopzQ,learn_relquest,1.0,"[3, 5]",17.0,2.184,1,0.0,230,second
Qa88nxk9771pebw9pfijimopzQ,learn_relquest,1.0,"[4, 1]",18.0,4.27,0,1.0,231,second
Qa88nxk9771pebw9pfijimopzQ,learn_relquest,0.0,"[1, 2]",19.0,1.262,0,0.0,232,second
Qa88nxk9771pebw9pfijimopzQ,learn_relquest,0.0,"[0, 2]",20.0,3.886,0,0.0,233,second
Qa88nxk9771pebw9pfijimopzQ,learn_relquest,0.0,"[1, 0]",21.0,2.068,1,1.0,234,second
Qa88nxk9771pebw9pfijimopzQ,learn_relquest,1.0,"[6, 7]",22.0,1.197,0,1.0,235,second
Qa88nxk9771pebw9pfijimopzQ,learn_relquest,0.0,"[4, 2]",23.0,1.423,1,1.0,236,second
Qa88nxk9771pebw9pfijimopzQ,learn_relquest,1.0,"[7, 6]",24.0,1.227,0,1.0,237,second
Qa88nxk9771pebw9pfijimopzQ,learn_relquest,1.0,"[1, 7]",25.0,2.525,0,1.0,238,second
Qa88nxk9771pebw9pfijimopzQ,learn_relquest,1.0,"[2, 6]",26.0,2.732,0,1.0,239,second
Qa88nxk9771pebw9pfijimopzQ,learn_relquest,0.0,"[4, 5]",27.0,2.484,1,1.0,240,second
Qa88nxk9771pebw9pfijimopzQ,learn_relquest,1.0,"[4, 1]",0.0,5.923,0,1.0,327,third
Qa88nxk9771pebw9pfijimopzQ,learn_relquest,0.0,"[4, 7]",1.0,1.174,0,0.0,328,third
Qa88nxk9771pebw9pfijimopzQ,learn_relquest,1.0,"[5, 3]",2.0,1.574,0,1.0,329,third
Qa88nxk9771pebw9pfijimopzQ,learn_relquest,1.0,"[6, 5]",3.0,1.34,0,1.0,330,third
Qa88nxk9771pebw9pfijimopzQ,learn_relquest,1.0,"[5, 6]",4.0,1.471,0,1.0,331,third
Qa88nxk9771pebw9pfijimopzQ,learn_relquest,1.0,"[3, 5]",5.0,6.196,1,0.0,332,third
Qa88nxk9771pebw9pfijimopzQ,learn_relquest,0.0,"[2, 0]",6.0,2.876,1,1.0,333,third
Qa88nxk9771pebw9pfijimopzQ,learn_relquest,1.0,"[7, 6]",7.0,1.564,0,1.0,334,third
Qa88nxk9771pebw9pfijimopzQ,learn_relquest,1.0,"[6, 2]",8.0,1.924,0,1.0,335,third
Qa88nxk9771pebw9pfijimopzQ,learn_relquest,0.0,"[1, 3]",9.0,2.516,1,1.0,336,third
Qa88nxk9771pebw9pfijimopzQ,learn_relquest,0.0,"[1, 5]",10.0,1.98,0,0.0,337,third
Qa88nxk9771pebw9pfijimopzQ,learn_relquest,1.0,"[0, 7]",11.0,1.22,0,1.0,338,third
Qa88nxk9771pebw9pfijimopzQ,learn_relquest,0.0,"[2, 5]",12.0,2.965,0,0.0,339,third
Qa88nxk9771pebw9pfijimopzQ,learn_relquest,1.0,"[7, 1]",13.0,1.437,0,1.0,340,third
Qa88nxk9771pebw9pfijimopzQ,learn_relquest,1.0,"[7, 0]",14.0,0.78,0,1.0,341,third
Qa88nxk9771pebw9pfijimopzQ,learn_relquest,1.0,"[6, 7]",15.0,1.15,0,1.0,342,third
Qa88nxk9771pebw9pfijimopzQ,learn_relquest,0.0,"[2, 4]",16.0,1.5,1,1.0,343,third
Qa88nxk9771pebw9pfijimopzQ,learn_relquest,0.0,"[6, 0]",17.0,2.309,0,0.0,344,third
Qa88nxk9771pebw9pfijimopzQ,learn_relquest,0.0,"[2, 3]",18.0,3.22,1,1.0,345,third
Qa88nxk9771pebw9pfijimopzQ,learn_relquest,1.0,"[1, 7]",19.0,1.596,0,1.0,346,third
Qa88nxk9771pebw9pfijimopzQ,learn_relquest,0.0,"[7, 5]",20.0,0.013,0,0.0,347,third
Qa88nxk9771pebw9pfijimopzQ,learn_relquest,0.0,"[0, 5]",21.0,1.037,0,0.0,348,third
Qa88nxk9771pebw9pfijimopzQ,learn_relquest,0.0,"[6, 1]",22.0,1.532,0,0.0,349,third
Qa88nxk9771pebw9pfijimopzQ,learn_relquest,0.0,"[1, 2]",23.0,4.468,1,1.0,350,third
Qa88nxk9771pebw9pfijimopzQ,learn_relquest,1.0,"[1, 4]",24.0,1.348,1,0.0,351,third
Qa88nxk9771pebw9pfijimopzQ,learn_relquest,1.0,"[2, 6]",25.0,0.014,1,0.0,352,third
Qa88nxk9771pebw9pfijimopzQ,learn_relquest,0.0,"[3, 7]",26.0,1.358,0,0.0,353,third
Qa88nxk9771pebw9pfijimopzQ,learn_relquest,0.0,"[1, 6]",27.0,1.036,0,0.0,354,third
Qa88nxk9771pebw9pfijimopzQ,learn_relquest,1.0,"[3, 5]",0.0,17.1,0,1.0,441,fourth
Qa88nxk9771pebw9pfijimopzQ,learn_relquest,0.0,"[2, 7]",1.0,3.148,1,1.0,442,fourth
Qa88nxk9771pebw9pfijimopzQ,learn_relquest,0.0,"[1, 6]",2.0,4.428,0,0.0,443,fourth
Qa88nxk9771pebw9pfijimopzQ,learn_relquest,0.0,"[4, 0]",3.0,3.811,1,1.0,444,fourth
Qa88nxk9771pebw9pfijimopzQ,learn_relquest,1.0,"[7, 6]",4.0,1.516,0,1.0,445,fourth
Qa88nxk9771pebw9pfijimopzQ,learn_relquest,1.0,"[4, 1]",5.0,2.588,1,0.0,446,fourth
Qa88nxk9771pebw9pfijimopzQ,learn_relquest,1.0,"[6, 5]",6.0,1.172,0,1.0,447,fourth
Qa88nxk9771pebw9pfijimopzQ,learn_relquest,0.0,"[2, 5]",7.0,2.132,1,1.0,448,fourth
Qa88nxk9771pebw9pfijimopzQ,learn_relquest,0.0,"[5, 4]",8.0,1.605,0,0.0,449,fourth
Qa88nxk9771pebw9pfijimopzQ,learn_relquest,1.0,"[0, 7]",9.0,1.004,0,1.0,450,fourth
Qa88nxk9771pebw9pfijimopzQ,learn_relquest,0.0,"[1, 0]",10.0,3.052,0,0.0,451,fourth
Qa88nxk9771pebw9pfijimopzQ,learn_relquest,1.0,"[1, 4]",11.0,1.996,1,0.0,452,fourth
Qa88nxk9771pebw9pfijimopzQ,learn_relquest,1.0,"[1, 7]",12.0,2.501,0,1.0,453,fourth
Qa88nxk9771pebw9pfijimopzQ,learn_relquest,0.0,"[0, 5]",13.0,1.06,0,0.0,454,fourth
Qa88nxk9771pebw9pfijimopzQ,learn_relquest,1.0,"[2, 6]",14.0,3.629,1,0.0,455,fourth
Qa88nxk9771pebw9pfijimopzQ,learn_relquest,1.0,"[6, 2]",15.0,1.348,0,1.0,456,fourth
Qa88nxk9771pebw9pfijimopzQ,learn_relquest,1.0,"[6, 7]",16.0,1.245,0,1.0,457,fourth
Qa88nxk9771pebw9pfijimopzQ,learn_relquest,0.0,"[5, 7]",17.0,1.172,0,0.0,458,fourth
Qa88nxk9771pebw9pfijimopzQ,learn_relquest,1.0,"[7, 0]",18.0,1.381,0,1.0,459,fourth
Qa88nxk9771pebw9pfijimopzQ,learn_relquest,0.0,"[4, 2]",19.0,1.196,1,1.0,460,fourth
Qa88nxk9771pebw9pfijimopzQ,learn_relquest,0.0,"[1, 5]",20.0,2.165,1,1.0,461,fourth
Qa88nxk9771pebw9pfijimopzQ,learn_relquest,0.0,"[4, 6]",21.0,1.86,0,0.0,462,fourth
Qa88nxk9771pebw9pfijimopzQ,learn_relquest,1.0,"[5, 6]",22.0,1.317,0,1.0,463,fourth
Qa88nxk9771pebw9pfijimopzQ,learn_relquest,0.0,"[5, 1]",23.0,0.013,0,0.0,464,fourth
Qa88nxk9771pebw9pfijimopzQ,learn_relquest,0.0,"[5, 0]",24.0,1.132,0,0.0,465,fourth
Qa88nxk9771pebw9pfijimopzQ,learn_relquest,1.0,"[5, 3]",25.0,3.1,0,1.0,466,fourth
Qa88nxk9771pebw9pfijimopzQ,learn_relquest,1.0,"[7, 1]",26.0,2.492,0,1.0,467,fourth
Qa88nxk9771pebw9pfijimopzQ,learn_relquest,0.0,"[0, 3]",27.0,1.516,1,1.0,468,fourth
Qa88nxk9771pebw9pfijimopzQ,learn_relquest,0.0,"[0, 6]",0.0,5.764,1,1.0,555,fifth
Qa88nxk9771pebw9pfijimopzQ,learn_relquest,0.0,"[1, 2]",1.0,5.58,1,1.0,556,fifth
Qa88nxk9771pebw9pfijimopzQ,learn_relquest,0.0,"[2, 0]",2.0,3.501,1,1.0,557,fifth
Qa88nxk9771pebw9pfijimopzQ,learn_relquest,1.0,"[5, 6]",3.0,1.076,0,1.0,558,fifth
Qa88nxk9771pebw9pfijimopzQ,learn_relquest,0.0,"[4, 0]",4.0,0.019,0,0.0,559,fifth
Qa88nxk9771pebw9pfijimopzQ,learn_relquest,1.0,"[2, 6]",5.0,3.109,0,1.0,560,fifth
Qa88nxk9771pebw9pfijimopzQ,learn_relquest,0.0,"[3, 6]",6.0,7.156,1,1.0,561,fifth
Qa88nxk9771pebw9pfijimopzQ,learn_relquest,1.0,"[6, 5]",7.0,0.908,0,1.0,562,fifth
Qa88nxk9771pebw9pfijimopzQ,learn_relquest,0.0,"[1, 6]",8.0,2.396,0,0.0,563,fifth
Qa88nxk9771pebw9pfijimopzQ,learn_relquest,1.0,"[7, 1]",9.0,0.908,0,1.0,564,fifth
Qa88nxk9771pebw9pfijimopzQ,learn_relquest,1.0,"[7, 0]",10.0,0.845,0,1.0,565,fifth
Qa88nxk9771pebw9pfijimopzQ,learn_relquest,0.0,"[2, 3]",11.0,1.628,1,1.0,566,fifth
Qa88nxk9771pebw9pfijimopzQ,learn_relquest,1.0,"[5, 3]",12.0,0.837,0,1.0,567,fifth
Qa88nxk9771pebw9pfijimopzQ,learn_relquest,0.0,"[6, 4]",13.0,0.827,0,0.0,568,fifth
Qa88nxk9771pebw9pfijimopzQ,learn_relquest,0.0,"[5, 1]",14.0,0.748,0,0.0,569,fifth
Qa88nxk9771pebw9pfijimopzQ,learn_relquest,1.0,"[1, 4]",15.0,1.588,1,0.0,570,fifth
Qa88nxk9771pebw9pfijimopzQ,learn_relquest,1.0,"[4, 1]",16.0,1.293,0,1.0,571,fifth
Qa88nxk9771pebw9pfijimopzQ,learn_relquest,1.0,"[0, 7]",17.0,0.724,0,1.0,572,fifth
Qa88nxk9771pebw9pfijimopzQ,learn_relquest,0.0,"[4, 2]",18.0,1.156,1,1.0,573,fifth
Qa88nxk9771pebw9pfijimopzQ,learn_relquest,0.0,"[4, 5]",19.0,0.013,1,1.0,574,fifth
Qa88nxk9771pebw9pfijimopzQ,learn_relquest,1.0,"[3, 5]",20.0,1.869,0,1.0,575,fifth
Qa88nxk9771pebw9pfijimopzQ,learn_relquest,1.0,"[1, 7]",21.0,3.011,0,1.0,576,fifth
Qa88nxk9771pebw9pfijimopzQ,learn_relquest,1.0,"[6, 2]",22.0,0.821,0,1.0,577,fifth
Qa88nxk9771pebw9pfijimopzQ,learn_relquest,1.0,"[7, 6]",23.0,0.772,0,1.0,578,fifth
Qa88nxk9771pebw9pfijimopzQ,learn_relquest,1.0,"[6, 7]",24.0,0.963,0,1.0,579,fifth
Qa88nxk9771pebw9pfijimopzQ,learn_relquest,0.0,"[0, 2]",25.0,2.268,1,1.0,580,fifth
Qa88nxk9771pebw9pfijimopzQ,learn_relquest,0.0,"[3, 7]",26.0,2.253,1,1.0,581,fifth
Qa88nxk9771pebw9pfijimopzQ,learn_relquest,0.0,"[5, 0]",27.0,1.549,0,0.0,582,fifth
Qg9r0mntzfhrtvgdcif4azpewQ,learn_relquest,1.0,"[6, 5]",0.0,15.338,0,1.0,99,first
Qg9r0mntzfhrtvgdcif4azpewQ,learn_relquest,0.0,"[0, 5]",1.0,3.158,1,1.0,100,first
Qg9r0mntzfhrtvgdcif4azpewQ,learn_relquest,0.0,"[5, 7]",2.0,5.026,0,0.0,101,first
Qg9r0mntzfhrtvgdcif4azpewQ,learn_relquest,0.0,"[1, 3]",3.0,1.86,0,0.0,102,first
Qg9r0mntzfhrtvgdcif4azpewQ,learn_relquest,0.0,"[1, 6]",4.0,4.379,0,0.0,103,first
Qg9r0mntzfhrtvgdcif4azpewQ,learn_relquest,0.0,"[2, 1]",5.0,4.613,1,1.0,104,first
Qg9r0mntzfhrtvgdcif4azpewQ,learn_relquest,1.0,"[0, 7]",6.0,1.507,0,1.0,105,first
Qg9r0mntzfhrtvgdcif4azpewQ,learn_relquest,0.0,"[3, 4]",7.0,1.677,0,0.0,106,first
Qg9r0mntzfhrtvgdcif4azpewQ,learn_relquest,1.0,"[6, 2]",8.0,1.747,1,0.0,107,first
Qg9r0mntzfhrtvgdcif4azpewQ,learn_relquest,0.0,"[4, 0]",9.0,1.432,0,0.0,108,first
Qg9r0mntzfhrtvgdcif4azpewQ,learn_relquest,1.0,"[3, 5]",10.0,1.671,0,1.0,109,first
Qg9r0mntzfhrtvgdcif4azpewQ,learn_relquest,1.0,"[6, 7]",11.0,1.585,0,1.0,110,first
Qg9r0mntzfhrtvgdcif4azpewQ,learn_relquest,0.0,"[0, 2]",12.0,2.227,1,1.0,111,first
Qg9r0mntzfhrtvgdcif4azpewQ,learn_relquest,0.0,"[6, 3]",13.0,2.118,0,0.0,112,first
Qg9r0mntzfhrtvgdcif4azpewQ,learn_relquest,1.0,"[7, 6]",14.0,1.514,0,1.0,113,first
Qg9r0mntzfhrtvgdcif4azpewQ,learn_relquest,1.0,"[2, 6]",15.0,1.356,1,0.0,114,first
Qg9r0mntzfhrtvgdcif4azpewQ,learn_relquest,0.0,"[7, 5]",16.0,1.176,0,0.0,115,first
Qg9r0mntzfhrtvgdcif4azpewQ,learn_relquest,1.0,"[1, 7]",17.0,1.852,0,1.0,116,first
Qg9r0mntzfhrtvgdcif4azpewQ,learn_relquest,0.0,"[5, 4]",18.0,1.871,0,0.0,117,first
Qg9r0mntzfhrtvgdcif4azpewQ,learn_relquest,1.0,"[7, 1]",19.0,2.03,0,1.0,118,first
Qg9r0mntzfhrtvgdcif4azpewQ,learn_relquest,1.0,"[4, 1]",20.0,1.205,0,1.0,119,first
Qg9r0mntzfhrtvgdcif4azpewQ,learn_relquest,1.0,"[5, 3]",21.0,1.013,0,1.0,120,first
Qg9r0mntzfhrtvgdcif4azpewQ,learn_relquest,0.0,"[4, 2]",22.0,1.603,1,1.0,121,first
Qg9r0mntzfhrtvgdcif4azpewQ,learn_relquest,1.0,"[1, 4]",23.0,0.956,0,1.0,122,first
Qg9r0mntzfhrtvgdcif4azpewQ,learn_relquest,0.0,"[3, 0]",24.0,6.023,1,1.0,123,first
Qg9r0mntzfhrtvgdcif4azpewQ,learn_relquest,1.0,"[7, 0]",25.0,1.231,1,0.0,124,first
Qg9r0mntzfhrtvgdcif4azpewQ,learn_relquest,0.0,"[3, 1]",26.0,4.73,0,0.0,125,first
Qg9r0mntzfhrtvgdcif4azpewQ,learn_relquest,1.0,"[5, 6]",27.0,0.815,0,1.0,126,first
Qg9r0mntzfhrtvgdcif4azpewQ,learn_relquest,1.0,"[2, 6]",0.0,7.554,0,1.0,213,second
Qg9r0mntzfhrtvgdcif4azpewQ,learn_relquest,0.0,"[3, 2]",1.0,3.16,0,0.0,214,second
Qg9r0mntzfhrtvgdcif4azpewQ,learn_relquest,1.0,"[1, 7]",2.0,1.755,0,1.0,215,second
Qg9r0mntzfhrtvgdcif4azpewQ,learn_relquest,1.0,"[5, 3]",3.0,2.276,0,1.0,216,second
Qg9r0mntzfhrtvgdcif4azpewQ,learn_relquest,1.0,"[5, 6]",4.0,1.766,0,1.0,217,second
Qg9r0mntzfhrtvgdcif4azpewQ,learn_relquest,0.0,"[0, 6]",5.0,1.584,0,0.0,218,second
Qg9r0mntzfhrtvgdcif4azpewQ,learn_relquest,1.0,"[6, 7]",6.0,1.107,0,1.0,219,second
Qg9r0mntzfhrtvgdcif4azpewQ,learn_relquest,0.0,"[3, 4]",7.0,1.478,0,0.0,220,second
Qg9r0mntzfhrtvgdcif4azpewQ,learn_relquest,0.0,"[4, 2]",8.0,2.448,0,0.0,221,second
Qg9r0mntzfhrtvgdcif4azpewQ,learn_relquest,1.0,"[1, 4]",9.0,1.547,0,1.0,222,second
Qg9r0mntzfhrtvgdcif4azpewQ,learn_relquest,1.0,"[0, 7]",10.0,1.556,0,1.0,223,second
Qg9r0mntzfhrtvgdcif4azpewQ,learn_relquest,0.0,"[0, 1]",11.0,0.976,0,0.0,224,second
Qg9r0mntzfhrtvgdcif4azpewQ,learn_relquest,0.0,"[6, 1]",12.0,1.239,0,0.0,225,second
Qg9r0mntzfhrtvgdcif4azpewQ,learn_relquest,0.0,"[6, 4]",13.0,1.698,0,0.0,226,second
Qg9r0mntzfhrtvgdcif4azpewQ,learn_relquest,1.0,"[7, 1]",14.0,1.001,0,1.0,227,second
Qg9r0mntzfhrtvgdcif4azpewQ,learn_relquest,0.0,"[0, 3]",15.0,1.08,0,0.0,228,second
Qg9r0mntzfhrtvgdcif4azpewQ,learn_relquest,0.0,"[3, 1]",16.0,0.926,0,0.0,229,second
Qg9r0mntzfhrtvgdcif4azpewQ,learn_relquest,0.0,"[6, 3]",17.0,0.729,0,0.0,230,second
Qg9r0mntzfhrtvgdcif4azpewQ,learn_relquest,1.0,"[3, 5]",18.0,0.662,0,1.0,231,second
Qg9r0mntzfhrtvgdcif4azpewQ,learn_relquest,1.0,"[6, 5]",19.0,0.671,0,1.0,232,second
Qg9r0mntzfhrtvgdcif4azpewQ,learn_relquest,0.0,"[7, 4]",20.0,0.449,0,0.0,233,second
Qg9r0mntzfhrtvgdcif4azpewQ,learn_relquest,0.0,"[2, 3]",21.0,0.548,0,0.0,234,second
Qg9r0mntzfhrtvgdcif4azpewQ,learn_relquest,1.0,"[6, 2]",22.0,0.6,0,1.0,235,second
Qg9r0mntzfhrtvgdcif4azpewQ,learn_relquest,0.0,"[4, 0]",23.0,0.819,0,0.0,236,second
Qg9r0mntzfhrtvgdcif4azpewQ,learn_relquest,0.0,"[5, 7]",24.0,1.164,0,0.0,237,second
Qg9r0mntzfhrtvgdcif4azpewQ,learn_relquest,1.0,"[4, 1]",25.0,0.739,0,1.0,238,second
Qg9r0mntzfhrtvgdcif4azpewQ,learn_relquest,1.0,"[7, 6]",26.0,0.748,0,1.0,239,second
Qg9r0mntzfhrtvgdcif4azpewQ,learn_relquest,1.0,"[7, 0]",27.0,0.671,0,1.0,240,second
Qg9r0mntzfhrtvgdcif4azpewQ,learn_relquest,0.0,"[1, 3]",0.0,3.578,0,0.0,327,third
Qg9r0mntzfhrtvgdcif4azpewQ,learn_relquest,0.0,"[0, 6]",1.0,2.933,0,0.0,328,third
Qg9r0mntzfhrtvgdcif4azpewQ,learn_relquest,0.0,"[2, 3]",2.0,0.614,0,0.0,329,third
Qg9r0mntzfhrtvgdcif4azpewQ,learn_relquest,1.0,"[7, 0]",3.0,0.197,0,1.0,330,third
Qg9r0mntzfhrtvgdcif4azpewQ,learn_relquest,0.0,"[2, 7]",4.0,0.079,0,0.0,331,third
Qg9r0mntzfhrtvgdcif4azpewQ,learn_relquest,1.0,"[5, 3]",5.0,0.244,0,1.0,332,third
Qg9r0mntzfhrtvgdcif4azpewQ,learn_relquest,1.0,"[1, 7]",6.0,0.215,0,1.0,333,third
Qg9r0mntzfhrtvgdcif4azpewQ,learn_relquest,0.0,"[5, 2]",7.0,0.395,0,0.0,334,third
Qg9r0mntzfhrtvgdcif4azpewQ,learn_relquest,0.0,"[5, 0]",8.0,0.094,0,0.0,335,third
Qg9r0mntzfhrtvgdcif4azpewQ,learn_relquest,1.0,"[6, 7]",9.0,0.121,0,1.0,336,third
Qg9r0mntzfhrtvgdcif4azpewQ,learn_relquest,0.0,"[5, 4]",10.0,0.128,0,0.0,337,third
Qg9r0mntzfhrtvgdcif4azpewQ,learn_relquest,0.0,"[3, 0]",11.0,0.146,0,0.0,338,third
Qg9r0mntzfhrtvgdcif4azpewQ,learn_relquest,1.0,"[0, 7]",12.0,0.133,0,1.0,339,third
Qg9r0mntzfhrtvgdcif4azpewQ,learn_relquest,0.0,"[4, 7]",13.0,0.157,0,0.0,340,third
Qg9r0mntzfhrtvgdcif4azpewQ,learn_relquest,0.0,"[0, 1]",14.0,0.133,0,0.0,341,third
Qg9r0mntzfhrtvgdcif4azpewQ,learn_relquest,0.0,"[7, 4]",15.0,0.168,0,0.0,342,third
Qg9r0mntzfhrtvgdcif4azpewQ,learn_relquest,1.0,"[7, 1]",16.0,0.186,0,1.0,343,third
Qg9r0mntzfhrtvgdcif4azpewQ,learn_relquest,0.0,"[1, 2]",17.0,0.187,0,0.0,344,third
Qg9r0mntzfhrtvgdcif4azpewQ,learn_relquest,0.0,"[2, 0]",18.0,0.178,0,0.0,345,third
Qg9r0mntzfhrtvgdcif4azpewQ,learn_relquest,1.0,"[6, 5]",19.0,0.119,0,1.0,346,third
Qg9r0mntzfhrtvgdcif4azpewQ,learn_relquest,1.0,"[7, 6]",20.0,0.119,0,1.0,347,third
Qg9r0mntzfhrtvgdcif4azpewQ,learn_relquest,1.0,"[6, 2]",21.0,0.176,0,1.0,348,third
Qg9r0mntzfhrtvgdcif4azpewQ,learn_relquest,1.0,"[5, 6]",22.0,0.137,0,1.0,349,third
Qg9r0mntzfhrtvgdcif4azpewQ,learn_relquest,1.0,"[1, 4]",23.0,0.14,0,1.0,350,third
Qg9r0mntzfhrtvgdcif4azpewQ,learn_relquest,1.0,"[4, 1]",24.0,0.234,0,1.0,351,third
Qg9r0mntzfhrtvgdcif4azpewQ,learn_relquest,1.0,"[3, 5]",25.0,0.313,0,1.0,352,third
Qg9r0mntzfhrtvgdcif4azpewQ,learn_relquest,1.0,"[2, 6]",26.0,0.107,0,1.0,353,third
Qg9r0mntzfhrtvgdcif4azpewQ,learn_relquest,0.0,"[3, 6]",27.0,0.224,0,0.0,354,third
Qg9r0mntzfhrtvgdcif4azpewQ,learn_relquest,0.0,"[7, 3]",0.0,2.685,0,0.0,441,fourth
Qg9r0mntzfhrtvgdcif4azpewQ,learn_relquest,1.0,"[0, 7]",1.0,0.08,0,1.0,442,fourth
Qg9r0mntzfhrtvgdcif4azpewQ,learn_relquest,0.0,"[0, 4]",2.0,0.14,0,0.0,443,fourth
Qg9r0mntzfhrtvgdcif4azpewQ,learn_relquest,0.0,"[1, 0]",3.0,0.129,0,0.0,444,fourth
Qg9r0mntzfhrtvgdcif4azpewQ,learn_relquest,0.0,"[0, 6]",4.0,0.149,0,0.0,445,fourth
Qg9r0mntzfhrtvgdcif4azpewQ,learn_relquest,1.0,"[6, 7]",5.0,0.139,0,1.0,446,fourth
Qg9r0mntzfhrtvgdcif4azpewQ,learn_relquest,1.0,"[7, 1]",6.0,0.139,0,1.0,447,fourth
Qg9r0mntzfhrtvgdcif4azpewQ,learn_relquest,1.0,"[1, 4]",7.0,0.217,0,1.0,448,fourth
Qg9r0mntzfhrtvgdcif4azpewQ,learn_relquest,0.0,"[1, 6]",8.0,0.51,0,0.0,449,fourth
Qg9r0mntzfhrtvgdcif4azpewQ,learn_relquest,1.0,"[5, 3]",9.0,0.091,0,1.0,450,fourth
Qg9r0mntzfhrtvgdcif4azpewQ,learn_relquest,0.0,"[4, 3]",10.0,0.159,0,0.0,451,fourth
Qg9r0mntzfhrtvgdcif4azpewQ,learn_relquest,1.0,"[2, 6]",11.0,0.16,0,1.0,452,fourth
Qg9r0mntzfhrtvgdcif4azpewQ,learn_relquest,1.0,"[5, 6]",12.0,0.157,0,1.0,453,fourth
Qg9r0mntzfhrtvgdcif4azpewQ,learn_relquest,1.0,"[6, 5]",13.0,0.263,0,1.0,454,fourth
Qg9r0mntzfhrtvgdcif4azpewQ,learn_relquest,1.0,"[7, 6]",14.0,0.407,0,1.0,455,fourth
Qg9r0mntzfhrtvgdcif4azpewQ,learn_relquest,0.0,"[3, 2]",15.0,0.135,0,0.0,456,fourth
Qg9r0mntzfhrtvgdcif4azpewQ,learn_relquest,1.0,"[6, 2]",16.0,0.2,0,1.0,457,fourth
Qg9r0mntzfhrtvgdcif4azpewQ,learn_relquest,1.0,"[1, 7]",17.0,0.944,0,1.0,458,fourth
Qg9r0mntzfhrtvgdcif4azpewQ,learn_relquest,1.0,"[4, 1]",18.0,1.135,0,1.0,459,fourth
Qg9r0mntzfhrtvgdcif4azpewQ,learn_relquest,0.0,"[4, 6]",19.0,0.69,0,0.0,460,fourth
Qg9r0mntzfhrtvgdcif4azpewQ,learn_relquest,0.0,"[0, 2]",20.0,0.538,0,0.0,461,fourth
Qg9r0mntzfhrtvgdcif4azpewQ,learn_relquest,0.0,"[5, 1]",21.0,0.634,0,0.0,462,fourth
Qg9r0mntzfhrtvgdcif4azpewQ,learn_relquest,0.0,"[4, 0]",22.0,0.747,0,0.0,463,fourth
Qg9r0mntzfhrtvgdcif4azpewQ,learn_relquest,0.0,"[2, 0]",23.0,0.103,0,0.0,464,fourth
Qg9r0mntzfhrtvgdcif4azpewQ,learn_relquest,1.0,"[3, 5]",24.0,0.129,0,1.0,465,fourth
Qg9r0mntzfhrtvgdcif4azpewQ,learn_relquest,1.0,"[7, 0]",25.0,0.139,0,1.0,466,fourth
Qg9r0mntzfhrtvgdcif4azpewQ,learn_relquest,0.0,"[5, 7]",26.0,0.187,0,0.0,467,fourth
Qg9r0mntzfhrtvgdcif4azpewQ,learn_relquest,0.0,"[2, 4]",27.0,0.138,0,0.0,468,fourth
Qg9r0mntzfhrtvgdcif4azpewQ,learn_relquest,1.0,"[5, 6]",0.0,1.563,0,1.0,555,fifth
Qg9r0mntzfhrtvgdcif4azpewQ,learn_relquest,0.0,"[0, 4]",1.0,0.584,0,0.0,556,fifth
Qg9r0mntzfhrtvgdcif4azpewQ,learn_relquest,0.0,"[5, 0]",2.0,0.622,0,0.0,557,fifth
Qg9r0mntzfhrtvgdcif4azpewQ,learn_relquest,1.0,"[2, 6]",3.0,0.507,0,1.0,558,fifth
Qg9r0mntzfhrtvgdcif4azpewQ,learn_relquest,1.0,"[7, 1]",4.0,0.178,0,1.0,559,fifth
Qg9r0mntzfhrtvgdcif4azpewQ,learn_relquest,1.0,"[6, 2]",5.0,3.855,0,1.0,560,fifth
Qg9r0mntzfhrtvgdcif4azpewQ,learn_relquest,0.0,"[4, 5]",6.0,0.52,0,0.0,561,fifth
Qg9r0mntzfhrtvgdcif4azpewQ,learn_relquest,1.0,"[7, 6]",7.0,0.102,0,1.0,562,fifth
Qg9r0mntzfhrtvgdcif4azpewQ,learn_relquest,0.0,"[4, 3]",8.0,0.129,0,0.0,563,fifth
Qg9r0mntzfhrtvgdcif4azpewQ,learn_relquest,0.0,"[3, 1]",9.0,0.129,0,0.0,564,fifth
Qg9r0mntzfhrtvgdcif4azpewQ,learn_relquest,1.0,"[5, 3]",10.0,0.119,0,1.0,565,fifth
Qg9r0mntzfhrtvgdcif4azpewQ,learn_relquest,1.0,"[1, 7]",11.0,0.12,0,1.0,566,fifth
Qg9r0mntzfhrtvgdcif4azpewQ,learn_relquest,0.0,"[0, 3]",12.0,0.12,0,0.0,567,fifth
Qg9r0mntzfhrtvgdcif4azpewQ,learn_relquest,0.0,"[0, 6]",13.0,0.131,0,0.0,568,fifth
Qg9r0mntzfhrtvgdcif4azpewQ,learn_relquest,0.0,"[2, 3]",14.0,0.13,0,0.0,569,fifth
Qg9r0mntzfhrtvgdcif4azpewQ,learn_relquest,1.0,"[3, 5]",15.0,0.139,0,1.0,570,fifth
Qg9r0mntzfhrtvgdcif4azpewQ,learn_relquest,0.0,"[7, 3]",16.0,0.129,0,0.0,571,fifth
Qg9r0mntzfhrtvgdcif4azpewQ,learn_relquest,1.0,"[4, 1]",17.0,0.139,0,1.0,572,fifth
Qg9r0mntzfhrtvgdcif4azpewQ,learn_relquest,0.0,"[0, 5]",18.0,0.137,0,0.0,573,fifth
Qg9r0mntzfhrtvgdcif4azpewQ,learn_relquest,1.0,"[7, 0]",19.0,0.138,0,1.0,574,fifth
Qg9r0mntzfhrtvgdcif4azpewQ,learn_relquest,1.0,"[6, 5]",20.0,0.161,0,1.0,575,fifth
Qg9r0mntzfhrtvgdcif4azpewQ,learn_relquest,0.0,"[3, 6]",21.0,0.149,0,0.0,576,fifth
Qg9r0mntzfhrtvgdcif4azpewQ,learn_relquest,0.0,"[5, 1]",22.0,0.18,0,0.0,577,fifth
Qg9r0mntzfhrtvgdcif4azpewQ,learn_relquest,1.0,"[1, 4]",23.0,0.14,0,1.0,578,fifth
Qg9r0mntzfhrtvgdcif4azpewQ,learn_relquest,1.0,"[6, 7]",24.0,0.161,0,1.0,579,fifth
Qg9r0mntzfhrtvgdcif4azpewQ,learn_relquest,0.0,"[5, 2]",25.0,0.176,0,0.0,580,fifth
Qg9r0mntzfhrtvgdcif4azpewQ,learn_relquest,1.0,"[0, 7]",26.0,0.14,0,1.0,581,fifth
Qg9r0mntzfhrtvgdcif4azpewQ,learn_relquest,0.0,"[1, 3]",27.0,0.243,0,0.0,582,fifth
Qjk60ibtfo1hx3x0b24in3oixQ,learn_relquest,1.0,"[2, 6]",0.0,4.228,0,1.0,99,first
Qjk60ibtfo1hx3x0b24in3oixQ,learn_relquest,1.0,"[5, 6]",1.0,1.829,0,1.0,100,first
Qjk60ibtfo1hx3x0b24in3oixQ,learn_relquest,0.0,"[6, 3]",2.0,1.269,0,0.0,101,first
Qjk60ibtfo1hx3x0b24in3oixQ,learn_relquest,0.0,"[2, 1]",3.0,1.301,0,0.0,102,first
Qjk60ibtfo1hx3x0b24in3oixQ,learn_relquest,1.0,"[7, 6]",4.0,0.813,0,1.0,103,first
Qjk60ibtfo1hx3x0b24in3oixQ,learn_relquest,1.0,"[3, 5]",5.0,0.885,0,1.0,104,first
Qjk60ibtfo1hx3x0b24in3oixQ,learn_relquest,0.0,"[2, 4]",6.0,0.885,1,1.0,105,first
Qjk60ibtfo1hx3x0b24in3oixQ,learn_relquest,0.0,"[5, 7]",7.0,0.757,0,0.0,106,first
Qjk60ibtfo1hx3x0b24in3oixQ,learn_relquest,1.0,"[1, 7]",8.0,0.885,0,1.0,107,first
Qjk60ibtfo1hx3x0b24in3oixQ,learn_relquest,1.0,"[6, 5]",9.0,0.733,0,1.0,108,first
Qjk60ibtfo1hx3x0b24in3oixQ,learn_relquest,0.0,"[3, 7]",10.0,0.565,0,0.0,109,first
Qjk60ibtfo1hx3x0b24in3oixQ,learn_relquest,1.0,"[6, 2]",11.0,0.413,0,1.0,110,first
Qjk60ibtfo1hx3x0b24in3oixQ,learn_relquest,0.0,"[5, 1]",12.0,2.245,0,0.0,111,first
Qjk60ibtfo1hx3x0b24in3oixQ,learn_relquest,1.0,"[4, 1]",13.0,1.717,0,1.0,112,first
Qjk60ibtfo1hx3x0b24in3oixQ,learn_relquest,1.0,"[7, 1]",14.0,2.325,0,1.0,113,first
Qjk60ibtfo1hx3x0b24in3oixQ,learn_relquest,0.0,"[2, 7]",15.0,0.517,0,0.0,114,first
Qjk60ibtfo1hx3x0b24in3oixQ,learn_relquest,0.0,"[1, 5]",16.0,0.557,0,0.0,115,first
Qjk60ibtfo1hx3x0b24in3oixQ,learn_relquest,0.0,"[0, 4]",17.0,0.557,0,0.0,116,first
Qjk60ibtfo1hx3x0b24in3oixQ,learn_relquest,1.0,"[5, 3]",18.0,0.718,1,0.0,117,first
Qjk60ibtfo1hx3x0b24in3oixQ,learn_relquest,1.0,"[0, 7]",19.0,0.549,0,1.0,118,first
Qjk60ibtfo1hx3x0b24in3oixQ,learn_relquest,0.0,"[3, 0]",20.0,0.349,0,0.0,119,first
Qjk60ibtfo1hx3x0b24in3oixQ,learn_relquest,0.0,"[4, 6]",21.0,0.309,0,0.0,120,first
Qjk60ibtfo1hx3x0b24in3oixQ,learn_relquest,1.0,"[7, 0]",22.0,0.493,0,1.0,121,first
Qjk60ibtfo1hx3x0b24in3oixQ,learn_relquest,0.0,"[3, 1]",23.0,0.341,0,0.0,122,first
Qjk60ibtfo1hx3x0b24in3oixQ,learn_relquest,1.0,"[6, 7]",24.0,0.237,0,1.0,123,first
Qjk60ibtfo1hx3x0b24in3oixQ,learn_relquest,1.0,"[1, 4]",25.0,0.221,0,1.0,124,first
Qjk60ibtfo1hx3x0b24in3oixQ,learn_relquest,0.0,"[4, 2]",26.0,0.213,0,0.0,125,first
Qjk60ibtfo1hx3x0b24in3oixQ,learn_relquest,0.0,"[0, 3]",27.0,0.213,0,0.0,126,first
Qjk60ibtfo1hx3x0b24in3oixQ,learn_relquest,0.0,"[0, 4]",0.0,1.9,1,1.0,213,second
Qjk60ibtfo1hx3x0b24in3oixQ,learn_relquest,0.0,"[4, 7]",1.0,0.821,0,0.0,214,second
Qjk60ibtfo1hx3x0b24in3oixQ,learn_relquest,1.0,"[7, 6]",2.0,0.525,0,1.0,215,second
Qjk60ibtfo1hx3x0b24in3oixQ,learn_relquest,0.0,"[2, 0]",3.0,0.565,0,0.0,216,second
Qjk60ibtfo1hx3x0b24in3oixQ,learn_relquest,0.0,"[5, 7]",4.0,0.821,0,0.0,217,second
Qjk60ibtfo1hx3x0b24in3oixQ,learn_relquest,1.0,"[7, 0]",5.0,0.493,0,1.0,218,second
Qjk60ibtfo1hx3x0b24in3oixQ,learn_relquest,1.0,"[5, 3]",6.0,0.293,0,1.0,219,second
Qjk60ibtfo1hx3x0b24in3oixQ,learn_relquest,0.0,"[7, 4]",7.0,0.269,0,0.0,220,second
Qjk60ibtfo1hx3x0b24in3oixQ,learn_relquest,1.0,"[0, 7]",8.0,0.277,0,1.0,221,second
Qjk60ibtfo1hx3x0b24in3oixQ,learn_relquest,0.0,"[0, 6]",9.0,0.293,0,0.0,222,second
Qjk60ibtfo1hx3x0b24in3oixQ,learn_relquest,1.0,"[6, 5]",10.0,0.325,0,1.0,223,second
Qjk60ibtfo1hx3x0b24in3oixQ,learn_relquest,1.0,"[7, 1]",11.0,0.301,0,1.0,224,second
Qjk60ibtfo1hx3x0b24in3oixQ,learn_relquest,0.0,"[0, 2]",12.0,0.325,0,0.0,225,second
Qjk60ibtfo1hx3x0b24in3oixQ,learn_relquest,0.0,"[2, 1]",13.0,0.277,0,0.0,226,second
Qjk60ibtfo1hx3x0b24in3oixQ,learn_relquest,1.0,"[4, 1]",14.0,0.261,0,1.0,227,second
Qjk60ibtfo1hx3x0b24in3oixQ,learn_relquest,0.0,"[6, 3]",15.0,0.309,0,0.0,228,second
Qjk60ibtfo1hx3x0b24in3oixQ,learn_relquest,0.0,"[2, 4]",16.0,0.333,0,0.0,229,second
Qjk60ibtfo1hx3x0b24in3oixQ,learn_relquest,0.0,"[3, 1]",17.0,0.317,0,0.0,230,second
Qjk60ibtfo1hx3x0b24in3oixQ,learn_relquest,1.0,"[6, 2]",18.0,0.269,0,1.0,231,second
Qjk60ibtfo1hx3x0b24in3oixQ,learn_relquest,0.0,"[4, 0]",19.0,0.277,0,0.0,232,second
Qjk60ibtfo1hx3x0b24in3oixQ,learn_relquest,1.0,"[2, 6]",20.0,0.277,0,1.0,233,second
Qjk60ibtfo1hx3x0b24in3oixQ,learn_relquest,0.0,"[3, 6]",21.0,0.261,0,0.0,234,second
Qjk60ibtfo1hx3x0b24in3oixQ,learn_relquest,1.0,"[5, 6]",22.0,0.245,0,1.0,235,second
Qjk60ibtfo1hx3x0b24in3oixQ,learn_relquest,1.0,"[1, 7]",23.0,0.253,0,1.0,236,second
Qjk60ibtfo1hx3x0b24in3oixQ,learn_relquest,1.0,"[6, 7]",24.0,0.269,0,1.0,237,second
Qjk60ibtfo1hx3x0b24in3oixQ,learn_relquest,0.0,"[5, 1]",25.0,0.269,0,0.0,238,second
Qjk60ibtfo1hx3x0b24in3oixQ,learn_relquest,1.0,"[1, 4]",26.0,0.245,0,1.0,239,second
Qjk60ibtfo1hx3x0b24in3oixQ,learn_relquest,1.0,"[3, 5]",27.0,0.229,0,1.0,240,second
Qjk60ibtfo1hx3x0b24in3oixQ,learn_relquest,0.0,"[7, 2]",0.0,1.221,0,0.0,327,third
Qjk60ibtfo1hx3x0b24in3oixQ,learn_relquest,0.0,"[3, 6]",1.0,0.805,0,0.0,328,third
Qjk60ibtfo1hx3x0b24in3oixQ,learn_relquest,0.0,"[7, 5]",2.0,0.517,1,1.0,329,third
Qjk60ibtfo1hx3x0b24in3oixQ,learn_relquest,1.0,"[7, 1]",3.0,0.909,0,1.0,330,third
Qjk60ibtfo1hx3x0b24in3oixQ,learn_relquest,1.0,"[6, 2]",4.0,0.541,1,0.0,331,third
Qjk60ibtfo1hx3x0b24in3oixQ,learn_relquest,1.0,"[0, 7]",5.0,0.429,0,1.0,332,third
Qjk60ibtfo1hx3x0b24in3oixQ,learn_relquest,0.0,"[5, 4]",6.0,0.317,0,0.0,333,third
Qjk60ibtfo1hx3x0b24in3oixQ,learn_relquest,1.0,"[3, 5]",7.0,0.237,0,1.0,334,third
Qjk60ibtfo1hx3x0b24in3oixQ,learn_relquest,1.0,"[7, 6]",8.0,0.229,0,1.0,335,third
Qjk60ibtfo1hx3x0b24in3oixQ,learn_relquest,0.0,"[3, 1]",9.0,0.277,0,0.0,336,third
Qjk60ibtfo1hx3x0b24in3oixQ,learn_relquest,1.0,"[2, 6]",10.0,0.253,0,1.0,337,third
Qjk60ibtfo1hx3x0b24in3oixQ,learn_relquest,1.0,"[4, 1]",11.0,0.237,0,1.0,338,third
Qjk60ibtfo1hx3x0b24in3oixQ,learn_relquest,0.0,"[2, 3]",12.0,0.397,0,0.0,339,third
Qjk60ibtfo1hx3x0b24in3oixQ,learn_relquest,1.0,"[5, 3]",13.0,0.253,0,1.0,340,third
Qjk60ibtfo1hx3x0b24in3oixQ,learn_relquest,1.0,"[5, 6]",14.0,0.293,0,1.0,341,third
Qjk60ibtfo1hx3x0b24in3oixQ,learn_relquest,1.0,"[7, 0]",15.0,0.301,0,1.0,342,third
Qjk60ibtfo1hx3x0b24in3oixQ,learn_relquest,0.0,"[3, 4]",16.0,0.669,1,1.0,343,third
Qjk60ibtfo1hx3x0b24in3oixQ,learn_relquest,0.0,"[0, 6]",17.0,0.509,0,0.0,344,third
Qjk60ibtfo1hx3x0b24in3oixQ,learn_relquest,0.0,"[4, 2]",18.0,0.453,0,0.0,345,third
Qjk60ibtfo1hx3x0b24in3oixQ,learn_relquest,0.0,"[0, 2]",19.0,0.405,0,0.0,346,third
Qjk60ibtfo1hx3x0b24in3oixQ,learn_relquest,1.0,"[6, 5]",20.0,0.437,0,1.0,347,third
Qjk60ibtfo1hx3x0b24in3oixQ,learn_relquest,1.0,"[6, 7]",21.0,0.533,0,1.0,348,third
Qjk60ibtfo1hx3x0b24in3oixQ,learn_relquest,0.0,"[7, 3]",22.0,0.469,0,0.0,349,third
Qjk60ibtfo1hx3x0b24in3oixQ,learn_relquest,1.0,"[1, 7]",23.0,0.253,0,1.0,350,third
Qjk60ibtfo1hx3x0b24in3oixQ,learn_relquest,0.0,"[4, 7]",24.0,0.237,0,0.0,351,third
Qjk60ibtfo1hx3x0b24in3oixQ,learn_relquest,0.0,"[7, 4]",25.0,0.221,0,0.0,352,third
Qjk60ibtfo1hx3x0b24in3oixQ,learn_relquest,0.0,"[6, 1]",26.0,0.221,0,0.0,353,third
Qjk60ibtfo1hx3x0b24in3oixQ,learn_relquest,1.0,"[1, 4]",27.0,0.229,0,1.0,354,third
Qjk60ibtfo1hx3x0b24in3oixQ,learn_relquest,1.0,"[3, 5]",0.0,0.893,0,1.0,441,fourth
Qjk60ibtfo1hx3x0b24in3oixQ,learn_relquest,0.0,"[2, 3]",1.0,0.653,0,0.0,442,fourth
Qjk60ibtfo1hx3x0b24in3oixQ,learn_relquest,0.0,"[0, 6]",2.0,0.525,0,0.0,443,fourth
Qjk60ibtfo1hx3x0b24in3oixQ,learn_relquest,1.0,"[6, 7]",3.0,0.333,0,1.0,444,fourth
Qjk60ibtfo1hx3x0b24in3oixQ,learn_relquest,1.0,"[0, 7]",4.0,0.262,0,1.0,445,fourth
Qjk60ibtfo1hx3x0b24in3oixQ,learn_relquest,1.0,"[1, 7]",5.0,0.469,1,0.0,446,fourth
Qjk60ibtfo1hx3x0b24in3oixQ,learn_relquest,0.0,"[0, 3]",6.0,0.429,1,1.0,447,fourth
Qjk60ibtfo1hx3x0b24in3oixQ,learn_relquest,1.0,"[6, 2]",7.0,0.485,0,1.0,448,fourth
Qjk60ibtfo1hx3x0b24in3oixQ,learn_relquest,0.0,"[6, 0]",8.0,0.525,1,1.0,449,fourth
Qjk60ibtfo1hx3x0b24in3oixQ,learn_relquest,1.0,"[7, 1]",9.0,0.557,0,1.0,450,fourth
Qjk60ibtfo1hx3x0b24in3oixQ,learn_relquest,1.0,"[1, 4]",10.0,0.349,0,1.0,451,fourth
Qjk60ibtfo1hx3x0b24in3oixQ,learn_relquest,0.0,"[5, 2]",11.0,0.341,0,0.0,452,fourth
Qjk60ibtfo1hx3x0b24in3oixQ,learn_relquest,0.0,"[6, 4]",12.0,0.285,0,0.0,453,fourth
Qjk60ibtfo1hx3x0b24in3oixQ,learn_relquest,1.0,"[4, 1]",13.0,0.236,0,1.0,454,fourth
Qjk60ibtfo1hx3x0b24in3oixQ,learn_relquest,1.0,"[5, 6]",14.0,0.253,0,1.0,455,fourth
Qjk60ibtfo1hx3x0b24in3oixQ,learn_relquest,1.0,"[5, 3]",15.0,0.245,0,1.0,456,fourth
Qjk60ibtfo1hx3x0b24in3oixQ,learn_relquest,0.0,"[5, 1]",16.0,0.253,0,0.0,457,fourth
Qjk60ibtfo1hx3x0b24in3oixQ,learn_relquest,0.0,"[5, 4]",17.0,0.253,0,0.0,458,fourth
Qjk60ibtfo1hx3x0b24in3oixQ,learn_relquest,0.0,"[2, 4]",18.0,0.245,0,0.0,459,fourth
Qjk60ibtfo1hx3x0b24in3oixQ,learn_relquest,0.0,"[0, 4]",19.0,0.229,0,0.0,460,fourth
Qjk60ibtfo1hx3x0b24in3oixQ,learn_relquest,0.0,"[4, 7]",20.0,0.221,0,0.0,461,fourth
Qjk60ibtfo1hx3x0b24in3oixQ,learn_relquest,1.0,"[7, 0]",21.0,0.229,0,1.0,462,fourth
Qjk60ibtfo1hx3x0b24in3oixQ,learn_relquest,0.0,"[3, 1]",22.0,0.237,0,0.0,463,fourth
Qjk60ibtfo1hx3x0b24in3oixQ,learn_relquest,1.0,"[7, 6]",23.0,0.461,0,1.0,464,fourth
Qjk60ibtfo1hx3x0b24in3oixQ,learn_relquest,1.0,"[6, 5]",24.0,0.629,0,1.0,465,fourth
Qjk60ibtfo1hx3x0b24in3oixQ,learn_relquest,1.0,"[2, 6]",25.0,0.221,0,1.0,466,fourth
Qjk60ibtfo1hx3x0b24in3oixQ,learn_relquest,0.0,"[1, 5]",27.0,0.221,0,0.0,468,fourth
Qjk60ibtfo1hx3x0b24in3oixQ,learn_relquest,0.0,"[2, 1]",26.0,0.205,0,0.0,467,fourth
Qjk60ibtfo1hx3x0b24in3oixQ,learn_relquest,0.0,"[5, 0]",0.0,0.981,0,0.0,555,fifth
Qjk60ibtfo1hx3x0b24in3oixQ,learn_relquest,0.0,"[7, 2]",1.0,0.773,0,0.0,556,fifth
Qjk60ibtfo1hx3x0b24in3oixQ,learn_relquest,0.0,"[7, 3]",2.0,0.245,0,0.0,557,fifth
Qjk60ibtfo1hx3x0b24in3oixQ,learn_relquest,0.0,"[3, 0]",3.0,0.245,0,0.0,558,fifth
Qjk60ibtfo1hx3x0b24in3oixQ,learn_relquest,1.0,"[0, 7]",4.0,0.237,0,1.0,559,fifth
Qjk60ibtfo1hx3x0b24in3oixQ,learn_relquest,1.0,"[1, 4]",5.0,0.214,0,1.0,560,fifth
Qjk60ibtfo1hx3x0b24in3oixQ,learn_relquest,0.0,"[1, 3]",6.0,0.244,0,0.0,561,fifth
Qjk60ibtfo1hx3x0b24in3oixQ,learn_relquest,1.0,"[1, 7]",7.0,0.229,0,1.0,562,fifth
Qjk60ibtfo1hx3x0b24in3oixQ,learn_relquest,0.0,"[4, 7]",8.0,0.237,0,0.0,563,fifth
Qjk60ibtfo1hx3x0b24in3oixQ,learn_relquest,0.0,"[3, 1]",9.0,0.221,0,0.0,564,fifth
Qjk60ibtfo1hx3x0b24in3oixQ,learn_relquest,1.0,"[7, 0]",10.0,0.229,0,1.0,565,fifth
Qjk60ibtfo1hx3x0b24in3oixQ,learn_relquest,1.0,"[4, 1]",11.0,0.229,0,1.0,566,fifth
Qjk60ibtfo1hx3x0b24in3oixQ,learn_relquest,1.0,"[3, 5]",12.0,0.237,0,1.0,567,fifth
Qjk60ibtfo1hx3x0b24in3oixQ,learn_relquest,1.0,"[5, 3]",13.0,0.237,0,1.0,568,fifth
Qjk60ibtfo1hx3x0b24in3oixQ,learn_relquest,0.0,"[4, 2]",14.0,0.237,0,0.0,569,fifth
Qjk60ibtfo1hx3x0b24in3oixQ,learn_relquest,1.0,"[7, 6]",15.0,0.269,0,1.0,570,fifth
Qjk60ibtfo1hx3x0b24in3oixQ,learn_relquest,0.0,"[2, 5]",16.0,0.461,0,0.0,571,fifth
Qjk60ibtfo1hx3x0b24in3oixQ,learn_relquest,1.0,"[6, 2]",17.0,0.237,0,1.0,572,fifth
Qjk60ibtfo1hx3x0b24in3oixQ,learn_relquest,0.0,"[7, 4]",18.0,0.253,0,0.0,573,fifth
Qjk60ibtfo1hx3x0b24in3oixQ,learn_relquest,1.0,"[2, 6]",19.0,0.213,0,1.0,574,fifth
Qjk60ibtfo1hx3x0b24in3oixQ,learn_relquest,0.0,"[6, 0]",20.0,0.246,0,0.0,575,fifth
Qjk60ibtfo1hx3x0b24in3oixQ,learn_relquest,0.0,"[2, 0]",21.0,0.261,0,0.0,576,fifth
Qjk60ibtfo1hx3x0b24in3oixQ,learn_relquest,1.0,"[6, 5]",22.0,0.245,0,1.0,577,fifth
Qjk60ibtfo1hx3x0b24in3oixQ,learn_relquest,1.0,"[7, 1]",23.0,0.229,0,1.0,578,fifth
Qjk60ibtfo1hx3x0b24in3oixQ,learn_relquest,1.0,"[5, 6]",24.0,0.309,0,1.0,579,fifth
Qjk60ibtfo1hx3x0b24in3oixQ,learn_relquest,1.0,"[6, 7]",25.0,0.301,0,1.0,580,fifth
Qjk60ibtfo1hx3x0b24in3oixQ,learn_relquest,0.0,"[0, 4]",26.0,0.277,0,0.0,581,fifth
Qjk60ibtfo1hx3x0b24in3oixQ,learn_relquest,0.0,"[6, 4]",27.0,0.765,0,0.0,582,fifth
Qv5vvseu9np9z8inlsxd261d3Q,learn_relquest,0.0,"[3, 0]",0.0,1.932,0,0.0,99,first
Qv5vvseu9np9z8inlsxd261d3Q,learn_relquest,0.0,"[4, 5]",1.0,13.536,1,1.0,100,first
Qv5vvseu9np9z8inlsxd261d3Q,learn_relquest,0.0,"[4, 3]",2.0,2.316,1,1.0,101,first
Qv5vvseu9np9z8inlsxd261d3Q,learn_relquest,0.0,"[4, 7]",3.0,1.91,1,1.0,102,first
Qv5vvseu9np9z8inlsxd261d3Q,learn_relquest,0.0,"[6, 1]",4.0,3.323,1,1.0,103,first
Qv5vvseu9np9z8inlsxd261d3Q,learn_relquest,0.0,"[4, 6]",5.0,1.669,1,1.0,104,first
Qv5vvseu9np9z8inlsxd261d3Q,learn_relquest,0.0,"[6, 0]",6.0,4.29,0,0.0,105,first
Qv5vvseu9np9z8inlsxd261d3Q,learn_relquest,1.0,"[6, 2]",7.0,1.506,0,1.0,106,first
Qv5vvseu9np9z8inlsxd261d3Q,learn_relquest,1.0,"[1, 4]",8.0,2.253,0,1.0,107,first
Qv5vvseu9np9z8inlsxd261d3Q,learn_relquest,0.0,"[4, 0]",9.0,2.495,0,0.0,108,first
Qv5vvseu9np9z8inlsxd261d3Q,learn_relquest,1.0,"[6, 7]",10.0,3.892,0,1.0,109,first
Qv5vvseu9np9z8inlsxd261d3Q,learn_relquest,0.0,"[7, 3]",11.0,2.644,0,0.0,110,first
Qv5vvseu9np9z8inlsxd261d3Q,learn_relquest,1.0,"[7, 6]",12.0,2.264,0,1.0,111,first
Qv5vvseu9np9z8inlsxd261d3Q,learn_relquest,0.0,"[5, 7]",13.0,2.139,1,1.0,112,first
Qv5vvseu9np9z8inlsxd261d3Q,learn_relquest,1.0,"[5, 3]",14.0,2.163,0,1.0,113,first
Qv5vvseu9np9z8inlsxd261d3Q,learn_relquest,0.0,"[5, 1]",15.0,3.342,1,1.0,114,first
Qv5vvseu9np9z8inlsxd261d3Q,learn_relquest,1.0,"[2, 6]",16.0,2.185,0,1.0,115,first
Qv5vvseu9np9z8inlsxd261d3Q,learn_relquest,0.0,"[7, 2]",17.0,1.239,1,1.0,116,first
Qv5vvseu9np9z8inlsxd261d3Q,learn_relquest,1.0,"[5, 6]",18.0,1.01,1,0.0,117,first
Qv5vvseu9np9z8inlsxd261d3Q,learn_relquest,1.0,"[7, 0]",19.0,1.533,0,1.0,118,first
Qv5vvseu9np9z8inlsxd261d3Q,learn_relquest,1.0,"[7, 1]",20.0,0.343,0,1.0,119,first
Qv5vvseu9np9z8inlsxd261d3Q,learn_relquest,1.0,"[3, 5]",21.0,0.945,0,1.0,120,first
Qv5vvseu9np9z8inlsxd261d3Q,learn_relquest,1.0,"[0, 7]",22.0,1.176,1,0.0,121,first
Qv5vvseu9np9z8inlsxd261d3Q,learn_relquest,0.0,"[2, 4]",23.0,0.918,1,1.0,122,first
Qv5vvseu9np9z8inlsxd261d3Q,learn_relquest,1.0,"[1, 7]",24.0,1.618,0,1.0,123,first
Qv5vvseu9np9z8inlsxd261d3Q,learn_relquest,1.0,"[4, 1]",25.0,0.784,0,1.0,124,first
Qv5vvseu9np9z8inlsxd261d3Q,learn_relquest,1.0,"[6, 5]",26.0,0.412,0,1.0,125,first
Qv5vvseu9np9z8inlsxd261d3Q,learn_relquest,0.0,"[3, 7]",27.0,1.487,1,1.0,126,first
Qv5vvseu9np9z8inlsxd261d3Q,learn_relquest,1.0,"[7, 0]",0.0,2.157,0,1.0,213,second
Qv5vvseu9np9z8inlsxd261d3Q,learn_relquest,0.0,"[2, 3]",1.0,2.318,0,0.0,214,second
Qv5vvseu9np9z8inlsxd261d3Q,learn_relquest,1.0,"[5, 3]",2.0,1.869,1,0.0,215,second
Qv5vvseu9np9z8inlsxd261d3Q,learn_relquest,1.0,"[1, 7]",3.0,1.896,0,1.0,216,second
Qv5vvseu9np9z8inlsxd261d3Q,learn_relquest,1.0,"[5, 6]",4.0,1.086,0,1.0,217,second
Qv5vvseu9np9z8inlsxd261d3Q,learn_relquest,1.0,"[7, 6]",5.0,1.392,0,1.0,218,second
Qv5vvseu9np9z8inlsxd261d3Q,learn_relquest,1.0,"[4, 1]",6.0,4.973,0,1.0,219,second
Qv5vvseu9np9z8inlsxd261d3Q,learn_relquest,0.0,"[7, 5]",7.0,0.989,1,1.0,220,second
Qv5vvseu9np9z8inlsxd261d3Q,learn_relquest,0.0,"[7, 4]",8.0,0.898,0,0.0,221,second
Qv5vvseu9np9z8inlsxd261d3Q,learn_relquest,1.0,"[7, 1]",9.0,1.081,1,0.0,222,second
Qv5vvseu9np9z8inlsxd261d3Q,learn_relquest,0.0,"[6, 3]",10.0,1.099,0,0.0,223,second
Qv5vvseu9np9z8inlsxd261d3Q,learn_relquest,1.0,"[6, 5]",11.0,1.905,0,1.0,224,second
Qv5vvseu9np9z8inlsxd261d3Q,learn_relquest,1.0,"[2, 6]",12.0,1.84,1,0.0,225,second
Qv5vvseu9np9z8inlsxd261d3Q,learn_relquest,0.0,"[4, 6]",13.0,1.062,0,0.0,226,second
Qv5vvseu9np9z8inlsxd261d3Q,learn_relquest,0.0,"[0, 2]",14.0,0.025,0,0.0,227,second
Qv5vvseu9np9z8inlsxd261d3Q,learn_relquest,1.0,"[6, 7]",15.0,0.629,0,1.0,228,second
Qv5vvseu9np9z8inlsxd261d3Q,learn_relquest,0.0,"[1, 2]",16.0,0.45,0,0.0,229,second
Qv5vvseu9np9z8inlsxd261d3Q,learn_relquest,0.0,"[0, 5]",17.0,0.406,0,0.0,230,second
Qv5vvseu9np9z8inlsxd261d3Q,learn_relquest,0.0,"[5, 0]",18.0,0.342,0,0.0,231,second
Qv5vvseu9np9z8inlsxd261d3Q,learn_relquest,1.0,"[1, 4]",19.0,0.272,0,1.0,232,second
Qv5vvseu9np9z8inlsxd261d3Q,learn_relquest,0.0,"[0, 1]",20.0,0.404,0,0.0,233,second
Qv5vvseu9np9z8inlsxd261d3Q,learn_relquest,0.0,"[4, 3]",21.0,0.01,0,0.0,234,second
Qv5vvseu9np9z8inlsxd261d3Q,learn_relquest,0.0,"[3, 2]",22.0,1.499,1,1.0,235,second
Qv5vvseu9np9z8inlsxd261d3Q,learn_relquest,1.0,"[3, 5]",23.0,1.382,0,1.0,236,second
Qv5vvseu9np9z8inlsxd261d3Q,learn_relquest,0.0,"[7, 3]",24.0,1.201,1,1.0,237,second
Qv5vvseu9np9z8inlsxd261d3Q,learn_relquest,0.0,"[4, 2]",25.0,0.013,1,1.0,238,second
Qv5vvseu9np9z8inlsxd261d3Q,learn_relquest,1.0,"[6, 2]",26.0,1.155,0,1.0,239,second
Qv5vvseu9np9z8inlsxd261d3Q,learn_relquest,1.0,"[0, 7]",27.0,0.967,1,0.0,240,second
Qv5vvseu9np9z8inlsxd261d3Q,learn_relquest,1.0,"[6, 5]",0.0,3.204,0,1.0,327,third
Qv5vvseu9np9z8inlsxd261d3Q,learn_relquest,0.0,"[0, 6]",1.0,1.021,1,1.0,328,third
Qv5vvseu9np9z8inlsxd261d3Q,learn_relquest,1.0,"[6, 2]",2.0,0.311,1,0.0,329,third
Qv5vvseu9np9z8inlsxd261d3Q,learn_relquest,0.0,"[2, 3]",3.0,1.771,0,0.0,330,third
Qv5vvseu9np9z8inlsxd261d3Q,learn_relquest,1.0,"[6, 7]",4.0,0.893,1,0.0,331,third
Qv5vvseu9np9z8inlsxd261d3Q,learn_relquest,1.0,"[7, 6]",5.0,0.779,0,1.0,332,third
Qv5vvseu9np9z8inlsxd261d3Q,learn_relquest,0.0,"[5, 4]",6.0,0.442,0,0.0,333,third
Qv5vvseu9np9z8inlsxd261d3Q,learn_relquest,1.0,"[2, 6]",7.0,0.804,1,0.0,334,third
Qv5vvseu9np9z8inlsxd261d3Q,learn_relquest,0.0,"[1, 0]",8.0,0.762,0,0.0,335,third
Qv5vvseu9np9z8inlsxd261d3Q,learn_relquest,1.0,"[1, 4]",9.0,1.168,0,1.0,336,third
Qv5vvseu9np9z8inlsxd261d3Q,learn_relquest,0.0,"[1, 2]",10.0,0.964,1,1.0,337,third
Qv5vvseu9np9z8inlsxd261d3Q,learn_relquest,0.0,"[3, 6]",11.0,0.761,1,1.0,338,third
Qv5vvseu9np9z8inlsxd261d3Q,learn_relquest,0.0,"[0, 5]",12.0,0.877,0,0.0,339,third
Qv5vvseu9np9z8inlsxd261d3Q,learn_relquest,0.0,"[6, 0]",13.0,0.436,0,0.0,340,third
Qv5vvseu9np9z8inlsxd261d3Q,learn_relquest,0.0,"[1, 6]",14.0,0.607,0,0.0,341,third
Qv5vvseu9np9z8inlsxd261d3Q,learn_relquest,0.0,"[7, 3]",15.0,0.989,1,1.0,342,third
Qv5vvseu9np9z8inlsxd261d3Q,learn_relquest,0.0,"[4, 2]",16.0,0.443,1,1.0,343,third
Qv5vvseu9np9z8inlsxd261d3Q,learn_relquest,1.0,"[1, 7]",19.0,0.433,0,1.0,346,third
Qv5vvseu9np9z8inlsxd261d3Q,learn_relquest,0.0,"[2, 0]",18.0,0.907,0,0.0,345,third
Qv5vvseu9np9z8inlsxd261d3Q,learn_relquest,1.0,"[0, 7]",20.0,0.558,0,1.0,347,third
Qv5vvseu9np9z8inlsxd261d3Q,learn_relquest,0.0,"[4, 5]",17.0,0.364,1,1.0,344,third
Qv5vvseu9np9z8inlsxd261d3Q,learn_relquest,1.0,"[7, 1]",21.0,1.087,1,0.0,348,third
Qv5vvseu9np9z8inlsxd261d3Q,learn_relquest,0.0,"[5, 1]",23.0,0.41,1,1.0,350,third
Qv5vvseu9np9z8inlsxd261d3Q,learn_relquest,1.0,"[5, 6]",22.0,0.664,1,0.0,349,third
Qv5vvseu9np9z8inlsxd261d3Q,learn_relquest,1.0,"[3, 5]",24.0,1.388,0,1.0,351,third
Qv5vvseu9np9z8inlsxd261d3Q,learn_relquest,1.0,"[4, 1]",25.0,0.52,0,1.0,352,third
Qv5vvseu9np9z8inlsxd261d3Q,learn_relquest,1.0,"[7, 0]",26.0,0.484,0,1.0,353,third
Qv5vvseu9np9z8inlsxd261d3Q,learn_relquest,1.0,"[5, 3]",27.0,0.444,0,1.0,354,third
Qv5vvseu9np9z8inlsxd261d3Q,learn_relquest,1.0,"[6, 7]",0.0,2.604,0,1.0,441,fourth
Qv5vvseu9np9z8inlsxd261d3Q,learn_relquest,0.0,"[7, 4]",1.0,0.9,0,0.0,442,fourth
Qv5vvseu9np9z8inlsxd261d3Q,learn_relquest,1.0,"[1, 7]",2.0,1.21,0,1.0,443,fourth
Qv5vvseu9np9z8inlsxd261d3Q,learn_relquest,1.0,"[3, 5]",3.0,0.789,0,1.0,444,fourth
Qv5vvseu9np9z8inlsxd261d3Q,learn_relquest,0.0,"[3, 6]",4.0,0.866,0,0.0,445,fourth
Qv5vvseu9np9z8inlsxd261d3Q,learn_relquest,0.0,"[3, 7]",5.0,0.009,0,0.0,446,fourth
Qv5vvseu9np9z8inlsxd261d3Q,learn_relquest,1.0,"[7, 6]",6.0,0.387,0,1.0,447,fourth
Qv5vvseu9np9z8inlsxd261d3Q,learn_relquest,1.0,"[1, 4]",7.0,0.011,0,1.0,448,fourth
Qv5vvseu9np9z8inlsxd261d3Q,learn_relquest,0.0,"[3, 0]",8.0,0.386,0,0.0,449,fourth
Qv5vvseu9np9z8inlsxd261d3Q,learn_relquest,1.0,"[2, 6]",9.0,0.02,0,1.0,450,fourth
Qv5vvseu9np9z8inlsxd261d3Q,learn_relquest,1.0,"[4, 1]",10.0,1.327,1,0.0,451,fourth
Qv5vvseu9np9z8inlsxd261d3Q,learn_relquest,0.0,"[3, 2]",11.0,1.217,0,0.0,452,fourth
Qv5vvseu9np9z8inlsxd261d3Q,learn_relquest,1.0,"[7, 1]",12.0,1.158,0,1.0,453,fourth
Qv5vvseu9np9z8inlsxd261d3Q,learn_relquest,1.0,"[0, 7]",13.0,2.304,0,1.0,454,fourth
Qv5vvseu9np9z8inlsxd261d3Q,learn_relquest,0.0,"[0, 1]",14.0,0.01,0,0.0,455,fourth
Qv5vvseu9np9z8inlsxd261d3Q,learn_relquest,0.0,"[2, 5]",16.0,0.01,0,0.0,457,fourth
Qv5vvseu9np9z8inlsxd261d3Q,learn_relquest,0.0,"[5, 7]",15.0,0.385,0,0.0,456,fourth
Qv5vvseu9np9z8inlsxd261d3Q,learn_relquest,0.0,"[7, 5]",17.0,0.377,0,0.0,458,fourth
Qv5vvseu9np9z8inlsxd261d3Q,learn_relquest,1.0,"[6, 2]",18.0,0.014,0,1.0,459,fourth
Qv5vvseu9np9z8inlsxd261d3Q,learn_relquest,1.0,"[5, 6]",20.0,0.017,0,1.0,461,fourth
Qv5vvseu9np9z8inlsxd261d3Q,learn_relquest,1.0,"[6, 5]",21.0,0.4,0,1.0,462,fourth
Qv5vvseu9np9z8inlsxd261d3Q,learn_relquest,1.0,"[7, 0]",22.0,0.011,0,1.0,463,fourth
Qv5vvseu9np9z8inlsxd261d3Q,learn_relquest,0.0,"[6, 1]",25.0,1.504,1,1.0,466,fourth
Qv5vvseu9np9z8inlsxd261d3Q,learn_relquest,0.0,"[1, 2]",24.0,0.011,0,0.0,465,fourth
Qv5vvseu9np9z8inlsxd261d3Q,learn_relquest,0.0,"[0, 3]",19.0,0.404,0,0.0,460,fourth
Qv5vvseu9np9z8inlsxd261d3Q,learn_relquest,0.0,"[4, 6]",23.0,0.427,0,0.0,464,fourth
Qv5vvseu9np9z8inlsxd261d3Q,learn_relquest,0.0,"[4, 3]",26.0,0.532,1,1.0,467,fourth
Qv5vvseu9np9z8inlsxd261d3Q,learn_relquest,1.0,"[5, 3]",27.0,0.018,1,0.0,468,fourth
Qv5vvseu9np9z8inlsxd261d3Q,learn_relquest,0.0,"[3, 0]",0.0,14.774,0,0.0,555,fifth
Qv5vvseu9np9z8inlsxd261d3Q,learn_relquest,0.0,"[5, 2]",1.0,3.435,0,0.0,556,fifth
Qv5vvseu9np9z8inlsxd261d3Q,learn_relquest,1.0,"[6, 2]",2.0,18.735,1,0.0,557,fifth
Qv5vvseu9np9z8inlsxd261d3Q,learn_relquest,1.0,"[7, 1]",3.0,2.318,0,1.0,558,fifth
Qv5vvseu9np9z8inlsxd261d3Q,learn_relquest,1.0,"[6, 7]",4.0,4.782,0,1.0,559,fifth
Qv5vvseu9np9z8inlsxd261d3Q,learn_relquest,0.0,"[5, 0]",5.0,1.428,0,0.0,560,fifth
Qv5vvseu9np9z8inlsxd261d3Q,learn_relquest,1.0,"[0, 7]",6.0,1.004,0,1.0,561,fifth
Qv5vvseu9np9z8inlsxd261d3Q,learn_relquest,1.0,"[1, 4]",7.0,2.044,0,1.0,562,fifth
Qv5vvseu9np9z8inlsxd261d3Q,learn_relquest,0.0,"[4, 5]",8.0,2.346,0,0.0,563,fifth
Qv5vvseu9np9z8inlsxd261d3Q,learn_relquest,0.0,"[3, 2]",9.0,2.783,0,0.0,564,fifth
Qv5vvseu9np9z8inlsxd261d3Q,learn_relquest,0.0,"[2, 3]",10.0,2.051,0,0.0,565,fifth
Qv5vvseu9np9z8inlsxd261d3Q,learn_relquest,0.0,"[7, 5]",11.0,0.585,0,0.0,566,fifth
Qv5vvseu9np9z8inlsxd261d3Q,learn_relquest,1.0,"[2, 6]",12.0,0.279,0,1.0,567,fifth
Qv5vvseu9np9z8inlsxd261d3Q,learn_relquest,1.0,"[3, 5]",13.0,1.542,1,0.0,568,fifth
Qv5vvseu9np9z8inlsxd261d3Q,learn_relquest,1.0,"[6, 5]",14.0,0.012,1,0.0,569,fifth
Qv5vvseu9np9z8inlsxd261d3Q,learn_relquest,1.0,"[7, 0]",15.0,0.496,1,0.0,570,fifth
Qv5vvseu9np9z8inlsxd261d3Q,learn_relquest,1.0,"[4, 1]",16.0,1.248,0,1.0,571,fifth
Qv5vvseu9np9z8inlsxd261d3Q,learn_relquest,0.0,"[7, 4]",17.0,0.023,0,0.0,572,fifth
Qv5vvseu9np9z8inlsxd261d3Q,learn_relquest,1.0,"[1, 7]",18.0,0.455,0,1.0,573,fifth
Qv5vvseu9np9z8inlsxd261d3Q,learn_relquest,0.0,"[4, 6]",19.0,2.334,1,1.0,574,fifth
Qv5vvseu9np9z8inlsxd261d3Q,learn_relquest,1.0,"[5, 6]",20.0,0.595,1,0.0,575,fifth
Qv5vvseu9np9z8inlsxd261d3Q,learn_relquest,1.0,"[5, 3]",21.0,3.237,0,1.0,576,fifth
Qv5vvseu9np9z8inlsxd261d3Q,learn_relquest,0.0,"[3, 6]",22.0,0.011,0,0.0,577,fifth
Qv5vvseu9np9z8inlsxd261d3Q,learn_relquest,1.0,"[7, 6]",23.0,0.628,0,1.0,578,fifth
Qv5vvseu9np9z8inlsxd261d3Q,learn_relquest,0.0,"[2, 0]",24.0,0.378,0,0.0,579,fifth
Qv5vvseu9np9z8inlsxd261d3Q,learn_relquest,0.0,"[1, 6]",25.0,0.736,0,0.0,580,fifth
Qv5vvseu9np9z8inlsxd261d3Q,learn_relquest,0.0,"[0, 2]",26.0,0.535,0,0.0,581,fifth
Qv5vvseu9np9z8inlsxd261d3Q,learn_relquest,0.0,"[3, 4]",27.0,0.773,0,0.0,582,fifth
Qc817q1vi00djm9n1qatsoz64Q,learn_relquest,1.0,"[5, 3]",0.0,5.899,1,0.0,99,first
Qc817q1vi00djm9n1qatsoz64Q,learn_relquest,1.0,"[6, 2]",1.0,2.117,1,0.0,100,first
Qc817q1vi00djm9n1qatsoz64Q,learn_relquest,1.0,"[7, 0]",2.0,2.178,1,0.0,101,first
Qc817q1vi00djm9n1qatsoz64Q,learn_relquest,0.0,"[0, 6]",3.0,1.302,0,0.0,102,first
Qc817q1vi00djm9n1qatsoz64Q,learn_relquest,0.0,"[3, 4]",4.0,1.7,1,1.0,103,first
Qc817q1vi00djm9n1qatsoz64Q,learn_relquest,0.0,"[1, 6]",5.0,2.043,1,1.0,104,first
Qc817q1vi00djm9n1qatsoz64Q,learn_relquest,0.0,"[0, 4]",6.0,1.735,1,1.0,105,first
Qc817q1vi00djm9n1qatsoz64Q,learn_relquest,0.0,"[7, 2]",7.0,2.052,0,0.0,106,first
Qc817q1vi00djm9n1qatsoz64Q,learn_relquest,1.0,"[2, 6]",8.0,0.855,0,1.0,107,first
Qc817q1vi00djm9n1qatsoz64Q,learn_relquest,1.0,"[6, 7]",9.0,1.243,0,1.0,108,first
Qc817q1vi00djm9n1qatsoz64Q,learn_relquest,1.0,"[1, 4]",10.0,4.895,1,0.0,109,first
Qc817q1vi00djm9n1qatsoz64Q,learn_relquest,0.0,"[0, 1]",11.0,1.864,1,1.0,110,first
Qc817q1vi00djm9n1qatsoz64Q,learn_relquest,0.0,"[7, 3]",12.0,1.303,0,0.0,111,first
Qc817q1vi00djm9n1qatsoz64Q,learn_relquest,1.0,"[7, 6]",13.0,0.853,0,1.0,112,first
Qc817q1vi00djm9n1qatsoz64Q,learn_relquest,1.0,"[3, 5]",14.0,2.082,0,1.0,113,first
Qc817q1vi00djm9n1qatsoz64Q,learn_relquest,1.0,"[1, 7]",15.0,1.175,0,1.0,114,first
Qc817q1vi00djm9n1qatsoz64Q,learn_relquest,0.0,"[1, 5]",16.0,1.637,0,0.0,115,first
Qc817q1vi00djm9n1qatsoz64Q,learn_relquest,1.0,"[0, 7]",17.0,1.31,0,1.0,116,first
Qc817q1vi00djm9n1qatsoz64Q,learn_relquest,0.0,"[6, 0]",18.0,0.808,0,0.0,117,first
Qc817q1vi00djm9n1qatsoz64Q,learn_relquest,1.0,"[7, 1]",19.0,1.789,0,1.0,118,first
Qc817q1vi00djm9n1qatsoz64Q,learn_relquest,0.0,"[1, 2]",20.0,0.948,1,1.0,119,first
Qc817q1vi00djm9n1qatsoz64Q,learn_relquest,0.0,"[6, 4]",21.0,0.947,0,0.0,120,first
Qc817q1vi00djm9n1qatsoz64Q,learn_relquest,0.0,"[4, 2]",22.0,0.804,0,0.0,121,first
Qc817q1vi00djm9n1qatsoz64Q,learn_relquest,1.0,"[5, 6]",23.0,1.09,0,1.0,122,first
Qc817q1vi00djm9n1qatsoz64Q,learn_relquest,0.0,"[3, 6]",24.0,1.615,0,0.0,123,first
Qc817q1vi00djm9n1qatsoz64Q,learn_relquest,1.0,"[4, 1]",25.0,1.865,0,1.0,124,first
Qc817q1vi00djm9n1qatsoz64Q,learn_relquest,0.0,"[2, 7]",26.0,1.43,0,0.0,125,first
Qc817q1vi00djm9n1qatsoz64Q,learn_relquest,1.0,"[6, 5]",27.0,1.325,0,1.0,126,first
Qc817q1vi00djm9n1qatsoz64Q,learn_relquest,0.0,"[0, 5]",0.0,2.059,0,0.0,213,second
Qc817q1vi00djm9n1qatsoz64Q,learn_relquest,1.0,"[6, 5]",1.0,0.966,0,1.0,214,second
Qc817q1vi00djm9n1qatsoz64Q,learn_relquest,1.0,"[1, 7]",2.0,0.83,0,1.0,215,second
Qc817q1vi00djm9n1qatsoz64Q,learn_relquest,0.0,"[0, 4]",3.0,0.793,0,0.0,216,second
Qc817q1vi00djm9n1qatsoz64Q,learn_relquest,1.0,"[3, 5]",4.0,0.762,0,1.0,217,second
Qc817q1vi00djm9n1qatsoz64Q,learn_relquest,0.0,"[4, 7]",5.0,0.972,0,0.0,218,second
Qc817q1vi00djm9n1qatsoz64Q,learn_relquest,0.0,"[0, 3]",6.0,0.837,0,0.0,219,second
Qc817q1vi00djm9n1qatsoz64Q,learn_relquest,0.0,"[2, 7]",7.0,0.875,0,0.0,220,second
Qc817q1vi00djm9n1qatsoz64Q,learn_relquest,1.0,"[5, 3]",8.0,0.962,0,1.0,221,second
Qc817q1vi00djm9n1qatsoz64Q,learn_relquest,0.0,"[6, 3]",9.0,0.708,0,0.0,222,second
Qc817q1vi00djm9n1qatsoz64Q,learn_relquest,0.0,"[1, 0]",10.0,2.402,1,1.0,223,second
Qc817q1vi00djm9n1qatsoz64Q,learn_relquest,0.0,"[7, 2]",11.0,1.06,0,0.0,224,second
Qc817q1vi00djm9n1qatsoz64Q,learn_relquest,0.0,"[6, 4]",12.0,0.897,0,0.0,225,second
Qc817q1vi00djm9n1qatsoz64Q,learn_relquest,1.0,"[7, 1]",13.0,0.784,0,1.0,226,second
Qc817q1vi00djm9n1qatsoz64Q,learn_relquest,0.0,"[4, 3]",14.0,1.116,0,0.0,227,second
Qc817q1vi00djm9n1qatsoz64Q,learn_relquest,1.0,"[0, 7]",15.0,0.8,0,1.0,228,second
Qc817q1vi00djm9n1qatsoz64Q,learn_relquest,0.0,"[0, 1]",16.0,0.884,0,0.0,229,second
Qc817q1vi00djm9n1qatsoz64Q,learn_relquest,0.0,"[5, 4]",17.0,0.905,0,0.0,230,second
Qc817q1vi00djm9n1qatsoz64Q,learn_relquest,1.0,"[6, 2]",18.0,0.779,0,1.0,231,second
Qc817q1vi00djm9n1qatsoz64Q,learn_relquest,1.0,"[7, 6]",19.0,0.846,0,1.0,232,second
Qc817q1vi00djm9n1qatsoz64Q,learn_relquest,0.0,"[1, 3]",20.0,0.842,0,0.0,233,second
Qc817q1vi00djm9n1qatsoz64Q,learn_relquest,0.0,"[1, 2]",21.0,0.895,0,0.0,234,second
Qc817q1vi00djm9n1qatsoz64Q,learn_relquest,1.0,"[4, 1]",22.0,0.814,0,1.0,235,second
Qc817q1vi00djm9n1qatsoz64Q,learn_relquest,1.0,"[2, 6]",23.0,0.779,0,1.0,236,second
Qc817q1vi00djm9n1qatsoz64Q,learn_relquest,1.0,"[7, 0]",24.0,1.092,0,1.0,237,second
Qc817q1vi00djm9n1qatsoz64Q,learn_relquest,1.0,"[5, 6]",25.0,0.613,0,1.0,238,second
Qc817q1vi00djm9n1qatsoz64Q,learn_relquest,1.0,"[1, 4]",26.0,0.793,0,1.0,239,second
Qc817q1vi00djm9n1qatsoz64Q,learn_relquest,1.0,"[6, 7]",27.0,0.787,0,1.0,240,second
Qc817q1vi00djm9n1qatsoz64Q,learn_relquest,1.0,"[3, 5]",0.0,1.353,0,1.0,327,third
Qc817q1vi00djm9n1qatsoz64Q,learn_relquest,0.0,"[6, 4]",1.0,1.474,0,0.0,328,third
Qc817q1vi00djm9n1qatsoz64Q,learn_relquest,1.0,"[7, 0]",2.0,0.858,0,1.0,329,third
Qc817q1vi00djm9n1qatsoz64Q,learn_relquest,1.0,"[6, 2]",3.0,0.739,0,1.0,330,third
Qc817q1vi00djm9n1qatsoz64Q,learn_relquest,1.0,"[4, 1]",4.0,0.748,0,1.0,331,third
Qc817q1vi00djm9n1qatsoz64Q,learn_relquest,1.0,"[1, 7]",5.0,0.635,0,1.0,332,third
Qc817q1vi00djm9n1qatsoz64Q,learn_relquest,0.0,"[4, 3]",6.0,0.634,0,0.0,333,third
Qc817q1vi00djm9n1qatsoz64Q,learn_relquest,0.0,"[0, 6]",7.0,0.695,0,0.0,334,third
Qc817q1vi00djm9n1qatsoz64Q,learn_relquest,1.0,"[0, 7]",8.0,0.769,0,1.0,335,third
Qc817q1vi00djm9n1qatsoz64Q,learn_relquest,1.0,"[5, 6]",9.0,0.5,0,1.0,336,third
Qc817q1vi00djm9n1qatsoz64Q,learn_relquest,1.0,"[7, 6]",10.0,0.662,0,1.0,337,third
Qc817q1vi00djm9n1qatsoz64Q,learn_relquest,0.0,"[0, 3]",11.0,0.7,0,0.0,338,third
Qc817q1vi00djm9n1qatsoz64Q,learn_relquest,0.0,"[3, 1]",12.0,0.897,0,0.0,339,third
Qc817q1vi00djm9n1qatsoz64Q,learn_relquest,0.0,"[4, 0]",13.0,0.644,0,0.0,340,third
Qc817q1vi00djm9n1qatsoz64Q,learn_relquest,0.0,"[7, 4]",14.0,0.678,0,0.0,341,third
Qc817q1vi00djm9n1qatsoz64Q,learn_relquest,0.0,"[0, 4]",15.0,0.756,0,0.0,342,third
Qc817q1vi00djm9n1qatsoz64Q,learn_relquest,1.0,"[6, 7]",16.0,0.582,0,1.0,343,third
Qc817q1vi00djm9n1qatsoz64Q,learn_relquest,1.0,"[1, 4]",17.0,0.745,0,1.0,344,third
Qc817q1vi00djm9n1qatsoz64Q,learn_relquest,0.0,"[5, 7]",18.0,0.612,0,0.0,345,third
Qc817q1vi00djm9n1qatsoz64Q,learn_relquest,0.0,"[6, 1]",19.0,0.561,0,0.0,346,third
Qc817q1vi00djm9n1qatsoz64Q,learn_relquest,1.0,"[6, 5]",20.0,0.545,0,1.0,347,third
Qc817q1vi00djm9n1qatsoz64Q,learn_relquest,0.0,"[1, 0]",21.0,0.651,0,0.0,348,third
Qc817q1vi00djm9n1qatsoz64Q,learn_relquest,0.0,"[4, 7]",22.0,0.576,0,0.0,349,third
Qc817q1vi00djm9n1qatsoz64Q,learn_relquest,1.0,"[7, 1]",23.0,0.573,0,1.0,350,third
Qc817q1vi00djm9n1qatsoz64Q,learn_relquest,1.0,"[2, 6]",24.0,0.544,0,1.0,351,third
Qc817q1vi00djm9n1qatsoz64Q,learn_relquest,0.0,"[0, 1]",25.0,0.604,0,0.0,352,third
Qc817q1vi00djm9n1qatsoz64Q,learn_relquest,0.0,"[5, 1]",26.0,0.508,0,0.0,353,third
Qc817q1vi00djm9n1qatsoz64Q,learn_relquest,1.0,"[5, 3]",27.0,0.62,0,1.0,354,third
Qc817q1vi00djm9n1qatsoz64Q,learn_relquest,1.0,"[1, 7]",0.0,2.2,1,0.0,441,fourth
Qc817q1vi00djm9n1qatsoz64Q,learn_relquest,1.0,"[6, 5]",1.0,1.01,0,1.0,442,fourth
Qc817q1vi00djm9n1qatsoz64Q,learn_relquest,1.0,"[6, 7]",2.0,1.142,0,1.0,443,fourth
Qc817q1vi00djm9n1qatsoz64Q,learn_relquest,1.0,"[5, 3]",3.0,0.962,0,1.0,444,fourth
Qc817q1vi00djm9n1qatsoz64Q,learn_relquest,1.0,"[7, 0]",4.0,1.085,0,1.0,445,fourth
Qc817q1vi00djm9n1qatsoz64Q,learn_relquest,1.0,"[5, 6]",5.0,1.082,0,1.0,446,fourth
Qc817q1vi00djm9n1qatsoz64Q,learn_relquest,0.0,"[7, 5]",6.0,1.354,0,0.0,447,fourth
Qc817q1vi00djm9n1qatsoz64Q,learn_relquest,1.0,"[7, 6]",7.0,0.83,0,1.0,448,fourth
Qc817q1vi00djm9n1qatsoz64Q,learn_relquest,0.0,"[0, 2]",8.0,1.341,0,0.0,449,fourth
Qc817q1vi00djm9n1qatsoz64Q,learn_relquest,0.0,"[4, 3]",9.0,2.174,1,1.0,450,fourth
Qc817q1vi00djm9n1qatsoz64Q,learn_relquest,0.0,"[5, 1]",10.0,0.83,0,0.0,451,fourth
Qc817q1vi00djm9n1qatsoz64Q,learn_relquest,1.0,"[7, 1]",11.0,0.583,0,1.0,452,fourth
Qc817q1vi00djm9n1qatsoz64Q,learn_relquest,0.0,"[0, 4]",12.0,0.734,0,0.0,453,fourth
Qc817q1vi00djm9n1qatsoz64Q,learn_relquest,0.0,"[7, 3]",13.0,0.687,0,0.0,454,fourth
Qc817q1vi00djm9n1qatsoz64Q,learn_relquest,0.0,"[0, 3]",14.0,0.688,0,0.0,455,fourth
Qc817q1vi00djm9n1qatsoz64Q,learn_relquest,1.0,"[3, 5]",15.0,0.619,0,1.0,456,fourth
Qc817q1vi00djm9n1qatsoz64Q,learn_relquest,0.0,"[0, 6]",16.0,0.666,0,0.0,457,fourth
Qc817q1vi00djm9n1qatsoz64Q,learn_relquest,1.0,"[2, 6]",17.0,0.703,0,1.0,458,fourth
Qc817q1vi00djm9n1qatsoz64Q,learn_relquest,0.0,"[1, 2]",18.0,0.597,0,0.0,459,fourth
Qc817q1vi00djm9n1qatsoz64Q,learn_relquest,1.0,"[0, 7]",19.0,0.636,0,1.0,460,fourth
Qc817q1vi00djm9n1qatsoz64Q,learn_relquest,1.0,"[4, 1]",20.0,0.681,0,1.0,461,fourth
Qc817q1vi00djm9n1qatsoz64Q,learn_relquest,0.0,"[5, 7]",21.0,0.598,0,0.0,462,fourth
Qc817q1vi00djm9n1qatsoz64Q,learn_relquest,0.0,"[2, 0]",22.0,0.643,0,0.0,463,fourth
Qc817q1vi00djm9n1qatsoz64Q,learn_relquest,0.0,"[2, 5]",23.0,0.59,0,0.0,464,fourth
Qc817q1vi00djm9n1qatsoz64Q,learn_relquest,0.0,"[3, 2]",24.0,0.527,0,0.0,465,fourth
Qc817q1vi00djm9n1qatsoz64Q,learn_relquest,1.0,"[6, 2]",25.0,0.476,0,1.0,466,fourth
Qc817q1vi00djm9n1qatsoz64Q,learn_relquest,1.0,"[1, 4]",26.0,0.484,0,1.0,467,fourth
Qc817q1vi00djm9n1qatsoz64Q,learn_relquest,0.0,"[1, 0]",27.0,0.535,0,0.0,468,fourth
Qc817q1vi00djm9n1qatsoz64Q,learn_relquest,1.0,"[1, 7]",0.0,1.175,0,1.0,555,fifth
Qc817q1vi00djm9n1qatsoz64Q,learn_relquest,0.0,"[2, 4]",1.0,0.611,0,0.0,556,fifth
Qc817q1vi00djm9n1qatsoz64Q,learn_relquest,1.0,"[4, 1]",2.0,0.508,0,1.0,557,fifth
Qc817q1vi00djm9n1qatsoz64Q,learn_relquest,1.0,"[7, 0]",3.0,0.655,0,1.0,558,fifth
Qc817q1vi00djm9n1qatsoz64Q,learn_relquest,1.0,"[6, 7]",4.0,0.588,0,1.0,559,fifth
Qc817q1vi00djm9n1qatsoz64Q,learn_relquest,0.0,"[3, 2]",5.0,0.469,0,0.0,560,fifth
Qc817q1vi00djm9n1qatsoz64Q,learn_relquest,0.0,"[2, 1]",6.0,0.462,0,0.0,561,fifth
Qc817q1vi00djm9n1qatsoz64Q,learn_relquest,0.0,"[5, 0]",7.0,0.932,0,0.0,562,fifth
Qc817q1vi00djm9n1qatsoz64Q,learn_relquest,0.0,"[6, 0]",8.0,2.043,1,1.0,563,fifth
Qc817q1vi00djm9n1qatsoz64Q,learn_relquest,1.0,"[6, 2]",9.0,0.724,0,1.0,564,fifth
Qc817q1vi00djm9n1qatsoz64Q,learn_relquest,1.0,"[6, 5]",10.0,0.633,0,1.0,565,fifth
Qc817q1vi00djm9n1qatsoz64Q,learn_relquest,0.0,"[0, 5]",11.0,0.572,0,0.0,566,fifth
Qc817q1vi00djm9n1qatsoz64Q,learn_relquest,1.0,"[1, 4]",12.0,0.505,0,1.0,567,fifth
Qc817q1vi00djm9n1qatsoz64Q,learn_relquest,1.0,"[3, 5]",13.0,0.856,1,0.0,568,fifth
Qc817q1vi00djm9n1qatsoz64Q,learn_relquest,0.0,"[7, 2]",14.0,3.094,1,1.0,569,fifth
Qc817q1vi00djm9n1qatsoz64Q,learn_relquest,0.0,"[0, 2]",15.0,1.234,0,0.0,570,fifth
Qc817q1vi00djm9n1qatsoz64Q,learn_relquest,1.0,"[5, 6]",16.0,1.312,0,1.0,571,fifth
Qc817q1vi00djm9n1qatsoz64Q,learn_relquest,0.0,"[0, 6]",17.0,1.159,0,0.0,572,fifth
Qc817q1vi00djm9n1qatsoz64Q,learn_relquest,0.0,"[6, 3]",18.0,0.83,0,0.0,573,fifth
Qc817q1vi00djm9n1qatsoz64Q,learn_relquest,1.0,"[7, 1]",19.0,0.793,0,1.0,574,fifth
Qc817q1vi00djm9n1qatsoz64Q,learn_relquest,1.0,"[0, 7]",20.0,0.741,0,1.0,575,fifth
Qc817q1vi00djm9n1qatsoz64Q,learn_relquest,0.0,"[7, 3]",21.0,0.567,0,0.0,576,fifth
Qc817q1vi00djm9n1qatsoz64Q,learn_relquest,1.0,"[7, 6]",23.0,0.594,0,1.0,578,fifth
Qc817q1vi00djm9n1qatsoz64Q,learn_relquest,0.0,"[1, 2]",22.0,0.774,0,0.0,577,fifth
Qc817q1vi00djm9n1qatsoz64Q,learn_relquest,0.0,"[0, 1]",24.0,0.633,0,0.0,579,fifth
Qc817q1vi00djm9n1qatsoz64Q,learn_relquest,1.0,"[5, 3]",25.0,0.649,0,1.0,580,fifth
Qc817q1vi00djm9n1qatsoz64Q,learn_relquest,0.0,"[2, 0]",26.0,0.505,0,0.0,581,fifth
Qc817q1vi00djm9n1qatsoz64Q,learn_relquest,1.0,"[2, 6]",27.0,0.625,0,1.0,582,fifth
Qbkqu9ydbzik1so1edbrfi3z9Q,learn_relquest,1.0,"[6, 7]",0.0,2.668,0,1.0,99,first
Qbkqu9ydbzik1so1edbrfi3z9Q,learn_relquest,1.0,"[1, 4]",1.0,2.883,0,1.0,100,first
Qbkqu9ydbzik1so1edbrfi3z9Q,learn_relquest,0.0,"[4, 3]",2.0,2.53,1,1.0,101,first
Qbkqu9ydbzik1so1edbrfi3z9Q,learn_relquest,1.0,"[3, 5]",3.0,3.488,1,0.0,102,first
Qbkqu9ydbzik1so1edbrfi3z9Q,learn_relquest,1.0,"[7, 1]",4.0,1.713,0,1.0,103,first
Qbkqu9ydbzik1so1edbrfi3z9Q,learn_relquest,0.0,"[3, 6]",5.0,1.654,0,0.0,104,first
Qbkqu9ydbzik1so1edbrfi3z9Q,learn_relquest,0.0,"[2, 5]",6.0,1.635,0,0.0,105,first
Qbkqu9ydbzik1so1edbrfi3z9Q,learn_relquest,0.0,"[4, 5]",7.0,1.381,0,0.0,106,first
Qbkqu9ydbzik1so1edbrfi3z9Q,learn_relquest,1.0,"[7, 6]",8.0,1.332,0,1.0,107,first
Qbkqu9ydbzik1so1edbrfi3z9Q,learn_relquest,0.0,"[2, 1]",9.0,2.085,1,1.0,108,first
Qbkqu9ydbzik1so1edbrfi3z9Q,learn_relquest,1.0,"[7, 0]",10.0,1.382,0,1.0,109,first
Qbkqu9ydbzik1so1edbrfi3z9Q,learn_relquest,0.0,"[4, 7]",11.0,2.28,1,1.0,110,first
Qbkqu9ydbzik1so1edbrfi3z9Q,learn_relquest,0.0,"[6, 3]",12.0,2.817,1,1.0,111,first
Qbkqu9ydbzik1so1edbrfi3z9Q,learn_relquest,0.0,"[4, 6]",13.0,1.985,0,0.0,112,first
Qbkqu9ydbzik1so1edbrfi3z9Q,learn_relquest,0.0,"[3, 7]",14.0,2.686,1,1.0,113,first
Qbkqu9ydbzik1so1edbrfi3z9Q,learn_relquest,0.0,"[1, 6]",15.0,1.96,0,0.0,114,first
Qbkqu9ydbzik1so1edbrfi3z9Q,learn_relquest,0.0,"[7, 5]",16.0,1.532,0,0.0,115,first
Qbkqu9ydbzik1so1edbrfi3z9Q,learn_relquest,1.0,"[1, 7]",17.0,4.37,0,1.0,116,first
Qbkqu9ydbzik1so1edbrfi3z9Q,learn_relquest,1.0,"[6, 5]",18.0,1.424,0,1.0,117,first
Qbkqu9ydbzik1so1edbrfi3z9Q,learn_relquest,1.0,"[4, 1]",19.0,1.637,1,0.0,118,first
Qbkqu9ydbzik1so1edbrfi3z9Q,learn_relquest,0.0,"[5, 7]",20.0,1.953,0,0.0,119,first
Qbkqu9ydbzik1so1edbrfi3z9Q,learn_relquest,1.0,"[5, 6]",21.0,3.602,0,1.0,120,first
Qbkqu9ydbzik1so1edbrfi3z9Q,learn_relquest,1.0,"[6, 2]",22.0,3.961,1,0.0,121,first
Qbkqu9ydbzik1so1edbrfi3z9Q,learn_relquest,1.0,"[2, 6]",23.0,1.314,1,0.0,122,first
Qbkqu9ydbzik1so1edbrfi3z9Q,learn_relquest,1.0,"[0, 7]",24.0,1.353,0,1.0,123,first
Qbkqu9ydbzik1so1edbrfi3z9Q,learn_relquest,0.0,"[3, 1]",25.0,2.085,0,0.0,124,first
Qbkqu9ydbzik1so1edbrfi3z9Q,learn_relquest,1.0,"[5, 3]",26.0,1.453,0,1.0,125,first
Qbkqu9ydbzik1so1edbrfi3z9Q,learn_relquest,0.0,"[0, 6]",27.0,1.559,0,0.0,126,first
Qbkqu9ydbzik1so1edbrfi3z9Q,learn_relquest,1.0,"[4, 1]",0.0,7.997,0,1.0,213,second
Qbkqu9ydbzik1so1edbrfi3z9Q,learn_relquest,1.0,"[5, 3]",1.0,3.007,0,1.0,214,second
Qbkqu9ydbzik1so1edbrfi3z9Q,learn_relquest,1.0,"[2, 6]",2.0,5.076,0,1.0,215,second
Qbkqu9ydbzik1so1edbrfi3z9Q,learn_relquest,0.0,"[3, 1]",3.0,11.596,1,1.0,216,second
Qbkqu9ydbzik1so1edbrfi3z9Q,learn_relquest,0.0,"[3, 7]",4.0,10.279,1,1.0,217,second
Qbkqu9ydbzik1so1edbrfi3z9Q,learn_relquest,1.0,"[6, 2]",5.0,8.398,0,1.0,218,second
Qbkqu9ydbzik1so1edbrfi3z9Q,learn_relquest,0.0,"[2, 0]",6.0,17.724,1,1.0,219,second
Qbkqu9ydbzik1so1edbrfi3z9Q,learn_relquest,0.0,"[2, 7]",7.0,14.728,1,1.0,220,second
Qbkqu9ydbzik1so1edbrfi3z9Q,learn_relquest,0.0,"[4, 6]",8.0,3.699,0,0.0,221,second
Qbkqu9ydbzik1so1edbrfi3z9Q,learn_relquest,0.0,"[2, 1]",9.0,3.948,0,0.0,222,second
Qbkqu9ydbzik1so1edbrfi3z9Q,learn_relquest,1.0,"[0, 7]",10.0,4.131,0,1.0,223,second
Qbkqu9ydbzik1so1edbrfi3z9Q,learn_relquest,1.0,"[5, 6]",11.0,2.868,0,1.0,224,second
Qbkqu9ydbzik1so1edbrfi3z9Q,learn_relquest,0.0,"[5, 4]",12.0,2.939,0,0.0,225,second
Qbkqu9ydbzik1so1edbrfi3z9Q,learn_relquest,1.0,"[3, 5]",13.0,1.873,0,1.0,226,second
Qbkqu9ydbzik1so1edbrfi3z9Q,learn_relquest,0.0,"[4, 0]",14.0,2.881,0,0.0,227,second
Qbkqu9ydbzik1so1edbrfi3z9Q,learn_relquest,1.0,"[1, 4]",15.0,1.973,0,1.0,228,second
Qbkqu9ydbzik1so1edbrfi3z9Q,learn_relquest,0.0,"[0, 2]",16.0,2.203,1,1.0,229,second
Qbkqu9ydbzik1so1edbrfi3z9Q,learn_relquest,1.0,"[6, 7]",17.0,2.71,0,1.0,230,second
Qbkqu9ydbzik1so1edbrfi3z9Q,learn_relquest,0.0,"[5, 0]",18.0,2.32,0,0.0,231,second
Qbkqu9ydbzik1so1edbrfi3z9Q,learn_relquest,1.0,"[7, 0]",19.0,1.755,0,1.0,232,second
Qbkqu9ydbzik1so1edbrfi3z9Q,learn_relquest,0.0,"[1, 3]",20.0,13.727,1,1.0,233,second
Qbkqu9ydbzik1so1edbrfi3z9Q,learn_relquest,0.0,"[6, 1]",21.0,2.318,0,0.0,234,second
Qbkqu9ydbzik1so1edbrfi3z9Q,learn_relquest,1.0,"[6, 5]",22.0,1.68,0,1.0,235,second
Qbkqu9ydbzik1so1edbrfi3z9Q,learn_relquest,1.0,"[7, 1]",23.0,7.054,0,1.0,236,second
Qbkqu9ydbzik1so1edbrfi3z9Q,learn_relquest,0.0,"[5, 2]",24.0,12.694,1,1.0,237,second
Qbkqu9ydbzik1so1edbrfi3z9Q,learn_relquest,1.0,"[7, 6]",25.0,1.894,0,1.0,238,second
Qbkqu9ydbzik1so1edbrfi3z9Q,learn_relquest,0.0,"[4, 5]",26.0,2.857,0,0.0,239,second
Qbkqu9ydbzik1so1edbrfi3z9Q,learn_relquest,1.0,"[1, 7]",27.0,1.988,0,1.0,240,second
Qbkqu9ydbzik1so1edbrfi3z9Q,learn_relquest,1.0,"[6, 2]",0.0,5.145,0,1.0,327,third
Qbkqu9ydbzik1so1edbrfi3z9Q,learn_relquest,0.0,"[1, 0]",1.0,12.298,1,1.0,328,third
Qbkqu9ydbzik1so1edbrfi3z9Q,learn_relquest,0.0,"[2, 4]",2.0,13.024,1,1.0,329,third
Qbkqu9ydbzik1so1edbrfi3z9Q,learn_relquest,0.0,"[1, 3]",3.0,8.935,1,1.0,330,third
Qbkqu9ydbzik1so1edbrfi3z9Q,learn_relquest,1.0,"[7, 1]",4.0,6.106,0,1.0,331,third
Qbkqu9ydbzik1so1edbrfi3z9Q,learn_relquest,0.0,"[1, 6]",5.0,13.018,1,1.0,332,third
Qbkqu9ydbzik1so1edbrfi3z9Q,learn_relquest,0.0,"[1, 5]",6.0,16.994,1,1.0,333,third
Qbkqu9ydbzik1so1edbrfi3z9Q,learn_relquest,1.0,"[4, 1]",7.0,6.464,0,1.0,334,third
Qbkqu9ydbzik1so1edbrfi3z9Q,learn_relquest,1.0,"[1, 7]",8.0,4.405,0,1.0,335,third
Qbkqu9ydbzik1so1edbrfi3z9Q,learn_relquest,1.0,"[3, 5]",9.0,14.409,0,1.0,336,third
Qbkqu9ydbzik1so1edbrfi3z9Q,learn_relquest,0.0,"[0, 6]",10.0,10.869,1,1.0,337,third
Qbkqu9ydbzik1so1edbrfi3z9Q,learn_relquest,1.0,"[5, 6]",11.0,3.739,0,1.0,338,third
Qbkqu9ydbzik1so1edbrfi3z9Q,learn_relquest,0.0,"[0, 4]",12.0,10.798,1,1.0,339,third
Qbkqu9ydbzik1so1edbrfi3z9Q,learn_relquest,1.0,"[7, 6]",13.0,3.77,0,1.0,340,third
Qbkqu9ydbzik1so1edbrfi3z9Q,learn_relquest,1.0,"[2, 6]",14.0,6.368,0,1.0,341,third
Qbkqu9ydbzik1so1edbrfi3z9Q,learn_relquest,0.0,"[3, 2]",15.0,10.605,1,1.0,342,third
Qbkqu9ydbzik1so1edbrfi3z9Q,learn_relquest,1.0,"[5, 3]",16.0,4.212,0,1.0,343,third
Qbkqu9ydbzik1so1edbrfi3z9Q,learn_relquest,1.0,"[0, 7]",17.0,3.503,0,1.0,344,third
Qbkqu9ydbzik1so1edbrfi3z9Q,learn_relquest,0.0,"[5, 2]",18.0,17.197,1,1.0,345,third
Qbkqu9ydbzik1so1edbrfi3z9Q,learn_relquest,1.0,"[7, 0]",19.0,5.555,0,1.0,346,third
Qbkqu9ydbzik1so1edbrfi3z9Q,learn_relquest,0.0,"[6, 0]",20.0,15.993,1,1.0,347,third
Qbkqu9ydbzik1so1edbrfi3z9Q,learn_relquest,1.0,"[6, 5]",21.0,7.352,0,1.0,348,third
Qbkqu9ydbzik1so1edbrfi3z9Q,learn_relquest,0.0,"[4, 3]",22.0,10.278,1,1.0,349,third
Qbkqu9ydbzik1so1edbrfi3z9Q,learn_relquest,0.0,"[6, 3]",23.0,7.99,1,1.0,350,third
Qbkqu9ydbzik1so1edbrfi3z9Q,learn_relquest,0.0,"[5, 0]",24.0,14.172,1,1.0,351,third
Qbkqu9ydbzik1so1edbrfi3z9Q,learn_relquest,0.0,"[7, 4]",25.0,2.412,1,1.0,352,third
Qbkqu9ydbzik1so1edbrfi3z9Q,learn_relquest,1.0,"[1, 4]",26.0,3.899,0,1.0,353,third
Qbkqu9ydbzik1so1edbrfi3z9Q,learn_relquest,1.0,"[6, 7]",27.0,3.411,0,1.0,354,third
Qbkqu9ydbzik1so1edbrfi3z9Q,learn_relquest,0.0,"[6, 3]",0.0,11.792,1,1.0,441,fourth
Qbkqu9ydbzik1so1edbrfi3z9Q,learn_relquest,0.0,"[1, 5]",1.0,9.606,1,1.0,442,fourth
Qbkqu9ydbzik1so1edbrfi3z9Q,learn_relquest,1.0,"[5, 3]",2.0,5.147,0,1.0,443,fourth
Qbkqu9ydbzik1so1edbrfi3z9Q,learn_relquest,1.0,"[2, 6]",3.0,4.013,0,1.0,444,fourth
Qbkqu9ydbzik1so1edbrfi3z9Q,learn_relquest,1.0,"[1, 4]",4.0,3.014,0,1.0,445,fourth
Qbkqu9ydbzik1so1edbrfi3z9Q,learn_relquest,1.0,"[4, 1]",5.0,3.632,0,1.0,446,fourth
Qbkqu9ydbzik1so1edbrfi3z9Q,learn_relquest,0.0,"[1, 2]",6.0,11.126,1,1.0,447,fourth
Qbkqu9ydbzik1so1edbrfi3z9Q,learn_relquest,0.0,"[0, 1]",7.0,7.335,1,1.0,448,fourth
Qbkqu9ydbzik1so1edbrfi3z9Q,learn_relquest,0.0,"[4, 0]",8.0,8.195,1,1.0,449,fourth
Qbkqu9ydbzik1so1edbrfi3z9Q,learn_relquest,0.0,"[3, 1]",9.0,14.268,1,1.0,450,fourth
Qbkqu9ydbzik1so1edbrfi3z9Q,learn_relquest,0.0,"[3, 7]",10.0,10.981,1,1.0,451,fourth
Qbkqu9ydbzik1so1edbrfi3z9Q,learn_relquest,0.0,"[0, 5]",11.0,13.247,1,1.0,452,fourth
Qbkqu9ydbzik1so1edbrfi3z9Q,learn_relquest,1.0,"[7, 6]",12.0,3.238,0,1.0,453,fourth
Qbkqu9ydbzik1so1edbrfi3z9Q,learn_relquest,0.0,"[3, 7]",0.0,10.901,1,1.0,99,first
Qbkqu9ydbzik1so1edbrfi3z9Q,learn_relquest,0.0,"[4, 3]",1.0,8.258,1,1.0,100,first
Qbkqu9ydbzik1so1edbrfi3z9Q,learn_relquest,0.0,"[6, 0]",2.0,16.117,1,1.0,101,first
Qbkqu9ydbzik1so1edbrfi3z9Q,learn_relquest,0.0,"[5, 0]",3.0,9.63,1,1.0,102,first
Qbkqu9ydbzik1so1edbrfi3z9Q,learn_relquest,1.0,"[2, 6]",4.0,7.679,0,1.0,103,first
Qbkqu9ydbzik1so1edbrfi3z9Q,learn_relquest,1.0,"[7, 6]",5.0,4.674,0,1.0,104,first
Qbkqu9ydbzik1so1edbrfi3z9Q,learn_relquest,0.0,"[4, 5]",6.0,9.571,1,1.0,105,first
Qbkqu9ydbzik1so1edbrfi3z9Q,learn_relquest,1.0,"[0, 7]",7.0,3.507,0,1.0,106,first
Qbkqu9ydbzik1so1edbrfi3z9Q,learn_relquest,1.0,"[6, 7]",8.0,3.364,0,1.0,107,first
Qbkqu9ydbzik1so1edbrfi3z9Q,learn_relquest,0.0,"[0, 2]",9.0,10.814,1,1.0,108,first
Qbkqu9ydbzik1so1edbrfi3z9Q,learn_relquest,1.0,"[4, 1]",10.0,3.938,0,1.0,109,first
Qbkqu9ydbzik1so1edbrfi3z9Q,learn_relquest,1.0,"[1, 7]",11.0,4.069,0,1.0,110,first
Qbkqu9ydbzik1so1edbrfi3z9Q,learn_relquest,0.0,"[3, 0]",12.0,9.612,1,1.0,111,first
Qbkqu9ydbzik1so1edbrfi3z9Q,learn_relquest,1.0,"[5, 6]",13.0,3.465,0,1.0,112,first
Qbkqu9ydbzik1so1edbrfi3z9Q,learn_relquest,1.0,"[6, 5]",14.0,3.309,0,1.0,113,first
Qbkqu9ydbzik1so1edbrfi3z9Q,learn_relquest,0.0,"[0, 1]",15.0,10.069,1,1.0,114,first
Qbkqu9ydbzik1so1edbrfi3z9Q,learn_relquest,0.0,"[5, 2]",16.0,9.022,1,1.0,115,first
Qbkqu9ydbzik1so1edbrfi3z9Q,learn_relquest,1.0,"[3, 5]",17.0,4.021,0,1.0,116,first
Qbkqu9ydbzik1so1edbrfi3z9Q,learn_relquest,1.0,"[5, 3]",18.0,6.563,0,1.0,117,first
Qbkqu9ydbzik1so1edbrfi3z9Q,learn_relquest,0.0,"[5, 7]",19.0,13.257,1,1.0,118,first
Qbkqu9ydbzik1so1edbrfi3z9Q,learn_relquest,1.0,"[6, 2]",20.0,5.615,0,1.0,119,first
Qbkqu9ydbzik1so1edbrfi3z9Q,learn_relquest,1.0,"[7, 0]",21.0,1.688,0,1.0,120,first
Qbkqu9ydbzik1so1edbrfi3z9Q,learn_relquest,1.0,"[1, 4]",22.0,3.228,0,1.0,121,first
Qbkqu9ydbzik1so1edbrfi3z9Q,learn_relquest,0.0,"[3, 1]",23.0,9.898,1,1.0,122,first
Qbkqu9ydbzik1so1edbrfi3z9Q,learn_relquest,0.0,"[7, 2]",24.0,10.404,1,1.0,123,first
Qbkqu9ydbzik1so1edbrfi3z9Q,learn_relquest,0.0,"[0, 5]",25.0,11.838,1,1.0,124,first
Qbkqu9ydbzik1so1edbrfi3z9Q,learn_relquest,0.0,"[2, 4]",26.0,13.805,1,1.0,125,first
Qbkqu9ydbzik1so1edbrfi3z9Q,learn_relquest,1.0,"[7, 1]",27.0,4.862,0,1.0,126,first
Qbkqu9ydbzik1so1edbrfi3z9Q,learn_relquest,0.0,"[2, 1]",0.0,11.73,1,1.0,213,second
Qbkqu9ydbzik1so1edbrfi3z9Q,learn_relquest,0.0,"[4, 3]",1.0,11.526,1,1.0,214,second
Qbkqu9ydbzik1so1edbrfi3z9Q,learn_relquest,1.0,"[6, 2]",2.0,5.552,0,1.0,215,second
Qbkqu9ydbzik1so1edbrfi3z9Q,learn_relquest,0.0,"[7, 4]",3.0,11.975,1,1.0,216,second
Qbkqu9ydbzik1so1edbrfi3z9Q,learn_relquest,1.0,"[6, 5]",4.0,5.495,0,1.0,217,second
Qbkqu9ydbzik1so1edbrfi3z9Q,learn_relquest,1.0,"[5, 3]",5.0,3.536,0,1.0,218,second
Qbkqu9ydbzik1so1edbrfi3z9Q,learn_relquest,0.0,"[5, 2]",6.0,10.232,1,1.0,219,second
Qbkqu9ydbzik1so1edbrfi3z9Q,learn_relquest,0.0,"[4, 6]",7.0,3.313,0,0.0,220,second
Qbkqu9ydbzik1so1edbrfi3z9Q,learn_relquest,1.0,"[1, 4]",8.0,3.045,0,1.0,221,second
Qbkqu9ydbzik1so1edbrfi3z9Q,learn_relquest,0.0,"[5, 4]",9.0,11.368,1,1.0,222,second
Qbkqu9ydbzik1so1edbrfi3z9Q,learn_relquest,0.0,"[6, 1]",10.0,15.984,1,1.0,223,second
Qbkqu9ydbzik1so1edbrfi3z9Q,learn_relquest,1.0,"[7, 1]",11.0,4.577,0,1.0,224,second
Qbkqu9ydbzik1so1edbrfi3z9Q,learn_relquest,0.0,"[0, 2]",12.0,10.35,1,1.0,225,second
Qbkqu9ydbzik1so1edbrfi3z9Q,learn_relquest,1.0,"[4, 1]",13.0,8.258,0,1.0,226,second
Qbkqu9ydbzik1so1edbrfi3z9Q,learn_relquest,0.0,"[0, 5]",14.0,15.599,1,1.0,227,second
Qbkqu9ydbzik1so1edbrfi3z9Q,learn_relquest,0.0,"[5, 0]",15.0,12.953,1,1.0,228,second
Qbkqu9ydbzik1so1edbrfi3z9Q,learn_relquest,1.0,"[0, 7]",16.0,3.311,0,1.0,229,second
Qbkqu9ydbzik1so1edbrfi3z9Q,learn_relquest,1.0,"[7, 0]",17.0,1.089,0,1.0,230,second
Qbkqu9ydbzik1so1edbrfi3z9Q,learn_relquest,1.0,"[5, 6]",18.0,3.249,0,1.0,231,second
Qbkqu9ydbzik1so1edbrfi3z9Q,learn_relquest,1.0,"[6, 7]",19.0,4.162,0,1.0,232,second
Qbkqu9ydbzik1so1edbrfi3z9Q,learn_relquest,1.0,"[3, 5]",20.0,5.318,0,1.0,233,second
Qbkqu9ydbzik1so1edbrfi3z9Q,learn_relquest,1.0,"[1, 7]",21.0,7.078,0,1.0,234,second
Qbkqu9ydbzik1so1edbrfi3z9Q,learn_relquest,1.0,"[7, 6]",22.0,3.629,0,1.0,235,second
Qbkqu9ydbzik1so1edbrfi3z9Q,learn_relquest,0.0,"[6, 3]",23.0,10.99,1,1.0,236,second
Qbkqu9ydbzik1so1edbrfi3z9Q,learn_relquest,1.0,"[2, 6]",24.0,7.098,0,1.0,237,second
Qbkqu9ydbzik1so1edbrfi3z9Q,learn_relquest,0.0,"[1, 2]",25.0,9.242,1,1.0,238,second
Qbkqu9ydbzik1so1edbrfi3z9Q,learn_relquest,0.0,"[7, 3]",26.0,9.485,1,1.0,239,second
Qbkqu9ydbzik1so1edbrfi3z9Q,learn_relquest,0.0,"[3, 7]",27.0,8.95,1,1.0,240,second
Qbkqu9ydbzik1so1edbrfi3z9Q,learn_relquest,1.0,"[3, 5]",0.0,2.828,0,1.0,327,third
Qbkqu9ydbzik1so1edbrfi3z9Q,learn_relquest,1.0,"[6, 2]",1.0,1.839,0,1.0,328,third
Qbkqu9ydbzik1so1edbrfi3z9Q,learn_relquest,1.0,"[5, 6]",2.0,0.972,0,1.0,329,third
Qbkqu9ydbzik1so1edbrfi3z9Q,learn_relquest,0.0,"[1, 5]",3.0,1.233,1,1.0,330,third
Qbkqu9ydbzik1so1edbrfi3z9Q,learn_relquest,1.0,"[1, 4]",4.0,1.492,1,0.0,331,third
Qbkqu9ydbzik1so1edbrfi3z9Q,learn_relquest,0.0,"[4, 7]",5.0,0.665,0,0.0,332,third
Qbkqu9ydbzik1so1edbrfi3z9Q,learn_relquest,1.0,"[4, 1]",6.0,1.252,0,1.0,333,third
Qbkqu9ydbzik1so1edbrfi3z9Q,learn_relquest,1.0,"[5, 3]",7.0,1.614,0,1.0,334,third
Qbkqu9ydbzik1so1edbrfi3z9Q,learn_relquest,1.0,"[7, 0]",8.0,1.173,0,1.0,335,third
Qbkqu9ydbzik1so1edbrfi3z9Q,learn_relquest,0.0,"[4, 6]",9.0,1.457,0,0.0,336,third
Qbkqu9ydbzik1so1edbrfi3z9Q,learn_relquest,1.0,"[6, 5]",10.0,1.877,1,0.0,337,third
Qbkqu9ydbzik1so1edbrfi3z9Q,learn_relquest,1.0,"[6, 7]",11.0,0.681,0,1.0,338,third
Qbkqu9ydbzik1so1edbrfi3z9Q,learn_relquest,0.0,"[2, 3]",12.0,0.715,0,0.0,339,third
Qbkqu9ydbzik1so1edbrfi3z9Q,learn_relquest,1.0,"[1, 7]",13.0,1.999,1,0.0,340,third
Qbkqu9ydbzik1so1edbrfi3z9Q,learn_relquest,1.0,"[2, 6]",14.0,1.093,0,1.0,341,third
Qbkqu9ydbzik1so1edbrfi3z9Q,learn_relquest,0.0,"[5, 2]",15.0,1.804,1,1.0,342,third
Qbkqu9ydbzik1so1edbrfi3z9Q,learn_relquest,0.0,"[1, 0]",16.0,1.228,1,1.0,343,third
Qbkqu9ydbzik1so1edbrfi3z9Q,learn_relquest,0.0,"[2, 5]",17.0,1.881,1,1.0,344,third
Qbkqu9ydbzik1so1edbrfi3z9Q,learn_relquest,0.0,"[2, 4]",18.0,1.145,1,1.0,345,third
Qbkqu9ydbzik1so1edbrfi3z9Q,learn_relquest,1.0,"[0, 7]",19.0,0.915,0,1.0,346,third
Qbkqu9ydbzik1so1edbrfi3z9Q,learn_relquest,1.0,"[7, 1]",20.0,0.897,0,1.0,347,third
Qbkqu9ydbzik1so1edbrfi3z9Q,learn_relquest,0.0,"[5, 0]",21.0,1.16,1,1.0,348,third
Qbkqu9ydbzik1so1edbrfi3z9Q,learn_relquest,0.0,"[6, 1]",22.0,1.349,0,0.0,349,third
Qbkqu9ydbzik1so1edbrfi3z9Q,learn_relquest,0.0,"[4, 0]",23.0,1.457,1,1.0,350,third
Qbkqu9ydbzik1so1edbrfi3z9Q,learn_relquest,0.0,"[0, 4]",24.0,0.793,0,0.0,351,third
Qbkqu9ydbzik1so1edbrfi3z9Q,learn_relquest,0.0,"[6, 0]",25.0,0.952,0,0.0,352,third
Qbkqu9ydbzik1so1edbrfi3z9Q,learn_relquest,0.0,"[0, 1]",26.0,2.067,1,1.0,353,third
Qbkqu9ydbzik1so1edbrfi3z9Q,learn_relquest,1.0,"[7, 6]",27.0,1.556,0,1.0,354,third
Qbkqu9ydbzik1so1edbrfi3z9Q,learn_relquest,1.0,"[5, 3]",0.0,1.764,0,1.0,441,fourth
Qbkqu9ydbzik1so1edbrfi3z9Q,learn_relquest,0.0,"[6, 1]",1.0,1.05,0,0.0,442,fourth
Qbkqu9ydbzik1so1edbrfi3z9Q,learn_relquest,1.0,"[6, 5]",2.0,1.496,0,1.0,443,fourth
Qbkqu9ydbzik1so1edbrfi3z9Q,learn_relquest,0.0,"[1, 6]",3.0,0.8,0,0.0,444,fourth
Qbkqu9ydbzik1so1edbrfi3z9Q,learn_relquest,1.0,"[7, 0]",4.0,1.012,0,1.0,445,fourth
Qbkqu9ydbzik1so1edbrfi3z9Q,learn_relquest,1.0,"[0, 7]",5.0,1.145,0,1.0,446,fourth
Qbkqu9ydbzik1so1edbrfi3z9Q,learn_relquest,1.0,"[2, 6]",6.0,0.981,1,0.0,447,fourth
Qbkqu9ydbzik1so1edbrfi3z9Q,learn_relquest,1.0,"[7, 6]",7.0,1.232,0,1.0,448,fourth
Qbkqu9ydbzik1so1edbrfi3z9Q,learn_relquest,0.0,"[6, 0]",8.0,1.311,0,0.0,449,fourth
Qbkqu9ydbzik1so1edbrfi3z9Q,learn_relquest,0.0,"[5, 7]",9.0,1.008,1,1.0,450,fourth
Qbkqu9ydbzik1so1edbrfi3z9Q,learn_relquest,0.0,"[4, 6]",10.0,1.36,1,1.0,451,fourth
Qbkqu9ydbzik1so1edbrfi3z9Q,learn_relquest,0.0,"[4, 2]",11.0,0.956,1,1.0,452,fourth
Qbkqu9ydbzik1so1edbrfi3z9Q,learn_relquest,0.0,"[3, 1]",12.0,0.753,0,0.0,453,fourth
Qbkqu9ydbzik1so1edbrfi3z9Q,learn_relquest,1.0,"[3, 5]",13.0,1.261,0,1.0,454,fourth
Qbkqu9ydbzik1so1edbrfi3z9Q,learn_relquest,1.0,"[7, 1]",14.0,1.377,0,1.0,455,fourth
Qbkqu9ydbzik1so1edbrfi3z9Q,learn_relquest,1.0,"[4, 1]",15.0,1.431,0,1.0,456,fourth
Qbkqu9ydbzik1so1edbrfi3z9Q,learn_relquest,1.0,"[6, 7]",16.0,1.088,0,1.0,457,fourth
Qbkqu9ydbzik1so1edbrfi3z9Q,learn_relquest,0.0,"[0, 4]",17.0,1.385,1,1.0,458,fourth
Qbkqu9ydbzik1so1edbrfi3z9Q,learn_relquest,0.0,"[3, 4]",18.0,1.281,1,1.0,459,fourth
Qbkqu9ydbzik1so1edbrfi3z9Q,learn_relquest,1.0,"[1, 4]",19.0,1.965,1,0.0,460,fourth
Qbkqu9ydbzik1so1edbrfi3z9Q,learn_relquest,1.0,"[6, 2]",20.0,0.741,0,1.0,461,fourth
Qbkqu9ydbzik1so1edbrfi3z9Q,learn_relquest,0.0,"[7, 2]",21.0,3.663,1,1.0,462,fourth
Qbkqu9ydbzik1so1edbrfi3z9Q,learn_relquest,0.0,"[0, 6]",22.0,1.604,0,0.0,463,fourth
Qbkqu9ydbzik1so1edbrfi3z9Q,learn_relquest,0.0,"[6, 4]",23.0,1.241,0,0.0,464,fourth
Qbkqu9ydbzik1so1edbrfi3z9Q,learn_relquest,1.0,"[1, 7]",24.0,1.545,1,0.0,465,fourth
Qbkqu9ydbzik1so1edbrfi3z9Q,learn_relquest,1.0,"[5, 6]",25.0,1.874,0,1.0,466,fourth
Qbkqu9ydbzik1so1edbrfi3z9Q,learn_relquest,0.0,"[1, 5]",26.0,1.108,1,1.0,467,fourth
Qbkqu9ydbzik1so1edbrfi3z9Q,learn_relquest,0.0,"[5, 1]",27.0,0.928,1,1.0,468,fourth
Qbkqu9ydbzik1so1edbrfi3z9Q,learn_relquest,0.0,"[3, 2]",0.0,3.669,0,0.0,555,fifth
Qbkqu9ydbzik1so1edbrfi3z9Q,learn_relquest,1.0,"[5, 3]",1.0,1.212,0,1.0,556,fifth
Qbkqu9ydbzik1so1edbrfi3z9Q,learn_relquest,1.0,"[1, 4]",2.0,1.851,1,0.0,557,fifth
Qbkqu9ydbzik1so1edbrfi3z9Q,learn_relquest,1.0,"[6, 7]",3.0,2.109,1,0.0,558,fifth
Qbkqu9ydbzik1so1edbrfi3z9Q,learn_relquest,0.0,"[5, 0]",4.0,1.065,1,1.0,559,fifth
Qbkqu9ydbzik1so1edbrfi3z9Q,learn_relquest,0.0,"[5, 7]",5.0,1.353,1,1.0,560,fifth
Qbkqu9ydbzik1so1edbrfi3z9Q,learn_relquest,1.0,"[7, 6]",6.0,0.968,0,1.0,561,fifth
Qbkqu9ydbzik1so1edbrfi3z9Q,learn_relquest,0.0,"[0, 2]",7.0,1.255,1,1.0,562,fifth
Qbkqu9ydbzik1so1edbrfi3z9Q,learn_relquest,1.0,"[7, 0]",8.0,0.729,0,1.0,563,fifth
Qbkqu9ydbzik1so1edbrfi3z9Q,learn_relquest,1.0,"[6, 2]",9.0,0.773,0,1.0,564,fifth
Qbkqu9ydbzik1so1edbrfi3z9Q,learn_relquest,0.0,"[3, 0]",10.0,0.961,0,0.0,565,fifth
Qbkqu9ydbzik1so1edbrfi3z9Q,learn_relquest,1.0,"[7, 1]",11.0,1.368,1,0.0,566,fifth
Qbkqu9ydbzik1so1edbrfi3z9Q,learn_relquest,0.0,"[2, 0]",12.0,1.093,0,0.0,567,fifth
Qbkqu9ydbzik1so1edbrfi3z9Q,learn_relquest,0.0,"[7, 4]",13.0,1.663,1,1.0,568,fifth
Qbkqu9ydbzik1so1edbrfi3z9Q,learn_relquest,1.0,"[2, 6]",14.0,1.134,1,0.0,569,fifth
Qbkqu9ydbzik1so1edbrfi3z9Q,learn_relquest,1.0,"[6, 5]",15.0,7.473,0,1.0,570,fifth
Qbkqu9ydbzik1so1edbrfi3z9Q,learn_relquest,0.0,"[5, 4]",16.0,8.223,1,1.0,571,fifth
Qbkqu9ydbzik1so1edbrfi3z9Q,learn_relquest,0.0,"[1, 5]",17.0,1.336,1,1.0,572,fifth
Qbkqu9ydbzik1so1edbrfi3z9Q,learn_relquest,0.0,"[4, 7]",18.0,1.829,1,1.0,573,fifth
Qbkqu9ydbzik1so1edbrfi3z9Q,learn_relquest,1.0,"[3, 5]",19.0,2.656,0,1.0,574,fifth
Qbkqu9ydbzik1so1edbrfi3z9Q,learn_relquest,1.0,"[1, 7]",20.0,1.333,0,1.0,575,fifth
Qbkqu9ydbzik1so1edbrfi3z9Q,learn_relquest,0.0,"[3, 4]",21.0,1.167,0,0.0,576,fifth
Qbkqu9ydbzik1so1edbrfi3z9Q,learn_relquest,0.0,"[7, 3]",22.0,1.019,0,0.0,577,fifth
Qbkqu9ydbzik1so1edbrfi3z9Q,learn_relquest,0.0,"[5, 2]",23.0,2.164,1,1.0,578,fifth
Qbkqu9ydbzik1so1edbrfi3z9Q,learn_relquest,1.0,"[0, 7]",24.0,0.997,0,1.0,579,fifth
Qbkqu9ydbzik1so1edbrfi3z9Q,learn_relquest,1.0,"[4, 1]",25.0,0.953,0,1.0,580,fifth
Qbkqu9ydbzik1so1edbrfi3z9Q,learn_relquest,1.0,"[5, 6]",26.0,0.896,0,1.0,581,fifth
Qbkqu9ydbzik1so1edbrfi3z9Q,learn_relquest,0.0,"[3, 6]",27.0,0.946,0,0.0,582,fifth
Qjysofzhgjqseql0upyzglka6Q,learn_relquest,1.0,"[5, 3]",0.0,9.326,0,1.0,99,first
Qjysofzhgjqseql0upyzglka6Q,learn_relquest,0.0,"[7, 2]",1.0,2.756,0,0.0,100,first
Qjysofzhgjqseql0upyzglka6Q,learn_relquest,0.0,"[4, 3]",2.0,4.75,0,0.0,101,first
Qjysofzhgjqseql0upyzglka6Q,learn_relquest,0.0,"[7, 5]",3.0,5.097,0,0.0,102,first
Qjysofzhgjqseql0upyzglka6Q,learn_relquest,0.0,"[5, 4]",4.0,2.482,0,0.0,103,first
Qjysofzhgjqseql0upyzglka6Q,learn_relquest,0.0,"[1, 2]",5.0,2.681,0,0.0,104,first
Qjysofzhgjqseql0upyzglka6Q,learn_relquest,0.0,"[3, 0]",6.0,2.536,0,0.0,105,first
Qjysofzhgjqseql0upyzglka6Q,learn_relquest,0.0,"[2, 5]",7.0,2.424,0,0.0,106,first
Qjysofzhgjqseql0upyzglka6Q,learn_relquest,1.0,"[3, 5]",8.0,2.625,0,1.0,107,first
Qjysofzhgjqseql0upyzglka6Q,learn_relquest,0.0,"[7, 4]",9.0,2.458,0,0.0,108,first
Qjysofzhgjqseql0upyzglka6Q,learn_relquest,1.0,"[6, 7]",10.0,2.762,0,1.0,109,first
Qjysofzhgjqseql0upyzglka6Q,learn_relquest,1.0,"[5, 6]",11.0,2.246,0,1.0,110,first
Qjysofzhgjqseql0upyzglka6Q,learn_relquest,1.0,"[0, 7]",12.0,2.111,0,1.0,111,first
Qjysofzhgjqseql0upyzglka6Q,learn_relquest,0.0,"[4, 5]",13.0,2.722,0,0.0,112,first
Qjysofzhgjqseql0upyzglka6Q,learn_relquest,0.0,"[2, 7]",14.0,3.931,0,0.0,113,first
Qjysofzhgjqseql0upyzglka6Q,learn_relquest,1.0,"[7, 6]",15.0,2.712,1,0.0,114,first
Qjysofzhgjqseql0upyzglka6Q,learn_relquest,0.0,"[0, 1]",16.0,1.751,0,0.0,115,first
Qjysofzhgjqseql0upyzglka6Q,learn_relquest,0.0,"[2, 0]",17.0,1.458,0,0.0,116,first
Qjysofzhgjqseql0upyzglka6Q,learn_relquest,1.0,"[7, 0]",18.0,2.556,0,1.0,117,first
Qjysofzhgjqseql0upyzglka6Q,learn_relquest,0.0,"[5, 2]",19.0,2.934,0,0.0,118,first
Qjysofzhgjqseql0upyzglka6Q,learn_relquest,1.0,"[1, 7]",20.0,1.535,0,1.0,119,first
Qjysofzhgjqseql0upyzglka6Q,learn_relquest,1.0,"[6, 5]",21.0,2.747,0,1.0,120,first
Qjysofzhgjqseql0upyzglka6Q,learn_relquest,0.0,"[2, 3]",22.0,1.624,0,0.0,121,first
Qjysofzhgjqseql0upyzglka6Q,learn_relquest,1.0,"[7, 1]",23.0,1.362,0,1.0,122,first
Qjysofzhgjqseql0upyzglka6Q,learn_relquest,1.0,"[6, 2]",24.0,2.235,0,1.0,123,first
Qjysofzhgjqseql0upyzglka6Q,learn_relquest,1.0,"[1, 4]",25.0,2.085,0,1.0,124,first
Qjysofzhgjqseql0upyzglka6Q,learn_relquest,1.0,"[4, 1]",26.0,2.325,0,1.0,125,first
Qjysofzhgjqseql0upyzglka6Q,learn_relquest,1.0,"[2, 6]",27.0,2.534,0,1.0,126,first
Qjysofzhgjqseql0upyzglka6Q,learn_relquest,0.0,"[0, 3]",0.0,57.537,1,1.0,213,second
Qjysofzhgjqseql0upyzglka6Q,learn_relquest,1.0,"[0, 7]",1.0,11.575,0,1.0,214,second
Qjysofzhgjqseql0upyzglka6Q,learn_relquest,1.0,"[7, 0]",2.0,6.944,0,1.0,215,second
Qjysofzhgjqseql0upyzglka6Q,learn_relquest,1.0,"[7, 1]",3.0,16.893,0,1.0,216,second
Qjysofzhgjqseql0upyzglka6Q,learn_relquest,1.0,"[7, 6]",4.0,9.408,0,1.0,217,second
Qjysofzhgjqseql0upyzglka6Q,learn_relquest,0.0,"[6, 0]",5.0,31.298,1,1.0,218,second
Qjysofzhgjqseql0upyzglka6Q,learn_relquest,1.0,"[4, 1]",6.0,17.014,0,1.0,219,second
Qjysofzhgjqseql0upyzglka6Q,learn_relquest,0.0,"[5, 4]",7.0,64.002,1,1.0,220,second
Qjysofzhgjqseql0upyzglka6Q,learn_relquest,1.0,"[6, 2]",8.0,12.723,0,1.0,221,second
Qjysofzhgjqseql0upyzglka6Q,learn_relquest,1.0,"[5, 3]",9.0,7.063,0,1.0,222,second
Qjysofzhgjqseql0upyzglka6Q,learn_relquest,1.0,"[6, 5]",10.0,10.816,0,1.0,223,second
Qjysofzhgjqseql0upyzglka6Q,learn_relquest,1.0,"[5, 6]",11.0,1.709,0,1.0,224,second
Qjysofzhgjqseql0upyzglka6Q,learn_relquest,0.0,"[2, 7]",12.0,58.437,1,1.0,225,second
Qjysofzhgjqseql0upyzglka6Q,learn_relquest,1.0,"[6, 7]",13.0,17.065,0,1.0,226,second
Qjysofzhgjqseql0upyzglka6Q,learn_relquest,0.0,"[2, 4]",14.0,55.749,1,1.0,227,second
Qjysofzhgjqseql0upyzglka6Q,learn_relquest,0.0,"[0, 1]",15.0,39.295,1,1.0,228,second
Qjysofzhgjqseql0upyzglka6Q,learn_relquest,1.0,"[1, 7]",16.0,42.367,1,0.0,229,second
Qjysofzhgjqseql0upyzglka6Q,learn_relquest,0.0,"[1, 0]",17.0,38.666,1,1.0,230,second
Qjysofzhgjqseql0upyzglka6Q,learn_relquest,1.0,"[1, 4]",18.0,4.272,0,1.0,231,second
Qjysofzhgjqseql0upyzglka6Q,learn_relquest,0.0,"[1, 3]",19.0,15.287,1,1.0,232,second
Qjysofzhgjqseql0upyzglka6Q,learn_relquest,1.0,"[3, 5]",20.0,26.953,0,1.0,233,second
Qjysofzhgjqseql0upyzglka6Q,learn_relquest,0.0,"[5, 0]",21.0,29.434,1,1.0,234,second
Qjysofzhgjqseql0upyzglka6Q,learn_relquest,0.0,"[5, 2]",22.0,20.532,1,1.0,235,second
Qjysofzhgjqseql0upyzglka6Q,learn_relquest,1.0,"[2, 6]",23.0,3.972,0,1.0,236,second
Qjysofzhgjqseql0upyzglka6Q,learn_relquest,0.0,"[7, 5]",24.0,24.152,0,0.0,237,second
Qjysofzhgjqseql0upyzglka6Q,learn_relquest,0.0,"[0, 6]",25.0,59.465,1,1.0,238,second
Qjysofzhgjqseql0upyzglka6Q,learn_relquest,0.0,"[2, 5]",26.0,37.857,1,1.0,239,second
Qjysofzhgjqseql0upyzglka6Q,learn_relquest,0.0,"[1, 2]",27.0,40.717,1,1.0,240,second
Qjysofzhgjqseql0upyzglka6Q,learn_relquest,0.0,"[0, 5]",0.0,38.245,1,1.0,327,third
Qjysofzhgjqseql0upyzglka6Q,learn_relquest,0.0,"[1, 0]",1.0,33.024,1,1.0,328,third
Qjysofzhgjqseql0upyzglka6Q,learn_relquest,1.0,"[1, 7]",2.0,26.227,0,1.0,329,third
Qjysofzhgjqseql0upyzglka6Q,learn_relquest,1.0,"[2, 6]",3.0,14.776,0,1.0,330,third
Qjysofzhgjqseql0upyzglka6Q,learn_relquest,0.0,"[7, 5]",4.0,72.42,1,1.0,331,third
Qjysofzhgjqseql0upyzglka6Q,learn_relquest,0.0,"[3, 6]",5.0,43.328,1,1.0,332,third
Qjysofzhgjqseql0upyzglka6Q,learn_relquest,0.0,"[1, 2]",6.0,19.278,1,1.0,333,third
Qjysofzhgjqseql0upyzglka6Q,learn_relquest,0.0,"[5, 0]",7.0,36.34,1,1.0,334,third
Qjysofzhgjqseql0upyzglka6Q,learn_relquest,0.0,"[0, 3]",8.0,6.074,0,0.0,335,third
Qjysofzhgjqseql0upyzglka6Q,learn_relquest,0.0,"[5, 7]",9.0,35.85,1,1.0,336,third
Qjysofzhgjqseql0upyzglka6Q,learn_relquest,0.0,"[4, 3]",10.0,1.888,1,1.0,337,third
Qjysofzhgjqseql0upyzglka6Q,learn_relquest,1.0,"[5, 6]",11.0,2.946,0,1.0,338,third
Qjysofzhgjqseql0upyzglka6Q,learn_relquest,1.0,"[7, 0]",12.0,10.864,0,1.0,339,third
Qjysofzhgjqseql0upyzglka6Q,learn_relquest,1.0,"[5, 3]",13.0,13.985,0,1.0,340,third
Qjysofzhgjqseql0upyzglka6Q,learn_relquest,0.0,"[5, 4]",14.0,43.705,1,1.0,341,third
Qjysofzhgjqseql0upyzglka6Q,learn_relquest,1.0,"[1, 4]",15.0,2.18,0,1.0,342,third
Qjysofzhgjqseql0upyzglka6Q,learn_relquest,0.0,"[1, 5]",16.0,2.439,0,0.0,343,third
Qjysofzhgjqseql0upyzglka6Q,learn_relquest,0.0,"[0, 4]",17.0,41.556,1,1.0,344,third
Qjysofzhgjqseql0upyzglka6Q,learn_relquest,1.0,"[7, 1]",18.0,10.954,0,1.0,345,third
Qjysofzhgjqseql0upyzglka6Q,learn_relquest,1.0,"[6, 2]",19.0,9.155,0,1.0,346,third
Qjysofzhgjqseql0upyzglka6Q,learn_relquest,0.0,"[3, 4]",20.0,7.064,1,1.0,347,third
Qjysofzhgjqseql0upyzglka6Q,learn_relquest,1.0,"[6, 7]",21.0,13.276,0,1.0,348,third
Qjysofzhgjqseql0upyzglka6Q,learn_relquest,1.0,"[6, 5]",22.0,14.249,0,1.0,349,third
Qjysofzhgjqseql0upyzglka6Q,learn_relquest,1.0,"[7, 6]",23.0,9.002,0,1.0,350,third
Qjysofzhgjqseql0upyzglka6Q,learn_relquest,1.0,"[4, 1]",24.0,2.208,0,1.0,351,third
Qjysofzhgjqseql0upyzglka6Q,learn_relquest,0.0,"[2, 7]",25.0,1.466,0,0.0,352,third
Qjysofzhgjqseql0upyzglka6Q,learn_relquest,1.0,"[0, 7]",26.0,1.385,0,1.0,353,third
Qjysofzhgjqseql0upyzglka6Q,learn_relquest,1.0,"[3, 5]",27.0,8.837,0,1.0,354,third
Qtutf0km1iqlciu58tbg99iyjQ,learn_relquest,0.0,"[1, 2]",0.0,10.959,0,0.0,99,first
Qtutf0km1iqlciu58tbg99iyjQ,learn_relquest,1.0,"[7, 0]",1.0,5.201,0,1.0,100,first
Qtutf0km1iqlciu58tbg99iyjQ,learn_relquest,0.0,"[6, 3]",2.0,3.655,0,0.0,101,first
Qtutf0km1iqlciu58tbg99iyjQ,learn_relquest,0.0,"[1, 3]",3.0,2.725,0,0.0,102,first
Qtutf0km1iqlciu58tbg99iyjQ,learn_relquest,1.0,"[5, 3]",4.0,4.629,0,1.0,103,first
Qtutf0km1iqlciu58tbg99iyjQ,learn_relquest,0.0,"[0, 2]",5.0,3.782,0,0.0,104,first
Qtutf0km1iqlciu58tbg99iyjQ,learn_relquest,1.0,"[1, 7]",6.0,21.207,0,1.0,105,first
Qtutf0km1iqlciu58tbg99iyjQ,learn_relquest,1.0,"[0, 7]",7.0,3.159,0,1.0,106,first
Qtutf0km1iqlciu58tbg99iyjQ,learn_relquest,1.0,"[5, 6]",8.0,3.231,0,1.0,107,first
Qtutf0km1iqlciu58tbg99iyjQ,learn_relquest,0.0,"[2, 5]",9.0,2.899,0,0.0,108,first
Qtutf0km1iqlciu58tbg99iyjQ,learn_relquest,1.0,"[1, 4]",10.0,2.166,0,1.0,109,first
Qtutf0km1iqlciu58tbg99iyjQ,learn_relquest,0.0,"[4, 3]",11.0,4.555,1,1.0,110,first
Qtutf0km1iqlciu58tbg99iyjQ,learn_relquest,0.0,"[7, 5]",12.0,2.024,0,0.0,111,first
Qtutf0km1iqlciu58tbg99iyjQ,learn_relquest,1.0,"[3, 5]",13.0,1.279,0,1.0,112,first
Qtutf0km1iqlciu58tbg99iyjQ,learn_relquest,0.0,"[3, 0]",14.0,4.057,0,0.0,113,first
Qtutf0km1iqlciu58tbg99iyjQ,learn_relquest,1.0,"[7, 6]",15.0,2.149,0,1.0,114,first
Qtutf0km1iqlciu58tbg99iyjQ,learn_relquest,0.0,"[2, 0]",16.0,7.365,1,1.0,115,first
Qtutf0km1iqlciu58tbg99iyjQ,learn_relquest,0.0,"[3, 7]",17.0,1.521,0,0.0,116,first
Qtutf0km1iqlciu58tbg99iyjQ,learn_relquest,0.0,"[7, 2]",18.0,0.907,0,0.0,117,first
Qtutf0km1iqlciu58tbg99iyjQ,learn_relquest,1.0,"[6, 5]",19.0,0.777,0,1.0,118,first
Qtutf0km1iqlciu58tbg99iyjQ,learn_relquest,0.0,"[3, 2]",20.0,2.395,0,0.0,119,first
Qtutf0km1iqlciu58tbg99iyjQ,learn_relquest,1.0,"[6, 7]",21.0,5.541,0,1.0,120,first
Qtutf0km1iqlciu58tbg99iyjQ,learn_relquest,1.0,"[6, 2]",22.0,1.646,0,1.0,121,first
Qtutf0km1iqlciu58tbg99iyjQ,learn_relquest,0.0,"[2, 3]",23.0,1.886,0,0.0,122,first
Qtutf0km1iqlciu58tbg99iyjQ,learn_relquest,1.0,"[2, 6]",24.0,2.158,0,1.0,123,first
Qtutf0km1iqlciu58tbg99iyjQ,learn_relquest,1.0,"[4, 1]",25.0,2.711,0,1.0,124,first
Qtutf0km1iqlciu58tbg99iyjQ,learn_relquest,0.0,"[5, 1]",26.0,3.837,0,0.0,125,first
Qtutf0km1iqlciu58tbg99iyjQ,learn_relquest,1.0,"[7, 1]",27.0,9.001,0,1.0,126,first
Qtutf0km1iqlciu58tbg99iyjQ,learn_relquest,1.0,"[6, 5]",0.0,4.475,0,1.0,213,second
Qtutf0km1iqlciu58tbg99iyjQ,learn_relquest,1.0,"[5, 3]",1.0,1.762,0,1.0,214,second
Qtutf0km1iqlciu58tbg99iyjQ,learn_relquest,1.0,"[4, 1]",2.0,2.037,0,1.0,215,second
Qtutf0km1iqlciu58tbg99iyjQ,learn_relquest,0.0,"[5, 7]",3.0,2.689,0,0.0,216,second
Qtutf0km1iqlciu58tbg99iyjQ,learn_relquest,0.0,"[3, 2]",4.0,1.389,0,0.0,217,second
Qtutf0km1iqlciu58tbg99iyjQ,learn_relquest,1.0,"[1, 4]",5.0,1.484,0,1.0,218,second
Qtutf0km1iqlciu58tbg99iyjQ,learn_relquest,1.0,"[7, 6]",6.0,1.421,0,1.0,219,second
Qtutf0km1iqlciu58tbg99iyjQ,learn_relquest,1.0,"[2, 6]",7.0,1.864,0,1.0,220,second
Qtutf0km1iqlciu58tbg99iyjQ,learn_relquest,1.0,"[1, 7]",8.0,2.116,0,1.0,221,second
Qtutf0km1iqlciu58tbg99iyjQ,learn_relquest,1.0,"[0, 7]",9.0,1.371,0,1.0,222,second
Qtutf0km1iqlciu58tbg99iyjQ,learn_relquest,1.0,"[7, 1]",10.0,2.013,0,1.0,223,second
Qtutf0km1iqlciu58tbg99iyjQ,learn_relquest,0.0,"[0, 6]",11.0,3.478,1,1.0,224,second
Qtutf0km1iqlciu58tbg99iyjQ,learn_relquest,0.0,"[0, 3]",12.0,2.749,1,1.0,225,second
Qtutf0km1iqlciu58tbg99iyjQ,learn_relquest,1.0,"[3, 5]",13.0,1.142,0,1.0,226,second
Qtutf0km1iqlciu58tbg99iyjQ,learn_relquest,0.0,"[2, 0]",14.0,0.767,0,0.0,227,second
Qtutf0km1iqlciu58tbg99iyjQ,learn_relquest,0.0,"[6, 1]",15.0,1.133,0,0.0,228,second
Qtutf0km1iqlciu58tbg99iyjQ,learn_relquest,0.0,"[2, 4]",16.0,0.617,0,0.0,229,second
Qtutf0km1iqlciu58tbg99iyjQ,learn_relquest,0.0,"[2, 5]",17.0,1.128,0,0.0,230,second
Qtutf0km1iqlciu58tbg99iyjQ,learn_relquest,1.0,"[7, 0]",18.0,1.7,0,1.0,231,second
Qtutf0km1iqlciu58tbg99iyjQ,learn_relquest,1.0,"[5, 6]",19.0,1.723,0,1.0,232,second
Qtutf0km1iqlciu58tbg99iyjQ,learn_relquest,0.0,"[4, 7]",20.0,1.144,0,0.0,233,second
Qtutf0km1iqlciu58tbg99iyjQ,learn_relquest,1.0,"[6, 7]",21.0,3.272,0,1.0,234,second
Qtutf0km1iqlciu58tbg99iyjQ,learn_relquest,1.0,"[6, 2]",22.0,1.403,0,1.0,235,second
Qtutf0km1iqlciu58tbg99iyjQ,learn_relquest,0.0,"[0, 1]",23.0,1.846,0,0.0,236,second
Qtutf0km1iqlciu58tbg99iyjQ,learn_relquest,0.0,"[4, 3]",24.0,3.661,1,1.0,237,second
Qtutf0km1iqlciu58tbg99iyjQ,learn_relquest,0.0,"[2, 3]",25.0,1.445,0,0.0,238,second
Qtutf0km1iqlciu58tbg99iyjQ,learn_relquest,0.0,"[7, 2]",26.0,1.439,0,0.0,239,second
Qtutf0km1iqlciu58tbg99iyjQ,learn_relquest,0.0,"[6, 3]",27.0,4.718,0,0.0,240,second
Qtutf0km1iqlciu58tbg99iyjQ,learn_relquest,0.0,"[0, 3]",0.0,3.49,0,0.0,327,third
Qtutf0km1iqlciu58tbg99iyjQ,learn_relquest,0.0,"[6, 0]",1.0,1.225,0,0.0,328,third
Qtutf0km1iqlciu58tbg99iyjQ,learn_relquest,1.0,"[2, 6]",2.0,0.967,0,1.0,329,third
Qtutf0km1iqlciu58tbg99iyjQ,learn_relquest,0.0,"[3, 1]",3.0,2.801,1,1.0,330,third
Qtutf0km1iqlciu58tbg99iyjQ,learn_relquest,0.0,"[5, 7]",4.0,1.237,0,0.0,331,third
Qtutf0km1iqlciu58tbg99iyjQ,learn_relquest,1.0,"[7, 6]",5.0,1.267,0,1.0,332,third
Qtutf0km1iqlciu58tbg99iyjQ,learn_relquest,1.0,"[7, 0]",6.0,0.586,0,1.0,333,third
Qtutf0km1iqlciu58tbg99iyjQ,learn_relquest,0.0,"[6, 4]",7.0,0.504,0,0.0,334,third
Qtutf0km1iqlciu58tbg99iyjQ,learn_relquest,1.0,"[6, 2]",8.0,0.489,0,1.0,335,third
Qtutf0km1iqlciu58tbg99iyjQ,learn_relquest,1.0,"[6, 7]",9.0,0.487,0,1.0,336,third
Qtutf0km1iqlciu58tbg99iyjQ,learn_relquest,1.0,"[1, 7]",10.0,0.675,0,1.0,337,third
Qtutf0km1iqlciu58tbg99iyjQ,learn_relquest,0.0,"[3, 0]",11.0,0.491,0,0.0,338,third
Qtutf0km1iqlciu58tbg99iyjQ,learn_relquest,1.0,"[1, 4]",12.0,0.525,0,1.0,339,third
Qtutf0km1iqlciu58tbg99iyjQ,learn_relquest,1.0,"[6, 5]",13.0,0.586,0,1.0,340,third
Qtutf0km1iqlciu58tbg99iyjQ,learn_relquest,0.0,"[4, 3]",14.0,0.445,0,0.0,341,third
Qtutf0km1iqlciu58tbg99iyjQ,learn_relquest,0.0,"[2, 4]",15.0,0.495,0,0.0,342,third
Qtutf0km1iqlciu58tbg99iyjQ,learn_relquest,0.0,"[7, 2]",16.0,0.471,0,0.0,343,third
Qtutf0km1iqlciu58tbg99iyjQ,learn_relquest,1.0,"[5, 6]",17.0,0.426,0,1.0,344,third
Qtutf0km1iqlciu58tbg99iyjQ,learn_relquest,1.0,"[5, 3]",18.0,0.469,0,1.0,345,third
Qtutf0km1iqlciu58tbg99iyjQ,learn_relquest,0.0,"[0, 4]",19.0,3.523,1,1.0,346,third
Qtutf0km1iqlciu58tbg99iyjQ,learn_relquest,0.0,"[1, 5]",20.0,0.801,0,0.0,347,third
Qtutf0km1iqlciu58tbg99iyjQ,learn_relquest,1.0,"[3, 5]",21.0,0.543,0,1.0,348,third
Qtutf0km1iqlciu58tbg99iyjQ,learn_relquest,1.0,"[7, 1]",22.0,1.759,0,1.0,349,third
Qtutf0km1iqlciu58tbg99iyjQ,learn_relquest,0.0,"[2, 1]",23.0,0.501,0,0.0,350,third
Qtutf0km1iqlciu58tbg99iyjQ,learn_relquest,0.0,"[5, 2]",24.0,0.608,0,0.0,351,third
Qtutf0km1iqlciu58tbg99iyjQ,learn_relquest,1.0,"[0, 7]",25.0,0.519,0,1.0,352,third
Qtutf0km1iqlciu58tbg99iyjQ,learn_relquest,0.0,"[5, 0]",26.0,0.971,0,0.0,353,third
Qtutf0km1iqlciu58tbg99iyjQ,learn_relquest,1.0,"[4, 1]",27.0,3.07,0,1.0,354,third
Qtutf0km1iqlciu58tbg99iyjQ,learn_relquest,1.0,"[5, 6]",0.0,4.823,0,1.0,441,fourth
Qtutf0km1iqlciu58tbg99iyjQ,learn_relquest,0.0,"[4, 6]",1.0,3.336,0,0.0,442,fourth
Qtutf0km1iqlciu58tbg99iyjQ,learn_relquest,1.0,"[1, 7]",2.0,2.127,0,1.0,443,fourth
Qtutf0km1iqlciu58tbg99iyjQ,learn_relquest,0.0,"[6, 4]",3.0,5.205,1,1.0,444,fourth
Qtutf0km1iqlciu58tbg99iyjQ,learn_relquest,0.0,"[0, 4]",4.0,4.118,1,1.0,445,fourth
Qtutf0km1iqlciu58tbg99iyjQ,learn_relquest,0.0,"[3, 2]",5.0,3.629,0,0.0,446,fourth
Qtutf0km1iqlciu58tbg99iyjQ,learn_relquest,0.0,"[4, 5]",6.0,2.781,1,1.0,447,fourth
Qtutf0km1iqlciu58tbg99iyjQ,learn_relquest,1.0,"[6, 7]",7.0,1.401,0,1.0,448,fourth
Qtutf0km1iqlciu58tbg99iyjQ,learn_relquest,0.0,"[5, 0]",8.0,1.723,0,0.0,449,fourth
Qtutf0km1iqlciu58tbg99iyjQ,learn_relquest,0.0,"[2, 7]",9.0,1.149,0,0.0,450,fourth
Qtutf0km1iqlciu58tbg99iyjQ,learn_relquest,0.0,"[7, 3]",10.0,2.842,0,0.0,451,fourth
Qtutf0km1iqlciu58tbg99iyjQ,learn_relquest,1.0,"[5, 3]",11.0,1.127,0,1.0,452,fourth
Qtutf0km1iqlciu58tbg99iyjQ,learn_relquest,1.0,"[4, 1]",12.0,3.231,1,0.0,453,fourth
Qtutf0km1iqlciu58tbg99iyjQ,learn_relquest,1.0,"[1, 4]",13.0,1.783,0,1.0,454,fourth
Qtutf0km1iqlciu58tbg99iyjQ,learn_relquest,0.0,"[6, 0]",14.0,1.301,0,0.0,455,fourth
Qtutf0km1iqlciu58tbg99iyjQ,learn_relquest,1.0,"[7, 1]",15.0,1.265,0,1.0,456,fourth
Qtutf0km1iqlciu58tbg99iyjQ,learn_relquest,0.0,"[4, 0]",16.0,1.925,0,0.0,457,fourth
Qtutf0km1iqlciu58tbg99iyjQ,learn_relquest,0.0,"[5, 2]",17.0,2.209,1,1.0,458,fourth
Qtutf0km1iqlciu58tbg99iyjQ,learn_relquest,1.0,"[7, 6]",18.0,1.371,0,1.0,459,fourth
Qtutf0km1iqlciu58tbg99iyjQ,learn_relquest,1.0,"[6, 5]",19.0,0.991,0,1.0,460,fourth
Qtutf0km1iqlciu58tbg99iyjQ,learn_relquest,0.0,"[1, 6]",20.0,2.113,0,0.0,461,fourth
Qtutf0km1iqlciu58tbg99iyjQ,learn_relquest,0.0,"[1, 3]",21.0,3.863,0,0.0,462,fourth
Qtutf0km1iqlciu58tbg99iyjQ,learn_relquest,1.0,"[2, 6]",22.0,1.929,0,1.0,463,fourth
Qtutf0km1iqlciu58tbg99iyjQ,learn_relquest,1.0,"[7, 0]",23.0,2.017,0,1.0,464,fourth
Qtutf0km1iqlciu58tbg99iyjQ,learn_relquest,1.0,"[0, 7]",24.0,2.076,0,1.0,465,fourth
Qtutf0km1iqlciu58tbg99iyjQ,learn_relquest,1.0,"[6, 2]",25.0,1.273,0,1.0,466,fourth
Qtutf0km1iqlciu58tbg99iyjQ,learn_relquest,1.0,"[3, 5]",26.0,3.967,0,1.0,467,fourth
Qtutf0km1iqlciu58tbg99iyjQ,learn_relquest,0.0,"[1, 5]",27.0,1.051,0,0.0,468,fourth
Qtutf0km1iqlciu58tbg99iyjQ,learn_relquest,0.0,"[1, 6]",0.0,2.739,0,0.0,555,fifth
Qtutf0km1iqlciu58tbg99iyjQ,learn_relquest,1.0,"[7, 1]",1.0,1.617,0,1.0,556,fifth
Qtutf0km1iqlciu58tbg99iyjQ,learn_relquest,0.0,"[5, 1]",2.0,1.521,0,0.0,557,fifth
Qtutf0km1iqlciu58tbg99iyjQ,learn_relquest,1.0,"[7, 0]",3.0,1.579,0,1.0,558,fifth
Qtutf0km1iqlciu58tbg99iyjQ,learn_relquest,0.0,"[0, 2]",4.0,2.435,1,1.0,559,fifth
Qtutf0km1iqlciu58tbg99iyjQ,learn_relquest,1.0,"[3, 5]",5.0,4.09,1,0.0,560,fifth
Qtutf0km1iqlciu58tbg99iyjQ,learn_relquest,0.0,"[7, 2]",6.0,1.813,0,0.0,561,fifth
Qtutf0km1iqlciu58tbg99iyjQ,learn_relquest,1.0,"[2, 6]",7.0,0.807,0,1.0,562,fifth
Qtutf0km1iqlciu58tbg99iyjQ,learn_relquest,1.0,"[0, 7]",8.0,1.162,0,1.0,563,fifth
Qtutf0km1iqlciu58tbg99iyjQ,learn_relquest,1.0,"[6, 5]",9.0,1.513,0,1.0,564,fifth
Qtutf0km1iqlciu58tbg99iyjQ,learn_relquest,0.0,"[4, 3]",10.0,3.737,1,1.0,565,fifth
Qtutf0km1iqlciu58tbg99iyjQ,learn_relquest,0.0,"[4, 5]",11.0,2.024,0,0.0,566,fifth
Qtutf0km1iqlciu58tbg99iyjQ,learn_relquest,1.0,"[7, 6]",12.0,1.235,0,1.0,567,fifth
Qtutf0km1iqlciu58tbg99iyjQ,learn_relquest,0.0,"[3, 6]",13.0,5.048,0,0.0,568,fifth
Qtutf0km1iqlciu58tbg99iyjQ,learn_relquest,1.0,"[4, 1]",14.0,2.917,0,1.0,569,fifth
Qtutf0km1iqlciu58tbg99iyjQ,learn_relquest,0.0,"[1, 2]",15.0,1.222,0,0.0,570,fifth
Qtutf0km1iqlciu58tbg99iyjQ,learn_relquest,0.0,"[1, 0]",16.0,3.235,0,0.0,571,fifth
Qtutf0km1iqlciu58tbg99iyjQ,learn_relquest,1.0,"[6, 2]",17.0,0.847,0,1.0,572,fifth
Qtutf0km1iqlciu58tbg99iyjQ,learn_relquest,0.0,"[2, 4]",18.0,3.841,0,0.0,573,fifth
Qtutf0km1iqlciu58tbg99iyjQ,learn_relquest,0.0,"[5, 2]",19.0,1.775,1,1.0,574,fifth
Qtutf0km1iqlciu58tbg99iyjQ,learn_relquest,0.0,"[4, 7]",20.0,1.803,0,0.0,575,fifth
Qtutf0km1iqlciu58tbg99iyjQ,learn_relquest,1.0,"[6, 7]",21.0,1.459,0,1.0,576,fifth
Qtutf0km1iqlciu58tbg99iyjQ,learn_relquest,0.0,"[2, 0]",22.0,1.106,0,0.0,577,fifth
Qtutf0km1iqlciu58tbg99iyjQ,learn_relquest,1.0,"[5, 3]",23.0,1.639,0,1.0,578,fifth
Qtutf0km1iqlciu58tbg99iyjQ,learn_relquest,1.0,"[1, 4]",24.0,4.391,0,1.0,579,fifth
Qtutf0km1iqlciu58tbg99iyjQ,learn_relquest,1.0,"[1, 7]",25.0,1.49,0,1.0,580,fifth
Qtutf0km1iqlciu58tbg99iyjQ,learn_relquest,0.0,"[6, 1]",26.0,1.851,0,0.0,581,fifth
Qtutf0km1iqlciu58tbg99iyjQ,learn_relquest,1.0,"[5, 6]",27.0,0.832,0,1.0,582,fifth
Q4cb347l5qkkge30l7xbtg7e6Q,learn_relquest,0.0,"[6, 0]",0.0,5.925,1,1.0,99,first
Q4cb347l5qkkge30l7xbtg7e6Q,learn_relquest,1.0,"[7, 6]",1.0,4.58,1,0.0,100,first
Q4cb347l5qkkge30l7xbtg7e6Q,learn_relquest,1.0,"[5, 3]",2.0,3.262,0,1.0,101,first
Q4cb347l5qkkge30l7xbtg7e6Q,learn_relquest,1.0,"[1, 7]",3.0,3.908,0,1.0,102,first
Q4cb347l5qkkge30l7xbtg7e6Q,learn_relquest,1.0,"[6, 5]",4.0,1.791,0,1.0,103,first
Q4cb347l5qkkge30l7xbtg7e6Q,learn_relquest,0.0,"[4, 3]",5.0,2.458,1,1.0,104,first
Q4cb347l5qkkge30l7xbtg7e6Q,learn_relquest,0.0,"[3, 7]",6.0,4.421,0,0.0,105,first
Q4cb347l5qkkge30l7xbtg7e6Q,learn_relquest,0.0,"[4, 0]",7.0,3.443,0,0.0,106,first
Q4cb347l5qkkge30l7xbtg7e6Q,learn_relquest,0.0,"[6, 3]",8.0,4.643,0,0.0,107,first
Q4cb347l5qkkge30l7xbtg7e6Q,learn_relquest,0.0,"[1, 5]",9.0,6.428,1,1.0,108,first
Q4cb347l5qkkge30l7xbtg7e6Q,learn_relquest,1.0,"[2, 6]",10.0,3.062,0,1.0,109,first
Q4cb347l5qkkge30l7xbtg7e6Q,learn_relquest,0.0,"[6, 4]",11.0,5.576,1,1.0,110,first
Q4cb347l5qkkge30l7xbtg7e6Q,learn_relquest,1.0,"[0, 7]",12.0,2.129,0,1.0,111,first
Q4cb347l5qkkge30l7xbtg7e6Q,learn_relquest,1.0,"[6, 7]",13.0,4.041,0,1.0,112,first
Q4cb347l5qkkge30l7xbtg7e6Q,learn_relquest,1.0,"[3, 5]",14.0,1.967,0,1.0,113,first
Q4cb347l5qkkge30l7xbtg7e6Q,learn_relquest,0.0,"[1, 3]",15.0,4.276,1,1.0,114,first
Q4cb347l5qkkge30l7xbtg7e6Q,learn_relquest,0.0,"[0, 5]",16.0,3.531,1,1.0,115,first
Q4cb347l5qkkge30l7xbtg7e6Q,learn_relquest,1.0,"[7, 1]",17.0,1.72,0,1.0,116,first
Q4cb347l5qkkge30l7xbtg7e6Q,learn_relquest,0.0,"[0, 1]",18.0,5.921,1,1.0,117,first
Q4cb347l5qkkge30l7xbtg7e6Q,learn_relquest,1.0,"[1, 4]",19.0,4.294,1,0.0,118,first
Q4cb347l5qkkge30l7xbtg7e6Q,learn_relquest,0.0,"[1, 2]",20.0,2.576,0,0.0,119,first
Q4cb347l5qkkge30l7xbtg7e6Q,learn_relquest,1.0,"[5, 6]",21.0,1.821,0,1.0,120,first
Q4cb347l5qkkge30l7xbtg7e6Q,learn_relquest,1.0,"[7, 0]",22.0,2.947,0,1.0,121,first
Q4cb347l5qkkge30l7xbtg7e6Q,learn_relquest,1.0,"[6, 2]",23.0,4.11,1,0.0,122,first
Q4cb347l5qkkge30l7xbtg7e6Q,learn_relquest,0.0,"[1, 0]",24.0,4.547,1,1.0,123,first
Q4cb347l5qkkge30l7xbtg7e6Q,learn_relquest,0.0,"[4, 2]",25.0,3.442,1,1.0,124,first
Q4cb347l5qkkge30l7xbtg7e6Q,learn_relquest,0.0,"[2, 0]",26.0,2.531,0,0.0,125,first
Q4cb347l5qkkge30l7xbtg7e6Q,learn_relquest,1.0,"[4, 1]",27.0,6.682,1,0.0,126,first
Q4cb347l5qkkge30l7xbtg7e6Q,learn_relquest,1.0,"[5, 6]",0.0,3.628,0,1.0,99,first
Q4cb347l5qkkge30l7xbtg7e6Q,learn_relquest,1.0,"[1, 4]",1.0,1.708,0,1.0,100,first
Q4cb347l5qkkge30l7xbtg7e6Q,learn_relquest,1.0,"[7, 6]",2.0,3.258,0,1.0,101,first
Q4cb347l5qkkge30l7xbtg7e6Q,learn_relquest,0.0,"[7, 5]",3.0,3.414,1,1.0,102,first
Q4cb347l5qkkge30l7xbtg7e6Q,learn_relquest,0.0,"[5, 1]",4.0,2.421,1,1.0,103,first
Q4cb347l5qkkge30l7xbtg7e6Q,learn_relquest,1.0,"[6, 7]",5.0,2.077,0,1.0,104,first
Q4cb347l5qkkge30l7xbtg7e6Q,learn_relquest,1.0,"[1, 7]",6.0,2.629,0,1.0,105,first
Q4cb347l5qkkge30l7xbtg7e6Q,learn_relquest,0.0,"[1, 2]",7.0,2.581,1,1.0,106,first
Q4cb347l5qkkge30l7xbtg7e6Q,learn_relquest,0.0,"[2, 3]",8.0,2.516,1,1.0,107,first
Q4cb347l5qkkge30l7xbtg7e6Q,learn_relquest,1.0,"[4, 1]",9.0,2.063,0,1.0,108,first
Q4cb347l5qkkge30l7xbtg7e6Q,learn_relquest,0.0,"[4, 7]",10.0,3.381,0,0.0,109,first
Q4cb347l5qkkge30l7xbtg7e6Q,learn_relquest,1.0,"[7, 1]",11.0,9.652,0,1.0,110,first
Q4cb347l5qkkge30l7xbtg7e6Q,learn_relquest,0.0,"[3, 7]",12.0,9.973,1,1.0,111,first
Q4cb347l5qkkge30l7xbtg7e6Q,learn_relquest,0.0,"[2, 1]",13.0,1.468,0,0.0,112,first
Q4cb347l5qkkge30l7xbtg7e6Q,learn_relquest,1.0,"[3, 5]",14.0,1.621,0,1.0,113,first
Q4cb347l5qkkge30l7xbtg7e6Q,learn_relquest,1.0,"[2, 6]",15.0,1.437,0,1.0,114,first
Q4cb347l5qkkge30l7xbtg7e6Q,learn_relquest,0.0,"[5, 4]",16.0,1.853,1,1.0,115,first
Q4cb347l5qkkge30l7xbtg7e6Q,learn_relquest,1.0,"[5, 3]",17.0,1.773,0,1.0,116,first
Q4cb347l5qkkge30l7xbtg7e6Q,learn_relquest,1.0,"[6, 2]",18.0,1.541,0,1.0,117,first
Q4cb347l5qkkge30l7xbtg7e6Q,learn_relquest,1.0,"[6, 5]",19.0,2.052,0,1.0,118,first
Q4cb347l5qkkge30l7xbtg7e6Q,learn_relquest,1.0,"[7, 0]",20.0,1.525,0,1.0,119,first
Q4cb347l5qkkge30l7xbtg7e6Q,learn_relquest,0.0,"[3, 2]",21.0,1.805,1,1.0,120,first
Q4cb347l5qkkge30l7xbtg7e6Q,learn_relquest,0.0,"[1, 0]",22.0,1.709,0,0.0,121,first
Q4cb347l5qkkge30l7xbtg7e6Q,learn_relquest,0.0,"[7, 3]",23.0,2.341,1,1.0,122,first
Q4cb347l5qkkge30l7xbtg7e6Q,learn_relquest,1.0,"[0, 7]",24.0,1.573,0,1.0,123,first
Q4cb347l5qkkge30l7xbtg7e6Q,learn_relquest,0.0,"[2, 7]",25.0,1.748,1,1.0,124,first
Q4cb347l5qkkge30l7xbtg7e6Q,learn_relquest,0.0,"[4, 0]",26.0,2.309,0,0.0,125,first
Q4cb347l5qkkge30l7xbtg7e6Q,learn_relquest,0.0,"[1, 3]",27.0,2.18,1,1.0,126,first
Q4cb347l5qkkge30l7xbtg7e6Q,learn_relquest,1.0,"[5, 6]",0.0,2.941,0,1.0,213,second
Q4cb347l5qkkge30l7xbtg7e6Q,learn_relquest,0.0,"[3, 0]",1.0,1.812,1,1.0,214,second
Q4cb347l5qkkge30l7xbtg7e6Q,learn_relquest,1.0,"[2, 6]",2.0,1.636,0,1.0,215,second
Q4cb347l5qkkge30l7xbtg7e6Q,learn_relquest,1.0,"[6, 7]",3.0,2.772,0,1.0,216,second
Q4cb347l5qkkge30l7xbtg7e6Q,learn_relquest,1.0,"[4, 1]",4.0,1.269,0,1.0,217,second
Q4cb347l5qkkge30l7xbtg7e6Q,learn_relquest,0.0,"[5, 0]",5.0,2.885,1,1.0,218,second
Q4cb347l5qkkge30l7xbtg7e6Q,learn_relquest,0.0,"[4, 2]",6.0,1.309,0,0.0,219,second
Q4cb347l5qkkge30l7xbtg7e6Q,learn_relquest,0.0,"[3, 6]",7.0,2.461,0,0.0,220,second
Q4cb347l5qkkge30l7xbtg7e6Q,learn_relquest,0.0,"[3, 2]",8.0,2.077,1,1.0,221,second
Q4cb347l5qkkge30l7xbtg7e6Q,learn_relquest,0.0,"[4, 5]",9.0,2.852,1,1.0,222,second
Q4cb347l5qkkge30l7xbtg7e6Q,learn_relquest,0.0,"[5, 2]",10.0,2.028,0,0.0,223,second
Q4cb347l5qkkge30l7xbtg7e6Q,learn_relquest,1.0,"[3, 5]",11.0,1.301,0,1.0,224,second
Q4cb347l5qkkge30l7xbtg7e6Q,learn_relquest,1.0,"[0, 7]",12.0,1.053,0,1.0,225,second
Q4cb347l5qkkge30l7xbtg7e6Q,learn_relquest,0.0,"[1, 0]",13.0,1.309,0,0.0,226,second
Q4cb347l5qkkge30l7xbtg7e6Q,learn_relquest,1.0,"[7, 0]",14.0,1.108,0,1.0,227,second
Q4cb347l5qkkge30l7xbtg7e6Q,learn_relquest,1.0,"[6, 2]",15.0,2.165,0,1.0,228,second
Q4cb347l5qkkge30l7xbtg7e6Q,learn_relquest,0.0,"[7, 2]",16.0,1.358,0,0.0,229,second
Q4cb347l5qkkge30l7xbtg7e6Q,learn_relquest,0.0,"[7, 4]",17.0,2.94,1,1.0,230,second
Q4cb347l5qkkge30l7xbtg7e6Q,learn_relquest,0.0,"[4, 0]",18.0,1.237,0,0.0,231,second
Q4cb347l5qkkge30l7xbtg7e6Q,learn_relquest,1.0,"[1, 7]",19.0,0.877,0,1.0,232,second
Q4cb347l5qkkge30l7xbtg7e6Q,learn_relquest,1.0,"[6, 5]",20.0,0.949,0,1.0,233,second
Q4cb347l5qkkge30l7xbtg7e6Q,learn_relquest,0.0,"[0, 3]",21.0,1.517,0,0.0,234,second
Q4cb347l5qkkge30l7xbtg7e6Q,learn_relquest,1.0,"[1, 4]",22.0,1.205,0,1.0,235,second
Q4cb347l5qkkge30l7xbtg7e6Q,learn_relquest,0.0,"[6, 4]",23.0,3.213,1,1.0,236,second
Q4cb347l5qkkge30l7xbtg7e6Q,learn_relquest,0.0,"[2, 1]",24.0,1.981,0,0.0,237,second
Q4cb347l5qkkge30l7xbtg7e6Q,learn_relquest,1.0,"[5, 3]",25.0,1.021,0,1.0,238,second
Q4cb347l5qkkge30l7xbtg7e6Q,learn_relquest,1.0,"[7, 1]",26.0,2.836,0,1.0,239,second
Q4cb347l5qkkge30l7xbtg7e6Q,learn_relquest,1.0,"[7, 6]",27.0,1.549,0,1.0,240,second
Q4cb347l5qkkge30l7xbtg7e6Q,learn_relquest,0.0,"[5, 0]",0.0,3.605,1,1.0,327,third
Q4cb347l5qkkge30l7xbtg7e6Q,learn_relquest,0.0,"[0, 5]",1.0,2.188,1,1.0,328,third
Q4cb347l5qkkge30l7xbtg7e6Q,learn_relquest,0.0,"[3, 1]",2.0,2.141,1,1.0,329,third
Q4cb347l5qkkge30l7xbtg7e6Q,learn_relquest,1.0,"[7, 0]",3.0,1.453,0,1.0,330,third
Q4cb347l5qkkge30l7xbtg7e6Q,learn_relquest,1.0,"[5, 6]",4.0,1.028,0,1.0,331,third
Q4cb347l5qkkge30l7xbtg7e6Q,learn_relquest,0.0,"[6, 1]",5.0,1.126,0,0.0,332,third
Q4cb347l5qkkge30l7xbtg7e6Q,learn_relquest,0.0,"[0, 3]",6.0,1.052,0,0.0,333,third
Q4cb347l5qkkge30l7xbtg7e6Q,learn_relquest,1.0,"[2, 6]",7.0,1.278,0,1.0,334,third
Q4cb347l5qkkge30l7xbtg7e6Q,learn_relquest,1.0,"[7, 1]",8.0,0.892,0,1.0,335,third
Q4cb347l5qkkge30l7xbtg7e6Q,learn_relquest,0.0,"[4, 3]",9.0,1.709,1,1.0,336,third
Q4cb347l5qkkge30l7xbtg7e6Q,learn_relquest,1.0,"[5, 3]",10.0,0.788,0,1.0,337,third
Q4cb347l5qkkge30l7xbtg7e6Q,learn_relquest,0.0,"[5, 4]",11.0,1.669,1,1.0,338,third
Q4cb347l5qkkge30l7xbtg7e6Q,learn_relquest,1.0,"[0, 7]",12.0,0.813,0,1.0,339,third
Q4cb347l5qkkge30l7xbtg7e6Q,learn_relquest,0.0,"[7, 5]",13.0,2.047,1,1.0,340,third
Q4cb347l5qkkge30l7xbtg7e6Q,learn_relquest,1.0,"[7, 6]",14.0,0.611,0,1.0,341,third
Q4cb347l5qkkge30l7xbtg7e6Q,learn_relquest,0.0,"[0, 4]",15.0,2.013,0,0.0,342,third
Q4cb347l5qkkge30l7xbtg7e6Q,learn_relquest,0.0,"[2, 3]",16.0,1.573,0,0.0,343,third
Q4cb347l5qkkge30l7xbtg7e6Q,learn_relquest,0.0,"[4, 5]",17.0,2.172,1,1.0,344,third
Q4cb347l5qkkge30l7xbtg7e6Q,learn_relquest,1.0,"[6, 2]",18.0,0.932,0,1.0,345,third
Q4cb347l5qkkge30l7xbtg7e6Q,learn_relquest,1.0,"[6, 5]",19.0,1.245,0,1.0,346,third
Q4cb347l5qkkge30l7xbtg7e6Q,learn_relquest,0.0,"[0, 6]",20.0,1.98,0,0.0,347,third
Q4cb347l5qkkge30l7xbtg7e6Q,learn_relquest,1.0,"[1, 4]",21.0,1.117,0,1.0,348,third
Q4cb347l5qkkge30l7xbtg7e6Q,learn_relquest,1.0,"[1, 7]",22.0,0.868,0,1.0,349,third
Q4cb347l5qkkge30l7xbtg7e6Q,learn_relquest,1.0,"[6, 7]",23.0,1.125,0,1.0,350,third
Q4cb347l5qkkge30l7xbtg7e6Q,learn_relquest,1.0,"[4, 1]",24.0,0.965,0,1.0,351,third
Q4cb347l5qkkge30l7xbtg7e6Q,learn_relquest,0.0,"[6, 0]",25.0,1.832,0,0.0,352,third
Q4cb347l5qkkge30l7xbtg7e6Q,learn_relquest,1.0,"[3, 5]",26.0,1.026,0,1.0,353,third
Q4cb347l5qkkge30l7xbtg7e6Q,learn_relquest,0.0,"[4, 0]",27.0,1.452,0,0.0,354,third
Q4cb347l5qkkge30l7xbtg7e6Q,learn_relquest,1.0,"[6, 5]",0.0,2.534,0,1.0,441,fourth
Q4cb347l5qkkge30l7xbtg7e6Q,learn_relquest,0.0,"[0, 3]",1.0,1.804,1,1.0,442,fourth
Q4cb347l5qkkge30l7xbtg7e6Q,learn_relquest,1.0,"[1, 4]",2.0,0.861,0,1.0,443,fourth
Q4cb347l5qkkge30l7xbtg7e6Q,learn_relquest,1.0,"[3, 5]",3.0,0.853,0,1.0,444,fourth
Q4cb347l5qkkge30l7xbtg7e6Q,learn_relquest,1.0,"[7, 6]",4.0,0.813,0,1.0,445,fourth
Q4cb347l5qkkge30l7xbtg7e6Q,learn_relquest,0.0,"[2, 7]",5.0,0.741,0,0.0,446,fourth
Q4cb347l5qkkge30l7xbtg7e6Q,learn_relquest,0.0,"[2, 0]",6.0,0.876,0,0.0,447,fourth
Q4cb347l5qkkge30l7xbtg7e6Q,learn_relquest,0.0,"[6, 3]",7.0,1.438,0,0.0,448,fourth
Q4cb347l5qkkge30l7xbtg7e6Q,learn_relquest,0.0,"[4, 7]",8.0,0.997,0,0.0,449,fourth
Q4cb347l5qkkge30l7xbtg7e6Q,learn_relquest,0.0,"[3, 7]",9.0,1.709,0,0.0,450,fourth
Q4cb347l5qkkge30l7xbtg7e6Q,learn_relquest,1.0,"[5, 3]",10.0,1.229,0,1.0,451,fourth
Q4cb347l5qkkge30l7xbtg7e6Q,learn_relquest,0.0,"[1, 5]",11.0,2.453,1,1.0,452,fourth
Q4cb347l5qkkge30l7xbtg7e6Q,learn_relquest,1.0,"[1, 7]",12.0,1.149,0,1.0,453,fourth
Q4cb347l5qkkge30l7xbtg7e6Q,learn_relquest,0.0,"[4, 2]",13.0,0.981,0,0.0,454,fourth
Q4cb347l5qkkge30l7xbtg7e6Q,learn_relquest,1.0,"[4, 1]",14.0,1.012,0,1.0,455,fourth
Q4cb347l5qkkge30l7xbtg7e6Q,learn_relquest,0.0,"[5, 0]",15.0,1.173,0,0.0,456,fourth
Q4cb347l5qkkge30l7xbtg7e6Q,learn_relquest,0.0,"[3, 2]",16.0,2.413,1,1.0,457,fourth
Q4cb347l5qkkge30l7xbtg7e6Q,learn_relquest,1.0,"[6, 2]",17.0,0.964,0,1.0,458,fourth
Q4cb347l5qkkge30l7xbtg7e6Q,learn_relquest,0.0,"[2, 5]",18.0,1.189,0,0.0,459,fourth
Q4cb347l5qkkge30l7xbtg7e6Q,learn_relquest,0.0,"[5, 4]",19.0,1.798,0,0.0,460,fourth
Q4cb347l5qkkge30l7xbtg7e6Q,learn_relquest,1.0,"[5, 6]",20.0,1.173,0,1.0,461,fourth
Q4cb347l5qkkge30l7xbtg7e6Q,learn_relquest,1.0,"[2, 6]",21.0,2.364,0,1.0,462,fourth
Q4cb347l5qkkge30l7xbtg7e6Q,learn_relquest,1.0,"[7, 0]",22.0,1.141,0,1.0,463,fourth
Q4cb347l5qkkge30l7xbtg7e6Q,learn_relquest,1.0,"[6, 7]",23.0,1.069,0,1.0,464,fourth
Q4cb347l5qkkge30l7xbtg7e6Q,learn_relquest,0.0,"[1, 6]",24.0,1.301,0,0.0,465,fourth
Q4cb347l5qkkge30l7xbtg7e6Q,learn_relquest,1.0,"[7, 1]",25.0,1.013,0,1.0,466,fourth
Q4cb347l5qkkge30l7xbtg7e6Q,learn_relquest,0.0,"[4, 3]",26.0,2.964,1,1.0,467,fourth
Q4cb347l5qkkge30l7xbtg7e6Q,learn_relquest,1.0,"[0, 7]",27.0,1.261,0,1.0,468,fourth
Q4cb347l5qkkge30l7xbtg7e6Q,learn_relquest,1.0,"[1, 4]",0.0,1.501,0,1.0,555,fifth
Q4cb347l5qkkge30l7xbtg7e6Q,learn_relquest,1.0,"[6, 2]",1.0,1.389,0,1.0,556,fifth
Q4cb347l5qkkge30l7xbtg7e6Q,learn_relquest,1.0,"[6, 7]",2.0,1.269,0,1.0,557,fifth
Q4cb347l5qkkge30l7xbtg7e6Q,learn_relquest,1.0,"[6, 5]",3.0,1.245,0,1.0,558,fifth
Q4cb347l5qkkge30l7xbtg7e6Q,learn_relquest,0.0,"[6, 4]",4.0,2.685,1,1.0,559,fifth
Q4cb347l5qkkge30l7xbtg7e6Q,learn_relquest,0.0,"[0, 1]",5.0,1.365,0,0.0,560,fifth
Q4cb347l5qkkge30l7xbtg7e6Q,learn_relquest,1.0,"[4, 1]",6.0,1.717,0,1.0,561,fifth
Q4cb347l5qkkge30l7xbtg7e6Q,learn_relquest,0.0,"[1, 0]",7.0,1.437,0,0.0,562,fifth
Q4cb347l5qkkge30l7xbtg7e6Q,learn_relquest,0.0,"[3, 6]",8.0,1.229,0,0.0,563,fifth
Q4cb347l5qkkge30l7xbtg7e6Q,learn_relquest,0.0,"[2, 0]",9.0,2.085,1,1.0,564,fifth
Q4cb347l5qkkge30l7xbtg7e6Q,learn_relquest,1.0,"[5, 3]",10.0,1.229,0,1.0,565,fifth
Q4cb347l5qkkge30l7xbtg7e6Q,learn_relquest,1.0,"[2, 6]",11.0,1.037,0,1.0,566,fifth
Q4cb347l5qkkge30l7xbtg7e6Q,learn_relquest,0.0,"[1, 5]",12.0,1.972,1,1.0,567,fifth
Q4cb347l5qkkge30l7xbtg7e6Q,learn_relquest,0.0,"[5, 0]",13.0,2.702,1,1.0,568,fifth
Q4cb347l5qkkge30l7xbtg7e6Q,learn_relquest,0.0,"[1, 2]",14.0,1.836,0,0.0,569,fifth
Q4cb347l5qkkge30l7xbtg7e6Q,learn_relquest,0.0,"[3, 0]",15.0,1.597,1,1.0,570,fifth
Q4cb347l5qkkge30l7xbtg7e6Q,learn_relquest,0.0,"[6, 0]",16.0,2.709,1,1.0,571,fifth
Q4cb347l5qkkge30l7xbtg7e6Q,learn_relquest,1.0,"[3, 5]",17.0,1.364,0,1.0,572,fifth
Q4cb347l5qkkge30l7xbtg7e6Q,learn_relquest,1.0,"[7, 0]",18.0,1.292,0,1.0,573,fifth
Q4cb347l5qkkge30l7xbtg7e6Q,learn_relquest,1.0,"[7, 6]",19.0,0.837,0,1.0,574,fifth
Q4cb347l5qkkge30l7xbtg7e6Q,learn_relquest,1.0,"[5, 6]",20.0,0.868,0,1.0,575,fifth
Q4cb347l5qkkge30l7xbtg7e6Q,learn_relquest,1.0,"[7, 1]",21.0,1.428,0,1.0,576,fifth
Q4cb347l5qkkge30l7xbtg7e6Q,learn_relquest,0.0,"[0, 4]",22.0,0.933,0,0.0,577,fifth
Q4cb347l5qkkge30l7xbtg7e6Q,learn_relquest,0.0,"[3, 4]",23.0,2.077,1,1.0,578,fifth
Q4cb347l5qkkge30l7xbtg7e6Q,learn_relquest,1.0,"[1, 7]",24.0,1.405,0,1.0,579,fifth
Q4cb347l5qkkge30l7xbtg7e6Q,learn_relquest,0.0,"[6, 3]",25.0,1.245,0,0.0,580,fifth
Q4cb347l5qkkge30l7xbtg7e6Q,learn_relquest,1.0,"[0, 7]",26.0,1.197,0,1.0,581,fifth
Q4cb347l5qkkge30l7xbtg7e6Q,learn_relquest,0.0,"[0, 5]",27.0,2.173,1,1.0,582,fifth
Qhhsjiciyxf2cn4h9v56wmy0xQ,learn_relquest,1.0,"[3, 5]",0.0,30.796,0,1.0,99,first
Qhhsjiciyxf2cn4h9v56wmy0xQ,learn_relquest,1.0,"[2, 6]",1.0,38.636,0,1.0,100,first
Qhhsjiciyxf2cn4h9v56wmy0xQ,learn_relquest,1.0,"[5, 3]",2.0,3.045,0,1.0,101,first
Qhhsjiciyxf2cn4h9v56wmy0xQ,learn_relquest,1.0,"[7, 0]",3.0,3.252,1,0.0,102,first
Qhhsjiciyxf2cn4h9v56wmy0xQ,learn_relquest,0.0,"[2, 0]",4.0,1.333,0,0.0,103,first
Qhhsjiciyxf2cn4h9v56wmy0xQ,learn_relquest,0.0,"[1, 0]",5.0,1.845,1,1.0,104,first
Qhhsjiciyxf2cn4h9v56wmy0xQ,learn_relquest,0.0,"[4, 3]",6.0,1.892,1,1.0,105,first
Qhhsjiciyxf2cn4h9v56wmy0xQ,learn_relquest,1.0,"[7, 6]",7.0,1.621,0,1.0,106,first
Qhhsjiciyxf2cn4h9v56wmy0xQ,learn_relquest,0.0,"[4, 5]",8.0,1.837,1,1.0,107,first
Qhhsjiciyxf2cn4h9v56wmy0xQ,learn_relquest,1.0,"[6, 7]",9.0,1.293,0,1.0,108,first
Qhhsjiciyxf2cn4h9v56wmy0xQ,learn_relquest,0.0,"[4, 2]",10.0,1.381,0,0.0,109,first
Qhhsjiciyxf2cn4h9v56wmy0xQ,learn_relquest,1.0,"[1, 4]",11.0,3.085,1,0.0,110,first
Qhhsjiciyxf2cn4h9v56wmy0xQ,learn_relquest,0.0,"[1, 3]",12.0,1.229,1,1.0,111,first
Qhhsjiciyxf2cn4h9v56wmy0xQ,learn_relquest,1.0,"[1, 7]",13.0,6.021,0,1.0,112,first
Qhhsjiciyxf2cn4h9v56wmy0xQ,learn_relquest,1.0,"[0, 7]",14.0,8.908,1,0.0,113,first
Qhhsjiciyxf2cn4h9v56wmy0xQ,learn_relquest,0.0,"[7, 3]",15.0,1.284,0,0.0,114,first
Qhhsjiciyxf2cn4h9v56wmy0xQ,learn_relquest,1.0,"[6, 2]",16.0,1.133,0,1.0,115,first
Qhhsjiciyxf2cn4h9v56wmy0xQ,learn_relquest,1.0,"[4, 1]",17.0,3.389,0,1.0,116,first
Qhhsjiciyxf2cn4h9v56wmy0xQ,learn_relquest,1.0,"[6, 5]",18.0,1.196,0,1.0,117,first
Qhhsjiciyxf2cn4h9v56wmy0xQ,learn_relquest,0.0,"[3, 6]",19.0,3.516,0,0.0,118,first
Qhhsjiciyxf2cn4h9v56wmy0xQ,learn_relquest,0.0,"[7, 2]",20.0,6.718,1,1.0,119,first
Qhhsjiciyxf2cn4h9v56wmy0xQ,learn_relquest,0.0,"[5, 7]",21.0,1.459,0,0.0,120,first
Qhhsjiciyxf2cn4h9v56wmy0xQ,learn_relquest,0.0,"[5, 4]",22.0,2.461,1,1.0,121,first
Qhhsjiciyxf2cn4h9v56wmy0xQ,learn_relquest,0.0,"[1, 5]",23.0,2.109,0,0.0,122,first
Qhhsjiciyxf2cn4h9v56wmy0xQ,learn_relquest,1.0,"[7, 1]",24.0,1.301,0,1.0,123,first
Qhhsjiciyxf2cn4h9v56wmy0xQ,learn_relquest,0.0,"[6, 4]",25.0,1.117,0,0.0,124,first
Qhhsjiciyxf2cn4h9v56wmy0xQ,learn_relquest,1.0,"[5, 6]",26.0,1.373,0,1.0,125,first
Qhhsjiciyxf2cn4h9v56wmy0xQ,learn_relquest,0.0,"[5, 2]",27.0,0.901,0,0.0,126,first
Qhhsjiciyxf2cn4h9v56wmy0xQ,learn_relquest,0.0,"[3, 2]",0.0,2.635,0,0.0,213,second
Qhhsjiciyxf2cn4h9v56wmy0xQ,learn_relquest,1.0,"[0, 7]",1.0,1.269,0,1.0,214,second
Qhhsjiciyxf2cn4h9v56wmy0xQ,learn_relquest,1.0,"[2, 6]",2.0,1.036,0,1.0,215,second
Qhhsjiciyxf2cn4h9v56wmy0xQ,learn_relquest,1.0,"[5, 6]",3.0,1.325,0,1.0,216,second
Qhhsjiciyxf2cn4h9v56wmy0xQ,learn_relquest,0.0,"[2, 7]",4.0,1.668,0,0.0,217,second
Qhhsjiciyxf2cn4h9v56wmy0xQ,learn_relquest,0.0,"[3, 4]",5.0,3.605,0,0.0,218,second
Qhhsjiciyxf2cn4h9v56wmy0xQ,learn_relquest,0.0,"[0, 1]",6.0,2.589,1,1.0,219,second
Qhhsjiciyxf2cn4h9v56wmy0xQ,learn_relquest,1.0,"[7, 1]",7.0,2.389,0,1.0,220,second
Qhhsjiciyxf2cn4h9v56wmy0xQ,learn_relquest,0.0,"[2, 5]",8.0,1.293,0,0.0,221,second
Qhhsjiciyxf2cn4h9v56wmy0xQ,learn_relquest,0.0,"[0, 6]",9.0,0.892,0,0.0,222,second
Qhhsjiciyxf2cn4h9v56wmy0xQ,learn_relquest,0.0,"[7, 4]",10.0,3.293,0,0.0,223,second
Qhhsjiciyxf2cn4h9v56wmy0xQ,learn_relquest,0.0,"[4, 3]",11.0,2.325,1,1.0,224,second
Qhhsjiciyxf2cn4h9v56wmy0xQ,learn_relquest,0.0,"[4, 0]",12.0,1.043,0,0.0,225,second
Qhhsjiciyxf2cn4h9v56wmy0xQ,learn_relquest,1.0,"[5, 3]",13.0,1.796,0,1.0,226,second
Qhhsjiciyxf2cn4h9v56wmy0xQ,learn_relquest,1.0,"[4, 1]",14.0,1.325,1,0.0,227,second
Qhhsjiciyxf2cn4h9v56wmy0xQ,learn_relquest,1.0,"[1, 7]",15.0,1.373,0,1.0,228,second
Qhhsjiciyxf2cn4h9v56wmy0xQ,learn_relquest,1.0,"[6, 7]",16.0,1.173,0,1.0,229,second
Qhhsjiciyxf2cn4h9v56wmy0xQ,learn_relquest,0.0,"[5, 2]",17.0,1.092,0,0.0,230,second
Qhhsjiciyxf2cn4h9v56wmy0xQ,learn_relquest,1.0,"[7, 0]",18.0,1.117,0,1.0,231,second
Qhhsjiciyxf2cn4h9v56wmy0xQ,learn_relquest,1.0,"[3, 5]",19.0,0.829,0,1.0,232,second
Qhhsjiciyxf2cn4h9v56wmy0xQ,learn_relquest,0.0,"[2, 4]",20.0,1.572,0,0.0,233,second
Qhhsjiciyxf2cn4h9v56wmy0xQ,learn_relquest,1.0,"[7, 6]",21.0,0.845,0,1.0,234,second
Qhhsjiciyxf2cn4h9v56wmy0xQ,learn_relquest,1.0,"[6, 5]",22.0,0.797,0,1.0,235,second
Qhhsjiciyxf2cn4h9v56wmy0xQ,learn_relquest,1.0,"[1, 4]",23.0,3.693,1,0.0,236,second
Qhhsjiciyxf2cn4h9v56wmy0xQ,learn_relquest,1.0,"[6, 2]",24.0,0.804,0,1.0,237,second
Qhhsjiciyxf2cn4h9v56wmy0xQ,learn_relquest,0.0,"[5, 1]",25.0,1.005,0,0.0,238,second
Qhhsjiciyxf2cn4h9v56wmy0xQ,learn_relquest,0.0,"[5, 0]",26.0,1.156,1,1.0,239,second
Qhhsjiciyxf2cn4h9v56wmy0xQ,learn_relquest,0.0,"[1, 5]",27.0,0.764,0,0.0,240,second
Qhhsjiciyxf2cn4h9v56wmy0xQ,learn_relquest,0.0,"[0, 1]",0.0,4.261,0,0.0,327,third
Qhhsjiciyxf2cn4h9v56wmy0xQ,learn_relquest,1.0,"[1, 7]",1.0,2.133,0,1.0,328,third
Qhhsjiciyxf2cn4h9v56wmy0xQ,learn_relquest,1.0,"[7, 0]",2.0,3.317,0,1.0,329,third
Qhhsjiciyxf2cn4h9v56wmy0xQ,learn_relquest,1.0,"[5, 3]",3.0,0.933,0,1.0,330,third
Qhhsjiciyxf2cn4h9v56wmy0xQ,learn_relquest,0.0,"[6, 4]",4.0,2.021,0,0.0,331,third
Qhhsjiciyxf2cn4h9v56wmy0xQ,learn_relquest,0.0,"[0, 5]",5.0,1.413,0,0.0,332,third
Qhhsjiciyxf2cn4h9v56wmy0xQ,learn_relquest,0.0,"[7, 3]",6.0,2.973,0,0.0,333,third
Qhhsjiciyxf2cn4h9v56wmy0xQ,learn_relquest,0.0,"[4, 2]",7.0,1.909,1,1.0,334,third
Qhhsjiciyxf2cn4h9v56wmy0xQ,learn_relquest,1.0,"[2, 6]",8.0,1.052,0,1.0,335,third
Qhhsjiciyxf2cn4h9v56wmy0xQ,learn_relquest,1.0,"[7, 1]",9.0,0.029,0,1.0,336,third
Qhhsjiciyxf2cn4h9v56wmy0xQ,learn_relquest,1.0,"[7, 6]",10.0,1.076,0,1.0,337,third
Qhhsjiciyxf2cn4h9v56wmy0xQ,learn_relquest,0.0,"[4, 5]",11.0,1.452,1,1.0,338,third
Qhhsjiciyxf2cn4h9v56wmy0xQ,learn_relquest,1.0,"[1, 4]",12.0,2.459,1,0.0,339,third
Qhhsjiciyxf2cn4h9v56wmy0xQ,learn_relquest,0.0,"[4, 6]",13.0,2.164,0,0.0,340,third
Qhhsjiciyxf2cn4h9v56wmy0xQ,learn_relquest,1.0,"[6, 5]",14.0,1.972,1,0.0,341,third
Qhhsjiciyxf2cn4h9v56wmy0xQ,learn_relquest,0.0,"[4, 3]",15.0,0.973,1,1.0,342,third
Qhhsjiciyxf2cn4h9v56wmy0xQ,learn_relquest,0.0,"[5, 7]",16.0,1.765,0,0.0,343,third
Qhhsjiciyxf2cn4h9v56wmy0xQ,learn_relquest,0.0,"[4, 7]",17.0,1.397,1,1.0,344,third
Qhhsjiciyxf2cn4h9v56wmy0xQ,learn_relquest,0.0,"[6, 1]",18.0,1.179,0,0.0,345,third
Qhhsjiciyxf2cn4h9v56wmy0xQ,learn_relquest,1.0,"[3, 5]",19.0,0.837,0,1.0,346,third
Qhhsjiciyxf2cn4h9v56wmy0xQ,learn_relquest,1.0,"[4, 1]",20.0,1.251,1,0.0,347,third
Qhhsjiciyxf2cn4h9v56wmy0xQ,learn_relquest,1.0,"[0, 7]",21.0,1.389,0,1.0,348,third
Qhhsjiciyxf2cn4h9v56wmy0xQ,learn_relquest,1.0,"[6, 2]",22.0,1.036,0,1.0,349,third
Qhhsjiciyxf2cn4h9v56wmy0xQ,learn_relquest,0.0,"[0, 6]",23.0,2.163,1,1.0,350,third
Qhhsjiciyxf2cn4h9v56wmy0xQ,learn_relquest,0.0,"[3, 1]",24.0,0.917,0,0.0,351,third
Qhhsjiciyxf2cn4h9v56wmy0xQ,learn_relquest,1.0,"[6, 7]",25.0,0.837,1,0.0,352,third
Qhhsjiciyxf2cn4h9v56wmy0xQ,learn_relquest,0.0,"[3, 7]",26.0,1.333,1,1.0,353,third
Qhhsjiciyxf2cn4h9v56wmy0xQ,learn_relquest,1.0,"[5, 6]",27.0,1.261,0,1.0,354,third
Qhhsjiciyxf2cn4h9v56wmy0xQ,learn_relquest,0.0,"[2, 1]",0.0,3.115,0,0.0,441,fourth
Qhhsjiciyxf2cn4h9v56wmy0xQ,learn_relquest,0.0,"[3, 0]",1.0,2.581,1,1.0,442,fourth
Qhhsjiciyxf2cn4h9v56wmy0xQ,learn_relquest,0.0,"[2, 5]",2.0,0.997,0,0.0,443,fourth
Qhhsjiciyxf2cn4h9v56wmy0xQ,learn_relquest,0.0,"[5, 1]",3.0,1.981,0,0.0,444,fourth
Qhhsjiciyxf2cn4h9v56wmy0xQ,learn_relquest,1.0,"[5, 6]",4.0,1.341,1,0.0,445,fourth
Qhhsjiciyxf2cn4h9v56wmy0xQ,learn_relquest,1.0,"[6, 2]",5.0,0.605,0,1.0,446,fourth
Qhhsjiciyxf2cn4h9v56wmy0xQ,learn_relquest,0.0,"[6, 3]",6.0,1.013,1,1.0,447,fourth
Qhhsjiciyxf2cn4h9v56wmy0xQ,learn_relquest,0.0,"[7, 5]",7.0,0.653,0,0.0,448,fourth
Qhhsjiciyxf2cn4h9v56wmy0xQ,learn_relquest,1.0,"[4, 1]",8.0,0.205,0,1.0,449,fourth
Qhhsjiciyxf2cn4h9v56wmy0xQ,learn_relquest,0.0,"[2, 3]",9.0,0.901,0,0.0,450,fourth
Qhhsjiciyxf2cn4h9v56wmy0xQ,learn_relquest,0.0,"[4, 5]",10.0,1.259,0,0.0,451,fourth
Qhhsjiciyxf2cn4h9v56wmy0xQ,learn_relquest,1.0,"[5, 3]",11.0,0.821,1,0.0,452,fourth
Qhhsjiciyxf2cn4h9v56wmy0xQ,learn_relquest,0.0,"[1, 6]",12.0,0.901,0,0.0,453,fourth
Qhhsjiciyxf2cn4h9v56wmy0xQ,learn_relquest,1.0,"[1, 7]",13.0,0.797,1,0.0,454,fourth
Qhhsjiciyxf2cn4h9v56wmy0xQ,learn_relquest,1.0,"[7, 0]",14.0,1.309,0,1.0,455,fourth
Qhhsjiciyxf2cn4h9v56wmy0xQ,learn_relquest,0.0,"[3, 2]",15.0,1.285,0,0.0,456,fourth
Qhhsjiciyxf2cn4h9v56wmy0xQ,learn_relquest,1.0,"[2, 6]",16.0,1.349,0,1.0,457,fourth
Qhhsjiciyxf2cn4h9v56wmy0xQ,learn_relquest,1.0,"[1, 4]",17.0,0.66,1,0.0,458,fourth
Qhhsjiciyxf2cn4h9v56wmy0xQ,learn_relquest,1.0,"[7, 6]",18.0,1.596,0,1.0,459,fourth
Qhhsjiciyxf2cn4h9v56wmy0xQ,learn_relquest,0.0,"[4, 0]",19.0,1.332,1,1.0,460,fourth
Qhhsjiciyxf2cn4h9v56wmy0xQ,learn_relquest,1.0,"[3, 5]",20.0,2.5,0,1.0,461,fourth
Qhhsjiciyxf2cn4h9v56wmy0xQ,learn_relquest,0.0,"[0, 2]",21.0,1.205,0,0.0,462,fourth
Qhhsjiciyxf2cn4h9v56wmy0xQ,learn_relquest,1.0,"[6, 5]",22.0,1.149,0,1.0,463,fourth
Qhhsjiciyxf2cn4h9v56wmy0xQ,learn_relquest,0.0,"[3, 6]",23.0,0.709,1,1.0,464,fourth
Qhhsjiciyxf2cn4h9v56wmy0xQ,learn_relquest,1.0,"[7, 1]",24.0,1.116,1,0.0,465,fourth
Qhhsjiciyxf2cn4h9v56wmy0xQ,learn_relquest,0.0,"[4, 2]",25.0,1.027,0,0.0,466,fourth
Qhhsjiciyxf2cn4h9v56wmy0xQ,learn_relquest,1.0,"[0, 7]",26.0,1.445,1,0.0,467,fourth
Qhhsjiciyxf2cn4h9v56wmy0xQ,learn_relquest,1.0,"[6, 7]",27.0,1.02,0,1.0,468,fourth
Qhhsjiciyxf2cn4h9v56wmy0xQ,learn_relquest,1.0,"[6, 5]",0.0,1.829,0,1.0,555,fifth
Qhhsjiciyxf2cn4h9v56wmy0xQ,learn_relquest,1.0,"[6, 7]",1.0,1.923,0,1.0,556,fifth
Qhhsjiciyxf2cn4h9v56wmy0xQ,learn_relquest,0.0,"[6, 0]",2.0,1.221,1,1.0,557,fifth
Qhhsjiciyxf2cn4h9v56wmy0xQ,learn_relquest,1.0,"[2, 6]",3.0,1.405,0,1.0,558,fifth
Qhhsjiciyxf2cn4h9v56wmy0xQ,learn_relquest,0.0,"[6, 3]",4.0,2.347,1,1.0,559,fifth
Qhhsjiciyxf2cn4h9v56wmy0xQ,learn_relquest,0.0,"[7, 4]",5.0,3.453,1,1.0,560,fifth
Qhhsjiciyxf2cn4h9v56wmy0xQ,learn_relquest,1.0,"[6, 2]",6.0,1.253,0,1.0,561,fifth
Qhhsjiciyxf2cn4h9v56wmy0xQ,learn_relquest,0.0,"[4, 7]",7.0,1.661,1,1.0,562,fifth
Qhhsjiciyxf2cn4h9v56wmy0xQ,learn_relquest,1.0,"[7, 1]",8.0,2.357,0,1.0,563,fifth
Qhhsjiciyxf2cn4h9v56wmy0xQ,learn_relquest,0.0,"[0, 2]",9.0,2.661,1,1.0,564,fifth
Qhhsjiciyxf2cn4h9v56wmy0xQ,learn_relquest,0.0,"[6, 1]",10.0,3.555,1,1.0,565,fifth
Qhhsjiciyxf2cn4h9v56wmy0xQ,learn_relquest,1.0,"[3, 5]",11.0,1.573,0,1.0,566,fifth
Qhhsjiciyxf2cn4h9v56wmy0xQ,learn_relquest,1.0,"[4, 1]",12.0,1.069,1,0.0,567,fifth
Qhhsjiciyxf2cn4h9v56wmy0xQ,learn_relquest,0.0,"[1, 2]",13.0,0.836,0,0.0,568,fifth
Qhhsjiciyxf2cn4h9v56wmy0xQ,learn_relquest,0.0,"[2, 0]",14.0,1.005,1,1.0,569,fifth
Qhhsjiciyxf2cn4h9v56wmy0xQ,learn_relquest,1.0,"[7, 0]",15.0,4.309,1,0.0,570,fifth
Qhhsjiciyxf2cn4h9v56wmy0xQ,learn_relquest,0.0,"[1, 6]",16.0,3.059,1,1.0,571,fifth
Qhhsjiciyxf2cn4h9v56wmy0xQ,learn_relquest,0.0,"[0, 6]",17.0,0.957,1,1.0,572,fifth
Qhhsjiciyxf2cn4h9v56wmy0xQ,learn_relquest,1.0,"[5, 6]",18.0,0.797,0,1.0,573,fifth
Qhhsjiciyxf2cn4h9v56wmy0xQ,learn_relquest,1.0,"[1, 7]",19.0,0.877,0,1.0,574,fifth
Qhhsjiciyxf2cn4h9v56wmy0xQ,learn_relquest,0.0,"[2, 5]",20.0,1.637,1,1.0,575,fifth
Qhhsjiciyxf2cn4h9v56wmy0xQ,learn_relquest,0.0,"[3, 2]",21.0,0.66,0,0.0,576,fifth
Qhhsjiciyxf2cn4h9v56wmy0xQ,learn_relquest,1.0,"[0, 7]",22.0,1.74,0,1.0,577,fifth
Qhhsjiciyxf2cn4h9v56wmy0xQ,learn_relquest,1.0,"[1, 4]",23.0,0.789,1,0.0,578,fifth
Qhhsjiciyxf2cn4h9v56wmy0xQ,learn_relquest,1.0,"[5, 3]",24.0,1.212,0,1.0,579,fifth
Qhhsjiciyxf2cn4h9v56wmy0xQ,learn_relquest,0.0,"[0, 1]",25.0,0.629,1,1.0,580,fifth
Qhhsjiciyxf2cn4h9v56wmy0xQ,learn_relquest,1.0,"[7, 6]",26.0,0.485,1,0.0,581,fifth
Qhhsjiciyxf2cn4h9v56wmy0xQ,learn_relquest,0.0,"[5, 2]",27.0,1.397,0,0.0,582,fifth
Qeirpgvl27yawfz1kjofdpwjkQ,learn_relquest,0.0,"[3, 1]",0.0,2.545,0,0.0,99,first
Qeirpgvl27yawfz1kjofdpwjkQ,learn_relquest,0.0,"[4, 0]",1.0,2.404,1,1.0,100,first
Qeirpgvl27yawfz1kjofdpwjkQ,learn_relquest,1.0,"[6, 7]",2.0,1.903,0,1.0,101,first
Qeirpgvl27yawfz1kjofdpwjkQ,learn_relquest,0.0,"[0, 4]",3.0,2.14,1,1.0,102,first
Qeirpgvl27yawfz1kjofdpwjkQ,learn_relquest,1.0,"[6, 5]",4.0,3.777,1,0.0,103,first
Qeirpgvl27yawfz1kjofdpwjkQ,learn_relquest,1.0,"[0, 7]",5.0,1.433,0,1.0,104,first
Qeirpgvl27yawfz1kjofdpwjkQ,learn_relquest,1.0,"[4, 1]",6.0,1.387,0,1.0,105,first
Qeirpgvl27yawfz1kjofdpwjkQ,learn_relquest,1.0,"[2, 6]",7.0,1.404,0,1.0,106,first
Qeirpgvl27yawfz1kjofdpwjkQ,learn_relquest,1.0,"[1, 7]",8.0,1.221,0,1.0,107,first
Qeirpgvl27yawfz1kjofdpwjkQ,learn_relquest,1.0,"[6, 2]",9.0,1.431,0,1.0,108,first
Qeirpgvl27yawfz1kjofdpwjkQ,learn_relquest,0.0,"[2, 3]",10.0,1.224,0,0.0,109,first
Qeirpgvl27yawfz1kjofdpwjkQ,learn_relquest,1.0,"[7, 1]",11.0,1.097,0,1.0,110,first
Qeirpgvl27yawfz1kjofdpwjkQ,learn_relquest,1.0,"[3, 5]",12.0,1.151,0,1.0,111,first
Qeirpgvl27yawfz1kjofdpwjkQ,learn_relquest,0.0,"[3, 7]",13.0,1.047,0,0.0,112,first
Qeirpgvl27yawfz1kjofdpwjkQ,learn_relquest,1.0,"[5, 3]",14.0,1.121,0,1.0,113,first
Qeirpgvl27yawfz1kjofdpwjkQ,learn_relquest,0.0,"[2, 1]",15.0,1.062,0,0.0,114,first
Qeirpgvl27yawfz1kjofdpwjkQ,learn_relquest,0.0,"[7, 3]",16.0,1.709,0,0.0,115,first
Qeirpgvl27yawfz1kjofdpwjkQ,learn_relquest,1.0,"[5, 6]",17.0,0.989,0,1.0,116,first
Qeirpgvl27yawfz1kjofdpwjkQ,learn_relquest,0.0,"[1, 5]",18.0,1.096,0,0.0,117,first
Qeirpgvl27yawfz1kjofdpwjkQ,learn_relquest,0.0,"[5, 2]",19.0,1.159,0,0.0,118,first
Qeirpgvl27yawfz1kjofdpwjkQ,learn_relquest,0.0,"[1, 6]",20.0,1.898,1,1.0,119,first
Qeirpgvl27yawfz1kjofdpwjkQ,learn_relquest,0.0,"[4, 5]",21.0,1.771,0,0.0,120,first
Qeirpgvl27yawfz1kjofdpwjkQ,learn_relquest,0.0,"[0, 2]",22.0,1.991,0,0.0,121,first
Qeirpgvl27yawfz1kjofdpwjkQ,learn_relquest,1.0,"[7, 0]",23.0,1.096,0,1.0,122,first
Qeirpgvl27yawfz1kjofdpwjkQ,learn_relquest,0.0,"[4, 2]",24.0,4.241,0,0.0,123,first
Qeirpgvl27yawfz1kjofdpwjkQ,learn_relquest,0.0,"[5, 4]",25.0,0.998,0,0.0,124,first
Qeirpgvl27yawfz1kjofdpwjkQ,learn_relquest,1.0,"[7, 6]",26.0,0.915,0,1.0,125,first
Qeirpgvl27yawfz1kjofdpwjkQ,learn_relquest,1.0,"[1, 4]",27.0,1.933,0,1.0,126,first
Qeirpgvl27yawfz1kjofdpwjkQ,learn_relquest,1.0,"[1, 7]",0.0,2.836,0,1.0,213,second
Qeirpgvl27yawfz1kjofdpwjkQ,learn_relquest,1.0,"[6, 5]",1.0,2.198,1,0.0,214,second
Qeirpgvl27yawfz1kjofdpwjkQ,learn_relquest,0.0,"[3, 7]",2.0,1.462,0,0.0,215,second
Qeirpgvl27yawfz1kjofdpwjkQ,learn_relquest,0.0,"[7, 2]",3.0,2.509,1,1.0,216,second
Qeirpgvl27yawfz1kjofdpwjkQ,learn_relquest,1.0,"[6, 7]",4.0,1.391,0,1.0,217,second
Qeirpgvl27yawfz1kjofdpwjkQ,learn_relquest,1.0,"[1, 4]",5.0,3.441,1,0.0,218,second
Qeirpgvl27yawfz1kjofdpwjkQ,learn_relquest,0.0,"[4, 6]",6.0,2.116,1,1.0,219,second
Qeirpgvl27yawfz1kjofdpwjkQ,learn_relquest,0.0,"[3, 2]",7.0,1.173,0,0.0,220,second
Qeirpgvl27yawfz1kjofdpwjkQ,learn_relquest,1.0,"[0, 7]",8.0,1.195,0,1.0,221,second
Qeirpgvl27yawfz1kjofdpwjkQ,learn_relquest,1.0,"[4, 1]",9.0,2.02,0,1.0,222,second
Qeirpgvl27yawfz1kjofdpwjkQ,learn_relquest,0.0,"[4, 7]",10.0,2.266,1,1.0,223,second
Qeirpgvl27yawfz1kjofdpwjkQ,learn_relquest,0.0,"[1, 3]",11.0,1.385,0,0.0,224,second
Qeirpgvl27yawfz1kjofdpwjkQ,learn_relquest,1.0,"[7, 0]",12.0,1.618,0,1.0,225,second
Qeirpgvl27yawfz1kjofdpwjkQ,learn_relquest,1.0,"[5, 6]",13.0,3.834,0,1.0,226,second
Qeirpgvl27yawfz1kjofdpwjkQ,learn_relquest,0.0,"[7, 5]",14.0,1.152,0,0.0,227,second
Qeirpgvl27yawfz1kjofdpwjkQ,learn_relquest,0.0,"[5, 4]",15.0,1.435,0,0.0,228,second
Qeirpgvl27yawfz1kjofdpwjkQ,learn_relquest,0.0,"[4, 2]",16.0,1.363,0,0.0,229,second
Qeirpgvl27yawfz1kjofdpwjkQ,learn_relquest,1.0,"[7, 1]",17.0,1.135,0,1.0,230,second
Qeirpgvl27yawfz1kjofdpwjkQ,learn_relquest,1.0,"[5, 3]",18.0,1.397,0,1.0,231,second
Qeirpgvl27yawfz1kjofdpwjkQ,learn_relquest,1.0,"[3, 5]",19.0,1.974,0,1.0,232,second
Qeirpgvl27yawfz1kjofdpwjkQ,learn_relquest,0.0,"[1, 0]",20.0,2.924,0,0.0,233,second
Qeirpgvl27yawfz1kjofdpwjkQ,learn_relquest,0.0,"[3, 1]",21.0,1.122,0,0.0,234,second
Qeirpgvl27yawfz1kjofdpwjkQ,learn_relquest,1.0,"[6, 2]",22.0,2.02,1,0.0,235,second
Qeirpgvl27yawfz1kjofdpwjkQ,learn_relquest,0.0,"[2, 4]",23.0,1.325,0,0.0,236,second
Qeirpgvl27yawfz1kjofdpwjkQ,learn_relquest,0.0,"[5, 0]",24.0,2.047,1,1.0,237,second
Qeirpgvl27yawfz1kjofdpwjkQ,learn_relquest,1.0,"[2, 6]",25.0,1.463,0,1.0,238,second
Qeirpgvl27yawfz1kjofdpwjkQ,learn_relquest,0.0,"[1, 2]",26.0,1.918,0,0.0,239,second
Qeirpgvl27yawfz1kjofdpwjkQ,learn_relquest,1.0,"[7, 6]",27.0,1.606,0,1.0,240,second
Qeirpgvl27yawfz1kjofdpwjkQ,learn_relquest,1.0,"[6, 2]",0.0,4.971,1,0.0,327,third
Qeirpgvl27yawfz1kjofdpwjkQ,learn_relquest,0.0,"[6, 4]",1.0,3.016,1,1.0,328,third
Qeirpgvl27yawfz1kjofdpwjkQ,learn_relquest,1.0,"[7, 0]",2.0,3.533,0,1.0,329,third
Qeirpgvl27yawfz1kjofdpwjkQ,learn_relquest,0.0,"[4, 0]",3.0,2.899,1,1.0,330,third
Qeirpgvl27yawfz1kjofdpwjkQ,learn_relquest,1.0,"[1, 7]",4.0,7.1,1,0.0,331,third
Qeirpgvl27yawfz1kjofdpwjkQ,learn_relquest,1.0,"[6, 7]",5.0,1.776,0,1.0,332,third
Qeirpgvl27yawfz1kjofdpwjkQ,learn_relquest,0.0,"[6, 0]",6.0,3.208,1,1.0,333,third
Qeirpgvl27yawfz1kjofdpwjkQ,learn_relquest,0.0,"[3, 6]",7.0,2.561,0,0.0,334,third
Qeirpgvl27yawfz1kjofdpwjkQ,learn_relquest,0.0,"[5, 2]",8.0,2.922,1,1.0,335,third
Qeirpgvl27yawfz1kjofdpwjkQ,learn_relquest,1.0,"[5, 6]",9.0,6.453,0,1.0,336,third
Qeirpgvl27yawfz1kjofdpwjkQ,learn_relquest,1.0,"[3, 5]",10.0,1.825,0,1.0,337,third
Qeirpgvl27yawfz1kjofdpwjkQ,learn_relquest,1.0,"[5, 3]",11.0,1.307,0,1.0,338,third
Qeirpgvl27yawfz1kjofdpwjkQ,learn_relquest,1.0,"[2, 6]",12.0,3.459,0,1.0,339,third
Qeirpgvl27yawfz1kjofdpwjkQ,learn_relquest,0.0,"[2, 7]",13.0,5.556,1,1.0,340,third
Qeirpgvl27yawfz1kjofdpwjkQ,learn_relquest,1.0,"[7, 1]",14.0,2.685,0,1.0,341,third
Qeirpgvl27yawfz1kjofdpwjkQ,learn_relquest,0.0,"[2, 1]",15.0,3.391,1,1.0,342,third
Qeirpgvl27yawfz1kjofdpwjkQ,learn_relquest,0.0,"[5, 1]",16.0,1.938,0,0.0,343,third
Qeirpgvl27yawfz1kjofdpwjkQ,learn_relquest,1.0,"[6, 5]",17.0,2.054,0,1.0,344,third
Qeirpgvl27yawfz1kjofdpwjkQ,learn_relquest,1.0,"[4, 1]",18.0,2.12,1,0.0,345,third
Qeirpgvl27yawfz1kjofdpwjkQ,learn_relquest,1.0,"[0, 7]",19.0,3.026,1,0.0,346,third
Qeirpgvl27yawfz1kjofdpwjkQ,learn_relquest,0.0,"[1, 6]",20.0,1.663,1,1.0,347,third
Qeirpgvl27yawfz1kjofdpwjkQ,learn_relquest,0.0,"[5, 0]",21.0,1.275,1,1.0,348,third
Qeirpgvl27yawfz1kjofdpwjkQ,learn_relquest,1.0,"[1, 4]",22.0,2.538,1,0.0,349,third
Qeirpgvl27yawfz1kjofdpwjkQ,learn_relquest,1.0,"[7, 6]",23.0,1.609,0,1.0,350,third
Qeirpgvl27yawfz1kjofdpwjkQ,learn_relquest,0.0,"[0, 4]",24.0,2.037,1,1.0,351,third
Qeirpgvl27yawfz1kjofdpwjkQ,learn_relquest,0.0,"[4, 2]",25.0,3.008,1,1.0,352,third
Qeirpgvl27yawfz1kjofdpwjkQ,learn_relquest,0.0,"[3, 1]",26.0,1.507,0,0.0,353,third
Qeirpgvl27yawfz1kjofdpwjkQ,learn_relquest,0.0,"[7, 5]",27.0,1.22,0,0.0,354,third
Qeirpgvl27yawfz1kjofdpwjkQ,learn_relquest,1.0,"[0, 7]",0.0,9.635,0,1.0,441,fourth
Qeirpgvl27yawfz1kjofdpwjkQ,learn_relquest,0.0,"[5, 4]",1.0,13.212,1,1.0,442,fourth
Qeirpgvl27yawfz1kjofdpwjkQ,learn_relquest,1.0,"[7, 0]",2.0,8.748,0,1.0,443,fourth
Qeirpgvl27yawfz1kjofdpwjkQ,learn_relquest,0.0,"[0, 2]",3.0,14.206,1,1.0,444,fourth
Qeirpgvl27yawfz1kjofdpwjkQ,learn_relquest,1.0,"[7, 1]",4.0,12.554,0,1.0,445,fourth
Qeirpgvl27yawfz1kjofdpwjkQ,learn_relquest,0.0,"[3, 4]",5.0,21.475,1,1.0,446,fourth
Qeirpgvl27yawfz1kjofdpwjkQ,learn_relquest,1.0,"[1, 7]",6.0,6.881,0,1.0,447,fourth
Qeirpgvl27yawfz1kjofdpwjkQ,learn_relquest,0.0,"[2, 7]",7.0,16.464,1,1.0,448,fourth
Qeirpgvl27yawfz1kjofdpwjkQ,learn_relquest,1.0,"[6, 7]",8.0,6.549,0,1.0,449,fourth
Qeirpgvl27yawfz1kjofdpwjkQ,learn_relquest,0.0,"[2, 0]",9.0,12.724,1,1.0,450,fourth
Qeirpgvl27yawfz1kjofdpwjkQ,learn_relquest,0.0,"[1, 2]",10.0,15.963,1,1.0,451,fourth
Qeirpgvl27yawfz1kjofdpwjkQ,learn_relquest,1.0,"[6, 5]",11.0,12.042,0,1.0,452,fourth
Qeirpgvl27yawfz1kjofdpwjkQ,learn_relquest,1.0,"[1, 4]",12.0,9.647,0,1.0,453,fourth
Qeirpgvl27yawfz1kjofdpwjkQ,learn_relquest,0.0,"[1, 3]",13.0,11.388,1,1.0,454,fourth
Qeirpgvl27yawfz1kjofdpwjkQ,learn_relquest,1.0,"[3, 5]",14.0,4.635,0,1.0,455,fourth
Qeirpgvl27yawfz1kjofdpwjkQ,learn_relquest,0.0,"[4, 0]",15.0,16.099,1,1.0,456,fourth
Qeirpgvl27yawfz1kjofdpwjkQ,learn_relquest,0.0,"[7, 5]",16.0,30.558,1,1.0,457,fourth
Qeirpgvl27yawfz1kjofdpwjkQ,learn_relquest,0.0,"[7, 3]",17.0,20.001,1,1.0,458,fourth
Qeirpgvl27yawfz1kjofdpwjkQ,learn_relquest,1.0,"[5, 3]",18.0,3.757,0,1.0,459,fourth
Qeirpgvl27yawfz1kjofdpwjkQ,learn_relquest,1.0,"[4, 1]",19.0,3.887,0,1.0,460,fourth
Qeirpgvl27yawfz1kjofdpwjkQ,learn_relquest,1.0,"[6, 2]",20.0,5.689,0,1.0,461,fourth
Qeirpgvl27yawfz1kjofdpwjkQ,learn_relquest,1.0,"[5, 6]",21.0,4.457,0,1.0,462,fourth
Qeirpgvl27yawfz1kjofdpwjkQ,learn_relquest,0.0,"[6, 3]",22.0,14.472,1,1.0,463,fourth
Qeirpgvl27yawfz1kjofdpwjkQ,learn_relquest,1.0,"[2, 6]",23.0,8.144,0,1.0,464,fourth
Qeirpgvl27yawfz1kjofdpwjkQ,learn_relquest,0.0,"[1, 6]",24.0,11.668,1,1.0,465,fourth
Qeirpgvl27yawfz1kjofdpwjkQ,learn_relquest,1.0,"[7, 6]",25.0,6.9,0,1.0,466,fourth
Qeirpgvl27yawfz1kjofdpwjkQ,learn_relquest,0.0,"[4, 5]",26.0,11.064,1,1.0,467,fourth
Qeirpgvl27yawfz1kjofdpwjkQ,learn_relquest,0.0,"[4, 2]",27.0,12.488,1,1.0,468,fourth
Qv3zugq49xxgutuifdlscq3axQ,learn_relquest,0.0,"[5, 7]",0.0,1.716,0,0.0,99,first
Qv3zugq49xxgutuifdlscq3axQ,learn_relquest,1.0,"[0, 7]",1.0,0.93,0,1.0,100,first
Qv3zugq49xxgutuifdlscq3axQ,learn_relquest,1.0,"[6, 2]",2.0,0.918,0,1.0,101,first
Qv3zugq49xxgutuifdlscq3axQ,learn_relquest,1.0,"[6, 7]",3.0,0.55,0,1.0,102,first
Qv3zugq49xxgutuifdlscq3axQ,learn_relquest,1.0,"[7, 0]",4.0,1.442,0,1.0,103,first
Qv3zugq49xxgutuifdlscq3axQ,learn_relquest,0.0,"[0, 5]",5.0,0.967,0,0.0,104,first
Qv3zugq49xxgutuifdlscq3axQ,learn_relquest,0.0,"[4, 5]",6.0,1.446,0,0.0,105,first
Qv3zugq49xxgutuifdlscq3axQ,learn_relquest,0.0,"[4, 7]",7.0,0.639,0,0.0,106,first
Qv3zugq49xxgutuifdlscq3axQ,learn_relquest,1.0,"[7, 1]",8.0,2.948,0,1.0,107,first
Qv3zugq49xxgutuifdlscq3axQ,learn_relquest,1.0,"[5, 6]",9.0,1.956,0,1.0,108,first
Qv3zugq49xxgutuifdlscq3axQ,learn_relquest,0.0,"[1, 2]",10.0,1.882,0,0.0,109,first
Qv3zugq49xxgutuifdlscq3axQ,learn_relquest,0.0,"[5, 0]",11.0,1.026,0,0.0,110,first
Qv3zugq49xxgutuifdlscq3axQ,learn_relquest,0.0,"[2, 4]",12.0,1.042,1,1.0,111,first
Qv3zugq49xxgutuifdlscq3axQ,learn_relquest,1.0,"[4, 1]",13.0,4.86,1,0.0,112,first
Qv3zugq49xxgutuifdlscq3axQ,learn_relquest,0.0,"[0, 2]",14.0,1.492,1,1.0,113,first
Qv3zugq49xxgutuifdlscq3axQ,learn_relquest,1.0,"[5, 3]",15.0,0.744,0,1.0,114,first
Qv3zugq49xxgutuifdlscq3axQ,learn_relquest,0.0,"[1, 3]",16.0,0.767,0,0.0,115,first
Qv3zugq49xxgutuifdlscq3axQ,learn_relquest,1.0,"[7, 6]",17.0,1.7,0,1.0,116,first
Qv3zugq49xxgutuifdlscq3axQ,learn_relquest,0.0,"[2, 7]",18.0,1.481,0,0.0,117,first
Qv3zugq49xxgutuifdlscq3axQ,learn_relquest,1.0,"[2, 6]",19.0,0.672,0,1.0,118,first
Qv3zugq49xxgutuifdlscq3axQ,learn_relquest,1.0,"[6, 5]",20.0,0.557,0,1.0,119,first
Qv3zugq49xxgutuifdlscq3axQ,learn_relquest,1.0,"[3, 5]",21.0,0.692,0,1.0,120,first
Qv3zugq49xxgutuifdlscq3axQ,learn_relquest,0.0,"[5, 1]",22.0,0.968,1,1.0,121,first
Qv3zugq49xxgutuifdlscq3axQ,learn_relquest,0.0,"[1, 6]",23.0,1.539,0,0.0,122,first
Qv3zugq49xxgutuifdlscq3axQ,learn_relquest,0.0,"[7, 3]",24.0,0.852,0,0.0,123,first
Qv3zugq49xxgutuifdlscq3axQ,learn_relquest,1.0,"[1, 7]",25.0,0.938,0,1.0,124,first
Qv3zugq49xxgutuifdlscq3axQ,learn_relquest,0.0,"[5, 2]",26.0,0.834,0,0.0,125,first
Qv3zugq49xxgutuifdlscq3axQ,learn_relquest,1.0,"[1, 4]",27.0,0.787,0,1.0,126,first
Qv3zugq49xxgutuifdlscq3axQ,learn_relquest,0.0,"[7, 4]",0.0,1.377,0,0.0,213,second
Qv3zugq49xxgutuifdlscq3axQ,learn_relquest,1.0,"[7, 6]",1.0,0.614,0,1.0,214,second
Qv3zugq49xxgutuifdlscq3axQ,learn_relquest,1.0,"[5, 6]",2.0,0.427,0,1.0,215,second
Qv3zugq49xxgutuifdlscq3axQ,learn_relquest,1.0,"[6, 5]",3.0,0.555,0,1.0,216,second
Qv3zugq49xxgutuifdlscq3axQ,learn_relquest,0.0,"[3, 0]",4.0,0.434,0,0.0,217,second
Qv3zugq49xxgutuifdlscq3axQ,learn_relquest,1.0,"[1, 7]",5.0,0.607,0,1.0,218,second
Qv3zugq49xxgutuifdlscq3axQ,learn_relquest,1.0,"[6, 7]",6.0,0.479,0,1.0,219,second
Qv3zugq49xxgutuifdlscq3axQ,learn_relquest,1.0,"[7, 0]",7.0,1.044,0,1.0,220,second
Qv3zugq49xxgutuifdlscq3axQ,learn_relquest,1.0,"[4, 1]",8.0,0.691,0,1.0,221,second
Qv3zugq49xxgutuifdlscq3axQ,learn_relquest,0.0,"[5, 7]",9.0,0.755,0,0.0,222,second
Qv3zugq49xxgutuifdlscq3axQ,learn_relquest,0.0,"[0, 6]",10.0,0.528,0,0.0,223,second
Qv3zugq49xxgutuifdlscq3axQ,learn_relquest,1.0,"[3, 5]",11.0,0.53,0,1.0,224,second
Qv3zugq49xxgutuifdlscq3axQ,learn_relquest,1.0,"[2, 6]",12.0,0.453,0,1.0,225,second
Qv3zugq49xxgutuifdlscq3axQ,learn_relquest,0.0,"[2, 7]",13.0,1.045,0,0.0,226,second
Qv3zugq49xxgutuifdlscq3axQ,learn_relquest,0.0,"[0, 1]",14.0,0.824,0,0.0,227,second
Qv3zugq49xxgutuifdlscq3axQ,learn_relquest,1.0,"[6, 2]",15.0,0.863,0,1.0,228,second
Qv3zugq49xxgutuifdlscq3axQ,learn_relquest,0.0,"[0, 3]",16.0,0.561,0,0.0,229,second
Qv3zugq49xxgutuifdlscq3axQ,learn_relquest,0.0,"[2, 3]",17.0,1.24,0,0.0,230,second
Qv3zugq49xxgutuifdlscq3axQ,learn_relquest,0.0,"[3, 6]",18.0,0.522,0,0.0,231,second
Qv3zugq49xxgutuifdlscq3axQ,learn_relquest,1.0,"[5, 3]",19.0,0.614,0,1.0,232,second
Qv3zugq49xxgutuifdlscq3axQ,learn_relquest,0.0,"[5, 0]",20.0,0.454,0,0.0,233,second
Qv3zugq49xxgutuifdlscq3axQ,learn_relquest,0.0,"[0, 5]",21.0,0.586,0,0.0,234,second
Qv3zugq49xxgutuifdlscq3axQ,learn_relquest,1.0,"[1, 4]",22.0,0.495,0,1.0,235,second
Qv3zugq49xxgutuifdlscq3axQ,learn_relquest,1.0,"[0, 7]",23.0,1.385,0,1.0,236,second
Qv3zugq49xxgutuifdlscq3axQ,learn_relquest,1.0,"[7, 1]",24.0,0.793,0,1.0,237,second
Qv3zugq49xxgutuifdlscq3axQ,learn_relquest,0.0,"[3, 7]",25.0,0.556,0,0.0,238,second
Qv3zugq49xxgutuifdlscq3axQ,learn_relquest,0.0,"[0, 4]",26.0,0.805,0,0.0,239,second
Qv3zugq49xxgutuifdlscq3axQ,learn_relquest,0.0,"[2, 1]",27.0,0.608,0,0.0,240,second
Qv3zugq49xxgutuifdlscq3axQ,learn_relquest,1.0,"[7, 0]",0.0,1.109,0,1.0,327,third
Qv3zugq49xxgutuifdlscq3axQ,learn_relquest,1.0,"[6, 2]",1.0,0.279,0,1.0,328,third
Qv3zugq49xxgutuifdlscq3axQ,learn_relquest,1.0,"[3, 5]",2.0,0.186,0,1.0,329,third
Qv3zugq49xxgutuifdlscq3axQ,learn_relquest,1.0,"[5, 6]",3.0,0.177,0,1.0,330,third
Qv3zugq49xxgutuifdlscq3axQ,learn_relquest,0.0,"[4, 0]",4.0,0.178,0,0.0,331,third
Qv3zugq49xxgutuifdlscq3axQ,learn_relquest,0.0,"[1, 2]",5.0,0.206,0,0.0,332,third
Qv3zugq49xxgutuifdlscq3axQ,learn_relquest,1.0,"[6, 5]",6.0,0.511,0,1.0,333,third
Qv3zugq49xxgutuifdlscq3axQ,learn_relquest,0.0,"[5, 7]",7.0,0.625,0,0.0,334,third
Qv3zugq49xxgutuifdlscq3axQ,learn_relquest,0.0,"[2, 0]",8.0,2.234,1,1.0,335,third
Qv3zugq49xxgutuifdlscq3axQ,learn_relquest,1.0,"[0, 7]",9.0,1.157,0,1.0,336,third
Qv3zugq49xxgutuifdlscq3axQ,learn_relquest,0.0,"[4, 3]",10.0,0.738,0,0.0,337,third
Qv3zugq49xxgutuifdlscq3axQ,learn_relquest,1.0,"[5, 3]",11.0,0.226,0,1.0,338,third
Qv3zugq49xxgutuifdlscq3axQ,learn_relquest,1.0,"[7, 1]",12.0,0.319,0,1.0,339,third
Qv3zugq49xxgutuifdlscq3axQ,learn_relquest,1.0,"[4, 1]",13.0,0.59,0,1.0,340,third
Qv3zugq49xxgutuifdlscq3axQ,learn_relquest,0.0,"[7, 4]",14.0,0.832,0,0.0,341,third
Qv3zugq49xxgutuifdlscq3axQ,learn_relquest,0.0,"[3, 0]",15.0,0.716,0,0.0,342,third
Qv3zugq49xxgutuifdlscq3axQ,learn_relquest,0.0,"[6, 3]",16.0,0.872,0,0.0,343,third
Qv3zugq49xxgutuifdlscq3axQ,learn_relquest,0.0,"[6, 1]",17.0,0.711,0,0.0,344,third
Qv3zugq49xxgutuifdlscq3axQ,learn_relquest,0.0,"[7, 3]",18.0,0.797,0,0.0,345,third
Qv3zugq49xxgutuifdlscq3axQ,learn_relquest,1.0,"[6, 7]",19.0,0.436,0,1.0,346,third
Qv3zugq49xxgutuifdlscq3axQ,learn_relquest,1.0,"[1, 4]",20.0,0.5,0,1.0,347,third
Qv3zugq49xxgutuifdlscq3axQ,learn_relquest,1.0,"[2, 6]",21.0,0.473,0,1.0,348,third
Qv3zugq49xxgutuifdlscq3axQ,learn_relquest,0.0,"[2, 5]",22.0,0.737,0,0.0,349,third
Qv3zugq49xxgutuifdlscq3axQ,learn_relquest,0.0,"[3, 1]",23.0,0.49,0,0.0,350,third
Qv3zugq49xxgutuifdlscq3axQ,learn_relquest,0.0,"[3, 7]",24.0,0.425,0,0.0,351,third
Qv3zugq49xxgutuifdlscq3axQ,learn_relquest,0.0,"[5, 1]",25.0,0.928,1,1.0,352,third
Qv3zugq49xxgutuifdlscq3axQ,learn_relquest,1.0,"[1, 7]",26.0,0.654,0,1.0,353,third
Qv3zugq49xxgutuifdlscq3axQ,learn_relquest,1.0,"[7, 6]",27.0,1.273,0,1.0,354,third
Qv3zugq49xxgutuifdlscq3axQ,learn_relquest,0.0,"[2, 0]",0.0,1.169,0,0.0,441,fourth
Qv3zugq49xxgutuifdlscq3axQ,learn_relquest,1.0,"[4, 1]",1.0,0.193,0,1.0,442,fourth
Qv3zugq49xxgutuifdlscq3axQ,learn_relquest,1.0,"[1, 7]",2.0,0.217,0,1.0,443,fourth
Qv3zugq49xxgutuifdlscq3axQ,learn_relquest,1.0,"[5, 6]",3.0,0.928,0,1.0,444,fourth
Qv3zugq49xxgutuifdlscq3axQ,learn_relquest,1.0,"[1, 4]",4.0,0.57,0,1.0,445,fourth
Qv3zugq49xxgutuifdlscq3axQ,learn_relquest,1.0,"[5, 3]",5.0,0.719,0,1.0,446,fourth
Qv3zugq49xxgutuifdlscq3axQ,learn_relquest,0.0,"[5, 2]",6.0,1.281,0,0.0,447,fourth
Qv3zugq49xxgutuifdlscq3axQ,learn_relquest,0.0,"[4, 5]",7.0,0.854,0,0.0,448,fourth
Qv3zugq49xxgutuifdlscq3axQ,learn_relquest,1.0,"[6, 7]",8.0,0.577,0,1.0,449,fourth
Qv3zugq49xxgutuifdlscq3axQ,learn_relquest,0.0,"[4, 3]",9.0,0.503,0,0.0,450,fourth
Qv3zugq49xxgutuifdlscq3axQ,learn_relquest,0.0,"[1, 6]",10.0,0.531,0,0.0,451,fourth
Qv3zugq49xxgutuifdlscq3axQ,learn_relquest,0.0,"[5, 0]",11.0,0.519,0,0.0,452,fourth
Qv3zugq49xxgutuifdlscq3axQ,learn_relquest,1.0,"[7, 1]",12.0,0.452,0,1.0,453,fourth
Qv3zugq49xxgutuifdlscq3axQ,learn_relquest,1.0,"[6, 5]",13.0,0.536,0,1.0,454,fourth
Qv3zugq49xxgutuifdlscq3axQ,learn_relquest,0.0,"[0, 2]",14.0,0.524,0,0.0,455,fourth
Qv3zugq49xxgutuifdlscq3axQ,learn_relquest,0.0,"[0, 1]",15.0,0.792,0,0.0,456,fourth
Qv3zugq49xxgutuifdlscq3axQ,learn_relquest,0.0,"[6, 1]",16.0,0.615,0,0.0,457,fourth
Qv3zugq49xxgutuifdlscq3axQ,learn_relquest,1.0,"[3, 5]",17.0,0.723,0,1.0,458,fourth
Qv3zugq49xxgutuifdlscq3axQ,learn_relquest,1.0,"[7, 6]",18.0,1.62,1,0.0,459,fourth
Qv3zugq49xxgutuifdlscq3axQ,learn_relquest,0.0,"[7, 3]",19.0,1.348,1,1.0,460,fourth
Qv3zugq49xxgutuifdlscq3axQ,learn_relquest,0.0,"[7, 5]",20.0,1.075,0,0.0,461,fourth
Qv3zugq49xxgutuifdlscq3axQ,learn_relquest,0.0,"[5, 1]",21.0,0.765,1,1.0,462,fourth
Qv3zugq49xxgutuifdlscq3axQ,learn_relquest,0.0,"[3, 2]",22.0,0.663,0,0.0,463,fourth
Qv3zugq49xxgutuifdlscq3axQ,learn_relquest,0.0,"[2, 3]",23.0,0.981,0,0.0,464,fourth
Qv3zugq49xxgutuifdlscq3axQ,learn_relquest,1.0,"[0, 7]",24.0,1.258,1,0.0,465,fourth
Qv3zugq49xxgutuifdlscq3axQ,learn_relquest,1.0,"[6, 2]",25.0,0.874,0,1.0,466,fourth
Qv3zugq49xxgutuifdlscq3axQ,learn_relquest,1.0,"[7, 0]",26.0,0.587,0,1.0,467,fourth
Qv3zugq49xxgutuifdlscq3axQ,learn_relquest,1.0,"[2, 6]",27.0,4.479,0,1.0,468,fourth
Qv3zugq49xxgutuifdlscq3axQ,learn_relquest,0.0,"[4, 6]",0.0,2.042,0,0.0,555,fifth
Qv3zugq49xxgutuifdlscq3axQ,learn_relquest,1.0,"[5, 6]",1.0,2.31,0,1.0,556,fifth
Qv3zugq49xxgutuifdlscq3axQ,learn_relquest,1.0,"[2, 6]",2.0,4.918,1,0.0,557,fifth
Qv3zugq49xxgutuifdlscq3axQ,learn_relquest,0.0,"[5, 1]",3.0,0.917,1,1.0,558,fifth
Qv3zugq49xxgutuifdlscq3axQ,learn_relquest,0.0,"[6, 0]",4.0,1.751,0,0.0,559,fifth
Qv3zugq49xxgutuifdlscq3axQ,learn_relquest,1.0,"[1, 7]",5.0,1.861,0,1.0,560,fifth
Qv3zugq49xxgutuifdlscq3axQ,learn_relquest,0.0,"[1, 0]",6.0,1.925,0,0.0,561,fifth
Qv3zugq49xxgutuifdlscq3axQ,learn_relquest,0.0,"[0, 1]",7.0,2.452,0,0.0,562,fifth
Qv3zugq49xxgutuifdlscq3axQ,learn_relquest,1.0,"[7, 6]",8.0,1.758,0,1.0,563,fifth
Qv3zugq49xxgutuifdlscq3axQ,learn_relquest,1.0,"[5, 3]",9.0,1.593,0,1.0,564,fifth
Qv3zugq49xxgutuifdlscq3axQ,learn_relquest,1.0,"[4, 1]",10.0,1.426,0,1.0,565,fifth
Qv3zugq49xxgutuifdlscq3axQ,learn_relquest,1.0,"[7, 1]",11.0,1.42,0,1.0,566,fifth
Qv3zugq49xxgutuifdlscq3axQ,learn_relquest,0.0,"[2, 4]",12.0,1.273,1,1.0,567,fifth
Qv3zugq49xxgutuifdlscq3axQ,learn_relquest,0.0,"[3, 7]",13.0,3.661,1,1.0,568,fifth
Qv3zugq49xxgutuifdlscq3axQ,learn_relquest,1.0,"[6, 2]",14.0,1.843,0,1.0,569,fifth
Qv3zugq49xxgutuifdlscq3axQ,learn_relquest,0.0,"[4, 7]",15.0,4.157,1,1.0,570,fifth
Qv3zugq49xxgutuifdlscq3axQ,learn_relquest,0.0,"[3, 6]",16.0,2.261,0,0.0,571,fifth
Qv3zugq49xxgutuifdlscq3axQ,learn_relquest,0.0,"[2, 7]",17.0,3.184,0,0.0,572,fifth
Qv3zugq49xxgutuifdlscq3axQ,learn_relquest,1.0,"[3, 5]",18.0,1.116,0,1.0,573,fifth
Qv3zugq49xxgutuifdlscq3axQ,learn_relquest,0.0,"[0, 2]",19.0,2.635,0,0.0,574,fifth
Qv3zugq49xxgutuifdlscq3axQ,learn_relquest,0.0,"[1, 6]",20.0,3.844,1,1.0,575,fifth
Qv3zugq49xxgutuifdlscq3axQ,learn_relquest,1.0,"[7, 0]",21.0,1.09,0,1.0,576,fifth
Qv3zugq49xxgutuifdlscq3axQ,learn_relquest,1.0,"[1, 4]",22.0,2.307,0,1.0,577,fifth
Qv3zugq49xxgutuifdlscq3axQ,learn_relquest,1.0,"[0, 7]",23.0,0.893,0,1.0,578,fifth
Qv3zugq49xxgutuifdlscq3axQ,learn_relquest,0.0,"[5, 0]",24.0,0.813,0,0.0,579,fifth
Qv3zugq49xxgutuifdlscq3axQ,learn_relquest,0.0,"[4, 0]",25.0,4.195,1,1.0,580,fifth
Qv3zugq49xxgutuifdlscq3axQ,learn_relquest,1.0,"[6, 5]",26.0,1.364,0,1.0,581,fifth
Qv3zugq49xxgutuifdlscq3axQ,learn_relquest,1.0,"[6, 7]",27.0,1.588,0,1.0,582,fifth
Qflje4sustiazqpj1i0g6w52hQ,learn_relquest,0.0,"[4, 0]",0.0,10.152,0,0.0,99,first
Qflje4sustiazqpj1i0g6w52hQ,learn_relquest,0.0,"[7, 3]",1.0,4.003,0,0.0,100,first
Qflje4sustiazqpj1i0g6w52hQ,learn_relquest,0.0,"[2, 1]",2.0,3.815,0,0.0,101,first
Qflje4sustiazqpj1i0g6w52hQ,learn_relquest,0.0,"[5, 7]",3.0,2.138,0,0.0,102,first
Qflje4sustiazqpj1i0g6w52hQ,learn_relquest,1.0,"[2, 6]",4.0,1.699,0,1.0,103,first
Qflje4sustiazqpj1i0g6w52hQ,learn_relquest,1.0,"[6, 7]",5.0,2.187,0,1.0,104,first
Qflje4sustiazqpj1i0g6w52hQ,learn_relquest,1.0,"[7, 6]",6.0,2.109,0,1.0,105,first
Qflje4sustiazqpj1i0g6w52hQ,learn_relquest,1.0,"[4, 1]",7.0,1.443,0,1.0,106,first
Qflje4sustiazqpj1i0g6w52hQ,learn_relquest,0.0,"[1, 6]",8.0,1.398,0,0.0,107,first
Qflje4sustiazqpj1i0g6w52hQ,learn_relquest,0.0,"[6, 3]",9.0,6.238,0,0.0,108,first
Qflje4sustiazqpj1i0g6w52hQ,learn_relquest,1.0,"[6, 2]",10.0,1.303,0,1.0,109,first
Qflje4sustiazqpj1i0g6w52hQ,learn_relquest,0.0,"[6, 1]",11.0,1.004,0,0.0,110,first
Qflje4sustiazqpj1i0g6w52hQ,learn_relquest,1.0,"[7, 0]",12.0,1.195,0,1.0,111,first
Qflje4sustiazqpj1i0g6w52hQ,learn_relquest,0.0,"[4, 6]",13.0,0.96,0,0.0,112,first
Qflje4sustiazqpj1i0g6w52hQ,learn_relquest,1.0,"[1, 4]",14.0,2.347,0,1.0,113,first
Qflje4sustiazqpj1i0g6w52hQ,learn_relquest,1.0,"[3, 5]",15.0,2.051,0,1.0,114,first
Qflje4sustiazqpj1i0g6w52hQ,learn_relquest,0.0,"[1, 5]",16.0,3.927,0,0.0,115,first
Qflje4sustiazqpj1i0g6w52hQ,learn_relquest,1.0,"[6, 5]",17.0,0.796,0,1.0,116,first
Qflje4sustiazqpj1i0g6w52hQ,learn_relquest,0.0,"[2, 3]",18.0,0.854,0,0.0,117,first
Qflje4sustiazqpj1i0g6w52hQ,learn_relquest,1.0,"[5, 6]",19.0,0.636,0,1.0,118,first
Qflje4sustiazqpj1i0g6w52hQ,learn_relquest,0.0,"[0, 3]",20.0,0.948,0,0.0,119,first
Qflje4sustiazqpj1i0g6w52hQ,learn_relquest,1.0,"[0, 7]",21.0,1.596,0,1.0,120,first
Qflje4sustiazqpj1i0g6w52hQ,learn_relquest,0.0,"[4, 7]",22.0,4.64,0,0.0,121,first
Qflje4sustiazqpj1i0g6w52hQ,learn_relquest,1.0,"[7, 1]",23.0,0.871,0,1.0,122,first
Qflje4sustiazqpj1i0g6w52hQ,learn_relquest,1.0,"[1, 7]",24.0,0.635,0,1.0,123,first
Qflje4sustiazqpj1i0g6w52hQ,learn_relquest,1.0,"[5, 3]",25.0,1.309,0,1.0,124,first
Qflje4sustiazqpj1i0g6w52hQ,learn_relquest,0.0,"[0, 1]",26.0,1.195,0,0.0,125,first
Qflje4sustiazqpj1i0g6w52hQ,learn_relquest,0.0,"[0, 2]",27.0,3.787,1,1.0,126,first
Qflje4sustiazqpj1i0g6w52hQ,learn_relquest,0.0,"[3, 6]",0.0,2.771,0,0.0,213,second
Qflje4sustiazqpj1i0g6w52hQ,learn_relquest,1.0,"[6, 5]",1.0,2.93,1,0.0,214,second
Qflje4sustiazqpj1i0g6w52hQ,learn_relquest,0.0,"[4, 7]",2.0,1.432,0,0.0,215,second
Qflje4sustiazqpj1i0g6w52hQ,learn_relquest,0.0,"[0, 3]",3.0,1.111,0,0.0,216,second
Qflje4sustiazqpj1i0g6w52hQ,learn_relquest,1.0,"[6, 2]",4.0,2.1,0,1.0,217,second
Qflje4sustiazqpj1i0g6w52hQ,learn_relquest,0.0,"[1, 5]",5.0,2.156,1,1.0,218,second
Qflje4sustiazqpj1i0g6w52hQ,learn_relquest,1.0,"[1, 4]",6.0,1.131,0,1.0,219,second
Qflje4sustiazqpj1i0g6w52hQ,learn_relquest,1.0,"[5, 3]",7.0,1.803,0,1.0,220,second
Qflje4sustiazqpj1i0g6w52hQ,learn_relquest,1.0,"[2, 6]",8.0,1.548,0,1.0,221,second
Qflje4sustiazqpj1i0g6w52hQ,learn_relquest,0.0,"[5, 1]",9.0,2.727,0,0.0,222,second
Qflje4sustiazqpj1i0g6w52hQ,learn_relquest,1.0,"[5, 6]",10.0,2.09,0,1.0,223,second
Qflje4sustiazqpj1i0g6w52hQ,learn_relquest,1.0,"[6, 7]",11.0,1.284,0,1.0,224,second
Qflje4sustiazqpj1i0g6w52hQ,learn_relquest,0.0,"[4, 0]",12.0,1.431,1,1.0,225,second
Qflje4sustiazqpj1i0g6w52hQ,learn_relquest,1.0,"[3, 5]",13.0,0.703,0,1.0,226,second
Qflje4sustiazqpj1i0g6w52hQ,learn_relquest,0.0,"[0, 5]",14.0,1.451,1,1.0,227,second
Qflje4sustiazqpj1i0g6w52hQ,learn_relquest,0.0,"[2, 0]",15.0,1.987,1,1.0,228,second
Qflje4sustiazqpj1i0g6w52hQ,learn_relquest,1.0,"[7, 0]",16.0,0.757,0,1.0,229,second
Qflje4sustiazqpj1i0g6w52hQ,learn_relquest,0.0,"[3, 2]",17.0,0.95,0,0.0,230,second
Qflje4sustiazqpj1i0g6w52hQ,learn_relquest,1.0,"[7, 6]",18.0,0.727,0,1.0,231,second
Qflje4sustiazqpj1i0g6w52hQ,learn_relquest,0.0,"[7, 3]",19.0,0.891,0,0.0,232,second
Qflje4sustiazqpj1i0g6w52hQ,learn_relquest,0.0,"[4, 3]",20.0,0.793,0,0.0,233,second
Qflje4sustiazqpj1i0g6w52hQ,learn_relquest,0.0,"[5, 0]",21.0,0.922,0,0.0,234,second
Qflje4sustiazqpj1i0g6w52hQ,learn_relquest,1.0,"[4, 1]",22.0,2.07,0,1.0,235,second
Qflje4sustiazqpj1i0g6w52hQ,learn_relquest,1.0,"[7, 1]",23.0,1.33,0,1.0,236,second
Qflje4sustiazqpj1i0g6w52hQ,learn_relquest,0.0,"[2, 4]",24.0,0.806,0,0.0,237,second
Qflje4sustiazqpj1i0g6w52hQ,learn_relquest,0.0,"[4, 5]",25.0,3.281,0,0.0,238,second
Qflje4sustiazqpj1i0g6w52hQ,learn_relquest,1.0,"[1, 7]",26.0,1.347,0,1.0,239,second
Qflje4sustiazqpj1i0g6w52hQ,learn_relquest,1.0,"[0, 7]",27.0,0.892,0,1.0,240,second
Qflje4sustiazqpj1i0g6w52hQ,learn_relquest,0.0,"[2, 0]",0.0,2.406,0,0.0,327,third
Qflje4sustiazqpj1i0g6w52hQ,learn_relquest,0.0,"[0, 1]",1.0,1.518,0,0.0,328,third
Qflje4sustiazqpj1i0g6w52hQ,learn_relquest,1.0,"[3, 5]",2.0,1.337,0,1.0,329,third
Qflje4sustiazqpj1i0g6w52hQ,learn_relquest,1.0,"[7, 6]",3.0,1.013,0,1.0,330,third
Qflje4sustiazqpj1i0g6w52hQ,learn_relquest,1.0,"[0, 7]",4.0,1.37,0,1.0,331,third
Qflje4sustiazqpj1i0g6w52hQ,learn_relquest,0.0,"[1, 3]",5.0,1.825,0,0.0,332,third
Qflje4sustiazqpj1i0g6w52hQ,learn_relquest,1.0,"[2, 6]",6.0,1.29,0,1.0,333,third
Qflje4sustiazqpj1i0g6w52hQ,learn_relquest,0.0,"[4, 7]",7.0,2.717,1,1.0,334,third
Qflje4sustiazqpj1i0g6w52hQ,learn_relquest,0.0,"[4, 2]",8.0,1.303,1,1.0,335,third
Qflje4sustiazqpj1i0g6w52hQ,learn_relquest,1.0,"[5, 3]",9.0,1.681,0,1.0,336,third
Qflje4sustiazqpj1i0g6w52hQ,learn_relquest,0.0,"[0, 6]",10.0,1.136,0,0.0,337,third
Qflje4sustiazqpj1i0g6w52hQ,learn_relquest,0.0,"[2, 1]",11.0,2.654,0,0.0,338,third
Qflje4sustiazqpj1i0g6w52hQ,learn_relquest,0.0,"[0, 2]",12.0,3.489,1,1.0,339,third
Qflje4sustiazqpj1i0g6w52hQ,learn_relquest,1.0,"[6, 7]",13.0,0.815,0,1.0,340,third
Qflje4sustiazqpj1i0g6w52hQ,learn_relquest,1.0,"[4, 1]",14.0,1.767,0,1.0,341,third
Qflje4sustiazqpj1i0g6w52hQ,learn_relquest,1.0,"[1, 7]",15.0,1.322,0,1.0,342,third
Qflje4sustiazqpj1i0g6w52hQ,learn_relquest,1.0,"[7, 1]",16.0,1.155,0,1.0,343,third
Qflje4sustiazqpj1i0g6w52hQ,learn_relquest,1.0,"[1, 4]",17.0,1.387,0,1.0,344,third
Qflje4sustiazqpj1i0g6w52hQ,learn_relquest,0.0,"[7, 5]",18.0,0.937,0,0.0,345,third
Qflje4sustiazqpj1i0g6w52hQ,learn_relquest,1.0,"[7, 0]",19.0,0.844,0,1.0,346,third
Qflje4sustiazqpj1i0g6w52hQ,learn_relquest,1.0,"[6, 2]",20.0,1.092,0,1.0,347,third
Qflje4sustiazqpj1i0g6w52hQ,learn_relquest,0.0,"[4, 6]",21.0,2.725,0,0.0,348,third
Qflje4sustiazqpj1i0g6w52hQ,learn_relquest,0.0,"[0, 5]",22.0,1.063,0,0.0,349,third
Qflje4sustiazqpj1i0g6w52hQ,learn_relquest,1.0,"[5, 6]",23.0,0.93,0,1.0,350,third
Qflje4sustiazqpj1i0g6w52hQ,learn_relquest,0.0,"[3, 2]",24.0,0.777,0,0.0,351,third
Qflje4sustiazqpj1i0g6w52hQ,learn_relquest,0.0,"[6, 4]",25.0,0.683,0,0.0,352,third
Qflje4sustiazqpj1i0g6w52hQ,learn_relquest,0.0,"[3, 6]",26.0,1.968,1,1.0,353,third
Qflje4sustiazqpj1i0g6w52hQ,learn_relquest,1.0,"[6, 5]",27.0,1.727,0,1.0,354,third
Qflje4sustiazqpj1i0g6w52hQ,learn_relquest,1.0,"[6, 5]",0.0,1.465,0,1.0,441,fourth
Qflje4sustiazqpj1i0g6w52hQ,learn_relquest,0.0,"[5, 0]",1.0,0.826,0,0.0,442,fourth
Qflje4sustiazqpj1i0g6w52hQ,learn_relquest,1.0,"[2, 6]",2.0,1.176,0,1.0,443,fourth
Qflje4sustiazqpj1i0g6w52hQ,learn_relquest,0.0,"[1, 6]",3.0,1.06,0,0.0,444,fourth
Qflje4sustiazqpj1i0g6w52hQ,learn_relquest,1.0,"[6, 7]",4.0,0.901,0,1.0,445,fourth
Qflje4sustiazqpj1i0g6w52hQ,learn_relquest,0.0,"[0, 3]",5.0,2.48,0,0.0,446,fourth
Qflje4sustiazqpj1i0g6w52hQ,learn_relquest,1.0,"[1, 4]",6.0,1.312,0,1.0,447,fourth
Qflje4sustiazqpj1i0g6w52hQ,learn_relquest,1.0,"[1, 7]",7.0,1.213,0,1.0,448,fourth
Qflje4sustiazqpj1i0g6w52hQ,learn_relquest,0.0,"[0, 2]",8.0,2.212,1,1.0,449,fourth
Qflje4sustiazqpj1i0g6w52hQ,learn_relquest,0.0,"[2, 7]",9.0,1.797,1,1.0,450,fourth
Qflje4sustiazqpj1i0g6w52hQ,learn_relquest,0.0,"[2, 5]",10.0,3.563,1,1.0,451,fourth
Qflje4sustiazqpj1i0g6w52hQ,learn_relquest,0.0,"[3, 6]",11.0,1.359,1,1.0,452,fourth
Qflje4sustiazqpj1i0g6w52hQ,learn_relquest,1.0,"[5, 3]",12.0,0.958,0,1.0,453,fourth
Qflje4sustiazqpj1i0g6w52hQ,learn_relquest,1.0,"[7, 6]",13.0,1.527,0,1.0,454,fourth
Qflje4sustiazqpj1i0g6w52hQ,learn_relquest,1.0,"[7, 0]",14.0,1.168,0,1.0,455,fourth
Qflje4sustiazqpj1i0g6w52hQ,learn_relquest,0.0,"[2, 0]",15.0,2.406,1,1.0,456,fourth
Qflje4sustiazqpj1i0g6w52hQ,learn_relquest,1.0,"[0, 7]",16.0,0.688,0,1.0,457,fourth
Qflje4sustiazqpj1i0g6w52hQ,learn_relquest,0.0,"[7, 5]",17.0,1.692,0,0.0,458,fourth
Qflje4sustiazqpj1i0g6w52hQ,learn_relquest,0.0,"[6, 4]",18.0,2.028,0,0.0,459,fourth
Qflje4sustiazqpj1i0g6w52hQ,learn_relquest,1.0,"[3, 5]",19.0,0.854,0,1.0,460,fourth
Qflje4sustiazqpj1i0g6w52hQ,learn_relquest,1.0,"[5, 6]",20.0,0.814,0,1.0,461,fourth
Qflje4sustiazqpj1i0g6w52hQ,learn_relquest,0.0,"[6, 0]",21.0,0.86,0,0.0,462,fourth
Qflje4sustiazqpj1i0g6w52hQ,learn_relquest,1.0,"[6, 2]",22.0,0.826,0,1.0,463,fourth
Qflje4sustiazqpj1i0g6w52hQ,learn_relquest,1.0,"[7, 1]",23.0,0.805,0,1.0,464,fourth
Qflje4sustiazqpj1i0g6w52hQ,learn_relquest,1.0,"[4, 1]",24.0,3.911,0,1.0,465,fourth
Qflje4sustiazqpj1i0g6w52hQ,learn_relquest,0.0,"[0, 4]",25.0,1.04,0,0.0,466,fourth
Qflje4sustiazqpj1i0g6w52hQ,learn_relquest,0.0,"[3, 0]",26.0,0.588,0,0.0,467,fourth
Qflje4sustiazqpj1i0g6w52hQ,learn_relquest,0.0,"[4, 2]",27.0,1.063,1,1.0,468,fourth
Qflje4sustiazqpj1i0g6w52hQ,learn_relquest,1.0,"[2, 6]",0.0,1.576,0,1.0,555,fifth
Qflje4sustiazqpj1i0g6w52hQ,learn_relquest,0.0,"[4, 7]",1.0,2.795,1,1.0,556,fifth
Qflje4sustiazqpj1i0g6w52hQ,learn_relquest,1.0,"[7, 1]",2.0,1.453,0,1.0,557,fifth
Qflje4sustiazqpj1i0g6w52hQ,learn_relquest,1.0,"[3, 5]",3.0,1.084,0,1.0,558,fifth
Qflje4sustiazqpj1i0g6w52hQ,learn_relquest,1.0,"[4, 1]",4.0,2.431,0,1.0,559,fifth
Qflje4sustiazqpj1i0g6w52hQ,learn_relquest,0.0,"[5, 2]",5.0,1.913,1,1.0,560,fifth
Qflje4sustiazqpj1i0g6w52hQ,learn_relquest,1.0,"[5, 6]",6.0,2.335,0,1.0,561,fifth
Qflje4sustiazqpj1i0g6w52hQ,learn_relquest,1.0,"[1, 4]",7.0,1.873,0,1.0,562,fifth
Qflje4sustiazqpj1i0g6w52hQ,learn_relquest,0.0,"[6, 3]",8.0,1.947,1,1.0,563,fifth
Qflje4sustiazqpj1i0g6w52hQ,learn_relquest,1.0,"[1, 7]",9.0,1.177,0,1.0,564,fifth
Qflje4sustiazqpj1i0g6w52hQ,learn_relquest,0.0,"[3, 2]",10.0,2.87,1,1.0,565,fifth
Qflje4sustiazqpj1i0g6w52hQ,learn_relquest,0.0,"[0, 6]",11.0,2.147,0,0.0,566,fifth
Qflje4sustiazqpj1i0g6w52hQ,learn_relquest,1.0,"[0, 7]",12.0,0.664,0,1.0,567,fifth
Qflje4sustiazqpj1i0g6w52hQ,learn_relquest,0.0,"[1, 3]",13.0,1.214,0,0.0,568,fifth
Qflje4sustiazqpj1i0g6w52hQ,learn_relquest,1.0,"[6, 2]",14.0,1.11,0,1.0,569,fifth
Qflje4sustiazqpj1i0g6w52hQ,learn_relquest,0.0,"[2, 7]",15.0,3.135,1,1.0,570,fifth
Qflje4sustiazqpj1i0g6w52hQ,learn_relquest,1.0,"[6, 7]",16.0,0.825,0,1.0,571,fifth
Qflje4sustiazqpj1i0g6w52hQ,learn_relquest,0.0,"[2, 4]",17.0,1.044,1,1.0,572,fifth
Qflje4sustiazqpj1i0g6w52hQ,learn_relquest,0.0,"[3, 1]",18.0,0.931,0,0.0,573,fifth
Qflje4sustiazqpj1i0g6w52hQ,learn_relquest,1.0,"[5, 3]",19.0,0.69,0,1.0,574,fifth
Qflje4sustiazqpj1i0g6w52hQ,learn_relquest,0.0,"[3, 6]",20.0,1.071,1,1.0,575,fifth
Qflje4sustiazqpj1i0g6w52hQ,learn_relquest,0.0,"[4, 0]",21.0,2.046,0,0.0,576,fifth
Qflje4sustiazqpj1i0g6w52hQ,learn_relquest,1.0,"[7, 6]",22.0,2.441,0,1.0,577,fifth
Qflje4sustiazqpj1i0g6w52hQ,learn_relquest,1.0,"[7, 0]",23.0,1.253,0,1.0,578,fifth
Qflje4sustiazqpj1i0g6w52hQ,learn_relquest,1.0,"[6, 5]",24.0,0.797,0,1.0,579,fifth
Qflje4sustiazqpj1i0g6w52hQ,learn_relquest,0.0,"[0, 2]",25.0,1.474,1,1.0,580,fifth
Qflje4sustiazqpj1i0g6w52hQ,learn_relquest,0.0,"[7, 3]",26.0,3.795,1,1.0,581,fifth
Qflje4sustiazqpj1i0g6w52hQ,learn_relquest,0.0,"[0, 5]",27.0,0.737,0,0.0,582,fifth
