subject_id,group_name,trial_ind_congrtest,pathpair_congrtest,acc_congrtest,rt_congrtest,response,consc_confratings_congrtest,clar_confratings_congrtest,diff_confratings_congrtest,conf_confratings_congrtest,freeeval_congrtest
Q0ww7l1cbyjw8hbduuj54g0tfQ,unconstrained,0.0,"[[5, 6, 7], [2, 6, 7, 1]]",1.0,5.904,0,Fully conscious/deliberative,Somewhat clear,Quite easy,Confident,"I think there wasn’t much strategy, I was choosing it based on my memory "
Q0ww7l1cbyjw8hbduuj54g0tfQ,unconstrained,1.0,"[[7, 6, 5, 3], [2, 6, 7]]",1.0,4.865,1,Fully conscious/deliberative,Somewhat clear,Quite easy,Confident,"I think there wasn’t much strategy, I was choosing it based on my memory "
Q0ww7l1cbyjw8hbduuj54g0tfQ,unconstrained,2.0,"[[0, 7, 1, 4], [5, 6, 7]]",0.0,1.756,0,Fully conscious/deliberative,Somewhat clear,Quite easy,Confident,"I think there wasn’t much strategy, I was choosing it based on my memory "
Q0ww7l1cbyjw8hbduuj54g0tfQ,unconstrained,3.0,"[[3, 5, 6, 7, 0], [4, 1, 7, 6]]",1.0,4.231,1,Fully conscious/deliberative,Somewhat clear,Quite easy,Confident,"I think there wasn’t much strategy, I was choosing it based on my memory "
Q0ww7l1cbyjw8hbduuj54g0tfQ,unconstrained,4.0,"[[3, 5, 6, 7, 1], [5, 6, 7, 1]]",0.0,3.203,0,Fully conscious/deliberative,Somewhat clear,Quite easy,Confident,"I think there wasn’t much strategy, I was choosing it based on my memory "
Q0ww7l1cbyjw8hbduuj54g0tfQ,unconstrained,5.0,"[[1, 7, 0], [2, 6, 5, 3]]",1.0,3.268,0,Fully conscious/deliberative,Somewhat clear,Quite easy,Confident,"I think there wasn’t much strategy, I was choosing it based on my memory "
Q0ww7l1cbyjw8hbduuj54g0tfQ,unconstrained,6.0,"[[2, 6, 7, 1], [7, 1, 4]]",1.0,1.868,1,Fully conscious/deliberative,Somewhat clear,Quite easy,Confident,"I think there wasn’t much strategy, I was choosing it based on my memory "
Q0ww7l1cbyjw8hbduuj54g0tfQ,unconstrained,7.0,"[[6, 7, 1, 4], [7, 6, 2]]",1.0,3.828,1,Fully conscious/deliberative,Somewhat clear,Quite easy,Confident,"I think there wasn’t much strategy, I was choosing it based on my memory "
Q0ww7l1cbyjw8hbduuj54g0tfQ,unconstrained,8.0,"[[6, 7, 1], [0, 7, 1, 4]]",0.0,1.457,1,Fully conscious/deliberative,Somewhat clear,Quite easy,Confident,"I think there wasn’t much strategy, I was choosing it based on my memory "
Q0ww7l1cbyjw8hbduuj54g0tfQ,unconstrained,9.0,"[[4, 1, 7, 6, 5], [4, 1, 7, 6]]",1.0,11.947,1,Fully conscious/deliberative,Somewhat clear,Quite easy,Confident,"I think there wasn’t much strategy, I was choosing it based on my memory "
Q0ww7l1cbyjw8hbduuj54g0tfQ,unconstrained,10.0,"[[5, 6, 7], [2, 6, 7, 0]]",1.0,2.723,0,Fully conscious/deliberative,Somewhat clear,Quite easy,Confident,"I think there wasn’t much strategy, I was choosing it based on my memory "
Q0ww7l1cbyjw8hbduuj54g0tfQ,unconstrained,11.0,"[[7, 1, 4], [2, 6, 5, 3]]",0.0,1.586,1,Fully conscious/deliberative,Somewhat clear,Quite easy,Confident,"I think there wasn’t much strategy, I was choosing it based on my memory "
Q0ww7l1cbyjw8hbduuj54g0tfQ,unconstrained,12.0,"[[7, 1, 4], [5, 6, 7, 0]]",1.0,1.992,0,Fully conscious/deliberative,Somewhat clear,Quite easy,Confident,"I think there wasn’t much strategy, I was choosing it based on my memory "
Q0ww7l1cbyjw8hbduuj54g0tfQ,unconstrained,13.0,"[[0, 7, 6, 5, 3], [0, 7, 6, 2]]",0.0,2.148,0,Fully conscious/deliberative,Somewhat clear,Quite easy,Confident,"I think there wasn’t much strategy, I was choosing it based on my memory "
Q0ww7l1cbyjw8hbduuj54g0tfQ,unconstrained,14.0,"[[2, 6, 7, 1], [1, 7, 0]]",1.0,7.294,1,Fully conscious/deliberative,Somewhat clear,Quite easy,Confident,"I think there wasn’t much strategy, I was choosing it based on my memory "
Q0ww7l1cbyjw8hbduuj54g0tfQ,unconstrained,15.0,"[[3, 5, 6, 7, 0], [2, 6, 7, 1]]",1.0,3.165,1,Fully conscious/deliberative,Somewhat clear,Quite easy,Confident,"I think there wasn’t much strategy, I was choosing it based on my memory "
Q0ww7l1cbyjw8hbduuj54g0tfQ,unconstrained,16.0,"[[3, 5, 6, 7], [5, 6, 7, 1, 4]]",1.0,13.354,0,Fully conscious/deliberative,Somewhat clear,Quite easy,Confident,"I think there wasn’t much strategy, I was choosing it based on my memory "
Q0ww7l1cbyjw8hbduuj54g0tfQ,unconstrained,17.0,"[[2, 6, 5], [1, 7, 6, 5]]",1.0,4.645,0,Fully conscious/deliberative,Somewhat clear,Quite easy,Confident,"I think there wasn’t much strategy, I was choosing it based on my memory "
Q0ww7l1cbyjw8hbduuj54g0tfQ,unconstrained,18.0,"[[1, 7, 6], [1, 7, 6, 5]]",1.0,2.194,0,Fully conscious/deliberative,Somewhat clear,Quite easy,Confident,"I think there wasn’t much strategy, I was choosing it based on my memory "
Q0ww7l1cbyjw8hbduuj54g0tfQ,unconstrained,19.0,"[[7, 6, 2], [1, 7, 6, 2]]",1.0,1.893,0,Fully conscious/deliberative,Somewhat clear,Quite easy,Confident,"I think there wasn’t much strategy, I was choosing it based on my memory "
Q0ww7l1cbyjw8hbduuj54g0tfQ,unconstrained,20.0,"[[2, 6, 5], [0, 7, 6, 5]]",1.0,3.667,0,Fully conscious/deliberative,Somewhat clear,Quite easy,Confident,"I think there wasn’t much strategy, I was choosing it based on my memory "
Q0ww7l1cbyjw8hbduuj54g0tfQ,unconstrained,21.0,"[[3, 5, 6], [5, 6, 7, 1]]",0.0,12.217,1,Fully conscious/deliberative,Somewhat clear,Quite easy,Confident,"I think there wasn’t much strategy, I was choosing it based on my memory "
Q0ww7l1cbyjw8hbduuj54g0tfQ,unconstrained,22.0,"[[7, 6, 2], [6, 7, 1, 4]]",1.0,12.416,0,Fully conscious/deliberative,Somewhat clear,Quite easy,Confident,"I think there wasn’t much strategy, I was choosing it based on my memory "
Q0ww7l1cbyjw8hbduuj54g0tfQ,unconstrained,23.0,"[[1, 7, 6], [5, 6, 7, 0]]",1.0,4.552,0,Fully conscious/deliberative,Somewhat clear,Quite easy,Confident,"I think there wasn’t much strategy, I was choosing it based on my memory "
Q0ww7l1cbyjw8hbduuj54g0tfQ,unconstrained,24.0,"[[1, 7, 6, 5, 3], [3, 5, 6, 2]]",0.0,2.452,0,Fully conscious/deliberative,Somewhat clear,Quite easy,Confident,"I think there wasn’t much strategy, I was choosing it based on my memory "
Q0ww7l1cbyjw8hbduuj54g0tfQ,unconstrained,25.0,"[[4, 1, 7, 6, 5], [4, 1, 7, 0]]",1.0,4.864,1,Fully conscious/deliberative,Somewhat clear,Quite easy,Confident,"I think there wasn’t much strategy, I was choosing it based on my memory "
Q0ww7l1cbyjw8hbduuj54g0tfQ,unconstrained,26.0,"[[0, 7, 1, 4], [2, 6, 7]]",0.0,1.724,0,Fully conscious/deliberative,Somewhat clear,Quite easy,Confident,"I think there wasn’t much strategy, I was choosing it based on my memory "
Q0ww7l1cbyjw8hbduuj54g0tfQ,unconstrained,27.0,"[[5, 6, 7, 0], [7, 6, 5]]",1.0,1.713,1,Fully conscious/deliberative,Somewhat clear,Quite easy,Confident,"I think there wasn’t much strategy, I was choosing it based on my memory "
Q0ww7l1cbyjw8hbduuj54g0tfQ,unconstrained,28.0,"[[3, 5, 6], [2, 6, 7, 0]]",1.0,1.393,0,Fully conscious/deliberative,Somewhat clear,Quite easy,Confident,"I think there wasn’t much strategy, I was choosing it based on my memory "
Q0ww7l1cbyjw8hbduuj54g0tfQ,unconstrained,29.0,"[[5, 6, 7, 1, 4], [3, 5, 6, 7]]",1.0,1.262,1,Fully conscious/deliberative,Somewhat clear,Quite easy,Confident,"I think there wasn’t much strategy, I was choosing it based on my memory "
Q0ww7l1cbyjw8hbduuj54g0tfQ,unconstrained,30.0,"[[1, 7, 0], [0, 7, 6, 2]]",1.0,1.298,0,Fully conscious/deliberative,Somewhat clear,Quite easy,Confident,"I think there wasn’t much strategy, I was choosing it based on my memory "
Q0ww7l1cbyjw8hbduuj54g0tfQ,unconstrained,31.0,"[[1, 7, 6, 2], [3, 5, 6]]",1.0,1.411,1,Fully conscious/deliberative,Somewhat clear,Quite easy,Confident,"I think there wasn’t much strategy, I was choosing it based on my memory "
Q0ww7l1cbyjw8hbduuj54g0tfQ,unconstrained,32.0,"[[5, 6, 7], [2, 6, 5, 3]]",0.0,2.88,1,Fully conscious/deliberative,Somewhat clear,Quite easy,Confident,"I think there wasn’t much strategy, I was choosing it based on my memory "
Q0ww7l1cbyjw8hbduuj54g0tfQ,unconstrained,33.0,"[[1, 7, 6, 5], [0, 7, 1]]",1.0,1.325,1,Fully conscious/deliberative,Somewhat clear,Quite easy,Confident,"I think there wasn’t much strategy, I was choosing it based on my memory "
Q0ww7l1cbyjw8hbduuj54g0tfQ,unconstrained,34.0,"[[0, 7, 1, 4], [0, 7, 6]]",0.0,1.827,0,Fully conscious/deliberative,Somewhat clear,Quite easy,Confident,"I think there wasn’t much strategy, I was choosing it based on my memory "
Q0ww7l1cbyjw8hbduuj54g0tfQ,unconstrained,35.0,"[[4, 1, 7], [5, 6, 7, 1]]",1.0,2.143,0,Fully conscious/deliberative,Somewhat clear,Quite easy,Confident,"I think there wasn’t much strategy, I was choosing it based on my memory "
Q0ww7l1cbyjw8hbduuj54g0tfQ,unconstrained,36.0,"[[3, 5, 6], [0, 7, 1, 4]]",0.0,1.481,1,Fully conscious/deliberative,Somewhat clear,Quite easy,Confident,"I think there wasn’t much strategy, I was choosing it based on my memory "
Q0ww7l1cbyjw8hbduuj54g0tfQ,unconstrained,37.0,"[[2, 6, 5], [0, 7, 1, 4]]",0.0,1.48,1,Fully conscious/deliberative,Somewhat clear,Quite easy,Confident,"I think there wasn’t much strategy, I was choosing it based on my memory "
Q0ww7l1cbyjw8hbduuj54g0tfQ,unconstrained,38.0,"[[6, 7, 1, 4], [3, 5, 6]]",1.0,1.533,1,Fully conscious/deliberative,Somewhat clear,Quite easy,Confident,"I think there wasn’t much strategy, I was choosing it based on my memory "
Q0ww7l1cbyjw8hbduuj54g0tfQ,unconstrained,39.0,"[[6, 7, 1], [3, 5, 6, 2]]",0.0,1.496,1,Fully conscious/deliberative,Somewhat clear,Quite easy,Confident,"I think there wasn’t much strategy, I was choosing it based on my memory "
Q0ww7l1cbyjw8hbduuj54g0tfQ,unconstrained,40.0,"[[4, 1, 7, 6], [1, 7, 0]]",1.0,3.263,1,Fully conscious/deliberative,Somewhat clear,Quite easy,Confident,"I think there wasn’t much strategy, I was choosing it based on my memory "
Q0ww7l1cbyjw8hbduuj54g0tfQ,unconstrained,41.0,"[[0, 7, 6, 5], [6, 7, 0]]",1.0,4.492,1,Fully conscious/deliberative,Somewhat clear,Quite easy,Confident,"I think there wasn’t much strategy, I was choosing it based on my memory "
Q0ww7l1cbyjw8hbduuj54g0tfQ,unconstrained,42.0,"[[2, 6, 7, 1], [1, 7, 6, 5, 3]]",0.0,1.45,1,Fully conscious/deliberative,Somewhat clear,Quite easy,Confident,"I think there wasn’t much strategy, I was choosing it based on my memory "
Q0ww7l1cbyjw8hbduuj54g0tfQ,unconstrained,43.0,"[[7, 6, 5], [4, 1, 7, 6]]",1.0,1.308,0,Fully conscious/deliberative,Somewhat clear,Quite easy,Confident,"I think there wasn’t much strategy, I was choosing it based on my memory "
Q0ww7l1cbyjw8hbduuj54g0tfQ,unconstrained,44.0,"[[4, 1, 7, 0], [2, 6, 7]]",1.0,1.425,1,Fully conscious/deliberative,Somewhat clear,Quite easy,Confident,"I think there wasn’t much strategy, I was choosing it based on my memory "
Q0ww7l1cbyjw8hbduuj54g0tfQ,unconstrained,45.0,"[[1, 7, 6, 2], [4, 1, 7]]",1.0,1.245,1,Fully conscious/deliberative,Somewhat clear,Quite easy,Confident,"I think there wasn’t much strategy, I was choosing it based on my memory "
Q0ww7l1cbyjw8hbduuj54g0tfQ,unconstrained,46.0,"[[2, 6, 7, 1, 4], [2, 6, 5, 3]]",0.0,0.614,0,Fully conscious/deliberative,Somewhat clear,Quite easy,Confident,"I think there wasn’t much strategy, I was choosing it based on my memory "
Q0ww7l1cbyjw8hbduuj54g0tfQ,unconstrained,47.0,"[[2, 6, 7, 0], [4, 1, 7]]",1.0,0.744,1,Fully conscious/deliberative,Somewhat clear,Quite easy,Confident,"I think there wasn’t much strategy, I was choosing it based on my memory "
Q0ww7l1cbyjw8hbduuj54g0tfQ,unconstrained,48.0,"[[0, 7, 6, 5], [2, 6, 7, 1, 4]]",1.0,3.88,0,Fully conscious/deliberative,Somewhat clear,Quite easy,Confident,"I think there wasn’t much strategy, I was choosing it based on my memory "
Q0ww7l1cbyjw8hbduuj54g0tfQ,unconstrained,49.0,"[[7, 1, 4], [1, 7, 6, 5]]",1.0,1.463,0,Fully conscious/deliberative,Somewhat clear,Quite easy,Confident,"I think there wasn’t much strategy, I was choosing it based on my memory "
Q0ww7l1cbyjw8hbduuj54g0tfQ,unconstrained,50.0,"[[3, 5, 6, 7], [4, 1, 7, 6, 2]]",1.0,3.295,0,Fully conscious/deliberative,Somewhat clear,Quite easy,Confident,"I think there wasn’t much strategy, I was choosing it based on my memory "
Q0ww7l1cbyjw8hbduuj54g0tfQ,unconstrained,51.0,"[[2, 6, 5], [6, 7, 1, 4]]",1.0,2.295,0,Fully conscious/deliberative,Somewhat clear,Quite easy,Confident,"I think there wasn’t much strategy, I was choosing it based on my memory "
Q0ww7l1cbyjw8hbduuj54g0tfQ,unconstrained,52.0,"[[1, 7, 6], [2, 6, 7, 1]]",1.0,3.149,0,Fully conscious/deliberative,Somewhat clear,Quite easy,Confident,"I think there wasn’t much strategy, I was choosing it based on my memory "
Q0ww7l1cbyjw8hbduuj54g0tfQ,unconstrained,53.0,"[[1, 7, 6, 2], [5, 6, 2]]",0.0,2.512,0,Fully conscious/deliberative,Somewhat clear,Quite easy,Confident,"I think there wasn’t much strategy, I was choosing it based on my memory "
Q0ww7l1cbyjw8hbduuj54g0tfQ,unconstrained,54.0,"[[5, 6, 7], [5, 6, 7, 1]]",0.0,4.244,1,Fully conscious/deliberative,Somewhat clear,Quite easy,Confident,"I think there wasn’t much strategy, I was choosing it based on my memory "
Q0ww7l1cbyjw8hbduuj54g0tfQ,unconstrained,55.0,"[[2, 6, 7, 1, 4], [4, 1, 7, 6, 5, 3]]",0.0,7.982,1,Fully conscious/deliberative,Somewhat clear,Quite easy,Confident,"I think there wasn’t much strategy, I was choosing it based on my memory "
Q0ww7l1cbyjw8hbduuj54g0tfQ,unconstrained,56.0,"[[3, 5, 6], [6, 7, 1, 4]]",1.0,1.507,0,Fully conscious/deliberative,Somewhat clear,Quite easy,Confident,"I think there wasn’t much strategy, I was choosing it based on my memory "
Q0ww7l1cbyjw8hbduuj54g0tfQ,unconstrained,57.0,"[[1, 7, 6, 2], [0, 7, 1]]",1.0,20.449,1,Fully conscious/deliberative,Somewhat clear,Quite easy,Confident,"I think there wasn’t much strategy, I was choosing it based on my memory "
Q0ww7l1cbyjw8hbduuj54g0tfQ,unconstrained,58.0,"[[3, 5, 6, 2], [0, 7, 6]]",0.0,2.237,0,Fully conscious/deliberative,Somewhat clear,Quite easy,Confident,"I think there wasn’t much strategy, I was choosing it based on my memory "
Q0ww7l1cbyjw8hbduuj54g0tfQ,unconstrained,59.0,"[[7, 6, 5, 3], [2, 6, 5]]",0.0,1.409,0,Fully conscious/deliberative,Somewhat clear,Quite easy,Confident,"I think there wasn’t much strategy, I was choosing it based on my memory "
Q0ww7l1cbyjw8hbduuj54g0tfQ,unconstrained,60.0,"[[2, 6, 5, 3], [2, 6, 5]]",1.0,1.908,1,Fully conscious/deliberative,Somewhat clear,Quite easy,Confident,"I think there wasn’t much strategy, I was choosing it based on my memory "
Q0ww7l1cbyjw8hbduuj54g0tfQ,unconstrained,61.0,"[[1, 7, 6, 5, 3], [6, 7, 1, 4]]",0.0,1.656,0,Fully conscious/deliberative,Somewhat clear,Quite easy,Confident,"I think there wasn’t much strategy, I was choosing it based on my memory "
Q0ww7l1cbyjw8hbduuj54g0tfQ,unconstrained,62.0,"[[1, 7, 0], [5, 6, 7, 0]]",1.0,2.738,0,Fully conscious/deliberative,Somewhat clear,Quite easy,Confident,"I think there wasn’t much strategy, I was choosing it based on my memory "
Q0ww7l1cbyjw8hbduuj54g0tfQ,unconstrained,63.0,"[[4, 1, 7, 6, 2], [4, 1, 7, 0]]",1.0,1.585,1,Fully conscious/deliberative,Somewhat clear,Quite easy,Confident,"I think there wasn’t much strategy, I was choosing it based on my memory "
Q0ww7l1cbyjw8hbduuj54g0tfQ,unconstrained,64.0,"[[2, 6, 7], [5, 6, 7, 1]]",1.0,2.263,0,Fully conscious/deliberative,Somewhat clear,Quite easy,Confident,"I think there wasn’t much strategy, I was choosing it based on my memory "
Q1sg1vcerktdipsyxetbyx6cnQ,unconstrained,0.0,"[[4, 1, 7, 0], [2, 6, 5]]",0.0,34.973,0,Fully conscious/deliberative,Fully clear,Hard,Confident,I was thinking about which colour could be placed between the 2 flowers so the bee can fly there succesfully. The instructions were clear. The only issue I found was at study 1 where 1 of the flowers wasn't ''reacting'' to my click (when trying to find the bee). This happened in 3-4 rounds but could continiou because the bee wasn't hidden there.
Q1sg1vcerktdipsyxetbyx6cnQ,unconstrained,1.0,"[[5, 6, 7, 0], [4, 1, 7]]",0.0,118.483,0,Fully conscious/deliberative,Fully clear,Hard,Confident,I was thinking about which colour could be placed between the 2 flowers so the bee can fly there succesfully. The instructions were clear. The only issue I found was at study 1 where 1 of the flowers wasn't ''reacting'' to my click (when trying to find the bee). This happened in 3-4 rounds but could continiou because the bee wasn't hidden there.
Q1sg1vcerktdipsyxetbyx6cnQ,unconstrained,2.0,"[[7, 6, 5], [5, 6, 7, 1]]",1.0,30.885,0,Fully conscious/deliberative,Fully clear,Hard,Confident,I was thinking about which colour could be placed between the 2 flowers so the bee can fly there succesfully. The instructions were clear. The only issue I found was at study 1 where 1 of the flowers wasn't ''reacting'' to my click (when trying to find the bee). This happened in 3-4 rounds but could continiou because the bee wasn't hidden there.
Q1sg1vcerktdipsyxetbyx6cnQ,unconstrained,3.0,"[[3, 5, 6, 2], [6, 7, 1]]",1.0,40.283,1,Fully conscious/deliberative,Fully clear,Hard,Confident,I was thinking about which colour could be placed between the 2 flowers so the bee can fly there succesfully. The instructions were clear. The only issue I found was at study 1 where 1 of the flowers wasn't ''reacting'' to my click (when trying to find the bee). This happened in 3-4 rounds but could continiou because the bee wasn't hidden there.
Q1sg1vcerktdipsyxetbyx6cnQ,unconstrained,4.0,"[[4, 1, 7], [3, 5, 6, 2]]",1.0,22.388,0,Fully conscious/deliberative,Fully clear,Hard,Confident,I was thinking about which colour could be placed between the 2 flowers so the bee can fly there succesfully. The instructions were clear. The only issue I found was at study 1 where 1 of the flowers wasn't ''reacting'' to my click (when trying to find the bee). This happened in 3-4 rounds but could continiou because the bee wasn't hidden there.
Q1sg1vcerktdipsyxetbyx6cnQ,unconstrained,5.0,"[[3, 5, 6], [4, 1, 7, 0]]",1.0,11.007,0,Fully conscious/deliberative,Fully clear,Hard,Confident,I was thinking about which colour could be placed between the 2 flowers so the bee can fly there succesfully. The instructions were clear. The only issue I found was at study 1 where 1 of the flowers wasn't ''reacting'' to my click (when trying to find the bee). This happened in 3-4 rounds but could continiou because the bee wasn't hidden there.
Q1sg1vcerktdipsyxetbyx6cnQ,unconstrained,6.0,"[[0, 7, 6, 2], [7, 6, 5]]",1.0,10.556,1,Fully conscious/deliberative,Fully clear,Hard,Confident,I was thinking about which colour could be placed between the 2 flowers so the bee can fly there succesfully. The instructions were clear. The only issue I found was at study 1 where 1 of the flowers wasn't ''reacting'' to my click (when trying to find the bee). This happened in 3-4 rounds but could continiou because the bee wasn't hidden there.
Q1sg1vcerktdipsyxetbyx6cnQ,unconstrained,7.0,"[[0, 7, 1, 4], [4, 1, 7, 6, 2]]",1.0,40.886,0,Fully conscious/deliberative,Fully clear,Hard,Confident,I was thinking about which colour could be placed between the 2 flowers so the bee can fly there succesfully. The instructions were clear. The only issue I found was at study 1 where 1 of the flowers wasn't ''reacting'' to my click (when trying to find the bee). This happened in 3-4 rounds but could continiou because the bee wasn't hidden there.
Q1sg1vcerktdipsyxetbyx6cnQ,unconstrained,8.0,"[[0, 7, 6, 2], [3, 5, 6]]",1.0,10.268,1,Fully conscious/deliberative,Fully clear,Hard,Confident,I was thinking about which colour could be placed between the 2 flowers so the bee can fly there succesfully. The instructions were clear. The only issue I found was at study 1 where 1 of the flowers wasn't ''reacting'' to my click (when trying to find the bee). This happened in 3-4 rounds but could continiou because the bee wasn't hidden there.
Q1sg1vcerktdipsyxetbyx6cnQ,unconstrained,9.0,"[[1, 7, 0], [0, 7, 6, 2]]",1.0,25.166,0,Fully conscious/deliberative,Fully clear,Hard,Confident,I was thinking about which colour could be placed between the 2 flowers so the bee can fly there succesfully. The instructions were clear. The only issue I found was at study 1 where 1 of the flowers wasn't ''reacting'' to my click (when trying to find the bee). This happened in 3-4 rounds but could continiou because the bee wasn't hidden there.
Q1sg1vcerktdipsyxetbyx6cnQ,unconstrained,10.0,"[[7, 6, 5, 3], [2, 6, 5]]",0.0,47.381,0,Fully conscious/deliberative,Fully clear,Hard,Confident,I was thinking about which colour could be placed between the 2 flowers so the bee can fly there succesfully. The instructions were clear. The only issue I found was at study 1 where 1 of the flowers wasn't ''reacting'' to my click (when trying to find the bee). This happened in 3-4 rounds but could continiou because the bee wasn't hidden there.
Q1sg1vcerktdipsyxetbyx6cnQ,unconstrained,11.0,"[[4, 1, 7, 0], [2, 6, 7]]",1.0,34.932,1,Fully conscious/deliberative,Fully clear,Hard,Confident,I was thinking about which colour could be placed between the 2 flowers so the bee can fly there succesfully. The instructions were clear. The only issue I found was at study 1 where 1 of the flowers wasn't ''reacting'' to my click (when trying to find the bee). This happened in 3-4 rounds but could continiou because the bee wasn't hidden there.
Q1sg1vcerktdipsyxetbyx6cnQ,unconstrained,12.0,"[[2, 6, 7, 1], [0, 7, 1]]",1.0,17.812,1,Fully conscious/deliberative,Fully clear,Hard,Confident,I was thinking about which colour could be placed between the 2 flowers so the bee can fly there succesfully. The instructions were clear. The only issue I found was at study 1 where 1 of the flowers wasn't ''reacting'' to my click (when trying to find the bee). This happened in 3-4 rounds but could continiou because the bee wasn't hidden there.
Q1sg1vcerktdipsyxetbyx6cnQ,unconstrained,13.0,"[[4, 1, 7, 0], [1, 7, 6]]",1.0,8.407,1,Fully conscious/deliberative,Fully clear,Hard,Confident,I was thinking about which colour could be placed between the 2 flowers so the bee can fly there succesfully. The instructions were clear. The only issue I found was at study 1 where 1 of the flowers wasn't ''reacting'' to my click (when trying to find the bee). This happened in 3-4 rounds but could continiou because the bee wasn't hidden there.
Q1sg1vcerktdipsyxetbyx6cnQ,unconstrained,14.0,"[[1, 7, 6, 5, 3], [3, 5, 6, 2]]",0.0,42.492,0,Fully conscious/deliberative,Fully clear,Hard,Confident,I was thinking about which colour could be placed between the 2 flowers so the bee can fly there succesfully. The instructions were clear. The only issue I found was at study 1 where 1 of the flowers wasn't ''reacting'' to my click (when trying to find the bee). This happened in 3-4 rounds but could continiou because the bee wasn't hidden there.
Q1sg1vcerktdipsyxetbyx6cnQ,unconstrained,15.0,"[[6, 5, 3], [2, 6, 7, 1]]",1.0,26.725,0,Fully conscious/deliberative,Fully clear,Hard,Confident,I was thinking about which colour could be placed between the 2 flowers so the bee can fly there succesfully. The instructions were clear. The only issue I found was at study 1 where 1 of the flowers wasn't ''reacting'' to my click (when trying to find the bee). This happened in 3-4 rounds but could continiou because the bee wasn't hidden there.
Q1sg1vcerktdipsyxetbyx6cnQ,unconstrained,16.0,"[[5, 6, 7, 1], [6, 5, 3]]",1.0,59.069,1,Fully conscious/deliberative,Fully clear,Hard,Confident,I was thinking about which colour could be placed between the 2 flowers so the bee can fly there succesfully. The instructions were clear. The only issue I found was at study 1 where 1 of the flowers wasn't ''reacting'' to my click (when trying to find the bee). This happened in 3-4 rounds but could continiou because the bee wasn't hidden there.
Q1sg1vcerktdipsyxetbyx6cnQ,unconstrained,17.0,"[[2, 6, 7], [7, 6, 5, 3]]",0.0,6.692,1,Fully conscious/deliberative,Fully clear,Hard,Confident,I was thinking about which colour could be placed between the 2 flowers so the bee can fly there succesfully. The instructions were clear. The only issue I found was at study 1 where 1 of the flowers wasn't ''reacting'' to my click (when trying to find the bee). This happened in 3-4 rounds but could continiou because the bee wasn't hidden there.
Q1sg1vcerktdipsyxetbyx6cnQ,unconstrained,18.0,"[[5, 6, 7, 1], [7, 1, 4]]",1.0,18.901,1,Fully conscious/deliberative,Fully clear,Hard,Confident,I was thinking about which colour could be placed between the 2 flowers so the bee can fly there succesfully. The instructions were clear. The only issue I found was at study 1 where 1 of the flowers wasn't ''reacting'' to my click (when trying to find the bee). This happened in 3-4 rounds but could continiou because the bee wasn't hidden there.
Q1sg1vcerktdipsyxetbyx6cnQ,unconstrained,19.0,"[[3, 5, 6, 2], [2, 6, 5]]",1.0,33.942,1,Fully conscious/deliberative,Fully clear,Hard,Confident,I was thinking about which colour could be placed between the 2 flowers so the bee can fly there succesfully. The instructions were clear. The only issue I found was at study 1 where 1 of the flowers wasn't ''reacting'' to my click (when trying to find the bee). This happened in 3-4 rounds but could continiou because the bee wasn't hidden there.
Q1sg1vcerktdipsyxetbyx6cnQ,unconstrained,20.0,"[[3, 5, 6, 7, 1], [1, 7, 6, 2]]",1.0,29.692,1,Fully conscious/deliberative,Fully clear,Hard,Confident,I was thinking about which colour could be placed between the 2 flowers so the bee can fly there succesfully. The instructions were clear. The only issue I found was at study 1 where 1 of the flowers wasn't ''reacting'' to my click (when trying to find the bee). This happened in 3-4 rounds but could continiou because the bee wasn't hidden there.
Q1sg1vcerktdipsyxetbyx6cnQ,unconstrained,21.0,"[[7, 6, 5], [4, 1, 7, 6]]",1.0,8.916,0,Fully conscious/deliberative,Fully clear,Hard,Confident,I was thinking about which colour could be placed between the 2 flowers so the bee can fly there succesfully. The instructions were clear. The only issue I found was at study 1 where 1 of the flowers wasn't ''reacting'' to my click (when trying to find the bee). This happened in 3-4 rounds but could continiou because the bee wasn't hidden there.
Q1sg1vcerktdipsyxetbyx6cnQ,unconstrained,22.0,"[[5, 6, 7], [1, 7, 6, 2]]",0.0,50.509,1,Fully conscious/deliberative,Fully clear,Hard,Confident,I was thinking about which colour could be placed between the 2 flowers so the bee can fly there succesfully. The instructions were clear. The only issue I found was at study 1 where 1 of the flowers wasn't ''reacting'' to my click (when trying to find the bee). This happened in 3-4 rounds but could continiou because the bee wasn't hidden there.
Q1sg1vcerktdipsyxetbyx6cnQ,unconstrained,23.0,"[[2, 6, 5, 3], [1, 7, 0]]",1.0,15.173,1,Fully conscious/deliberative,Fully clear,Hard,Confident,I was thinking about which colour could be placed between the 2 flowers so the bee can fly there succesfully. The instructions were clear. The only issue I found was at study 1 where 1 of the flowers wasn't ''reacting'' to my click (when trying to find the bee). This happened in 3-4 rounds but could continiou because the bee wasn't hidden there.
Q1sg1vcerktdipsyxetbyx6cnQ,unconstrained,24.0,"[[5, 6, 7, 1], [2, 6, 7]]",0.0,39.533,0,Fully conscious/deliberative,Fully clear,Hard,Confident,I was thinking about which colour could be placed between the 2 flowers so the bee can fly there succesfully. The instructions were clear. The only issue I found was at study 1 where 1 of the flowers wasn't ''reacting'' to my click (when trying to find the bee). This happened in 3-4 rounds but could continiou because the bee wasn't hidden there.
Q1sg1vcerktdipsyxetbyx6cnQ,unconstrained,25.0,"[[0, 7, 1], [2, 6, 7, 1]]",1.0,19.557,0,Fully conscious/deliberative,Fully clear,Hard,Confident,I was thinking about which colour could be placed between the 2 flowers so the bee can fly there succesfully. The instructions were clear. The only issue I found was at study 1 where 1 of the flowers wasn't ''reacting'' to my click (when trying to find the bee). This happened in 3-4 rounds but could continiou because the bee wasn't hidden there.
Q1sg1vcerktdipsyxetbyx6cnQ,unconstrained,26.0,"[[4, 1, 7, 0], [6, 7, 0]]",1.0,35.685,1,Fully conscious/deliberative,Fully clear,Hard,Confident,I was thinking about which colour could be placed between the 2 flowers so the bee can fly there succesfully. The instructions were clear. The only issue I found was at study 1 where 1 of the flowers wasn't ''reacting'' to my click (when trying to find the bee). This happened in 3-4 rounds but could continiou because the bee wasn't hidden there.
Q1sg1vcerktdipsyxetbyx6cnQ,unconstrained,27.0,"[[5, 6, 7, 0], [0, 7, 1]]",1.0,14.02,1,Fully conscious/deliberative,Fully clear,Hard,Confident,I was thinking about which colour could be placed between the 2 flowers so the bee can fly there succesfully. The instructions were clear. The only issue I found was at study 1 where 1 of the flowers wasn't ''reacting'' to my click (when trying to find the bee). This happened in 3-4 rounds but could continiou because the bee wasn't hidden there.
Q1sg1vcerktdipsyxetbyx6cnQ,unconstrained,28.0,"[[5, 6, 2], [4, 1, 7, 6]]",1.0,21.342,0,Fully conscious/deliberative,Fully clear,Hard,Confident,I was thinking about which colour could be placed between the 2 flowers so the bee can fly there succesfully. The instructions were clear. The only issue I found was at study 1 where 1 of the flowers wasn't ''reacting'' to my click (when trying to find the bee). This happened in 3-4 rounds but could continiou because the bee wasn't hidden there.
Q1sg1vcerktdipsyxetbyx6cnQ,unconstrained,29.0,"[[1, 7, 6, 5, 3], [1, 7, 6, 5]]",1.0,28.509,1,Fully conscious/deliberative,Fully clear,Hard,Confident,I was thinking about which colour could be placed between the 2 flowers so the bee can fly there succesfully. The instructions were clear. The only issue I found was at study 1 where 1 of the flowers wasn't ''reacting'' to my click (when trying to find the bee). This happened in 3-4 rounds but could continiou because the bee wasn't hidden there.
Q1sg1vcerktdipsyxetbyx6cnQ,unconstrained,30.0,"[[5, 6, 7, 1], [2, 6, 5]]",1.0,13.533,1,Fully conscious/deliberative,Fully clear,Hard,Confident,I was thinking about which colour could be placed between the 2 flowers so the bee can fly there succesfully. The instructions were clear. The only issue I found was at study 1 where 1 of the flowers wasn't ''reacting'' to my click (when trying to find the bee). This happened in 3-4 rounds but could continiou because the bee wasn't hidden there.
Q1sg1vcerktdipsyxetbyx6cnQ,unconstrained,31.0,"[[6, 5, 3], [6, 7, 1, 4]]",1.0,66.869,0,Fully conscious/deliberative,Fully clear,Hard,Confident,I was thinking about which colour could be placed between the 2 flowers so the bee can fly there succesfully. The instructions were clear. The only issue I found was at study 1 where 1 of the flowers wasn't ''reacting'' to my click (when trying to find the bee). This happened in 3-4 rounds but could continiou because the bee wasn't hidden there.
Q1sg1vcerktdipsyxetbyx6cnQ,unconstrained,32.0,"[[5, 6, 7, 1], [0, 7, 1]]",1.0,21.294,1,Fully conscious/deliberative,Fully clear,Hard,Confident,I was thinking about which colour could be placed between the 2 flowers so the bee can fly there succesfully. The instructions were clear. The only issue I found was at study 1 where 1 of the flowers wasn't ''reacting'' to my click (when trying to find the bee). This happened in 3-4 rounds but could continiou because the bee wasn't hidden there.
Q1sg1vcerktdipsyxetbyx6cnQ,unconstrained,33.0,"[[4, 1, 7, 6, 5], [4, 1, 7, 6]]",1.0,32.029,1,Fully conscious/deliberative,Fully clear,Hard,Confident,I was thinking about which colour could be placed between the 2 flowers so the bee can fly there succesfully. The instructions were clear. The only issue I found was at study 1 where 1 of the flowers wasn't ''reacting'' to my click (when trying to find the bee). This happened in 3-4 rounds but could continiou because the bee wasn't hidden there.
Q1sg1vcerktdipsyxetbyx6cnQ,unconstrained,34.0,"[[5, 6, 7, 0], [7, 6, 5]]",0.0,37.645,0,Fully conscious/deliberative,Fully clear,Hard,Confident,I was thinking about which colour could be placed between the 2 flowers so the bee can fly there succesfully. The instructions were clear. The only issue I found was at study 1 where 1 of the flowers wasn't ''reacting'' to my click (when trying to find the bee). This happened in 3-4 rounds but could continiou because the bee wasn't hidden there.
Q1sg1vcerktdipsyxetbyx6cnQ,unconstrained,35.0,"[[7, 1, 4], [2, 6, 7, 1]]",1.0,18.581,0,Fully conscious/deliberative,Fully clear,Hard,Confident,I was thinking about which colour could be placed between the 2 flowers so the bee can fly there succesfully. The instructions were clear. The only issue I found was at study 1 where 1 of the flowers wasn't ''reacting'' to my click (when trying to find the bee). This happened in 3-4 rounds but could continiou because the bee wasn't hidden there.
Q1sg1vcerktdipsyxetbyx6cnQ,unconstrained,36.0,"[[1, 7, 6, 5], [7, 1, 4]]",1.0,11.637,1,Fully conscious/deliberative,Fully clear,Hard,Confident,I was thinking about which colour could be placed between the 2 flowers so the bee can fly there succesfully. The instructions were clear. The only issue I found was at study 1 where 1 of the flowers wasn't ''reacting'' to my click (when trying to find the bee). This happened in 3-4 rounds but could continiou because the bee wasn't hidden there.
Q1sg1vcerktdipsyxetbyx6cnQ,unconstrained,37.0,"[[6, 7, 1, 4], [3, 5, 6, 7, 0]]",0.0,28.422,1,Fully conscious/deliberative,Fully clear,Hard,Confident,I was thinking about which colour could be placed between the 2 flowers so the bee can fly there succesfully. The instructions were clear. The only issue I found was at study 1 where 1 of the flowers wasn't ''reacting'' to my click (when trying to find the bee). This happened in 3-4 rounds but could continiou because the bee wasn't hidden there.
Q1sg1vcerktdipsyxetbyx6cnQ,unconstrained,38.0,"[[2, 6, 7], [2, 6, 7, 1]]",1.0,23.085,0,Fully conscious/deliberative,Fully clear,Hard,Confident,I was thinking about which colour could be placed between the 2 flowers so the bee can fly there succesfully. The instructions were clear. The only issue I found was at study 1 where 1 of the flowers wasn't ''reacting'' to my click (when trying to find the bee). This happened in 3-4 rounds but could continiou because the bee wasn't hidden there.
Q1sg1vcerktdipsyxetbyx6cnQ,unconstrained,39.0,"[[5, 6, 7, 0], [6, 7, 0]]",1.0,14.214,1,Fully conscious/deliberative,Fully clear,Hard,Confident,I was thinking about which colour could be placed between the 2 flowers so the bee can fly there succesfully. The instructions were clear. The only issue I found was at study 1 where 1 of the flowers wasn't ''reacting'' to my click (when trying to find the bee). This happened in 3-4 rounds but could continiou because the bee wasn't hidden there.
Q1sg1vcerktdipsyxetbyx6cnQ,unconstrained,40.0,"[[4, 1, 7, 6, 5], [7, 6, 5, 3]]",0.0,32.694,0,Fully conscious/deliberative,Fully clear,Hard,Confident,I was thinking about which colour could be placed between the 2 flowers so the bee can fly there succesfully. The instructions were clear. The only issue I found was at study 1 where 1 of the flowers wasn't ''reacting'' to my click (when trying to find the bee). This happened in 3-4 rounds but could continiou because the bee wasn't hidden there.
Q1sg1vcerktdipsyxetbyx6cnQ,unconstrained,41.0,"[[1, 7, 6], [1, 7, 6, 2]]",1.0,12.765,0,Fully conscious/deliberative,Fully clear,Hard,Confident,I was thinking about which colour could be placed between the 2 flowers so the bee can fly there succesfully. The instructions were clear. The only issue I found was at study 1 where 1 of the flowers wasn't ''reacting'' to my click (when trying to find the bee). This happened in 3-4 rounds but could continiou because the bee wasn't hidden there.
Q1sg1vcerktdipsyxetbyx6cnQ,unconstrained,42.0,"[[7, 1, 4], [2, 6, 7, 0]]",1.0,8.494,0,Fully conscious/deliberative,Fully clear,Hard,Confident,I was thinking about which colour could be placed between the 2 flowers so the bee can fly there succesfully. The instructions were clear. The only issue I found was at study 1 where 1 of the flowers wasn't ''reacting'' to my click (when trying to find the bee). This happened in 3-4 rounds but could continiou because the bee wasn't hidden there.
Q1sg1vcerktdipsyxetbyx6cnQ,unconstrained,43.0,"[[2, 6, 7, 1], [0, 7, 6, 5, 3]]",0.0,17.91,1,Fully conscious/deliberative,Fully clear,Hard,Confident,I was thinking about which colour could be placed between the 2 flowers so the bee can fly there succesfully. The instructions were clear. The only issue I found was at study 1 where 1 of the flowers wasn't ''reacting'' to my click (when trying to find the bee). This happened in 3-4 rounds but could continiou because the bee wasn't hidden there.
Q1sg1vcerktdipsyxetbyx6cnQ,unconstrained,44.0,"[[1, 7, 6, 5, 3], [6, 7, 1, 4]]",0.0,32.318,0,Fully conscious/deliberative,Fully clear,Hard,Confident,I was thinking about which colour could be placed between the 2 flowers so the bee can fly there succesfully. The instructions were clear. The only issue I found was at study 1 where 1 of the flowers wasn't ''reacting'' to my click (when trying to find the bee). This happened in 3-4 rounds but could continiou because the bee wasn't hidden there.
Q1sg1vcerktdipsyxetbyx6cnQ,unconstrained,45.0,"[[2, 6, 7], [4, 1, 7, 6]]",1.0,5.461,0,Fully conscious/deliberative,Fully clear,Hard,Confident,I was thinking about which colour could be placed between the 2 flowers so the bee can fly there succesfully. The instructions were clear. The only issue I found was at study 1 where 1 of the flowers wasn't ''reacting'' to my click (when trying to find the bee). This happened in 3-4 rounds but could continiou because the bee wasn't hidden there.
Q1sg1vcerktdipsyxetbyx6cnQ,unconstrained,46.0,"[[4, 1, 7, 0], [7, 6, 5]]",1.0,14.118,1,Fully conscious/deliberative,Fully clear,Hard,Confident,I was thinking about which colour could be placed between the 2 flowers so the bee can fly there succesfully. The instructions were clear. The only issue I found was at study 1 where 1 of the flowers wasn't ''reacting'' to my click (when trying to find the bee). This happened in 3-4 rounds but could continiou because the bee wasn't hidden there.
Q1sg1vcerktdipsyxetbyx6cnQ,unconstrained,47.0,"[[4, 1, 7, 6, 2], [3, 5, 6, 7]]",1.0,20.726,1,Fully conscious/deliberative,Fully clear,Hard,Confident,I was thinking about which colour could be placed between the 2 flowers so the bee can fly there succesfully. The instructions were clear. The only issue I found was at study 1 where 1 of the flowers wasn't ''reacting'' to my click (when trying to find the bee). This happened in 3-4 rounds but could continiou because the bee wasn't hidden there.
Q1sg1vcerktdipsyxetbyx6cnQ,unconstrained,48.0,"[[4, 1, 7, 6], [2, 6, 7]]",1.0,21.1,1,Fully conscious/deliberative,Fully clear,Hard,Confident,I was thinking about which colour could be placed between the 2 flowers so the bee can fly there succesfully. The instructions were clear. The only issue I found was at study 1 where 1 of the flowers wasn't ''reacting'' to my click (when trying to find the bee). This happened in 3-4 rounds but could continiou because the bee wasn't hidden there.
Q1sg1vcerktdipsyxetbyx6cnQ,unconstrained,49.0,"[[3, 5, 6, 7, 1, 4], [2, 6, 7, 1, 4]]",1.0,49.932,1,Fully conscious/deliberative,Fully clear,Hard,Confident,I was thinking about which colour could be placed between the 2 flowers so the bee can fly there succesfully. The instructions were clear. The only issue I found was at study 1 where 1 of the flowers wasn't ''reacting'' to my click (when trying to find the bee). This happened in 3-4 rounds but could continiou because the bee wasn't hidden there.
Q1sg1vcerktdipsyxetbyx6cnQ,unconstrained,50.0,"[[5, 6, 2], [1, 7, 6, 2]]",1.0,5.439,0,Fully conscious/deliberative,Fully clear,Hard,Confident,I was thinking about which colour could be placed between the 2 flowers so the bee can fly there succesfully. The instructions were clear. The only issue I found was at study 1 where 1 of the flowers wasn't ''reacting'' to my click (when trying to find the bee). This happened in 3-4 rounds but could continiou because the bee wasn't hidden there.
Q1sg1vcerktdipsyxetbyx6cnQ,unconstrained,51.0,"[[4, 1, 7], [2, 6, 7, 1]]",1.0,17.725,0,Fully conscious/deliberative,Fully clear,Hard,Confident,I was thinking about which colour could be placed between the 2 flowers so the bee can fly there succesfully. The instructions were clear. The only issue I found was at study 1 where 1 of the flowers wasn't ''reacting'' to my click (when trying to find the bee). This happened in 3-4 rounds but could continiou because the bee wasn't hidden there.
Q1sg1vcerktdipsyxetbyx6cnQ,unconstrained,52.0,"[[5, 6, 7, 1, 4], [7, 6, 5, 3]]",1.0,10.894,1,Fully conscious/deliberative,Fully clear,Hard,Confident,I was thinking about which colour could be placed between the 2 flowers so the bee can fly there succesfully. The instructions were clear. The only issue I found was at study 1 where 1 of the flowers wasn't ''reacting'' to my click (when trying to find the bee). This happened in 3-4 rounds but could continiou because the bee wasn't hidden there.
Q1sg1vcerktdipsyxetbyx6cnQ,unconstrained,53.0,"[[4, 1, 7, 6], [6, 5, 3]]",1.0,23.814,1,Fully conscious/deliberative,Fully clear,Hard,Confident,I was thinking about which colour could be placed between the 2 flowers so the bee can fly there succesfully. The instructions were clear. The only issue I found was at study 1 where 1 of the flowers wasn't ''reacting'' to my click (when trying to find the bee). This happened in 3-4 rounds but could continiou because the bee wasn't hidden there.
Q1sg1vcerktdipsyxetbyx6cnQ,unconstrained,54.0,"[[2, 6, 5, 3], [7, 6, 5]]",1.0,11.389,1,Fully conscious/deliberative,Fully clear,Hard,Confident,I was thinking about which colour could be placed between the 2 flowers so the bee can fly there succesfully. The instructions were clear. The only issue I found was at study 1 where 1 of the flowers wasn't ''reacting'' to my click (when trying to find the bee). This happened in 3-4 rounds but could continiou because the bee wasn't hidden there.
Q1sg1vcerktdipsyxetbyx6cnQ,unconstrained,55.0,"[[6, 7, 0], [2, 6, 5, 3]]",1.0,9.982,0,Fully conscious/deliberative,Fully clear,Hard,Confident,I was thinking about which colour could be placed between the 2 flowers so the bee can fly there succesfully. The instructions were clear. The only issue I found was at study 1 where 1 of the flowers wasn't ''reacting'' to my click (when trying to find the bee). This happened in 3-4 rounds but could continiou because the bee wasn't hidden there.
Q1sg1vcerktdipsyxetbyx6cnQ,unconstrained,56.0,"[[6, 7, 1, 4], [0, 7, 1]]",1.0,11.076,1,Fully conscious/deliberative,Fully clear,Hard,Confident,I was thinking about which colour could be placed between the 2 flowers so the bee can fly there succesfully. The instructions were clear. The only issue I found was at study 1 where 1 of the flowers wasn't ''reacting'' to my click (when trying to find the bee). This happened in 3-4 rounds but could continiou because the bee wasn't hidden there.
Q1sg1vcerktdipsyxetbyx6cnQ,unconstrained,57.0,"[[2, 6, 5], [5, 6, 7, 0]]",1.0,1.462,0,Fully conscious/deliberative,Fully clear,Hard,Confident,I was thinking about which colour could be placed between the 2 flowers so the bee can fly there succesfully. The instructions were clear. The only issue I found was at study 1 where 1 of the flowers wasn't ''reacting'' to my click (when trying to find the bee). This happened in 3-4 rounds but could continiou because the bee wasn't hidden there.
Q1sg1vcerktdipsyxetbyx6cnQ,unconstrained,58.0,"[[2, 6, 7], [4, 1, 7, 0]]",1.0,9.629,0,Fully conscious/deliberative,Fully clear,Hard,Confident,I was thinking about which colour could be placed between the 2 flowers so the bee can fly there succesfully. The instructions were clear. The only issue I found was at study 1 where 1 of the flowers wasn't ''reacting'' to my click (when trying to find the bee). This happened in 3-4 rounds but could continiou because the bee wasn't hidden there.
Q1sg1vcerktdipsyxetbyx6cnQ,unconstrained,59.0,"[[5, 6, 7, 0], [2, 6, 7, 1, 4]]",1.0,22.734,0,Fully conscious/deliberative,Fully clear,Hard,Confident,I was thinking about which colour could be placed between the 2 flowers so the bee can fly there succesfully. The instructions were clear. The only issue I found was at study 1 where 1 of the flowers wasn't ''reacting'' to my click (when trying to find the bee). This happened in 3-4 rounds but could continiou because the bee wasn't hidden there.
Q1sg1vcerktdipsyxetbyx6cnQ,unconstrained,60.0,"[[5, 6, 7, 1, 4], [4, 1, 7, 0]]",0.0,22.82,0,Fully conscious/deliberative,Fully clear,Hard,Confident,I was thinking about which colour could be placed between the 2 flowers so the bee can fly there succesfully. The instructions were clear. The only issue I found was at study 1 where 1 of the flowers wasn't ''reacting'' to my click (when trying to find the bee). This happened in 3-4 rounds but could continiou because the bee wasn't hidden there.
Q1sg1vcerktdipsyxetbyx6cnQ,unconstrained,61.0,"[[1, 7, 6], [5, 6, 7, 0]]",1.0,4.367,0,Fully conscious/deliberative,Fully clear,Hard,Confident,I was thinking about which colour could be placed between the 2 flowers so the bee can fly there succesfully. The instructions were clear. The only issue I found was at study 1 where 1 of the flowers wasn't ''reacting'' to my click (when trying to find the bee). This happened in 3-4 rounds but could continiou because the bee wasn't hidden there.
Q1sg1vcerktdipsyxetbyx6cnQ,unconstrained,62.0,"[[1, 7, 6], [5, 6, 7, 1]]",1.0,2.174,0,Fully conscious/deliberative,Fully clear,Hard,Confident,I was thinking about which colour could be placed between the 2 flowers so the bee can fly there succesfully. The instructions were clear. The only issue I found was at study 1 where 1 of the flowers wasn't ''reacting'' to my click (when trying to find the bee). This happened in 3-4 rounds but could continiou because the bee wasn't hidden there.
Q1sg1vcerktdipsyxetbyx6cnQ,unconstrained,63.0,"[[4, 1, 7, 6, 2], [2, 6, 5, 3]]",1.0,15.559,1,Fully conscious/deliberative,Fully clear,Hard,Confident,I was thinking about which colour could be placed between the 2 flowers so the bee can fly there succesfully. The instructions were clear. The only issue I found was at study 1 where 1 of the flowers wasn't ''reacting'' to my click (when trying to find the bee). This happened in 3-4 rounds but could continiou because the bee wasn't hidden there.
Q1sg1vcerktdipsyxetbyx6cnQ,unconstrained,64.0,"[[0, 7, 6, 5, 3], [2, 6, 7, 0]]",0.0,15.118,0,Fully conscious/deliberative,Fully clear,Hard,Confident,I was thinking about which colour could be placed between the 2 flowers so the bee can fly there succesfully. The instructions were clear. The only issue I found was at study 1 where 1 of the flowers wasn't ''reacting'' to my click (when trying to find the bee). This happened in 3-4 rounds but could continiou because the bee wasn't hidden there.
Q2yrmj1s75mkd6pt1zbx2sr9xQ,unconstrained,0.0,"[[0, 7, 6, 5], [5, 6, 2]]",0.0,12.768,0,Fully conscious/deliberative,Somewhat clear,Easy,Rather confident,"I remembered the colors that were near to each other would have the shortest path for the bee, and I tried to remember colors which did not pair from yesterday's study."
Q2yrmj1s75mkd6pt1zbx2sr9xQ,unconstrained,1.0,"[[5, 6, 7, 1, 4], [7, 6, 5, 3]]",1.0,13.321,1,Fully conscious/deliberative,Somewhat clear,Easy,Rather confident,"I remembered the colors that were near to each other would have the shortest path for the bee, and I tried to remember colors which did not pair from yesterday's study."
Q2yrmj1s75mkd6pt1zbx2sr9xQ,unconstrained,2.0,"[[5, 6, 2], [4, 1, 7, 6]]",0.0,11.43,1,Fully conscious/deliberative,Somewhat clear,Easy,Rather confident,"I remembered the colors that were near to each other would have the shortest path for the bee, and I tried to remember colors which did not pair from yesterday's study."
Q2yrmj1s75mkd6pt1zbx2sr9xQ,unconstrained,3.0,"[[2, 6, 7], [5, 6, 7, 1]]",1.0,8.326,0,Fully conscious/deliberative,Somewhat clear,Easy,Rather confident,"I remembered the colors that were near to each other would have the shortest path for the bee, and I tried to remember colors which did not pair from yesterday's study."
Q2yrmj1s75mkd6pt1zbx2sr9xQ,unconstrained,4.0,"[[3, 5, 6], [5, 6, 7, 1]]",1.0,12.425,0,Fully conscious/deliberative,Somewhat clear,Easy,Rather confident,"I remembered the colors that were near to each other would have the shortest path for the bee, and I tried to remember colors which did not pair from yesterday's study."
Q2yrmj1s75mkd6pt1zbx2sr9xQ,unconstrained,5.0,"[[7, 6, 5, 3], [5, 6, 2]]",0.0,8.558,0,Fully conscious/deliberative,Somewhat clear,Easy,Rather confident,"I remembered the colors that were near to each other would have the shortest path for the bee, and I tried to remember colors which did not pair from yesterday's study."
Q2yrmj1s75mkd6pt1zbx2sr9xQ,unconstrained,6.0,"[[4, 1, 7, 0], [7, 6, 2]]",1.0,5.743,1,Fully conscious/deliberative,Somewhat clear,Easy,Rather confident,"I remembered the colors that were near to each other would have the shortest path for the bee, and I tried to remember colors which did not pair from yesterday's study."
Q2yrmj1s75mkd6pt1zbx2sr9xQ,unconstrained,7.0,"[[0, 7, 1], [5, 6, 7, 1]]",1.0,5.635,0,Fully conscious/deliberative,Somewhat clear,Easy,Rather confident,"I remembered the colors that were near to each other would have the shortest path for the bee, and I tried to remember colors which did not pair from yesterday's study."
Q2yrmj1s75mkd6pt1zbx2sr9xQ,unconstrained,8.0,"[[3, 5, 6, 7, 1], [1, 7, 6, 2]]",1.0,5.766,1,Fully conscious/deliberative,Somewhat clear,Easy,Rather confident,"I remembered the colors that were near to each other would have the shortest path for the bee, and I tried to remember colors which did not pair from yesterday's study."
Q2yrmj1s75mkd6pt1zbx2sr9xQ,unconstrained,9.0,"[[0, 7, 6, 5], [1, 7, 0]]",0.0,6.481,0,Fully conscious/deliberative,Somewhat clear,Easy,Rather confident,"I remembered the colors that were near to each other would have the shortest path for the bee, and I tried to remember colors which did not pair from yesterday's study."
Q2yrmj1s75mkd6pt1zbx2sr9xQ,unconstrained,10.0,"[[3, 5, 6, 7], [5, 6, 7, 1, 4]]",1.0,4.911,0,Fully conscious/deliberative,Somewhat clear,Easy,Rather confident,"I remembered the colors that were near to each other would have the shortest path for the bee, and I tried to remember colors which did not pair from yesterday's study."
Q2yrmj1s75mkd6pt1zbx2sr9xQ,unconstrained,11.0,"[[1, 7, 0], [6, 7, 1, 4]]",0.0,4.597,1,Fully conscious/deliberative,Somewhat clear,Easy,Rather confident,"I remembered the colors that were near to each other would have the shortest path for the bee, and I tried to remember colors which did not pair from yesterday's study."
Q2yrmj1s75mkd6pt1zbx2sr9xQ,unconstrained,12.0,"[[6, 5, 3], [4, 1, 7, 6]]",0.0,4.307,1,Fully conscious/deliberative,Somewhat clear,Easy,Rather confident,"I remembered the colors that were near to each other would have the shortest path for the bee, and I tried to remember colors which did not pair from yesterday's study."
Q2yrmj1s75mkd6pt1zbx2sr9xQ,unconstrained,13.0,"[[5, 6, 7], [3, 5, 6, 2]]",1.0,5.755,0,Fully conscious/deliberative,Somewhat clear,Easy,Rather confident,"I remembered the colors that were near to each other would have the shortest path for the bee, and I tried to remember colors which did not pair from yesterday's study."
Q2yrmj1s75mkd6pt1zbx2sr9xQ,unconstrained,14.0,"[[3, 5, 6, 7], [7, 6, 2]]",0.0,6.407,0,Fully conscious/deliberative,Somewhat clear,Easy,Rather confident,"I remembered the colors that were near to each other would have the shortest path for the bee, and I tried to remember colors which did not pair from yesterday's study."
Q2yrmj1s75mkd6pt1zbx2sr9xQ,unconstrained,15.0,"[[0, 7, 1, 4], [7, 6, 5]]",1.0,5.706,1,Fully conscious/deliberative,Somewhat clear,Easy,Rather confident,"I remembered the colors that were near to each other would have the shortest path for the bee, and I tried to remember colors which did not pair from yesterday's study."
Q2yrmj1s75mkd6pt1zbx2sr9xQ,unconstrained,16.0,"[[0, 7, 6], [0, 7, 6, 5]]",0.0,7.286,1,Fully conscious/deliberative,Somewhat clear,Easy,Rather confident,"I remembered the colors that were near to each other would have the shortest path for the bee, and I tried to remember colors which did not pair from yesterday's study."
Q2yrmj1s75mkd6pt1zbx2sr9xQ,unconstrained,17.0,"[[4, 1, 7], [0, 7, 6, 2]]",1.0,3.253,0,Fully conscious/deliberative,Somewhat clear,Easy,Rather confident,"I remembered the colors that were near to each other would have the shortest path for the bee, and I tried to remember colors which did not pair from yesterday's study."
Q2yrmj1s75mkd6pt1zbx2sr9xQ,unconstrained,18.0,"[[2, 6, 7, 1], [1, 7, 6]]",0.0,10.064,0,Fully conscious/deliberative,Somewhat clear,Easy,Rather confident,"I remembered the colors that were near to each other would have the shortest path for the bee, and I tried to remember colors which did not pair from yesterday's study."
Q2yrmj1s75mkd6pt1zbx2sr9xQ,unconstrained,19.0,"[[0, 7, 6, 5], [6, 7, 1]]",0.0,10.474,0,Fully conscious/deliberative,Somewhat clear,Easy,Rather confident,"I remembered the colors that were near to each other would have the shortest path for the bee, and I tried to remember colors which did not pair from yesterday's study."
Q2yrmj1s75mkd6pt1zbx2sr9xQ,unconstrained,20.0,"[[7, 6, 5], [1, 7, 6, 5]]",0.0,7.418,1,Fully conscious/deliberative,Somewhat clear,Easy,Rather confident,"I remembered the colors that were near to each other would have the shortest path for the bee, and I tried to remember colors which did not pair from yesterday's study."
Q2yrmj1s75mkd6pt1zbx2sr9xQ,unconstrained,21.0,"[[7, 1, 4], [5, 6, 7, 0]]",0.0,5.883,1,Fully conscious/deliberative,Somewhat clear,Easy,Rather confident,"I remembered the colors that were near to each other would have the shortest path for the bee, and I tried to remember colors which did not pair from yesterday's study."
Q2yrmj1s75mkd6pt1zbx2sr9xQ,unconstrained,22.0,"[[4, 1, 7], [1, 7, 6, 5]]",1.0,3.733,0,Fully conscious/deliberative,Somewhat clear,Easy,Rather confident,"I remembered the colors that were near to each other would have the shortest path for the bee, and I tried to remember colors which did not pair from yesterday's study."
Q2yrmj1s75mkd6pt1zbx2sr9xQ,unconstrained,23.0,"[[4, 1, 7, 6, 2], [3, 5, 6, 7, 1, 4]]",1.0,8.025,0,Fully conscious/deliberative,Somewhat clear,Easy,Rather confident,"I remembered the colors that were near to each other would have the shortest path for the bee, and I tried to remember colors which did not pair from yesterday's study."
Q2yrmj1s75mkd6pt1zbx2sr9xQ,unconstrained,24.0,"[[5, 6, 7], [2, 6, 7, 1]]",0.0,9.168,1,Fully conscious/deliberative,Somewhat clear,Easy,Rather confident,"I remembered the colors that were near to each other would have the shortest path for the bee, and I tried to remember colors which did not pair from yesterday's study."
Q2yrmj1s75mkd6pt1zbx2sr9xQ,unconstrained,25.0,"[[3, 5, 6, 7, 0], [1, 7, 6, 2]]",1.0,3.429,1,Fully conscious/deliberative,Somewhat clear,Easy,Rather confident,"I remembered the colors that were near to each other would have the shortest path for the bee, and I tried to remember colors which did not pair from yesterday's study."
Q2yrmj1s75mkd6pt1zbx2sr9xQ,unconstrained,26.0,"[[2, 6, 5], [1, 7, 6, 2]]",0.0,6.212,1,Fully conscious/deliberative,Somewhat clear,Easy,Rather confident,"I remembered the colors that were near to each other would have the shortest path for the bee, and I tried to remember colors which did not pair from yesterday's study."
Q2yrmj1s75mkd6pt1zbx2sr9xQ,unconstrained,27.0,"[[4, 1, 7], [5, 6, 7, 1]]",1.0,3.247,0,Fully conscious/deliberative,Somewhat clear,Easy,Rather confident,"I remembered the colors that were near to each other would have the shortest path for the bee, and I tried to remember colors which did not pair from yesterday's study."
Q2yrmj1s75mkd6pt1zbx2sr9xQ,unconstrained,28.0,"[[3, 5, 6], [0, 7, 1, 4]]",1.0,3.065,0,Fully conscious/deliberative,Somewhat clear,Easy,Rather confident,"I remembered the colors that were near to each other would have the shortest path for the bee, and I tried to remember colors which did not pair from yesterday's study."
Q2yrmj1s75mkd6pt1zbx2sr9xQ,unconstrained,29.0,"[[2, 6, 7], [6, 7, 1, 4]]",0.0,7.755,1,Fully conscious/deliberative,Somewhat clear,Easy,Rather confident,"I remembered the colors that were near to each other would have the shortest path for the bee, and I tried to remember colors which did not pair from yesterday's study."
Q2yrmj1s75mkd6pt1zbx2sr9xQ,unconstrained,30.0,"[[6, 7, 1], [1, 7, 6, 5]]",0.0,6.167,1,Fully conscious/deliberative,Somewhat clear,Easy,Rather confident,"I remembered the colors that were near to each other would have the shortest path for the bee, and I tried to remember colors which did not pair from yesterday's study."
Q2yrmj1s75mkd6pt1zbx2sr9xQ,unconstrained,31.0,"[[6, 7, 1, 4], [1, 7, 6, 5, 3]]",1.0,6.139,0,Fully conscious/deliberative,Somewhat clear,Easy,Rather confident,"I remembered the colors that were near to each other would have the shortest path for the bee, and I tried to remember colors which did not pair from yesterday's study."
Q2yrmj1s75mkd6pt1zbx2sr9xQ,unconstrained,32.0,"[[2, 6, 5], [1, 7, 6, 5]]",0.0,10.129,1,Fully conscious/deliberative,Somewhat clear,Easy,Rather confident,"I remembered the colors that were near to each other would have the shortest path for the bee, and I tried to remember colors which did not pair from yesterday's study."
Q2yrmj1s75mkd6pt1zbx2sr9xQ,unconstrained,33.0,"[[1, 7, 6, 2], [7, 6, 2]]",0.0,3.937,0,Fully conscious/deliberative,Somewhat clear,Easy,Rather confident,"I remembered the colors that were near to each other would have the shortest path for the bee, and I tried to remember colors which did not pair from yesterday's study."
Q2yrmj1s75mkd6pt1zbx2sr9xQ,unconstrained,34.0,"[[2, 6, 7, 1], [0, 7, 1]]",0.0,3.179,0,Fully conscious/deliberative,Somewhat clear,Easy,Rather confident,"I remembered the colors that were near to each other would have the shortest path for the bee, and I tried to remember colors which did not pair from yesterday's study."
Q2yrmj1s75mkd6pt1zbx2sr9xQ,unconstrained,35.0,"[[6, 5, 3], [0, 7, 6, 2]]",1.0,2.678,0,Fully conscious/deliberative,Somewhat clear,Easy,Rather confident,"I remembered the colors that were near to each other would have the shortest path for the bee, and I tried to remember colors which did not pair from yesterday's study."
Q2yrmj1s75mkd6pt1zbx2sr9xQ,unconstrained,36.0,"[[0, 7, 1, 4], [2, 6, 5]]",1.0,7.775,1,Fully conscious/deliberative,Somewhat clear,Easy,Rather confident,"I remembered the colors that were near to each other would have the shortest path for the bee, and I tried to remember colors which did not pair from yesterday's study."
Q2yrmj1s75mkd6pt1zbx2sr9xQ,unconstrained,37.0,"[[3, 5, 6, 7, 0], [6, 7, 1, 4]]",1.0,2.07,1,Fully conscious/deliberative,Somewhat clear,Easy,Rather confident,"I remembered the colors that were near to each other would have the shortest path for the bee, and I tried to remember colors which did not pair from yesterday's study."
Q2yrmj1s75mkd6pt1zbx2sr9xQ,unconstrained,38.0,"[[5, 6, 2], [3, 5, 6, 2]]",1.0,6.736,0,Fully conscious/deliberative,Somewhat clear,Easy,Rather confident,"I remembered the colors that were near to each other would have the shortest path for the bee, and I tried to remember colors which did not pair from yesterday's study."
Q2yrmj1s75mkd6pt1zbx2sr9xQ,unconstrained,39.0,"[[2, 6, 7, 1, 4], [4, 1, 7, 0]]",0.0,36.966,0,Fully conscious/deliberative,Somewhat clear,Easy,Rather confident,"I remembered the colors that were near to each other would have the shortest path for the bee, and I tried to remember colors which did not pair from yesterday's study."
Q2yrmj1s75mkd6pt1zbx2sr9xQ,unconstrained,40.0,"[[7, 6, 2], [4, 1, 7, 6]]",0.0,12.533,1,Fully conscious/deliberative,Somewhat clear,Easy,Rather confident,"I remembered the colors that were near to each other would have the shortest path for the bee, and I tried to remember colors which did not pair from yesterday's study."
Q2yrmj1s75mkd6pt1zbx2sr9xQ,unconstrained,41.0,"[[1, 7, 0], [2, 6, 7, 1]]",0.0,3.689,1,Fully conscious/deliberative,Somewhat clear,Easy,Rather confident,"I remembered the colors that were near to each other would have the shortest path for the bee, and I tried to remember colors which did not pair from yesterday's study."
Q2yrmj1s75mkd6pt1zbx2sr9xQ,unconstrained,42.0,"[[6, 7, 1, 4], [5, 6, 7, 1, 4]]",1.0,4.048,0,Fully conscious/deliberative,Somewhat clear,Easy,Rather confident,"I remembered the colors that were near to each other would have the shortest path for the bee, and I tried to remember colors which did not pair from yesterday's study."
Q2yrmj1s75mkd6pt1zbx2sr9xQ,unconstrained,43.0,"[[2, 6, 7, 0], [7, 6, 5]]",1.0,2.834,1,Fully conscious/deliberative,Somewhat clear,Easy,Rather confident,"I remembered the colors that were near to each other would have the shortest path for the bee, and I tried to remember colors which did not pair from yesterday's study."
Q2yrmj1s75mkd6pt1zbx2sr9xQ,unconstrained,44.0,"[[1, 7, 6, 5, 3], [3, 5, 6, 2]]",0.0,3.212,0,Fully conscious/deliberative,Somewhat clear,Easy,Rather confident,"I remembered the colors that were near to each other would have the shortest path for the bee, and I tried to remember colors which did not pair from yesterday's study."
Q2yrmj1s75mkd6pt1zbx2sr9xQ,unconstrained,45.0,"[[0, 7, 6], [2, 6, 5, 3]]",1.0,3.173,0,Fully conscious/deliberative,Somewhat clear,Easy,Rather confident,"I remembered the colors that were near to each other would have the shortest path for the bee, and I tried to remember colors which did not pair from yesterday's study."
Q2yrmj1s75mkd6pt1zbx2sr9xQ,unconstrained,46.0,"[[1, 7, 6, 2], [4, 1, 7]]",0.0,5.224,0,Fully conscious/deliberative,Somewhat clear,Easy,Rather confident,"I remembered the colors that were near to each other would have the shortest path for the bee, and I tried to remember colors which did not pair from yesterday's study."
Q2yrmj1s75mkd6pt1zbx2sr9xQ,unconstrained,47.0,"[[1, 7, 6], [3, 5, 6, 2]]",1.0,3.156,0,Fully conscious/deliberative,Somewhat clear,Easy,Rather confident,"I remembered the colors that were near to each other would have the shortest path for the bee, and I tried to remember colors which did not pair from yesterday's study."
Q2yrmj1s75mkd6pt1zbx2sr9xQ,unconstrained,48.0,"[[2, 6, 7, 0], [3, 5, 6, 7, 0]]",1.0,2.163,0,Fully conscious/deliberative,Somewhat clear,Easy,Rather confident,"I remembered the colors that were near to each other would have the shortest path for the bee, and I tried to remember colors which did not pair from yesterday's study."
Q2yrmj1s75mkd6pt1zbx2sr9xQ,unconstrained,49.0,"[[1, 7, 6], [4, 1, 7, 0]]",1.0,8.658,0,Fully conscious/deliberative,Somewhat clear,Easy,Rather confident,"I remembered the colors that were near to each other would have the shortest path for the bee, and I tried to remember colors which did not pair from yesterday's study."
Q2yrmj1s75mkd6pt1zbx2sr9xQ,unconstrained,50.0,"[[4, 1, 7, 6], [3, 5, 6]]",0.0,5.324,0,Fully conscious/deliberative,Somewhat clear,Easy,Rather confident,"I remembered the colors that were near to each other would have the shortest path for the bee, and I tried to remember colors which did not pair from yesterday's study."
Q2yrmj1s75mkd6pt1zbx2sr9xQ,unconstrained,51.0,"[[7, 1, 4], [2, 6, 5, 3]]",1.0,2.848,0,Fully conscious/deliberative,Somewhat clear,Easy,Rather confident,"I remembered the colors that were near to each other would have the shortest path for the bee, and I tried to remember colors which did not pair from yesterday's study."
Q2yrmj1s75mkd6pt1zbx2sr9xQ,unconstrained,52.0,"[[3, 5, 6, 2], [2, 6, 7, 1, 4]]",0.0,4.347,1,Fully conscious/deliberative,Somewhat clear,Easy,Rather confident,"I remembered the colors that were near to each other would have the shortest path for the bee, and I tried to remember colors which did not pair from yesterday's study."
Q2yrmj1s75mkd6pt1zbx2sr9xQ,unconstrained,53.0,"[[1, 7, 6, 5], [1, 7, 6, 5, 3]]",1.0,2.973,0,Fully conscious/deliberative,Somewhat clear,Easy,Rather confident,"I remembered the colors that were near to each other would have the shortest path for the bee, and I tried to remember colors which did not pair from yesterday's study."
Q2yrmj1s75mkd6pt1zbx2sr9xQ,unconstrained,54.0,"[[0, 7, 1], [2, 6, 5, 3]]",1.0,7.799,0,Fully conscious/deliberative,Somewhat clear,Easy,Rather confident,"I remembered the colors that were near to each other would have the shortest path for the bee, and I tried to remember colors which did not pair from yesterday's study."
Q2yrmj1s75mkd6pt1zbx2sr9xQ,unconstrained,55.0,"[[2, 6, 7], [4, 1, 7, 0]]",1.0,8.151,0,Fully conscious/deliberative,Somewhat clear,Easy,Rather confident,"I remembered the colors that were near to each other would have the shortest path for the bee, and I tried to remember colors which did not pair from yesterday's study."
Q2yrmj1s75mkd6pt1zbx2sr9xQ,unconstrained,56.0,"[[2, 6, 7, 1], [6, 5, 3]]",0.0,6.955,0,Fully conscious/deliberative,Somewhat clear,Easy,Rather confident,"I remembered the colors that were near to each other would have the shortest path for the bee, and I tried to remember colors which did not pair from yesterday's study."
Q2yrmj1s75mkd6pt1zbx2sr9xQ,unconstrained,57.0,"[[4, 1, 7, 6, 2], [3, 5, 6, 7]]",0.0,3.788,0,Fully conscious/deliberative,Somewhat clear,Easy,Rather confident,"I remembered the colors that were near to each other would have the shortest path for the bee, and I tried to remember colors which did not pair from yesterday's study."
Q2yrmj1s75mkd6pt1zbx2sr9xQ,unconstrained,58.0,"[[0, 7, 1], [2, 6, 7, 0]]",0.0,5.731,1,Fully conscious/deliberative,Somewhat clear,Easy,Rather confident,"I remembered the colors that were near to each other would have the shortest path for the bee, and I tried to remember colors which did not pair from yesterday's study."
Q2yrmj1s75mkd6pt1zbx2sr9xQ,unconstrained,59.0,"[[6, 7, 0], [4, 1, 7, 0]]",0.0,4.955,1,Fully conscious/deliberative,Somewhat clear,Easy,Rather confident,"I remembered the colors that were near to each other would have the shortest path for the bee, and I tried to remember colors which did not pair from yesterday's study."
Q2yrmj1s75mkd6pt1zbx2sr9xQ,unconstrained,60.0,"[[1, 7, 6, 2], [4, 1, 7]]",1.0,4.697,1,Fully conscious/deliberative,Somewhat clear,Easy,Rather confident,"I remembered the colors that were near to each other would have the shortest path for the bee, and I tried to remember colors which did not pair from yesterday's study."
Q2yrmj1s75mkd6pt1zbx2sr9xQ,unconstrained,61.0,"[[4, 1, 7, 6, 5], [0, 7, 1, 4]]",0.0,7.516,0,Fully conscious/deliberative,Somewhat clear,Easy,Rather confident,"I remembered the colors that were near to each other would have the shortest path for the bee, and I tried to remember colors which did not pair from yesterday's study."
Q2yrmj1s75mkd6pt1zbx2sr9xQ,unconstrained,62.0,"[[5, 6, 7, 0], [5, 6, 7]]",0.0,9.497,0,Fully conscious/deliberative,Somewhat clear,Easy,Rather confident,"I remembered the colors that were near to each other would have the shortest path for the bee, and I tried to remember colors which did not pair from yesterday's study."
Q2yrmj1s75mkd6pt1zbx2sr9xQ,unconstrained,63.0,"[[7, 6, 5], [4, 1, 7, 6]]",0.0,3.785,1,Fully conscious/deliberative,Somewhat clear,Easy,Rather confident,"I remembered the colors that were near to each other would have the shortest path for the bee, and I tried to remember colors which did not pair from yesterday's study."
Q2yrmj1s75mkd6pt1zbx2sr9xQ,unconstrained,64.0,"[[0, 7, 6, 5], [4, 1, 7, 6, 2]]",0.0,2.443,1,Fully conscious/deliberative,Somewhat clear,Easy,Rather confident,"I remembered the colors that were near to each other would have the shortest path for the bee, and I tried to remember colors which did not pair from yesterday's study."
Q36qn1sdyeuj9vfy53b7ttbpfQ,unconstrained,0.0,"[[2, 6, 7, 0], [5, 6, 7]]",0.0,14.292,0,Fairly conscious/deliberative,Fully clear,Hard,Rather unconfident,Nothing was unclear or misleading. I just tried to recall which routes the bee took and apply it to my answer. 
Q36qn1sdyeuj9vfy53b7ttbpfQ,unconstrained,1.0,"[[5, 6, 7, 0], [2, 6, 5]]",1.0,6.765,1,Fairly conscious/deliberative,Fully clear,Hard,Rather unconfident,Nothing was unclear or misleading. I just tried to recall which routes the bee took and apply it to my answer. 
Q36qn1sdyeuj9vfy53b7ttbpfQ,unconstrained,2.0,"[[6, 7, 1], [2, 6, 5, 3]]",1.0,11.054,0,Fairly conscious/deliberative,Fully clear,Hard,Rather unconfident,Nothing was unclear or misleading. I just tried to recall which routes the bee took and apply it to my answer. 
Q36qn1sdyeuj9vfy53b7ttbpfQ,unconstrained,3.0,"[[5, 6, 7, 1], [6, 7, 1]]",0.0,11.52,0,Fairly conscious/deliberative,Fully clear,Hard,Rather unconfident,Nothing was unclear or misleading. I just tried to recall which routes the bee took and apply it to my answer. 
Q36qn1sdyeuj9vfy53b7ttbpfQ,unconstrained,4.0,"[[7, 6, 2], [4, 1, 7, 6]]",0.0,13.318,1,Fairly conscious/deliberative,Fully clear,Hard,Rather unconfident,Nothing was unclear or misleading. I just tried to recall which routes the bee took and apply it to my answer. 
Q36qn1sdyeuj9vfy53b7ttbpfQ,unconstrained,5.0,"[[5, 6, 7, 1], [7, 6, 2]]",1.0,2.084,1,Fairly conscious/deliberative,Fully clear,Hard,Rather unconfident,Nothing was unclear or misleading. I just tried to recall which routes the bee took and apply it to my answer. 
Q36qn1sdyeuj9vfy53b7ttbpfQ,unconstrained,6.0,"[[5, 6, 7], [5, 6, 7, 0]]",0.0,5.269,1,Fairly conscious/deliberative,Fully clear,Hard,Rather unconfident,Nothing was unclear or misleading. I just tried to recall which routes the bee took and apply it to my answer. 
Q36qn1sdyeuj9vfy53b7ttbpfQ,unconstrained,7.0,"[[0, 7, 1, 4], [7, 6, 2]]",0.0,22.841,0,Fairly conscious/deliberative,Fully clear,Hard,Rather unconfident,Nothing was unclear or misleading. I just tried to recall which routes the bee took and apply it to my answer. 
Q36qn1sdyeuj9vfy53b7ttbpfQ,unconstrained,8.0,"[[5, 6, 7, 1], [4, 1, 7]]",1.0,6.802,1,Fairly conscious/deliberative,Fully clear,Hard,Rather unconfident,Nothing was unclear or misleading. I just tried to recall which routes the bee took and apply it to my answer. 
Q36qn1sdyeuj9vfy53b7ttbpfQ,unconstrained,9.0,"[[6, 5, 3], [1, 7, 6, 2]]",0.0,8.477,1,Fairly conscious/deliberative,Fully clear,Hard,Rather unconfident,Nothing was unclear or misleading. I just tried to recall which routes the bee took and apply it to my answer. 
Q36qn1sdyeuj9vfy53b7ttbpfQ,unconstrained,10.0,"[[2, 6, 7, 0], [6, 5, 3]]",0.0,4.596,0,Fairly conscious/deliberative,Fully clear,Hard,Rather unconfident,Nothing was unclear or misleading. I just tried to recall which routes the bee took and apply it to my answer. 
Q36qn1sdyeuj9vfy53b7ttbpfQ,unconstrained,11.0,"[[2, 6, 7, 1], [7, 6, 2]]",0.0,8.751,0,Fairly conscious/deliberative,Fully clear,Hard,Rather unconfident,Nothing was unclear or misleading. I just tried to recall which routes the bee took and apply it to my answer. 
Q36qn1sdyeuj9vfy53b7ttbpfQ,unconstrained,12.0,"[[5, 6, 7, 1], [0, 7, 1]]",1.0,5.197,1,Fairly conscious/deliberative,Fully clear,Hard,Rather unconfident,Nothing was unclear or misleading. I just tried to recall which routes the bee took and apply it to my answer. 
Q36qn1sdyeuj9vfy53b7ttbpfQ,unconstrained,13.0,"[[1, 7, 6, 5, 3], [4, 1, 7, 6]]",1.0,7.243,1,Fairly conscious/deliberative,Fully clear,Hard,Rather unconfident,Nothing was unclear or misleading. I just tried to recall which routes the bee took and apply it to my answer. 
Q36qn1sdyeuj9vfy53b7ttbpfQ,unconstrained,14.0,"[[5, 6, 7, 1], [7, 6, 5]]",0.0,4.186,0,Fairly conscious/deliberative,Fully clear,Hard,Rather unconfident,Nothing was unclear or misleading. I just tried to recall which routes the bee took and apply it to my answer. 
Q36qn1sdyeuj9vfy53b7ttbpfQ,unconstrained,15.0,"[[7, 6, 2], [6, 7, 1, 4]]",0.0,14.565,1,Fairly conscious/deliberative,Fully clear,Hard,Rather unconfident,Nothing was unclear or misleading. I just tried to recall which routes the bee took and apply it to my answer. 
Q36qn1sdyeuj9vfy53b7ttbpfQ,unconstrained,16.0,"[[4, 1, 7, 6, 2], [3, 5, 6, 7, 1, 4]]",1.0,7.844,0,Fairly conscious/deliberative,Fully clear,Hard,Rather unconfident,Nothing was unclear or misleading. I just tried to recall which routes the bee took and apply it to my answer. 
Q36qn1sdyeuj9vfy53b7ttbpfQ,unconstrained,17.0,"[[0, 7, 1], [1, 7, 6, 2]]",1.0,7.376,0,Fairly conscious/deliberative,Fully clear,Hard,Rather unconfident,Nothing was unclear or misleading. I just tried to recall which routes the bee took and apply it to my answer. 
Q36qn1sdyeuj9vfy53b7ttbpfQ,unconstrained,18.0,"[[4, 1, 7, 6, 2], [2, 6, 5, 3]]",0.0,1.297,0,Fairly conscious/deliberative,Fully clear,Hard,Rather unconfident,Nothing was unclear or misleading. I just tried to recall which routes the bee took and apply it to my answer. 
Q36qn1sdyeuj9vfy53b7ttbpfQ,unconstrained,19.0,"[[2, 6, 5], [1, 7, 6, 2]]",0.0,1.903,1,Fairly conscious/deliberative,Fully clear,Hard,Rather unconfident,Nothing was unclear or misleading. I just tried to recall which routes the bee took and apply it to my answer. 
Q36qn1sdyeuj9vfy53b7ttbpfQ,unconstrained,20.0,"[[5, 6, 2], [2, 6, 5, 3]]",1.0,3.42,0,Fairly conscious/deliberative,Fully clear,Hard,Rather unconfident,Nothing was unclear or misleading. I just tried to recall which routes the bee took and apply it to my answer. 
Q36qn1sdyeuj9vfy53b7ttbpfQ,unconstrained,21.0,"[[5, 6, 7], [4, 1, 7, 6]]",1.0,4.37,0,Fairly conscious/deliberative,Fully clear,Hard,Rather unconfident,Nothing was unclear or misleading. I just tried to recall which routes the bee took and apply it to my answer. 
Q36qn1sdyeuj9vfy53b7ttbpfQ,unconstrained,22.0,"[[3, 5, 6, 7, 1], [5, 6, 7, 1]]",0.0,4.89,0,Fairly conscious/deliberative,Fully clear,Hard,Rather unconfident,Nothing was unclear or misleading. I just tried to recall which routes the bee took and apply it to my answer. 
Q36qn1sdyeuj9vfy53b7ttbpfQ,unconstrained,23.0,"[[1, 7, 6, 2], [7, 1, 4]]",0.0,1.361,0,Fairly conscious/deliberative,Fully clear,Hard,Rather unconfident,Nothing was unclear or misleading. I just tried to recall which routes the bee took and apply it to my answer. 
Q36qn1sdyeuj9vfy53b7ttbpfQ,unconstrained,24.0,"[[4, 1, 7, 6, 2], [0, 7, 1, 4]]",1.0,0.693,1,Fairly conscious/deliberative,Fully clear,Hard,Rather unconfident,Nothing was unclear or misleading. I just tried to recall which routes the bee took and apply it to my answer. 
Q36qn1sdyeuj9vfy53b7ttbpfQ,unconstrained,25.0,"[[0, 7, 6, 5], [2, 6, 7, 1, 4]]",1.0,5.605,0,Fairly conscious/deliberative,Fully clear,Hard,Rather unconfident,Nothing was unclear or misleading. I just tried to recall which routes the bee took and apply it to my answer. 
Q36qn1sdyeuj9vfy53b7ttbpfQ,unconstrained,26.0,"[[4, 1, 7, 0], [5, 6, 7, 1, 4]]",0.0,1.332,1,Fairly conscious/deliberative,Fully clear,Hard,Rather unconfident,Nothing was unclear or misleading. I just tried to recall which routes the bee took and apply it to my answer. 
Q36qn1sdyeuj9vfy53b7ttbpfQ,unconstrained,27.0,"[[6, 7, 0], [5, 6, 7, 0]]",1.0,1.051,0,Fairly conscious/deliberative,Fully clear,Hard,Rather unconfident,Nothing was unclear or misleading. I just tried to recall which routes the bee took and apply it to my answer. 
Q36qn1sdyeuj9vfy53b7ttbpfQ,unconstrained,28.0,"[[4, 1, 7, 6, 5], [7, 6, 5, 3]]",0.0,0.482,0,Fairly conscious/deliberative,Fully clear,Hard,Rather unconfident,Nothing was unclear or misleading. I just tried to recall which routes the bee took and apply it to my answer. 
Q36qn1sdyeuj9vfy53b7ttbpfQ,unconstrained,29.0,"[[0, 7, 6, 2], [3, 5, 6, 7, 0]]",0.0,0.63,1,Fairly conscious/deliberative,Fully clear,Hard,Rather unconfident,Nothing was unclear or misleading. I just tried to recall which routes the bee took and apply it to my answer. 
Q36qn1sdyeuj9vfy53b7ttbpfQ,unconstrained,30.0,"[[4, 1, 7, 6, 2], [7, 6, 5, 3]]",0.0,0.936,0,Fairly conscious/deliberative,Fully clear,Hard,Rather unconfident,Nothing was unclear or misleading. I just tried to recall which routes the bee took and apply it to my answer. 
Q36qn1sdyeuj9vfy53b7ttbpfQ,unconstrained,31.0,"[[3, 5, 6, 2], [1, 7, 0]]",0.0,0.522,0,Fairly conscious/deliberative,Fully clear,Hard,Rather unconfident,Nothing was unclear or misleading. I just tried to recall which routes the bee took and apply it to my answer. 
Q36qn1sdyeuj9vfy53b7ttbpfQ,unconstrained,32.0,"[[0, 7, 6, 5], [4, 1, 7]]",1.0,0.599,1,Fairly conscious/deliberative,Fully clear,Hard,Rather unconfident,Nothing was unclear or misleading. I just tried to recall which routes the bee took and apply it to my answer. 
Q36qn1sdyeuj9vfy53b7ttbpfQ,unconstrained,33.0,"[[2, 6, 7, 0], [7, 1, 4]]",0.0,0.635,0,Fairly conscious/deliberative,Fully clear,Hard,Rather unconfident,Nothing was unclear or misleading. I just tried to recall which routes the bee took and apply it to my answer. 
Q36qn1sdyeuj9vfy53b7ttbpfQ,unconstrained,34.0,"[[4, 1, 7, 0], [6, 7, 1]]",1.0,0.612,1,Fairly conscious/deliberative,Fully clear,Hard,Rather unconfident,Nothing was unclear or misleading. I just tried to recall which routes the bee took and apply it to my answer. 
Q36qn1sdyeuj9vfy53b7ttbpfQ,unconstrained,35.0,"[[4, 1, 7, 6], [3, 5, 6]]",0.0,5.836,0,Fairly conscious/deliberative,Fully clear,Hard,Rather unconfident,Nothing was unclear or misleading. I just tried to recall which routes the bee took and apply it to my answer. 
Q36qn1sdyeuj9vfy53b7ttbpfQ,unconstrained,36.0,"[[5, 6, 2], [1, 7, 6, 5]]",1.0,1.009,0,Fairly conscious/deliberative,Fully clear,Hard,Rather unconfident,Nothing was unclear or misleading. I just tried to recall which routes the bee took and apply it to my answer. 
Q36qn1sdyeuj9vfy53b7ttbpfQ,unconstrained,37.0,"[[7, 6, 5], [4, 1, 7, 0]]",0.0,0.903,1,Fairly conscious/deliberative,Fully clear,Hard,Rather unconfident,Nothing was unclear or misleading. I just tried to recall which routes the bee took and apply it to my answer. 
Q36qn1sdyeuj9vfy53b7ttbpfQ,unconstrained,38.0,"[[1, 7, 0], [6, 7, 1, 4]]",1.0,0.635,0,Fairly conscious/deliberative,Fully clear,Hard,Rather unconfident,Nothing was unclear or misleading. I just tried to recall which routes the bee took and apply it to my answer. 
Q36qn1sdyeuj9vfy53b7ttbpfQ,unconstrained,39.0,"[[3, 5, 6, 2], [6, 7, 0]]",1.0,0.677,1,Fairly conscious/deliberative,Fully clear,Hard,Rather unconfident,Nothing was unclear or misleading. I just tried to recall which routes the bee took and apply it to my answer. 
Q36qn1sdyeuj9vfy53b7ttbpfQ,unconstrained,40.0,"[[0, 7, 1], [1, 7, 6, 2]]",1.0,1.95,0,Fairly conscious/deliberative,Fully clear,Hard,Rather unconfident,Nothing was unclear or misleading. I just tried to recall which routes the bee took and apply it to my answer. 
Q36qn1sdyeuj9vfy53b7ttbpfQ,unconstrained,41.0,"[[5, 6, 7, 0], [1, 7, 0]]",1.0,1.075,1,Fairly conscious/deliberative,Fully clear,Hard,Rather unconfident,Nothing was unclear or misleading. I just tried to recall which routes the bee took and apply it to my answer. 
Q36qn1sdyeuj9vfy53b7ttbpfQ,unconstrained,42.0,"[[2, 6, 5], [7, 6, 5, 3]]",1.0,6.919,0,Fairly conscious/deliberative,Fully clear,Hard,Rather unconfident,Nothing was unclear or misleading. I just tried to recall which routes the bee took and apply it to my answer. 
Q36qn1sdyeuj9vfy53b7ttbpfQ,unconstrained,43.0,"[[1, 7, 6, 2], [3, 5, 6, 7, 1]]",1.0,4.88,0,Fairly conscious/deliberative,Fully clear,Hard,Rather unconfident,Nothing was unclear or misleading. I just tried to recall which routes the bee took and apply it to my answer. 
Q36qn1sdyeuj9vfy53b7ttbpfQ,unconstrained,44.0,"[[7, 6, 5, 3], [2, 6, 7]]",1.0,2.366,1,Fairly conscious/deliberative,Fully clear,Hard,Rather unconfident,Nothing was unclear or misleading. I just tried to recall which routes the bee took and apply it to my answer. 
Q36qn1sdyeuj9vfy53b7ttbpfQ,unconstrained,45.0,"[[1, 7, 0], [0, 7, 6, 2]]",1.0,3.361,0,Fairly conscious/deliberative,Fully clear,Hard,Rather unconfident,Nothing was unclear or misleading. I just tried to recall which routes the bee took and apply it to my answer. 
Q36qn1sdyeuj9vfy53b7ttbpfQ,unconstrained,46.0,"[[0, 7, 6, 5, 3], [2, 6, 7, 1]]",1.0,12.192,1,Fairly conscious/deliberative,Fully clear,Hard,Rather unconfident,Nothing was unclear or misleading. I just tried to recall which routes the bee took and apply it to my answer. 
Q36qn1sdyeuj9vfy53b7ttbpfQ,unconstrained,47.0,"[[0, 7, 1, 4], [5, 6, 2]]",0.0,4.664,0,Fairly conscious/deliberative,Fully clear,Hard,Rather unconfident,Nothing was unclear or misleading. I just tried to recall which routes the bee took and apply it to my answer. 
Q36qn1sdyeuj9vfy53b7ttbpfQ,unconstrained,48.0,"[[6, 5, 3], [4, 1, 7, 6]]",0.0,2.082,1,Fairly conscious/deliberative,Fully clear,Hard,Rather unconfident,Nothing was unclear or misleading. I just tried to recall which routes the bee took and apply it to my answer. 
Q36qn1sdyeuj9vfy53b7ttbpfQ,unconstrained,49.0,"[[4, 1, 7], [1, 7, 6, 2]]",0.0,6.483,1,Fairly conscious/deliberative,Fully clear,Hard,Rather unconfident,Nothing was unclear or misleading. I just tried to recall which routes the bee took and apply it to my answer. 
Q36qn1sdyeuj9vfy53b7ttbpfQ,unconstrained,50.0,"[[7, 1, 4], [1, 7, 6, 5]]",0.0,2.793,1,Fairly conscious/deliberative,Fully clear,Hard,Rather unconfident,Nothing was unclear or misleading. I just tried to recall which routes the bee took and apply it to my answer. 
Q36qn1sdyeuj9vfy53b7ttbpfQ,unconstrained,51.0,"[[3, 5, 6, 7, 1], [3, 5, 6, 2]]",0.0,3.358,0,Fairly conscious/deliberative,Fully clear,Hard,Rather unconfident,Nothing was unclear or misleading. I just tried to recall which routes the bee took and apply it to my answer. 
Q36qn1sdyeuj9vfy53b7ttbpfQ,unconstrained,52.0,"[[5, 6, 7, 0], [1, 7, 6]]",1.0,7.163,1,Fairly conscious/deliberative,Fully clear,Hard,Rather unconfident,Nothing was unclear or misleading. I just tried to recall which routes the bee took and apply it to my answer. 
Q36qn1sdyeuj9vfy53b7ttbpfQ,unconstrained,53.0,"[[6, 7, 0], [4, 1, 7, 0]]",1.0,1.965,0,Fairly conscious/deliberative,Fully clear,Hard,Rather unconfident,Nothing was unclear or misleading. I just tried to recall which routes the bee took and apply it to my answer. 
Q36qn1sdyeuj9vfy53b7ttbpfQ,unconstrained,54.0,"[[2, 6, 5], [4, 1, 7, 6]]",0.0,3.215,1,Fairly conscious/deliberative,Fully clear,Hard,Rather unconfident,Nothing was unclear or misleading. I just tried to recall which routes the bee took and apply it to my answer. 
Q36qn1sdyeuj9vfy53b7ttbpfQ,unconstrained,55.0,"[[4, 1, 7, 0], [7, 6, 2]]",0.0,1.191,0,Fairly conscious/deliberative,Fully clear,Hard,Rather unconfident,Nothing was unclear or misleading. I just tried to recall which routes the bee took and apply it to my answer. 
Q36qn1sdyeuj9vfy53b7ttbpfQ,unconstrained,56.0,"[[1, 7, 6], [1, 7, 6, 2]]",1.0,1.941,0,Fairly conscious/deliberative,Fully clear,Hard,Rather unconfident,Nothing was unclear or misleading. I just tried to recall which routes the bee took and apply it to my answer. 
Q36qn1sdyeuj9vfy53b7ttbpfQ,unconstrained,57.0,"[[2, 6, 5, 3], [4, 1, 7]]",0.0,6.184,0,Fairly conscious/deliberative,Fully clear,Hard,Rather unconfident,Nothing was unclear or misleading. I just tried to recall which routes the bee took and apply it to my answer. 
Q36qn1sdyeuj9vfy53b7ttbpfQ,unconstrained,58.0,"[[6, 7, 1, 4], [4, 1, 7, 6, 5]]",0.0,2.528,1,Fairly conscious/deliberative,Fully clear,Hard,Rather unconfident,Nothing was unclear or misleading. I just tried to recall which routes the bee took and apply it to my answer. 
Q36qn1sdyeuj9vfy53b7ttbpfQ,unconstrained,59.0,"[[3, 5, 6, 7, 0], [6, 7, 1, 4]]",0.0,2.246,0,Fairly conscious/deliberative,Fully clear,Hard,Rather unconfident,Nothing was unclear or misleading. I just tried to recall which routes the bee took and apply it to my answer. 
Q36qn1sdyeuj9vfy53b7ttbpfQ,unconstrained,60.0,"[[5, 6, 7], [3, 5, 6, 2]]",0.0,2.489,1,Fairly conscious/deliberative,Fully clear,Hard,Rather unconfident,Nothing was unclear or misleading. I just tried to recall which routes the bee took and apply it to my answer. 
Q36qn1sdyeuj9vfy53b7ttbpfQ,unconstrained,61.0,"[[5, 6, 7], [2, 6, 7, 1]]",1.0,1.973,0,Fairly conscious/deliberative,Fully clear,Hard,Rather unconfident,Nothing was unclear or misleading. I just tried to recall which routes the bee took and apply it to my answer. 
Q36qn1sdyeuj9vfy53b7ttbpfQ,unconstrained,62.0,"[[4, 1, 7, 6, 5], [3, 5, 6, 7]]",1.0,1.383,1,Fairly conscious/deliberative,Fully clear,Hard,Rather unconfident,Nothing was unclear or misleading. I just tried to recall which routes the bee took and apply it to my answer. 
Q36qn1sdyeuj9vfy53b7ttbpfQ,unconstrained,63.0,"[[1, 7, 6, 5], [6, 5, 3]]",0.0,0.529,0,Fairly conscious/deliberative,Fully clear,Hard,Rather unconfident,Nothing was unclear or misleading. I just tried to recall which routes the bee took and apply it to my answer. 
Q36qn1sdyeuj9vfy53b7ttbpfQ,unconstrained,64.0,"[[6, 5, 3], [0, 7, 1, 4]]",1.0,7.88,0,Fairly conscious/deliberative,Fully clear,Hard,Rather unconfident,Nothing was unclear or misleading. I just tried to recall which routes the bee took and apply it to my answer. 
Q3ffdlj86ecxfcs8mpqzvobsmQ,unconstrained,0.0,"[[0, 7, 6, 5, 3], [4, 1, 7, 6]]",1.0,113.316,1,Fairly conscious/deliberative,Somewhat clear,Hard,Rather confident,I just tried to remember the bee paths in yesterday's study and tried to find which one has the least stopovers among the various options.
Q3ffdlj86ecxfcs8mpqzvobsmQ,unconstrained,1.0,"[[7, 6, 5], [4, 1, 7, 0]]",1.0,40.658,0,Fairly conscious/deliberative,Somewhat clear,Hard,Rather confident,I just tried to remember the bee paths in yesterday's study and tried to find which one has the least stopovers among the various options.
Q3ffdlj86ecxfcs8mpqzvobsmQ,unconstrained,2.0,"[[5, 6, 7, 1, 4], [0, 7, 1, 4]]",1.0,148.731,1,Fairly conscious/deliberative,Somewhat clear,Hard,Rather confident,I just tried to remember the bee paths in yesterday's study and tried to find which one has the least stopovers among the various options.
Q3ffdlj86ecxfcs8mpqzvobsmQ,unconstrained,3.0,"[[2, 6, 7], [1, 7, 6, 5]]",1.0,33.678,0,Fairly conscious/deliberative,Somewhat clear,Hard,Rather confident,I just tried to remember the bee paths in yesterday's study and tried to find which one has the least stopovers among the various options.
Q3ffdlj86ecxfcs8mpqzvobsmQ,unconstrained,4.0,"[[2, 6, 7, 1], [2, 6, 5]]",1.0,12.885,1,Fairly conscious/deliberative,Somewhat clear,Hard,Rather confident,I just tried to remember the bee paths in yesterday's study and tried to find which one has the least stopovers among the various options.
Q3ffdlj86ecxfcs8mpqzvobsmQ,unconstrained,5.0,"[[3, 5, 6, 2], [2, 6, 5]]",1.0,11.84,1,Fairly conscious/deliberative,Somewhat clear,Hard,Rather confident,I just tried to remember the bee paths in yesterday's study and tried to find which one has the least stopovers among the various options.
Q3ffdlj86ecxfcs8mpqzvobsmQ,unconstrained,6.0,"[[0, 7, 6], [2, 6, 5, 3]]",0.0,39.477,1,Fairly conscious/deliberative,Somewhat clear,Hard,Rather confident,I just tried to remember the bee paths in yesterday's study and tried to find which one has the least stopovers among the various options.
Q3ffdlj86ecxfcs8mpqzvobsmQ,unconstrained,7.0,"[[0, 7, 6, 2], [3, 5, 6, 7, 0]]",0.0,36.793,1,Fairly conscious/deliberative,Somewhat clear,Hard,Rather confident,I just tried to remember the bee paths in yesterday's study and tried to find which one has the least stopovers among the various options.
Q3ffdlj86ecxfcs8mpqzvobsmQ,unconstrained,8.0,"[[4, 1, 7, 6, 5], [7, 6, 5, 3]]",1.0,52.58,1,Fairly conscious/deliberative,Somewhat clear,Hard,Rather confident,I just tried to remember the bee paths in yesterday's study and tried to find which one has the least stopovers among the various options.
Q3ffdlj86ecxfcs8mpqzvobsmQ,unconstrained,9.0,"[[0, 7, 1, 4], [2, 6, 7, 1, 4]]",1.0,37.433,0,Fairly conscious/deliberative,Somewhat clear,Hard,Rather confident,I just tried to remember the bee paths in yesterday's study and tried to find which one has the least stopovers among the various options.
Q3ffdlj86ecxfcs8mpqzvobsmQ,unconstrained,10.0,"[[5, 6, 7, 1], [0, 7, 1]]",1.0,88.751,1,Fairly conscious/deliberative,Somewhat clear,Hard,Rather confident,I just tried to remember the bee paths in yesterday's study and tried to find which one has the least stopovers among the various options.
Q3ffdlj86ecxfcs8mpqzvobsmQ,unconstrained,11.0,"[[7, 6, 2], [6, 7, 1, 4]]",1.0,33.711,0,Fairly conscious/deliberative,Somewhat clear,Hard,Rather confident,I just tried to remember the bee paths in yesterday's study and tried to find which one has the least stopovers among the various options.
Q3ffdlj86ecxfcs8mpqzvobsmQ,unconstrained,12.0,"[[2, 6, 7, 1], [1, 7, 6, 5, 3]]",1.0,69.097,0,Fairly conscious/deliberative,Somewhat clear,Hard,Rather confident,I just tried to remember the bee paths in yesterday's study and tried to find which one has the least stopovers among the various options.
Q3ffdlj86ecxfcs8mpqzvobsmQ,unconstrained,13.0,"[[0, 7, 6], [4, 1, 7, 0]]",1.0,51.138,0,Fairly conscious/deliberative,Somewhat clear,Hard,Rather confident,I just tried to remember the bee paths in yesterday's study and tried to find which one has the least stopovers among the various options.
Q3ffdlj86ecxfcs8mpqzvobsmQ,unconstrained,14.0,"[[3, 5, 6, 2], [1, 7, 6, 5, 3]]",1.0,28.355,0,Fairly conscious/deliberative,Somewhat clear,Hard,Rather confident,I just tried to remember the bee paths in yesterday's study and tried to find which one has the least stopovers among the various options.
Q3ffdlj86ecxfcs8mpqzvobsmQ,unconstrained,15.0,"[[6, 5, 3], [0, 7, 1, 4]]",1.0,86.711,0,Fairly conscious/deliberative,Somewhat clear,Hard,Rather confident,I just tried to remember the bee paths in yesterday's study and tried to find which one has the least stopovers among the various options.
Q3ffdlj86ecxfcs8mpqzvobsmQ,unconstrained,16.0,"[[3, 5, 6], [0, 7, 6, 2]]",1.0,26.602,0,Fairly conscious/deliberative,Somewhat clear,Hard,Rather confident,I just tried to remember the bee paths in yesterday's study and tried to find which one has the least stopovers among the various options.
Q3ffdlj86ecxfcs8mpqzvobsmQ,unconstrained,17.0,"[[0, 7, 6, 5], [7, 6, 5]]",1.0,15.463,1,Fairly conscious/deliberative,Somewhat clear,Hard,Rather confident,I just tried to remember the bee paths in yesterday's study and tried to find which one has the least stopovers among the various options.
Q3ffdlj86ecxfcs8mpqzvobsmQ,unconstrained,18.0,"[[0, 7, 6, 5], [6, 7, 1]]",1.0,35.375,1,Fairly conscious/deliberative,Somewhat clear,Hard,Rather confident,I just tried to remember the bee paths in yesterday's study and tried to find which one has the least stopovers among the various options.
Q3ffdlj86ecxfcs8mpqzvobsmQ,unconstrained,19.0,"[[6, 7, 1, 4], [6, 5, 3]]",0.0,53.496,0,Fairly conscious/deliberative,Somewhat clear,Hard,Rather confident,I just tried to remember the bee paths in yesterday's study and tried to find which one has the least stopovers among the various options.
Q3ffdlj86ecxfcs8mpqzvobsmQ,unconstrained,20.0,"[[3, 5, 6, 2], [1, 7, 0]]",1.0,222.963,1,Fairly conscious/deliberative,Somewhat clear,Hard,Rather confident,I just tried to remember the bee paths in yesterday's study and tried to find which one has the least stopovers among the various options.
Q3ffdlj86ecxfcs8mpqzvobsmQ,unconstrained,21.0,"[[0, 7, 1], [1, 7, 6, 2]]",1.0,46.661,0,Fairly conscious/deliberative,Somewhat clear,Hard,Rather confident,I just tried to remember the bee paths in yesterday's study and tried to find which one has the least stopovers among the various options.
Q3ffdlj86ecxfcs8mpqzvobsmQ,unconstrained,22.0,"[[5, 6, 7, 1], [6, 7, 1]]",1.0,48.628,1,Fairly conscious/deliberative,Somewhat clear,Hard,Rather confident,I just tried to remember the bee paths in yesterday's study and tried to find which one has the least stopovers among the various options.
Q3ffdlj86ecxfcs8mpqzvobsmQ,unconstrained,23.0,"[[7, 6, 2], [4, 1, 7, 0]]",1.0,43.247,0,Fairly conscious/deliberative,Somewhat clear,Hard,Rather confident,I just tried to remember the bee paths in yesterday's study and tried to find which one has the least stopovers among the various options.
Q3ffdlj86ecxfcs8mpqzvobsmQ,unconstrained,24.0,"[[3, 5, 6], [5, 6, 7, 1]]",1.0,25.234,0,Fairly conscious/deliberative,Somewhat clear,Hard,Rather confident,I just tried to remember the bee paths in yesterday's study and tried to find which one has the least stopovers among the various options.
Q3ffdlj86ecxfcs8mpqzvobsmQ,unconstrained,25.0,"[[6, 7, 1], [3, 5, 6, 2]]",1.0,24.652,0,Fairly conscious/deliberative,Somewhat clear,Hard,Rather confident,I just tried to remember the bee paths in yesterday's study and tried to find which one has the least stopovers among the various options.
Q3ffdlj86ecxfcs8mpqzvobsmQ,unconstrained,26.0,"[[1, 7, 6, 5], [2, 6, 5]]",1.0,148.625,1,Fairly conscious/deliberative,Somewhat clear,Hard,Rather confident,I just tried to remember the bee paths in yesterday's study and tried to find which one has the least stopovers among the various options.
Q3ffdlj86ecxfcs8mpqzvobsmQ,unconstrained,27.0,"[[2, 6, 5], [6, 7, 1, 4]]",1.0,52.096,0,Fairly conscious/deliberative,Somewhat clear,Hard,Rather confident,I just tried to remember the bee paths in yesterday's study and tried to find which one has the least stopovers among the various options.
Q3ffdlj86ecxfcs8mpqzvobsmQ,unconstrained,28.0,"[[4, 1, 7, 6], [4, 1, 7, 6, 5]]",1.0,32.93,0,Fairly conscious/deliberative,Somewhat clear,Hard,Rather confident,I just tried to remember the bee paths in yesterday's study and tried to find which one has the least stopovers among the various options.
Q3ffdlj86ecxfcs8mpqzvobsmQ,unconstrained,29.0,"[[6, 7, 1], [1, 7, 6, 2]]",1.0,24.198,0,Fairly conscious/deliberative,Somewhat clear,Hard,Rather confident,I just tried to remember the bee paths in yesterday's study and tried to find which one has the least stopovers among the various options.
Q3ffdlj86ecxfcs8mpqzvobsmQ,unconstrained,30.0,"[[7, 1, 4], [5, 6, 7, 1]]",0.0,101.226,1,Fairly conscious/deliberative,Somewhat clear,Hard,Rather confident,I just tried to remember the bee paths in yesterday's study and tried to find which one has the least stopovers among the various options.
Q3ffdlj86ecxfcs8mpqzvobsmQ,unconstrained,31.0,"[[0, 7, 6, 2], [0, 7, 1]]",1.0,32.565,1,Fairly conscious/deliberative,Somewhat clear,Hard,Rather confident,I just tried to remember the bee paths in yesterday's study and tried to find which one has the least stopovers among the various options.
Q3ffdlj86ecxfcs8mpqzvobsmQ,unconstrained,32.0,"[[3, 5, 6, 2], [4, 1, 7]]",1.0,25.782,1,Fairly conscious/deliberative,Somewhat clear,Hard,Rather confident,I just tried to remember the bee paths in yesterday's study and tried to find which one has the least stopovers among the various options.
Q3ffdlj86ecxfcs8mpqzvobsmQ,unconstrained,33.0,"[[1, 7, 6, 2], [6, 5, 3]]",1.0,24.035,1,Fairly conscious/deliberative,Somewhat clear,Hard,Rather confident,I just tried to remember the bee paths in yesterday's study and tried to find which one has the least stopovers among the various options.
Q3ffdlj86ecxfcs8mpqzvobsmQ,unconstrained,34.0,"[[0, 7, 6, 2], [7, 1, 4]]",1.0,27.806,1,Fairly conscious/deliberative,Somewhat clear,Hard,Rather confident,I just tried to remember the bee paths in yesterday's study and tried to find which one has the least stopovers among the various options.
Q3ffdlj86ecxfcs8mpqzvobsmQ,unconstrained,35.0,"[[7, 6, 5], [1, 7, 6, 5]]",1.0,38.983,0,Fairly conscious/deliberative,Somewhat clear,Hard,Rather confident,I just tried to remember the bee paths in yesterday's study and tried to find which one has the least stopovers among the various options.
Q3ffdlj86ecxfcs8mpqzvobsmQ,unconstrained,36.0,"[[3, 5, 6, 7], [4, 1, 7, 6, 2]]",1.0,32.345,0,Fairly conscious/deliberative,Somewhat clear,Hard,Rather confident,I just tried to remember the bee paths in yesterday's study and tried to find which one has the least stopovers among the various options.
Q3ffdlj86ecxfcs8mpqzvobsmQ,unconstrained,37.0,"[[7, 6, 5, 3], [5, 6, 7, 1, 4]]",1.0,34.095,0,Fairly conscious/deliberative,Somewhat clear,Hard,Rather confident,I just tried to remember the bee paths in yesterday's study and tried to find which one has the least stopovers among the various options.
Q3ffdlj86ecxfcs8mpqzvobsmQ,unconstrained,38.0,"[[5, 6, 2], [3, 5, 6, 7]]",1.0,10.949,0,Fairly conscious/deliberative,Somewhat clear,Hard,Rather confident,I just tried to remember the bee paths in yesterday's study and tried to find which one has the least stopovers among the various options.
Q3ffdlj86ecxfcs8mpqzvobsmQ,unconstrained,39.0,"[[4, 1, 7, 6], [5, 6, 7]]",1.0,34.448,1,Fairly conscious/deliberative,Somewhat clear,Hard,Rather confident,I just tried to remember the bee paths in yesterday's study and tried to find which one has the least stopovers among the various options.
Q3ffdlj86ecxfcs8mpqzvobsmQ,unconstrained,40.0,"[[1, 7, 6, 5, 3], [6, 7, 1, 4]]",1.0,33.051,1,Fairly conscious/deliberative,Somewhat clear,Hard,Rather confident,I just tried to remember the bee paths in yesterday's study and tried to find which one has the least stopovers among the various options.
Q3ffdlj86ecxfcs8mpqzvobsmQ,unconstrained,41.0,"[[1, 7, 6], [0, 7, 1, 4]]",1.0,43.276,0,Fairly conscious/deliberative,Somewhat clear,Hard,Rather confident,I just tried to remember the bee paths in yesterday's study and tried to find which one has the least stopovers among the various options.
Q3ffdlj86ecxfcs8mpqzvobsmQ,unconstrained,42.0,"[[2, 6, 7], [1, 7, 6, 2]]",1.0,37.015,0,Fairly conscious/deliberative,Somewhat clear,Hard,Rather confident,I just tried to remember the bee paths in yesterday's study and tried to find which one has the least stopovers among the various options.
Q3ffdlj86ecxfcs8mpqzvobsmQ,unconstrained,43.0,"[[1, 7, 6, 2], [1, 7, 0]]",1.0,29.783,1,Fairly conscious/deliberative,Somewhat clear,Hard,Rather confident,I just tried to remember the bee paths in yesterday's study and tried to find which one has the least stopovers among the various options.
Q3ffdlj86ecxfcs8mpqzvobsmQ,unconstrained,44.0,"[[2, 6, 7, 0], [7, 6, 5]]",1.0,24.643,1,Fairly conscious/deliberative,Somewhat clear,Hard,Rather confident,I just tried to remember the bee paths in yesterday's study and tried to find which one has the least stopovers among the various options.
Q3ffdlj86ecxfcs8mpqzvobsmQ,unconstrained,45.0,"[[7, 6, 5], [2, 6, 7, 1]]",1.0,53.278,0,Fairly conscious/deliberative,Somewhat clear,Hard,Rather confident,I just tried to remember the bee paths in yesterday's study and tried to find which one has the least stopovers among the various options.
Q3ffdlj86ecxfcs8mpqzvobsmQ,unconstrained,46.0,"[[4, 1, 7], [1, 7, 6, 2]]",1.0,31.586,0,Fairly conscious/deliberative,Somewhat clear,Hard,Rather confident,I just tried to remember the bee paths in yesterday's study and tried to find which one has the least stopovers among the various options.
Q3ffdlj86ecxfcs8mpqzvobsmQ,unconstrained,47.0,"[[2, 6, 7, 1, 4], [3, 5, 6, 2]]",1.0,29.826,1,Fairly conscious/deliberative,Somewhat clear,Hard,Rather confident,I just tried to remember the bee paths in yesterday's study and tried to find which one has the least stopovers among the various options.
Q3ffdlj86ecxfcs8mpqzvobsmQ,unconstrained,48.0,"[[2, 6, 7, 1, 4], [4, 1, 7, 6, 5, 3]]",1.0,29.044,0,Fairly conscious/deliberative,Somewhat clear,Hard,Rather confident,I just tried to remember the bee paths in yesterday's study and tried to find which one has the least stopovers among the various options.
Q3ffdlj86ecxfcs8mpqzvobsmQ,unconstrained,49.0,"[[7, 6, 2], [6, 7, 1, 4]]",1.0,27.765,0,Fairly conscious/deliberative,Somewhat clear,Hard,Rather confident,I just tried to remember the bee paths in yesterday's study and tried to find which one has the least stopovers among the various options.
Q3ffdlj86ecxfcs8mpqzvobsmQ,unconstrained,50.0,"[[4, 1, 7, 6, 2], [5, 6, 7, 0]]",1.0,35.015,1,Fairly conscious/deliberative,Somewhat clear,Hard,Rather confident,I just tried to remember the bee paths in yesterday's study and tried to find which one has the least stopovers among the various options.
Q3ffdlj86ecxfcs8mpqzvobsmQ,unconstrained,51.0,"[[5, 6, 7, 0], [6, 7, 0]]",1.0,30.182,1,Fairly conscious/deliberative,Somewhat clear,Hard,Rather confident,I just tried to remember the bee paths in yesterday's study and tried to find which one has the least stopovers among the various options.
Q3ffdlj86ecxfcs8mpqzvobsmQ,unconstrained,52.0,"[[7, 6, 2], [0, 7, 1, 4]]",1.0,33.844,0,Fairly conscious/deliberative,Somewhat clear,Hard,Rather confident,I just tried to remember the bee paths in yesterday's study and tried to find which one has the least stopovers among the various options.
Q3ffdlj86ecxfcs8mpqzvobsmQ,unconstrained,53.0,"[[3, 5, 6, 7, 1], [5, 6, 7, 1]]",1.0,26.181,1,Fairly conscious/deliberative,Somewhat clear,Hard,Rather confident,I just tried to remember the bee paths in yesterday's study and tried to find which one has the least stopovers among the various options.
Q3ffdlj86ecxfcs8mpqzvobsmQ,unconstrained,54.0,"[[2, 6, 7, 1], [4, 1, 7]]",1.0,24.432,1,Fairly conscious/deliberative,Somewhat clear,Hard,Rather confident,I just tried to remember the bee paths in yesterday's study and tried to find which one has the least stopovers among the various options.
Q3ffdlj86ecxfcs8mpqzvobsmQ,unconstrained,55.0,"[[5, 6, 2], [0, 7, 6, 5]]",1.0,26.398,0,Fairly conscious/deliberative,Somewhat clear,Hard,Rather confident,I just tried to remember the bee paths in yesterday's study and tried to find which one has the least stopovers among the various options.
Q3ffdlj86ecxfcs8mpqzvobsmQ,unconstrained,56.0,"[[7, 1, 4], [5, 6, 7, 0]]",1.0,26.31,0,Fairly conscious/deliberative,Somewhat clear,Hard,Rather confident,I just tried to remember the bee paths in yesterday's study and tried to find which one has the least stopovers among the various options.
Q3ffdlj86ecxfcs8mpqzvobsmQ,unconstrained,57.0,"[[2, 6, 7], [7, 6, 5, 3]]",1.0,25.965,0,Fairly conscious/deliberative,Somewhat clear,Hard,Rather confident,I just tried to remember the bee paths in yesterday's study and tried to find which one has the least stopovers among the various options.
Q3ffdlj86ecxfcs8mpqzvobsmQ,unconstrained,58.0,"[[2, 6, 7, 1], [3, 5, 6, 7, 0]]",1.0,23.597,0,Fairly conscious/deliberative,Somewhat clear,Hard,Rather confident,I just tried to remember the bee paths in yesterday's study and tried to find which one has the least stopovers among the various options.
Q3ffdlj86ecxfcs8mpqzvobsmQ,unconstrained,59.0,"[[3, 5, 6, 2], [5, 6, 7]]",1.0,28.761,1,Fairly conscious/deliberative,Somewhat clear,Hard,Rather confident,I just tried to remember the bee paths in yesterday's study and tried to find which one has the least stopovers among the various options.
Q3ffdlj86ecxfcs8mpqzvobsmQ,unconstrained,60.0,"[[0, 7, 1, 4], [2, 6, 5]]",1.0,26.481,1,Fairly conscious/deliberative,Somewhat clear,Hard,Rather confident,I just tried to remember the bee paths in yesterday's study and tried to find which one has the least stopovers among the various options.
Q3ffdlj86ecxfcs8mpqzvobsmQ,unconstrained,61.0,"[[1, 7, 6, 5], [4, 1, 7]]",1.0,35.581,1,Fairly conscious/deliberative,Somewhat clear,Hard,Rather confident,I just tried to remember the bee paths in yesterday's study and tried to find which one has the least stopovers among the various options.
Q3ffdlj86ecxfcs8mpqzvobsmQ,unconstrained,62.0,"[[4, 1, 7, 6], [1, 7, 0]]",1.0,30.223,1,Fairly conscious/deliberative,Somewhat clear,Hard,Rather confident,I just tried to remember the bee paths in yesterday's study and tried to find which one has the least stopovers among the various options.
Q3ffdlj86ecxfcs8mpqzvobsmQ,unconstrained,63.0,"[[3, 5, 6], [4, 1, 7, 6]]",1.0,34.219,0,Fairly conscious/deliberative,Somewhat clear,Hard,Rather confident,I just tried to remember the bee paths in yesterday's study and tried to find which one has the least stopovers among the various options.
Q3ffdlj86ecxfcs8mpqzvobsmQ,unconstrained,64.0,"[[5, 6, 7, 0], [1, 7, 0]]",1.0,23.882,1,Fairly conscious/deliberative,Somewhat clear,Hard,Rather confident,I just tried to remember the bee paths in yesterday's study and tried to find which one has the least stopovers among the various options.
Q4cb347l5qkkge30l7xbtg7e6Q,unconstrained,0.0,"[[2, 6, 7, 1, 4], [3, 5, 6, 7, 1, 4]]",1.0,41.759,0,Fully conscious/deliberative,Fully clear,Quite easy,Confident,nothing
Q4cb347l5qkkge30l7xbtg7e6Q,unconstrained,1.0,"[[0, 7, 1], [0, 7, 6, 2]]",1.0,14.484,0,Fully conscious/deliberative,Fully clear,Quite easy,Confident,nothing
Q4cb347l5qkkge30l7xbtg7e6Q,unconstrained,2.0,"[[2, 6, 5], [4, 1, 7, 6]]",0.0,9.787,1,Fully conscious/deliberative,Fully clear,Quite easy,Confident,nothing
Q4cb347l5qkkge30l7xbtg7e6Q,unconstrained,3.0,"[[4, 1, 7, 6], [3, 5, 6]]",0.0,13.026,0,Fully conscious/deliberative,Fully clear,Quite easy,Confident,nothing
Q4cb347l5qkkge30l7xbtg7e6Q,unconstrained,4.0,"[[1, 7, 6], [1, 7, 6, 2]]",1.0,8.993,0,Fully conscious/deliberative,Fully clear,Quite easy,Confident,nothing
Q4cb347l5qkkge30l7xbtg7e6Q,unconstrained,5.0,"[[4, 1, 7, 6], [7, 6, 5]]",0.0,11.416,0,Fully conscious/deliberative,Fully clear,Quite easy,Confident,nothing
Q4cb347l5qkkge30l7xbtg7e6Q,unconstrained,6.0,"[[7, 1, 4], [2, 6, 7, 1]]",1.0,271.715,0,Fully conscious/deliberative,Fully clear,Quite easy,Confident,nothing
Q4cb347l5qkkge30l7xbtg7e6Q,unconstrained,7.0,"[[6, 5, 3], [5, 6, 7, 1]]",1.0,84.012,0,Fully conscious/deliberative,Fully clear,Quite easy,Confident,nothing
Q4cb347l5qkkge30l7xbtg7e6Q,unconstrained,8.0,"[[5, 6, 7], [1, 7, 6, 5]]",1.0,0.204,0,Fully conscious/deliberative,Fully clear,Quite easy,Confident,nothing
Q4cb347l5qkkge30l7xbtg7e6Q,unconstrained,9.0,"[[0, 7, 6], [5, 6, 7, 0]]",1.0,2.93,0,Fully conscious/deliberative,Fully clear,Quite easy,Confident,nothing
Q4cb347l5qkkge30l7xbtg7e6Q,unconstrained,10.0,"[[3, 5, 6, 2], [0, 7, 6]]",1.0,2.911,1,Fully conscious/deliberative,Fully clear,Quite easy,Confident,nothing
Q4cb347l5qkkge30l7xbtg7e6Q,unconstrained,11.0,"[[4, 1, 7, 0], [6, 5, 3]]",0.0,1.496,0,Fully conscious/deliberative,Fully clear,Quite easy,Confident,nothing
Q4cb347l5qkkge30l7xbtg7e6Q,unconstrained,12.0,"[[4, 1, 7, 6], [2, 6, 7]]",0.0,3.398,0,Fully conscious/deliberative,Fully clear,Quite easy,Confident,nothing
Q4cb347l5qkkge30l7xbtg7e6Q,unconstrained,13.0,"[[5, 6, 2], [0, 7, 1, 4]]",0.0,3.308,1,Fully conscious/deliberative,Fully clear,Quite easy,Confident,nothing
Q4cb347l5qkkge30l7xbtg7e6Q,unconstrained,14.0,"[[2, 6, 7, 0], [7, 1, 4]]",1.0,5.213,1,Fully conscious/deliberative,Fully clear,Quite easy,Confident,nothing
Q4cb347l5qkkge30l7xbtg7e6Q,unconstrained,15.0,"[[2, 6, 7, 0], [5, 6, 7]]",1.0,2.686,1,Fully conscious/deliberative,Fully clear,Quite easy,Confident,nothing
Q4cb347l5qkkge30l7xbtg7e6Q,unconstrained,16.0,"[[1, 7, 6, 5, 3], [5, 6, 7, 1]]",0.0,5.683,0,Fully conscious/deliberative,Fully clear,Quite easy,Confident,nothing
Q4cb347l5qkkge30l7xbtg7e6Q,unconstrained,17.0,"[[2, 6, 5], [3, 5, 6, 2]]",1.0,8.044,0,Fully conscious/deliberative,Fully clear,Quite easy,Confident,nothing
Q4cb347l5qkkge30l7xbtg7e6Q,unconstrained,18.0,"[[7, 6, 2], [5, 6, 7, 1]]",1.0,0.973,0,Fully conscious/deliberative,Fully clear,Quite easy,Confident,nothing
Q4cb347l5qkkge30l7xbtg7e6Q,unconstrained,19.0,"[[5, 6, 7, 0], [0, 7, 1]]",1.0,4.223,1,Fully conscious/deliberative,Fully clear,Quite easy,Confident,nothing
Q4cb347l5qkkge30l7xbtg7e6Q,unconstrained,20.0,"[[4, 1, 7, 6], [3, 5, 6]]",0.0,1.868,0,Fully conscious/deliberative,Fully clear,Quite easy,Confident,nothing
Q4cb347l5qkkge30l7xbtg7e6Q,unconstrained,21.0,"[[0, 7, 1], [1, 7, 6, 2]]",1.0,2.083,0,Fully conscious/deliberative,Fully clear,Quite easy,Confident,nothing
Q4cb347l5qkkge30l7xbtg7e6Q,unconstrained,22.0,"[[2, 6, 7, 1], [1, 7, 6, 5, 3]]",1.0,3.496,0,Fully conscious/deliberative,Fully clear,Quite easy,Confident,nothing
Q4cb347l5qkkge30l7xbtg7e6Q,unconstrained,23.0,"[[2, 6, 7, 1], [0, 7, 1]]",1.0,6.671,1,Fully conscious/deliberative,Fully clear,Quite easy,Confident,nothing
Q4cb347l5qkkge30l7xbtg7e6Q,unconstrained,24.0,"[[2, 6, 5], [2, 6, 7, 1]]",1.0,11.028,0,Fully conscious/deliberative,Fully clear,Quite easy,Confident,nothing
Q4cb347l5qkkge30l7xbtg7e6Q,unconstrained,25.0,"[[6, 7, 1, 4], [7, 6, 2]]",0.0,2.192,0,Fully conscious/deliberative,Fully clear,Quite easy,Confident,nothing
Q4cb347l5qkkge30l7xbtg7e6Q,unconstrained,26.0,"[[3, 5, 6, 7], [5, 6, 7, 1, 4]]",0.0,19.428,1,Fully conscious/deliberative,Fully clear,Quite easy,Confident,nothing
Q4cb347l5qkkge30l7xbtg7e6Q,unconstrained,27.0,"[[7, 6, 5, 3], [2, 6, 7]]",1.0,2.639,1,Fully conscious/deliberative,Fully clear,Quite easy,Confident,nothing
Q4cb347l5qkkge30l7xbtg7e6Q,unconstrained,28.0,"[[7, 1, 4], [1, 7, 6, 5]]",0.0,4.305,1,Fully conscious/deliberative,Fully clear,Quite easy,Confident,nothing
Q4cb347l5qkkge30l7xbtg7e6Q,unconstrained,29.0,"[[4, 1, 7, 6], [3, 5, 6, 7, 0]]",1.0,1.694,0,Fully conscious/deliberative,Fully clear,Quite easy,Confident,nothing
Q4cb347l5qkkge30l7xbtg7e6Q,unconstrained,30.0,"[[7, 1, 4], [0, 7, 6, 5]]",1.0,7.001,0,Fully conscious/deliberative,Fully clear,Quite easy,Confident,nothing
Q4cb347l5qkkge30l7xbtg7e6Q,unconstrained,31.0,"[[3, 5, 6, 2], [2, 6, 7, 1, 4]]",0.0,5.249,1,Fully conscious/deliberative,Fully clear,Quite easy,Confident,nothing
Q4cb347l5qkkge30l7xbtg7e6Q,unconstrained,32.0,"[[4, 1, 7], [1, 7, 6, 2]]",1.0,1.472,0,Fully conscious/deliberative,Fully clear,Quite easy,Confident,nothing
Q4cb347l5qkkge30l7xbtg7e6Q,unconstrained,33.0,"[[1, 7, 6, 5], [1, 7, 6]]",1.0,2.55,1,Fully conscious/deliberative,Fully clear,Quite easy,Confident,nothing
Q4cb347l5qkkge30l7xbtg7e6Q,unconstrained,34.0,"[[3, 5, 6, 7], [4, 1, 7, 6, 5]]",0.0,10.688,1,Fully conscious/deliberative,Fully clear,Quite easy,Confident,nothing
Q4cb347l5qkkge30l7xbtg7e6Q,unconstrained,35.0,"[[0, 7, 1, 4], [2, 6, 7]]",0.0,1.742,0,Fully conscious/deliberative,Fully clear,Quite easy,Confident,nothing
Q4cb347l5qkkge30l7xbtg7e6Q,unconstrained,36.0,"[[1, 7, 0], [1, 7, 6, 5]]",1.0,1.987,0,Fully conscious/deliberative,Fully clear,Quite easy,Confident,nothing
Q4cb347l5qkkge30l7xbtg7e6Q,unconstrained,37.0,"[[0, 7, 1, 4], [7, 6, 5]]",0.0,38.145,0,Fully conscious/deliberative,Fully clear,Quite easy,Confident,nothing
Q4cb347l5qkkge30l7xbtg7e6Q,unconstrained,38.0,"[[0, 7, 1, 4], [2, 6, 7, 1, 4]]",1.0,4.062,0,Fully conscious/deliberative,Fully clear,Quite easy,Confident,nothing
Q4cb347l5qkkge30l7xbtg7e6Q,unconstrained,39.0,"[[6, 7, 1, 4], [3, 5, 6, 7, 1]]",1.0,1.989,0,Fully conscious/deliberative,Fully clear,Quite easy,Confident,nothing
Q4cb347l5qkkge30l7xbtg7e6Q,unconstrained,40.0,"[[1, 7, 6, 5], [2, 6, 5]]",0.0,4.35,0,Fully conscious/deliberative,Fully clear,Quite easy,Confident,nothing
Q4cb347l5qkkge30l7xbtg7e6Q,unconstrained,41.0,"[[4, 1, 7, 0], [6, 7, 0]]",0.0,2.002,0,Fully conscious/deliberative,Fully clear,Quite easy,Confident,nothing
Q4cb347l5qkkge30l7xbtg7e6Q,unconstrained,42.0,"[[2, 6, 5], [0, 7, 6, 5]]",1.0,7.079,0,Fully conscious/deliberative,Fully clear,Quite easy,Confident,nothing
Q4cb347l5qkkge30l7xbtg7e6Q,unconstrained,43.0,"[[0, 7, 1, 4], [4, 1, 7, 6, 5]]",1.0,2.812,0,Fully conscious/deliberative,Fully clear,Quite easy,Confident,nothing
Q4cb347l5qkkge30l7xbtg7e6Q,unconstrained,44.0,"[[5, 6, 7], [1, 7, 6, 2]]",0.0,10.369,1,Fully conscious/deliberative,Fully clear,Quite easy,Confident,nothing
Q4cb347l5qkkge30l7xbtg7e6Q,unconstrained,45.0,"[[0, 7, 1], [4, 1, 7, 6]]",0.0,1.62,1,Fully conscious/deliberative,Fully clear,Quite easy,Confident,nothing
Q4cb347l5qkkge30l7xbtg7e6Q,unconstrained,46.0,"[[7, 6, 5, 3], [2, 6, 5]]",1.0,8.795,1,Fully conscious/deliberative,Fully clear,Quite easy,Confident,nothing
Q4cb347l5qkkge30l7xbtg7e6Q,unconstrained,47.0,"[[6, 5, 3], [0, 7, 6, 2]]",1.0,2.592,0,Fully conscious/deliberative,Fully clear,Quite easy,Confident,nothing
Q4cb347l5qkkge30l7xbtg7e6Q,unconstrained,48.0,"[[3, 5, 6, 2], [7, 6, 5]]",1.0,1.576,1,Fully conscious/deliberative,Fully clear,Quite easy,Confident,nothing
Q4cb347l5qkkge30l7xbtg7e6Q,unconstrained,49.0,"[[4, 1, 7, 6], [5, 6, 7, 1, 4]]",1.0,1.886,0,Fully conscious/deliberative,Fully clear,Quite easy,Confident,nothing
Q4cb347l5qkkge30l7xbtg7e6Q,unconstrained,50.0,"[[3, 5, 6, 2], [7, 1, 4]]",1.0,2.303,1,Fully conscious/deliberative,Fully clear,Quite easy,Confident,nothing
Q4cb347l5qkkge30l7xbtg7e6Q,unconstrained,51.0,"[[7, 6, 2], [0, 7, 1, 4]]",0.0,3.147,1,Fully conscious/deliberative,Fully clear,Quite easy,Confident,nothing
Q4cb347l5qkkge30l7xbtg7e6Q,unconstrained,52.0,"[[0, 7, 6, 5], [6, 7, 1]]",1.0,2.225,1,Fully conscious/deliberative,Fully clear,Quite easy,Confident,nothing
Q4cb347l5qkkge30l7xbtg7e6Q,unconstrained,53.0,"[[2, 6, 5, 3], [0, 7, 1]]",1.0,6.613,1,Fully conscious/deliberative,Fully clear,Quite easy,Confident,nothing
Q4cb347l5qkkge30l7xbtg7e6Q,unconstrained,54.0,"[[0, 7, 1, 4], [6, 7, 1]]",1.0,1.359,1,Fully conscious/deliberative,Fully clear,Quite easy,Confident,nothing
Q4cb347l5qkkge30l7xbtg7e6Q,unconstrained,55.0,"[[3, 5, 6], [1, 7, 6, 2]]",0.0,3.103,1,Fully conscious/deliberative,Fully clear,Quite easy,Confident,nothing
Q4cb347l5qkkge30l7xbtg7e6Q,unconstrained,56.0,"[[5, 6, 7, 0], [7, 6, 5]]",0.0,5.25,0,Fully conscious/deliberative,Fully clear,Quite easy,Confident,nothing
Q4cb347l5qkkge30l7xbtg7e6Q,unconstrained,57.0,"[[7, 1, 4], [1, 7, 6, 5]]",1.0,10.713,0,Fully conscious/deliberative,Fully clear,Quite easy,Confident,nothing
Q4cb347l5qkkge30l7xbtg7e6Q,unconstrained,58.0,"[[2, 6, 5, 3], [1, 7, 6]]",1.0,5.704,1,Fully conscious/deliberative,Fully clear,Quite easy,Confident,nothing
Q4cb347l5qkkge30l7xbtg7e6Q,unconstrained,59.0,"[[2, 6, 7, 1], [2, 6, 7]]",0.0,10.451,0,Fully conscious/deliberative,Fully clear,Quite easy,Confident,nothing
Q4cb347l5qkkge30l7xbtg7e6Q,unconstrained,60.0,"[[0, 7, 6, 2], [0, 7, 6, 5, 3]]",0.0,6.064,1,Fully conscious/deliberative,Fully clear,Quite easy,Confident,nothing
Q4cb347l5qkkge30l7xbtg7e6Q,unconstrained,61.0,"[[1, 7, 6, 5, 3], [3, 5, 6, 2]]",0.0,3.927,0,Fully conscious/deliberative,Fully clear,Quite easy,Confident,nothing
Q4cb347l5qkkge30l7xbtg7e6Q,unconstrained,62.0,"[[2, 6, 7, 1, 4], [5, 6, 7, 0]]",1.0,6.674,1,Fully conscious/deliberative,Fully clear,Quite easy,Confident,nothing
Q4cb347l5qkkge30l7xbtg7e6Q,unconstrained,63.0,"[[0, 7, 6, 5, 3], [2, 6, 7, 1]]",0.0,4.976,0,Fully conscious/deliberative,Fully clear,Quite easy,Confident,nothing
Q4cb347l5qkkge30l7xbtg7e6Q,unconstrained,64.0,"[[4, 1, 7, 6, 2], [3, 5, 6, 7]]",0.0,6.574,0,Fully conscious/deliberative,Fully clear,Quite easy,Confident,nothing
Qa88nxk9771pebw9pfijimopzQ,unconstrained,0.0,"[[4, 1, 7], [1, 7, 6, 5]]",1.0,46.82,0,Fully conscious/deliberative,Fully clear,Quite hard,Rather confident,"I tried to visualize the experiment of yesterday to solve the problem.
The experiment and the instructions are direct and easy to comprehend, it was a wonderful experiment"
Qa88nxk9771pebw9pfijimopzQ,unconstrained,1.0,"[[0, 7, 1], [3, 5, 6, 2]]",0.0,90.603,1,Fully conscious/deliberative,Fully clear,Quite hard,Rather confident,"I tried to visualize the experiment of yesterday to solve the problem.
The experiment and the instructions are direct and easy to comprehend, it was a wonderful experiment"
Qa88nxk9771pebw9pfijimopzQ,unconstrained,2.0,"[[4, 1, 7, 0], [5, 6, 7]]",1.0,28.468,1,Fully conscious/deliberative,Fully clear,Quite hard,Rather confident,"I tried to visualize the experiment of yesterday to solve the problem.
The experiment and the instructions are direct and easy to comprehend, it was a wonderful experiment"
Qa88nxk9771pebw9pfijimopzQ,unconstrained,3.0,"[[2, 6, 5], [4, 1, 7, 6]]",0.0,96.859,1,Fully conscious/deliberative,Fully clear,Quite hard,Rather confident,"I tried to visualize the experiment of yesterday to solve the problem.
The experiment and the instructions are direct and easy to comprehend, it was a wonderful experiment"
Qa88nxk9771pebw9pfijimopzQ,unconstrained,4.0,"[[0, 7, 1, 4], [2, 6, 7]]",1.0,0.018,1,Fully conscious/deliberative,Fully clear,Quite hard,Rather confident,"I tried to visualize the experiment of yesterday to solve the problem.
The experiment and the instructions are direct and easy to comprehend, it was a wonderful experiment"
Qa88nxk9771pebw9pfijimopzQ,unconstrained,5.0,"[[0, 7, 6, 2], [5, 6, 7]]",1.0,4.109,1,Fully conscious/deliberative,Fully clear,Quite hard,Rather confident,"I tried to visualize the experiment of yesterday to solve the problem.
The experiment and the instructions are direct and easy to comprehend, it was a wonderful experiment"
Qa88nxk9771pebw9pfijimopzQ,unconstrained,6.0,"[[3, 5, 6], [1, 7, 6, 5]]",0.0,0.025,1,Fully conscious/deliberative,Fully clear,Quite hard,Rather confident,"I tried to visualize the experiment of yesterday to solve the problem.
The experiment and the instructions are direct and easy to comprehend, it was a wonderful experiment"
Qa88nxk9771pebw9pfijimopzQ,unconstrained,7.0,"[[7, 6, 2], [6, 7, 1, 4]]",1.0,89.661,0,Fully conscious/deliberative,Fully clear,Quite hard,Rather confident,"I tried to visualize the experiment of yesterday to solve the problem.
The experiment and the instructions are direct and easy to comprehend, it was a wonderful experiment"
Qa88nxk9771pebw9pfijimopzQ,unconstrained,8.0,"[[7, 6, 2], [6, 7, 1, 4]]",0.0,25.662,1,Fully conscious/deliberative,Fully clear,Quite hard,Rather confident,"I tried to visualize the experiment of yesterday to solve the problem.
The experiment and the instructions are direct and easy to comprehend, it was a wonderful experiment"
Qa88nxk9771pebw9pfijimopzQ,unconstrained,9.0,"[[2, 6, 7, 1], [7, 1, 4]]",1.0,37.179,1,Fully conscious/deliberative,Fully clear,Quite hard,Rather confident,"I tried to visualize the experiment of yesterday to solve the problem.
The experiment and the instructions are direct and easy to comprehend, it was a wonderful experiment"
Qa88nxk9771pebw9pfijimopzQ,unconstrained,10.0,"[[4, 1, 7], [0, 7, 6, 5]]",0.0,17.973,1,Fully conscious/deliberative,Fully clear,Quite hard,Rather confident,"I tried to visualize the experiment of yesterday to solve the problem.
The experiment and the instructions are direct and easy to comprehend, it was a wonderful experiment"
Qa88nxk9771pebw9pfijimopzQ,unconstrained,11.0,"[[5, 6, 7, 1], [3, 5, 6, 7, 1]]",0.0,0.027,1,Fully conscious/deliberative,Fully clear,Quite hard,Rather confident,"I tried to visualize the experiment of yesterday to solve the problem.
The experiment and the instructions are direct and easy to comprehend, it was a wonderful experiment"
Qa88nxk9771pebw9pfijimopzQ,unconstrained,12.0,"[[5, 6, 7, 1, 4], [3, 5, 6, 7]]",1.0,0.079,1,Fully conscious/deliberative,Fully clear,Quite hard,Rather confident,"I tried to visualize the experiment of yesterday to solve the problem.
The experiment and the instructions are direct and easy to comprehend, it was a wonderful experiment"
Qa88nxk9771pebw9pfijimopzQ,unconstrained,13.0,"[[4, 1, 7, 6, 2], [0, 7, 6, 5]]",1.0,14.78,1,Fully conscious/deliberative,Fully clear,Quite hard,Rather confident,"I tried to visualize the experiment of yesterday to solve the problem.
The experiment and the instructions are direct and easy to comprehend, it was a wonderful experiment"
Qa88nxk9771pebw9pfijimopzQ,unconstrained,14.0,"[[0, 7, 6], [0, 7, 1, 4]]",1.0,84.363,0,Fully conscious/deliberative,Fully clear,Quite hard,Rather confident,"I tried to visualize the experiment of yesterday to solve the problem.
The experiment and the instructions are direct and easy to comprehend, it was a wonderful experiment"
Qa88nxk9771pebw9pfijimopzQ,unconstrained,15.0,"[[2, 6, 7, 0], [6, 5, 3]]",0.0,0.101,0,Fully conscious/deliberative,Fully clear,Quite hard,Rather confident,"I tried to visualize the experiment of yesterday to solve the problem.
The experiment and the instructions are direct and easy to comprehend, it was a wonderful experiment"
Qa88nxk9771pebw9pfijimopzQ,unconstrained,16.0,"[[5, 6, 7], [5, 6, 7, 0]]",1.0,71.486,0,Fully conscious/deliberative,Fully clear,Quite hard,Rather confident,"I tried to visualize the experiment of yesterday to solve the problem.
The experiment and the instructions are direct and easy to comprehend, it was a wonderful experiment"
Qa88nxk9771pebw9pfijimopzQ,unconstrained,17.0,"[[3, 5, 6, 7], [5, 6, 7, 1, 4]]",1.0,0.028,0,Fully conscious/deliberative,Fully clear,Quite hard,Rather confident,"I tried to visualize the experiment of yesterday to solve the problem.
The experiment and the instructions are direct and easy to comprehend, it was a wonderful experiment"
Qa88nxk9771pebw9pfijimopzQ,unconstrained,18.0,"[[1, 7, 6, 2], [2, 6, 7]]",0.0,15.462,0,Fully conscious/deliberative,Fully clear,Quite hard,Rather confident,"I tried to visualize the experiment of yesterday to solve the problem.
The experiment and the instructions are direct and easy to comprehend, it was a wonderful experiment"
Qa88nxk9771pebw9pfijimopzQ,unconstrained,19.0,"[[2, 6, 7, 0], [7, 1, 4]]",0.0,0.028,0,Fully conscious/deliberative,Fully clear,Quite hard,Rather confident,"I tried to visualize the experiment of yesterday to solve the problem.
The experiment and the instructions are direct and easy to comprehend, it was a wonderful experiment"
Qa88nxk9771pebw9pfijimopzQ,unconstrained,20.0,"[[5, 6, 7, 1], [7, 6, 2]]",0.0,22.164,0,Fully conscious/deliberative,Fully clear,Quite hard,Rather confident,"I tried to visualize the experiment of yesterday to solve the problem.
The experiment and the instructions are direct and easy to comprehend, it was a wonderful experiment"
Qa88nxk9771pebw9pfijimopzQ,unconstrained,21.0,"[[2, 6, 5, 3], [2, 6, 5]]",0.0,78.427,0,Fully conscious/deliberative,Fully clear,Quite hard,Rather confident,"I tried to visualize the experiment of yesterday to solve the problem.
The experiment and the instructions are direct and easy to comprehend, it was a wonderful experiment"
Qa88nxk9771pebw9pfijimopzQ,unconstrained,22.0,"[[2, 6, 7, 1], [3, 5, 6]]",0.0,0.134,0,Fully conscious/deliberative,Fully clear,Quite hard,Rather confident,"I tried to visualize the experiment of yesterday to solve the problem.
The experiment and the instructions are direct and easy to comprehend, it was a wonderful experiment"
Qa88nxk9771pebw9pfijimopzQ,unconstrained,23.0,"[[1, 7, 6, 5, 3], [4, 1, 7, 6]]",1.0,9.342,1,Fully conscious/deliberative,Fully clear,Quite hard,Rather confident,"I tried to visualize the experiment of yesterday to solve the problem.
The experiment and the instructions are direct and easy to comprehend, it was a wonderful experiment"
Qa88nxk9771pebw9pfijimopzQ,unconstrained,24.0,"[[3, 5, 6], [4, 1, 7, 6]]",0.0,0.038,1,Fully conscious/deliberative,Fully clear,Quite hard,Rather confident,"I tried to visualize the experiment of yesterday to solve the problem.
The experiment and the instructions are direct and easy to comprehend, it was a wonderful experiment"
Qa88nxk9771pebw9pfijimopzQ,unconstrained,25.0,"[[1, 7, 6, 5], [4, 1, 7]]",0.0,32.702,0,Fully conscious/deliberative,Fully clear,Quite hard,Rather confident,"I tried to visualize the experiment of yesterday to solve the problem.
The experiment and the instructions are direct and easy to comprehend, it was a wonderful experiment"
Qa88nxk9771pebw9pfijimopzQ,unconstrained,26.0,"[[0, 7, 6, 5], [1, 7, 6]]",0.0,4.716,0,Fully conscious/deliberative,Fully clear,Quite hard,Rather confident,"I tried to visualize the experiment of yesterday to solve the problem.
The experiment and the instructions are direct and easy to comprehend, it was a wonderful experiment"
Qa88nxk9771pebw9pfijimopzQ,unconstrained,27.0,"[[3, 5, 6], [6, 7, 1, 4]]",0.0,28.077,1,Fully conscious/deliberative,Fully clear,Quite hard,Rather confident,"I tried to visualize the experiment of yesterday to solve the problem.
The experiment and the instructions are direct and easy to comprehend, it was a wonderful experiment"
Qa88nxk9771pebw9pfijimopzQ,unconstrained,28.0,"[[2, 6, 7, 1, 4], [3, 5, 6, 7, 1, 4]]",0.0,5.62,1,Fully conscious/deliberative,Fully clear,Quite hard,Rather confident,"I tried to visualize the experiment of yesterday to solve the problem.
The experiment and the instructions are direct and easy to comprehend, it was a wonderful experiment"
Qa88nxk9771pebw9pfijimopzQ,unconstrained,29.0,"[[2, 6, 7, 1, 4], [3, 5, 6, 2]]",1.0,11.692,1,Fully conscious/deliberative,Fully clear,Quite hard,Rather confident,"I tried to visualize the experiment of yesterday to solve the problem.
The experiment and the instructions are direct and easy to comprehend, it was a wonderful experiment"
Qa88nxk9771pebw9pfijimopzQ,unconstrained,30.0,"[[1, 7, 6, 2], [7, 1, 4]]",1.0,55.542,1,Fully conscious/deliberative,Fully clear,Quite hard,Rather confident,"I tried to visualize the experiment of yesterday to solve the problem.
The experiment and the instructions are direct and easy to comprehend, it was a wonderful experiment"
Qa88nxk9771pebw9pfijimopzQ,unconstrained,31.0,"[[2, 6, 7, 0], [3, 5, 6, 7, 0]]",1.0,6.23,0,Fully conscious/deliberative,Fully clear,Quite hard,Rather confident,"I tried to visualize the experiment of yesterday to solve the problem.
The experiment and the instructions are direct and easy to comprehend, it was a wonderful experiment"
Qa88nxk9771pebw9pfijimopzQ,unconstrained,32.0,"[[7, 6, 5, 3], [2, 6, 7, 1, 4]]",1.0,57.012,0,Fully conscious/deliberative,Fully clear,Quite hard,Rather confident,"I tried to visualize the experiment of yesterday to solve the problem.
The experiment and the instructions are direct and easy to comprehend, it was a wonderful experiment"
Qa88nxk9771pebw9pfijimopzQ,unconstrained,33.0,"[[4, 1, 7, 6], [1, 7, 0]]",1.0,23.228,1,Fully conscious/deliberative,Fully clear,Quite hard,Rather confident,"I tried to visualize the experiment of yesterday to solve the problem.
The experiment and the instructions are direct and easy to comprehend, it was a wonderful experiment"
Qa88nxk9771pebw9pfijimopzQ,unconstrained,34.0,"[[7, 6, 5], [2, 6, 7, 1]]",1.0,38.477,0,Fully conscious/deliberative,Fully clear,Quite hard,Rather confident,"I tried to visualize the experiment of yesterday to solve the problem.
The experiment and the instructions are direct and easy to comprehend, it was a wonderful experiment"
Qa88nxk9771pebw9pfijimopzQ,unconstrained,35.0,"[[7, 6, 5], [4, 1, 7, 6]]",1.0,8.485,0,Fully conscious/deliberative,Fully clear,Quite hard,Rather confident,"I tried to visualize the experiment of yesterday to solve the problem.
The experiment and the instructions are direct and easy to comprehend, it was a wonderful experiment"
Qa88nxk9771pebw9pfijimopzQ,unconstrained,36.0,"[[0, 7, 1, 4], [2, 6, 7, 1, 4]]",1.0,24.572,0,Fully conscious/deliberative,Fully clear,Quite hard,Rather confident,"I tried to visualize the experiment of yesterday to solve the problem.
The experiment and the instructions are direct and easy to comprehend, it was a wonderful experiment"
Qa88nxk9771pebw9pfijimopzQ,unconstrained,37.0,"[[0, 7, 6, 5], [0, 7, 6]]",0.0,6.789,0,Fully conscious/deliberative,Fully clear,Quite hard,Rather confident,"I tried to visualize the experiment of yesterday to solve the problem.
The experiment and the instructions are direct and easy to comprehend, it was a wonderful experiment"
Qa88nxk9771pebw9pfijimopzQ,unconstrained,38.0,"[[3, 5, 6, 2], [7, 6, 5]]",1.0,9.34,1,Fully conscious/deliberative,Fully clear,Quite hard,Rather confident,"I tried to visualize the experiment of yesterday to solve the problem.
The experiment and the instructions are direct and easy to comprehend, it was a wonderful experiment"
Qa88nxk9771pebw9pfijimopzQ,unconstrained,39.0,"[[3, 5, 6, 7], [2, 6, 7]]",0.0,13.949,0,Fully conscious/deliberative,Fully clear,Quite hard,Rather confident,"I tried to visualize the experiment of yesterday to solve the problem.
The experiment and the instructions are direct and easy to comprehend, it was a wonderful experiment"
Qa88nxk9771pebw9pfijimopzQ,unconstrained,40.0,"[[1, 7, 0], [2, 6, 7, 1]]",1.0,9.253,0,Fully conscious/deliberative,Fully clear,Quite hard,Rather confident,"I tried to visualize the experiment of yesterday to solve the problem.
The experiment and the instructions are direct and easy to comprehend, it was a wonderful experiment"
Qa88nxk9771pebw9pfijimopzQ,unconstrained,41.0,"[[0, 7, 1, 4], [6, 7, 1]]",1.0,37.85,1,Fully conscious/deliberative,Fully clear,Quite hard,Rather confident,"I tried to visualize the experiment of yesterday to solve the problem.
The experiment and the instructions are direct and easy to comprehend, it was a wonderful experiment"
Qa88nxk9771pebw9pfijimopzQ,unconstrained,42.0,"[[2, 6, 7, 0], [1, 7, 0]]",1.0,11.934,1,Fully conscious/deliberative,Fully clear,Quite hard,Rather confident,"I tried to visualize the experiment of yesterday to solve the problem.
The experiment and the instructions are direct and easy to comprehend, it was a wonderful experiment"
Qa88nxk9771pebw9pfijimopzQ,unconstrained,43.0,"[[5, 6, 2], [4, 1, 7, 0]]",1.0,9.693,0,Fully conscious/deliberative,Fully clear,Quite hard,Rather confident,"I tried to visualize the experiment of yesterday to solve the problem.
The experiment and the instructions are direct and easy to comprehend, it was a wonderful experiment"
Qa88nxk9771pebw9pfijimopzQ,unconstrained,44.0,"[[1, 7, 6, 2], [1, 7, 6]]",1.0,5.396,1,Fully conscious/deliberative,Fully clear,Quite hard,Rather confident,"I tried to visualize the experiment of yesterday to solve the problem.
The experiment and the instructions are direct and easy to comprehend, it was a wonderful experiment"
Qa88nxk9771pebw9pfijimopzQ,unconstrained,45.0,"[[1, 7, 0], [5, 6, 7, 0]]",0.0,3.22,1,Fully conscious/deliberative,Fully clear,Quite hard,Rather confident,"I tried to visualize the experiment of yesterday to solve the problem.
The experiment and the instructions are direct and easy to comprehend, it was a wonderful experiment"
Qa88nxk9771pebw9pfijimopzQ,unconstrained,46.0,"[[5, 6, 7, 1], [1, 7, 0]]",0.0,7.412,0,Fully conscious/deliberative,Fully clear,Quite hard,Rather confident,"I tried to visualize the experiment of yesterday to solve the problem.
The experiment and the instructions are direct and easy to comprehend, it was a wonderful experiment"
Qa88nxk9771pebw9pfijimopzQ,unconstrained,47.0,"[[2, 6, 7, 1], [2, 6, 5]]",1.0,11.356,1,Fully conscious/deliberative,Fully clear,Quite hard,Rather confident,"I tried to visualize the experiment of yesterday to solve the problem.
The experiment and the instructions are direct and easy to comprehend, it was a wonderful experiment"
Qa88nxk9771pebw9pfijimopzQ,unconstrained,48.0,"[[2, 6, 5], [5, 6, 7, 1]]",0.0,21.515,1,Fully conscious/deliberative,Fully clear,Quite hard,Rather confident,"I tried to visualize the experiment of yesterday to solve the problem.
The experiment and the instructions are direct and easy to comprehend, it was a wonderful experiment"
Qa88nxk9771pebw9pfijimopzQ,unconstrained,49.0,"[[3, 5, 6, 7, 1], [1, 7, 6, 2]]",0.0,11.548,0,Fully conscious/deliberative,Fully clear,Quite hard,Rather confident,"I tried to visualize the experiment of yesterday to solve the problem.
The experiment and the instructions are direct and easy to comprehend, it was a wonderful experiment"
Qa88nxk9771pebw9pfijimopzQ,unconstrained,50.0,"[[4, 1, 7, 6, 5], [6, 7, 1, 4]]",1.0,17.364,1,Fully conscious/deliberative,Fully clear,Quite hard,Rather confident,"I tried to visualize the experiment of yesterday to solve the problem.
The experiment and the instructions are direct and easy to comprehend, it was a wonderful experiment"
Qa88nxk9771pebw9pfijimopzQ,unconstrained,51.0,"[[1, 7, 6, 5], [6, 7, 1]]",0.0,3.108,0,Fully conscious/deliberative,Fully clear,Quite hard,Rather confident,"I tried to visualize the experiment of yesterday to solve the problem.
The experiment and the instructions are direct and easy to comprehend, it was a wonderful experiment"
Qa88nxk9771pebw9pfijimopzQ,unconstrained,52.0,"[[0, 7, 1, 4], [6, 5, 3]]",0.0,7.268,0,Fully conscious/deliberative,Fully clear,Quite hard,Rather confident,"I tried to visualize the experiment of yesterday to solve the problem.
The experiment and the instructions are direct and easy to comprehend, it was a wonderful experiment"
Qa88nxk9771pebw9pfijimopzQ,unconstrained,53.0,"[[3, 5, 6, 2], [3, 5, 6, 7, 1]]",1.0,10.278,0,Fully conscious/deliberative,Fully clear,Quite hard,Rather confident,"I tried to visualize the experiment of yesterday to solve the problem.
The experiment and the instructions are direct and easy to comprehend, it was a wonderful experiment"
Qa88nxk9771pebw9pfijimopzQ,unconstrained,54.0,"[[4, 1, 7, 6], [0, 7, 6, 5, 3]]",1.0,3.884,0,Fully conscious/deliberative,Fully clear,Quite hard,Rather confident,"I tried to visualize the experiment of yesterday to solve the problem.
The experiment and the instructions are direct and easy to comprehend, it was a wonderful experiment"
Qa88nxk9771pebw9pfijimopzQ,unconstrained,55.0,"[[3, 5, 6, 7], [2, 6, 5]]",0.0,4.606,0,Fully conscious/deliberative,Fully clear,Quite hard,Rather confident,"I tried to visualize the experiment of yesterday to solve the problem.
The experiment and the instructions are direct and easy to comprehend, it was a wonderful experiment"
Qa88nxk9771pebw9pfijimopzQ,unconstrained,56.0,"[[2, 6, 7, 1], [3, 5, 6, 7, 0]]",1.0,3.236,0,Fully conscious/deliberative,Fully clear,Quite hard,Rather confident,"I tried to visualize the experiment of yesterday to solve the problem.
The experiment and the instructions are direct and easy to comprehend, it was a wonderful experiment"
Qa88nxk9771pebw9pfijimopzQ,unconstrained,57.0,"[[0, 7, 1, 4], [7, 6, 2]]",1.0,7.372,1,Fully conscious/deliberative,Fully clear,Quite hard,Rather confident,"I tried to visualize the experiment of yesterday to solve the problem.
The experiment and the instructions are direct and easy to comprehend, it was a wonderful experiment"
Qa88nxk9771pebw9pfijimopzQ,unconstrained,58.0,"[[1, 7, 0], [2, 6, 7, 1]]",1.0,4.284,0,Fully conscious/deliberative,Fully clear,Quite hard,Rather confident,"I tried to visualize the experiment of yesterday to solve the problem.
The experiment and the instructions are direct and easy to comprehend, it was a wonderful experiment"
Qa88nxk9771pebw9pfijimopzQ,unconstrained,59.0,"[[1, 7, 6], [2, 6, 5, 3]]",1.0,6.331,0,Fully conscious/deliberative,Fully clear,Quite hard,Rather confident,"I tried to visualize the experiment of yesterday to solve the problem.
The experiment and the instructions are direct and easy to comprehend, it was a wonderful experiment"
Qa88nxk9771pebw9pfijimopzQ,unconstrained,60.0,"[[4, 1, 7, 0], [5, 6, 7, 1, 4]]",0.0,5.077,1,Fully conscious/deliberative,Fully clear,Quite hard,Rather confident,"I tried to visualize the experiment of yesterday to solve the problem.
The experiment and the instructions are direct and easy to comprehend, it was a wonderful experiment"
Qa88nxk9771pebw9pfijimopzQ,unconstrained,61.0,"[[1, 7, 6, 5], [7, 6, 5]]",1.0,2.58,1,Fully conscious/deliberative,Fully clear,Quite hard,Rather confident,"I tried to visualize the experiment of yesterday to solve the problem.
The experiment and the instructions are direct and easy to comprehend, it was a wonderful experiment"
Qa88nxk9771pebw9pfijimopzQ,unconstrained,62.0,"[[2, 6, 5, 3], [7, 1, 4]]",1.0,2.372,1,Fully conscious/deliberative,Fully clear,Quite hard,Rather confident,"I tried to visualize the experiment of yesterday to solve the problem.
The experiment and the instructions are direct and easy to comprehend, it was a wonderful experiment"
Qa88nxk9771pebw9pfijimopzQ,unconstrained,63.0,"[[2, 6, 5], [5, 6, 7, 0]]",0.0,2.038,1,Fully conscious/deliberative,Fully clear,Quite hard,Rather confident,"I tried to visualize the experiment of yesterday to solve the problem.
The experiment and the instructions are direct and easy to comprehend, it was a wonderful experiment"
Qa88nxk9771pebw9pfijimopzQ,unconstrained,64.0,"[[0, 7, 6], [3, 5, 6, 2]]",1.0,3.997,0,Fully conscious/deliberative,Fully clear,Quite hard,Rather confident,"I tried to visualize the experiment of yesterday to solve the problem.
The experiment and the instructions are direct and easy to comprehend, it was a wonderful experiment"
Qbkqu9ydbzik1so1edbrfi3z9Q,unconstrained,0.0,"[[4, 1, 7, 6], [7, 6, 2]]",0.0,8.137,0,Fully conscious/deliberative,Somewhat unclear,Quite hard,Rather confident,tried to select the route with less stop overs for the bee
Qbkqu9ydbzik1so1edbrfi3z9Q,unconstrained,1.0,"[[5, 6, 2], [0, 7, 1, 4]]",0.0,2.992,1,Fully conscious/deliberative,Somewhat unclear,Quite hard,Rather confident,tried to select the route with less stop overs for the bee
Qbkqu9ydbzik1so1edbrfi3z9Q,unconstrained,2.0,"[[0, 7, 6, 2], [0, 7, 1]]",0.0,1.792,0,Fully conscious/deliberative,Somewhat unclear,Quite hard,Rather confident,tried to select the route with less stop overs for the bee
Qbkqu9ydbzik1so1edbrfi3z9Q,unconstrained,3.0,"[[4, 1, 7], [0, 7, 6, 5]]",1.0,2.726,0,Fully conscious/deliberative,Somewhat unclear,Quite hard,Rather confident,tried to select the route with less stop overs for the bee
Qbkqu9ydbzik1so1edbrfi3z9Q,unconstrained,4.0,"[[7, 1, 4], [2, 6, 5, 3]]",1.0,2.514,0,Fully conscious/deliberative,Somewhat unclear,Quite hard,Rather confident,tried to select the route with less stop overs for the bee
Qbkqu9ydbzik1so1edbrfi3z9Q,unconstrained,5.0,"[[5, 6, 7, 0], [1, 7, 0]]",0.0,7.296,0,Fully conscious/deliberative,Somewhat unclear,Quite hard,Rather confident,tried to select the route with less stop overs for the bee
Qbkqu9ydbzik1so1edbrfi3z9Q,unconstrained,6.0,"[[3, 5, 6, 7, 0], [2, 6, 7, 0]]",0.0,2.66,0,Fully conscious/deliberative,Somewhat unclear,Quite hard,Rather confident,tried to select the route with less stop overs for the bee
Qbkqu9ydbzik1so1edbrfi3z9Q,unconstrained,7.0,"[[1, 7, 6, 2], [2, 6, 7]]",1.0,7.943,1,Fully conscious/deliberative,Somewhat unclear,Quite hard,Rather confident,tried to select the route with less stop overs for the bee
Qbkqu9ydbzik1so1edbrfi3z9Q,unconstrained,8.0,"[[5, 6, 7, 0], [7, 6, 5]]",1.0,5.69,1,Fully conscious/deliberative,Somewhat unclear,Quite hard,Rather confident,tried to select the route with less stop overs for the bee
Qbkqu9ydbzik1so1edbrfi3z9Q,unconstrained,9.0,"[[0, 7, 1, 4], [6, 7, 1]]",0.0,1.324,0,Fully conscious/deliberative,Somewhat unclear,Quite hard,Rather confident,tried to select the route with less stop overs for the bee
Qbkqu9ydbzik1so1edbrfi3z9Q,unconstrained,10.0,"[[0, 7, 1, 4], [2, 6, 7, 1, 4]]",1.0,2.647,0,Fully conscious/deliberative,Somewhat unclear,Quite hard,Rather confident,tried to select the route with less stop overs for the bee
Qbkqu9ydbzik1so1edbrfi3z9Q,unconstrained,11.0,"[[2, 6, 7], [5, 6, 7, 1]]",1.0,9.922,0,Fully conscious/deliberative,Somewhat unclear,Quite hard,Rather confident,tried to select the route with less stop overs for the bee
Qbkqu9ydbzik1so1edbrfi3z9Q,unconstrained,12.0,"[[0, 7, 6, 5], [4, 1, 7, 6, 2]]",1.0,1.547,0,Fully conscious/deliberative,Somewhat unclear,Quite hard,Rather confident,tried to select the route with less stop overs for the bee
Qbkqu9ydbzik1so1edbrfi3z9Q,unconstrained,13.0,"[[7, 1, 4], [5, 6, 7, 1]]",1.0,1.516,0,Fully conscious/deliberative,Somewhat unclear,Quite hard,Rather confident,tried to select the route with less stop overs for the bee
Qbkqu9ydbzik1so1edbrfi3z9Q,unconstrained,14.0,"[[1, 7, 6, 5], [4, 1, 7]]",1.0,1.096,1,Fully conscious/deliberative,Somewhat unclear,Quite hard,Rather confident,tried to select the route with less stop overs for the bee
Qbkqu9ydbzik1so1edbrfi3z9Q,unconstrained,15.0,"[[0, 7, 1, 4], [2, 6, 7]]",0.0,1.168,0,Fully conscious/deliberative,Somewhat unclear,Quite hard,Rather confident,tried to select the route with less stop overs for the bee
Qbkqu9ydbzik1so1edbrfi3z9Q,unconstrained,16.0,"[[0, 7, 6, 2], [7, 1, 4]]",1.0,1.159,1,Fully conscious/deliberative,Somewhat unclear,Quite hard,Rather confident,tried to select the route with less stop overs for the bee
Qbkqu9ydbzik1so1edbrfi3z9Q,unconstrained,17.0,"[[2, 6, 5, 3], [0, 7, 1]]",0.0,1.896,0,Fully conscious/deliberative,Somewhat unclear,Quite hard,Rather confident,tried to select the route with less stop overs for the bee
Qbkqu9ydbzik1so1edbrfi3z9Q,unconstrained,18.0,"[[2, 6, 5], [5, 6, 7, 0]]",0.0,1.607,1,Fully conscious/deliberative,Somewhat unclear,Quite hard,Rather confident,tried to select the route with less stop overs for the bee
Qbkqu9ydbzik1so1edbrfi3z9Q,unconstrained,19.0,"[[2, 6, 5, 3], [2, 6, 5]]",0.0,1.728,0,Fully conscious/deliberative,Somewhat unclear,Quite hard,Rather confident,tried to select the route with less stop overs for the bee
Qbkqu9ydbzik1so1edbrfi3z9Q,unconstrained,20.0,"[[7, 6, 5, 3], [4, 1, 7, 6, 5]]",1.0,1.064,0,Fully conscious/deliberative,Somewhat unclear,Quite hard,Rather confident,tried to select the route with less stop overs for the bee
Qbkqu9ydbzik1so1edbrfi3z9Q,unconstrained,21.0,"[[2, 6, 7], [7, 6, 5, 3]]",0.0,1.459,1,Fully conscious/deliberative,Somewhat unclear,Quite hard,Rather confident,tried to select the route with less stop overs for the bee
Qbkqu9ydbzik1so1edbrfi3z9Q,unconstrained,22.0,"[[6, 7, 0], [2, 6, 5, 3]]",1.0,1.376,0,Fully conscious/deliberative,Somewhat unclear,Quite hard,Rather confident,tried to select the route with less stop overs for the bee
Qbkqu9ydbzik1so1edbrfi3z9Q,unconstrained,23.0,"[[6, 5, 3], [0, 7, 6, 2]]",0.0,2.164,1,Fully conscious/deliberative,Somewhat unclear,Quite hard,Rather confident,tried to select the route with less stop overs for the bee
Qbkqu9ydbzik1so1edbrfi3z9Q,unconstrained,24.0,"[[2, 6, 5, 3], [7, 6, 5]]",0.0,1.164,0,Fully conscious/deliberative,Somewhat unclear,Quite hard,Rather confident,tried to select the route with less stop overs for the bee
Qbkqu9ydbzik1so1edbrfi3z9Q,unconstrained,25.0,"[[1, 7, 6, 5, 3], [5, 6, 7, 1]]",0.0,1.297,0,Fully conscious/deliberative,Somewhat unclear,Quite hard,Rather confident,tried to select the route with less stop overs for the bee
Qbkqu9ydbzik1so1edbrfi3z9Q,unconstrained,26.0,"[[0, 7, 6, 2], [5, 6, 7]]",0.0,0.961,0,Fully conscious/deliberative,Somewhat unclear,Quite hard,Rather confident,tried to select the route with less stop overs for the bee
Qbkqu9ydbzik1so1edbrfi3z9Q,unconstrained,27.0,"[[2, 6, 5], [5, 6, 7, 1]]",1.0,1.526,0,Fully conscious/deliberative,Somewhat unclear,Quite hard,Rather confident,tried to select the route with less stop overs for the bee
Qbkqu9ydbzik1so1edbrfi3z9Q,unconstrained,28.0,"[[4, 1, 7, 6, 5], [4, 1, 7, 0]]",1.0,1.857,1,Fully conscious/deliberative,Somewhat unclear,Quite hard,Rather confident,tried to select the route with less stop overs for the bee
Qbkqu9ydbzik1so1edbrfi3z9Q,unconstrained,29.0,"[[0, 7, 1, 4], [5, 6, 7]]",0.0,1.021,0,Fully conscious/deliberative,Somewhat unclear,Quite hard,Rather confident,tried to select the route with less stop overs for the bee
Qbkqu9ydbzik1so1edbrfi3z9Q,unconstrained,30.0,"[[0, 7, 6, 5], [6, 7, 0]]",1.0,1.033,1,Fully conscious/deliberative,Somewhat unclear,Quite hard,Rather confident,tried to select the route with less stop overs for the bee
Qbkqu9ydbzik1so1edbrfi3z9Q,unconstrained,31.0,"[[1, 7, 6, 5, 3], [1, 7, 6, 2]]",0.0,1.117,0,Fully conscious/deliberative,Somewhat unclear,Quite hard,Rather confident,tried to select the route with less stop overs for the bee
Qbkqu9ydbzik1so1edbrfi3z9Q,unconstrained,32.0,"[[4, 1, 7, 6], [5, 6, 2]]",0.0,1.052,0,Fully conscious/deliberative,Somewhat unclear,Quite hard,Rather confident,tried to select the route with less stop overs for the bee
Qbkqu9ydbzik1so1edbrfi3z9Q,unconstrained,33.0,"[[6, 7, 0], [0, 7, 1, 4]]",0.0,1.634,1,Fully conscious/deliberative,Somewhat unclear,Quite hard,Rather confident,tried to select the route with less stop overs for the bee
Qbkqu9ydbzik1so1edbrfi3z9Q,unconstrained,34.0,"[[2, 6, 7, 1], [3, 5, 6, 7, 0]]",1.0,1.253,0,Fully conscious/deliberative,Somewhat unclear,Quite hard,Rather confident,tried to select the route with less stop overs for the bee
Qbkqu9ydbzik1so1edbrfi3z9Q,unconstrained,35.0,"[[6, 7, 1, 4], [2, 6, 7]]",1.0,1.856,1,Fully conscious/deliberative,Somewhat unclear,Quite hard,Rather confident,tried to select the route with less stop overs for the bee
Qbkqu9ydbzik1so1edbrfi3z9Q,unconstrained,36.0,"[[2, 6, 7, 1], [3, 5, 6]]",0.0,5.815,0,Fully conscious/deliberative,Somewhat unclear,Quite hard,Rather confident,tried to select the route with less stop overs for the bee
Qbkqu9ydbzik1so1edbrfi3z9Q,unconstrained,37.0,"[[1, 7, 6, 2], [7, 1, 4]]",1.0,1.852,1,Fully conscious/deliberative,Somewhat unclear,Quite hard,Rather confident,tried to select the route with less stop overs for the bee
Qbkqu9ydbzik1so1edbrfi3z9Q,unconstrained,38.0,"[[5, 6, 2], [2, 6, 7, 1]]",0.0,1.72,1,Fully conscious/deliberative,Somewhat unclear,Quite hard,Rather confident,tried to select the route with less stop overs for the bee
Qbkqu9ydbzik1so1edbrfi3z9Q,unconstrained,39.0,"[[2, 6, 7, 1, 4], [3, 5, 6, 7, 1, 4]]",0.0,1.685,1,Fully conscious/deliberative,Somewhat unclear,Quite hard,Rather confident,tried to select the route with less stop overs for the bee
Qbkqu9ydbzik1so1edbrfi3z9Q,unconstrained,40.0,"[[7, 6, 2], [4, 1, 7, 0]]",0.0,1.884,1,Fully conscious/deliberative,Somewhat unclear,Quite hard,Rather confident,tried to select the route with less stop overs for the bee
Qbkqu9ydbzik1so1edbrfi3z9Q,unconstrained,41.0,"[[3, 5, 6, 7], [5, 6, 2]]",1.0,1.992,1,Fully conscious/deliberative,Somewhat unclear,Quite hard,Rather confident,tried to select the route with less stop overs for the bee
Qbkqu9ydbzik1so1edbrfi3z9Q,unconstrained,42.0,"[[1, 7, 0], [2, 6, 7, 1]]",0.0,1.828,1,Fully conscious/deliberative,Somewhat unclear,Quite hard,Rather confident,tried to select the route with less stop overs for the bee
Qbkqu9ydbzik1so1edbrfi3z9Q,unconstrained,43.0,"[[6, 7, 1], [2, 6, 5, 3]]",1.0,1.24,0,Fully conscious/deliberative,Somewhat unclear,Quite hard,Rather confident,tried to select the route with less stop overs for the bee
Qbkqu9ydbzik1so1edbrfi3z9Q,unconstrained,44.0,"[[2, 6, 7, 1, 4], [3, 5, 6, 7]]",0.0,1.101,0,Fully conscious/deliberative,Somewhat unclear,Quite hard,Rather confident,tried to select the route with less stop overs for the bee
Qbkqu9ydbzik1so1edbrfi3z9Q,unconstrained,45.0,"[[6, 7, 1, 4], [5, 6, 7, 1, 4]]",1.0,1.215,0,Fully conscious/deliberative,Somewhat unclear,Quite hard,Rather confident,tried to select the route with less stop overs for the bee
Qbkqu9ydbzik1so1edbrfi3z9Q,unconstrained,46.0,"[[5, 6, 7, 1], [5, 6, 7]]",1.0,1.377,1,Fully conscious/deliberative,Somewhat unclear,Quite hard,Rather confident,tried to select the route with less stop overs for the bee
Qbkqu9ydbzik1so1edbrfi3z9Q,unconstrained,47.0,"[[4, 1, 7, 6], [0, 7, 1]]",0.0,1.197,0,Fully conscious/deliberative,Somewhat unclear,Quite hard,Rather confident,tried to select the route with less stop overs for the bee
Qbkqu9ydbzik1so1edbrfi3z9Q,unconstrained,48.0,"[[6, 7, 1, 4], [6, 5, 3]]",0.0,1.593,0,Fully conscious/deliberative,Somewhat unclear,Quite hard,Rather confident,tried to select the route with less stop overs for the bee
Qbkqu9ydbzik1so1edbrfi3z9Q,unconstrained,49.0,"[[1, 7, 6], [5, 6, 7, 1]]",0.0,1.697,1,Fully conscious/deliberative,Somewhat unclear,Quite hard,Rather confident,tried to select the route with less stop overs for the bee
Qbkqu9ydbzik1so1edbrfi3z9Q,unconstrained,50.0,"[[2, 6, 7, 1, 4], [2, 6, 5, 3]]",0.0,1.358,0,Fully conscious/deliberative,Somewhat unclear,Quite hard,Rather confident,tried to select the route with less stop overs for the bee
Qbkqu9ydbzik1so1edbrfi3z9Q,unconstrained,51.0,"[[3, 5, 6, 7, 1], [6, 7, 1, 4]]",0.0,1.948,0,Fully conscious/deliberative,Somewhat unclear,Quite hard,Rather confident,tried to select the route with less stop overs for the bee
Qbkqu9ydbzik1so1edbrfi3z9Q,unconstrained,52.0,"[[1, 7, 6], [0, 7, 6, 5]]",1.0,0.944,0,Fully conscious/deliberative,Somewhat unclear,Quite hard,Rather confident,tried to select the route with less stop overs for the bee
Qbkqu9ydbzik1so1edbrfi3z9Q,unconstrained,53.0,"[[1, 7, 0], [1, 7, 6, 5]]",1.0,1.729,0,Fully conscious/deliberative,Somewhat unclear,Quite hard,Rather confident,tried to select the route with less stop overs for the bee
Qbkqu9ydbzik1so1edbrfi3z9Q,unconstrained,54.0,"[[0, 7, 1, 4], [3, 5, 6]]",0.0,1.4,0,Fully conscious/deliberative,Somewhat unclear,Quite hard,Rather confident,tried to select the route with less stop overs for the bee
Qbkqu9ydbzik1so1edbrfi3z9Q,unconstrained,55.0,"[[3, 5, 6], [5, 6, 7, 1]]",1.0,1.675,0,Fully conscious/deliberative,Somewhat unclear,Quite hard,Rather confident,tried to select the route with less stop overs for the bee
Qbkqu9ydbzik1so1edbrfi3z9Q,unconstrained,56.0,"[[7, 6, 5, 3], [5, 6, 7, 1, 4]]",1.0,2.137,0,Fully conscious/deliberative,Somewhat unclear,Quite hard,Rather confident,tried to select the route with less stop overs for the bee
Qbkqu9ydbzik1so1edbrfi3z9Q,unconstrained,57.0,"[[5, 6, 7], [1, 7, 6, 2]]",1.0,1.365,0,Fully conscious/deliberative,Somewhat unclear,Quite hard,Rather confident,tried to select the route with less stop overs for the bee
Qbkqu9ydbzik1so1edbrfi3z9Q,unconstrained,58.0,"[[3, 5, 6], [6, 7, 1, 4]]",0.0,2.709,1,Fully conscious/deliberative,Somewhat unclear,Quite hard,Rather confident,tried to select the route with less stop overs for the bee
Qbkqu9ydbzik1so1edbrfi3z9Q,unconstrained,59.0,"[[2, 6, 7, 1], [0, 7, 1]]",1.0,1.606,1,Fully conscious/deliberative,Somewhat unclear,Quite hard,Rather confident,tried to select the route with less stop overs for the bee
Qbkqu9ydbzik1so1edbrfi3z9Q,unconstrained,60.0,"[[4, 1, 7], [2, 6, 7, 1]]",1.0,3.324,0,Fully conscious/deliberative,Somewhat unclear,Quite hard,Rather confident,tried to select the route with less stop overs for the bee
Qbkqu9ydbzik1so1edbrfi3z9Q,unconstrained,61.0,"[[6, 7, 1, 4], [0, 7, 6, 5, 3]]",0.0,2.232,1,Fully conscious/deliberative,Somewhat unclear,Quite hard,Rather confident,tried to select the route with less stop overs for the bee
Qbkqu9ydbzik1so1edbrfi3z9Q,unconstrained,62.0,"[[5, 6, 7], [4, 1, 7, 6]]",1.0,2.114,0,Fully conscious/deliberative,Somewhat unclear,Quite hard,Rather confident,tried to select the route with less stop overs for the bee
Qbkqu9ydbzik1so1edbrfi3z9Q,unconstrained,63.0,"[[3, 5, 6, 2], [3, 5, 6, 7, 1]]",1.0,1.509,0,Fully conscious/deliberative,Somewhat unclear,Quite hard,Rather confident,tried to select the route with less stop overs for the bee
Qbkqu9ydbzik1so1edbrfi3z9Q,unconstrained,64.0,"[[1, 7, 6], [1, 7, 6, 2]]",1.0,1.189,0,Fully conscious/deliberative,Somewhat unclear,Quite hard,Rather confident,tried to select the route with less stop overs for the bee
Qc817q1vi00djm9n1qatsoz64Q,unconstrained,0.0,"[[7, 1, 4], [3, 5, 6, 2]]",1.0,10.372,0,Fully conscious/deliberative,Fully clear,Quite easy,Confident,I tried to remember the patterns from yesterday and the color combination at all times
Qc817q1vi00djm9n1qatsoz64Q,unconstrained,1.0,"[[1, 7, 6, 5], [7, 6, 5]]",0.0,4.252,0,Fully conscious/deliberative,Fully clear,Quite easy,Confident,I tried to remember the patterns from yesterday and the color combination at all times
Qc817q1vi00djm9n1qatsoz64Q,unconstrained,2.0,"[[2, 6, 7], [4, 1, 7, 0]]",1.0,3.351,0,Fully conscious/deliberative,Fully clear,Quite easy,Confident,I tried to remember the patterns from yesterday and the color combination at all times
Qc817q1vi00djm9n1qatsoz64Q,unconstrained,3.0,"[[6, 5, 3], [6, 7, 1, 4]]",0.0,2.19,1,Fully conscious/deliberative,Fully clear,Quite easy,Confident,I tried to remember the patterns from yesterday and the color combination at all times
Qc817q1vi00djm9n1qatsoz64Q,unconstrained,4.0,"[[1, 7, 6], [5, 6, 7, 1]]",1.0,1.995,0,Fully conscious/deliberative,Fully clear,Quite easy,Confident,I tried to remember the patterns from yesterday and the color combination at all times
Qc817q1vi00djm9n1qatsoz64Q,unconstrained,5.0,"[[1, 7, 6, 5], [3, 5, 6, 7, 1]]",1.0,3.563,0,Fully conscious/deliberative,Fully clear,Quite easy,Confident,I tried to remember the patterns from yesterday and the color combination at all times
Qc817q1vi00djm9n1qatsoz64Q,unconstrained,6.0,"[[2, 6, 7, 1], [0, 7, 1]]",0.0,1.852,0,Fully conscious/deliberative,Fully clear,Quite easy,Confident,I tried to remember the patterns from yesterday and the color combination at all times
Qc817q1vi00djm9n1qatsoz64Q,unconstrained,7.0,"[[4, 1, 7, 6], [5, 6, 2]]",1.0,1.808,1,Fully conscious/deliberative,Fully clear,Quite easy,Confident,I tried to remember the patterns from yesterday and the color combination at all times
Qc817q1vi00djm9n1qatsoz64Q,unconstrained,8.0,"[[4, 1, 7, 0], [0, 7, 6]]",0.0,1.802,0,Fully conscious/deliberative,Fully clear,Quite easy,Confident,I tried to remember the patterns from yesterday and the color combination at all times
Qc817q1vi00djm9n1qatsoz64Q,unconstrained,9.0,"[[3, 5, 6, 7], [4, 1, 7, 6, 2]]",1.0,2.258,0,Fully conscious/deliberative,Fully clear,Quite easy,Confident,I tried to remember the patterns from yesterday and the color combination at all times
Qc817q1vi00djm9n1qatsoz64Q,unconstrained,10.0,"[[2, 6, 5, 3], [1, 7, 6]]",0.0,1.477,0,Fully conscious/deliberative,Fully clear,Quite easy,Confident,I tried to remember the patterns from yesterday and the color combination at all times
Qc817q1vi00djm9n1qatsoz64Q,unconstrained,11.0,"[[2, 6, 7, 0], [3, 5, 6, 7, 0]]",1.0,2.206,0,Fully conscious/deliberative,Fully clear,Quite easy,Confident,I tried to remember the patterns from yesterday and the color combination at all times
Qc817q1vi00djm9n1qatsoz64Q,unconstrained,12.0,"[[2, 6, 7, 1], [3, 5, 6]]",1.0,2.182,1,Fully conscious/deliberative,Fully clear,Quite easy,Confident,I tried to remember the patterns from yesterday and the color combination at all times
Qc817q1vi00djm9n1qatsoz64Q,unconstrained,13.0,"[[7, 6, 5], [0, 7, 1, 4]]",1.0,1.838,0,Fully conscious/deliberative,Fully clear,Quite easy,Confident,I tried to remember the patterns from yesterday and the color combination at all times
Qc817q1vi00djm9n1qatsoz64Q,unconstrained,14.0,"[[5, 6, 2], [2, 6, 5, 3]]",1.0,2.138,0,Fully conscious/deliberative,Fully clear,Quite easy,Confident,I tried to remember the patterns from yesterday and the color combination at all times
Qc817q1vi00djm9n1qatsoz64Q,unconstrained,15.0,"[[0, 7, 1], [4, 1, 7, 6]]",1.0,1.32,0,Fully conscious/deliberative,Fully clear,Quite easy,Confident,I tried to remember the patterns from yesterday and the color combination at all times
Qc817q1vi00djm9n1qatsoz64Q,unconstrained,16.0,"[[4, 1, 7], [1, 7, 6, 2]]",0.0,1.381,1,Fully conscious/deliberative,Fully clear,Quite easy,Confident,I tried to remember the patterns from yesterday and the color combination at all times
Qc817q1vi00djm9n1qatsoz64Q,unconstrained,17.0,"[[2, 6, 7, 1], [7, 1, 4]]",0.0,1.449,0,Fully conscious/deliberative,Fully clear,Quite easy,Confident,I tried to remember the patterns from yesterday and the color combination at all times
Qc817q1vi00djm9n1qatsoz64Q,unconstrained,18.0,"[[0, 7, 1, 4], [1, 7, 6]]",0.0,1.62,0,Fully conscious/deliberative,Fully clear,Quite easy,Confident,I tried to remember the patterns from yesterday and the color combination at all times
Qc817q1vi00djm9n1qatsoz64Q,unconstrained,19.0,"[[2, 6, 5, 3], [2, 6, 7, 1, 4]]",1.0,2.101,0,Fully conscious/deliberative,Fully clear,Quite easy,Confident,I tried to remember the patterns from yesterday and the color combination at all times
Qc817q1vi00djm9n1qatsoz64Q,unconstrained,20.0,"[[4, 1, 7, 6], [1, 7, 6, 5, 3]]",0.0,1.899,1,Fully conscious/deliberative,Fully clear,Quite easy,Confident,I tried to remember the patterns from yesterday and the color combination at all times
Qc817q1vi00djm9n1qatsoz64Q,unconstrained,21.0,"[[5, 6, 2], [1, 7, 6, 5]]",1.0,1.453,0,Fully conscious/deliberative,Fully clear,Quite easy,Confident,I tried to remember the patterns from yesterday and the color combination at all times
Qc817q1vi00djm9n1qatsoz64Q,unconstrained,22.0,"[[0, 7, 6, 5], [0, 7, 6]]",1.0,3.557,1,Fully conscious/deliberative,Fully clear,Quite easy,Confident,I tried to remember the patterns from yesterday and the color combination at all times
Qc817q1vi00djm9n1qatsoz64Q,unconstrained,23.0,"[[3, 5, 6, 7, 0], [4, 1, 7, 6]]",0.0,2.712,0,Fully conscious/deliberative,Fully clear,Quite easy,Confident,I tried to remember the patterns from yesterday and the color combination at all times
Qc817q1vi00djm9n1qatsoz64Q,unconstrained,24.0,"[[2, 6, 7, 0], [1, 7, 0]]",1.0,1.626,1,Fully conscious/deliberative,Fully clear,Quite easy,Confident,I tried to remember the patterns from yesterday and the color combination at all times
Qc817q1vi00djm9n1qatsoz64Q,unconstrained,25.0,"[[2, 6, 5, 3], [1, 7, 6, 5, 3]]",1.0,1.178,0,Fully conscious/deliberative,Fully clear,Quite easy,Confident,I tried to remember the patterns from yesterday and the color combination at all times
Qc817q1vi00djm9n1qatsoz64Q,unconstrained,26.0,"[[1, 7, 6, 2], [5, 6, 2]]",0.0,0.804,0,Fully conscious/deliberative,Fully clear,Quite easy,Confident,I tried to remember the patterns from yesterday and the color combination at all times
Qc817q1vi00djm9n1qatsoz64Q,unconstrained,27.0,"[[7, 6, 5], [0, 7, 6, 5]]",0.0,1.277,1,Fully conscious/deliberative,Fully clear,Quite easy,Confident,I tried to remember the patterns from yesterday and the color combination at all times
Qc817q1vi00djm9n1qatsoz64Q,unconstrained,28.0,"[[0, 7, 6, 2], [4, 1, 7]]",0.0,1.335,0,Fully conscious/deliberative,Fully clear,Quite easy,Confident,I tried to remember the patterns from yesterday and the color combination at all times
Qc817q1vi00djm9n1qatsoz64Q,unconstrained,29.0,"[[7, 1, 4], [1, 7, 6, 5]]",1.0,0.88,0,Fully conscious/deliberative,Fully clear,Quite easy,Confident,I tried to remember the patterns from yesterday and the color combination at all times
Qc817q1vi00djm9n1qatsoz64Q,unconstrained,30.0,"[[2, 6, 7], [0, 7, 1, 4]]",0.0,1.36,1,Fully conscious/deliberative,Fully clear,Quite easy,Confident,I tried to remember the patterns from yesterday and the color combination at all times
Qc817q1vi00djm9n1qatsoz64Q,unconstrained,31.0,"[[3, 5, 6, 7, 1], [2, 6, 7, 1]]",0.0,1.636,0,Fully conscious/deliberative,Fully clear,Quite easy,Confident,I tried to remember the patterns from yesterday and the color combination at all times
Qc817q1vi00djm9n1qatsoz64Q,unconstrained,32.0,"[[6, 7, 0], [3, 5, 6, 2]]",1.0,0.909,0,Fully conscious/deliberative,Fully clear,Quite easy,Confident,I tried to remember the patterns from yesterday and the color combination at all times
Qc817q1vi00djm9n1qatsoz64Q,unconstrained,33.0,"[[4, 1, 7, 6, 5], [4, 1, 7, 6]]",0.0,2.252,0,Fully conscious/deliberative,Fully clear,Quite easy,Confident,I tried to remember the patterns from yesterday and the color combination at all times
Qc817q1vi00djm9n1qatsoz64Q,unconstrained,34.0,"[[5, 6, 7, 0], [7, 1, 4]]",0.0,0.831,0,Fully conscious/deliberative,Fully clear,Quite easy,Confident,I tried to remember the patterns from yesterday and the color combination at all times
Qc817q1vi00djm9n1qatsoz64Q,unconstrained,35.0,"[[6, 7, 1], [1, 7, 6, 2]]",1.0,0.807,0,Fully conscious/deliberative,Fully clear,Quite easy,Confident,I tried to remember the patterns from yesterday and the color combination at all times
Qc817q1vi00djm9n1qatsoz64Q,unconstrained,36.0,"[[1, 7, 6, 5], [4, 1, 7]]",0.0,0.692,0,Fully conscious/deliberative,Fully clear,Quite easy,Confident,I tried to remember the patterns from yesterday and the color combination at all times
Qc817q1vi00djm9n1qatsoz64Q,unconstrained,37.0,"[[7, 6, 5], [2, 6, 7, 0]]",1.0,0.916,0,Fully conscious/deliberative,Fully clear,Quite easy,Confident,I tried to remember the patterns from yesterday and the color combination at all times
Qc817q1vi00djm9n1qatsoz64Q,unconstrained,38.0,"[[5, 6, 7, 0], [5, 6, 2]]",0.0,0.859,0,Fully conscious/deliberative,Fully clear,Quite easy,Confident,I tried to remember the patterns from yesterday and the color combination at all times
Qc817q1vi00djm9n1qatsoz64Q,unconstrained,39.0,"[[1, 7, 6, 2], [1, 7, 0]]",0.0,0.947,0,Fully conscious/deliberative,Fully clear,Quite easy,Confident,I tried to remember the patterns from yesterday and the color combination at all times
Qc817q1vi00djm9n1qatsoz64Q,unconstrained,40.0,"[[2, 6, 7, 1, 4], [0, 7, 1, 4]]",1.0,1.57,1,Fully conscious/deliberative,Fully clear,Quite easy,Confident,I tried to remember the patterns from yesterday and the color combination at all times
Qc817q1vi00djm9n1qatsoz64Q,unconstrained,41.0,"[[5, 6, 7, 1, 4], [4, 1, 7, 0]]",0.0,0.985,0,Fully conscious/deliberative,Fully clear,Quite easy,Confident,I tried to remember the patterns from yesterday and the color combination at all times
Qc817q1vi00djm9n1qatsoz64Q,unconstrained,42.0,"[[4, 1, 7, 6], [3, 5, 6]]",0.0,0.784,0,Fully conscious/deliberative,Fully clear,Quite easy,Confident,I tried to remember the patterns from yesterday and the color combination at all times
Qc817q1vi00djm9n1qatsoz64Q,unconstrained,43.0,"[[2, 6, 7], [4, 1, 7, 6]]",1.0,0.94,0,Fully conscious/deliberative,Fully clear,Quite easy,Confident,I tried to remember the patterns from yesterday and the color combination at all times
Qc817q1vi00djm9n1qatsoz64Q,unconstrained,44.0,"[[1, 7, 6], [5, 6, 7, 0]]",1.0,0.78,0,Fully conscious/deliberative,Fully clear,Quite easy,Confident,I tried to remember the patterns from yesterday and the color combination at all times
Qc817q1vi00djm9n1qatsoz64Q,unconstrained,45.0,"[[5, 6, 7], [1, 7, 6, 2]]",1.0,0.926,0,Fully conscious/deliberative,Fully clear,Quite easy,Confident,I tried to remember the patterns from yesterday and the color combination at all times
Qc817q1vi00djm9n1qatsoz64Q,unconstrained,46.0,"[[7, 6, 2], [5, 6, 7, 1]]",1.0,0.763,0,Fully conscious/deliberative,Fully clear,Quite easy,Confident,I tried to remember the patterns from yesterday and the color combination at all times
Qc817q1vi00djm9n1qatsoz64Q,unconstrained,47.0,"[[7, 6, 5, 3], [4, 1, 7, 6, 5]]",1.0,0.807,0,Fully conscious/deliberative,Fully clear,Quite easy,Confident,I tried to remember the patterns from yesterday and the color combination at all times
Qc817q1vi00djm9n1qatsoz64Q,unconstrained,48.0,"[[4, 1, 7, 6, 5], [3, 5, 6, 7]]",0.0,0.798,0,Fully conscious/deliberative,Fully clear,Quite easy,Confident,I tried to remember the patterns from yesterday and the color combination at all times
Qc817q1vi00djm9n1qatsoz64Q,unconstrained,49.0,"[[5, 6, 2], [7, 6, 5, 3]]",1.0,0.718,0,Fully conscious/deliberative,Fully clear,Quite easy,Confident,I tried to remember the patterns from yesterday and the color combination at all times
Qc817q1vi00djm9n1qatsoz64Q,unconstrained,50.0,"[[1, 7, 6, 2], [7, 6, 2]]",0.0,0.767,0,Fully conscious/deliberative,Fully clear,Quite easy,Confident,I tried to remember the patterns from yesterday and the color combination at all times
Qc817q1vi00djm9n1qatsoz64Q,unconstrained,51.0,"[[0, 7, 6, 2], [6, 5, 3]]",0.0,0.895,0,Fully conscious/deliberative,Fully clear,Quite easy,Confident,I tried to remember the patterns from yesterday and the color combination at all times
Qc817q1vi00djm9n1qatsoz64Q,unconstrained,52.0,"[[0, 7, 6, 5, 3], [1, 7, 6, 2]]",1.0,1.6,1,Fully conscious/deliberative,Fully clear,Quite easy,Confident,I tried to remember the patterns from yesterday and the color combination at all times
Qc817q1vi00djm9n1qatsoz64Q,unconstrained,53.0,"[[0, 7, 1, 4], [3, 5, 6]]",0.0,1.39,0,Fully conscious/deliberative,Fully clear,Quite easy,Confident,I tried to remember the patterns from yesterday and the color combination at all times
Qc817q1vi00djm9n1qatsoz64Q,unconstrained,54.0,"[[4, 1, 7, 6], [2, 6, 7]]",0.0,0.562,0,Fully conscious/deliberative,Fully clear,Quite easy,Confident,I tried to remember the patterns from yesterday and the color combination at all times
Qc817q1vi00djm9n1qatsoz64Q,unconstrained,55.0,"[[2, 6, 5, 3], [7, 6, 5]]",0.0,0.691,0,Fully conscious/deliberative,Fully clear,Quite easy,Confident,I tried to remember the patterns from yesterday and the color combination at all times
Qc817q1vi00djm9n1qatsoz64Q,unconstrained,56.0,"[[2, 6, 5, 3], [1, 7, 0]]",0.0,0.088,0,Fully conscious/deliberative,Fully clear,Quite easy,Confident,I tried to remember the patterns from yesterday and the color combination at all times
Qc817q1vi00djm9n1qatsoz64Q,unconstrained,57.0,"[[4, 1, 7, 6], [7, 6, 5]]",0.0,0.752,0,Fully conscious/deliberative,Fully clear,Quite easy,Confident,I tried to remember the patterns from yesterday and the color combination at all times
Qc817q1vi00djm9n1qatsoz64Q,unconstrained,58.0,"[[4, 1, 7, 6, 2], [4, 1, 7, 6, 5, 3]]",1.0,0.745,0,Fully conscious/deliberative,Fully clear,Quite easy,Confident,I tried to remember the patterns from yesterday and the color combination at all times
Qc817q1vi00djm9n1qatsoz64Q,unconstrained,59.0,"[[2, 6, 7], [7, 6, 5, 3]]",1.0,0.792,0,Fully conscious/deliberative,Fully clear,Quite easy,Confident,I tried to remember the patterns from yesterday and the color combination at all times
Qc817q1vi00djm9n1qatsoz64Q,unconstrained,60.0,"[[6, 5, 3], [5, 6, 7, 1]]",1.0,0.876,0,Fully conscious/deliberative,Fully clear,Quite easy,Confident,I tried to remember the patterns from yesterday and the color combination at all times
Qc817q1vi00djm9n1qatsoz64Q,unconstrained,61.0,"[[1, 7, 0], [0, 7, 6, 5]]",1.0,0.569,0,Fully conscious/deliberative,Fully clear,Quite easy,Confident,I tried to remember the patterns from yesterday and the color combination at all times
Qc817q1vi00djm9n1qatsoz64Q,unconstrained,62.0,"[[4, 1, 7, 6, 2], [5, 6, 7, 0]]",0.0,0.657,0,Fully conscious/deliberative,Fully clear,Quite easy,Confident,I tried to remember the patterns from yesterday and the color combination at all times
Qc817q1vi00djm9n1qatsoz64Q,unconstrained,63.0,"[[1, 7, 6, 5], [0, 7, 1]]",0.0,0.598,0,Fully conscious/deliberative,Fully clear,Quite easy,Confident,I tried to remember the patterns from yesterday and the color combination at all times
Qc817q1vi00djm9n1qatsoz64Q,unconstrained,64.0,"[[0, 7, 1, 4], [5, 6, 2]]",0.0,0.601,0,Fully conscious/deliberative,Fully clear,Quite easy,Confident,I tried to remember the patterns from yesterday and the color combination at all times
Qc904zk3cotwnbwa9tosb2b5eQ,unconstrained,0.0,"[[2, 6, 7], [6, 7, 1, 4]]",1.0,25.137,0,Fairly conscious/deliberative,Somewhat unclear,Quite hard,Rather unconfident,
Qc904zk3cotwnbwa9tosb2b5eQ,unconstrained,1.0,"[[7, 1, 4], [2, 6, 7, 1]]",1.0,10.265,0,Fairly conscious/deliberative,Somewhat unclear,Quite hard,Rather unconfident,
Qc904zk3cotwnbwa9tosb2b5eQ,unconstrained,2.0,"[[4, 1, 7, 0], [6, 7, 1]]",1.0,16.256,1,Fairly conscious/deliberative,Somewhat unclear,Quite hard,Rather unconfident,
Qc904zk3cotwnbwa9tosb2b5eQ,unconstrained,3.0,"[[0, 7, 1, 4], [7, 6, 5]]",1.0,12.359,1,Fairly conscious/deliberative,Somewhat unclear,Quite hard,Rather unconfident,
Qc904zk3cotwnbwa9tosb2b5eQ,unconstrained,4.0,"[[5, 6, 7, 1, 4], [7, 6, 5, 3]]",0.0,11.422,0,Fairly conscious/deliberative,Somewhat unclear,Quite hard,Rather unconfident,
Qc904zk3cotwnbwa9tosb2b5eQ,unconstrained,5.0,"[[2, 6, 7, 1], [5, 6, 7]]",1.0,11.926,1,Fairly conscious/deliberative,Somewhat unclear,Quite hard,Rather unconfident,
Qc904zk3cotwnbwa9tosb2b5eQ,unconstrained,6.0,"[[1, 7, 6], [1, 7, 6, 2]]",0.0,6.433,1,Fairly conscious/deliberative,Somewhat unclear,Quite hard,Rather unconfident,
Qc904zk3cotwnbwa9tosb2b5eQ,unconstrained,7.0,"[[1, 7, 6, 5], [1, 7, 6]]",0.0,10.917,0,Fairly conscious/deliberative,Somewhat unclear,Quite hard,Rather unconfident,
Qc904zk3cotwnbwa9tosb2b5eQ,unconstrained,8.0,"[[0, 7, 1, 4], [2, 6, 7, 1, 4]]",0.0,7.087,1,Fairly conscious/deliberative,Somewhat unclear,Quite hard,Rather unconfident,
Qc904zk3cotwnbwa9tosb2b5eQ,unconstrained,9.0,"[[1, 7, 6, 2], [2, 6, 7]]",1.0,10.807,1,Fairly conscious/deliberative,Somewhat unclear,Quite hard,Rather unconfident,
Qc904zk3cotwnbwa9tosb2b5eQ,unconstrained,10.0,"[[2, 6, 5], [2, 6, 5, 3]]",0.0,5.47,1,Fairly conscious/deliberative,Somewhat unclear,Quite hard,Rather unconfident,
Qc904zk3cotwnbwa9tosb2b5eQ,unconstrained,11.0,"[[0, 7, 6, 5], [5, 6, 2]]",0.0,11.449,0,Fairly conscious/deliberative,Somewhat unclear,Quite hard,Rather unconfident,
Qc904zk3cotwnbwa9tosb2b5eQ,unconstrained,12.0,"[[6, 7, 1, 4], [6, 5, 3]]",0.0,5.826,0,Fairly conscious/deliberative,Somewhat unclear,Quite hard,Rather unconfident,
Qc904zk3cotwnbwa9tosb2b5eQ,unconstrained,13.0,"[[0, 7, 1], [5, 6, 7, 0]]",0.0,5.194,1,Fairly conscious/deliberative,Somewhat unclear,Quite hard,Rather unconfident,
Qc904zk3cotwnbwa9tosb2b5eQ,unconstrained,14.0,"[[2, 6, 5, 3], [1, 7, 0]]",0.0,8.73,0,Fairly conscious/deliberative,Somewhat unclear,Quite hard,Rather unconfident,
Qc904zk3cotwnbwa9tosb2b5eQ,unconstrained,15.0,"[[5, 6, 2], [3, 5, 6, 7]]",1.0,9.208,0,Fairly conscious/deliberative,Somewhat unclear,Quite hard,Rather unconfident,
Qc904zk3cotwnbwa9tosb2b5eQ,unconstrained,16.0,"[[6, 7, 0], [5, 6, 7, 0]]",0.0,10.486,1,Fairly conscious/deliberative,Somewhat unclear,Quite hard,Rather unconfident,
Qc904zk3cotwnbwa9tosb2b5eQ,unconstrained,17.0,"[[3, 5, 6, 7, 1], [2, 6, 7, 1]]",1.0,16.625,1,Fairly conscious/deliberative,Somewhat unclear,Quite hard,Rather unconfident,
Qc904zk3cotwnbwa9tosb2b5eQ,unconstrained,18.0,"[[0, 7, 6, 2], [4, 1, 7]]",0.0,7.751,0,Fairly conscious/deliberative,Somewhat unclear,Quite hard,Rather unconfident,
Qc904zk3cotwnbwa9tosb2b5eQ,unconstrained,19.0,"[[4, 1, 7, 6], [3, 5, 6, 7, 0]]",1.0,7.8,0,Fairly conscious/deliberative,Somewhat unclear,Quite hard,Rather unconfident,
Qc904zk3cotwnbwa9tosb2b5eQ,unconstrained,20.0,"[[6, 5, 3], [4, 1, 7, 0]]",0.0,8.206,1,Fairly conscious/deliberative,Somewhat unclear,Quite hard,Rather unconfident,
Qc904zk3cotwnbwa9tosb2b5eQ,unconstrained,21.0,"[[4, 1, 7, 6, 5, 3], [2, 6, 7, 1, 4]]",1.0,9.714,1,Fairly conscious/deliberative,Somewhat unclear,Quite hard,Rather unconfident,
Qc904zk3cotwnbwa9tosb2b5eQ,unconstrained,22.0,"[[1, 7, 6], [0, 7, 6, 5]]",0.0,7.753,1,Fairly conscious/deliberative,Somewhat unclear,Quite hard,Rather unconfident,
Qc904zk3cotwnbwa9tosb2b5eQ,unconstrained,23.0,"[[3, 5, 6, 7], [4, 1, 7, 6, 2]]",0.0,5.52,1,Fairly conscious/deliberative,Somewhat unclear,Quite hard,Rather unconfident,
Qc904zk3cotwnbwa9tosb2b5eQ,unconstrained,24.0,"[[5, 6, 7, 1, 4], [6, 7, 1, 4]]",0.0,7.293,0,Fairly conscious/deliberative,Somewhat unclear,Quite hard,Rather unconfident,
Qc904zk3cotwnbwa9tosb2b5eQ,unconstrained,25.0,"[[2, 6, 7, 0], [0, 7, 6, 5, 3]]",1.0,7.043,0,Fairly conscious/deliberative,Somewhat unclear,Quite hard,Rather unconfident,
Qc904zk3cotwnbwa9tosb2b5eQ,unconstrained,26.0,"[[6, 5, 3], [1, 7, 6, 2]]",0.0,4.793,1,Fairly conscious/deliberative,Somewhat unclear,Quite hard,Rather unconfident,
Qc904zk3cotwnbwa9tosb2b5eQ,unconstrained,27.0,"[[2, 6, 5, 3], [7, 1, 4]]",0.0,12.03,0,Fairly conscious/deliberative,Somewhat unclear,Quite hard,Rather unconfident,
Qc904zk3cotwnbwa9tosb2b5eQ,unconstrained,28.0,"[[3, 5, 6, 2], [6, 7, 1]]",0.0,8.248,0,Fairly conscious/deliberative,Somewhat unclear,Quite hard,Rather unconfident,
Qc904zk3cotwnbwa9tosb2b5eQ,unconstrained,29.0,"[[2, 6, 5], [4, 1, 7, 0]]",0.0,6.074,1,Fairly conscious/deliberative,Somewhat unclear,Quite hard,Rather unconfident,
Qc904zk3cotwnbwa9tosb2b5eQ,unconstrained,30.0,"[[4, 1, 7, 6, 2], [0, 7, 6, 5]]",0.0,6.133,0,Fairly conscious/deliberative,Somewhat unclear,Quite hard,Rather unconfident,
Qc904zk3cotwnbwa9tosb2b5eQ,unconstrained,31.0,"[[3, 5, 6, 7, 0], [2, 6, 7, 1]]",1.0,7.17,1,Fairly conscious/deliberative,Somewhat unclear,Quite hard,Rather unconfident,
Qc904zk3cotwnbwa9tosb2b5eQ,unconstrained,32.0,"[[0, 7, 1, 4], [7, 6, 2]]",1.0,4.641,1,Fairly conscious/deliberative,Somewhat unclear,Quite hard,Rather unconfident,
Qc904zk3cotwnbwa9tosb2b5eQ,unconstrained,33.0,"[[4, 1, 7, 6], [6, 5, 3]]",0.0,5.481,0,Fairly conscious/deliberative,Somewhat unclear,Quite hard,Rather unconfident,
Qc904zk3cotwnbwa9tosb2b5eQ,unconstrained,34.0,"[[4, 1, 7, 6], [3, 5, 6, 7, 1]]",1.0,5.961,0,Fairly conscious/deliberative,Somewhat unclear,Quite hard,Rather unconfident,
Qc904zk3cotwnbwa9tosb2b5eQ,unconstrained,35.0,"[[5, 6, 7, 1, 4], [4, 1, 7, 0]]",0.0,4.105,0,Fairly conscious/deliberative,Somewhat unclear,Quite hard,Rather unconfident,
Qc904zk3cotwnbwa9tosb2b5eQ,unconstrained,36.0,"[[6, 7, 1, 4], [5, 6, 7]]",1.0,5.479,1,Fairly conscious/deliberative,Somewhat unclear,Quite hard,Rather unconfident,
Qc904zk3cotwnbwa9tosb2b5eQ,unconstrained,37.0,"[[2, 6, 5, 3], [1, 7, 6, 5, 3]]",1.0,3.46,0,Fairly conscious/deliberative,Somewhat unclear,Quite hard,Rather unconfident,
Qc904zk3cotwnbwa9tosb2b5eQ,unconstrained,38.0,"[[4, 1, 7, 6], [7, 6, 2]]",1.0,3.6,1,Fairly conscious/deliberative,Somewhat unclear,Quite hard,Rather unconfident,
Qc904zk3cotwnbwa9tosb2b5eQ,unconstrained,39.0,"[[1, 7, 0], [4, 1, 7, 6]]",0.0,5.475,1,Fairly conscious/deliberative,Somewhat unclear,Quite hard,Rather unconfident,
Qc904zk3cotwnbwa9tosb2b5eQ,unconstrained,40.0,"[[1, 7, 6, 2], [1, 7, 0]]",0.0,4.957,0,Fairly conscious/deliberative,Somewhat unclear,Quite hard,Rather unconfident,
Qc904zk3cotwnbwa9tosb2b5eQ,unconstrained,41.0,"[[1, 7, 6, 5], [1, 7, 0]]",0.0,4.492,0,Fairly conscious/deliberative,Somewhat unclear,Quite hard,Rather unconfident,
Qc904zk3cotwnbwa9tosb2b5eQ,unconstrained,42.0,"[[2, 6, 5], [2, 6, 7, 1]]",0.0,5.101,1,Fairly conscious/deliberative,Somewhat unclear,Quite hard,Rather unconfident,
Qc904zk3cotwnbwa9tosb2b5eQ,unconstrained,43.0,"[[7, 1, 4], [1, 7, 6, 5]]",0.0,8.285,1,Fairly conscious/deliberative,Somewhat unclear,Quite hard,Rather unconfident,
Qc904zk3cotwnbwa9tosb2b5eQ,unconstrained,44.0,"[[3, 5, 6], [0, 7, 6, 2]]",0.0,3.814,1,Fairly conscious/deliberative,Somewhat unclear,Quite hard,Rather unconfident,
Qc904zk3cotwnbwa9tosb2b5eQ,unconstrained,45.0,"[[4, 1, 7, 6], [5, 6, 2]]",0.0,3.147,0,Fairly conscious/deliberative,Somewhat unclear,Quite hard,Rather unconfident,
Qc904zk3cotwnbwa9tosb2b5eQ,unconstrained,46.0,"[[4, 1, 7, 0], [7, 6, 2]]",1.0,11.562,1,Fairly conscious/deliberative,Somewhat unclear,Quite hard,Rather unconfident,
Qc904zk3cotwnbwa9tosb2b5eQ,unconstrained,47.0,"[[7, 6, 5], [0, 7, 6, 5]]",1.0,4.237,0,Fairly conscious/deliberative,Somewhat unclear,Quite hard,Rather unconfident,
Qc904zk3cotwnbwa9tosb2b5eQ,unconstrained,48.0,"[[6, 7, 0], [0, 7, 1, 4]]",1.0,3.587,0,Fairly conscious/deliberative,Somewhat unclear,Quite hard,Rather unconfident,
Qc904zk3cotwnbwa9tosb2b5eQ,unconstrained,49.0,"[[7, 1, 4], [1, 7, 6, 5]]",0.0,5.118,1,Fairly conscious/deliberative,Somewhat unclear,Quite hard,Rather unconfident,
Qc904zk3cotwnbwa9tosb2b5eQ,unconstrained,50.0,"[[4, 1, 7], [5, 6, 7, 0]]",0.0,4.871,1,Fairly conscious/deliberative,Somewhat unclear,Quite hard,Rather unconfident,
Qc904zk3cotwnbwa9tosb2b5eQ,unconstrained,51.0,"[[1, 7, 6, 2], [0, 7, 1]]",0.0,3.437,0,Fairly conscious/deliberative,Somewhat unclear,Quite hard,Rather unconfident,
Qc904zk3cotwnbwa9tosb2b5eQ,unconstrained,52.0,"[[3, 5, 6, 7, 1], [5, 6, 7, 1]]",1.0,3.423,1,Fairly conscious/deliberative,Somewhat unclear,Quite hard,Rather unconfident,
Qc904zk3cotwnbwa9tosb2b5eQ,unconstrained,53.0,"[[1, 7, 6, 5], [7, 6, 2]]",1.0,4.857,1,Fairly conscious/deliberative,Somewhat unclear,Quite hard,Rather unconfident,
Qc904zk3cotwnbwa9tosb2b5eQ,unconstrained,54.0,"[[4, 1, 7, 6, 5], [7, 6, 5, 3]]",0.0,3.176,0,Fairly conscious/deliberative,Somewhat unclear,Quite hard,Rather unconfident,
Qc904zk3cotwnbwa9tosb2b5eQ,unconstrained,55.0,"[[7, 6, 5], [5, 6, 7, 1]]",1.0,6.366,0,Fairly conscious/deliberative,Somewhat unclear,Quite hard,Rather unconfident,
Qc904zk3cotwnbwa9tosb2b5eQ,unconstrained,56.0,"[[4, 1, 7], [2, 6, 7, 1]]",0.0,4.634,1,Fairly conscious/deliberative,Somewhat unclear,Quite hard,Rather unconfident,
Qc904zk3cotwnbwa9tosb2b5eQ,unconstrained,57.0,"[[5, 6, 2], [1, 7, 6, 5]]",0.0,2.985,1,Fairly conscious/deliberative,Somewhat unclear,Quite hard,Rather unconfident,
Qc904zk3cotwnbwa9tosb2b5eQ,unconstrained,58.0,"[[2, 6, 7, 1, 4], [2, 6, 5, 3]]",0.0,7.427,0,Fairly conscious/deliberative,Somewhat unclear,Quite hard,Rather unconfident,
Qc904zk3cotwnbwa9tosb2b5eQ,unconstrained,59.0,"[[3, 5, 6, 2], [5, 6, 7]]",1.0,3.62,1,Fairly conscious/deliberative,Somewhat unclear,Quite hard,Rather unconfident,
Qc904zk3cotwnbwa9tosb2b5eQ,unconstrained,60.0,"[[7, 6, 2], [7, 6, 5, 3]]",1.0,3.168,0,Fairly conscious/deliberative,Somewhat unclear,Quite hard,Rather unconfident,
Qc904zk3cotwnbwa9tosb2b5eQ,unconstrained,61.0,"[[7, 6, 5], [2, 6, 7, 0]]",1.0,4.071,0,Fairly conscious/deliberative,Somewhat unclear,Quite hard,Rather unconfident,
Qc904zk3cotwnbwa9tosb2b5eQ,unconstrained,62.0,"[[0, 7, 1], [0, 7, 6, 2]]",0.0,4.847,1,Fairly conscious/deliberative,Somewhat unclear,Quite hard,Rather unconfident,
Qc904zk3cotwnbwa9tosb2b5eQ,unconstrained,63.0,"[[2, 6, 5, 3], [0, 7, 6]]",0.0,7.343,0,Fairly conscious/deliberative,Somewhat unclear,Quite hard,Rather unconfident,
Qc904zk3cotwnbwa9tosb2b5eQ,unconstrained,64.0,"[[3, 5, 6], [5, 6, 7, 1]]",0.0,11.881,1,Fairly conscious/deliberative,Somewhat unclear,Quite hard,Rather unconfident,
Qcn39qwbwepty860pzdnrhydiQ,unconstrained,0.0,"[[3, 5, 6, 7], [4, 1, 7, 6, 5]]",1.0,10.027,0,Fully conscious/deliberative,Fully clear,Hard,Rather unconfident,No nothing was unclear or confusing
Qcn39qwbwepty860pzdnrhydiQ,unconstrained,1.0,"[[0, 7, 6], [4, 1, 7, 0]]",1.0,12.279,0,Fully conscious/deliberative,Fully clear,Hard,Rather unconfident,No nothing was unclear or confusing
Qcn39qwbwepty860pzdnrhydiQ,unconstrained,2.0,"[[2, 6, 5, 3], [6, 7, 1]]",1.0,4.228,1,Fully conscious/deliberative,Fully clear,Hard,Rather unconfident,No nothing was unclear or confusing
Qcn39qwbwepty860pzdnrhydiQ,unconstrained,3.0,"[[5, 6, 7, 1], [7, 6, 2]]",1.0,4.598,1,Fully conscious/deliberative,Fully clear,Hard,Rather unconfident,No nothing was unclear or confusing
Qcn39qwbwepty860pzdnrhydiQ,unconstrained,4.0,"[[4, 1, 7, 6], [3, 5, 6]]",0.0,3.731,0,Fully conscious/deliberative,Fully clear,Hard,Rather unconfident,No nothing was unclear or confusing
Qcn39qwbwepty860pzdnrhydiQ,unconstrained,5.0,"[[5, 6, 7, 1], [7, 1, 4]]",1.0,4.275,1,Fully conscious/deliberative,Fully clear,Hard,Rather unconfident,No nothing was unclear or confusing
Qcn39qwbwepty860pzdnrhydiQ,unconstrained,6.0,"[[2, 6, 7, 1], [1, 7, 6]]",1.0,2.887,1,Fully conscious/deliberative,Fully clear,Hard,Rather unconfident,No nothing was unclear or confusing
Qcn39qwbwepty860pzdnrhydiQ,unconstrained,7.0,"[[5, 6, 7], [0, 7, 6, 2]]",1.0,1.353,0,Fully conscious/deliberative,Fully clear,Hard,Rather unconfident,No nothing was unclear or confusing
Qcn39qwbwepty860pzdnrhydiQ,unconstrained,8.0,"[[5, 6, 2], [7, 6, 5, 3]]",1.0,1.228,0,Fully conscious/deliberative,Fully clear,Hard,Rather unconfident,No nothing was unclear or confusing
Qcn39qwbwepty860pzdnrhydiQ,unconstrained,9.0,"[[4, 1, 7, 0], [5, 6, 7]]",1.0,14.842,1,Fully conscious/deliberative,Fully clear,Hard,Rather unconfident,No nothing was unclear or confusing
Qcn39qwbwepty860pzdnrhydiQ,unconstrained,10.0,"[[7, 1, 4], [0, 7, 6, 5]]",1.0,2.194,0,Fully conscious/deliberative,Fully clear,Hard,Rather unconfident,No nothing was unclear or confusing
Qcn39qwbwepty860pzdnrhydiQ,unconstrained,11.0,"[[5, 6, 7, 1], [7, 6, 5]]",0.0,2.875,0,Fully conscious/deliberative,Fully clear,Hard,Rather unconfident,No nothing was unclear or confusing
Qcn39qwbwepty860pzdnrhydiQ,unconstrained,12.0,"[[5, 6, 7, 1], [3, 5, 6]]",1.0,1.584,1,Fully conscious/deliberative,Fully clear,Hard,Rather unconfident,No nothing was unclear or confusing
Qcn39qwbwepty860pzdnrhydiQ,unconstrained,13.0,"[[1, 7, 6, 5], [5, 6, 2]]",0.0,1.51,0,Fully conscious/deliberative,Fully clear,Hard,Rather unconfident,No nothing was unclear or confusing
Qcn39qwbwepty860pzdnrhydiQ,unconstrained,14.0,"[[2, 6, 5, 3], [6, 7, 0]]",0.0,1.758,0,Fully conscious/deliberative,Fully clear,Hard,Rather unconfident,No nothing was unclear or confusing
Qcn39qwbwepty860pzdnrhydiQ,unconstrained,15.0,"[[2, 6, 5], [4, 1, 7, 0]]",0.0,1.453,1,Fully conscious/deliberative,Fully clear,Hard,Rather unconfident,No nothing was unclear or confusing
Qcn39qwbwepty860pzdnrhydiQ,unconstrained,16.0,"[[6, 7, 1, 4], [5, 6, 7]]",0.0,7.758,0,Fully conscious/deliberative,Fully clear,Hard,Rather unconfident,No nothing was unclear or confusing
Qcn39qwbwepty860pzdnrhydiQ,unconstrained,17.0,"[[4, 1, 7, 6, 5], [4, 1, 7, 0]]",1.0,1.8,1,Fully conscious/deliberative,Fully clear,Hard,Rather unconfident,No nothing was unclear or confusing
Qcn39qwbwepty860pzdnrhydiQ,unconstrained,18.0,"[[4, 1, 7, 6], [1, 7, 0]]",0.0,1.791,0,Fully conscious/deliberative,Fully clear,Hard,Rather unconfident,No nothing was unclear or confusing
Qcn39qwbwepty860pzdnrhydiQ,unconstrained,19.0,"[[3, 5, 6, 7], [4, 1, 7, 6, 5]]",1.0,2.166,0,Fully conscious/deliberative,Fully clear,Hard,Rather unconfident,No nothing was unclear or confusing
Qcn39qwbwepty860pzdnrhydiQ,unconstrained,20.0,"[[3, 5, 6, 2], [5, 6, 2]]",1.0,1.311,1,Fully conscious/deliberative,Fully clear,Hard,Rather unconfident,No nothing was unclear or confusing
Qcn39qwbwepty860pzdnrhydiQ,unconstrained,21.0,"[[4, 1, 7], [1, 7, 6, 5]]",1.0,2.784,0,Fully conscious/deliberative,Fully clear,Hard,Rather unconfident,No nothing was unclear or confusing
Qcn39qwbwepty860pzdnrhydiQ,unconstrained,22.0,"[[1, 7, 6, 2], [5, 6, 7]]",1.0,8.13,1,Fully conscious/deliberative,Fully clear,Hard,Rather unconfident,No nothing was unclear or confusing
Qcn39qwbwepty860pzdnrhydiQ,unconstrained,23.0,"[[2, 6, 7], [4, 1, 7, 0]]",1.0,1.582,0,Fully conscious/deliberative,Fully clear,Hard,Rather unconfident,No nothing was unclear or confusing
Qcn39qwbwepty860pzdnrhydiQ,unconstrained,24.0,"[[4, 1, 7, 6, 5], [6, 7, 1, 4]]",0.0,2.559,0,Fully conscious/deliberative,Fully clear,Hard,Rather unconfident,No nothing was unclear or confusing
Qcn39qwbwepty860pzdnrhydiQ,unconstrained,25.0,"[[4, 1, 7, 6], [3, 5, 6, 7, 1]]",0.0,1.27,1,Fully conscious/deliberative,Fully clear,Hard,Rather unconfident,No nothing was unclear or confusing
Qcn39qwbwepty860pzdnrhydiQ,unconstrained,26.0,"[[0, 7, 6, 5, 3], [4, 1, 7, 6]]",0.0,1.335,0,Fully conscious/deliberative,Fully clear,Hard,Rather unconfident,No nothing was unclear or confusing
Qcn39qwbwepty860pzdnrhydiQ,unconstrained,27.0,"[[2, 6, 7, 1], [1, 7, 0]]",1.0,3.101,1,Fully conscious/deliberative,Fully clear,Hard,Rather unconfident,No nothing was unclear or confusing
Qcn39qwbwepty860pzdnrhydiQ,unconstrained,28.0,"[[0, 7, 1], [5, 6, 7, 1]]",1.0,1.499,0,Fully conscious/deliberative,Fully clear,Hard,Rather unconfident,No nothing was unclear or confusing
Qcn39qwbwepty860pzdnrhydiQ,unconstrained,29.0,"[[4, 1, 7, 0], [3, 5, 6]]",1.0,2.424,1,Fully conscious/deliberative,Fully clear,Hard,Rather unconfident,No nothing was unclear or confusing
Qcn39qwbwepty860pzdnrhydiQ,unconstrained,30.0,"[[4, 1, 7, 0], [4, 1, 7, 6, 2]]",0.0,274.314,1,Fully conscious/deliberative,Fully clear,Hard,Rather unconfident,No nothing was unclear or confusing
Qcn39qwbwepty860pzdnrhydiQ,unconstrained,31.0,"[[2, 6, 5], [4, 1, 7, 6]]",0.0,80.25,1,Fully conscious/deliberative,Fully clear,Hard,Rather unconfident,No nothing was unclear or confusing
Qcn39qwbwepty860pzdnrhydiQ,unconstrained,32.0,"[[6, 5, 3], [2, 6, 7, 0]]",1.0,299.437,0,Fully conscious/deliberative,Fully clear,Hard,Rather unconfident,No nothing was unclear or confusing
Qcn39qwbwepty860pzdnrhydiQ,unconstrained,33.0,"[[3, 5, 6, 7, 0], [2, 6, 7, 1]]",1.0,64.114,1,Fully conscious/deliberative,Fully clear,Hard,Rather unconfident,No nothing was unclear or confusing
Qcn39qwbwepty860pzdnrhydiQ,unconstrained,34.0,"[[4, 1, 7, 6], [3, 5, 6]]",0.0,1.658,0,Fully conscious/deliberative,Fully clear,Hard,Rather unconfident,No nothing was unclear or confusing
Qcn39qwbwepty860pzdnrhydiQ,unconstrained,35.0,"[[7, 1, 4], [2, 6, 5, 3]]",0.0,2.342,1,Fully conscious/deliberative,Fully clear,Hard,Rather unconfident,No nothing was unclear or confusing
Qcn39qwbwepty860pzdnrhydiQ,unconstrained,36.0,"[[2, 6, 7], [2, 6, 7, 1]]",0.0,5.046,1,Fully conscious/deliberative,Fully clear,Hard,Rather unconfident,No nothing was unclear or confusing
Qcn39qwbwepty860pzdnrhydiQ,unconstrained,37.0,"[[3, 5, 6, 7, 0], [0, 7, 6, 2]]",0.0,5.305,0,Fully conscious/deliberative,Fully clear,Hard,Rather unconfident,No nothing was unclear or confusing
Qcn39qwbwepty860pzdnrhydiQ,unconstrained,38.0,"[[2, 6, 7, 1], [1, 7, 6, 5, 3]]",0.0,5.931,1,Fully conscious/deliberative,Fully clear,Hard,Rather unconfident,No nothing was unclear or confusing
Qcn39qwbwepty860pzdnrhydiQ,unconstrained,39.0,"[[2, 6, 5, 3], [2, 6, 7, 1, 4]]",1.0,5.569,0,Fully conscious/deliberative,Fully clear,Hard,Rather unconfident,No nothing was unclear or confusing
Qcn39qwbwepty860pzdnrhydiQ,unconstrained,40.0,"[[3, 5, 6], [2, 6, 7, 1]]",0.0,1.841,1,Fully conscious/deliberative,Fully clear,Hard,Rather unconfident,No nothing was unclear or confusing
Qcn39qwbwepty860pzdnrhydiQ,unconstrained,41.0,"[[5, 6, 7, 0], [6, 7, 1]]",0.0,1.088,0,Fully conscious/deliberative,Fully clear,Hard,Rather unconfident,No nothing was unclear or confusing
Qcn39qwbwepty860pzdnrhydiQ,unconstrained,42.0,"[[2, 6, 7], [6, 7, 1, 4]]",0.0,1.789,1,Fully conscious/deliberative,Fully clear,Hard,Rather unconfident,No nothing was unclear or confusing
Qcn39qwbwepty860pzdnrhydiQ,unconstrained,43.0,"[[6, 7, 1], [0, 7, 1, 4]]",0.0,2.447,1,Fully conscious/deliberative,Fully clear,Hard,Rather unconfident,No nothing was unclear or confusing
Qcn39qwbwepty860pzdnrhydiQ,unconstrained,44.0,"[[1, 7, 0], [1, 7, 6, 2]]",1.0,5.635,0,Fully conscious/deliberative,Fully clear,Hard,Rather unconfident,No nothing was unclear or confusing
Qcn39qwbwepty860pzdnrhydiQ,unconstrained,45.0,"[[5, 6, 7, 0], [5, 6, 2]]",1.0,15.621,1,Fully conscious/deliberative,Fully clear,Hard,Rather unconfident,No nothing was unclear or confusing
Qcn39qwbwepty860pzdnrhydiQ,unconstrained,46.0,"[[4, 1, 7], [1, 7, 6, 2]]",1.0,2.368,0,Fully conscious/deliberative,Fully clear,Hard,Rather unconfident,No nothing was unclear or confusing
Qcn39qwbwepty860pzdnrhydiQ,unconstrained,47.0,"[[6, 7, 1], [1, 7, 6, 5]]",0.0,1.373,1,Fully conscious/deliberative,Fully clear,Hard,Rather unconfident,No nothing was unclear or confusing
Qcn39qwbwepty860pzdnrhydiQ,unconstrained,48.0,"[[4, 1, 7, 6, 5, 3], [2, 6, 7, 1, 4]]",0.0,1.429,0,Fully conscious/deliberative,Fully clear,Hard,Rather unconfident,No nothing was unclear or confusing
Qcn39qwbwepty860pzdnrhydiQ,unconstrained,49.0,"[[6, 7, 1, 4], [2, 6, 7]]",0.0,1.134,0,Fully conscious/deliberative,Fully clear,Hard,Rather unconfident,No nothing was unclear or confusing
Qcn39qwbwepty860pzdnrhydiQ,unconstrained,50.0,"[[1, 7, 6, 2], [4, 1, 7]]",1.0,6.715,1,Fully conscious/deliberative,Fully clear,Hard,Rather unconfident,No nothing was unclear or confusing
Qcn39qwbwepty860pzdnrhydiQ,unconstrained,51.0,"[[3, 5, 6, 7], [4, 1, 7, 6, 2]]",1.0,1.132,0,Fully conscious/deliberative,Fully clear,Hard,Rather unconfident,No nothing was unclear or confusing
Qcn39qwbwepty860pzdnrhydiQ,unconstrained,52.0,"[[0, 7, 1], [0, 7, 6, 2]]",0.0,1.535,1,Fully conscious/deliberative,Fully clear,Hard,Rather unconfident,No nothing was unclear or confusing
Qcn39qwbwepty860pzdnrhydiQ,unconstrained,53.0,"[[1, 7, 0], [2, 6, 5, 3]]",1.0,1.184,0,Fully conscious/deliberative,Fully clear,Hard,Rather unconfident,No nothing was unclear or confusing
Qcn39qwbwepty860pzdnrhydiQ,unconstrained,54.0,"[[0, 7, 6], [5, 6, 7, 0]]",0.0,0.931,1,Fully conscious/deliberative,Fully clear,Hard,Rather unconfident,No nothing was unclear or confusing
Qcn39qwbwepty860pzdnrhydiQ,unconstrained,55.0,"[[1, 7, 6, 5], [1, 7, 6, 5, 3]]",0.0,1.455,1,Fully conscious/deliberative,Fully clear,Hard,Rather unconfident,No nothing was unclear or confusing
Qcn39qwbwepty860pzdnrhydiQ,unconstrained,56.0,"[[3, 5, 6, 7, 1], [3, 5, 6, 2]]",0.0,1.81,0,Fully conscious/deliberative,Fully clear,Hard,Rather unconfident,No nothing was unclear or confusing
Qcn39qwbwepty860pzdnrhydiQ,unconstrained,57.0,"[[7, 6, 5], [0, 7, 6, 5]]",0.0,0.953,1,Fully conscious/deliberative,Fully clear,Hard,Rather unconfident,No nothing was unclear or confusing
Qcn39qwbwepty860pzdnrhydiQ,unconstrained,58.0,"[[7, 1, 4], [2, 6, 7, 0]]",0.0,121.661,1,Fully conscious/deliberative,Fully clear,Hard,Rather unconfident,No nothing was unclear or confusing
Qcn39qwbwepty860pzdnrhydiQ,unconstrained,59.0,"[[0, 7, 6, 5], [4, 1, 7, 6, 2]]",1.0,3.671,0,Fully conscious/deliberative,Fully clear,Hard,Rather unconfident,No nothing was unclear or confusing
Qcn39qwbwepty860pzdnrhydiQ,unconstrained,60.0,"[[3, 5, 6, 7], [2, 6, 7]]",1.0,2.21,1,Fully conscious/deliberative,Fully clear,Hard,Rather unconfident,No nothing was unclear or confusing
Qcn39qwbwepty860pzdnrhydiQ,unconstrained,61.0,"[[7, 6, 5], [2, 6, 5, 3]]",1.0,2.637,0,Fully conscious/deliberative,Fully clear,Hard,Rather unconfident,No nothing was unclear or confusing
Qcn39qwbwepty860pzdnrhydiQ,unconstrained,62.0,"[[0, 7, 1], [0, 7, 6, 5]]",0.0,2.082,1,Fully conscious/deliberative,Fully clear,Hard,Rather unconfident,No nothing was unclear or confusing
Qcn39qwbwepty860pzdnrhydiQ,unconstrained,63.0,"[[0, 7, 1, 4], [2, 6, 7]]",1.0,1.353,1,Fully conscious/deliberative,Fully clear,Hard,Rather unconfident,No nothing was unclear or confusing
Qcn39qwbwepty860pzdnrhydiQ,unconstrained,64.0,"[[2, 6, 7, 1], [2, 6, 5]]",0.0,1.346,0,Fully conscious/deliberative,Fully clear,Hard,Rather unconfident,No nothing was unclear or confusing
Qeirpgvl27yawfz1kjofdpwjkQ,unconstrained,0.0,"[[2, 6, 7, 1], [5, 6, 2]]",1.0,6.4,1,Fairly intuitive/unconscious,Somewhat unclear,Quite easy,Rather confident,
Qeirpgvl27yawfz1kjofdpwjkQ,unconstrained,1.0,"[[4, 1, 7], [0, 7, 6, 5]]",1.0,2.746,0,Fairly intuitive/unconscious,Somewhat unclear,Quite easy,Rather confident,
Qeirpgvl27yawfz1kjofdpwjkQ,unconstrained,2.0,"[[0, 7, 6, 5, 3], [0, 7, 6, 2]]",1.0,1.115,1,Fairly intuitive/unconscious,Somewhat unclear,Quite easy,Rather confident,
Qeirpgvl27yawfz1kjofdpwjkQ,unconstrained,3.0,"[[5, 6, 7, 1], [7, 1, 4]]",1.0,1.172,1,Fairly intuitive/unconscious,Somewhat unclear,Quite easy,Rather confident,
Qeirpgvl27yawfz1kjofdpwjkQ,unconstrained,4.0,"[[4, 1, 7, 0], [0, 7, 6]]",0.0,1.1,0,Fairly intuitive/unconscious,Somewhat unclear,Quite easy,Rather confident,
Qeirpgvl27yawfz1kjofdpwjkQ,unconstrained,5.0,"[[2, 6, 7, 1], [6, 5, 3]]",0.0,0.958,0,Fairly intuitive/unconscious,Somewhat unclear,Quite easy,Rather confident,
Qeirpgvl27yawfz1kjofdpwjkQ,unconstrained,6.0,"[[5, 6, 7], [2, 6, 7, 1]]",1.0,0.953,0,Fairly intuitive/unconscious,Somewhat unclear,Quite easy,Rather confident,
Qeirpgvl27yawfz1kjofdpwjkQ,unconstrained,7.0,"[[1, 7, 6, 2], [3, 5, 6, 7, 1]]",0.0,1.103,1,Fairly intuitive/unconscious,Somewhat unclear,Quite easy,Rather confident,
Qeirpgvl27yawfz1kjofdpwjkQ,unconstrained,10.0,"[[2, 6, 5], [2, 6, 5, 3]]",1.0,1.096,0,Fairly intuitive/unconscious,Somewhat unclear,Quite easy,Rather confident,
Qeirpgvl27yawfz1kjofdpwjkQ,unconstrained,9.0,"[[6, 7, 1], [5, 6, 7, 0]]",1.0,0.723,0,Fairly intuitive/unconscious,Somewhat unclear,Quite easy,Rather confident,
Qeirpgvl27yawfz1kjofdpwjkQ,unconstrained,8.0,"[[5, 6, 2], [0, 7, 1, 4]]",1.0,1.064,0,Fairly intuitive/unconscious,Somewhat unclear,Quite easy,Rather confident,
Qeirpgvl27yawfz1kjofdpwjkQ,unconstrained,11.0,"[[7, 6, 5], [4, 1, 7, 6]]",0.0,1.057,1,Fairly intuitive/unconscious,Somewhat unclear,Quite easy,Rather confident,
Qeirpgvl27yawfz1kjofdpwjkQ,unconstrained,12.0,"[[3, 5, 6, 2], [6, 7, 1]]",1.0,0.686,1,Fairly intuitive/unconscious,Somewhat unclear,Quite easy,Rather confident,
Qeirpgvl27yawfz1kjofdpwjkQ,unconstrained,13.0,"[[1, 7, 6, 5], [5, 6, 7]]",1.0,0.789,1,Fairly intuitive/unconscious,Somewhat unclear,Quite easy,Rather confident,
Qeirpgvl27yawfz1kjofdpwjkQ,unconstrained,14.0,"[[4, 1, 7, 6, 2], [4, 1, 7, 6, 5, 3]]",1.0,0.884,0,Fairly intuitive/unconscious,Somewhat unclear,Quite easy,Rather confident,
Qeirpgvl27yawfz1kjofdpwjkQ,unconstrained,15.0,"[[6, 5, 3], [0, 7, 1, 4]]",1.0,0.646,0,Fairly intuitive/unconscious,Somewhat unclear,Quite easy,Rather confident,
Qeirpgvl27yawfz1kjofdpwjkQ,unconstrained,16.0,"[[1, 7, 6, 2], [2, 6, 7]]",0.0,0.756,0,Fairly intuitive/unconscious,Somewhat unclear,Quite easy,Rather confident,
Qeirpgvl27yawfz1kjofdpwjkQ,unconstrained,17.0,"[[2, 6, 7, 1, 4], [5, 6, 7, 0]]",0.0,0.709,0,Fairly intuitive/unconscious,Somewhat unclear,Quite easy,Rather confident,
Qeirpgvl27yawfz1kjofdpwjkQ,unconstrained,18.0,"[[0, 7, 6, 2], [6, 5, 3]]",1.0,1.061,1,Fairly intuitive/unconscious,Somewhat unclear,Quite easy,Rather confident,
Qeirpgvl27yawfz1kjofdpwjkQ,unconstrained,19.0,"[[2, 6, 5], [1, 7, 6, 5]]",1.0,1.199,0,Fairly intuitive/unconscious,Somewhat unclear,Quite easy,Rather confident,
Qeirpgvl27yawfz1kjofdpwjkQ,unconstrained,20.0,"[[2, 6, 7, 1], [3, 5, 6, 7, 0]]",0.0,0.849,1,Fairly intuitive/unconscious,Somewhat unclear,Quite easy,Rather confident,
Qeirpgvl27yawfz1kjofdpwjkQ,unconstrained,21.0,"[[1, 7, 6, 5], [6, 5, 3]]",1.0,0.743,1,Fairly intuitive/unconscious,Somewhat unclear,Quite easy,Rather confident,
Qeirpgvl27yawfz1kjofdpwjkQ,unconstrained,22.0,"[[6, 7, 1], [1, 7, 6, 5]]",0.0,0.64,1,Fairly intuitive/unconscious,Somewhat unclear,Quite easy,Rather confident,
Qeirpgvl27yawfz1kjofdpwjkQ,unconstrained,23.0,"[[7, 1, 4], [0, 7, 6, 2]]",1.0,1.14,0,Fairly intuitive/unconscious,Somewhat unclear,Quite easy,Rather confident,
Qeirpgvl27yawfz1kjofdpwjkQ,unconstrained,24.0,"[[4, 1, 7, 6, 5], [7, 6, 5, 3]]",0.0,0.532,0,Fairly intuitive/unconscious,Somewhat unclear,Quite easy,Rather confident,
Qeirpgvl27yawfz1kjofdpwjkQ,unconstrained,25.0,"[[1, 7, 0], [1, 7, 6, 2]]",1.0,0.567,0,Fairly intuitive/unconscious,Somewhat unclear,Quite easy,Rather confident,
Qeirpgvl27yawfz1kjofdpwjkQ,unconstrained,26.0,"[[1, 7, 6, 5], [1, 7, 0]]",0.0,0.623,0,Fairly intuitive/unconscious,Somewhat unclear,Quite easy,Rather confident,
Qeirpgvl27yawfz1kjofdpwjkQ,unconstrained,27.0,"[[5, 6, 7], [5, 6, 7, 0]]",0.0,0.867,1,Fairly intuitive/unconscious,Somewhat unclear,Quite easy,Rather confident,
Qeirpgvl27yawfz1kjofdpwjkQ,unconstrained,28.0,"[[6, 7, 1, 4], [4, 1, 7, 6, 5]]",0.0,0.617,1,Fairly intuitive/unconscious,Somewhat unclear,Quite easy,Rather confident,
Qeirpgvl27yawfz1kjofdpwjkQ,unconstrained,29.0,"[[7, 6, 2], [0, 7, 1, 4]]",0.0,0.526,1,Fairly intuitive/unconscious,Somewhat unclear,Quite easy,Rather confident,
Qeirpgvl27yawfz1kjofdpwjkQ,unconstrained,30.0,"[[0, 7, 1, 4], [6, 7, 1]]",1.0,0.599,1,Fairly intuitive/unconscious,Somewhat unclear,Quite easy,Rather confident,
Qeirpgvl27yawfz1kjofdpwjkQ,unconstrained,31.0,"[[0, 7, 6], [3, 5, 6, 2]]",1.0,0.974,0,Fairly intuitive/unconscious,Somewhat unclear,Quite easy,Rather confident,
Qeirpgvl27yawfz1kjofdpwjkQ,unconstrained,32.0,"[[5, 6, 7, 1], [7, 1, 4]]",0.0,0.586,0,Fairly intuitive/unconscious,Somewhat unclear,Quite easy,Rather confident,
Qeirpgvl27yawfz1kjofdpwjkQ,unconstrained,33.0,"[[0, 7, 1, 4], [2, 6, 7, 1, 4]]",1.0,0.619,0,Fairly intuitive/unconscious,Somewhat unclear,Quite easy,Rather confident,
Qeirpgvl27yawfz1kjofdpwjkQ,unconstrained,34.0,"[[5, 6, 2], [4, 1, 7, 6]]",0.0,0.825,1,Fairly intuitive/unconscious,Somewhat unclear,Quite easy,Rather confident,
Qeirpgvl27yawfz1kjofdpwjkQ,unconstrained,35.0,"[[0, 7, 6, 2], [1, 7, 0]]",1.0,0.452,1,Fairly intuitive/unconscious,Somewhat unclear,Quite easy,Rather confident,
Qeirpgvl27yawfz1kjofdpwjkQ,unconstrained,36.0,"[[5, 6, 7, 1], [2, 6, 7]]",0.0,0.742,0,Fairly intuitive/unconscious,Somewhat unclear,Quite easy,Rather confident,
Qeirpgvl27yawfz1kjofdpwjkQ,unconstrained,37.0,"[[3, 5, 6, 2], [2, 6, 7, 1, 4]]",0.0,0.75,1,Fairly intuitive/unconscious,Somewhat unclear,Quite easy,Rather confident,
Qeirpgvl27yawfz1kjofdpwjkQ,unconstrained,38.0,"[[7, 6, 5, 3], [4, 1, 7, 6, 5]]",1.0,0.753,0,Fairly intuitive/unconscious,Somewhat unclear,Quite easy,Rather confident,
Qeirpgvl27yawfz1kjofdpwjkQ,unconstrained,39.0,"[[5, 6, 7, 0], [0, 7, 6]]",0.0,0.503,0,Fairly intuitive/unconscious,Somewhat unclear,Quite easy,Rather confident,
Qeirpgvl27yawfz1kjofdpwjkQ,unconstrained,40.0,"[[6, 7, 1, 4], [3, 5, 6, 7, 1]]",1.0,0.203,0,Fairly intuitive/unconscious,Somewhat unclear,Quite easy,Rather confident,
Qeirpgvl27yawfz1kjofdpwjkQ,unconstrained,41.0,"[[7, 1, 4], [2, 6, 5, 3]]",1.0,0.187,0,Fairly intuitive/unconscious,Somewhat unclear,Quite easy,Rather confident,
Qeirpgvl27yawfz1kjofdpwjkQ,unconstrained,42.0,"[[6, 5, 3], [4, 1, 7, 6]]",1.0,0.184,0,Fairly intuitive/unconscious,Somewhat unclear,Quite easy,Rather confident,
Qeirpgvl27yawfz1kjofdpwjkQ,unconstrained,43.0,"[[2, 6, 7, 1], [6, 7, 1]]",0.0,0.192,0,Fairly intuitive/unconscious,Somewhat unclear,Quite easy,Rather confident,
Qeirpgvl27yawfz1kjofdpwjkQ,unconstrained,44.0,"[[1, 7, 6, 2], [7, 1, 4]]",0.0,0.213,0,Fairly intuitive/unconscious,Somewhat unclear,Quite easy,Rather confident,
Qeirpgvl27yawfz1kjofdpwjkQ,unconstrained,45.0,"[[1, 7, 6, 5, 3], [2, 6, 5, 3]]",1.0,0.762,1,Fairly intuitive/unconscious,Somewhat unclear,Quite easy,Rather confident,
Qeirpgvl27yawfz1kjofdpwjkQ,unconstrained,46.0,"[[2, 6, 5, 3], [0, 7, 1]]",1.0,0.2,1,Fairly intuitive/unconscious,Somewhat unclear,Quite easy,Rather confident,
Qeirpgvl27yawfz1kjofdpwjkQ,unconstrained,47.0,"[[4, 1, 7, 6, 2], [3, 5, 6, 7]]",1.0,0.181,1,Fairly intuitive/unconscious,Somewhat unclear,Quite easy,Rather confident,
Qeirpgvl27yawfz1kjofdpwjkQ,unconstrained,48.0,"[[2, 6, 7], [6, 7, 1, 4]]",0.0,0.212,1,Fairly intuitive/unconscious,Somewhat unclear,Quite easy,Rather confident,
Qeirpgvl27yawfz1kjofdpwjkQ,unconstrained,49.0,"[[5, 6, 7], [0, 7, 6, 2]]",0.0,0.215,1,Fairly intuitive/unconscious,Somewhat unclear,Quite easy,Rather confident,
Qeirpgvl27yawfz1kjofdpwjkQ,unconstrained,50.0,"[[1, 7, 6, 5], [1, 7, 6, 5, 3]]",1.0,0.897,0,Fairly intuitive/unconscious,Somewhat unclear,Quite easy,Rather confident,
Qeirpgvl27yawfz1kjofdpwjkQ,unconstrained,51.0,"[[4, 1, 7, 6], [6, 5, 3]]",1.0,0.99,1,Fairly intuitive/unconscious,Somewhat unclear,Quite easy,Rather confident,
Qeirpgvl27yawfz1kjofdpwjkQ,unconstrained,52.0,"[[5, 6, 7, 1, 4], [4, 1, 7, 0]]",0.0,0.756,0,Fairly intuitive/unconscious,Somewhat unclear,Quite easy,Rather confident,
Qeirpgvl27yawfz1kjofdpwjkQ,unconstrained,53.0,"[[2, 6, 7], [7, 6, 5, 3]]",0.0,0.979,1,Fairly intuitive/unconscious,Somewhat unclear,Quite easy,Rather confident,
Qeirpgvl27yawfz1kjofdpwjkQ,unconstrained,54.0,"[[0, 7, 1], [0, 7, 6, 5]]",1.0,0.696,0,Fairly intuitive/unconscious,Somewhat unclear,Quite easy,Rather confident,
Qeirpgvl27yawfz1kjofdpwjkQ,unconstrained,55.0,"[[5, 6, 2], [3, 5, 6, 7]]",1.0,0.388,0,Fairly intuitive/unconscious,Somewhat unclear,Quite easy,Rather confident,
Qeirpgvl27yawfz1kjofdpwjkQ,unconstrained,56.0,"[[7, 6, 5], [0, 7, 1, 4]]",0.0,0.84,1,Fairly intuitive/unconscious,Somewhat unclear,Quite easy,Rather confident,
Qeirpgvl27yawfz1kjofdpwjkQ,unconstrained,57.0,"[[2, 6, 7, 1], [1, 7, 0]]",1.0,0.171,1,Fairly intuitive/unconscious,Somewhat unclear,Quite easy,Rather confident,
Qeirpgvl27yawfz1kjofdpwjkQ,unconstrained,58.0,"[[5, 6, 2], [5, 6, 7, 0]]",0.0,0.177,1,Fairly intuitive/unconscious,Somewhat unclear,Quite easy,Rather confident,
Qeirpgvl27yawfz1kjofdpwjkQ,unconstrained,59.0,"[[7, 6, 2], [6, 7, 1, 4]]",0.0,0.213,1,Fairly intuitive/unconscious,Somewhat unclear,Quite easy,Rather confident,
Qeirpgvl27yawfz1kjofdpwjkQ,unconstrained,60.0,"[[1, 7, 6, 2], [4, 1, 7]]",0.0,0.735,0,Fairly intuitive/unconscious,Somewhat unclear,Quite easy,Rather confident,
Qeirpgvl27yawfz1kjofdpwjkQ,unconstrained,61.0,"[[5, 6, 7], [3, 5, 6, 2]]",1.0,0.22,0,Fairly intuitive/unconscious,Somewhat unclear,Quite easy,Rather confident,
Qeirpgvl27yawfz1kjofdpwjkQ,unconstrained,62.0,"[[6, 7, 1, 4], [0, 7, 1]]",0.0,0.199,0,Fairly intuitive/unconscious,Somewhat unclear,Quite easy,Rather confident,
Qeirpgvl27yawfz1kjofdpwjkQ,unconstrained,63.0,"[[6, 7, 1, 4], [3, 5, 6, 7, 0]]",1.0,0.224,0,Fairly intuitive/unconscious,Somewhat unclear,Quite easy,Rather confident,
Qeirpgvl27yawfz1kjofdpwjkQ,unconstrained,64.0,"[[4, 1, 7, 0], [7, 6, 2]]",1.0,0.741,1,Fairly intuitive/unconscious,Somewhat unclear,Quite easy,Rather confident,
Qezcwpkbg4ltoh1iznaextib5Q,unconstrained,0.0,"[[5, 6, 7, 1], [2, 6, 7]]",0.0,5.615,0,Fully conscious/deliberative,Somewhat clear,Hard,Unconfident,I tried to remember what I could of the original colour pairs of flowers.
Qezcwpkbg4ltoh1iznaextib5Q,unconstrained,1.0,"[[5, 6, 7], [6, 7, 1, 4]]",0.0,3.75,1,Fully conscious/deliberative,Somewhat clear,Hard,Unconfident,I tried to remember what I could of the original colour pairs of flowers.
Qezcwpkbg4ltoh1iznaextib5Q,unconstrained,2.0,"[[1, 7, 6, 5, 3], [3, 5, 6, 2]]",0.0,7.878,0,Fully conscious/deliberative,Somewhat clear,Hard,Unconfident,I tried to remember what I could of the original colour pairs of flowers.
Qezcwpkbg4ltoh1iznaextib5Q,unconstrained,3.0,"[[2, 6, 7, 1], [5, 6, 2]]",1.0,3.237,1,Fully conscious/deliberative,Somewhat clear,Hard,Unconfident,I tried to remember what I could of the original colour pairs of flowers.
Qezcwpkbg4ltoh1iznaextib5Q,unconstrained,4.0,"[[2, 6, 5, 3], [5, 6, 2]]",0.0,3.745,0,Fully conscious/deliberative,Somewhat clear,Hard,Unconfident,I tried to remember what I could of the original colour pairs of flowers.
Qezcwpkbg4ltoh1iznaextib5Q,unconstrained,5.0,"[[1, 7, 6, 5], [3, 5, 6, 7, 1]]",0.0,2.973,1,Fully conscious/deliberative,Somewhat clear,Hard,Unconfident,I tried to remember what I could of the original colour pairs of flowers.
Qezcwpkbg4ltoh1iznaextib5Q,unconstrained,6.0,"[[7, 6, 5, 3], [4, 1, 7, 6, 5]]",1.0,3.205,0,Fully conscious/deliberative,Somewhat clear,Hard,Unconfident,I tried to remember what I could of the original colour pairs of flowers.
Qezcwpkbg4ltoh1iznaextib5Q,unconstrained,7.0,"[[6, 7, 0], [4, 1, 7, 0]]",0.0,2.564,1,Fully conscious/deliberative,Somewhat clear,Hard,Unconfident,I tried to remember what I could of the original colour pairs of flowers.
Qezcwpkbg4ltoh1iznaextib5Q,unconstrained,8.0,"[[0, 7, 6, 2], [7, 1, 4]]",1.0,4.061,1,Fully conscious/deliberative,Somewhat clear,Hard,Unconfident,I tried to remember what I could of the original colour pairs of flowers.
Qezcwpkbg4ltoh1iznaextib5Q,unconstrained,9.0,"[[5, 6, 2], [6, 7, 1, 4]]",0.0,1.93,1,Fully conscious/deliberative,Somewhat clear,Hard,Unconfident,I tried to remember what I could of the original colour pairs of flowers.
Qezcwpkbg4ltoh1iznaextib5Q,unconstrained,10.0,"[[4, 1, 7, 0], [7, 6, 2]]",0.0,2.383,0,Fully conscious/deliberative,Somewhat clear,Hard,Unconfident,I tried to remember what I could of the original colour pairs of flowers.
Qezcwpkbg4ltoh1iznaextib5Q,unconstrained,11.0,"[[2, 6, 7, 0], [0, 7, 6, 5, 3]]",0.0,1.832,1,Fully conscious/deliberative,Somewhat clear,Hard,Unconfident,I tried to remember what I could of the original colour pairs of flowers.
Qezcwpkbg4ltoh1iznaextib5Q,unconstrained,12.0,"[[1, 7, 6, 2], [5, 6, 7]]",1.0,4.478,1,Fully conscious/deliberative,Somewhat clear,Hard,Unconfident,I tried to remember what I could of the original colour pairs of flowers.
Qezcwpkbg4ltoh1iznaextib5Q,unconstrained,13.0,"[[2, 6, 7, 0], [3, 5, 6]]",0.0,3.442,0,Fully conscious/deliberative,Somewhat clear,Hard,Unconfident,I tried to remember what I could of the original colour pairs of flowers.
Qezcwpkbg4ltoh1iznaextib5Q,unconstrained,14.0,"[[6, 5, 3], [4, 1, 7, 6]]",0.0,1.814,1,Fully conscious/deliberative,Somewhat clear,Hard,Unconfident,I tried to remember what I could of the original colour pairs of flowers.
Qezcwpkbg4ltoh1iznaextib5Q,unconstrained,15.0,"[[2, 6, 5, 3], [4, 1, 7]]",1.0,2.402,1,Fully conscious/deliberative,Somewhat clear,Hard,Unconfident,I tried to remember what I could of the original colour pairs of flowers.
Qezcwpkbg4ltoh1iznaextib5Q,unconstrained,16.0,"[[4, 1, 7], [5, 6, 7, 0]]",1.0,4.958,0,Fully conscious/deliberative,Somewhat clear,Hard,Unconfident,I tried to remember what I could of the original colour pairs of flowers.
Qezcwpkbg4ltoh1iznaextib5Q,unconstrained,17.0,"[[2, 6, 7, 1], [6, 7, 1]]",1.0,2.067,1,Fully conscious/deliberative,Somewhat clear,Hard,Unconfident,I tried to remember what I could of the original colour pairs of flowers.
Qezcwpkbg4ltoh1iznaextib5Q,unconstrained,18.0,"[[5, 6, 7, 0], [2, 6, 7, 1, 4]]",0.0,2.879,1,Fully conscious/deliberative,Somewhat clear,Hard,Unconfident,I tried to remember what I could of the original colour pairs of flowers.
Qezcwpkbg4ltoh1iznaextib5Q,unconstrained,19.0,"[[7, 6, 2], [4, 1, 7, 6]]",0.0,3.224,1,Fully conscious/deliberative,Somewhat clear,Hard,Unconfident,I tried to remember what I could of the original colour pairs of flowers.
Qezcwpkbg4ltoh1iznaextib5Q,unconstrained,20.0,"[[2, 6, 5], [5, 6, 7, 0]]",0.0,2.058,1,Fully conscious/deliberative,Somewhat clear,Hard,Unconfident,I tried to remember what I could of the original colour pairs of flowers.
Qezcwpkbg4ltoh1iznaextib5Q,unconstrained,21.0,"[[7, 1, 4], [1, 7, 6, 5]]",0.0,3.253,1,Fully conscious/deliberative,Somewhat clear,Hard,Unconfident,I tried to remember what I could of the original colour pairs of flowers.
Qezcwpkbg4ltoh1iznaextib5Q,unconstrained,22.0,"[[2, 6, 7], [2, 6, 7, 1]]",0.0,2.615,1,Fully conscious/deliberative,Somewhat clear,Hard,Unconfident,I tried to remember what I could of the original colour pairs of flowers.
Qezcwpkbg4ltoh1iznaextib5Q,unconstrained,23.0,"[[2, 6, 7, 1, 4], [0, 7, 1, 4]]",1.0,2.123,1,Fully conscious/deliberative,Somewhat clear,Hard,Unconfident,I tried to remember what I could of the original colour pairs of flowers.
Qezcwpkbg4ltoh1iznaextib5Q,unconstrained,24.0,"[[0, 7, 6, 2], [5, 6, 7]]",1.0,3.253,1,Fully conscious/deliberative,Somewhat clear,Hard,Unconfident,I tried to remember what I could of the original colour pairs of flowers.
Qezcwpkbg4ltoh1iznaextib5Q,unconstrained,25.0,"[[4, 1, 7, 6, 5, 3], [2, 6, 7, 1, 4]]",0.0,1.716,0,Fully conscious/deliberative,Somewhat clear,Hard,Unconfident,I tried to remember what I could of the original colour pairs of flowers.
Qezcwpkbg4ltoh1iznaextib5Q,unconstrained,26.0,"[[6, 7, 1, 4], [0, 7, 1]]",0.0,2.154,0,Fully conscious/deliberative,Somewhat clear,Hard,Unconfident,I tried to remember what I could of the original colour pairs of flowers.
Qezcwpkbg4ltoh1iznaextib5Q,unconstrained,27.0,"[[7, 6, 5, 3], [5, 6, 7, 1, 4]]",1.0,2.061,0,Fully conscious/deliberative,Somewhat clear,Hard,Unconfident,I tried to remember what I could of the original colour pairs of flowers.
Qezcwpkbg4ltoh1iznaextib5Q,unconstrained,28.0,"[[6, 7, 1, 4], [4, 1, 7, 6, 5]]",1.0,3.238,0,Fully conscious/deliberative,Somewhat clear,Hard,Unconfident,I tried to remember what I could of the original colour pairs of flowers.
Qezcwpkbg4ltoh1iznaextib5Q,unconstrained,30.0,"[[2, 6, 5, 3], [0, 7, 6]]",0.0,0.003,0,Fully conscious/deliberative,Somewhat clear,Hard,Unconfident,I tried to remember what I could of the original colour pairs of flowers.
Qezcwpkbg4ltoh1iznaextib5Q,unconstrained,31.0,"[[7, 1, 4], [1, 7, 6, 5]]",1.0,0.014,0,Fully conscious/deliberative,Somewhat clear,Hard,Unconfident,I tried to remember what I could of the original colour pairs of flowers.
Qezcwpkbg4ltoh1iznaextib5Q,unconstrained,32.0,"[[6, 7, 1], [3, 5, 6, 2]]",1.0,0.019,0,Fully conscious/deliberative,Somewhat clear,Hard,Unconfident,I tried to remember what I could of the original colour pairs of flowers.
Qezcwpkbg4ltoh1iznaextib5Q,unconstrained,29.0,"[[1, 7, 0], [2, 6, 5, 3]]",1.0,15.17,0,Fully conscious/deliberative,Somewhat clear,Hard,Unconfident,I tried to remember what I could of the original colour pairs of flowers.
Qezcwpkbg4ltoh1iznaextib5Q,unconstrained,33.0,"[[2, 6, 7, 0], [0, 7, 1]]",0.0,0.036,0,Fully conscious/deliberative,Somewhat clear,Hard,Unconfident,I tried to remember what I could of the original colour pairs of flowers.
Qezcwpkbg4ltoh1iznaextib5Q,unconstrained,34.0,"[[6, 7, 1, 4], [3, 5, 6, 7, 1]]",1.0,0.002,0,Fully conscious/deliberative,Somewhat clear,Hard,Unconfident,I tried to remember what I could of the original colour pairs of flowers.
Qezcwpkbg4ltoh1iznaextib5Q,unconstrained,35.0,"[[6, 7, 1], [5, 6, 7, 1]]",1.0,0.11,0,Fully conscious/deliberative,Somewhat clear,Hard,Unconfident,I tried to remember what I could of the original colour pairs of flowers.
Qezcwpkbg4ltoh1iznaextib5Q,unconstrained,36.0,"[[2, 6, 5], [7, 6, 5, 3]]",0.0,2.432,1,Fully conscious/deliberative,Somewhat clear,Hard,Unconfident,I tried to remember what I could of the original colour pairs of flowers.
Qezcwpkbg4ltoh1iznaextib5Q,unconstrained,37.0,"[[6, 5, 3], [4, 1, 7, 6]]",0.0,1.529,1,Fully conscious/deliberative,Somewhat clear,Hard,Unconfident,I tried to remember what I could of the original colour pairs of flowers.
Qezcwpkbg4ltoh1iznaextib5Q,unconstrained,38.0,"[[4, 1, 7], [2, 6, 7, 1]]",1.0,2.473,0,Fully conscious/deliberative,Somewhat clear,Hard,Unconfident,I tried to remember what I could of the original colour pairs of flowers.
Qezcwpkbg4ltoh1iznaextib5Q,unconstrained,39.0,"[[3, 5, 6, 2], [2, 6, 7, 1, 4]]",1.0,3.818,0,Fully conscious/deliberative,Somewhat clear,Hard,Unconfident,I tried to remember what I could of the original colour pairs of flowers.
Qezcwpkbg4ltoh1iznaextib5Q,unconstrained,40.0,"[[5, 6, 7, 0], [6, 7, 0]]",1.0,1.784,1,Fully conscious/deliberative,Somewhat clear,Hard,Unconfident,I tried to remember what I could of the original colour pairs of flowers.
Qezcwpkbg4ltoh1iznaextib5Q,unconstrained,41.0,"[[4, 1, 7, 6, 5], [0, 7, 1, 4]]",1.0,1.844,1,Fully conscious/deliberative,Somewhat clear,Hard,Unconfident,I tried to remember what I could of the original colour pairs of flowers.
Qezcwpkbg4ltoh1iznaextib5Q,unconstrained,42.0,"[[7, 6, 2], [3, 5, 6, 7]]",0.0,1.653,1,Fully conscious/deliberative,Somewhat clear,Hard,Unconfident,I tried to remember what I could of the original colour pairs of flowers.
Qezcwpkbg4ltoh1iznaextib5Q,unconstrained,43.0,"[[1, 7, 0], [5, 6, 7, 0]]",1.0,2.417,0,Fully conscious/deliberative,Somewhat clear,Hard,Unconfident,I tried to remember what I could of the original colour pairs of flowers.
Qezcwpkbg4ltoh1iznaextib5Q,unconstrained,44.0,"[[6, 7, 1, 4], [2, 6, 7]]",0.0,1.647,0,Fully conscious/deliberative,Somewhat clear,Hard,Unconfident,I tried to remember what I could of the original colour pairs of flowers.
Qezcwpkbg4ltoh1iznaextib5Q,unconstrained,45.0,"[[3, 5, 6], [0, 7, 1, 4]]",0.0,2.082,1,Fully conscious/deliberative,Somewhat clear,Hard,Unconfident,I tried to remember what I could of the original colour pairs of flowers.
Qezcwpkbg4ltoh1iznaextib5Q,unconstrained,46.0,"[[1, 7, 6, 5], [3, 5, 6]]",0.0,3.404,0,Fully conscious/deliberative,Somewhat clear,Hard,Unconfident,I tried to remember what I could of the original colour pairs of flowers.
Qezcwpkbg4ltoh1iznaextib5Q,unconstrained,47.0,"[[1, 7, 6, 2], [0, 7, 1]]",1.0,2.161,1,Fully conscious/deliberative,Somewhat clear,Hard,Unconfident,I tried to remember what I could of the original colour pairs of flowers.
Qezcwpkbg4ltoh1iznaextib5Q,unconstrained,48.0,"[[7, 6, 5], [5, 6, 7, 0]]",0.0,2.452,1,Fully conscious/deliberative,Somewhat clear,Hard,Unconfident,I tried to remember what I could of the original colour pairs of flowers.
Qezcwpkbg4ltoh1iznaextib5Q,unconstrained,49.0,"[[1, 7, 6], [4, 1, 7, 0]]",1.0,2.744,0,Fully conscious/deliberative,Somewhat clear,Hard,Unconfident,I tried to remember what I could of the original colour pairs of flowers.
Qezcwpkbg4ltoh1iznaextib5Q,unconstrained,50.0,"[[2, 6, 7, 1], [7, 1, 4]]",1.0,3.473,1,Fully conscious/deliberative,Somewhat clear,Hard,Unconfident,I tried to remember what I could of the original colour pairs of flowers.
Qezcwpkbg4ltoh1iznaextib5Q,unconstrained,51.0,"[[7, 6, 5], [1, 7, 6, 5]]",0.0,2.371,1,Fully conscious/deliberative,Somewhat clear,Hard,Unconfident,I tried to remember what I could of the original colour pairs of flowers.
Qezcwpkbg4ltoh1iznaextib5Q,unconstrained,52.0,"[[4, 1, 7, 6], [0, 7, 6, 5, 3]]",1.0,1.629,0,Fully conscious/deliberative,Somewhat clear,Hard,Unconfident,I tried to remember what I could of the original colour pairs of flowers.
Qezcwpkbg4ltoh1iznaextib5Q,unconstrained,53.0,"[[1, 7, 6, 2], [3, 5, 6]]",0.0,1.901,0,Fully conscious/deliberative,Somewhat clear,Hard,Unconfident,I tried to remember what I could of the original colour pairs of flowers.
Qezcwpkbg4ltoh1iznaextib5Q,unconstrained,54.0,"[[5, 6, 2], [1, 7, 6, 5]]",1.0,2.216,0,Fully conscious/deliberative,Somewhat clear,Hard,Unconfident,I tried to remember what I could of the original colour pairs of flowers.
Qezcwpkbg4ltoh1iznaextib5Q,unconstrained,55.0,"[[2, 6, 7, 1], [1, 7, 6, 5, 3]]",0.0,1.737,1,Fully conscious/deliberative,Somewhat clear,Hard,Unconfident,I tried to remember what I could of the original colour pairs of flowers.
Qezcwpkbg4ltoh1iznaextib5Q,unconstrained,56.0,"[[5, 6, 7], [3, 5, 6, 2]]",0.0,2.264,1,Fully conscious/deliberative,Somewhat clear,Hard,Unconfident,I tried to remember what I could of the original colour pairs of flowers.
Qezcwpkbg4ltoh1iznaextib5Q,unconstrained,57.0,"[[1, 7, 6, 2], [0, 7, 6, 5, 3]]",0.0,2.67,1,Fully conscious/deliberative,Somewhat clear,Hard,Unconfident,I tried to remember what I could of the original colour pairs of flowers.
Qezcwpkbg4ltoh1iznaextib5Q,unconstrained,58.0,"[[1, 7, 0], [1, 7, 6, 5]]",0.0,1.97,1,Fully conscious/deliberative,Somewhat clear,Hard,Unconfident,I tried to remember what I could of the original colour pairs of flowers.
Qezcwpkbg4ltoh1iznaextib5Q,unconstrained,59.0,"[[7, 6, 5], [0, 7, 1, 4]]",0.0,1.477,1,Fully conscious/deliberative,Somewhat clear,Hard,Unconfident,I tried to remember what I could of the original colour pairs of flowers.
Qezcwpkbg4ltoh1iznaextib5Q,unconstrained,60.0,"[[4, 1, 7, 6, 2], [3, 5, 6, 7]]",1.0,1.55,1,Fully conscious/deliberative,Somewhat clear,Hard,Unconfident,I tried to remember what I could of the original colour pairs of flowers.
Qezcwpkbg4ltoh1iznaextib5Q,unconstrained,61.0,"[[1, 7, 0], [1, 7, 6, 2]]",1.0,1.868,0,Fully conscious/deliberative,Somewhat clear,Hard,Unconfident,I tried to remember what I could of the original colour pairs of flowers.
Qezcwpkbg4ltoh1iznaextib5Q,unconstrained,62.0,"[[0, 7, 1, 4], [7, 6, 2]]",0.0,2.234,0,Fully conscious/deliberative,Somewhat clear,Hard,Unconfident,I tried to remember what I could of the original colour pairs of flowers.
Qezcwpkbg4ltoh1iznaextib5Q,unconstrained,63.0,"[[5, 6, 2], [0, 7, 1, 4]]",0.0,1.565,1,Fully conscious/deliberative,Somewhat clear,Hard,Unconfident,I tried to remember what I could of the original colour pairs of flowers.
Qezcwpkbg4ltoh1iznaextib5Q,unconstrained,64.0,"[[6, 7, 1], [5, 6, 7, 0]]",1.0,2.366,0,Fully conscious/deliberative,Somewhat clear,Hard,Unconfident,I tried to remember what I could of the original colour pairs of flowers.
Qflje4sustiazqpj1i0g6w52hQ,unconstrained,0.0,"[[7, 1, 4], [5, 6, 7, 1]]",0.0,14.88,1,Fully conscious/deliberative,Fully clear,Quite hard,Rather confident,"i tried to remember the pattern in which the bee move from start to end with relative to colour and how close they are to each other and i remember that whenever the bee start from light blue, the distance is always shorter either to and fro. another one is violet and deep blue, red and deep yellow. So, i tried to recollect as much as possible."
Qflje4sustiazqpj1i0g6w52hQ,unconstrained,1.0,"[[1, 7, 6], [5, 6, 7, 1]]",1.0,8.554,0,Fully conscious/deliberative,Fully clear,Quite hard,Rather confident,"i tried to remember the pattern in which the bee move from start to end with relative to colour and how close they are to each other and i remember that whenever the bee start from light blue, the distance is always shorter either to and fro. another one is violet and deep blue, red and deep yellow. So, i tried to recollect as much as possible."
Qflje4sustiazqpj1i0g6w52hQ,unconstrained,2.0,"[[0, 7, 1, 4], [5, 6, 7]]",1.0,8.419,1,Fully conscious/deliberative,Fully clear,Quite hard,Rather confident,"i tried to remember the pattern in which the bee move from start to end with relative to colour and how close they are to each other and i remember that whenever the bee start from light blue, the distance is always shorter either to and fro. another one is violet and deep blue, red and deep yellow. So, i tried to recollect as much as possible."
Qflje4sustiazqpj1i0g6w52hQ,unconstrained,3.0,"[[0, 7, 6, 5, 3], [4, 1, 7, 6]]",1.0,12.528,1,Fully conscious/deliberative,Fully clear,Quite hard,Rather confident,"i tried to remember the pattern in which the bee move from start to end with relative to colour and how close they are to each other and i remember that whenever the bee start from light blue, the distance is always shorter either to and fro. another one is violet and deep blue, red and deep yellow. So, i tried to recollect as much as possible."
Qflje4sustiazqpj1i0g6w52hQ,unconstrained,4.0,"[[6, 7, 1, 4], [5, 6, 7]]",0.0,3.588,0,Fully conscious/deliberative,Fully clear,Quite hard,Rather confident,"i tried to remember the pattern in which the bee move from start to end with relative to colour and how close they are to each other and i remember that whenever the bee start from light blue, the distance is always shorter either to and fro. another one is violet and deep blue, red and deep yellow. So, i tried to recollect as much as possible."
Qflje4sustiazqpj1i0g6w52hQ,unconstrained,5.0,"[[3, 5, 6, 7, 1], [4, 1, 7, 6]]",0.0,6.705,0,Fully conscious/deliberative,Fully clear,Quite hard,Rather confident,"i tried to remember the pattern in which the bee move from start to end with relative to colour and how close they are to each other and i remember that whenever the bee start from light blue, the distance is always shorter either to and fro. another one is violet and deep blue, red and deep yellow. So, i tried to recollect as much as possible."
Qflje4sustiazqpj1i0g6w52hQ,unconstrained,6.0,"[[0, 7, 1, 4], [7, 6, 2]]",0.0,2.847,0,Fully conscious/deliberative,Fully clear,Quite hard,Rather confident,"i tried to remember the pattern in which the bee move from start to end with relative to colour and how close they are to each other and i remember that whenever the bee start from light blue, the distance is always shorter either to and fro. another one is violet and deep blue, red and deep yellow. So, i tried to recollect as much as possible."
Qflje4sustiazqpj1i0g6w52hQ,unconstrained,7.0,"[[5, 6, 7, 1, 4], [6, 7, 1, 4]]",1.0,2.615,1,Fully conscious/deliberative,Fully clear,Quite hard,Rather confident,"i tried to remember the pattern in which the bee move from start to end with relative to colour and how close they are to each other and i remember that whenever the bee start from light blue, the distance is always shorter either to and fro. another one is violet and deep blue, red and deep yellow. So, i tried to recollect as much as possible."
Qflje4sustiazqpj1i0g6w52hQ,unconstrained,8.0,"[[3, 5, 6, 2], [4, 1, 7]]",1.0,2.592,1,Fully conscious/deliberative,Fully clear,Quite hard,Rather confident,"i tried to remember the pattern in which the bee move from start to end with relative to colour and how close they are to each other and i remember that whenever the bee start from light blue, the distance is always shorter either to and fro. another one is violet and deep blue, red and deep yellow. So, i tried to recollect as much as possible."
Qflje4sustiazqpj1i0g6w52hQ,unconstrained,9.0,"[[2, 6, 5], [0, 7, 6, 5]]",0.0,9.151,1,Fully conscious/deliberative,Fully clear,Quite hard,Rather confident,"i tried to remember the pattern in which the bee move from start to end with relative to colour and how close they are to each other and i remember that whenever the bee start from light blue, the distance is always shorter either to and fro. another one is violet and deep blue, red and deep yellow. So, i tried to recollect as much as possible."
Qflje4sustiazqpj1i0g6w52hQ,unconstrained,10.0,"[[7, 6, 5, 3], [5, 6, 7, 1, 4]]",0.0,4.679,1,Fully conscious/deliberative,Fully clear,Quite hard,Rather confident,"i tried to remember the pattern in which the bee move from start to end with relative to colour and how close they are to each other and i remember that whenever the bee start from light blue, the distance is always shorter either to and fro. another one is violet and deep blue, red and deep yellow. So, i tried to recollect as much as possible."
Qflje4sustiazqpj1i0g6w52hQ,unconstrained,11.0,"[[4, 1, 7], [1, 7, 6, 2]]",0.0,7.25,1,Fully conscious/deliberative,Fully clear,Quite hard,Rather confident,"i tried to remember the pattern in which the bee move from start to end with relative to colour and how close they are to each other and i remember that whenever the bee start from light blue, the distance is always shorter either to and fro. another one is violet and deep blue, red and deep yellow. So, i tried to recollect as much as possible."
Qflje4sustiazqpj1i0g6w52hQ,unconstrained,12.0,"[[1, 7, 0], [6, 7, 1, 4]]",1.0,1.63,0,Fully conscious/deliberative,Fully clear,Quite hard,Rather confident,"i tried to remember the pattern in which the bee move from start to end with relative to colour and how close they are to each other and i remember that whenever the bee start from light blue, the distance is always shorter either to and fro. another one is violet and deep blue, red and deep yellow. So, i tried to recollect as much as possible."
Qflje4sustiazqpj1i0g6w52hQ,unconstrained,13.0,"[[5, 6, 7, 1], [5, 6, 7]]",0.0,1.766,0,Fully conscious/deliberative,Fully clear,Quite hard,Rather confident,"i tried to remember the pattern in which the bee move from start to end with relative to colour and how close they are to each other and i remember that whenever the bee start from light blue, the distance is always shorter either to and fro. another one is violet and deep blue, red and deep yellow. So, i tried to recollect as much as possible."
Qflje4sustiazqpj1i0g6w52hQ,unconstrained,14.0,"[[5, 6, 7, 0], [4, 1, 7, 6, 2]]",1.0,4.27,0,Fully conscious/deliberative,Fully clear,Quite hard,Rather confident,"i tried to remember the pattern in which the bee move from start to end with relative to colour and how close they are to each other and i remember that whenever the bee start from light blue, the distance is always shorter either to and fro. another one is violet and deep blue, red and deep yellow. So, i tried to recollect as much as possible."
Qflje4sustiazqpj1i0g6w52hQ,unconstrained,15.0,"[[5, 6, 7, 1], [5, 6, 2]]",0.0,3.365,0,Fully conscious/deliberative,Fully clear,Quite hard,Rather confident,"i tried to remember the pattern in which the bee move from start to end with relative to colour and how close they are to each other and i remember that whenever the bee start from light blue, the distance is always shorter either to and fro. another one is violet and deep blue, red and deep yellow. So, i tried to recollect as much as possible."
Qflje4sustiazqpj1i0g6w52hQ,unconstrained,16.0,"[[1, 7, 6, 2], [3, 5, 6, 7, 0]]",0.0,1.605,1,Fully conscious/deliberative,Fully clear,Quite hard,Rather confident,"i tried to remember the pattern in which the bee move from start to end with relative to colour and how close they are to each other and i remember that whenever the bee start from light blue, the distance is always shorter either to and fro. another one is violet and deep blue, red and deep yellow. So, i tried to recollect as much as possible."
Qflje4sustiazqpj1i0g6w52hQ,unconstrained,17.0,"[[4, 1, 7, 6, 5], [4, 1, 7, 0]]",0.0,3.769,0,Fully conscious/deliberative,Fully clear,Quite hard,Rather confident,"i tried to remember the pattern in which the bee move from start to end with relative to colour and how close they are to each other and i remember that whenever the bee start from light blue, the distance is always shorter either to and fro. another one is violet and deep blue, red and deep yellow. So, i tried to recollect as much as possible."
Qflje4sustiazqpj1i0g6w52hQ,unconstrained,18.0,"[[7, 6, 2], [7, 6, 5, 3]]",1.0,2.505,0,Fully conscious/deliberative,Fully clear,Quite hard,Rather confident,"i tried to remember the pattern in which the bee move from start to end with relative to colour and how close they are to each other and i remember that whenever the bee start from light blue, the distance is always shorter either to and fro. another one is violet and deep blue, red and deep yellow. So, i tried to recollect as much as possible."
Qflje4sustiazqpj1i0g6w52hQ,unconstrained,19.0,"[[0, 7, 1], [0, 7, 6, 5]]",1.0,1.997,0,Fully conscious/deliberative,Fully clear,Quite hard,Rather confident,"i tried to remember the pattern in which the bee move from start to end with relative to colour and how close they are to each other and i remember that whenever the bee start from light blue, the distance is always shorter either to and fro. another one is violet and deep blue, red and deep yellow. So, i tried to recollect as much as possible."
Qflje4sustiazqpj1i0g6w52hQ,unconstrained,20.0,"[[5, 6, 2], [0, 7, 1, 4]]",1.0,2.572,0,Fully conscious/deliberative,Fully clear,Quite hard,Rather confident,"i tried to remember the pattern in which the bee move from start to end with relative to colour and how close they are to each other and i remember that whenever the bee start from light blue, the distance is always shorter either to and fro. another one is violet and deep blue, red and deep yellow. So, i tried to recollect as much as possible."
Qflje4sustiazqpj1i0g6w52hQ,unconstrained,21.0,"[[0, 7, 1, 4], [2, 6, 7, 1, 4]]",1.0,1.377,0,Fully conscious/deliberative,Fully clear,Quite hard,Rather confident,"i tried to remember the pattern in which the bee move from start to end with relative to colour and how close they are to each other and i remember that whenever the bee start from light blue, the distance is always shorter either to and fro. another one is violet and deep blue, red and deep yellow. So, i tried to recollect as much as possible."
Qflje4sustiazqpj1i0g6w52hQ,unconstrained,22.0,"[[4, 1, 7, 6], [6, 5, 3]]",0.0,2.033,0,Fully conscious/deliberative,Fully clear,Quite hard,Rather confident,"i tried to remember the pattern in which the bee move from start to end with relative to colour and how close they are to each other and i remember that whenever the bee start from light blue, the distance is always shorter either to and fro. another one is violet and deep blue, red and deep yellow. So, i tried to recollect as much as possible."
Qflje4sustiazqpj1i0g6w52hQ,unconstrained,23.0,"[[2, 6, 7, 1], [0, 7, 1]]",1.0,3.128,1,Fully conscious/deliberative,Fully clear,Quite hard,Rather confident,"i tried to remember the pattern in which the bee move from start to end with relative to colour and how close they are to each other and i remember that whenever the bee start from light blue, the distance is always shorter either to and fro. another one is violet and deep blue, red and deep yellow. So, i tried to recollect as much as possible."
Qflje4sustiazqpj1i0g6w52hQ,unconstrained,24.0,"[[1, 7, 6, 2], [3, 5, 6, 7, 1]]",1.0,3.489,0,Fully conscious/deliberative,Fully clear,Quite hard,Rather confident,"i tried to remember the pattern in which the bee move from start to end with relative to colour and how close they are to each other and i remember that whenever the bee start from light blue, the distance is always shorter either to and fro. another one is violet and deep blue, red and deep yellow. So, i tried to recollect as much as possible."
Qflje4sustiazqpj1i0g6w52hQ,unconstrained,25.0,"[[1, 7, 6, 5], [7, 1, 4]]",0.0,1.929,0,Fully conscious/deliberative,Fully clear,Quite hard,Rather confident,"i tried to remember the pattern in which the bee move from start to end with relative to colour and how close they are to each other and i remember that whenever the bee start from light blue, the distance is always shorter either to and fro. another one is violet and deep blue, red and deep yellow. So, i tried to recollect as much as possible."
Qflje4sustiazqpj1i0g6w52hQ,unconstrained,26.0,"[[7, 6, 5, 3], [5, 6, 7, 1, 4]]",0.0,1.976,1,Fully conscious/deliberative,Fully clear,Quite hard,Rather confident,"i tried to remember the pattern in which the bee move from start to end with relative to colour and how close they are to each other and i remember that whenever the bee start from light blue, the distance is always shorter either to and fro. another one is violet and deep blue, red and deep yellow. So, i tried to recollect as much as possible."
Qflje4sustiazqpj1i0g6w52hQ,unconstrained,27.0,"[[1, 7, 6, 2], [3, 5, 6]]",0.0,1.13,0,Fully conscious/deliberative,Fully clear,Quite hard,Rather confident,"i tried to remember the pattern in which the bee move from start to end with relative to colour and how close they are to each other and i remember that whenever the bee start from light blue, the distance is always shorter either to and fro. another one is violet and deep blue, red and deep yellow. So, i tried to recollect as much as possible."
Qflje4sustiazqpj1i0g6w52hQ,unconstrained,28.0,"[[7, 6, 5, 3], [2, 6, 7, 1, 4]]",0.0,2.88,1,Fully conscious/deliberative,Fully clear,Quite hard,Rather confident,"i tried to remember the pattern in which the bee move from start to end with relative to colour and how close they are to each other and i remember that whenever the bee start from light blue, the distance is always shorter either to and fro. another one is violet and deep blue, red and deep yellow. So, i tried to recollect as much as possible."
Qflje4sustiazqpj1i0g6w52hQ,unconstrained,29.0,"[[1, 7, 6], [0, 7, 1, 4]]",1.0,6.79,0,Fully conscious/deliberative,Fully clear,Quite hard,Rather confident,"i tried to remember the pattern in which the bee move from start to end with relative to colour and how close they are to each other and i remember that whenever the bee start from light blue, the distance is always shorter either to and fro. another one is violet and deep blue, red and deep yellow. So, i tried to recollect as much as possible."
Qflje4sustiazqpj1i0g6w52hQ,unconstrained,30.0,"[[5, 6, 2], [3, 5, 6, 7]]",1.0,3.711,0,Fully conscious/deliberative,Fully clear,Quite hard,Rather confident,"i tried to remember the pattern in which the bee move from start to end with relative to colour and how close they are to each other and i remember that whenever the bee start from light blue, the distance is always shorter either to and fro. another one is violet and deep blue, red and deep yellow. So, i tried to recollect as much as possible."
Qflje4sustiazqpj1i0g6w52hQ,unconstrained,31.0,"[[2, 6, 7, 1], [2, 6, 5]]",0.0,2.716,0,Fully conscious/deliberative,Fully clear,Quite hard,Rather confident,"i tried to remember the pattern in which the bee move from start to end with relative to colour and how close they are to each other and i remember that whenever the bee start from light blue, the distance is always shorter either to and fro. another one is violet and deep blue, red and deep yellow. So, i tried to recollect as much as possible."
Qflje4sustiazqpj1i0g6w52hQ,unconstrained,32.0,"[[2, 6, 5, 3], [2, 6, 7, 1, 4]]",1.0,1.728,0,Fully conscious/deliberative,Fully clear,Quite hard,Rather confident,"i tried to remember the pattern in which the bee move from start to end with relative to colour and how close they are to each other and i remember that whenever the bee start from light blue, the distance is always shorter either to and fro. another one is violet and deep blue, red and deep yellow. So, i tried to recollect as much as possible."
Qflje4sustiazqpj1i0g6w52hQ,unconstrained,33.0,"[[3, 5, 6], [2, 6, 7, 0]]",0.0,3.253,1,Fully conscious/deliberative,Fully clear,Quite hard,Rather confident,"i tried to remember the pattern in which the bee move from start to end with relative to colour and how close they are to each other and i remember that whenever the bee start from light blue, the distance is always shorter either to and fro. another one is violet and deep blue, red and deep yellow. So, i tried to recollect as much as possible."
Qflje4sustiazqpj1i0g6w52hQ,unconstrained,34.0,"[[7, 1, 4], [0, 7, 6, 5]]",0.0,3.411,1,Fully conscious/deliberative,Fully clear,Quite hard,Rather confident,"i tried to remember the pattern in which the bee move from start to end with relative to colour and how close they are to each other and i remember that whenever the bee start from light blue, the distance is always shorter either to and fro. another one is violet and deep blue, red and deep yellow. So, i tried to recollect as much as possible."
Qflje4sustiazqpj1i0g6w52hQ,unconstrained,35.0,"[[0, 7, 1], [2, 6, 7, 0]]",1.0,3.098,0,Fully conscious/deliberative,Fully clear,Quite hard,Rather confident,"i tried to remember the pattern in which the bee move from start to end with relative to colour and how close they are to each other and i remember that whenever the bee start from light blue, the distance is always shorter either to and fro. another one is violet and deep blue, red and deep yellow. So, i tried to recollect as much as possible."
Qflje4sustiazqpj1i0g6w52hQ,unconstrained,36.0,"[[6, 7, 1], [5, 6, 7, 0]]",0.0,2.22,1,Fully conscious/deliberative,Fully clear,Quite hard,Rather confident,"i tried to remember the pattern in which the bee move from start to end with relative to colour and how close they are to each other and i remember that whenever the bee start from light blue, the distance is always shorter either to and fro. another one is violet and deep blue, red and deep yellow. So, i tried to recollect as much as possible."
Qflje4sustiazqpj1i0g6w52hQ,unconstrained,37.0,"[[3, 5, 6, 2], [6, 7, 0]]",1.0,3.489,1,Fully conscious/deliberative,Fully clear,Quite hard,Rather confident,"i tried to remember the pattern in which the bee move from start to end with relative to colour and how close they are to each other and i remember that whenever the bee start from light blue, the distance is always shorter either to and fro. another one is violet and deep blue, red and deep yellow. So, i tried to recollect as much as possible."
Qflje4sustiazqpj1i0g6w52hQ,unconstrained,38.0,"[[2, 6, 7], [2, 6, 7, 1]]",0.0,1.386,1,Fully conscious/deliberative,Fully clear,Quite hard,Rather confident,"i tried to remember the pattern in which the bee move from start to end with relative to colour and how close they are to each other and i remember that whenever the bee start from light blue, the distance is always shorter either to and fro. another one is violet and deep blue, red and deep yellow. So, i tried to recollect as much as possible."
Qflje4sustiazqpj1i0g6w52hQ,unconstrained,39.0,"[[1, 7, 6, 5], [2, 6, 7]]",0.0,1.204,0,Fully conscious/deliberative,Fully clear,Quite hard,Rather confident,"i tried to remember the pattern in which the bee move from start to end with relative to colour and how close they are to each other and i remember that whenever the bee start from light blue, the distance is always shorter either to and fro. another one is violet and deep blue, red and deep yellow. So, i tried to recollect as much as possible."
Qflje4sustiazqpj1i0g6w52hQ,unconstrained,40.0,"[[4, 1, 7, 6], [3, 5, 6]]",0.0,1.864,0,Fully conscious/deliberative,Fully clear,Quite hard,Rather confident,"i tried to remember the pattern in which the bee move from start to end with relative to colour and how close they are to each other and i remember that whenever the bee start from light blue, the distance is always shorter either to and fro. another one is violet and deep blue, red and deep yellow. So, i tried to recollect as much as possible."
Qflje4sustiazqpj1i0g6w52hQ,unconstrained,41.0,"[[1, 7, 6, 5], [3, 5, 6]]",0.0,1.374,0,Fully conscious/deliberative,Fully clear,Quite hard,Rather confident,"i tried to remember the pattern in which the bee move from start to end with relative to colour and how close they are to each other and i remember that whenever the bee start from light blue, the distance is always shorter either to and fro. another one is violet and deep blue, red and deep yellow. So, i tried to recollect as much as possible."
Qflje4sustiazqpj1i0g6w52hQ,unconstrained,42.0,"[[2, 6, 7, 1, 4], [3, 5, 6, 7, 1, 4]]",0.0,1.377,1,Fully conscious/deliberative,Fully clear,Quite hard,Rather confident,"i tried to remember the pattern in which the bee move from start to end with relative to colour and how close they are to each other and i remember that whenever the bee start from light blue, the distance is always shorter either to and fro. another one is violet and deep blue, red and deep yellow. So, i tried to recollect as much as possible."
Qflje4sustiazqpj1i0g6w52hQ,unconstrained,43.0,"[[2, 6, 7, 0], [4, 1, 7]]",1.0,4.277,1,Fully conscious/deliberative,Fully clear,Quite hard,Rather confident,"i tried to remember the pattern in which the bee move from start to end with relative to colour and how close they are to each other and i remember that whenever the bee start from light blue, the distance is always shorter either to and fro. another one is violet and deep blue, red and deep yellow. So, i tried to recollect as much as possible."
Qflje4sustiazqpj1i0g6w52hQ,unconstrained,44.0,"[[1, 7, 6, 2], [4, 1, 7]]",0.0,1.473,0,Fully conscious/deliberative,Fully clear,Quite hard,Rather confident,"i tried to remember the pattern in which the bee move from start to end with relative to colour and how close they are to each other and i remember that whenever the bee start from light blue, the distance is always shorter either to and fro. another one is violet and deep blue, red and deep yellow. So, i tried to recollect as much as possible."
Qflje4sustiazqpj1i0g6w52hQ,unconstrained,45.0,"[[5, 6, 7], [2, 6, 7, 1]]",0.0,1.103,1,Fully conscious/deliberative,Fully clear,Quite hard,Rather confident,"i tried to remember the pattern in which the bee move from start to end with relative to colour and how close they are to each other and i remember that whenever the bee start from light blue, the distance is always shorter either to and fro. another one is violet and deep blue, red and deep yellow. So, i tried to recollect as much as possible."
Qflje4sustiazqpj1i0g6w52hQ,unconstrained,46.0,"[[3, 5, 6, 2], [1, 7, 6]]",1.0,1.44,1,Fully conscious/deliberative,Fully clear,Quite hard,Rather confident,"i tried to remember the pattern in which the bee move from start to end with relative to colour and how close they are to each other and i remember that whenever the bee start from light blue, the distance is always shorter either to and fro. another one is violet and deep blue, red and deep yellow. So, i tried to recollect as much as possible."
Qflje4sustiazqpj1i0g6w52hQ,unconstrained,47.0,"[[0, 7, 1], [2, 6, 5, 3]]",1.0,0.87,0,Fully conscious/deliberative,Fully clear,Quite hard,Rather confident,"i tried to remember the pattern in which the bee move from start to end with relative to colour and how close they are to each other and i remember that whenever the bee start from light blue, the distance is always shorter either to and fro. another one is violet and deep blue, red and deep yellow. So, i tried to recollect as much as possible."
Qflje4sustiazqpj1i0g6w52hQ,unconstrained,48.0,"[[6, 7, 0], [4, 1, 7, 0]]",0.0,2.86,1,Fully conscious/deliberative,Fully clear,Quite hard,Rather confident,"i tried to remember the pattern in which the bee move from start to end with relative to colour and how close they are to each other and i remember that whenever the bee start from light blue, the distance is always shorter either to and fro. another one is violet and deep blue, red and deep yellow. So, i tried to recollect as much as possible."
Qflje4sustiazqpj1i0g6w52hQ,unconstrained,49.0,"[[4, 1, 7, 6], [2, 6, 7]]",0.0,2.545,0,Fully conscious/deliberative,Fully clear,Quite hard,Rather confident,"i tried to remember the pattern in which the bee move from start to end with relative to colour and how close they are to each other and i remember that whenever the bee start from light blue, the distance is always shorter either to and fro. another one is violet and deep blue, red and deep yellow. So, i tried to recollect as much as possible."
Qflje4sustiazqpj1i0g6w52hQ,unconstrained,50.0,"[[0, 7, 6, 5], [6, 7, 0]]",0.0,1.35,0,Fully conscious/deliberative,Fully clear,Quite hard,Rather confident,"i tried to remember the pattern in which the bee move from start to end with relative to colour and how close they are to each other and i remember that whenever the bee start from light blue, the distance is always shorter either to and fro. another one is violet and deep blue, red and deep yellow. So, i tried to recollect as much as possible."
Qflje4sustiazqpj1i0g6w52hQ,unconstrained,51.0,"[[5, 6, 7, 0], [7, 6, 5]]",0.0,3.993,0,Fully conscious/deliberative,Fully clear,Quite hard,Rather confident,"i tried to remember the pattern in which the bee move from start to end with relative to colour and how close they are to each other and i remember that whenever the bee start from light blue, the distance is always shorter either to and fro. another one is violet and deep blue, red and deep yellow. So, i tried to recollect as much as possible."
Qflje4sustiazqpj1i0g6w52hQ,unconstrained,52.0,"[[3, 5, 6, 7, 0], [0, 7, 6, 2]]",0.0,2.479,0,Fully conscious/deliberative,Fully clear,Quite hard,Rather confident,"i tried to remember the pattern in which the bee move from start to end with relative to colour and how close they are to each other and i remember that whenever the bee start from light blue, the distance is always shorter either to and fro. another one is violet and deep blue, red and deep yellow. So, i tried to recollect as much as possible."
Qflje4sustiazqpj1i0g6w52hQ,unconstrained,53.0,"[[3, 5, 6, 7, 1], [5, 6, 7, 1]]",0.0,1.928,0,Fully conscious/deliberative,Fully clear,Quite hard,Rather confident,"i tried to remember the pattern in which the bee move from start to end with relative to colour and how close they are to each other and i remember that whenever the bee start from light blue, the distance is always shorter either to and fro. another one is violet and deep blue, red and deep yellow. So, i tried to recollect as much as possible."
Qflje4sustiazqpj1i0g6w52hQ,unconstrained,54.0,"[[0, 7, 6, 2], [7, 6, 5]]",1.0,2.709,1,Fully conscious/deliberative,Fully clear,Quite hard,Rather confident,"i tried to remember the pattern in which the bee move from start to end with relative to colour and how close they are to each other and i remember that whenever the bee start from light blue, the distance is always shorter either to and fro. another one is violet and deep blue, red and deep yellow. So, i tried to recollect as much as possible."
Qflje4sustiazqpj1i0g6w52hQ,unconstrained,55.0,"[[3, 5, 6, 2], [5, 6, 7]]",1.0,1.909,1,Fully conscious/deliberative,Fully clear,Quite hard,Rather confident,"i tried to remember the pattern in which the bee move from start to end with relative to colour and how close they are to each other and i remember that whenever the bee start from light blue, the distance is always shorter either to and fro. another one is violet and deep blue, red and deep yellow. So, i tried to recollect as much as possible."
Qflje4sustiazqpj1i0g6w52hQ,unconstrained,56.0,"[[0, 7, 1], [1, 7, 6, 5]]",0.0,1.168,1,Fully conscious/deliberative,Fully clear,Quite hard,Rather confident,"i tried to remember the pattern in which the bee move from start to end with relative to colour and how close they are to each other and i remember that whenever the bee start from light blue, the distance is always shorter either to and fro. another one is violet and deep blue, red and deep yellow. So, i tried to recollect as much as possible."
Qflje4sustiazqpj1i0g6w52hQ,unconstrained,57.0,"[[2, 6, 5, 3], [2, 6, 5]]",1.0,2.519,1,Fully conscious/deliberative,Fully clear,Quite hard,Rather confident,"i tried to remember the pattern in which the bee move from start to end with relative to colour and how close they are to each other and i remember that whenever the bee start from light blue, the distance is always shorter either to and fro. another one is violet and deep blue, red and deep yellow. So, i tried to recollect as much as possible."
Qflje4sustiazqpj1i0g6w52hQ,unconstrained,58.0,"[[5, 6, 2], [6, 7, 1, 4]]",1.0,0.937,0,Fully conscious/deliberative,Fully clear,Quite hard,Rather confident,"i tried to remember the pattern in which the bee move from start to end with relative to colour and how close they are to each other and i remember that whenever the bee start from light blue, the distance is always shorter either to and fro. another one is violet and deep blue, red and deep yellow. So, i tried to recollect as much as possible."
Qflje4sustiazqpj1i0g6w52hQ,unconstrained,59.0,"[[1, 7, 6, 2], [1, 7, 6]]",1.0,2.584,1,Fully conscious/deliberative,Fully clear,Quite hard,Rather confident,"i tried to remember the pattern in which the bee move from start to end with relative to colour and how close they are to each other and i remember that whenever the bee start from light blue, the distance is always shorter either to and fro. another one is violet and deep blue, red and deep yellow. So, i tried to recollect as much as possible."
Qflje4sustiazqpj1i0g6w52hQ,unconstrained,60.0,"[[1, 7, 6, 5, 3], [3, 5, 6, 2]]",0.0,3.215,0,Fully conscious/deliberative,Fully clear,Quite hard,Rather confident,"i tried to remember the pattern in which the bee move from start to end with relative to colour and how close they are to each other and i remember that whenever the bee start from light blue, the distance is always shorter either to and fro. another one is violet and deep blue, red and deep yellow. So, i tried to recollect as much as possible."
Qflje4sustiazqpj1i0g6w52hQ,unconstrained,61.0,"[[4, 1, 7, 0], [6, 5, 3]]",0.0,1.253,0,Fully conscious/deliberative,Fully clear,Quite hard,Rather confident,"i tried to remember the pattern in which the bee move from start to end with relative to colour and how close they are to each other and i remember that whenever the bee start from light blue, the distance is always shorter either to and fro. another one is violet and deep blue, red and deep yellow. So, i tried to recollect as much as possible."
Qflje4sustiazqpj1i0g6w52hQ,unconstrained,62.0,"[[0, 7, 1], [1, 7, 6, 2]]",1.0,1.757,0,Fully conscious/deliberative,Fully clear,Quite hard,Rather confident,"i tried to remember the pattern in which the bee move from start to end with relative to colour and how close they are to each other and i remember that whenever the bee start from light blue, the distance is always shorter either to and fro. another one is violet and deep blue, red and deep yellow. So, i tried to recollect as much as possible."
Qflje4sustiazqpj1i0g6w52hQ,unconstrained,63.0,"[[6, 7, 1, 4], [2, 6, 7]]",0.0,1.901,0,Fully conscious/deliberative,Fully clear,Quite hard,Rather confident,"i tried to remember the pattern in which the bee move from start to end with relative to colour and how close they are to each other and i remember that whenever the bee start from light blue, the distance is always shorter either to and fro. another one is violet and deep blue, red and deep yellow. So, i tried to recollect as much as possible."
Qflje4sustiazqpj1i0g6w52hQ,unconstrained,64.0,"[[4, 1, 7, 0], [7, 6, 2]]",0.0,2.235,0,Fully conscious/deliberative,Fully clear,Quite hard,Rather confident,"i tried to remember the pattern in which the bee move from start to end with relative to colour and how close they are to each other and i remember that whenever the bee start from light blue, the distance is always shorter either to and fro. another one is violet and deep blue, red and deep yellow. So, i tried to recollect as much as possible."
Qg9r0mntzfhrtvgdcif4azpewQ,unconstrained,0.0,"[[3, 5, 6], [4, 1, 7, 6]]",0.0,17.509,1,Fairly conscious/deliberative,Somewhat clear,Hard,Rather unconfident,"i choose at random, because it was very difficult to make a quess"
Qg9r0mntzfhrtvgdcif4azpewQ,unconstrained,1.0,"[[7, 6, 2], [0, 7, 1, 4]]",0.0,12.726,1,Fairly conscious/deliberative,Somewhat clear,Hard,Rather unconfident,"i choose at random, because it was very difficult to make a quess"
Qg9r0mntzfhrtvgdcif4azpewQ,unconstrained,2.0,"[[6, 7, 1, 4], [0, 7, 1]]",0.0,3.336,0,Fairly conscious/deliberative,Somewhat clear,Hard,Rather unconfident,"i choose at random, because it was very difficult to make a quess"
Qg9r0mntzfhrtvgdcif4azpewQ,unconstrained,3.0,"[[1, 7, 6, 5, 3], [2, 6, 7, 1]]",0.0,37.527,0,Fairly conscious/deliberative,Somewhat clear,Hard,Rather unconfident,"i choose at random, because it was very difficult to make a quess"
Qg9r0mntzfhrtvgdcif4azpewQ,unconstrained,4.0,"[[5, 6, 7, 0], [7, 1, 4]]",0.0,6.767,0,Fairly conscious/deliberative,Somewhat clear,Hard,Rather unconfident,"i choose at random, because it was very difficult to make a quess"
Qg9r0mntzfhrtvgdcif4azpewQ,unconstrained,5.0,"[[1, 7, 0], [2, 6, 7, 0]]",1.0,2.711,0,Fairly conscious/deliberative,Somewhat clear,Hard,Rather unconfident,"i choose at random, because it was very difficult to make a quess"
Qg9r0mntzfhrtvgdcif4azpewQ,unconstrained,6.0,"[[6, 5, 3], [2, 6, 7, 1]]",0.0,10.544,1,Fairly conscious/deliberative,Somewhat clear,Hard,Rather unconfident,"i choose at random, because it was very difficult to make a quess"
Qg9r0mntzfhrtvgdcif4azpewQ,unconstrained,7.0,"[[0, 7, 1, 4], [6, 5, 3]]",1.0,4.144,1,Fairly conscious/deliberative,Somewhat clear,Hard,Rather unconfident,"i choose at random, because it was very difficult to make a quess"
Qg9r0mntzfhrtvgdcif4azpewQ,unconstrained,8.0,"[[2, 6, 7], [4, 1, 7, 0]]",0.0,4.676,1,Fairly conscious/deliberative,Somewhat clear,Hard,Rather unconfident,"i choose at random, because it was very difficult to make a quess"
Qg9r0mntzfhrtvgdcif4azpewQ,unconstrained,9.0,"[[5, 6, 7, 1, 4], [7, 6, 5, 3]]",1.0,3.682,1,Fairly conscious/deliberative,Somewhat clear,Hard,Rather unconfident,"i choose at random, because it was very difficult to make a quess"
Qg9r0mntzfhrtvgdcif4azpewQ,unconstrained,10.0,"[[2, 6, 5], [0, 7, 6, 5]]",0.0,6.457,1,Fairly conscious/deliberative,Somewhat clear,Hard,Rather unconfident,"i choose at random, because it was very difficult to make a quess"
Qg9r0mntzfhrtvgdcif4azpewQ,unconstrained,11.0,"[[7, 6, 5], [1, 7, 6, 2]]",0.0,2.711,1,Fairly conscious/deliberative,Somewhat clear,Hard,Rather unconfident,"i choose at random, because it was very difficult to make a quess"
Qg9r0mntzfhrtvgdcif4azpewQ,unconstrained,12.0,"[[2, 6, 7, 1], [2, 6, 5]]",0.0,3.387,0,Fairly conscious/deliberative,Somewhat clear,Hard,Rather unconfident,"i choose at random, because it was very difficult to make a quess"
Qg9r0mntzfhrtvgdcif4azpewQ,unconstrained,13.0,"[[6, 7, 1, 4], [4, 1, 7, 6, 5]]",1.0,1.629,0,Fairly conscious/deliberative,Somewhat clear,Hard,Rather unconfident,"i choose at random, because it was very difficult to make a quess"
Qg9r0mntzfhrtvgdcif4azpewQ,unconstrained,14.0,"[[3, 5, 6, 2], [7, 6, 5]]",1.0,1.991,1,Fairly conscious/deliberative,Somewhat clear,Hard,Rather unconfident,"i choose at random, because it was very difficult to make a quess"
Qg9r0mntzfhrtvgdcif4azpewQ,unconstrained,15.0,"[[2, 6, 7, 1], [1, 7, 0]]",1.0,2.131,1,Fairly conscious/deliberative,Somewhat clear,Hard,Rather unconfident,"i choose at random, because it was very difficult to make a quess"
Qg9r0mntzfhrtvgdcif4azpewQ,unconstrained,16.0,"[[5, 6, 7, 0], [0, 7, 1]]",0.0,3.139,0,Fairly conscious/deliberative,Somewhat clear,Hard,Rather unconfident,"i choose at random, because it was very difficult to make a quess"
Qg9r0mntzfhrtvgdcif4azpewQ,unconstrained,17.0,"[[0, 7, 1, 4], [4, 1, 7, 6, 5]]",0.0,1.747,1,Fairly conscious/deliberative,Somewhat clear,Hard,Rather unconfident,"i choose at random, because it was very difficult to make a quess"
Qg9r0mntzfhrtvgdcif4azpewQ,unconstrained,18.0,"[[6, 7, 1, 4], [2, 6, 7]]",1.0,3.5,1,Fairly conscious/deliberative,Somewhat clear,Hard,Rather unconfident,"i choose at random, because it was very difficult to make a quess"
Qg9r0mntzfhrtvgdcif4azpewQ,unconstrained,19.0,"[[4, 1, 7, 6, 2], [5, 6, 7, 0]]",0.0,1.653,0,Fairly conscious/deliberative,Somewhat clear,Hard,Rather unconfident,"i choose at random, because it was very difficult to make a quess"
Qg9r0mntzfhrtvgdcif4azpewQ,unconstrained,20.0,"[[1, 7, 6, 5], [2, 6, 5]]",1.0,1.32,1,Fairly conscious/deliberative,Somewhat clear,Hard,Rather unconfident,"i choose at random, because it was very difficult to make a quess"
Qg9r0mntzfhrtvgdcif4azpewQ,unconstrained,21.0,"[[1, 7, 6], [1, 7, 6, 5]]",0.0,0.581,1,Fairly conscious/deliberative,Somewhat clear,Hard,Rather unconfident,"i choose at random, because it was very difficult to make a quess"
Qg9r0mntzfhrtvgdcif4azpewQ,unconstrained,22.0,"[[0, 7, 6], [2, 6, 5, 3]]",0.0,1.112,1,Fairly conscious/deliberative,Somewhat clear,Hard,Rather unconfident,"i choose at random, because it was very difficult to make a quess"
Qg9r0mntzfhrtvgdcif4azpewQ,unconstrained,23.0,"[[4, 1, 7], [1, 7, 6, 2]]",0.0,0.795,1,Fairly conscious/deliberative,Somewhat clear,Hard,Rather unconfident,"i choose at random, because it was very difficult to make a quess"
Qg9r0mntzfhrtvgdcif4azpewQ,unconstrained,24.0,"[[1, 7, 6, 5], [2, 6, 7]]",1.0,0.408,1,Fairly conscious/deliberative,Somewhat clear,Hard,Rather unconfident,"i choose at random, because it was very difficult to make a quess"
Qg9r0mntzfhrtvgdcif4azpewQ,unconstrained,25.0,"[[4, 1, 7, 6, 2], [7, 6, 5, 3]]",1.0,0.704,1,Fairly conscious/deliberative,Somewhat clear,Hard,Rather unconfident,"i choose at random, because it was very difficult to make a quess"
Qg9r0mntzfhrtvgdcif4azpewQ,unconstrained,26.0,"[[0, 7, 1, 4], [1, 7, 6]]",1.0,0.121,1,Fairly conscious/deliberative,Somewhat clear,Hard,Rather unconfident,"i choose at random, because it was very difficult to make a quess"
Qg9r0mntzfhrtvgdcif4azpewQ,unconstrained,27.0,"[[2, 6, 7], [6, 7, 1, 4]]",0.0,0.136,1,Fairly conscious/deliberative,Somewhat clear,Hard,Rather unconfident,"i choose at random, because it was very difficult to make a quess"
Qg9r0mntzfhrtvgdcif4azpewQ,unconstrained,28.0,"[[4, 1, 7, 6, 2], [0, 7, 1, 4]]",1.0,0.224,1,Fairly conscious/deliberative,Somewhat clear,Hard,Rather unconfident,"i choose at random, because it was very difficult to make a quess"
Qg9r0mntzfhrtvgdcif4azpewQ,unconstrained,29.0,"[[4, 1, 7, 6, 5, 3], [4, 1, 7, 6, 2]]",1.0,1.224,1,Fairly conscious/deliberative,Somewhat clear,Hard,Rather unconfident,"i choose at random, because it was very difficult to make a quess"
Qg9r0mntzfhrtvgdcif4azpewQ,unconstrained,30.0,"[[3, 5, 6, 7], [5, 6, 7, 1, 4]]",1.0,0.994,0,Fairly conscious/deliberative,Somewhat clear,Hard,Rather unconfident,"i choose at random, because it was very difficult to make a quess"
Qg9r0mntzfhrtvgdcif4azpewQ,unconstrained,31.0,"[[3, 5, 6, 7, 1], [2, 6, 5, 3]]",1.0,1.06,1,Fairly conscious/deliberative,Somewhat clear,Hard,Rather unconfident,"i choose at random, because it was very difficult to make a quess"
Qg9r0mntzfhrtvgdcif4azpewQ,unconstrained,32.0,"[[0, 7, 6, 5], [5, 6, 7]]",1.0,1.071,1,Fairly conscious/deliberative,Somewhat clear,Hard,Rather unconfident,"i choose at random, because it was very difficult to make a quess"
Qg9r0mntzfhrtvgdcif4azpewQ,unconstrained,33.0,"[[2, 6, 7, 1], [7, 6, 2]]",1.0,4.027,1,Fairly conscious/deliberative,Somewhat clear,Hard,Rather unconfident,"i choose at random, because it was very difficult to make a quess"
Qg9r0mntzfhrtvgdcif4azpewQ,unconstrained,34.0,"[[1, 7, 6, 2], [6, 7, 1]]",1.0,1.567,1,Fairly conscious/deliberative,Somewhat clear,Hard,Rather unconfident,"i choose at random, because it was very difficult to make a quess"
Qg9r0mntzfhrtvgdcif4azpewQ,unconstrained,35.0,"[[5, 6, 7, 1], [0, 7, 1]]",0.0,3.723,0,Fairly conscious/deliberative,Somewhat clear,Hard,Rather unconfident,"i choose at random, because it was very difficult to make a quess"
Qg9r0mntzfhrtvgdcif4azpewQ,unconstrained,36.0,"[[7, 6, 5, 3], [7, 6, 2]]",1.0,3.501,1,Fairly conscious/deliberative,Somewhat clear,Hard,Rather unconfident,"i choose at random, because it was very difficult to make a quess"
Qg9r0mntzfhrtvgdcif4azpewQ,unconstrained,37.0,"[[0, 7, 6, 5, 3], [2, 6, 7, 1]]",0.0,3.346,0,Fairly conscious/deliberative,Somewhat clear,Hard,Rather unconfident,"i choose at random, because it was very difficult to make a quess"
Qg9r0mntzfhrtvgdcif4azpewQ,unconstrained,38.0,"[[5, 6, 2], [7, 6, 5, 3]]",0.0,1.001,1,Fairly conscious/deliberative,Somewhat clear,Hard,Rather unconfident,"i choose at random, because it was very difficult to make a quess"
Qg9r0mntzfhrtvgdcif4azpewQ,unconstrained,39.0,"[[4, 1, 7, 0], [6, 7, 0]]",1.0,0.852,1,Fairly conscious/deliberative,Somewhat clear,Hard,Rather unconfident,"i choose at random, because it was very difficult to make a quess"
Qg9r0mntzfhrtvgdcif4azpewQ,unconstrained,40.0,"[[1, 7, 6, 5], [4, 1, 7]]",0.0,1.851,0,Fairly conscious/deliberative,Somewhat clear,Hard,Rather unconfident,"i choose at random, because it was very difficult to make a quess"
Qg9r0mntzfhrtvgdcif4azpewQ,unconstrained,41.0,"[[0, 7, 6, 5], [6, 7, 0]]",1.0,1.133,1,Fairly conscious/deliberative,Somewhat clear,Hard,Rather unconfident,"i choose at random, because it was very difficult to make a quess"
Qg9r0mntzfhrtvgdcif4azpewQ,unconstrained,42.0,"[[5, 6, 7], [4, 1, 7, 6]]",0.0,0.654,1,Fairly conscious/deliberative,Somewhat clear,Hard,Rather unconfident,"i choose at random, because it was very difficult to make a quess"
Qg9r0mntzfhrtvgdcif4azpewQ,unconstrained,43.0,"[[7, 6, 5], [4, 1, 7, 0]]",0.0,0.551,1,Fairly conscious/deliberative,Somewhat clear,Hard,Rather unconfident,"i choose at random, because it was very difficult to make a quess"
Qg9r0mntzfhrtvgdcif4azpewQ,unconstrained,44.0,"[[0, 7, 6, 2], [3, 5, 6, 7, 0]]",0.0,0.531,1,Fairly conscious/deliberative,Somewhat clear,Hard,Rather unconfident,"i choose at random, because it was very difficult to make a quess"
Qg9r0mntzfhrtvgdcif4azpewQ,unconstrained,45.0,"[[3, 5, 6, 7, 0], [4, 1, 7, 6]]",1.0,0.379,1,Fairly conscious/deliberative,Somewhat clear,Hard,Rather unconfident,"i choose at random, because it was very difficult to make a quess"
Qg9r0mntzfhrtvgdcif4azpewQ,unconstrained,46.0,"[[5, 6, 7], [0, 7, 6, 2]]",0.0,0.614,1,Fairly conscious/deliberative,Somewhat clear,Hard,Rather unconfident,"i choose at random, because it was very difficult to make a quess"
Qg9r0mntzfhrtvgdcif4azpewQ,unconstrained,47.0,"[[5, 6, 7, 1], [5, 6, 7]]",1.0,0.369,1,Fairly conscious/deliberative,Somewhat clear,Hard,Rather unconfident,"i choose at random, because it was very difficult to make a quess"
Qg9r0mntzfhrtvgdcif4azpewQ,unconstrained,48.0,"[[2, 6, 5, 3], [6, 7, 1]]",1.0,0.42,1,Fairly conscious/deliberative,Somewhat clear,Hard,Rather unconfident,"i choose at random, because it was very difficult to make a quess"
Qg9r0mntzfhrtvgdcif4azpewQ,unconstrained,49.0,"[[2, 6, 5, 3], [2, 6, 5]]",1.0,0.606,1,Fairly conscious/deliberative,Somewhat clear,Hard,Rather unconfident,"i choose at random, because it was very difficult to make a quess"
Qg9r0mntzfhrtvgdcif4azpewQ,unconstrained,50.0,"[[1, 7, 6, 5], [3, 5, 6]]",1.0,0.51,1,Fairly conscious/deliberative,Somewhat clear,Hard,Rather unconfident,"i choose at random, because it was very difficult to make a quess"
Qg9r0mntzfhrtvgdcif4azpewQ,unconstrained,51.0,"[[1, 7, 6, 5, 3], [6, 7, 1, 4]]",1.0,0.48,1,Fairly conscious/deliberative,Somewhat clear,Hard,Rather unconfident,"i choose at random, because it was very difficult to make a quess"
Qg9r0mntzfhrtvgdcif4azpewQ,unconstrained,52.0,"[[6, 7, 1, 4], [2, 6, 5]]",1.0,0.138,1,Fairly conscious/deliberative,Somewhat clear,Hard,Rather unconfident,"i choose at random, because it was very difficult to make a quess"
Qg9r0mntzfhrtvgdcif4azpewQ,unconstrained,53.0,"[[4, 1, 7, 6], [6, 5, 3]]",1.0,0.178,1,Fairly conscious/deliberative,Somewhat clear,Hard,Rather unconfident,"i choose at random, because it was very difficult to make a quess"
Qg9r0mntzfhrtvgdcif4azpewQ,unconstrained,54.0,"[[1, 7, 6, 5], [1, 7, 6, 5, 3]]",0.0,0.194,1,Fairly conscious/deliberative,Somewhat clear,Hard,Rather unconfident,"i choose at random, because it was very difficult to make a quess"
Qg9r0mntzfhrtvgdcif4azpewQ,unconstrained,55.0,"[[1, 7, 0], [2, 6, 5, 3]]",0.0,0.216,1,Fairly conscious/deliberative,Somewhat clear,Hard,Rather unconfident,"i choose at random, because it was very difficult to make a quess"
Qg9r0mntzfhrtvgdcif4azpewQ,unconstrained,56.0,"[[1, 7, 6, 5], [4, 1, 7]]",1.0,0.576,1,Fairly conscious/deliberative,Somewhat clear,Hard,Rather unconfident,"i choose at random, because it was very difficult to make a quess"
Qg9r0mntzfhrtvgdcif4azpewQ,unconstrained,57.0,"[[2, 6, 5], [0, 7, 1, 4]]",0.0,0.539,1,Fairly conscious/deliberative,Somewhat clear,Hard,Rather unconfident,"i choose at random, because it was very difficult to make a quess"
Qg9r0mntzfhrtvgdcif4azpewQ,unconstrained,58.0,"[[2, 6, 7, 0], [7, 1, 4]]",1.0,0.104,1,Fairly conscious/deliberative,Somewhat clear,Hard,Rather unconfident,"i choose at random, because it was very difficult to make a quess"
Qg9r0mntzfhrtvgdcif4azpewQ,unconstrained,59.0,"[[2, 6, 7, 1], [0, 7, 1]]",1.0,0.137,1,Fairly conscious/deliberative,Somewhat clear,Hard,Rather unconfident,"i choose at random, because it was very difficult to make a quess"
Qg9r0mntzfhrtvgdcif4azpewQ,unconstrained,60.0,"[[6, 5, 3], [0, 7, 6, 2]]",0.0,0.177,1,Fairly conscious/deliberative,Somewhat clear,Hard,Rather unconfident,"i choose at random, because it was very difficult to make a quess"
Qg9r0mntzfhrtvgdcif4azpewQ,unconstrained,61.0,"[[2, 6, 7, 1], [4, 1, 7]]",1.0,0.167,1,Fairly conscious/deliberative,Somewhat clear,Hard,Rather unconfident,"i choose at random, because it was very difficult to make a quess"
Qg9r0mntzfhrtvgdcif4azpewQ,unconstrained,62.0,"[[4, 1, 7], [3, 5, 6, 2]]",0.0,0.167,1,Fairly conscious/deliberative,Somewhat clear,Hard,Rather unconfident,"i choose at random, because it was very difficult to make a quess"
Qg9r0mntzfhrtvgdcif4azpewQ,unconstrained,63.0,"[[6, 7, 1], [5, 6, 7, 0]]",0.0,0.139,1,Fairly conscious/deliberative,Somewhat clear,Hard,Rather unconfident,"i choose at random, because it was very difficult to make a quess"
Qg9r0mntzfhrtvgdcif4azpewQ,unconstrained,64.0,"[[3, 5, 6, 2], [2, 6, 7, 1, 4]]",0.0,0.139,1,Fairly conscious/deliberative,Somewhat clear,Hard,Rather unconfident,"i choose at random, because it was very difficult to make a quess"
Qh7nowwjk2t863yr19nsx3br1Q,unconstrained,0.0,"[[2, 6, 7, 1, 4], [2, 6, 5, 3]]",1.0,13.85,1,Fairly conscious/deliberative,Somewhat clear,Quite easy,Rather confident,picked those that the bee is not familiar with
Qh7nowwjk2t863yr19nsx3br1Q,unconstrained,1.0,"[[5, 6, 2], [0, 7, 1, 4]]",0.0,13.552,1,Fairly conscious/deliberative,Somewhat clear,Quite easy,Rather confident,picked those that the bee is not familiar with
Qh7nowwjk2t863yr19nsx3br1Q,unconstrained,2.0,"[[1, 7, 6, 2], [7, 6, 2]]",0.0,5.603,0,Fairly conscious/deliberative,Somewhat clear,Quite easy,Rather confident,picked those that the bee is not familiar with
Qh7nowwjk2t863yr19nsx3br1Q,unconstrained,3.0,"[[7, 1, 4], [1, 7, 6, 5]]",1.0,8.855,0,Fairly conscious/deliberative,Somewhat clear,Quite easy,Rather confident,picked those that the bee is not familiar with
Qh7nowwjk2t863yr19nsx3br1Q,unconstrained,4.0,"[[3, 5, 6], [1, 7, 6, 5]]",0.0,4.642,1,Fairly conscious/deliberative,Somewhat clear,Quite easy,Rather confident,picked those that the bee is not familiar with
Qh7nowwjk2t863yr19nsx3br1Q,unconstrained,5.0,"[[6, 7, 1, 4], [0, 7, 1]]",1.0,5.852,1,Fairly conscious/deliberative,Somewhat clear,Quite easy,Rather confident,picked those that the bee is not familiar with
Qh7nowwjk2t863yr19nsx3br1Q,unconstrained,6.0,"[[1, 7, 6], [5, 6, 7, 0]]",1.0,7.232,0,Fairly conscious/deliberative,Somewhat clear,Quite easy,Rather confident,picked those that the bee is not familiar with
Qh7nowwjk2t863yr19nsx3br1Q,unconstrained,7.0,"[[2, 6, 5, 3], [7, 6, 5]]",0.0,5.057,0,Fairly conscious/deliberative,Somewhat clear,Quite easy,Rather confident,picked those that the bee is not familiar with
Qh7nowwjk2t863yr19nsx3br1Q,unconstrained,8.0,"[[3, 5, 6, 7], [4, 1, 7, 6, 5]]",0.0,12.026,1,Fairly conscious/deliberative,Somewhat clear,Quite easy,Rather confident,picked those that the bee is not familiar with
Qh7nowwjk2t863yr19nsx3br1Q,unconstrained,9.0,"[[2, 6, 5], [4, 1, 7, 6]]",0.0,3.863,1,Fairly conscious/deliberative,Somewhat clear,Quite easy,Rather confident,picked those that the bee is not familiar with
Qh7nowwjk2t863yr19nsx3br1Q,unconstrained,10.0,"[[4, 1, 7], [1, 7, 6, 5]]",1.0,4.013,0,Fairly conscious/deliberative,Somewhat clear,Quite easy,Rather confident,picked those that the bee is not familiar with
Qh7nowwjk2t863yr19nsx3br1Q,unconstrained,11.0,"[[0, 7, 1, 4], [6, 5, 3]]",0.0,5.32,0,Fairly conscious/deliberative,Somewhat clear,Quite easy,Rather confident,picked those that the bee is not familiar with
Qh7nowwjk2t863yr19nsx3br1Q,unconstrained,12.0,"[[7, 6, 5, 3], [5, 6, 2]]",1.0,6.105,1,Fairly conscious/deliberative,Somewhat clear,Quite easy,Rather confident,picked those that the bee is not familiar with
Qh7nowwjk2t863yr19nsx3br1Q,unconstrained,13.0,"[[7, 6, 5], [1, 7, 6, 5]]",0.0,4.023,1,Fairly conscious/deliberative,Somewhat clear,Quite easy,Rather confident,picked those that the bee is not familiar with
Qh7nowwjk2t863yr19nsx3br1Q,unconstrained,14.0,"[[2, 6, 5], [2, 6, 7, 1]]",0.0,4.779,1,Fairly conscious/deliberative,Somewhat clear,Quite easy,Rather confident,picked those that the bee is not familiar with
Qh7nowwjk2t863yr19nsx3br1Q,unconstrained,15.0,"[[2, 6, 7], [7, 6, 5, 3]]",1.0,3.269,0,Fairly conscious/deliberative,Somewhat clear,Quite easy,Rather confident,picked those that the bee is not familiar with
Qh7nowwjk2t863yr19nsx3br1Q,unconstrained,16.0,"[[5, 6, 7, 0], [0, 7, 6]]",1.0,2.708,1,Fairly conscious/deliberative,Somewhat clear,Quite easy,Rather confident,picked those that the bee is not familiar with
Qh7nowwjk2t863yr19nsx3br1Q,unconstrained,17.0,"[[1, 7, 6, 2], [3, 5, 6, 7, 0]]",1.0,9.88,0,Fairly conscious/deliberative,Somewhat clear,Quite easy,Rather confident,picked those that the bee is not familiar with
Qh7nowwjk2t863yr19nsx3br1Q,unconstrained,18.0,"[[2, 6, 5], [1, 7, 6, 5]]",0.0,6.132,1,Fairly conscious/deliberative,Somewhat clear,Quite easy,Rather confident,picked those that the bee is not familiar with
Qh7nowwjk2t863yr19nsx3br1Q,unconstrained,19.0,"[[1, 7, 6, 2], [3, 5, 6, 7, 1]]",1.0,7.47,0,Fairly conscious/deliberative,Somewhat clear,Quite easy,Rather confident,picked those that the bee is not familiar with
Qh7nowwjk2t863yr19nsx3br1Q,unconstrained,20.0,"[[2, 6, 7, 1, 4], [4, 1, 7, 6, 5, 3]]",1.0,3.052,0,Fairly conscious/deliberative,Somewhat clear,Quite easy,Rather confident,picked those that the bee is not familiar with
Qh7nowwjk2t863yr19nsx3br1Q,unconstrained,21.0,"[[1, 7, 6, 5], [0, 7, 1]]",1.0,8.086,1,Fairly conscious/deliberative,Somewhat clear,Quite easy,Rather confident,picked those that the bee is not familiar with
Qh7nowwjk2t863yr19nsx3br1Q,unconstrained,22.0,"[[6, 7, 1, 4], [7, 6, 2]]",1.0,3.783,1,Fairly conscious/deliberative,Somewhat clear,Quite easy,Rather confident,picked those that the bee is not familiar with
Qh7nowwjk2t863yr19nsx3br1Q,unconstrained,23.0,"[[2, 6, 5, 3], [3, 5, 6, 7, 1]]",0.0,7.162,1,Fairly conscious/deliberative,Somewhat clear,Quite easy,Rather confident,picked those that the bee is not familiar with
Qh7nowwjk2t863yr19nsx3br1Q,unconstrained,24.0,"[[7, 6, 5], [4, 1, 7, 6]]",1.0,7.001,0,Fairly conscious/deliberative,Somewhat clear,Quite easy,Rather confident,picked those that the bee is not familiar with
Qh7nowwjk2t863yr19nsx3br1Q,unconstrained,25.0,"[[6, 7, 1], [1, 7, 6, 2]]",0.0,4.002,1,Fairly conscious/deliberative,Somewhat clear,Quite easy,Rather confident,picked those that the bee is not familiar with
Qh7nowwjk2t863yr19nsx3br1Q,unconstrained,26.0,"[[0, 7, 1, 4], [5, 6, 7, 1, 4]]",0.0,2.905,1,Fairly conscious/deliberative,Somewhat clear,Quite easy,Rather confident,picked those that the bee is not familiar with
Qh7nowwjk2t863yr19nsx3br1Q,unconstrained,27.0,"[[2, 6, 7, 1, 4], [7, 6, 5, 3]]",0.0,3.014,0,Fairly conscious/deliberative,Somewhat clear,Quite easy,Rather confident,picked those that the bee is not familiar with
Qh7nowwjk2t863yr19nsx3br1Q,unconstrained,28.0,"[[7, 6, 5, 3], [5, 6, 7, 1, 4]]",0.0,4.67,1,Fairly conscious/deliberative,Somewhat clear,Quite easy,Rather confident,picked those that the bee is not familiar with
Qh7nowwjk2t863yr19nsx3br1Q,unconstrained,29.0,"[[1, 7, 0], [2, 6, 5, 3]]",0.0,9.186,1,Fairly conscious/deliberative,Somewhat clear,Quite easy,Rather confident,picked those that the bee is not familiar with
Qh7nowwjk2t863yr19nsx3br1Q,unconstrained,30.0,"[[6, 7, 1], [3, 5, 6, 2]]",0.0,1.874,1,Fairly conscious/deliberative,Somewhat clear,Quite easy,Rather confident,picked those that the bee is not familiar with
Qh7nowwjk2t863yr19nsx3br1Q,unconstrained,31.0,"[[4, 1, 7, 6], [7, 6, 2]]",1.0,4.984,1,Fairly conscious/deliberative,Somewhat clear,Quite easy,Rather confident,picked those that the bee is not familiar with
Qh7nowwjk2t863yr19nsx3br1Q,unconstrained,32.0,"[[7, 1, 4], [2, 6, 7, 1]]",0.0,3.346,1,Fairly conscious/deliberative,Somewhat clear,Quite easy,Rather confident,picked those that the bee is not familiar with
Qh7nowwjk2t863yr19nsx3br1Q,unconstrained,33.0,"[[0, 7, 1], [2, 6, 7, 1]]",1.0,6.893,0,Fairly conscious/deliberative,Somewhat clear,Quite easy,Rather confident,picked those that the bee is not familiar with
Qh7nowwjk2t863yr19nsx3br1Q,unconstrained,34.0,"[[1, 7, 6, 2], [5, 6, 7]]",0.0,3.792,0,Fairly conscious/deliberative,Somewhat clear,Quite easy,Rather confident,picked those that the bee is not familiar with
Qh7nowwjk2t863yr19nsx3br1Q,unconstrained,35.0,"[[0, 7, 1], [0, 7, 6, 2]]",0.0,3.212,1,Fairly conscious/deliberative,Somewhat clear,Quite easy,Rather confident,picked those that the bee is not familiar with
Qh7nowwjk2t863yr19nsx3br1Q,unconstrained,36.0,"[[7, 6, 2], [0, 7, 1, 4]]",0.0,8.385,1,Fairly conscious/deliberative,Somewhat clear,Quite easy,Rather confident,picked those that the bee is not familiar with
Qh7nowwjk2t863yr19nsx3br1Q,unconstrained,37.0,"[[1, 7, 0], [5, 6, 7, 0]]",0.0,6.574,1,Fairly conscious/deliberative,Somewhat clear,Quite easy,Rather confident,picked those that the bee is not familiar with
Qh7nowwjk2t863yr19nsx3br1Q,unconstrained,38.0,"[[0, 7, 6, 2], [7, 1, 4]]",0.0,3.382,0,Fairly conscious/deliberative,Somewhat clear,Quite easy,Rather confident,picked those that the bee is not familiar with
Qh7nowwjk2t863yr19nsx3br1Q,unconstrained,39.0,"[[2, 6, 5, 3], [0, 7, 6]]",0.0,4.384,0,Fairly conscious/deliberative,Somewhat clear,Quite easy,Rather confident,picked those that the bee is not familiar with
Qh7nowwjk2t863yr19nsx3br1Q,unconstrained,40.0,"[[3, 5, 6, 2], [4, 1, 7]]",0.0,5.349,0,Fairly conscious/deliberative,Somewhat clear,Quite easy,Rather confident,picked those that the bee is not familiar with
Qh7nowwjk2t863yr19nsx3br1Q,unconstrained,41.0,"[[6, 5, 3], [6, 7, 1, 4]]",1.0,3.257,0,Fairly conscious/deliberative,Somewhat clear,Quite easy,Rather confident,picked those that the bee is not familiar with
Qh7nowwjk2t863yr19nsx3br1Q,unconstrained,42.0,"[[1, 7, 6, 5], [6, 7, 1]]",0.0,6.303,0,Fairly conscious/deliberative,Somewhat clear,Quite easy,Rather confident,picked those that the bee is not familiar with
Qh7nowwjk2t863yr19nsx3br1Q,unconstrained,43.0,"[[4, 1, 7, 6], [3, 5, 6]]",1.0,9.789,1,Fairly conscious/deliberative,Somewhat clear,Quite easy,Rather confident,picked those that the bee is not familiar with
Qh7nowwjk2t863yr19nsx3br1Q,unconstrained,44.0,"[[4, 1, 7, 6], [3, 5, 6, 7, 1]]",0.0,14.396,1,Fairly conscious/deliberative,Somewhat clear,Quite easy,Rather confident,picked those that the bee is not familiar with
Qh7nowwjk2t863yr19nsx3br1Q,unconstrained,45.0,"[[6, 7, 1], [0, 7, 1, 4]]",0.0,0.192,1,Fairly conscious/deliberative,Somewhat clear,Quite easy,Rather confident,picked those that the bee is not familiar with
Qh7nowwjk2t863yr19nsx3br1Q,unconstrained,46.0,"[[0, 7, 6, 5, 3], [6, 7, 1, 4]]",0.0,6.91,0,Fairly conscious/deliberative,Somewhat clear,Quite easy,Rather confident,picked those that the bee is not familiar with
Qh7nowwjk2t863yr19nsx3br1Q,unconstrained,47.0,"[[4, 1, 7, 6], [5, 6, 7, 1, 4]]",0.0,3.818,1,Fairly conscious/deliberative,Somewhat clear,Quite easy,Rather confident,picked those that the bee is not familiar with
Qh7nowwjk2t863yr19nsx3br1Q,unconstrained,48.0,"[[2, 6, 7, 1], [1, 7, 0]]",1.0,4.276,1,Fairly conscious/deliberative,Somewhat clear,Quite easy,Rather confident,picked those that the bee is not familiar with
Qh7nowwjk2t863yr19nsx3br1Q,unconstrained,49.0,"[[5, 6, 7, 0], [5, 6, 2]]",1.0,5.159,1,Fairly conscious/deliberative,Somewhat clear,Quite easy,Rather confident,picked those that the bee is not familiar with
Qh7nowwjk2t863yr19nsx3br1Q,unconstrained,50.0,"[[7, 1, 4], [5, 6, 7, 0]]",1.0,5.289,0,Fairly conscious/deliberative,Somewhat clear,Quite easy,Rather confident,picked those that the bee is not familiar with
Qh7nowwjk2t863yr19nsx3br1Q,unconstrained,51.0,"[[0, 7, 6, 5], [7, 6, 5]]",1.0,1.975,1,Fairly conscious/deliberative,Somewhat clear,Quite easy,Rather confident,picked those that the bee is not familiar with
Qh7nowwjk2t863yr19nsx3br1Q,unconstrained,52.0,"[[6, 7, 0], [4, 1, 7, 0]]",1.0,3.554,0,Fairly conscious/deliberative,Somewhat clear,Quite easy,Rather confident,picked those that the bee is not familiar with
Qh7nowwjk2t863yr19nsx3br1Q,unconstrained,53.0,"[[2, 6, 7, 0], [0, 7, 6, 5, 3]]",1.0,5.424,0,Fairly conscious/deliberative,Somewhat clear,Quite easy,Rather confident,picked those that the bee is not familiar with
Qh7nowwjk2t863yr19nsx3br1Q,unconstrained,54.0,"[[5, 6, 7], [4, 1, 7, 0]]",0.0,3.061,1,Fairly conscious/deliberative,Somewhat clear,Quite easy,Rather confident,picked those that the bee is not familiar with
Qh7nowwjk2t863yr19nsx3br1Q,unconstrained,55.0,"[[5, 6, 7, 1], [2, 6, 7]]",0.0,4.393,0,Fairly conscious/deliberative,Somewhat clear,Quite easy,Rather confident,picked those that the bee is not familiar with
Qh7nowwjk2t863yr19nsx3br1Q,unconstrained,56.0,"[[6, 5, 3], [2, 6, 7, 0]]",0.0,6.274,1,Fairly conscious/deliberative,Somewhat clear,Quite easy,Rather confident,picked those that the bee is not familiar with
Qh7nowwjk2t863yr19nsx3br1Q,unconstrained,57.0,"[[1, 7, 6, 5, 3], [1, 7, 6, 5]]",0.0,4.56,0,Fairly conscious/deliberative,Somewhat clear,Quite easy,Rather confident,picked those that the bee is not familiar with
Qh7nowwjk2t863yr19nsx3br1Q,unconstrained,58.0,"[[2, 6, 7, 1], [7, 1, 4]]",1.0,29.785,1,Fairly conscious/deliberative,Somewhat clear,Quite easy,Rather confident,picked those that the bee is not familiar with
Qh7nowwjk2t863yr19nsx3br1Q,unconstrained,59.0,"[[3, 5, 6, 2], [2, 6, 5]]",0.0,5.792,0,Fairly conscious/deliberative,Somewhat clear,Quite easy,Rather confident,picked those that the bee is not familiar with
Qh7nowwjk2t863yr19nsx3br1Q,unconstrained,60.0,"[[0, 7, 1, 4], [2, 6, 7]]",0.0,6.072,0,Fairly conscious/deliberative,Somewhat clear,Quite easy,Rather confident,picked those that the bee is not familiar with
Qh7nowwjk2t863yr19nsx3br1Q,unconstrained,61.0,"[[0, 7, 1, 4], [4, 1, 7, 6, 2]]",0.0,6.238,1,Fairly conscious/deliberative,Somewhat clear,Quite easy,Rather confident,picked those that the bee is not familiar with
Qh7nowwjk2t863yr19nsx3br1Q,unconstrained,62.0,"[[0, 7, 6, 5], [2, 6, 7, 1, 4]]",0.0,3.087,1,Fairly conscious/deliberative,Somewhat clear,Quite easy,Rather confident,picked those that the bee is not familiar with
Qh7nowwjk2t863yr19nsx3br1Q,unconstrained,63.0,"[[7, 6, 5], [2, 6, 7, 0]]",0.0,2.312,1,Fairly conscious/deliberative,Somewhat clear,Quite easy,Rather confident,picked those that the bee is not familiar with
Qh7nowwjk2t863yr19nsx3br1Q,unconstrained,64.0,"[[3, 5, 6], [1, 7, 6, 2]]",0.0,3.271,1,Fairly conscious/deliberative,Somewhat clear,Quite easy,Rather confident,picked those that the bee is not familiar with
Qhhsjiciyxf2cn4h9v56wmy0xQ,unconstrained,0.0,"[[6, 7, 1, 4], [3, 5, 6, 7, 1]]",0.0,81.656,1,Fully conscious/deliberative,Fully clear,Quite easy,Rather confident,I used the strategy to memorize the start flower to the second one where it stopped as destination.
Qhhsjiciyxf2cn4h9v56wmy0xQ,unconstrained,1.0,"[[0, 7, 1, 4], [4, 1, 7, 6, 5]]",1.0,18.195,0,Fully conscious/deliberative,Fully clear,Quite easy,Rather confident,I used the strategy to memorize the start flower to the second one where it stopped as destination.
Qhhsjiciyxf2cn4h9v56wmy0xQ,unconstrained,2.0,"[[4, 1, 7, 0], [1, 7, 6]]",0.0,4.936,0,Fully conscious/deliberative,Fully clear,Quite easy,Rather confident,I used the strategy to memorize the start flower to the second one where it stopped as destination.
Qhhsjiciyxf2cn4h9v56wmy0xQ,unconstrained,3.0,"[[1, 7, 0], [1, 7, 6, 2]]",1.0,7.813,0,Fully conscious/deliberative,Fully clear,Quite easy,Rather confident,I used the strategy to memorize the start flower to the second one where it stopped as destination.
Qhhsjiciyxf2cn4h9v56wmy0xQ,unconstrained,4.0,"[[0, 7, 6], [0, 7, 1, 4]]",0.0,3.651,1,Fully conscious/deliberative,Fully clear,Quite easy,Rather confident,I used the strategy to memorize the start flower to the second one where it stopped as destination.
Qhhsjiciyxf2cn4h9v56wmy0xQ,unconstrained,5.0,"[[0, 7, 6], [3, 5, 6, 2]]",0.0,3.201,1,Fully conscious/deliberative,Fully clear,Quite easy,Rather confident,I used the strategy to memorize the start flower to the second one where it stopped as destination.
Qhhsjiciyxf2cn4h9v56wmy0xQ,unconstrained,6.0,"[[2, 6, 7, 1], [2, 6, 5]]",1.0,7.291,1,Fully conscious/deliberative,Fully clear,Quite easy,Rather confident,I used the strategy to memorize the start flower to the second one where it stopped as destination.
Qhhsjiciyxf2cn4h9v56wmy0xQ,unconstrained,7.0,"[[5, 6, 7, 0], [0, 7, 6]]",0.0,4.14,0,Fully conscious/deliberative,Fully clear,Quite easy,Rather confident,I used the strategy to memorize the start flower to the second one where it stopped as destination.
Qhhsjiciyxf2cn4h9v56wmy0xQ,unconstrained,8.0,"[[1, 7, 0], [0, 7, 6, 5]]",0.0,2.161,1,Fully conscious/deliberative,Fully clear,Quite easy,Rather confident,I used the strategy to memorize the start flower to the second one where it stopped as destination.
Qhhsjiciyxf2cn4h9v56wmy0xQ,unconstrained,9.0,"[[5, 6, 2], [0, 7, 6, 5]]",1.0,2.258,0,Fully conscious/deliberative,Fully clear,Quite easy,Rather confident,I used the strategy to memorize the start flower to the second one where it stopped as destination.
Qhhsjiciyxf2cn4h9v56wmy0xQ,unconstrained,10.0,"[[5, 6, 7, 0], [2, 6, 7, 1, 4]]",0.0,2.732,1,Fully conscious/deliberative,Fully clear,Quite easy,Rather confident,I used the strategy to memorize the start flower to the second one where it stopped as destination.
Qhhsjiciyxf2cn4h9v56wmy0xQ,unconstrained,11.0,"[[1, 7, 6, 5], [6, 5, 3]]",1.0,2.51,1,Fully conscious/deliberative,Fully clear,Quite easy,Rather confident,I used the strategy to memorize the start flower to the second one where it stopped as destination.
Qhhsjiciyxf2cn4h9v56wmy0xQ,unconstrained,12.0,"[[7, 1, 4], [1, 7, 6, 2]]",1.0,3.252,0,Fully conscious/deliberative,Fully clear,Quite easy,Rather confident,I used the strategy to memorize the start flower to the second one where it stopped as destination.
Qhhsjiciyxf2cn4h9v56wmy0xQ,unconstrained,13.0,"[[7, 6, 2], [6, 7, 1, 4]]",0.0,2.363,1,Fully conscious/deliberative,Fully clear,Quite easy,Rather confident,I used the strategy to memorize the start flower to the second one where it stopped as destination.
Qhhsjiciyxf2cn4h9v56wmy0xQ,unconstrained,14.0,"[[0, 7, 1], [3, 5, 6, 2]]",0.0,4.902,1,Fully conscious/deliberative,Fully clear,Quite easy,Rather confident,I used the strategy to memorize the start flower to the second one where it stopped as destination.
Qhhsjiciyxf2cn4h9v56wmy0xQ,unconstrained,15.0,"[[0, 7, 6, 2], [1, 7, 0]]",0.0,2.281,0,Fully conscious/deliberative,Fully clear,Quite easy,Rather confident,I used the strategy to memorize the start flower to the second one where it stopped as destination.
Qhhsjiciyxf2cn4h9v56wmy0xQ,unconstrained,16.0,"[[1, 7, 6, 2], [0, 7, 6, 5, 3]]",1.0,2.717,0,Fully conscious/deliberative,Fully clear,Quite easy,Rather confident,I used the strategy to memorize the start flower to the second one where it stopped as destination.
Qhhsjiciyxf2cn4h9v56wmy0xQ,unconstrained,17.0,"[[4, 1, 7, 6], [3, 5, 6]]",1.0,1.672,1,Fully conscious/deliberative,Fully clear,Quite easy,Rather confident,I used the strategy to memorize the start flower to the second one where it stopped as destination.
Qhhsjiciyxf2cn4h9v56wmy0xQ,unconstrained,18.0,"[[2, 6, 5], [0, 7, 1, 4]]",0.0,2.141,1,Fully conscious/deliberative,Fully clear,Quite easy,Rather confident,I used the strategy to memorize the start flower to the second one where it stopped as destination.
Qhhsjiciyxf2cn4h9v56wmy0xQ,unconstrained,19.0,"[[5, 6, 7, 0], [1, 7, 6]]",0.0,1.455,0,Fully conscious/deliberative,Fully clear,Quite easy,Rather confident,I used the strategy to memorize the start flower to the second one where it stopped as destination.
Qhhsjiciyxf2cn4h9v56wmy0xQ,unconstrained,20.0,"[[2, 6, 5, 3], [5, 6, 2]]",0.0,3.0,0,Fully conscious/deliberative,Fully clear,Quite easy,Rather confident,I used the strategy to memorize the start flower to the second one where it stopped as destination.
Qhhsjiciyxf2cn4h9v56wmy0xQ,unconstrained,21.0,"[[6, 7, 1], [5, 6, 7, 1]]",0.0,2.823,1,Fully conscious/deliberative,Fully clear,Quite easy,Rather confident,I used the strategy to memorize the start flower to the second one where it stopped as destination.
Qhhsjiciyxf2cn4h9v56wmy0xQ,unconstrained,22.0,"[[1, 7, 6], [2, 6, 7, 1]]",0.0,2.565,1,Fully conscious/deliberative,Fully clear,Quite easy,Rather confident,I used the strategy to memorize the start flower to the second one where it stopped as destination.
Qhhsjiciyxf2cn4h9v56wmy0xQ,unconstrained,23.0,"[[3, 5, 6, 2], [6, 7, 1]]",0.0,4.452,0,Fully conscious/deliberative,Fully clear,Quite easy,Rather confident,I used the strategy to memorize the start flower to the second one where it stopped as destination.
Qhhsjiciyxf2cn4h9v56wmy0xQ,unconstrained,24.0,"[[1, 7, 6, 2], [5, 6, 7]]",0.0,2.848,0,Fully conscious/deliberative,Fully clear,Quite easy,Rather confident,I used the strategy to memorize the start flower to the second one where it stopped as destination.
Qhhsjiciyxf2cn4h9v56wmy0xQ,unconstrained,25.0,"[[4, 1, 7, 6, 5, 3], [4, 1, 7, 6, 2]]",1.0,2.115,1,Fully conscious/deliberative,Fully clear,Quite easy,Rather confident,I used the strategy to memorize the start flower to the second one where it stopped as destination.
Qhhsjiciyxf2cn4h9v56wmy0xQ,unconstrained,26.0,"[[2, 6, 7, 1, 4], [4, 1, 7, 0]]",1.0,2.22,1,Fully conscious/deliberative,Fully clear,Quite easy,Rather confident,I used the strategy to memorize the start flower to the second one where it stopped as destination.
Qhhsjiciyxf2cn4h9v56wmy0xQ,unconstrained,27.0,"[[7, 6, 2], [0, 7, 1, 4]]",1.0,3.191,0,Fully conscious/deliberative,Fully clear,Quite easy,Rather confident,I used the strategy to memorize the start flower to the second one where it stopped as destination.
Qhhsjiciyxf2cn4h9v56wmy0xQ,unconstrained,28.0,"[[5, 6, 7], [5, 6, 7, 1]]",1.0,2.653,0,Fully conscious/deliberative,Fully clear,Quite easy,Rather confident,I used the strategy to memorize the start flower to the second one where it stopped as destination.
Qhhsjiciyxf2cn4h9v56wmy0xQ,unconstrained,29.0,"[[1, 7, 6, 5], [1, 7, 6, 5, 3]]",0.0,3.003,1,Fully conscious/deliberative,Fully clear,Quite easy,Rather confident,I used the strategy to memorize the start flower to the second one where it stopped as destination.
Qhhsjiciyxf2cn4h9v56wmy0xQ,unconstrained,30.0,"[[3, 5, 6, 7, 1], [2, 6, 7, 1]]",1.0,2.463,1,Fully conscious/deliberative,Fully clear,Quite easy,Rather confident,I used the strategy to memorize the start flower to the second one where it stopped as destination.
Qhhsjiciyxf2cn4h9v56wmy0xQ,unconstrained,31.0,"[[6, 7, 1, 4], [0, 7, 6, 5, 3]]",1.0,5.521,0,Fully conscious/deliberative,Fully clear,Quite easy,Rather confident,I used the strategy to memorize the start flower to the second one where it stopped as destination.
Qhhsjiciyxf2cn4h9v56wmy0xQ,unconstrained,32.0,"[[2, 6, 5, 3], [2, 6, 7, 1, 4]]",0.0,4.858,1,Fully conscious/deliberative,Fully clear,Quite easy,Rather confident,I used the strategy to memorize the start flower to the second one where it stopped as destination.
Qhhsjiciyxf2cn4h9v56wmy0xQ,unconstrained,33.0,"[[1, 7, 6, 5], [7, 1, 4]]",1.0,3.301,1,Fully conscious/deliberative,Fully clear,Quite easy,Rather confident,I used the strategy to memorize the start flower to the second one where it stopped as destination.
Qhhsjiciyxf2cn4h9v56wmy0xQ,unconstrained,34.0,"[[5, 6, 2], [1, 7, 6, 5]]",0.0,4.425,1,Fully conscious/deliberative,Fully clear,Quite easy,Rather confident,I used the strategy to memorize the start flower to the second one where it stopped as destination.
Qhhsjiciyxf2cn4h9v56wmy0xQ,unconstrained,35.0,"[[0, 7, 6, 5], [7, 1, 4]]",0.0,1.791,0,Fully conscious/deliberative,Fully clear,Quite easy,Rather confident,I used the strategy to memorize the start flower to the second one where it stopped as destination.
Qhhsjiciyxf2cn4h9v56wmy0xQ,unconstrained,36.0,"[[2, 6, 5], [3, 5, 6, 7]]",0.0,2.837,1,Fully conscious/deliberative,Fully clear,Quite easy,Rather confident,I used the strategy to memorize the start flower to the second one where it stopped as destination.
Qhhsjiciyxf2cn4h9v56wmy0xQ,unconstrained,37.0,"[[3, 5, 6, 7], [4, 1, 7, 6, 5]]",1.0,1.488,0,Fully conscious/deliberative,Fully clear,Quite easy,Rather confident,I used the strategy to memorize the start flower to the second one where it stopped as destination.
Qhhsjiciyxf2cn4h9v56wmy0xQ,unconstrained,38.0,"[[5, 6, 7, 0], [5, 6, 7]]",1.0,4.275,1,Fully conscious/deliberative,Fully clear,Quite easy,Rather confident,I used the strategy to memorize the start flower to the second one where it stopped as destination.
Qhhsjiciyxf2cn4h9v56wmy0xQ,unconstrained,39.0,"[[5, 6, 7, 1, 4], [7, 6, 5, 3]]",0.0,1.821,0,Fully conscious/deliberative,Fully clear,Quite easy,Rather confident,I used the strategy to memorize the start flower to the second one where it stopped as destination.
Qhhsjiciyxf2cn4h9v56wmy0xQ,unconstrained,40.0,"[[3, 5, 6], [4, 1, 7, 6]]",1.0,2.012,0,Fully conscious/deliberative,Fully clear,Quite easy,Rather confident,I used the strategy to memorize the start flower to the second one where it stopped as destination.
Qhhsjiciyxf2cn4h9v56wmy0xQ,unconstrained,41.0,"[[3, 5, 6, 7, 0], [0, 7, 6, 2]]",1.0,1.813,1,Fully conscious/deliberative,Fully clear,Quite easy,Rather confident,I used the strategy to memorize the start flower to the second one where it stopped as destination.
Qhhsjiciyxf2cn4h9v56wmy0xQ,unconstrained,42.0,"[[7, 1, 4], [1, 7, 6, 2]]",0.0,2.095,1,Fully conscious/deliberative,Fully clear,Quite easy,Rather confident,I used the strategy to memorize the start flower to the second one where it stopped as destination.
Qhhsjiciyxf2cn4h9v56wmy0xQ,unconstrained,43.0,"[[5, 6, 7, 1], [7, 1, 4]]",0.0,1.499,0,Fully conscious/deliberative,Fully clear,Quite easy,Rather confident,I used the strategy to memorize the start flower to the second one where it stopped as destination.
Qhhsjiciyxf2cn4h9v56wmy0xQ,unconstrained,44.0,"[[2, 6, 7, 1, 4], [3, 5, 6, 7]]",0.0,1.151,0,Fully conscious/deliberative,Fully clear,Quite easy,Rather confident,I used the strategy to memorize the start flower to the second one where it stopped as destination.
Qhhsjiciyxf2cn4h9v56wmy0xQ,unconstrained,45.0,"[[2, 6, 5], [4, 1, 7, 6]]",0.0,1.845,1,Fully conscious/deliberative,Fully clear,Quite easy,Rather confident,I used the strategy to memorize the start flower to the second one where it stopped as destination.
Qhhsjiciyxf2cn4h9v56wmy0xQ,unconstrained,46.0,"[[0, 7, 1], [5, 6, 7, 1]]",1.0,4.389,0,Fully conscious/deliberative,Fully clear,Quite easy,Rather confident,I used the strategy to memorize the start flower to the second one where it stopped as destination.
Qhhsjiciyxf2cn4h9v56wmy0xQ,unconstrained,47.0,"[[1, 7, 0], [1, 7, 6, 2]]",1.0,2.609,0,Fully conscious/deliberative,Fully clear,Quite easy,Rather confident,I used the strategy to memorize the start flower to the second one where it stopped as destination.
Qhhsjiciyxf2cn4h9v56wmy0xQ,unconstrained,48.0,"[[2, 6, 5, 3], [4, 1, 7]]",1.0,4.238,1,Fully conscious/deliberative,Fully clear,Quite easy,Rather confident,I used the strategy to memorize the start flower to the second one where it stopped as destination.
Qhhsjiciyxf2cn4h9v56wmy0xQ,unconstrained,49.0,"[[5, 6, 7, 1], [2, 6, 7]]",0.0,3.993,0,Fully conscious/deliberative,Fully clear,Quite easy,Rather confident,I used the strategy to memorize the start flower to the second one where it stopped as destination.
Qhhsjiciyxf2cn4h9v56wmy0xQ,unconstrained,50.0,"[[0, 7, 6, 2], [3, 5, 6]]",1.0,5.597,1,Fully conscious/deliberative,Fully clear,Quite easy,Rather confident,I used the strategy to memorize the start flower to the second one where it stopped as destination.
Qhhsjiciyxf2cn4h9v56wmy0xQ,unconstrained,51.0,"[[5, 6, 7, 1, 4], [4, 1, 7, 6]]",1.0,3.247,1,Fully conscious/deliberative,Fully clear,Quite easy,Rather confident,I used the strategy to memorize the start flower to the second one where it stopped as destination.
Qhhsjiciyxf2cn4h9v56wmy0xQ,unconstrained,52.0,"[[4, 1, 7, 6], [5, 6, 7]]",0.0,2.144,0,Fully conscious/deliberative,Fully clear,Quite easy,Rather confident,I used the strategy to memorize the start flower to the second one where it stopped as destination.
Qhhsjiciyxf2cn4h9v56wmy0xQ,unconstrained,53.0,"[[6, 5, 3], [0, 7, 1, 4]]",1.0,2.177,0,Fully conscious/deliberative,Fully clear,Quite easy,Rather confident,I used the strategy to memorize the start flower to the second one where it stopped as destination.
Qhhsjiciyxf2cn4h9v56wmy0xQ,unconstrained,54.0,"[[4, 1, 7, 0], [5, 6, 7]]",1.0,4.138,1,Fully conscious/deliberative,Fully clear,Quite easy,Rather confident,I used the strategy to memorize the start flower to the second one where it stopped as destination.
Qhhsjiciyxf2cn4h9v56wmy0xQ,unconstrained,55.0,"[[4, 1, 7, 6], [2, 6, 7]]",1.0,4.586,1,Fully conscious/deliberative,Fully clear,Quite easy,Rather confident,I used the strategy to memorize the start flower to the second one where it stopped as destination.
Qhhsjiciyxf2cn4h9v56wmy0xQ,unconstrained,56.0,"[[5, 6, 7], [0, 7, 6, 2]]",1.0,3.012,0,Fully conscious/deliberative,Fully clear,Quite easy,Rather confident,I used the strategy to memorize the start flower to the second one where it stopped as destination.
Qhhsjiciyxf2cn4h9v56wmy0xQ,unconstrained,57.0,"[[2, 6, 5, 3], [3, 5, 6, 7, 1]]",1.0,5.032,0,Fully conscious/deliberative,Fully clear,Quite easy,Rather confident,I used the strategy to memorize the start flower to the second one where it stopped as destination.
Qhhsjiciyxf2cn4h9v56wmy0xQ,unconstrained,58.0,"[[3, 5, 6], [1, 7, 6, 2]]",1.0,5.537,0,Fully conscious/deliberative,Fully clear,Quite easy,Rather confident,I used the strategy to memorize the start flower to the second one where it stopped as destination.
Qhhsjiciyxf2cn4h9v56wmy0xQ,unconstrained,59.0,"[[5, 6, 7], [2, 6, 5, 3]]",0.0,4.259,1,Fully conscious/deliberative,Fully clear,Quite easy,Rather confident,I used the strategy to memorize the start flower to the second one where it stopped as destination.
Qhhsjiciyxf2cn4h9v56wmy0xQ,unconstrained,60.0,"[[7, 6, 2], [3, 5, 6, 7]]",1.0,5.528,0,Fully conscious/deliberative,Fully clear,Quite easy,Rather confident,I used the strategy to memorize the start flower to the second one where it stopped as destination.
Qhhsjiciyxf2cn4h9v56wmy0xQ,unconstrained,61.0,"[[2, 6, 7], [2, 6, 7, 1]]",0.0,4.566,1,Fully conscious/deliberative,Fully clear,Quite easy,Rather confident,I used the strategy to memorize the start flower to the second one where it stopped as destination.
Qhhsjiciyxf2cn4h9v56wmy0xQ,unconstrained,62.0,"[[6, 7, 1, 4], [0, 7, 1]]",0.0,3.568,0,Fully conscious/deliberative,Fully clear,Quite easy,Rather confident,I used the strategy to memorize the start flower to the second one where it stopped as destination.
Qhhsjiciyxf2cn4h9v56wmy0xQ,unconstrained,63.0,"[[4, 1, 7, 0], [2, 6, 7]]",0.0,4.088,0,Fully conscious/deliberative,Fully clear,Quite easy,Rather confident,I used the strategy to memorize the start flower to the second one where it stopped as destination.
Qhhsjiciyxf2cn4h9v56wmy0xQ,unconstrained,64.0,"[[7, 1, 4], [0, 7, 6, 2]]",1.0,4.071,0,Fully conscious/deliberative,Fully clear,Quite easy,Rather confident,I used the strategy to memorize the start flower to the second one where it stopped as destination.
Qjk60ibtfo1hx3x0b24in3oixQ,unconstrained,0.0,"[[2, 6, 7, 1], [1, 7, 6]]",1.0,14.988,1,Fully conscious/deliberative,Fully clear,Quite hard,Rather unconfident,"There's no clear distinction on the flowers except the color. I mean the distance looks rather the same, the positioning are similar. This makes it challenging to draw a line on the stopover."
Qjk60ibtfo1hx3x0b24in3oixQ,unconstrained,1.0,"[[0, 7, 6, 2], [7, 1, 4]]",1.0,4.244,1,Fully conscious/deliberative,Fully clear,Quite hard,Rather unconfident,"There's no clear distinction on the flowers except the color. I mean the distance looks rather the same, the positioning are similar. This makes it challenging to draw a line on the stopover."
Qjk60ibtfo1hx3x0b24in3oixQ,unconstrained,2.0,"[[3, 5, 6], [1, 7, 6, 5]]",1.0,8.916,0,Fully conscious/deliberative,Fully clear,Quite hard,Rather unconfident,"There's no clear distinction on the flowers except the color. I mean the distance looks rather the same, the positioning are similar. This makes it challenging to draw a line on the stopover."
Qjk60ibtfo1hx3x0b24in3oixQ,unconstrained,3.0,"[[1, 7, 0], [5, 6, 7, 1]]",0.0,15.036,1,Fully conscious/deliberative,Fully clear,Quite hard,Rather unconfident,"There's no clear distinction on the flowers except the color. I mean the distance looks rather the same, the positioning are similar. This makes it challenging to draw a line on the stopover."
Qjk60ibtfo1hx3x0b24in3oixQ,unconstrained,4.0,"[[7, 1, 4], [2, 6, 7, 1]]",1.0,5.284,0,Fully conscious/deliberative,Fully clear,Quite hard,Rather unconfident,"There's no clear distinction on the flowers except the color. I mean the distance looks rather the same, the positioning are similar. This makes it challenging to draw a line on the stopover."
Qjk60ibtfo1hx3x0b24in3oixQ,unconstrained,5.0,"[[0, 7, 1, 4], [2, 6, 7, 1, 4]]",1.0,6.092,0,Fully conscious/deliberative,Fully clear,Quite hard,Rather unconfident,"There's no clear distinction on the flowers except the color. I mean the distance looks rather the same, the positioning are similar. This makes it challenging to draw a line on the stopover."
Qjk60ibtfo1hx3x0b24in3oixQ,unconstrained,6.0,"[[5, 6, 2], [3, 5, 6, 7]]",0.0,2.597,1,Fully conscious/deliberative,Fully clear,Quite hard,Rather unconfident,"There's no clear distinction on the flowers except the color. I mean the distance looks rather the same, the positioning are similar. This makes it challenging to draw a line on the stopover."
Qjk60ibtfo1hx3x0b24in3oixQ,unconstrained,7.0,"[[1, 7, 6, 5], [5, 6, 2]]",1.0,10.157,1,Fully conscious/deliberative,Fully clear,Quite hard,Rather unconfident,"There's no clear distinction on the flowers except the color. I mean the distance looks rather the same, the positioning are similar. This makes it challenging to draw a line on the stopover."
Qjk60ibtfo1hx3x0b24in3oixQ,unconstrained,8.0,"[[5, 6, 7, 1, 4], [3, 5, 6, 7]]",1.0,8.661,1,Fully conscious/deliberative,Fully clear,Quite hard,Rather unconfident,"There's no clear distinction on the flowers except the color. I mean the distance looks rather the same, the positioning are similar. This makes it challenging to draw a line on the stopover."
Qjk60ibtfo1hx3x0b24in3oixQ,unconstrained,9.0,"[[2, 6, 5], [0, 7, 1, 4]]",1.0,2.196,0,Fully conscious/deliberative,Fully clear,Quite hard,Rather unconfident,"There's no clear distinction on the flowers except the color. I mean the distance looks rather the same, the positioning are similar. This makes it challenging to draw a line on the stopover."
Qjk60ibtfo1hx3x0b24in3oixQ,unconstrained,10.0,"[[6, 5, 3], [2, 6, 7, 0]]",1.0,4.901,0,Fully conscious/deliberative,Fully clear,Quite hard,Rather unconfident,"There's no clear distinction on the flowers except the color. I mean the distance looks rather the same, the positioning are similar. This makes it challenging to draw a line on the stopover."
Qjk60ibtfo1hx3x0b24in3oixQ,unconstrained,11.0,"[[6, 7, 1, 4], [1, 7, 6, 5, 3]]",0.0,3.847,1,Fully conscious/deliberative,Fully clear,Quite hard,Rather unconfident,"There's no clear distinction on the flowers except the color. I mean the distance looks rather the same, the positioning are similar. This makes it challenging to draw a line on the stopover."
Qjk60ibtfo1hx3x0b24in3oixQ,unconstrained,12.0,"[[5, 6, 7, 0], [1, 7, 0]]",0.0,12.195,0,Fully conscious/deliberative,Fully clear,Quite hard,Rather unconfident,"There's no clear distinction on the flowers except the color. I mean the distance looks rather the same, the positioning are similar. This makes it challenging to draw a line on the stopover."
Qjk60ibtfo1hx3x0b24in3oixQ,unconstrained,13.0,"[[4, 1, 7, 0], [3, 5, 6]]",1.0,2.1,1,Fully conscious/deliberative,Fully clear,Quite hard,Rather unconfident,"There's no clear distinction on the flowers except the color. I mean the distance looks rather the same, the positioning are similar. This makes it challenging to draw a line on the stopover."
Qjk60ibtfo1hx3x0b24in3oixQ,unconstrained,14.0,"[[6, 7, 0], [4, 1, 7, 0]]",0.0,2.669,1,Fully conscious/deliberative,Fully clear,Quite hard,Rather unconfident,"There's no clear distinction on the flowers except the color. I mean the distance looks rather the same, the positioning are similar. This makes it challenging to draw a line on the stopover."
Qjk60ibtfo1hx3x0b24in3oixQ,unconstrained,15.0,"[[3, 5, 6, 7, 1], [2, 6, 7, 1]]",1.0,4.013,1,Fully conscious/deliberative,Fully clear,Quite hard,Rather unconfident,"There's no clear distinction on the flowers except the color. I mean the distance looks rather the same, the positioning are similar. This makes it challenging to draw a line on the stopover."
Qjk60ibtfo1hx3x0b24in3oixQ,unconstrained,16.0,"[[3, 5, 6, 2], [1, 7, 0]]",1.0,4.461,1,Fully conscious/deliberative,Fully clear,Quite hard,Rather unconfident,"There's no clear distinction on the flowers except the color. I mean the distance looks rather the same, the positioning are similar. This makes it challenging to draw a line on the stopover."
Qjk60ibtfo1hx3x0b24in3oixQ,unconstrained,17.0,"[[4, 1, 7, 0], [7, 6, 2]]",1.0,5.477,1,Fully conscious/deliberative,Fully clear,Quite hard,Rather unconfident,"There's no clear distinction on the flowers except the color. I mean the distance looks rather the same, the positioning are similar. This makes it challenging to draw a line on the stopover."
Qjk60ibtfo1hx3x0b24in3oixQ,unconstrained,18.0,"[[5, 6, 7, 1], [7, 6, 2]]",0.0,2.341,0,Fully conscious/deliberative,Fully clear,Quite hard,Rather unconfident,"There's no clear distinction on the flowers except the color. I mean the distance looks rather the same, the positioning are similar. This makes it challenging to draw a line on the stopover."
Qjk60ibtfo1hx3x0b24in3oixQ,unconstrained,19.0,"[[0, 7, 6, 5], [4, 1, 7, 6, 2]]",1.0,5.325,0,Fully conscious/deliberative,Fully clear,Quite hard,Rather unconfident,"There's no clear distinction on the flowers except the color. I mean the distance looks rather the same, the positioning are similar. This makes it challenging to draw a line on the stopover."
Qjk60ibtfo1hx3x0b24in3oixQ,unconstrained,20.0,"[[7, 1, 4], [1, 7, 6, 5]]",1.0,5.253,0,Fully conscious/deliberative,Fully clear,Quite hard,Rather unconfident,"There's no clear distinction on the flowers except the color. I mean the distance looks rather the same, the positioning are similar. This makes it challenging to draw a line on the stopover."
Qjk60ibtfo1hx3x0b24in3oixQ,unconstrained,21.0,"[[1, 7, 6, 2], [1, 7, 0]]",1.0,6.037,1,Fully conscious/deliberative,Fully clear,Quite hard,Rather unconfident,"There's no clear distinction on the flowers except the color. I mean the distance looks rather the same, the positioning are similar. This makes it challenging to draw a line on the stopover."
Qjk60ibtfo1hx3x0b24in3oixQ,unconstrained,22.0,"[[2, 6, 7, 1], [2, 6, 7]]",1.0,4.9,1,Fully conscious/deliberative,Fully clear,Quite hard,Rather unconfident,"There's no clear distinction on the flowers except the color. I mean the distance looks rather the same, the positioning are similar. This makes it challenging to draw a line on the stopover."
Qjk60ibtfo1hx3x0b24in3oixQ,unconstrained,23.0,"[[5, 6, 7, 0], [4, 1, 7]]",0.0,7.205,0,Fully conscious/deliberative,Fully clear,Quite hard,Rather unconfident,"There's no clear distinction on the flowers except the color. I mean the distance looks rather the same, the positioning are similar. This makes it challenging to draw a line on the stopover."
Qjk60ibtfo1hx3x0b24in3oixQ,unconstrained,24.0,"[[3, 5, 6, 7], [4, 1, 7, 6, 2]]",0.0,4.925,1,Fully conscious/deliberative,Fully clear,Quite hard,Rather unconfident,"There's no clear distinction on the flowers except the color. I mean the distance looks rather the same, the positioning are similar. This makes it challenging to draw a line on the stopover."
Qjk60ibtfo1hx3x0b24in3oixQ,unconstrained,25.0,"[[0, 7, 1, 4], [7, 6, 2]]",1.0,3.557,1,Fully conscious/deliberative,Fully clear,Quite hard,Rather unconfident,"There's no clear distinction on the flowers except the color. I mean the distance looks rather the same, the positioning are similar. This makes it challenging to draw a line on the stopover."
Qjk60ibtfo1hx3x0b24in3oixQ,unconstrained,26.0,"[[1, 7, 6, 5], [7, 1, 4]]",0.0,3.772,0,Fully conscious/deliberative,Fully clear,Quite hard,Rather unconfident,"There's no clear distinction on the flowers except the color. I mean the distance looks rather the same, the positioning are similar. This makes it challenging to draw a line on the stopover."
Qjk60ibtfo1hx3x0b24in3oixQ,unconstrained,27.0,"[[4, 1, 7, 6, 2], [2, 6, 5, 3]]",1.0,1.765,1,Fully conscious/deliberative,Fully clear,Quite hard,Rather unconfident,"There's no clear distinction on the flowers except the color. I mean the distance looks rather the same, the positioning are similar. This makes it challenging to draw a line on the stopover."
Qjk60ibtfo1hx3x0b24in3oixQ,unconstrained,28.0,"[[1, 7, 6, 5, 3], [5, 6, 7, 1]]",0.0,1.653,0,Fully conscious/deliberative,Fully clear,Quite hard,Rather unconfident,"There's no clear distinction on the flowers except the color. I mean the distance looks rather the same, the positioning are similar. This makes it challenging to draw a line on the stopover."
Qjk60ibtfo1hx3x0b24in3oixQ,unconstrained,29.0,"[[2, 6, 7, 1], [7, 1, 4]]",1.0,3.949,1,Fully conscious/deliberative,Fully clear,Quite hard,Rather unconfident,"There's no clear distinction on the flowers except the color. I mean the distance looks rather the same, the positioning are similar. This makes it challenging to draw a line on the stopover."
Qjk60ibtfo1hx3x0b24in3oixQ,unconstrained,30.0,"[[5, 6, 7], [4, 1, 7, 6]]",0.0,1.764,1,Fully conscious/deliberative,Fully clear,Quite hard,Rather unconfident,"There's no clear distinction on the flowers except the color. I mean the distance looks rather the same, the positioning are similar. This makes it challenging to draw a line on the stopover."
Qjk60ibtfo1hx3x0b24in3oixQ,unconstrained,31.0,"[[3, 5, 6, 2], [6, 7, 1]]",0.0,3.565,0,Fully conscious/deliberative,Fully clear,Quite hard,Rather unconfident,"There's no clear distinction on the flowers except the color. I mean the distance looks rather the same, the positioning are similar. This makes it challenging to draw a line on the stopover."
Qjk60ibtfo1hx3x0b24in3oixQ,unconstrained,32.0,"[[7, 1, 4], [2, 6, 5, 3]]",0.0,1.797,1,Fully conscious/deliberative,Fully clear,Quite hard,Rather unconfident,"There's no clear distinction on the flowers except the color. I mean the distance looks rather the same, the positioning are similar. This makes it challenging to draw a line on the stopover."
Qjk60ibtfo1hx3x0b24in3oixQ,unconstrained,33.0,"[[5, 6, 7], [1, 7, 6, 5]]",0.0,11.341,1,Fully conscious/deliberative,Fully clear,Quite hard,Rather unconfident,"There's no clear distinction on the flowers except the color. I mean the distance looks rather the same, the positioning are similar. This makes it challenging to draw a line on the stopover."
Qjk60ibtfo1hx3x0b24in3oixQ,unconstrained,34.0,"[[1, 7, 6, 5, 3], [3, 5, 6, 2]]",0.0,7.188,0,Fully conscious/deliberative,Fully clear,Quite hard,Rather unconfident,"There's no clear distinction on the flowers except the color. I mean the distance looks rather the same, the positioning are similar. This makes it challenging to draw a line on the stopover."
Qjk60ibtfo1hx3x0b24in3oixQ,unconstrained,35.0,"[[2, 6, 5, 3], [0, 7, 6]]",0.0,5.053,0,Fully conscious/deliberative,Fully clear,Quite hard,Rather unconfident,"There's no clear distinction on the flowers except the color. I mean the distance looks rather the same, the positioning are similar. This makes it challenging to draw a line on the stopover."
Qjk60ibtfo1hx3x0b24in3oixQ,unconstrained,36.0,"[[6, 5, 3], [6, 7, 1, 4]]",0.0,3.437,1,Fully conscious/deliberative,Fully clear,Quite hard,Rather unconfident,"There's no clear distinction on the flowers except the color. I mean the distance looks rather the same, the positioning are similar. This makes it challenging to draw a line on the stopover."
Qjk60ibtfo1hx3x0b24in3oixQ,unconstrained,37.0,"[[4, 1, 7, 6, 5, 3], [2, 6, 7, 1, 4]]",1.0,3.18,1,Fully conscious/deliberative,Fully clear,Quite hard,Rather unconfident,"There's no clear distinction on the flowers except the color. I mean the distance looks rather the same, the positioning are similar. This makes it challenging to draw a line on the stopover."
Qjk60ibtfo1hx3x0b24in3oixQ,unconstrained,38.0,"[[2, 6, 5], [5, 6, 7, 0]]",0.0,10.741,1,Fully conscious/deliberative,Fully clear,Quite hard,Rather unconfident,"There's no clear distinction on the flowers except the color. I mean the distance looks rather the same, the positioning are similar. This makes it challenging to draw a line on the stopover."
Qjk60ibtfo1hx3x0b24in3oixQ,unconstrained,39.0,"[[6, 7, 1, 4], [4, 1, 7, 6, 5]]",1.0,2.244,0,Fully conscious/deliberative,Fully clear,Quite hard,Rather unconfident,"There's no clear distinction on the flowers except the color. I mean the distance looks rather the same, the positioning are similar. This makes it challenging to draw a line on the stopover."
Qjk60ibtfo1hx3x0b24in3oixQ,unconstrained,40.0,"[[2, 6, 7, 1], [2, 6, 5]]",0.0,3.813,0,Fully conscious/deliberative,Fully clear,Quite hard,Rather unconfident,"There's no clear distinction on the flowers except the color. I mean the distance looks rather the same, the positioning are similar. This makes it challenging to draw a line on the stopover."
Qjk60ibtfo1hx3x0b24in3oixQ,unconstrained,41.0,"[[7, 6, 5, 3], [4, 1, 7, 6, 5]]",1.0,3.901,0,Fully conscious/deliberative,Fully clear,Quite hard,Rather unconfident,"There's no clear distinction on the flowers except the color. I mean the distance looks rather the same, the positioning are similar. This makes it challenging to draw a line on the stopover."
Qjk60ibtfo1hx3x0b24in3oixQ,unconstrained,42.0,"[[3, 5, 6, 7, 0], [4, 1, 7, 6]]",1.0,2.701,1,Fully conscious/deliberative,Fully clear,Quite hard,Rather unconfident,"There's no clear distinction on the flowers except the color. I mean the distance looks rather the same, the positioning are similar. This makes it challenging to draw a line on the stopover."
Qjk60ibtfo1hx3x0b24in3oixQ,unconstrained,43.0,"[[7, 6, 5, 3], [2, 6, 7]]",0.0,2.349,0,Fully conscious/deliberative,Fully clear,Quite hard,Rather unconfident,"There's no clear distinction on the flowers except the color. I mean the distance looks rather the same, the positioning are similar. This makes it challenging to draw a line on the stopover."
Qjk60ibtfo1hx3x0b24in3oixQ,unconstrained,44.0,"[[1, 7, 6, 5], [1, 7, 6]]",1.0,3.629,1,Fully conscious/deliberative,Fully clear,Quite hard,Rather unconfident,"There's no clear distinction on the flowers except the color. I mean the distance looks rather the same, the positioning are similar. This makes it challenging to draw a line on the stopover."
Qjk60ibtfo1hx3x0b24in3oixQ,unconstrained,45.0,"[[1, 7, 6, 2], [5, 6, 7]]",1.0,1.253,1,Fully conscious/deliberative,Fully clear,Quite hard,Rather unconfident,"There's no clear distinction on the flowers except the color. I mean the distance looks rather the same, the positioning are similar. This makes it challenging to draw a line on the stopover."
Qjk60ibtfo1hx3x0b24in3oixQ,unconstrained,46.0,"[[1, 7, 6], [0, 7, 6, 5]]",1.0,4.485,0,Fully conscious/deliberative,Fully clear,Quite hard,Rather unconfident,"There's no clear distinction on the flowers except the color. I mean the distance looks rather the same, the positioning are similar. This makes it challenging to draw a line on the stopover."
Qjk60ibtfo1hx3x0b24in3oixQ,unconstrained,47.0,"[[7, 6, 5], [0, 7, 6, 5]]",0.0,2.509,1,Fully conscious/deliberative,Fully clear,Quite hard,Rather unconfident,"There's no clear distinction on the flowers except the color. I mean the distance looks rather the same, the positioning are similar. This makes it challenging to draw a line on the stopover."
Qjk60ibtfo1hx3x0b24in3oixQ,unconstrained,48.0,"[[4, 1, 7, 6], [1, 7, 0]]",1.0,3.349,1,Fully conscious/deliberative,Fully clear,Quite hard,Rather unconfident,"There's no clear distinction on the flowers except the color. I mean the distance looks rather the same, the positioning are similar. This makes it challenging to draw a line on the stopover."
Qjk60ibtfo1hx3x0b24in3oixQ,unconstrained,49.0,"[[5, 6, 2], [4, 1, 7, 6]]",0.0,10.829,1,Fully conscious/deliberative,Fully clear,Quite hard,Rather unconfident,"There's no clear distinction on the flowers except the color. I mean the distance looks rather the same, the positioning are similar. This makes it challenging to draw a line on the stopover."
Qjk60ibtfo1hx3x0b24in3oixQ,unconstrained,50.0,"[[5, 6, 2], [3, 5, 6, 2]]",0.0,3.628,1,Fully conscious/deliberative,Fully clear,Quite hard,Rather unconfident,"There's no clear distinction on the flowers except the color. I mean the distance looks rather the same, the positioning are similar. This makes it challenging to draw a line on the stopover."
Qjk60ibtfo1hx3x0b24in3oixQ,unconstrained,51.0,"[[0, 7, 6, 2], [5, 6, 7]]",0.0,2.397,0,Fully conscious/deliberative,Fully clear,Quite hard,Rather unconfident,"There's no clear distinction on the flowers except the color. I mean the distance looks rather the same, the positioning are similar. This makes it challenging to draw a line on the stopover."
Qjk60ibtfo1hx3x0b24in3oixQ,unconstrained,52.0,"[[5, 6, 7], [0, 7, 1, 4]]",0.0,2.885,1,Fully conscious/deliberative,Fully clear,Quite hard,Rather unconfident,"There's no clear distinction on the flowers except the color. I mean the distance looks rather the same, the positioning are similar. This makes it challenging to draw a line on the stopover."
Qjk60ibtfo1hx3x0b24in3oixQ,unconstrained,53.0,"[[7, 6, 2], [6, 7, 1, 4]]",0.0,6.556,1,Fully conscious/deliberative,Fully clear,Quite hard,Rather unconfident,"There's no clear distinction on the flowers except the color. I mean the distance looks rather the same, the positioning are similar. This makes it challenging to draw a line on the stopover."
Qjk60ibtfo1hx3x0b24in3oixQ,unconstrained,54.0,"[[2, 6, 7], [4, 1, 7, 6]]",0.0,4.157,1,Fully conscious/deliberative,Fully clear,Quite hard,Rather unconfident,"There's no clear distinction on the flowers except the color. I mean the distance looks rather the same, the positioning are similar. This makes it challenging to draw a line on the stopover."
Qjk60ibtfo1hx3x0b24in3oixQ,unconstrained,55.0,"[[6, 7, 0], [0, 7, 6, 5]]",1.0,5.413,0,Fully conscious/deliberative,Fully clear,Quite hard,Rather unconfident,"There's no clear distinction on the flowers except the color. I mean the distance looks rather the same, the positioning are similar. This makes it challenging to draw a line on the stopover."
Qjk60ibtfo1hx3x0b24in3oixQ,unconstrained,56.0,"[[3, 5, 6, 7, 0], [0, 7, 6, 2]]",1.0,4.453,1,Fully conscious/deliberative,Fully clear,Quite hard,Rather unconfident,"There's no clear distinction on the flowers except the color. I mean the distance looks rather the same, the positioning are similar. This makes it challenging to draw a line on the stopover."
Qjk60ibtfo1hx3x0b24in3oixQ,unconstrained,57.0,"[[0, 7, 1, 4], [6, 7, 1]]",1.0,5.5,1,Fully conscious/deliberative,Fully clear,Quite hard,Rather unconfident,"There's no clear distinction on the flowers except the color. I mean the distance looks rather the same, the positioning are similar. This makes it challenging to draw a line on the stopover."
Qjk60ibtfo1hx3x0b24in3oixQ,unconstrained,58.0,"[[0, 7, 6, 5, 3], [1, 7, 6, 2]]",0.0,2.317,0,Fully conscious/deliberative,Fully clear,Quite hard,Rather unconfident,"There's no clear distinction on the flowers except the color. I mean the distance looks rather the same, the positioning are similar. This makes it challenging to draw a line on the stopover."
Qjk60ibtfo1hx3x0b24in3oixQ,unconstrained,59.0,"[[6, 7, 1, 4], [3, 5, 6]]",1.0,6.844,1,Fully conscious/deliberative,Fully clear,Quite hard,Rather unconfident,"There's no clear distinction on the flowers except the color. I mean the distance looks rather the same, the positioning are similar. This makes it challenging to draw a line on the stopover."
Qjk60ibtfo1hx3x0b24in3oixQ,unconstrained,60.0,"[[1, 7, 0], [2, 6, 7, 1]]",0.0,6.181,1,Fully conscious/deliberative,Fully clear,Quite hard,Rather unconfident,"There's no clear distinction on the flowers except the color. I mean the distance looks rather the same, the positioning are similar. This makes it challenging to draw a line on the stopover."
Qjk60ibtfo1hx3x0b24in3oixQ,unconstrained,61.0,"[[2, 6, 5, 3], [5, 6, 7]]",0.0,5.692,0,Fully conscious/deliberative,Fully clear,Quite hard,Rather unconfident,"There's no clear distinction on the flowers except the color. I mean the distance looks rather the same, the positioning are similar. This makes it challenging to draw a line on the stopover."
Qjk60ibtfo1hx3x0b24in3oixQ,unconstrained,62.0,"[[0, 7, 1, 4], [5, 6, 7, 1, 4]]",1.0,4.053,0,Fully conscious/deliberative,Fully clear,Quite hard,Rather unconfident,"There's no clear distinction on the flowers except the color. I mean the distance looks rather the same, the positioning are similar. This makes it challenging to draw a line on the stopover."
Qjk60ibtfo1hx3x0b24in3oixQ,unconstrained,63.0,"[[0, 7, 6, 2], [0, 7, 1]]",1.0,4.573,1,Fully conscious/deliberative,Fully clear,Quite hard,Rather unconfident,"There's no clear distinction on the flowers except the color. I mean the distance looks rather the same, the positioning are similar. This makes it challenging to draw a line on the stopover."
Qjk60ibtfo1hx3x0b24in3oixQ,unconstrained,64.0,"[[3, 5, 6], [2, 6, 7, 1]]",0.0,4.677,1,Fully conscious/deliberative,Fully clear,Quite hard,Rather unconfident,"There's no clear distinction on the flowers except the color. I mean the distance looks rather the same, the positioning are similar. This makes it challenging to draw a line on the stopover."
Qmwns02es1oaj6z1k5o5sbolzQ,unconstrained,0.0,"[[7, 6, 5], [2, 6, 7, 0]]",0.0,4.93,1,Fairly conscious/deliberative,Somewhat clear,Easy,Rather confident,I thought about the routes the bee took in the previous task
Qmwns02es1oaj6z1k5o5sbolzQ,unconstrained,1.0,"[[2, 6, 7, 1], [2, 6, 5]]",0.0,4.145,0,Fairly conscious/deliberative,Somewhat clear,Easy,Rather confident,I thought about the routes the bee took in the previous task
Qmwns02es1oaj6z1k5o5sbolzQ,unconstrained,2.0,"[[5, 6, 7, 0], [5, 6, 2]]",0.0,6.662,0,Fairly conscious/deliberative,Somewhat clear,Easy,Rather confident,I thought about the routes the bee took in the previous task
Qmwns02es1oaj6z1k5o5sbolzQ,unconstrained,3.0,"[[3, 5, 6], [1, 7, 6, 2]]",0.0,2.753,1,Fairly conscious/deliberative,Somewhat clear,Easy,Rather confident,I thought about the routes the bee took in the previous task
Qmwns02es1oaj6z1k5o5sbolzQ,unconstrained,4.0,"[[5, 6, 7], [3, 5, 6, 2]]",0.0,3.084,1,Fairly conscious/deliberative,Somewhat clear,Easy,Rather confident,I thought about the routes the bee took in the previous task
Qmwns02es1oaj6z1k5o5sbolzQ,unconstrained,5.0,"[[5, 6, 2], [6, 7, 1, 4]]",0.0,7.572,1,Fairly conscious/deliberative,Somewhat clear,Easy,Rather confident,I thought about the routes the bee took in the previous task
Qmwns02es1oaj6z1k5o5sbolzQ,unconstrained,6.0,"[[3, 5, 6, 7, 0], [2, 6, 7, 0]]",0.0,3.418,0,Fairly conscious/deliberative,Somewhat clear,Easy,Rather confident,I thought about the routes the bee took in the previous task
Qmwns02es1oaj6z1k5o5sbolzQ,unconstrained,7.0,"[[6, 5, 3], [2, 6, 7, 0]]",0.0,5.277,1,Fairly conscious/deliberative,Somewhat clear,Easy,Rather confident,I thought about the routes the bee took in the previous task
Qmwns02es1oaj6z1k5o5sbolzQ,unconstrained,8.0,"[[5, 6, 7], [5, 6, 7, 1]]",0.0,3.499,1,Fairly conscious/deliberative,Somewhat clear,Easy,Rather confident,I thought about the routes the bee took in the previous task
Qmwns02es1oaj6z1k5o5sbolzQ,unconstrained,9.0,"[[2, 6, 7, 1, 4], [4, 1, 7, 6, 5, 3]]",1.0,2.268,0,Fairly conscious/deliberative,Somewhat clear,Easy,Rather confident,I thought about the routes the bee took in the previous task
Qmwns02es1oaj6z1k5o5sbolzQ,unconstrained,10.0,"[[1, 7, 6, 5, 3], [3, 5, 6, 2]]",0.0,2.696,0,Fairly conscious/deliberative,Somewhat clear,Easy,Rather confident,I thought about the routes the bee took in the previous task
Qmwns02es1oaj6z1k5o5sbolzQ,unconstrained,11.0,"[[4, 1, 7], [0, 7, 6, 5]]",0.0,7.635,1,Fairly conscious/deliberative,Somewhat clear,Easy,Rather confident,I thought about the routes the bee took in the previous task
Qmwns02es1oaj6z1k5o5sbolzQ,unconstrained,12.0,"[[4, 1, 7, 6, 5], [4, 1, 7, 6]]",0.0,3.545,0,Fairly conscious/deliberative,Somewhat clear,Easy,Rather confident,I thought about the routes the bee took in the previous task
Qmwns02es1oaj6z1k5o5sbolzQ,unconstrained,13.0,"[[2, 6, 7, 1], [1, 7, 0]]",0.0,2.868,0,Fairly conscious/deliberative,Somewhat clear,Easy,Rather confident,I thought about the routes the bee took in the previous task
Qmwns02es1oaj6z1k5o5sbolzQ,unconstrained,14.0,"[[7, 6, 5], [6, 7, 1, 4]]",0.0,4.262,1,Fairly conscious/deliberative,Somewhat clear,Easy,Rather confident,I thought about the routes the bee took in the previous task
Qmwns02es1oaj6z1k5o5sbolzQ,unconstrained,15.0,"[[4, 1, 7, 0], [4, 1, 7, 6, 5]]",0.0,2.596,1,Fairly conscious/deliberative,Somewhat clear,Easy,Rather confident,I thought about the routes the bee took in the previous task
Qmwns02es1oaj6z1k5o5sbolzQ,unconstrained,16.0,"[[1, 7, 6, 2], [6, 7, 1]]",0.0,4.818,0,Fairly conscious/deliberative,Somewhat clear,Easy,Rather confident,I thought about the routes the bee took in the previous task
Qmwns02es1oaj6z1k5o5sbolzQ,unconstrained,17.0,"[[4, 1, 7, 6], [2, 6, 7]]",1.0,3.305,1,Fairly conscious/deliberative,Somewhat clear,Easy,Rather confident,I thought about the routes the bee took in the previous task
Qmwns02es1oaj6z1k5o5sbolzQ,unconstrained,18.0,"[[3, 5, 6, 7, 1], [6, 7, 1, 4]]",0.0,2.207,0,Fairly conscious/deliberative,Somewhat clear,Easy,Rather confident,I thought about the routes the bee took in the previous task
Qmwns02es1oaj6z1k5o5sbolzQ,unconstrained,19.0,"[[1, 7, 6, 5], [3, 5, 6]]",0.0,3.705,0,Fairly conscious/deliberative,Somewhat clear,Easy,Rather confident,I thought about the routes the bee took in the previous task
Qmwns02es1oaj6z1k5o5sbolzQ,unconstrained,20.0,"[[6, 7, 1], [0, 7, 6, 5]]",1.0,3.855,0,Fairly conscious/deliberative,Somewhat clear,Easy,Rather confident,I thought about the routes the bee took in the previous task
Qmwns02es1oaj6z1k5o5sbolzQ,unconstrained,21.0,"[[2, 6, 7], [0, 7, 1, 4]]",0.0,37.456,1,Fairly conscious/deliberative,Somewhat clear,Easy,Rather confident,I thought about the routes the bee took in the previous task
Qmwns02es1oaj6z1k5o5sbolzQ,unconstrained,22.0,"[[2, 6, 7, 1], [3, 5, 6, 7, 0]]",1.0,1.882,0,Fairly conscious/deliberative,Somewhat clear,Easy,Rather confident,I thought about the routes the bee took in the previous task
Qmwns02es1oaj6z1k5o5sbolzQ,unconstrained,23.0,"[[4, 1, 7, 6, 2], [0, 7, 6, 5]]",0.0,2.216,0,Fairly conscious/deliberative,Somewhat clear,Easy,Rather confident,I thought about the routes the bee took in the previous task
Qmwns02es1oaj6z1k5o5sbolzQ,unconstrained,24.0,"[[1, 7, 6, 5], [4, 1, 7]]",0.0,10.056,0,Fairly conscious/deliberative,Somewhat clear,Easy,Rather confident,I thought about the routes the bee took in the previous task
Qmwns02es1oaj6z1k5o5sbolzQ,unconstrained,25.0,"[[4, 1, 7, 6], [3, 5, 6]]",1.0,6.873,1,Fairly conscious/deliberative,Somewhat clear,Easy,Rather confident,I thought about the routes the bee took in the previous task
Qmwns02es1oaj6z1k5o5sbolzQ,unconstrained,26.0,"[[5, 6, 7], [5, 6, 7, 0]]",0.0,1.635,1,Fairly conscious/deliberative,Somewhat clear,Easy,Rather confident,I thought about the routes the bee took in the previous task
Qmwns02es1oaj6z1k5o5sbolzQ,unconstrained,27.0,"[[2, 6, 7, 1], [0, 7, 1]]",0.0,2.113,0,Fairly conscious/deliberative,Somewhat clear,Easy,Rather confident,I thought about the routes the bee took in the previous task
Qmwns02es1oaj6z1k5o5sbolzQ,unconstrained,28.0,"[[1, 7, 6, 5], [4, 1, 7]]",0.0,9.213,0,Fairly conscious/deliberative,Somewhat clear,Easy,Rather confident,I thought about the routes the bee took in the previous task
Qmwns02es1oaj6z1k5o5sbolzQ,unconstrained,29.0,"[[5, 6, 7], [2, 6, 7, 1]]",0.0,6.048,1,Fairly conscious/deliberative,Somewhat clear,Easy,Rather confident,I thought about the routes the bee took in the previous task
Qmwns02es1oaj6z1k5o5sbolzQ,unconstrained,30.0,"[[6, 5, 3], [4, 1, 7, 0]]",0.0,80.954,1,Fairly conscious/deliberative,Somewhat clear,Easy,Rather confident,I thought about the routes the bee took in the previous task
Qmwns02es1oaj6z1k5o5sbolzQ,unconstrained,31.0,"[[7, 6, 2], [0, 7, 1, 4]]",1.0,31.74,0,Fairly conscious/deliberative,Somewhat clear,Easy,Rather confident,I thought about the routes the bee took in the previous task
Qmwns02es1oaj6z1k5o5sbolzQ,unconstrained,32.0,"[[1, 7, 6, 5], [1, 7, 0]]",0.0,2.145,0,Fairly conscious/deliberative,Somewhat clear,Easy,Rather confident,I thought about the routes the bee took in the previous task
Qmwns02es1oaj6z1k5o5sbolzQ,unconstrained,33.0,"[[1, 7, 6, 2], [4, 1, 7]]",0.0,1.708,0,Fairly conscious/deliberative,Somewhat clear,Easy,Rather confident,I thought about the routes the bee took in the previous task
Qmwns02es1oaj6z1k5o5sbolzQ,unconstrained,34.0,"[[1, 7, 6, 5], [7, 6, 2]]",0.0,1.883,0,Fairly conscious/deliberative,Somewhat clear,Easy,Rather confident,I thought about the routes the bee took in the previous task
Qmwns02es1oaj6z1k5o5sbolzQ,unconstrained,35.0,"[[6, 5, 3], [6, 7, 1, 4]]",0.0,2.671,1,Fairly conscious/deliberative,Somewhat clear,Easy,Rather confident,I thought about the routes the bee took in the previous task
Qmwns02es1oaj6z1k5o5sbolzQ,unconstrained,36.0,"[[4, 1, 7, 6, 2], [3, 5, 6, 2]]",0.0,1.689,0,Fairly conscious/deliberative,Somewhat clear,Easy,Rather confident,I thought about the routes the bee took in the previous task
Qmwns02es1oaj6z1k5o5sbolzQ,unconstrained,37.0,"[[7, 6, 5, 3], [4, 1, 7, 6, 5]]",0.0,2.176,1,Fairly conscious/deliberative,Somewhat clear,Easy,Rather confident,I thought about the routes the bee took in the previous task
Qmwns02es1oaj6z1k5o5sbolzQ,unconstrained,38.0,"[[5, 6, 2], [7, 6, 5, 3]]",0.0,2.255,1,Fairly conscious/deliberative,Somewhat clear,Easy,Rather confident,I thought about the routes the bee took in the previous task
Qmwns02es1oaj6z1k5o5sbolzQ,unconstrained,39.0,"[[2, 6, 5], [4, 1, 7, 0]]",0.0,5.884,1,Fairly conscious/deliberative,Somewhat clear,Easy,Rather confident,I thought about the routes the bee took in the previous task
Qmwns02es1oaj6z1k5o5sbolzQ,unconstrained,40.0,"[[2, 6, 7, 1, 4], [7, 6, 5, 3]]",0.0,2.655,0,Fairly conscious/deliberative,Somewhat clear,Easy,Rather confident,I thought about the routes the bee took in the previous task
Qmwns02es1oaj6z1k5o5sbolzQ,unconstrained,41.0,"[[1, 7, 6, 2], [1, 7, 6, 5, 3]]",1.0,3.805,0,Fairly conscious/deliberative,Somewhat clear,Easy,Rather confident,I thought about the routes the bee took in the previous task
Qmwns02es1oaj6z1k5o5sbolzQ,unconstrained,42.0,"[[4, 1, 7, 0], [0, 7, 6]]",1.0,2.43,1,Fairly conscious/deliberative,Somewhat clear,Easy,Rather confident,I thought about the routes the bee took in the previous task
Qmwns02es1oaj6z1k5o5sbolzQ,unconstrained,43.0,"[[2, 6, 7, 0], [4, 1, 7]]",0.0,2.116,0,Fairly conscious/deliberative,Somewhat clear,Easy,Rather confident,I thought about the routes the bee took in the previous task
Qmwns02es1oaj6z1k5o5sbolzQ,unconstrained,44.0,"[[6, 7, 0], [5, 6, 7, 0]]",0.0,2.56,1,Fairly conscious/deliberative,Somewhat clear,Easy,Rather confident,I thought about the routes the bee took in the previous task
Qmwns02es1oaj6z1k5o5sbolzQ,unconstrained,45.0,"[[2, 6, 5], [3, 5, 6, 2]]",0.0,2.374,1,Fairly conscious/deliberative,Somewhat clear,Easy,Rather confident,I thought about the routes the bee took in the previous task
Qmwns02es1oaj6z1k5o5sbolzQ,unconstrained,46.0,"[[4, 1, 7, 6, 2], [4, 1, 7, 0]]",0.0,4.47,0,Fairly conscious/deliberative,Somewhat clear,Easy,Rather confident,I thought about the routes the bee took in the previous task
Qmwns02es1oaj6z1k5o5sbolzQ,unconstrained,47.0,"[[2, 6, 7, 1], [4, 1, 7]]",0.0,1.553,0,Fairly conscious/deliberative,Somewhat clear,Easy,Rather confident,I thought about the routes the bee took in the previous task
Qmwns02es1oaj6z1k5o5sbolzQ,unconstrained,48.0,"[[1, 7, 0], [3, 5, 6, 2]]",0.0,1.945,1,Fairly conscious/deliberative,Somewhat clear,Easy,Rather confident,I thought about the routes the bee took in the previous task
Qmwns02es1oaj6z1k5o5sbolzQ,unconstrained,49.0,"[[4, 1, 7, 0], [7, 6, 5]]",0.0,1.548,0,Fairly conscious/deliberative,Somewhat clear,Easy,Rather confident,I thought about the routes the bee took in the previous task
Qmwns02es1oaj6z1k5o5sbolzQ,unconstrained,50.0,"[[1, 7, 6], [4, 1, 7, 0]]",0.0,3.325,1,Fairly conscious/deliberative,Somewhat clear,Easy,Rather confident,I thought about the routes the bee took in the previous task
Qmwns02es1oaj6z1k5o5sbolzQ,unconstrained,51.0,"[[1, 7, 6, 5, 3], [5, 6, 7, 1]]",1.0,2.152,1,Fairly conscious/deliberative,Somewhat clear,Easy,Rather confident,I thought about the routes the bee took in the previous task
Qmwns02es1oaj6z1k5o5sbolzQ,unconstrained,52.0,"[[4, 1, 7, 6], [7, 6, 2]]",0.0,3.336,0,Fairly conscious/deliberative,Somewhat clear,Easy,Rather confident,I thought about the routes the bee took in the previous task
Qmwns02es1oaj6z1k5o5sbolzQ,unconstrained,53.0,"[[4, 1, 7, 6], [1, 7, 0]]",0.0,2.451,0,Fairly conscious/deliberative,Somewhat clear,Easy,Rather confident,I thought about the routes the bee took in the previous task
Qmwns02es1oaj6z1k5o5sbolzQ,unconstrained,54.0,"[[0, 7, 1], [0, 7, 6, 2]]",0.0,2.224,1,Fairly conscious/deliberative,Somewhat clear,Easy,Rather confident,I thought about the routes the bee took in the previous task
Qmwns02es1oaj6z1k5o5sbolzQ,unconstrained,55.0,"[[2, 6, 5, 3], [7, 1, 4]]",0.0,5.603,0,Fairly conscious/deliberative,Somewhat clear,Easy,Rather confident,I thought about the routes the bee took in the previous task
Qmwns02es1oaj6z1k5o5sbolzQ,unconstrained,56.0,"[[7, 6, 2], [1, 7, 6, 2]]",0.0,3.118,1,Fairly conscious/deliberative,Somewhat clear,Easy,Rather confident,I thought about the routes the bee took in the previous task
Qmwns02es1oaj6z1k5o5sbolzQ,unconstrained,57.0,"[[1, 7, 6, 5], [6, 7, 1]]",0.0,2.125,0,Fairly conscious/deliberative,Somewhat clear,Easy,Rather confident,I thought about the routes the bee took in the previous task
Qmwns02es1oaj6z1k5o5sbolzQ,unconstrained,58.0,"[[7, 6, 5, 3], [2, 6, 7]]",0.0,2.497,0,Fairly conscious/deliberative,Somewhat clear,Easy,Rather confident,I thought about the routes the bee took in the previous task
Qmwns02es1oaj6z1k5o5sbolzQ,unconstrained,59.0,"[[5, 6, 7, 1], [5, 6, 2]]",0.0,2.718,0,Fairly conscious/deliberative,Somewhat clear,Easy,Rather confident,I thought about the routes the bee took in the previous task
Qmwns02es1oaj6z1k5o5sbolzQ,unconstrained,60.0,"[[1, 7, 6], [3, 5, 6, 2]]",1.0,2.652,0,Fairly conscious/deliberative,Somewhat clear,Easy,Rather confident,I thought about the routes the bee took in the previous task
Qmwns02es1oaj6z1k5o5sbolzQ,unconstrained,61.0,"[[3, 5, 6, 7, 0], [4, 1, 7, 6]]",0.0,1.974,0,Fairly conscious/deliberative,Somewhat clear,Easy,Rather confident,I thought about the routes the bee took in the previous task
Qmwns02es1oaj6z1k5o5sbolzQ,unconstrained,62.0,"[[4, 1, 7, 6, 5], [3, 5, 6, 7]]",0.0,3.787,0,Fairly conscious/deliberative,Somewhat clear,Easy,Rather confident,I thought about the routes the bee took in the previous task
Qmwns02es1oaj6z1k5o5sbolzQ,unconstrained,63.0,"[[3, 5, 6, 2], [6, 7, 0]]",0.0,3.77,0,Fairly conscious/deliberative,Somewhat clear,Easy,Rather confident,I thought about the routes the bee took in the previous task
Qmwns02es1oaj6z1k5o5sbolzQ,unconstrained,64.0,"[[1, 7, 0], [0, 7, 6, 5]]",0.0,2.693,1,Fairly conscious/deliberative,Somewhat clear,Easy,Rather confident,I thought about the routes the bee took in the previous task
Qql4k7uta20noubpvevxd4ajkQ,unconstrained,0.0,"[[6, 5, 3], [2, 6, 7, 0]]",0.0,8.459,1,Fairly conscious/deliberative,Somewhat clear,Quite hard,Rather confident,I had made acronyms to help me memorize the color combinations that kept on repeating
Qql4k7uta20noubpvevxd4ajkQ,unconstrained,1.0,"[[5, 6, 7, 1], [7, 6, 5]]",1.0,3.822,1,Fairly conscious/deliberative,Somewhat clear,Quite hard,Rather confident,I had made acronyms to help me memorize the color combinations that kept on repeating
Qql4k7uta20noubpvevxd4ajkQ,unconstrained,2.0,"[[2, 6, 7, 1], [6, 7, 1]]",0.0,1.877,0,Fairly conscious/deliberative,Somewhat clear,Quite hard,Rather confident,I had made acronyms to help me memorize the color combinations that kept on repeating
Qql4k7uta20noubpvevxd4ajkQ,unconstrained,3.0,"[[2, 6, 7], [2, 6, 7, 1]]",1.0,2.573,0,Fairly conscious/deliberative,Somewhat clear,Quite hard,Rather confident,I had made acronyms to help me memorize the color combinations that kept on repeating
Qql4k7uta20noubpvevxd4ajkQ,unconstrained,4.0,"[[6, 7, 1], [0, 7, 6, 5]]",1.0,2.172,0,Fairly conscious/deliberative,Somewhat clear,Quite hard,Rather confident,I had made acronyms to help me memorize the color combinations that kept on repeating
Qql4k7uta20noubpvevxd4ajkQ,unconstrained,5.0,"[[7, 6, 5, 3], [7, 6, 2]]",0.0,2.321,0,Fairly conscious/deliberative,Somewhat clear,Quite hard,Rather confident,I had made acronyms to help me memorize the color combinations that kept on repeating
Qql4k7uta20noubpvevxd4ajkQ,unconstrained,6.0,"[[2, 6, 7, 0], [4, 1, 7]]",1.0,3.108,1,Fairly conscious/deliberative,Somewhat clear,Quite hard,Rather confident,I had made acronyms to help me memorize the color combinations that kept on repeating
Qql4k7uta20noubpvevxd4ajkQ,unconstrained,7.0,"[[0, 7, 6, 5], [6, 7, 0]]",1.0,2.245,1,Fairly conscious/deliberative,Somewhat clear,Quite hard,Rather confident,I had made acronyms to help me memorize the color combinations that kept on repeating
Qql4k7uta20noubpvevxd4ajkQ,unconstrained,8.0,"[[2, 6, 7], [6, 7, 1, 4]]",1.0,4.649,0,Fairly conscious/deliberative,Somewhat clear,Quite hard,Rather confident,I had made acronyms to help me memorize the color combinations that kept on repeating
Qql4k7uta20noubpvevxd4ajkQ,unconstrained,9.0,"[[2, 6, 7, 1], [3, 5, 6, 7, 1]]",0.0,3.427,1,Fairly conscious/deliberative,Somewhat clear,Quite hard,Rather confident,I had made acronyms to help me memorize the color combinations that kept on repeating
Qql4k7uta20noubpvevxd4ajkQ,unconstrained,10.0,"[[4, 1, 7, 6], [3, 5, 6]]",0.0,3.838,0,Fairly conscious/deliberative,Somewhat clear,Quite hard,Rather confident,I had made acronyms to help me memorize the color combinations that kept on repeating
Qql4k7uta20noubpvevxd4ajkQ,unconstrained,11.0,"[[0, 7, 1], [0, 7, 6, 5]]",0.0,9.071,1,Fairly conscious/deliberative,Somewhat clear,Quite hard,Rather confident,I had made acronyms to help me memorize the color combinations that kept on repeating
Qql4k7uta20noubpvevxd4ajkQ,unconstrained,12.0,"[[7, 6, 2], [6, 7, 1, 4]]",0.0,2.659,1,Fairly conscious/deliberative,Somewhat clear,Quite hard,Rather confident,I had made acronyms to help me memorize the color combinations that kept on repeating
Qql4k7uta20noubpvevxd4ajkQ,unconstrained,13.0,"[[2, 6, 7, 1], [3, 5, 6]]",1.0,1.958,1,Fairly conscious/deliberative,Somewhat clear,Quite hard,Rather confident,I had made acronyms to help me memorize the color combinations that kept on repeating
Qql4k7uta20noubpvevxd4ajkQ,unconstrained,14.0,"[[3, 5, 6, 2], [4, 1, 7, 6, 2]]",1.0,2.398,0,Fairly conscious/deliberative,Somewhat clear,Quite hard,Rather confident,I had made acronyms to help me memorize the color combinations that kept on repeating
Qql4k7uta20noubpvevxd4ajkQ,unconstrained,15.0,"[[2, 6, 7], [0, 7, 1, 4]]",1.0,6.47,0,Fairly conscious/deliberative,Somewhat clear,Quite hard,Rather confident,I had made acronyms to help me memorize the color combinations that kept on repeating
Qql4k7uta20noubpvevxd4ajkQ,unconstrained,16.0,"[[2, 6, 5, 3], [7, 1, 4]]",1.0,1.95,1,Fairly conscious/deliberative,Somewhat clear,Quite hard,Rather confident,I had made acronyms to help me memorize the color combinations that kept on repeating
Qql4k7uta20noubpvevxd4ajkQ,unconstrained,17.0,"[[3, 5, 6, 7], [4, 1, 7, 6, 5]]",1.0,2.512,0,Fairly conscious/deliberative,Somewhat clear,Quite hard,Rather confident,I had made acronyms to help me memorize the color combinations that kept on repeating
Qql4k7uta20noubpvevxd4ajkQ,unconstrained,18.0,"[[4, 1, 7], [5, 6, 7, 0]]",1.0,3.598,0,Fairly conscious/deliberative,Somewhat clear,Quite hard,Rather confident,I had made acronyms to help me memorize the color combinations that kept on repeating
Qql4k7uta20noubpvevxd4ajkQ,unconstrained,19.0,"[[5, 6, 7], [2, 6, 7, 0]]",1.0,3.297,0,Fairly conscious/deliberative,Somewhat clear,Quite hard,Rather confident,I had made acronyms to help me memorize the color combinations that kept on repeating
Qql4k7uta20noubpvevxd4ajkQ,unconstrained,20.0,"[[5, 6, 7], [0, 7, 1, 4]]",1.0,2.136,0,Fairly conscious/deliberative,Somewhat clear,Quite hard,Rather confident,I had made acronyms to help me memorize the color combinations that kept on repeating
Qql4k7uta20noubpvevxd4ajkQ,unconstrained,21.0,"[[4, 1, 7, 0], [2, 6, 7, 1, 4]]",1.0,2.465,0,Fairly conscious/deliberative,Somewhat clear,Quite hard,Rather confident,I had made acronyms to help me memorize the color combinations that kept on repeating
Qql4k7uta20noubpvevxd4ajkQ,unconstrained,22.0,"[[1, 7, 6, 2], [7, 1, 4]]",1.0,1.938,1,Fairly conscious/deliberative,Somewhat clear,Quite hard,Rather confident,I had made acronyms to help me memorize the color combinations that kept on repeating
Qql4k7uta20noubpvevxd4ajkQ,unconstrained,23.0,"[[3, 5, 6, 7], [2, 6, 7, 1, 4]]",1.0,4.318,0,Fairly conscious/deliberative,Somewhat clear,Quite hard,Rather confident,I had made acronyms to help me memorize the color combinations that kept on repeating
Qql4k7uta20noubpvevxd4ajkQ,unconstrained,24.0,"[[3, 5, 6, 7, 0], [0, 7, 6, 2]]",0.0,7.407,0,Fairly conscious/deliberative,Somewhat clear,Quite hard,Rather confident,I had made acronyms to help me memorize the color combinations that kept on repeating
Qql4k7uta20noubpvevxd4ajkQ,unconstrained,25.0,"[[0, 7, 1], [1, 7, 6, 2]]",0.0,3.361,1,Fairly conscious/deliberative,Somewhat clear,Quite hard,Rather confident,I had made acronyms to help me memorize the color combinations that kept on repeating
Qql4k7uta20noubpvevxd4ajkQ,unconstrained,26.0,"[[4, 1, 7, 0], [6, 7, 0]]",1.0,3.68,1,Fairly conscious/deliberative,Somewhat clear,Quite hard,Rather confident,I had made acronyms to help me memorize the color combinations that kept on repeating
Qql4k7uta20noubpvevxd4ajkQ,unconstrained,27.0,"[[5, 6, 7, 1], [1, 7, 0]]",1.0,5.863,1,Fairly conscious/deliberative,Somewhat clear,Quite hard,Rather confident,I had made acronyms to help me memorize the color combinations that kept on repeating
Qql4k7uta20noubpvevxd4ajkQ,unconstrained,28.0,"[[1, 7, 6, 5, 3], [1, 7, 6, 5]]",1.0,1.821,1,Fairly conscious/deliberative,Somewhat clear,Quite hard,Rather confident,I had made acronyms to help me memorize the color combinations that kept on repeating
Qql4k7uta20noubpvevxd4ajkQ,unconstrained,29.0,"[[0, 7, 6, 5, 3], [1, 7, 6, 2]]",1.0,1.923,1,Fairly conscious/deliberative,Somewhat clear,Quite hard,Rather confident,I had made acronyms to help me memorize the color combinations that kept on repeating
Qql4k7uta20noubpvevxd4ajkQ,unconstrained,30.0,"[[4, 1, 7, 6], [0, 7, 1]]",0.0,1.76,0,Fairly conscious/deliberative,Somewhat clear,Quite hard,Rather confident,I had made acronyms to help me memorize the color combinations that kept on repeating
Qql4k7uta20noubpvevxd4ajkQ,unconstrained,31.0,"[[2, 6, 7, 1], [1, 7, 0]]",1.0,1.763,1,Fairly conscious/deliberative,Somewhat clear,Quite hard,Rather confident,I had made acronyms to help me memorize the color combinations that kept on repeating
Qql4k7uta20noubpvevxd4ajkQ,unconstrained,32.0,"[[5, 6, 7, 1, 4], [3, 5, 6, 7]]",0.0,2.002,0,Fairly conscious/deliberative,Somewhat clear,Quite hard,Rather confident,I had made acronyms to help me memorize the color combinations that kept on repeating
Qql4k7uta20noubpvevxd4ajkQ,unconstrained,33.0,"[[7, 6, 2], [0, 7, 1, 4]]",1.0,3.446,0,Fairly conscious/deliberative,Somewhat clear,Quite hard,Rather confident,I had made acronyms to help me memorize the color combinations that kept on repeating
Qql4k7uta20noubpvevxd4ajkQ,unconstrained,34.0,"[[4, 1, 7, 0], [4, 1, 7, 6, 5]]",1.0,2.842,0,Fairly conscious/deliberative,Somewhat clear,Quite hard,Rather confident,I had made acronyms to help me memorize the color combinations that kept on repeating
Qql4k7uta20noubpvevxd4ajkQ,unconstrained,35.0,"[[6, 7, 1], [5, 6, 7, 1]]",0.0,3.051,1,Fairly conscious/deliberative,Somewhat clear,Quite hard,Rather confident,I had made acronyms to help me memorize the color combinations that kept on repeating
Qql4k7uta20noubpvevxd4ajkQ,unconstrained,36.0,"[[5, 6, 2], [0, 7, 1, 4]]",0.0,1.585,1,Fairly conscious/deliberative,Somewhat clear,Quite hard,Rather confident,I had made acronyms to help me memorize the color combinations that kept on repeating
Qql4k7uta20noubpvevxd4ajkQ,unconstrained,37.0,"[[4, 1, 7, 0], [6, 5, 3]]",0.0,1.317,0,Fairly conscious/deliberative,Somewhat clear,Quite hard,Rather confident,I had made acronyms to help me memorize the color combinations that kept on repeating
Qql4k7uta20noubpvevxd4ajkQ,unconstrained,38.0,"[[1, 7, 6, 5], [7, 1, 4]]",1.0,1.314,1,Fairly conscious/deliberative,Somewhat clear,Quite hard,Rather confident,I had made acronyms to help me memorize the color combinations that kept on repeating
Qql4k7uta20noubpvevxd4ajkQ,unconstrained,39.0,"[[1, 7, 6, 2], [5, 6, 2]]",1.0,5.025,1,Fairly conscious/deliberative,Somewhat clear,Quite hard,Rather confident,I had made acronyms to help me memorize the color combinations that kept on repeating
Qql4k7uta20noubpvevxd4ajkQ,unconstrained,40.0,"[[2, 6, 5, 3], [3, 5, 6, 7, 1]]",1.0,2.272,0,Fairly conscious/deliberative,Somewhat clear,Quite hard,Rather confident,I had made acronyms to help me memorize the color combinations that kept on repeating
Qql4k7uta20noubpvevxd4ajkQ,unconstrained,41.0,"[[4, 1, 7, 6], [1, 7, 6, 5, 3]]",1.0,4.645,0,Fairly conscious/deliberative,Somewhat clear,Quite hard,Rather confident,I had made acronyms to help me memorize the color combinations that kept on repeating
Qql4k7uta20noubpvevxd4ajkQ,unconstrained,42.0,"[[2, 6, 5, 3], [1, 7, 0]]",0.0,2.286,0,Fairly conscious/deliberative,Somewhat clear,Quite hard,Rather confident,I had made acronyms to help me memorize the color combinations that kept on repeating
Qql4k7uta20noubpvevxd4ajkQ,unconstrained,43.0,"[[5, 6, 7, 1], [2, 6, 5]]",0.0,1.468,0,Fairly conscious/deliberative,Somewhat clear,Quite hard,Rather confident,I had made acronyms to help me memorize the color combinations that kept on repeating
Qql4k7uta20noubpvevxd4ajkQ,unconstrained,44.0,"[[4, 1, 7, 6, 2], [3, 5, 6, 7, 1, 4]]",0.0,2.307,1,Fairly conscious/deliberative,Somewhat clear,Quite hard,Rather confident,I had made acronyms to help me memorize the color combinations that kept on repeating
Qql4k7uta20noubpvevxd4ajkQ,unconstrained,45.0,"[[1, 7, 6, 2], [5, 6, 7]]",1.0,2.301,1,Fairly conscious/deliberative,Somewhat clear,Quite hard,Rather confident,I had made acronyms to help me memorize the color combinations that kept on repeating
Qql4k7uta20noubpvevxd4ajkQ,unconstrained,46.0,"[[5, 6, 7, 1], [7, 6, 2]]",0.0,2.319,0,Fairly conscious/deliberative,Somewhat clear,Quite hard,Rather confident,I had made acronyms to help me memorize the color combinations that kept on repeating
Qql4k7uta20noubpvevxd4ajkQ,unconstrained,47.0,"[[6, 7, 1, 4], [5, 6, 2]]",0.0,1.454,0,Fairly conscious/deliberative,Somewhat clear,Quite hard,Rather confident,I had made acronyms to help me memorize the color combinations that kept on repeating
Qql4k7uta20noubpvevxd4ajkQ,unconstrained,48.0,"[[2, 6, 5, 3], [2, 6, 5]]",0.0,2.675,0,Fairly conscious/deliberative,Somewhat clear,Quite hard,Rather confident,I had made acronyms to help me memorize the color combinations that kept on repeating
Qql4k7uta20noubpvevxd4ajkQ,unconstrained,49.0,"[[5, 6, 7, 1, 4], [6, 7, 1, 4]]",0.0,2.646,0,Fairly conscious/deliberative,Somewhat clear,Quite hard,Rather confident,I had made acronyms to help me memorize the color combinations that kept on repeating
Qql4k7uta20noubpvevxd4ajkQ,unconstrained,50.0,"[[0, 7, 6, 5], [2, 6, 5]]",0.0,2.154,0,Fairly conscious/deliberative,Somewhat clear,Quite hard,Rather confident,I had made acronyms to help me memorize the color combinations that kept on repeating
Qql4k7uta20noubpvevxd4ajkQ,unconstrained,51.0,"[[0, 7, 6, 2], [1, 7, 0]]",1.0,3.995,1,Fairly conscious/deliberative,Somewhat clear,Quite hard,Rather confident,I had made acronyms to help me memorize the color combinations that kept on repeating
Qql4k7uta20noubpvevxd4ajkQ,unconstrained,52.0,"[[6, 5, 3], [1, 7, 6, 5]]",0.0,2.87,1,Fairly conscious/deliberative,Somewhat clear,Quite hard,Rather confident,I had made acronyms to help me memorize the color combinations that kept on repeating
Qql4k7uta20noubpvevxd4ajkQ,unconstrained,53.0,"[[2, 6, 5], [3, 5, 6, 7]]",0.0,2.254,1,Fairly conscious/deliberative,Somewhat clear,Quite hard,Rather confident,I had made acronyms to help me memorize the color combinations that kept on repeating
Qql4k7uta20noubpvevxd4ajkQ,unconstrained,54.0,"[[7, 1, 4], [1, 7, 6, 5]]",1.0,2.136,0,Fairly conscious/deliberative,Somewhat clear,Quite hard,Rather confident,I had made acronyms to help me memorize the color combinations that kept on repeating
Qql4k7uta20noubpvevxd4ajkQ,unconstrained,55.0,"[[0, 7, 6, 5], [7, 6, 5]]",0.0,6.153,0,Fairly conscious/deliberative,Somewhat clear,Quite hard,Rather confident,I had made acronyms to help me memorize the color combinations that kept on repeating
Qql4k7uta20noubpvevxd4ajkQ,unconstrained,56.0,"[[6, 7, 1], [0, 7, 1, 4]]",1.0,2.665,0,Fairly conscious/deliberative,Somewhat clear,Quite hard,Rather confident,I had made acronyms to help me memorize the color combinations that kept on repeating
Qql4k7uta20noubpvevxd4ajkQ,unconstrained,57.0,"[[2, 6, 5, 3], [6, 7, 0]]",1.0,1.611,1,Fairly conscious/deliberative,Somewhat clear,Quite hard,Rather confident,I had made acronyms to help me memorize the color combinations that kept on repeating
Qql4k7uta20noubpvevxd4ajkQ,unconstrained,58.0,"[[7, 1, 4], [1, 7, 6, 2]]",1.0,1.413,0,Fairly conscious/deliberative,Somewhat clear,Quite hard,Rather confident,I had made acronyms to help me memorize the color combinations that kept on repeating
Qql4k7uta20noubpvevxd4ajkQ,unconstrained,59.0,"[[4, 1, 7, 6], [5, 6, 7]]",0.0,1.317,0,Fairly conscious/deliberative,Somewhat clear,Quite hard,Rather confident,I had made acronyms to help me memorize the color combinations that kept on repeating
Qql4k7uta20noubpvevxd4ajkQ,unconstrained,60.0,"[[4, 1, 7, 6, 2], [0, 7, 6, 5]]",0.0,1.361,0,Fairly conscious/deliberative,Somewhat clear,Quite hard,Rather confident,I had made acronyms to help me memorize the color combinations that kept on repeating
Qql4k7uta20noubpvevxd4ajkQ,unconstrained,61.0,"[[6, 7, 1, 4], [0, 7, 6, 5, 3]]",1.0,1.075,0,Fairly conscious/deliberative,Somewhat clear,Quite hard,Rather confident,I had made acronyms to help me memorize the color combinations that kept on repeating
Qql4k7uta20noubpvevxd4ajkQ,unconstrained,62.0,"[[5, 6, 7], [2, 6, 5, 3]]",1.0,3.481,0,Fairly conscious/deliberative,Somewhat clear,Quite hard,Rather confident,I had made acronyms to help me memorize the color combinations that kept on repeating
Qql4k7uta20noubpvevxd4ajkQ,unconstrained,63.0,"[[6, 7, 1], [3, 5, 6, 2]]",0.0,1.554,1,Fairly conscious/deliberative,Somewhat clear,Quite hard,Rather confident,I had made acronyms to help me memorize the color combinations that kept on repeating
Qql4k7uta20noubpvevxd4ajkQ,unconstrained,64.0,"[[6, 7, 1, 4], [6, 5, 3]]",0.0,1.099,0,Fairly conscious/deliberative,Somewhat clear,Quite hard,Rather confident,I had made acronyms to help me memorize the color combinations that kept on repeating
Qtacpqepqpxvqmnvzbjeegyl1Q,unconstrained,0.0,"[[1, 7, 6, 2], [3, 5, 6, 7, 1]]",0.0,45.835,1,Fairly intuitive/unconscious,Fully clear,Hard,Rather unconfident,"The instructions were clear, as I understood that I will see two flower paths(like flower A -> flower B -> flower C)

And my strategy had to be picking the path that has fewer stops(meaning fewer flowers the bee has to visit to get from the start to the end). And I expected to be shown how the flowers are connected beforehand then that's when I was going to be ready to pick the button for the path with less stepovers.

So when I started the experiment I literally saw that there's direct stops on both options, and that's when I started getting confused then decided to go with intuition"
Qtacpqepqpxvqmnvzbjeegyl1Q,unconstrained,1.0,"[[2, 6, 7, 1], [5, 6, 2]]",0.0,191.491,0,Fairly intuitive/unconscious,Fully clear,Hard,Rather unconfident,"The instructions were clear, as I understood that I will see two flower paths(like flower A -> flower B -> flower C)

And my strategy had to be picking the path that has fewer stops(meaning fewer flowers the bee has to visit to get from the start to the end). And I expected to be shown how the flowers are connected beforehand then that's when I was going to be ready to pick the button for the path with less stepovers.

So when I started the experiment I literally saw that there's direct stops on both options, and that's when I started getting confused then decided to go with intuition"
Qtacpqepqpxvqmnvzbjeegyl1Q,unconstrained,2.0,"[[0, 7, 1], [1, 7, 6, 5]]",0.0,27.288,1,Fairly intuitive/unconscious,Fully clear,Hard,Rather unconfident,"The instructions were clear, as I understood that I will see two flower paths(like flower A -> flower B -> flower C)

And my strategy had to be picking the path that has fewer stops(meaning fewer flowers the bee has to visit to get from the start to the end). And I expected to be shown how the flowers are connected beforehand then that's when I was going to be ready to pick the button for the path with less stepovers.

So when I started the experiment I literally saw that there's direct stops on both options, and that's when I started getting confused then decided to go with intuition"
Qtacpqepqpxvqmnvzbjeegyl1Q,unconstrained,3.0,"[[2, 6, 7, 0], [5, 6, 7]]",1.0,105.945,1,Fairly intuitive/unconscious,Fully clear,Hard,Rather unconfident,"The instructions were clear, as I understood that I will see two flower paths(like flower A -> flower B -> flower C)

And my strategy had to be picking the path that has fewer stops(meaning fewer flowers the bee has to visit to get from the start to the end). And I expected to be shown how the flowers are connected beforehand then that's when I was going to be ready to pick the button for the path with less stepovers.

So when I started the experiment I literally saw that there's direct stops on both options, and that's when I started getting confused then decided to go with intuition"
Qtacpqepqpxvqmnvzbjeegyl1Q,unconstrained,4.0,"[[6, 7, 1], [0, 7, 6, 5]]",0.0,25.847,1,Fairly intuitive/unconscious,Fully clear,Hard,Rather unconfident,"The instructions were clear, as I understood that I will see two flower paths(like flower A -> flower B -> flower C)

And my strategy had to be picking the path that has fewer stops(meaning fewer flowers the bee has to visit to get from the start to the end). And I expected to be shown how the flowers are connected beforehand then that's when I was going to be ready to pick the button for the path with less stepovers.

So when I started the experiment I literally saw that there's direct stops on both options, and that's when I started getting confused then decided to go with intuition"
Qtacpqepqpxvqmnvzbjeegyl1Q,unconstrained,5.0,"[[3, 5, 6, 2], [1, 7, 6, 5, 3]]",0.0,22.692,1,Fairly intuitive/unconscious,Fully clear,Hard,Rather unconfident,"The instructions were clear, as I understood that I will see two flower paths(like flower A -> flower B -> flower C)

And my strategy had to be picking the path that has fewer stops(meaning fewer flowers the bee has to visit to get from the start to the end). And I expected to be shown how the flowers are connected beforehand then that's when I was going to be ready to pick the button for the path with less stepovers.

So when I started the experiment I literally saw that there's direct stops on both options, and that's when I started getting confused then decided to go with intuition"
Qtacpqepqpxvqmnvzbjeegyl1Q,unconstrained,6.0,"[[4, 1, 7, 6], [1, 7, 6, 5, 3]]",1.0,71.774,0,Fairly intuitive/unconscious,Fully clear,Hard,Rather unconfident,"The instructions were clear, as I understood that I will see two flower paths(like flower A -> flower B -> flower C)

And my strategy had to be picking the path that has fewer stops(meaning fewer flowers the bee has to visit to get from the start to the end). And I expected to be shown how the flowers are connected beforehand then that's when I was going to be ready to pick the button for the path with less stepovers.

So when I started the experiment I literally saw that there's direct stops on both options, and that's when I started getting confused then decided to go with intuition"
Qtacpqepqpxvqmnvzbjeegyl1Q,unconstrained,7.0,"[[3, 5, 6, 2], [6, 7, 0]]",1.0,25.38,1,Fairly intuitive/unconscious,Fully clear,Hard,Rather unconfident,"The instructions were clear, as I understood that I will see two flower paths(like flower A -> flower B -> flower C)

And my strategy had to be picking the path that has fewer stops(meaning fewer flowers the bee has to visit to get from the start to the end). And I expected to be shown how the flowers are connected beforehand then that's when I was going to be ready to pick the button for the path with less stepovers.

So when I started the experiment I literally saw that there's direct stops on both options, and that's when I started getting confused then decided to go with intuition"
Qtacpqepqpxvqmnvzbjeegyl1Q,unconstrained,8.0,"[[4, 1, 7, 6, 2], [5, 6, 7, 0]]",1.0,10.669,1,Fairly intuitive/unconscious,Fully clear,Hard,Rather unconfident,"The instructions were clear, as I understood that I will see two flower paths(like flower A -> flower B -> flower C)

And my strategy had to be picking the path that has fewer stops(meaning fewer flowers the bee has to visit to get from the start to the end). And I expected to be shown how the flowers are connected beforehand then that's when I was going to be ready to pick the button for the path with less stepovers.

So when I started the experiment I literally saw that there's direct stops on both options, and that's when I started getting confused then decided to go with intuition"
Qtacpqepqpxvqmnvzbjeegyl1Q,unconstrained,9.0,"[[6, 7, 1], [3, 5, 6, 2]]",1.0,8.147,0,Fairly intuitive/unconscious,Fully clear,Hard,Rather unconfident,"The instructions were clear, as I understood that I will see two flower paths(like flower A -> flower B -> flower C)

And my strategy had to be picking the path that has fewer stops(meaning fewer flowers the bee has to visit to get from the start to the end). And I expected to be shown how the flowers are connected beforehand then that's when I was going to be ready to pick the button for the path with less stepovers.

So when I started the experiment I literally saw that there's direct stops on both options, and that's when I started getting confused then decided to go with intuition"
Qtacpqepqpxvqmnvzbjeegyl1Q,unconstrained,10.0,"[[3, 5, 6, 7, 1, 4], [2, 6, 7, 1, 4]]",0.0,5.469,0,Fairly intuitive/unconscious,Fully clear,Hard,Rather unconfident,"The instructions were clear, as I understood that I will see two flower paths(like flower A -> flower B -> flower C)

And my strategy had to be picking the path that has fewer stops(meaning fewer flowers the bee has to visit to get from the start to the end). And I expected to be shown how the flowers are connected beforehand then that's when I was going to be ready to pick the button for the path with less stepovers.

So when I started the experiment I literally saw that there's direct stops on both options, and that's when I started getting confused then decided to go with intuition"
Qtacpqepqpxvqmnvzbjeegyl1Q,unconstrained,11.0,"[[4, 1, 7], [1, 7, 6, 2]]",1.0,3.0,0,Fairly intuitive/unconscious,Fully clear,Hard,Rather unconfident,"The instructions were clear, as I understood that I will see two flower paths(like flower A -> flower B -> flower C)

And my strategy had to be picking the path that has fewer stops(meaning fewer flowers the bee has to visit to get from the start to the end). And I expected to be shown how the flowers are connected beforehand then that's when I was going to be ready to pick the button for the path with less stepovers.

So when I started the experiment I literally saw that there's direct stops on both options, and that's when I started getting confused then decided to go with intuition"
Qtacpqepqpxvqmnvzbjeegyl1Q,unconstrained,12.0,"[[6, 7, 1, 4], [2, 6, 7]]",1.0,3.277,1,Fairly intuitive/unconscious,Fully clear,Hard,Rather unconfident,"The instructions were clear, as I understood that I will see two flower paths(like flower A -> flower B -> flower C)

And my strategy had to be picking the path that has fewer stops(meaning fewer flowers the bee has to visit to get from the start to the end). And I expected to be shown how the flowers are connected beforehand then that's when I was going to be ready to pick the button for the path with less stepovers.

So when I started the experiment I literally saw that there's direct stops on both options, and that's when I started getting confused then decided to go with intuition"
Qtacpqepqpxvqmnvzbjeegyl1Q,unconstrained,13.0,"[[2, 6, 7, 0], [7, 1, 4]]",1.0,56.186,1,Fairly intuitive/unconscious,Fully clear,Hard,Rather unconfident,"The instructions were clear, as I understood that I will see two flower paths(like flower A -> flower B -> flower C)

And my strategy had to be picking the path that has fewer stops(meaning fewer flowers the bee has to visit to get from the start to the end). And I expected to be shown how the flowers are connected beforehand then that's when I was going to be ready to pick the button for the path with less stepovers.

So when I started the experiment I literally saw that there's direct stops on both options, and that's when I started getting confused then decided to go with intuition"
Qtacpqepqpxvqmnvzbjeegyl1Q,unconstrained,14.0,"[[6, 7, 1, 4], [0, 7, 1]]",0.0,6.751,0,Fairly intuitive/unconscious,Fully clear,Hard,Rather unconfident,"The instructions were clear, as I understood that I will see two flower paths(like flower A -> flower B -> flower C)

And my strategy had to be picking the path that has fewer stops(meaning fewer flowers the bee has to visit to get from the start to the end). And I expected to be shown how the flowers are connected beforehand then that's when I was going to be ready to pick the button for the path with less stepovers.

So when I started the experiment I literally saw that there's direct stops on both options, and that's when I started getting confused then decided to go with intuition"
Qtacpqepqpxvqmnvzbjeegyl1Q,unconstrained,15.0,"[[6, 7, 0], [4, 1, 7, 0]]",0.0,11.61,1,Fairly intuitive/unconscious,Fully clear,Hard,Rather unconfident,"The instructions were clear, as I understood that I will see two flower paths(like flower A -> flower B -> flower C)

And my strategy had to be picking the path that has fewer stops(meaning fewer flowers the bee has to visit to get from the start to the end). And I expected to be shown how the flowers are connected beforehand then that's when I was going to be ready to pick the button for the path with less stepovers.

So when I started the experiment I literally saw that there's direct stops on both options, and that's when I started getting confused then decided to go with intuition"
Qtacpqepqpxvqmnvzbjeegyl1Q,unconstrained,16.0,"[[6, 7, 0], [0, 7, 6, 5]]",0.0,21.343,1,Fairly intuitive/unconscious,Fully clear,Hard,Rather unconfident,"The instructions were clear, as I understood that I will see two flower paths(like flower A -> flower B -> flower C)

And my strategy had to be picking the path that has fewer stops(meaning fewer flowers the bee has to visit to get from the start to the end). And I expected to be shown how the flowers are connected beforehand then that's when I was going to be ready to pick the button for the path with less stepovers.

So when I started the experiment I literally saw that there's direct stops on both options, and that's when I started getting confused then decided to go with intuition"
Qtacpqepqpxvqmnvzbjeegyl1Q,unconstrained,17.0,"[[4, 1, 7, 6, 5], [3, 5, 6, 7]]",0.0,5.45,0,Fairly intuitive/unconscious,Fully clear,Hard,Rather unconfident,"The instructions were clear, as I understood that I will see two flower paths(like flower A -> flower B -> flower C)

And my strategy had to be picking the path that has fewer stops(meaning fewer flowers the bee has to visit to get from the start to the end). And I expected to be shown how the flowers are connected beforehand then that's when I was going to be ready to pick the button for the path with less stepovers.

So when I started the experiment I literally saw that there's direct stops on both options, and that's when I started getting confused then decided to go with intuition"
Qtacpqepqpxvqmnvzbjeegyl1Q,unconstrained,18.0,"[[7, 1, 4], [0, 7, 6, 5]]",0.0,5.269,1,Fairly intuitive/unconscious,Fully clear,Hard,Rather unconfident,"The instructions were clear, as I understood that I will see two flower paths(like flower A -> flower B -> flower C)

And my strategy had to be picking the path that has fewer stops(meaning fewer flowers the bee has to visit to get from the start to the end). And I expected to be shown how the flowers are connected beforehand then that's when I was going to be ready to pick the button for the path with less stepovers.

So when I started the experiment I literally saw that there's direct stops on both options, and that's when I started getting confused then decided to go with intuition"
Qtacpqepqpxvqmnvzbjeegyl1Q,unconstrained,19.0,"[[0, 7, 1], [2, 6, 5, 3]]",1.0,11.87,0,Fairly intuitive/unconscious,Fully clear,Hard,Rather unconfident,"The instructions were clear, as I understood that I will see two flower paths(like flower A -> flower B -> flower C)

And my strategy had to be picking the path that has fewer stops(meaning fewer flowers the bee has to visit to get from the start to the end). And I expected to be shown how the flowers are connected beforehand then that's when I was going to be ready to pick the button for the path with less stepovers.

So when I started the experiment I literally saw that there's direct stops on both options, and that's when I started getting confused then decided to go with intuition"
Qtacpqepqpxvqmnvzbjeegyl1Q,unconstrained,20.0,"[[4, 1, 7], [1, 7, 6, 5]]",1.0,34.559,0,Fairly intuitive/unconscious,Fully clear,Hard,Rather unconfident,"The instructions were clear, as I understood that I will see two flower paths(like flower A -> flower B -> flower C)

And my strategy had to be picking the path that has fewer stops(meaning fewer flowers the bee has to visit to get from the start to the end). And I expected to be shown how the flowers are connected beforehand then that's when I was going to be ready to pick the button for the path with less stepovers.

So when I started the experiment I literally saw that there's direct stops on both options, and that's when I started getting confused then decided to go with intuition"
Qtacpqepqpxvqmnvzbjeegyl1Q,unconstrained,21.0,"[[0, 7, 1], [1, 7, 6, 2]]",1.0,8.317,0,Fairly intuitive/unconscious,Fully clear,Hard,Rather unconfident,"The instructions were clear, as I understood that I will see two flower paths(like flower A -> flower B -> flower C)

And my strategy had to be picking the path that has fewer stops(meaning fewer flowers the bee has to visit to get from the start to the end). And I expected to be shown how the flowers are connected beforehand then that's when I was going to be ready to pick the button for the path with less stepovers.

So when I started the experiment I literally saw that there's direct stops on both options, and that's when I started getting confused then decided to go with intuition"
Qtacpqepqpxvqmnvzbjeegyl1Q,unconstrained,22.0,"[[4, 1, 7], [1, 7, 6, 2]]",0.0,17.536,1,Fairly intuitive/unconscious,Fully clear,Hard,Rather unconfident,"The instructions were clear, as I understood that I will see two flower paths(like flower A -> flower B -> flower C)

And my strategy had to be picking the path that has fewer stops(meaning fewer flowers the bee has to visit to get from the start to the end). And I expected to be shown how the flowers are connected beforehand then that's when I was going to be ready to pick the button for the path with less stepovers.

So when I started the experiment I literally saw that there's direct stops on both options, and that's when I started getting confused then decided to go with intuition"
Qtacpqepqpxvqmnvzbjeegyl1Q,unconstrained,23.0,"[[2, 6, 7, 1], [0, 7, 1]]",0.0,27.402,0,Fairly intuitive/unconscious,Fully clear,Hard,Rather unconfident,"The instructions were clear, as I understood that I will see two flower paths(like flower A -> flower B -> flower C)

And my strategy had to be picking the path that has fewer stops(meaning fewer flowers the bee has to visit to get from the start to the end). And I expected to be shown how the flowers are connected beforehand then that's when I was going to be ready to pick the button for the path with less stepovers.

So when I started the experiment I literally saw that there's direct stops on both options, and that's when I started getting confused then decided to go with intuition"
Qtacpqepqpxvqmnvzbjeegyl1Q,unconstrained,24.0,"[[4, 1, 7, 6], [3, 5, 6]]",0.0,15.322,0,Fairly intuitive/unconscious,Fully clear,Hard,Rather unconfident,"The instructions were clear, as I understood that I will see two flower paths(like flower A -> flower B -> flower C)

And my strategy had to be picking the path that has fewer stops(meaning fewer flowers the bee has to visit to get from the start to the end). And I expected to be shown how the flowers are connected beforehand then that's when I was going to be ready to pick the button for the path with less stepovers.

So when I started the experiment I literally saw that there's direct stops on both options, and that's when I started getting confused then decided to go with intuition"
Qtacpqepqpxvqmnvzbjeegyl1Q,unconstrained,25.0,"[[4, 1, 7], [3, 5, 6, 2]]",0.0,11.837,1,Fairly intuitive/unconscious,Fully clear,Hard,Rather unconfident,"The instructions were clear, as I understood that I will see two flower paths(like flower A -> flower B -> flower C)

And my strategy had to be picking the path that has fewer stops(meaning fewer flowers the bee has to visit to get from the start to the end). And I expected to be shown how the flowers are connected beforehand then that's when I was going to be ready to pick the button for the path with less stepovers.

So when I started the experiment I literally saw that there's direct stops on both options, and that's when I started getting confused then decided to go with intuition"
Qtacpqepqpxvqmnvzbjeegyl1Q,unconstrained,26.0,"[[7, 1, 4], [5, 6, 7, 1]]",1.0,23.323,0,Fairly intuitive/unconscious,Fully clear,Hard,Rather unconfident,"The instructions were clear, as I understood that I will see two flower paths(like flower A -> flower B -> flower C)

And my strategy had to be picking the path that has fewer stops(meaning fewer flowers the bee has to visit to get from the start to the end). And I expected to be shown how the flowers are connected beforehand then that's when I was going to be ready to pick the button for the path with less stepovers.

So when I started the experiment I literally saw that there's direct stops on both options, and that's when I started getting confused then decided to go with intuition"
Qtacpqepqpxvqmnvzbjeegyl1Q,unconstrained,27.0,"[[1, 7, 6, 5], [1, 7, 6, 5, 3]]",1.0,8.17,0,Fairly intuitive/unconscious,Fully clear,Hard,Rather unconfident,"The instructions were clear, as I understood that I will see two flower paths(like flower A -> flower B -> flower C)

And my strategy had to be picking the path that has fewer stops(meaning fewer flowers the bee has to visit to get from the start to the end). And I expected to be shown how the flowers are connected beforehand then that's when I was going to be ready to pick the button for the path with less stepovers.

So when I started the experiment I literally saw that there's direct stops on both options, and that's when I started getting confused then decided to go with intuition"
Qtacpqepqpxvqmnvzbjeegyl1Q,unconstrained,28.0,"[[4, 1, 7, 0], [6, 7, 1]]",1.0,8.332,1,Fairly intuitive/unconscious,Fully clear,Hard,Rather unconfident,"The instructions were clear, as I understood that I will see two flower paths(like flower A -> flower B -> flower C)

And my strategy had to be picking the path that has fewer stops(meaning fewer flowers the bee has to visit to get from the start to the end). And I expected to be shown how the flowers are connected beforehand then that's when I was going to be ready to pick the button for the path with less stepovers.

So when I started the experiment I literally saw that there's direct stops on both options, and that's when I started getting confused then decided to go with intuition"
Qtacpqepqpxvqmnvzbjeegyl1Q,unconstrained,29.0,"[[7, 6, 5, 3], [5, 6, 2]]",0.0,67.382,0,Fairly intuitive/unconscious,Fully clear,Hard,Rather unconfident,"The instructions were clear, as I understood that I will see two flower paths(like flower A -> flower B -> flower C)

And my strategy had to be picking the path that has fewer stops(meaning fewer flowers the bee has to visit to get from the start to the end). And I expected to be shown how the flowers are connected beforehand then that's when I was going to be ready to pick the button for the path with less stepovers.

So when I started the experiment I literally saw that there's direct stops on both options, and that's when I started getting confused then decided to go with intuition"
Qtacpqepqpxvqmnvzbjeegyl1Q,unconstrained,30.0,"[[2, 6, 7, 1], [7, 6, 2]]",1.0,8.041,1,Fairly intuitive/unconscious,Fully clear,Hard,Rather unconfident,"The instructions were clear, as I understood that I will see two flower paths(like flower A -> flower B -> flower C)

And my strategy had to be picking the path that has fewer stops(meaning fewer flowers the bee has to visit to get from the start to the end). And I expected to be shown how the flowers are connected beforehand then that's when I was going to be ready to pick the button for the path with less stepovers.

So when I started the experiment I literally saw that there's direct stops on both options, and that's when I started getting confused then decided to go with intuition"
Qtacpqepqpxvqmnvzbjeegyl1Q,unconstrained,31.0,"[[2, 6, 5], [6, 7, 1, 4]]",1.0,20.44,0,Fairly intuitive/unconscious,Fully clear,Hard,Rather unconfident,"The instructions were clear, as I understood that I will see two flower paths(like flower A -> flower B -> flower C)

And my strategy had to be picking the path that has fewer stops(meaning fewer flowers the bee has to visit to get from the start to the end). And I expected to be shown how the flowers are connected beforehand then that's when I was going to be ready to pick the button for the path with less stepovers.

So when I started the experiment I literally saw that there's direct stops on both options, and that's when I started getting confused then decided to go with intuition"
Qtacpqepqpxvqmnvzbjeegyl1Q,unconstrained,32.0,"[[2, 6, 7, 1, 4], [0, 7, 1, 4]]",1.0,83.85,1,Fairly intuitive/unconscious,Fully clear,Hard,Rather unconfident,"The instructions were clear, as I understood that I will see two flower paths(like flower A -> flower B -> flower C)

And my strategy had to be picking the path that has fewer stops(meaning fewer flowers the bee has to visit to get from the start to the end). And I expected to be shown how the flowers are connected beforehand then that's when I was going to be ready to pick the button for the path with less stepovers.

So when I started the experiment I literally saw that there's direct stops on both options, and that's when I started getting confused then decided to go with intuition"
Qtacpqepqpxvqmnvzbjeegyl1Q,unconstrained,33.0,"[[2, 6, 7, 1], [6, 5, 3]]",1.0,43.175,1,Fairly intuitive/unconscious,Fully clear,Hard,Rather unconfident,"The instructions were clear, as I understood that I will see two flower paths(like flower A -> flower B -> flower C)

And my strategy had to be picking the path that has fewer stops(meaning fewer flowers the bee has to visit to get from the start to the end). And I expected to be shown how the flowers are connected beforehand then that's when I was going to be ready to pick the button for the path with less stepovers.

So when I started the experiment I literally saw that there's direct stops on both options, and that's when I started getting confused then decided to go with intuition"
Qtacpqepqpxvqmnvzbjeegyl1Q,unconstrained,34.0,"[[2, 6, 7, 0], [0, 7, 6, 5, 3]]",1.0,39.009,0,Fairly intuitive/unconscious,Fully clear,Hard,Rather unconfident,"The instructions were clear, as I understood that I will see two flower paths(like flower A -> flower B -> flower C)

And my strategy had to be picking the path that has fewer stops(meaning fewer flowers the bee has to visit to get from the start to the end). And I expected to be shown how the flowers are connected beforehand then that's when I was going to be ready to pick the button for the path with less stepovers.

So when I started the experiment I literally saw that there's direct stops on both options, and that's when I started getting confused then decided to go with intuition"
Qtacpqepqpxvqmnvzbjeegyl1Q,unconstrained,35.0,"[[1, 7, 6, 2], [0, 7, 6, 5, 3]]",1.0,5.478,0,Fairly intuitive/unconscious,Fully clear,Hard,Rather unconfident,"The instructions were clear, as I understood that I will see two flower paths(like flower A -> flower B -> flower C)

And my strategy had to be picking the path that has fewer stops(meaning fewer flowers the bee has to visit to get from the start to the end). And I expected to be shown how the flowers are connected beforehand then that's when I was going to be ready to pick the button for the path with less stepovers.

So when I started the experiment I literally saw that there's direct stops on both options, and that's when I started getting confused then decided to go with intuition"
Qtacpqepqpxvqmnvzbjeegyl1Q,unconstrained,36.0,"[[3, 5, 6, 2], [7, 6, 5]]",1.0,20.832,1,Fairly intuitive/unconscious,Fully clear,Hard,Rather unconfident,"The instructions were clear, as I understood that I will see two flower paths(like flower A -> flower B -> flower C)

And my strategy had to be picking the path that has fewer stops(meaning fewer flowers the bee has to visit to get from the start to the end). And I expected to be shown how the flowers are connected beforehand then that's when I was going to be ready to pick the button for the path with less stepovers.

So when I started the experiment I literally saw that there's direct stops on both options, and that's when I started getting confused then decided to go with intuition"
Qtacpqepqpxvqmnvzbjeegyl1Q,unconstrained,37.0,"[[1, 7, 6, 5], [7, 6, 2]]",0.0,34.01,0,Fairly intuitive/unconscious,Fully clear,Hard,Rather unconfident,"The instructions were clear, as I understood that I will see two flower paths(like flower A -> flower B -> flower C)

And my strategy had to be picking the path that has fewer stops(meaning fewer flowers the bee has to visit to get from the start to the end). And I expected to be shown how the flowers are connected beforehand then that's when I was going to be ready to pick the button for the path with less stepovers.

So when I started the experiment I literally saw that there's direct stops on both options, and that's when I started getting confused then decided to go with intuition"
Qtacpqepqpxvqmnvzbjeegyl1Q,unconstrained,38.0,"[[4, 1, 7, 0], [5, 6, 2]]",1.0,57.96,1,Fairly intuitive/unconscious,Fully clear,Hard,Rather unconfident,"The instructions were clear, as I understood that I will see two flower paths(like flower A -> flower B -> flower C)

And my strategy had to be picking the path that has fewer stops(meaning fewer flowers the bee has to visit to get from the start to the end). And I expected to be shown how the flowers are connected beforehand then that's when I was going to be ready to pick the button for the path with less stepovers.

So when I started the experiment I literally saw that there's direct stops on both options, and that's when I started getting confused then decided to go with intuition"
Qtacpqepqpxvqmnvzbjeegyl1Q,unconstrained,39.0,"[[5, 6, 7, 1, 4], [7, 6, 5, 3]]",1.0,25.78,1,Fairly intuitive/unconscious,Fully clear,Hard,Rather unconfident,"The instructions were clear, as I understood that I will see two flower paths(like flower A -> flower B -> flower C)

And my strategy had to be picking the path that has fewer stops(meaning fewer flowers the bee has to visit to get from the start to the end). And I expected to be shown how the flowers are connected beforehand then that's when I was going to be ready to pick the button for the path with less stepovers.

So when I started the experiment I literally saw that there's direct stops on both options, and that's when I started getting confused then decided to go with intuition"
Qtacpqepqpxvqmnvzbjeegyl1Q,unconstrained,40.0,"[[2, 6, 5], [5, 6, 7, 1]]",0.0,68.662,1,Fairly intuitive/unconscious,Fully clear,Hard,Rather unconfident,"The instructions were clear, as I understood that I will see two flower paths(like flower A -> flower B -> flower C)

And my strategy had to be picking the path that has fewer stops(meaning fewer flowers the bee has to visit to get from the start to the end). And I expected to be shown how the flowers are connected beforehand then that's when I was going to be ready to pick the button for the path with less stepovers.

So when I started the experiment I literally saw that there's direct stops on both options, and that's when I started getting confused then decided to go with intuition"
Qtacpqepqpxvqmnvzbjeegyl1Q,unconstrained,41.0,"[[5, 6, 7, 1], [6, 7, 1]]",0.0,14.625,0,Fairly intuitive/unconscious,Fully clear,Hard,Rather unconfident,"The instructions were clear, as I understood that I will see two flower paths(like flower A -> flower B -> flower C)

And my strategy had to be picking the path that has fewer stops(meaning fewer flowers the bee has to visit to get from the start to the end). And I expected to be shown how the flowers are connected beforehand then that's when I was going to be ready to pick the button for the path with less stepovers.

So when I started the experiment I literally saw that there's direct stops on both options, and that's when I started getting confused then decided to go with intuition"
Qtacpqepqpxvqmnvzbjeegyl1Q,unconstrained,42.0,"[[3, 5, 6], [2, 6, 7, 0]]",1.0,31.323,0,Fairly intuitive/unconscious,Fully clear,Hard,Rather unconfident,"The instructions were clear, as I understood that I will see two flower paths(like flower A -> flower B -> flower C)

And my strategy had to be picking the path that has fewer stops(meaning fewer flowers the bee has to visit to get from the start to the end). And I expected to be shown how the flowers are connected beforehand then that's when I was going to be ready to pick the button for the path with less stepovers.

So when I started the experiment I literally saw that there's direct stops on both options, and that's when I started getting confused then decided to go with intuition"
Qtacpqepqpxvqmnvzbjeegyl1Q,unconstrained,43.0,"[[0, 7, 6, 5, 3], [4, 1, 7, 6]]",0.0,29.124,0,Fairly intuitive/unconscious,Fully clear,Hard,Rather unconfident,"The instructions were clear, as I understood that I will see two flower paths(like flower A -> flower B -> flower C)

And my strategy had to be picking the path that has fewer stops(meaning fewer flowers the bee has to visit to get from the start to the end). And I expected to be shown how the flowers are connected beforehand then that's when I was going to be ready to pick the button for the path with less stepovers.

So when I started the experiment I literally saw that there's direct stops on both options, and that's when I started getting confused then decided to go with intuition"
Qtacpqepqpxvqmnvzbjeegyl1Q,unconstrained,44.0,"[[7, 6, 5], [1, 7, 6, 2]]",1.0,53.035,0,Fairly intuitive/unconscious,Fully clear,Hard,Rather unconfident,"The instructions were clear, as I understood that I will see two flower paths(like flower A -> flower B -> flower C)

And my strategy had to be picking the path that has fewer stops(meaning fewer flowers the bee has to visit to get from the start to the end). And I expected to be shown how the flowers are connected beforehand then that's when I was going to be ready to pick the button for the path with less stepovers.

So when I started the experiment I literally saw that there's direct stops on both options, and that's when I started getting confused then decided to go with intuition"
Qtacpqepqpxvqmnvzbjeegyl1Q,unconstrained,45.0,"[[2, 6, 5], [3, 5, 6, 2]]",1.0,30.417,0,Fairly intuitive/unconscious,Fully clear,Hard,Rather unconfident,"The instructions were clear, as I understood that I will see two flower paths(like flower A -> flower B -> flower C)

And my strategy had to be picking the path that has fewer stops(meaning fewer flowers the bee has to visit to get from the start to the end). And I expected to be shown how the flowers are connected beforehand then that's when I was going to be ready to pick the button for the path with less stepovers.

So when I started the experiment I literally saw that there's direct stops on both options, and that's when I started getting confused then decided to go with intuition"
Qtacpqepqpxvqmnvzbjeegyl1Q,unconstrained,46.0,"[[6, 7, 1, 4], [4, 1, 7, 6, 5]]",1.0,24.91,0,Fairly intuitive/unconscious,Fully clear,Hard,Rather unconfident,"The instructions were clear, as I understood that I will see two flower paths(like flower A -> flower B -> flower C)

And my strategy had to be picking the path that has fewer stops(meaning fewer flowers the bee has to visit to get from the start to the end). And I expected to be shown how the flowers are connected beforehand then that's when I was going to be ready to pick the button for the path with less stepovers.

So when I started the experiment I literally saw that there's direct stops on both options, and that's when I started getting confused then decided to go with intuition"
Qtacpqepqpxvqmnvzbjeegyl1Q,unconstrained,47.0,"[[2, 6, 7], [4, 1, 7, 0]]",0.0,35.309,1,Fairly intuitive/unconscious,Fully clear,Hard,Rather unconfident,"The instructions were clear, as I understood that I will see two flower paths(like flower A -> flower B -> flower C)

And my strategy had to be picking the path that has fewer stops(meaning fewer flowers the bee has to visit to get from the start to the end). And I expected to be shown how the flowers are connected beforehand then that's when I was going to be ready to pick the button for the path with less stepovers.

So when I started the experiment I literally saw that there's direct stops on both options, and that's when I started getting confused then decided to go with intuition"
Qtacpqepqpxvqmnvzbjeegyl1Q,unconstrained,48.0,"[[5, 6, 7], [4, 1, 7, 6]]",1.0,14.526,0,Fairly intuitive/unconscious,Fully clear,Hard,Rather unconfident,"The instructions were clear, as I understood that I will see two flower paths(like flower A -> flower B -> flower C)

And my strategy had to be picking the path that has fewer stops(meaning fewer flowers the bee has to visit to get from the start to the end). And I expected to be shown how the flowers are connected beforehand then that's when I was going to be ready to pick the button for the path with less stepovers.

So when I started the experiment I literally saw that there's direct stops on both options, and that's when I started getting confused then decided to go with intuition"
Qtacpqepqpxvqmnvzbjeegyl1Q,unconstrained,49.0,"[[2, 6, 7, 0], [0, 7, 1]]",0.0,20.883,0,Fairly intuitive/unconscious,Fully clear,Hard,Rather unconfident,"The instructions were clear, as I understood that I will see two flower paths(like flower A -> flower B -> flower C)

And my strategy had to be picking the path that has fewer stops(meaning fewer flowers the bee has to visit to get from the start to the end). And I expected to be shown how the flowers are connected beforehand then that's when I was going to be ready to pick the button for the path with less stepovers.

So when I started the experiment I literally saw that there's direct stops on both options, and that's when I started getting confused then decided to go with intuition"
Qtacpqepqpxvqmnvzbjeegyl1Q,unconstrained,50.0,"[[4, 1, 7, 0], [7, 6, 2]]",0.0,16.985,0,Fairly intuitive/unconscious,Fully clear,Hard,Rather unconfident,"The instructions were clear, as I understood that I will see two flower paths(like flower A -> flower B -> flower C)

And my strategy had to be picking the path that has fewer stops(meaning fewer flowers the bee has to visit to get from the start to the end). And I expected to be shown how the flowers are connected beforehand then that's when I was going to be ready to pick the button for the path with less stepovers.

So when I started the experiment I literally saw that there's direct stops on both options, and that's when I started getting confused then decided to go with intuition"
Qtacpqepqpxvqmnvzbjeegyl1Q,unconstrained,51.0,"[[1, 7, 0], [5, 6, 7, 0]]",1.0,30.582,0,Fairly intuitive/unconscious,Fully clear,Hard,Rather unconfident,"The instructions were clear, as I understood that I will see two flower paths(like flower A -> flower B -> flower C)

And my strategy had to be picking the path that has fewer stops(meaning fewer flowers the bee has to visit to get from the start to the end). And I expected to be shown how the flowers are connected beforehand then that's when I was going to be ready to pick the button for the path with less stepovers.

So when I started the experiment I literally saw that there's direct stops on both options, and that's when I started getting confused then decided to go with intuition"
Qtacpqepqpxvqmnvzbjeegyl1Q,unconstrained,52.0,"[[7, 6, 2], [4, 1, 7, 6]]",0.0,8.567,1,Fairly intuitive/unconscious,Fully clear,Hard,Rather unconfident,"The instructions were clear, as I understood that I will see two flower paths(like flower A -> flower B -> flower C)

And my strategy had to be picking the path that has fewer stops(meaning fewer flowers the bee has to visit to get from the start to the end). And I expected to be shown how the flowers are connected beforehand then that's when I was going to be ready to pick the button for the path with less stepovers.

So when I started the experiment I literally saw that there's direct stops on both options, and that's when I started getting confused then decided to go with intuition"
Qtacpqepqpxvqmnvzbjeegyl1Q,unconstrained,53.0,"[[3, 5, 6, 7], [2, 6, 7]]",0.0,10.398,0,Fairly intuitive/unconscious,Fully clear,Hard,Rather unconfident,"The instructions were clear, as I understood that I will see two flower paths(like flower A -> flower B -> flower C)

And my strategy had to be picking the path that has fewer stops(meaning fewer flowers the bee has to visit to get from the start to the end). And I expected to be shown how the flowers are connected beforehand then that's when I was going to be ready to pick the button for the path with less stepovers.

So when I started the experiment I literally saw that there's direct stops on both options, and that's when I started getting confused then decided to go with intuition"
Qtacpqepqpxvqmnvzbjeegyl1Q,unconstrained,54.0,"[[3, 5, 6, 7], [4, 1, 7, 6, 2]]",1.0,29.136,0,Fairly intuitive/unconscious,Fully clear,Hard,Rather unconfident,"The instructions were clear, as I understood that I will see two flower paths(like flower A -> flower B -> flower C)

And my strategy had to be picking the path that has fewer stops(meaning fewer flowers the bee has to visit to get from the start to the end). And I expected to be shown how the flowers are connected beforehand then that's when I was going to be ready to pick the button for the path with less stepovers.

So when I started the experiment I literally saw that there's direct stops on both options, and that's when I started getting confused then decided to go with intuition"
Qtacpqepqpxvqmnvzbjeegyl1Q,unconstrained,55.0,"[[2, 6, 7, 1], [6, 7, 1]]",1.0,23.47,1,Fairly intuitive/unconscious,Fully clear,Hard,Rather unconfident,"The instructions were clear, as I understood that I will see two flower paths(like flower A -> flower B -> flower C)

And my strategy had to be picking the path that has fewer stops(meaning fewer flowers the bee has to visit to get from the start to the end). And I expected to be shown how the flowers are connected beforehand then that's when I was going to be ready to pick the button for the path with less stepovers.

So when I started the experiment I literally saw that there's direct stops on both options, and that's when I started getting confused then decided to go with intuition"
Qtacpqepqpxvqmnvzbjeegyl1Q,unconstrained,56.0,"[[5, 6, 7, 1, 4], [0, 7, 1, 4]]",0.0,24.672,0,Fairly intuitive/unconscious,Fully clear,Hard,Rather unconfident,"The instructions were clear, as I understood that I will see two flower paths(like flower A -> flower B -> flower C)

And my strategy had to be picking the path that has fewer stops(meaning fewer flowers the bee has to visit to get from the start to the end). And I expected to be shown how the flowers are connected beforehand then that's when I was going to be ready to pick the button for the path with less stepovers.

So when I started the experiment I literally saw that there's direct stops on both options, and that's when I started getting confused then decided to go with intuition"
Qtacpqepqpxvqmnvzbjeegyl1Q,unconstrained,57.0,"[[5, 6, 7, 1], [3, 5, 6]]",0.0,28.879,0,Fairly intuitive/unconscious,Fully clear,Hard,Rather unconfident,"The instructions were clear, as I understood that I will see two flower paths(like flower A -> flower B -> flower C)

And my strategy had to be picking the path that has fewer stops(meaning fewer flowers the bee has to visit to get from the start to the end). And I expected to be shown how the flowers are connected beforehand then that's when I was going to be ready to pick the button for the path with less stepovers.

So when I started the experiment I literally saw that there's direct stops on both options, and that's when I started getting confused then decided to go with intuition"
Qtacpqepqpxvqmnvzbjeegyl1Q,unconstrained,58.0,"[[1, 7, 6, 5], [7, 6, 5]]",1.0,14.122,1,Fairly intuitive/unconscious,Fully clear,Hard,Rather unconfident,"The instructions were clear, as I understood that I will see two flower paths(like flower A -> flower B -> flower C)

And my strategy had to be picking the path that has fewer stops(meaning fewer flowers the bee has to visit to get from the start to the end). And I expected to be shown how the flowers are connected beforehand then that's when I was going to be ready to pick the button for the path with less stepovers.

So when I started the experiment I literally saw that there's direct stops on both options, and that's when I started getting confused then decided to go with intuition"
Qtacpqepqpxvqmnvzbjeegyl1Q,unconstrained,59.0,"[[5, 6, 2], [5, 6, 7, 0]]",1.0,24.218,0,Fairly intuitive/unconscious,Fully clear,Hard,Rather unconfident,"The instructions were clear, as I understood that I will see two flower paths(like flower A -> flower B -> flower C)

And my strategy had to be picking the path that has fewer stops(meaning fewer flowers the bee has to visit to get from the start to the end). And I expected to be shown how the flowers are connected beforehand then that's when I was going to be ready to pick the button for the path with less stepovers.

So when I started the experiment I literally saw that there's direct stops on both options, and that's when I started getting confused then decided to go with intuition"
Qtacpqepqpxvqmnvzbjeegyl1Q,unconstrained,60.0,"[[6, 5, 3], [0, 7, 1, 4]]",1.0,67.198,0,Fairly intuitive/unconscious,Fully clear,Hard,Rather unconfident,"The instructions were clear, as I understood that I will see two flower paths(like flower A -> flower B -> flower C)

And my strategy had to be picking the path that has fewer stops(meaning fewer flowers the bee has to visit to get from the start to the end). And I expected to be shown how the flowers are connected beforehand then that's when I was going to be ready to pick the button for the path with less stepovers.

So when I started the experiment I literally saw that there's direct stops on both options, and that's when I started getting confused then decided to go with intuition"
Qtacpqepqpxvqmnvzbjeegyl1Q,unconstrained,61.0,"[[0, 7, 6, 5], [7, 6, 5]]",1.0,18.328,1,Fairly intuitive/unconscious,Fully clear,Hard,Rather unconfident,"The instructions were clear, as I understood that I will see two flower paths(like flower A -> flower B -> flower C)

And my strategy had to be picking the path that has fewer stops(meaning fewer flowers the bee has to visit to get from the start to the end). And I expected to be shown how the flowers are connected beforehand then that's when I was going to be ready to pick the button for the path with less stepovers.

So when I started the experiment I literally saw that there's direct stops on both options, and that's when I started getting confused then decided to go with intuition"
Qtacpqepqpxvqmnvzbjeegyl1Q,unconstrained,62.0,"[[7, 6, 5], [4, 1, 7, 0]]",1.0,18.21,0,Fairly intuitive/unconscious,Fully clear,Hard,Rather unconfident,"The instructions were clear, as I understood that I will see two flower paths(like flower A -> flower B -> flower C)

And my strategy had to be picking the path that has fewer stops(meaning fewer flowers the bee has to visit to get from the start to the end). And I expected to be shown how the flowers are connected beforehand then that's when I was going to be ready to pick the button for the path with less stepovers.

So when I started the experiment I literally saw that there's direct stops on both options, and that's when I started getting confused then decided to go with intuition"
Qtacpqepqpxvqmnvzbjeegyl1Q,unconstrained,63.0,"[[3, 5, 6], [4, 1, 7, 6]]",1.0,27.171,0,Fairly intuitive/unconscious,Fully clear,Hard,Rather unconfident,"The instructions were clear, as I understood that I will see two flower paths(like flower A -> flower B -> flower C)

And my strategy had to be picking the path that has fewer stops(meaning fewer flowers the bee has to visit to get from the start to the end). And I expected to be shown how the flowers are connected beforehand then that's when I was going to be ready to pick the button for the path with less stepovers.

So when I started the experiment I literally saw that there's direct stops on both options, and that's when I started getting confused then decided to go with intuition"
Qtacpqepqpxvqmnvzbjeegyl1Q,unconstrained,64.0,"[[3, 5, 6, 2], [2, 6, 7, 1, 4]]",1.0,48.063,0,Fairly intuitive/unconscious,Fully clear,Hard,Rather unconfident,"The instructions were clear, as I understood that I will see two flower paths(like flower A -> flower B -> flower C)

And my strategy had to be picking the path that has fewer stops(meaning fewer flowers the bee has to visit to get from the start to the end). And I expected to be shown how the flowers are connected beforehand then that's when I was going to be ready to pick the button for the path with less stepovers.

So when I started the experiment I literally saw that there's direct stops on both options, and that's when I started getting confused then decided to go with intuition"
Qtutf0km1iqlciu58tbg99iyjQ,unconstrained,0.0,"[[5, 6, 7, 1, 4], [6, 7, 1, 4]]",1.0,10.535,1,Fully conscious/deliberative,Fully clear,Quite easy,Confident,I was choosing the less distance bee could take to the next flower
Qtutf0km1iqlciu58tbg99iyjQ,unconstrained,1.0,"[[6, 7, 1], [0, 7, 1, 4]]",0.0,3.643,1,Fully conscious/deliberative,Fully clear,Quite easy,Confident,I was choosing the less distance bee could take to the next flower
Qtutf0km1iqlciu58tbg99iyjQ,unconstrained,2.0,"[[0, 7, 1, 4], [5, 6, 2]]",0.0,2.547,0,Fully conscious/deliberative,Fully clear,Quite easy,Confident,I was choosing the less distance bee could take to the next flower
Qtutf0km1iqlciu58tbg99iyjQ,unconstrained,3.0,"[[2, 6, 7, 1], [5, 6, 2]]",0.0,1.892,0,Fully conscious/deliberative,Fully clear,Quite easy,Confident,I was choosing the less distance bee could take to the next flower
Qtutf0km1iqlciu58tbg99iyjQ,unconstrained,4.0,"[[0, 7, 1, 4], [3, 5, 6]]",0.0,3.931,0,Fully conscious/deliberative,Fully clear,Quite easy,Confident,I was choosing the less distance bee could take to the next flower
Qtutf0km1iqlciu58tbg99iyjQ,unconstrained,5.0,"[[0, 7, 1, 4], [2, 6, 7]]",0.0,4.272,0,Fully conscious/deliberative,Fully clear,Quite easy,Confident,I was choosing the less distance bee could take to the next flower
Qtutf0km1iqlciu58tbg99iyjQ,unconstrained,6.0,"[[2, 6, 5], [0, 7, 6, 5]]",0.0,2.825,1,Fully conscious/deliberative,Fully clear,Quite easy,Confident,I was choosing the less distance bee could take to the next flower
Qtutf0km1iqlciu58tbg99iyjQ,unconstrained,7.0,"[[3, 5, 6], [2, 6, 7, 0]]",1.0,3.948,0,Fully conscious/deliberative,Fully clear,Quite easy,Confident,I was choosing the less distance bee could take to the next flower
Qtutf0km1iqlciu58tbg99iyjQ,unconstrained,8.0,"[[7, 6, 5, 3], [2, 6, 7]]",0.0,3.021,0,Fully conscious/deliberative,Fully clear,Quite easy,Confident,I was choosing the less distance bee could take to the next flower
Qtutf0km1iqlciu58tbg99iyjQ,unconstrained,9.0,"[[5, 6, 7, 1, 4], [3, 5, 6, 7]]",1.0,22.445,1,Fully conscious/deliberative,Fully clear,Quite easy,Confident,I was choosing the less distance bee could take to the next flower
Qtutf0km1iqlciu58tbg99iyjQ,unconstrained,10.0,"[[7, 1, 4], [5, 6, 7, 0]]",1.0,9.533,0,Fully conscious/deliberative,Fully clear,Quite easy,Confident,I was choosing the less distance bee could take to the next flower
Qtutf0km1iqlciu58tbg99iyjQ,unconstrained,11.0,"[[0, 7, 1], [2, 6, 7, 1]]",0.0,19.508,1,Fully conscious/deliberative,Fully clear,Quite easy,Confident,I was choosing the less distance bee could take to the next flower
Qtutf0km1iqlciu58tbg99iyjQ,unconstrained,12.0,"[[2, 6, 7, 1, 4], [7, 6, 5, 3]]",1.0,150.126,1,Fully conscious/deliberative,Fully clear,Quite easy,Confident,I was choosing the less distance bee could take to the next flower
Qtutf0km1iqlciu58tbg99iyjQ,unconstrained,13.0,"[[1, 7, 6, 5], [4, 1, 7]]",1.0,13.18,1,Fully conscious/deliberative,Fully clear,Quite easy,Confident,I was choosing the less distance bee could take to the next flower
Qtutf0km1iqlciu58tbg99iyjQ,unconstrained,14.0,"[[6, 5, 3], [6, 7, 1, 4]]",1.0,19.616,0,Fully conscious/deliberative,Fully clear,Quite easy,Confident,I was choosing the less distance bee could take to the next flower
Qtutf0km1iqlciu58tbg99iyjQ,unconstrained,15.0,"[[7, 1, 4], [5, 6, 7, 1]]",1.0,10.3,0,Fully conscious/deliberative,Fully clear,Quite easy,Confident,I was choosing the less distance bee could take to the next flower
Qtutf0km1iqlciu58tbg99iyjQ,unconstrained,16.0,"[[4, 1, 7, 6, 5], [4, 1, 7, 0]]",1.0,2.562,1,Fully conscious/deliberative,Fully clear,Quite easy,Confident,I was choosing the less distance bee could take to the next flower
Qtutf0km1iqlciu58tbg99iyjQ,unconstrained,17.0,"[[2, 6, 5, 3], [5, 6, 2]]",1.0,6.453,1,Fully conscious/deliberative,Fully clear,Quite easy,Confident,I was choosing the less distance bee could take to the next flower
Qtutf0km1iqlciu58tbg99iyjQ,unconstrained,18.0,"[[0, 7, 6, 2], [0, 7, 6, 5, 3]]",0.0,2.322,1,Fully conscious/deliberative,Fully clear,Quite easy,Confident,I was choosing the less distance bee could take to the next flower
Qtutf0km1iqlciu58tbg99iyjQ,unconstrained,19.0,"[[7, 6, 5], [3, 5, 6, 2]]",1.0,3.675,0,Fully conscious/deliberative,Fully clear,Quite easy,Confident,I was choosing the less distance bee could take to the next flower
Qtutf0km1iqlciu58tbg99iyjQ,unconstrained,20.0,"[[2, 6, 5, 3], [6, 7, 1]]",1.0,3.501,1,Fully conscious/deliberative,Fully clear,Quite easy,Confident,I was choosing the less distance bee could take to the next flower
Qtutf0km1iqlciu58tbg99iyjQ,unconstrained,21.0,"[[6, 5, 3], [6, 7, 1, 4]]",0.0,2.311,1,Fully conscious/deliberative,Fully clear,Quite easy,Confident,I was choosing the less distance bee could take to the next flower
Qtutf0km1iqlciu58tbg99iyjQ,unconstrained,22.0,"[[4, 1, 7, 6], [7, 6, 2]]",0.0,3.238,0,Fully conscious/deliberative,Fully clear,Quite easy,Confident,I was choosing the less distance bee could take to the next flower
Qtutf0km1iqlciu58tbg99iyjQ,unconstrained,23.0,"[[4, 1, 7], [1, 7, 6, 2]]",1.0,4.728,0,Fully conscious/deliberative,Fully clear,Quite easy,Confident,I was choosing the less distance bee could take to the next flower
Qtutf0km1iqlciu58tbg99iyjQ,unconstrained,24.0,"[[4, 1, 7, 6, 2], [3, 5, 6, 7, 1, 4]]",1.0,4.501,0,Fully conscious/deliberative,Fully clear,Quite easy,Confident,I was choosing the less distance bee could take to the next flower
Qtutf0km1iqlciu58tbg99iyjQ,unconstrained,25.0,"[[0, 7, 6, 5, 3], [6, 7, 1, 4]]",1.0,15.878,1,Fully conscious/deliberative,Fully clear,Quite easy,Confident,I was choosing the less distance bee could take to the next flower
Qtutf0km1iqlciu58tbg99iyjQ,unconstrained,26.0,"[[0, 7, 6, 5], [6, 7, 0]]",1.0,8.496,1,Fully conscious/deliberative,Fully clear,Quite easy,Confident,I was choosing the less distance bee could take to the next flower
Qtutf0km1iqlciu58tbg99iyjQ,unconstrained,27.0,"[[1, 7, 6, 5, 3], [5, 6, 7, 1]]",1.0,10.079,1,Fully conscious/deliberative,Fully clear,Quite easy,Confident,I was choosing the less distance bee could take to the next flower
Qtutf0km1iqlciu58tbg99iyjQ,unconstrained,28.0,"[[4, 1, 7, 0], [2, 6, 7, 1, 4]]",1.0,17.706,0,Fully conscious/deliberative,Fully clear,Quite easy,Confident,I was choosing the less distance bee could take to the next flower
Qtutf0km1iqlciu58tbg99iyjQ,unconstrained,29.0,"[[1, 7, 6, 2], [6, 7, 1]]",0.0,3.324,0,Fully conscious/deliberative,Fully clear,Quite easy,Confident,I was choosing the less distance bee could take to the next flower
Qtutf0km1iqlciu58tbg99iyjQ,unconstrained,30.0,"[[2, 6, 7, 0], [7, 6, 5]]",0.0,8.167,0,Fully conscious/deliberative,Fully clear,Quite easy,Confident,I was choosing the less distance bee could take to the next flower
Qtutf0km1iqlciu58tbg99iyjQ,unconstrained,31.0,"[[1, 7, 0], [2, 6, 7, 0]]",0.0,2.252,1,Fully conscious/deliberative,Fully clear,Quite easy,Confident,I was choosing the less distance bee could take to the next flower
Qtutf0km1iqlciu58tbg99iyjQ,unconstrained,32.0,"[[2, 6, 5, 3], [1, 7, 6, 5, 3]]",0.0,29.167,1,Fully conscious/deliberative,Fully clear,Quite easy,Confident,I was choosing the less distance bee could take to the next flower
Qtutf0km1iqlciu58tbg99iyjQ,unconstrained,33.0,"[[5, 6, 7, 1], [2, 6, 5]]",0.0,7.627,0,Fully conscious/deliberative,Fully clear,Quite easy,Confident,I was choosing the less distance bee could take to the next flower
Qtutf0km1iqlciu58tbg99iyjQ,unconstrained,34.0,"[[7, 6, 2], [1, 7, 6, 5]]",1.0,12.57,0,Fully conscious/deliberative,Fully clear,Quite easy,Confident,I was choosing the less distance bee could take to the next flower
Qtutf0km1iqlciu58tbg99iyjQ,unconstrained,35.0,"[[2, 6, 7, 1], [5, 6, 7]]",0.0,2.197,0,Fully conscious/deliberative,Fully clear,Quite easy,Confident,I was choosing the less distance bee could take to the next flower
Qtutf0km1iqlciu58tbg99iyjQ,unconstrained,36.0,"[[4, 1, 7], [2, 6, 7, 1]]",1.0,26.559,0,Fully conscious/deliberative,Fully clear,Quite easy,Confident,I was choosing the less distance bee could take to the next flower
Qtutf0km1iqlciu58tbg99iyjQ,unconstrained,37.0,"[[5, 6, 7, 0], [0, 7, 1]]",1.0,2.105,1,Fully conscious/deliberative,Fully clear,Quite easy,Confident,I was choosing the less distance bee could take to the next flower
Qtutf0km1iqlciu58tbg99iyjQ,unconstrained,38.0,"[[1, 7, 6, 2], [0, 7, 1]]",1.0,2.706,1,Fully conscious/deliberative,Fully clear,Quite easy,Confident,I was choosing the less distance bee could take to the next flower
Qtutf0km1iqlciu58tbg99iyjQ,unconstrained,39.0,"[[1, 7, 6, 2], [2, 6, 7]]",0.0,4.344,0,Fully conscious/deliberative,Fully clear,Quite easy,Confident,I was choosing the less distance bee could take to the next flower
Qtutf0km1iqlciu58tbg99iyjQ,unconstrained,40.0,"[[1, 7, 6, 5, 3], [2, 6, 7, 1]]",1.0,5.82,1,Fully conscious/deliberative,Fully clear,Quite easy,Confident,I was choosing the less distance bee could take to the next flower
Qtutf0km1iqlciu58tbg99iyjQ,unconstrained,41.0,"[[5, 6, 2], [6, 7, 1, 4]]",1.0,2.204,0,Fully conscious/deliberative,Fully clear,Quite easy,Confident,I was choosing the less distance bee could take to the next flower
Qtutf0km1iqlciu58tbg99iyjQ,unconstrained,42.0,"[[3, 5, 6, 7, 1], [6, 7, 1, 4]]",0.0,2.191,0,Fully conscious/deliberative,Fully clear,Quite easy,Confident,I was choosing the less distance bee could take to the next flower
Qtutf0km1iqlciu58tbg99iyjQ,unconstrained,43.0,"[[1, 7, 6, 5], [3, 5, 6]]",0.0,1.735,0,Fully conscious/deliberative,Fully clear,Quite easy,Confident,I was choosing the less distance bee could take to the next flower
Qtutf0km1iqlciu58tbg99iyjQ,unconstrained,44.0,"[[0, 7, 1, 4], [2, 6, 7]]",0.0,3.964,0,Fully conscious/deliberative,Fully clear,Quite easy,Confident,I was choosing the less distance bee could take to the next flower
Qtutf0km1iqlciu58tbg99iyjQ,unconstrained,45.0,"[[1, 7, 6, 5], [0, 7, 1]]",1.0,2.533,1,Fully conscious/deliberative,Fully clear,Quite easy,Confident,I was choosing the less distance bee could take to the next flower
Qtutf0km1iqlciu58tbg99iyjQ,unconstrained,46.0,"[[3, 5, 6], [2, 6, 7, 1]]",1.0,12.616,0,Fully conscious/deliberative,Fully clear,Quite easy,Confident,I was choosing the less distance bee could take to the next flower
Qtutf0km1iqlciu58tbg99iyjQ,unconstrained,47.0,"[[3, 5, 6, 7], [2, 6, 5]]",1.0,3.107,1,Fully conscious/deliberative,Fully clear,Quite easy,Confident,I was choosing the less distance bee could take to the next flower
Qtutf0km1iqlciu58tbg99iyjQ,unconstrained,48.0,"[[2, 6, 7], [6, 7, 1, 4]]",0.0,1.325,1,Fully conscious/deliberative,Fully clear,Quite easy,Confident,I was choosing the less distance bee could take to the next flower
Qtutf0km1iqlciu58tbg99iyjQ,unconstrained,49.0,"[[7, 6, 5], [0, 7, 1, 4]]",0.0,1.305,1,Fully conscious/deliberative,Fully clear,Quite easy,Confident,I was choosing the less distance bee could take to the next flower
Qtutf0km1iqlciu58tbg99iyjQ,unconstrained,50.0,"[[5, 6, 7], [5, 6, 7, 0]]",1.0,3.424,0,Fully conscious/deliberative,Fully clear,Quite easy,Confident,I was choosing the less distance bee could take to the next flower
Qtutf0km1iqlciu58tbg99iyjQ,unconstrained,51.0,"[[2, 6, 7, 1, 4], [2, 6, 5, 3]]",0.0,1.926,0,Fully conscious/deliberative,Fully clear,Quite easy,Confident,I was choosing the less distance bee could take to the next flower
Qtutf0km1iqlciu58tbg99iyjQ,unconstrained,52.0,"[[0, 7, 6, 5, 3], [2, 6, 7, 1]]",0.0,1.194,0,Fully conscious/deliberative,Fully clear,Quite easy,Confident,I was choosing the less distance bee could take to the next flower
Qtutf0km1iqlciu58tbg99iyjQ,unconstrained,53.0,"[[4, 1, 7], [3, 5, 6, 2]]",1.0,1.564,0,Fully conscious/deliberative,Fully clear,Quite easy,Confident,I was choosing the less distance bee could take to the next flower
Qtutf0km1iqlciu58tbg99iyjQ,unconstrained,54.0,"[[2, 6, 7, 1, 4], [0, 7, 6, 5]]",0.0,1.399,0,Fully conscious/deliberative,Fully clear,Quite easy,Confident,I was choosing the less distance bee could take to the next flower
Qtutf0km1iqlciu58tbg99iyjQ,unconstrained,55.0,"[[2, 6, 5, 3], [6, 7, 0]]",0.0,296.912,0,Fully conscious/deliberative,Fully clear,Quite easy,Confident,I was choosing the less distance bee could take to the next flower
Qtutf0km1iqlciu58tbg99iyjQ,unconstrained,56.0,"[[0, 7, 6], [4, 1, 7, 0]]",0.0,97.205,1,Fully conscious/deliberative,Fully clear,Quite easy,Confident,I was choosing the less distance bee could take to the next flower
Qtutf0km1iqlciu58tbg99iyjQ,unconstrained,57.0,"[[0, 7, 1], [6, 7, 1, 4]]",0.0,9.372,1,Fully conscious/deliberative,Fully clear,Quite easy,Confident,I was choosing the less distance bee could take to the next flower
Qtutf0km1iqlciu58tbg99iyjQ,unconstrained,58.0,"[[1, 7, 6], [5, 6, 7, 1]]",1.0,6.875,0,Fully conscious/deliberative,Fully clear,Quite easy,Confident,I was choosing the less distance bee could take to the next flower
Qtutf0km1iqlciu58tbg99iyjQ,unconstrained,59.0,"[[6, 7, 1, 4], [7, 6, 5]]",1.0,14.798,1,Fully conscious/deliberative,Fully clear,Quite easy,Confident,I was choosing the less distance bee could take to the next flower
Qtutf0km1iqlciu58tbg99iyjQ,unconstrained,60.0,"[[7, 6, 5, 3], [5, 6, 7, 1, 4]]",1.0,3.994,0,Fully conscious/deliberative,Fully clear,Quite easy,Confident,I was choosing the less distance bee could take to the next flower
Qtutf0km1iqlciu58tbg99iyjQ,unconstrained,61.0,"[[1, 7, 0], [3, 5, 6, 2]]",1.0,29.689,0,Fully conscious/deliberative,Fully clear,Quite easy,Confident,I was choosing the less distance bee could take to the next flower
Qtutf0km1iqlciu58tbg99iyjQ,unconstrained,62.0,"[[1, 7, 6, 5], [5, 6, 7]]",1.0,35.712,1,Fully conscious/deliberative,Fully clear,Quite easy,Confident,I was choosing the less distance bee could take to the next flower
Qtutf0km1iqlciu58tbg99iyjQ,unconstrained,63.0,"[[7, 1, 4], [0, 7, 6, 2]]",1.0,49.501,0,Fully conscious/deliberative,Fully clear,Quite easy,Confident,I was choosing the less distance bee could take to the next flower
Qtutf0km1iqlciu58tbg99iyjQ,unconstrained,64.0,"[[0, 7, 6, 5], [6, 7, 1]]",0.0,5.743,0,Fully conscious/deliberative,Fully clear,Quite easy,Confident,I was choosing the less distance bee could take to the next flower
Qv3zugq49xxgutuifdlscq3axQ,unconstrained,0.0,"[[6, 7, 1], [2, 6, 5, 3]]",1.0,7.018,0,Fully conscious/deliberative,Fully clear,Quite easy,Confident,"i try to recollect how the bee move from one color to another and see which one is closer to each one in term of the color pattern. for example, red and light yellow always stay close or beside each other."
Qv3zugq49xxgutuifdlscq3axQ,unconstrained,1.0,"[[2, 6, 5], [6, 7, 1, 4]]",0.0,2.342,1,Fully conscious/deliberative,Fully clear,Quite easy,Confident,"i try to recollect how the bee move from one color to another and see which one is closer to each one in term of the color pattern. for example, red and light yellow always stay close or beside each other."
Qv3zugq49xxgutuifdlscq3axQ,unconstrained,4.0,"[[1, 7, 6], [1, 7, 6, 2]]",1.0,4.259,0,Fully conscious/deliberative,Fully clear,Quite easy,Confident,"i try to recollect how the bee move from one color to another and see which one is closer to each one in term of the color pattern. for example, red and light yellow always stay close or beside each other."
Qv3zugq49xxgutuifdlscq3axQ,unconstrained,3.0,"[[0, 7, 6], [5, 6, 7, 0]]",1.0,1.445,0,Fully conscious/deliberative,Fully clear,Quite easy,Confident,"i try to recollect how the bee move from one color to another and see which one is closer to each one in term of the color pattern. for example, red and light yellow always stay close or beside each other."
Qv3zugq49xxgutuifdlscq3axQ,unconstrained,5.0,"[[1, 7, 6, 5], [7, 6, 2]]",1.0,1.195,1,Fully conscious/deliberative,Fully clear,Quite easy,Confident,"i try to recollect how the bee move from one color to another and see which one is closer to each one in term of the color pattern. for example, red and light yellow always stay close or beside each other."
Qv3zugq49xxgutuifdlscq3axQ,unconstrained,2.0,"[[5, 6, 2], [5, 6, 7, 0]]",1.0,2.703,0,Fully conscious/deliberative,Fully clear,Quite easy,Confident,"i try to recollect how the bee move from one color to another and see which one is closer to each one in term of the color pattern. for example, red and light yellow always stay close or beside each other."
Qv3zugq49xxgutuifdlscq3axQ,unconstrained,6.0,"[[2, 6, 5], [7, 6, 5, 3]]",0.0,9.151,1,Fully conscious/deliberative,Fully clear,Quite easy,Confident,"i try to recollect how the bee move from one color to another and see which one is closer to each one in term of the color pattern. for example, red and light yellow always stay close or beside each other."
Qv3zugq49xxgutuifdlscq3axQ,unconstrained,7.0,"[[0, 7, 1], [2, 6, 7, 1]]",1.0,10.085,0,Fully conscious/deliberative,Fully clear,Quite easy,Confident,"i try to recollect how the bee move from one color to another and see which one is closer to each one in term of the color pattern. for example, red and light yellow always stay close or beside each other."
Qv3zugq49xxgutuifdlscq3axQ,unconstrained,8.0,"[[3, 5, 6, 7, 0], [6, 7, 1, 4]]",1.0,2.126,1,Fully conscious/deliberative,Fully clear,Quite easy,Confident,"i try to recollect how the bee move from one color to another and see which one is closer to each one in term of the color pattern. for example, red and light yellow always stay close or beside each other."
Qv3zugq49xxgutuifdlscq3axQ,unconstrained,9.0,"[[1, 7, 0], [0, 7, 6, 5]]",0.0,3.041,1,Fully conscious/deliberative,Fully clear,Quite easy,Confident,"i try to recollect how the bee move from one color to another and see which one is closer to each one in term of the color pattern. for example, red and light yellow always stay close or beside each other."
Qv3zugq49xxgutuifdlscq3axQ,unconstrained,10.0,"[[1, 7, 0], [0, 7, 6, 2]]",1.0,16.852,0,Fully conscious/deliberative,Fully clear,Quite easy,Confident,"i try to recollect how the bee move from one color to another and see which one is closer to each one in term of the color pattern. for example, red and light yellow always stay close or beside each other."
Qv3zugq49xxgutuifdlscq3axQ,unconstrained,11.0,"[[3, 5, 6, 7], [4, 1, 7, 6, 2]]",1.0,38.16,0,Fully conscious/deliberative,Fully clear,Quite easy,Confident,"i try to recollect how the bee move from one color to another and see which one is closer to each one in term of the color pattern. for example, red and light yellow always stay close or beside each other."
Qv3zugq49xxgutuifdlscq3axQ,unconstrained,12.0,"[[2, 6, 7, 1], [3, 5, 6, 7, 0]]",0.0,3.926,1,Fully conscious/deliberative,Fully clear,Quite easy,Confident,"i try to recollect how the bee move from one color to another and see which one is closer to each one in term of the color pattern. for example, red and light yellow always stay close or beside each other."
Qv3zugq49xxgutuifdlscq3axQ,unconstrained,13.0,"[[4, 1, 7, 6], [1, 7, 0]]",0.0,1.521,0,Fully conscious/deliberative,Fully clear,Quite easy,Confident,"i try to recollect how the bee move from one color to another and see which one is closer to each one in term of the color pattern. for example, red and light yellow always stay close or beside each other."
Qv3zugq49xxgutuifdlscq3axQ,unconstrained,14.0,"[[4, 1, 7, 6, 2], [5, 6, 7, 0]]",1.0,5.573,1,Fully conscious/deliberative,Fully clear,Quite easy,Confident,"i try to recollect how the bee move from one color to another and see which one is closer to each one in term of the color pattern. for example, red and light yellow always stay close or beside each other."
Qv3zugq49xxgutuifdlscq3axQ,unconstrained,15.0,"[[3, 5, 6, 2], [7, 1, 4]]",0.0,13.434,0,Fully conscious/deliberative,Fully clear,Quite easy,Confident,"i try to recollect how the bee move from one color to another and see which one is closer to each one in term of the color pattern. for example, red and light yellow always stay close or beside each other."
Qv3zugq49xxgutuifdlscq3axQ,unconstrained,16.0,"[[6, 7, 1], [4, 1, 7, 0]]",1.0,4.82,0,Fully conscious/deliberative,Fully clear,Quite easy,Confident,"i try to recollect how the bee move from one color to another and see which one is closer to each one in term of the color pattern. for example, red and light yellow always stay close or beside each other."
Qv3zugq49xxgutuifdlscq3axQ,unconstrained,17.0,"[[7, 6, 2], [4, 1, 7, 6]]",0.0,0.881,1,Fully conscious/deliberative,Fully clear,Quite easy,Confident,"i try to recollect how the bee move from one color to another and see which one is closer to each one in term of the color pattern. for example, red and light yellow always stay close or beside each other."
Qv3zugq49xxgutuifdlscq3axQ,unconstrained,18.0,"[[5, 6, 7, 0], [4, 1, 7]]",0.0,30.191,0,Fully conscious/deliberative,Fully clear,Quite easy,Confident,"i try to recollect how the bee move from one color to another and see which one is closer to each one in term of the color pattern. for example, red and light yellow always stay close or beside each other."
Qv3zugq49xxgutuifdlscq3axQ,unconstrained,19.0,"[[1, 7, 0], [1, 7, 6, 5]]",1.0,1.691,0,Fully conscious/deliberative,Fully clear,Quite easy,Confident,"i try to recollect how the bee move from one color to another and see which one is closer to each one in term of the color pattern. for example, red and light yellow always stay close or beside each other."
Qv3zugq49xxgutuifdlscq3axQ,unconstrained,20.0,"[[3, 5, 6, 2], [3, 5, 6, 7, 1]]",0.0,1.71,1,Fully conscious/deliberative,Fully clear,Quite easy,Confident,"i try to recollect how the bee move from one color to another and see which one is closer to each one in term of the color pattern. for example, red and light yellow always stay close or beside each other."
Qv3zugq49xxgutuifdlscq3axQ,unconstrained,21.0,"[[3, 5, 6], [6, 7, 1, 4]]",1.0,2.014,0,Fully conscious/deliberative,Fully clear,Quite easy,Confident,"i try to recollect how the bee move from one color to another and see which one is closer to each one in term of the color pattern. for example, red and light yellow always stay close or beside each other."
Qv3zugq49xxgutuifdlscq3axQ,unconstrained,22.0,"[[4, 1, 7, 6], [2, 6, 7]]",0.0,1.3,0,Fully conscious/deliberative,Fully clear,Quite easy,Confident,"i try to recollect how the bee move from one color to another and see which one is closer to each one in term of the color pattern. for example, red and light yellow always stay close or beside each other."
Qv3zugq49xxgutuifdlscq3axQ,unconstrained,23.0,"[[4, 1, 7, 0], [7, 6, 2]]",1.0,12.091,1,Fully conscious/deliberative,Fully clear,Quite easy,Confident,"i try to recollect how the bee move from one color to another and see which one is closer to each one in term of the color pattern. for example, red and light yellow always stay close or beside each other."
Qv3zugq49xxgutuifdlscq3axQ,unconstrained,24.0,"[[3, 5, 6, 2], [5, 6, 2]]",1.0,2.024,1,Fully conscious/deliberative,Fully clear,Quite easy,Confident,"i try to recollect how the bee move from one color to another and see which one is closer to each one in term of the color pattern. for example, red and light yellow always stay close or beside each other."
Qv3zugq49xxgutuifdlscq3axQ,unconstrained,25.0,"[[1, 7, 6, 5, 3], [1, 7, 6, 5]]",0.0,1.509,0,Fully conscious/deliberative,Fully clear,Quite easy,Confident,"i try to recollect how the bee move from one color to another and see which one is closer to each one in term of the color pattern. for example, red and light yellow always stay close or beside each other."
Qv3zugq49xxgutuifdlscq3axQ,unconstrained,26.0,"[[5, 6, 2], [1, 7, 6, 2]]",1.0,12.245,0,Fully conscious/deliberative,Fully clear,Quite easy,Confident,"i try to recollect how the bee move from one color to another and see which one is closer to each one in term of the color pattern. for example, red and light yellow always stay close or beside each other."
Qv3zugq49xxgutuifdlscq3axQ,unconstrained,27.0,"[[1, 7, 6, 5], [6, 5, 3]]",1.0,1.066,1,Fully conscious/deliberative,Fully clear,Quite easy,Confident,"i try to recollect how the bee move from one color to another and see which one is closer to each one in term of the color pattern. for example, red and light yellow always stay close or beside each other."
Qv3zugq49xxgutuifdlscq3axQ,unconstrained,28.0,"[[0, 7, 6, 2], [3, 5, 6]]",1.0,2.944,1,Fully conscious/deliberative,Fully clear,Quite easy,Confident,"i try to recollect how the bee move from one color to another and see which one is closer to each one in term of the color pattern. for example, red and light yellow always stay close or beside each other."
Qv3zugq49xxgutuifdlscq3axQ,unconstrained,29.0,"[[1, 7, 6, 5], [7, 6, 5]]",1.0,1.184,1,Fully conscious/deliberative,Fully clear,Quite easy,Confident,"i try to recollect how the bee move from one color to another and see which one is closer to each one in term of the color pattern. for example, red and light yellow always stay close or beside each other."
Qv3zugq49xxgutuifdlscq3axQ,unconstrained,30.0,"[[2, 6, 7, 1], [7, 1, 4]]",0.0,2.699,0,Fully conscious/deliberative,Fully clear,Quite easy,Confident,"i try to recollect how the bee move from one color to another and see which one is closer to each one in term of the color pattern. for example, red and light yellow always stay close or beside each other."
Qv3zugq49xxgutuifdlscq3axQ,unconstrained,31.0,"[[4, 1, 7, 6], [4, 1, 7, 6, 5]]",1.0,1.956,0,Fully conscious/deliberative,Fully clear,Quite easy,Confident,"i try to recollect how the bee move from one color to another and see which one is closer to each one in term of the color pattern. for example, red and light yellow always stay close or beside each other."
Qv3zugq49xxgutuifdlscq3axQ,unconstrained,32.0,"[[4, 1, 7, 6, 5], [3, 5, 6, 7]]",0.0,1.776,0,Fully conscious/deliberative,Fully clear,Quite easy,Confident,"i try to recollect how the bee move from one color to another and see which one is closer to each one in term of the color pattern. for example, red and light yellow always stay close or beside each other."
Qv3zugq49xxgutuifdlscq3axQ,unconstrained,33.0,"[[2, 6, 5, 3], [0, 7, 1]]",0.0,2.708,0,Fully conscious/deliberative,Fully clear,Quite easy,Confident,"i try to recollect how the bee move from one color to another and see which one is closer to each one in term of the color pattern. for example, red and light yellow always stay close or beside each other."
Qv3zugq49xxgutuifdlscq3axQ,unconstrained,34.0,"[[5, 6, 7, 0], [5, 6, 7]]",0.0,1.682,0,Fully conscious/deliberative,Fully clear,Quite easy,Confident,"i try to recollect how the bee move from one color to another and see which one is closer to each one in term of the color pattern. for example, red and light yellow always stay close or beside each other."
Qv3zugq49xxgutuifdlscq3axQ,unconstrained,35.0,"[[7, 6, 5, 3], [4, 1, 7, 6, 5]]",0.0,1.586,1,Fully conscious/deliberative,Fully clear,Quite easy,Confident,"i try to recollect how the bee move from one color to another and see which one is closer to each one in term of the color pattern. for example, red and light yellow always stay close or beside each other."
Qv3zugq49xxgutuifdlscq3axQ,unconstrained,36.0,"[[7, 1, 4], [2, 6, 7, 0]]",1.0,2.323,0,Fully conscious/deliberative,Fully clear,Quite easy,Confident,"i try to recollect how the bee move from one color to another and see which one is closer to each one in term of the color pattern. for example, red and light yellow always stay close or beside each other."
Qv3zugq49xxgutuifdlscq3axQ,unconstrained,37.0,"[[1, 7, 0], [2, 6, 7, 1]]",0.0,4.542,1,Fully conscious/deliberative,Fully clear,Quite easy,Confident,"i try to recollect how the bee move from one color to another and see which one is closer to each one in term of the color pattern. for example, red and light yellow always stay close or beside each other."
Qv3zugq49xxgutuifdlscq3axQ,unconstrained,38.0,"[[6, 7, 0], [3, 5, 6, 2]]",1.0,12.765,0,Fully conscious/deliberative,Fully clear,Quite easy,Confident,"i try to recollect how the bee move from one color to another and see which one is closer to each one in term of the color pattern. for example, red and light yellow always stay close or beside each other."
Qv3zugq49xxgutuifdlscq3axQ,unconstrained,39.0,"[[3, 5, 6], [4, 1, 7, 6]]",1.0,11.083,0,Fully conscious/deliberative,Fully clear,Quite easy,Confident,"i try to recollect how the bee move from one color to another and see which one is closer to each one in term of the color pattern. for example, red and light yellow always stay close or beside each other."
Qv3zugq49xxgutuifdlscq3axQ,unconstrained,40.0,"[[2, 6, 5], [5, 6, 7, 1]]",1.0,1.045,0,Fully conscious/deliberative,Fully clear,Quite easy,Confident,"i try to recollect how the bee move from one color to another and see which one is closer to each one in term of the color pattern. for example, red and light yellow always stay close or beside each other."
Qv3zugq49xxgutuifdlscq3axQ,unconstrained,41.0,"[[5, 6, 7, 1], [4, 1, 7]]",1.0,1.242,1,Fully conscious/deliberative,Fully clear,Quite easy,Confident,"i try to recollect how the bee move from one color to another and see which one is closer to each one in term of the color pattern. for example, red and light yellow always stay close or beside each other."
Qv3zugq49xxgutuifdlscq3axQ,unconstrained,42.0,"[[3, 5, 6, 7, 1], [6, 7, 1, 4]]",0.0,0.692,0,Fully conscious/deliberative,Fully clear,Quite easy,Confident,"i try to recollect how the bee move from one color to another and see which one is closer to each one in term of the color pattern. for example, red and light yellow always stay close or beside each other."
Qv3zugq49xxgutuifdlscq3axQ,unconstrained,43.0,"[[1, 7, 6, 2], [6, 5, 3]]",1.0,3.325,1,Fully conscious/deliberative,Fully clear,Quite easy,Confident,"i try to recollect how the bee move from one color to another and see which one is closer to each one in term of the color pattern. for example, red and light yellow always stay close or beside each other."
Qv3zugq49xxgutuifdlscq3axQ,unconstrained,44.0,"[[4, 1, 7, 0], [6, 7, 0]]",1.0,2.195,1,Fully conscious/deliberative,Fully clear,Quite easy,Confident,"i try to recollect how the bee move from one color to another and see which one is closer to each one in term of the color pattern. for example, red and light yellow always stay close or beside each other."
Qv3zugq49xxgutuifdlscq3axQ,unconstrained,45.0,"[[7, 6, 2], [7, 6, 5, 3]]",1.0,6.212,0,Fully conscious/deliberative,Fully clear,Quite easy,Confident,"i try to recollect how the bee move from one color to another and see which one is closer to each one in term of the color pattern. for example, red and light yellow always stay close or beside each other."
Qv3zugq49xxgutuifdlscq3axQ,unconstrained,46.0,"[[2, 6, 5], [4, 1, 7, 0]]",1.0,3.671,0,Fully conscious/deliberative,Fully clear,Quite easy,Confident,"i try to recollect how the bee move from one color to another and see which one is closer to each one in term of the color pattern. for example, red and light yellow always stay close or beside each other."
Qv3zugq49xxgutuifdlscq3axQ,unconstrained,47.0,"[[3, 5, 6], [0, 7, 1, 4]]",1.0,9.712,0,Fully conscious/deliberative,Fully clear,Quite easy,Confident,"i try to recollect how the bee move from one color to another and see which one is closer to each one in term of the color pattern. for example, red and light yellow always stay close or beside each other."
Qv3zugq49xxgutuifdlscq3axQ,unconstrained,48.0,"[[2, 6, 7, 1, 4], [3, 5, 6, 2]]",1.0,1.215,1,Fully conscious/deliberative,Fully clear,Quite easy,Confident,"i try to recollect how the bee move from one color to another and see which one is closer to each one in term of the color pattern. for example, red and light yellow always stay close or beside each other."
Qv3zugq49xxgutuifdlscq3axQ,unconstrained,48.0,"[[2, 6, 7, 1, 4], [3, 5, 6, 2]]",1.0,1.215,1,Fully conscious/deliberative,Fully clear,Quite easy,Confident,"i try to recollect how the bee move from one color to another and see which one is closer to each one in term of the color pattern. for example, red and light yellow always stay close or beside each other."
Qv3zugq49xxgutuifdlscq3axQ,unconstrained,51.0,"[[4, 1, 7, 0], [5, 6, 7]]",1.0,1.099,1,Fully conscious/deliberative,Fully clear,Quite easy,Confident,"i try to recollect how the bee move from one color to another and see which one is closer to each one in term of the color pattern. for example, red and light yellow always stay close or beside each other."
Qv3zugq49xxgutuifdlscq3axQ,unconstrained,50.0,"[[1, 7, 6, 2], [1, 7, 6, 5, 3]]",0.0,3.052,1,Fully conscious/deliberative,Fully clear,Quite easy,Confident,"i try to recollect how the bee move from one color to another and see which one is closer to each one in term of the color pattern. for example, red and light yellow always stay close or beside each other."
Qv3zugq49xxgutuifdlscq3axQ,unconstrained,55.0,"[[0, 7, 6, 2], [0, 7, 6, 5, 3]]",0.0,2.251,1,Fully conscious/deliberative,Fully clear,Quite easy,Confident,"i try to recollect how the bee move from one color to another and see which one is closer to each one in term of the color pattern. for example, red and light yellow always stay close or beside each other."
Qv3zugq49xxgutuifdlscq3axQ,unconstrained,53.0,"[[2, 6, 7], [2, 6, 7, 1]]",0.0,3.745,1,Fully conscious/deliberative,Fully clear,Quite easy,Confident,"i try to recollect how the bee move from one color to another and see which one is closer to each one in term of the color pattern. for example, red and light yellow always stay close or beside each other."
Qv3zugq49xxgutuifdlscq3axQ,unconstrained,49.0,"[[3, 5, 6, 7, 1, 4], [4, 1, 7, 6, 2]]",0.0,4.863,0,Fully conscious/deliberative,Fully clear,Quite easy,Confident,"i try to recollect how the bee move from one color to another and see which one is closer to each one in term of the color pattern. for example, red and light yellow always stay close or beside each other."
Qv3zugq49xxgutuifdlscq3axQ,unconstrained,52.0,"[[1, 7, 6], [5, 6, 7, 1]]",1.0,1.282,0,Fully conscious/deliberative,Fully clear,Quite easy,Confident,"i try to recollect how the bee move from one color to another and see which one is closer to each one in term of the color pattern. for example, red and light yellow always stay close or beside each other."
Qv3zugq49xxgutuifdlscq3axQ,unconstrained,54.0,"[[7, 6, 5], [0, 7, 6, 2]]",1.0,2.701,0,Fully conscious/deliberative,Fully clear,Quite easy,Confident,"i try to recollect how the bee move from one color to another and see which one is closer to each one in term of the color pattern. for example, red and light yellow always stay close or beside each other."
Qv3zugq49xxgutuifdlscq3axQ,unconstrained,56.0,"[[0, 7, 1, 4], [7, 6, 2]]",0.0,10.551,0,Fully conscious/deliberative,Fully clear,Quite easy,Confident,"i try to recollect how the bee move from one color to another and see which one is closer to each one in term of the color pattern. for example, red and light yellow always stay close or beside each other."
Qv3zugq49xxgutuifdlscq3axQ,unconstrained,57.0,"[[6, 7, 1], [5, 6, 7, 0]]",0.0,13.928,1,Fully conscious/deliberative,Fully clear,Quite easy,Confident,"i try to recollect how the bee move from one color to another and see which one is closer to each one in term of the color pattern. for example, red and light yellow always stay close or beside each other."
Qv3zugq49xxgutuifdlscq3axQ,unconstrained,58.0,"[[2, 6, 7, 1, 4], [4, 1, 7, 0]]",1.0,3.537,1,Fully conscious/deliberative,Fully clear,Quite easy,Confident,"i try to recollect how the bee move from one color to another and see which one is closer to each one in term of the color pattern. for example, red and light yellow always stay close or beside each other."
Qv3zugq49xxgutuifdlscq3axQ,unconstrained,59.0,"[[5, 6, 7], [3, 5, 6, 2]]",1.0,3.803,0,Fully conscious/deliberative,Fully clear,Quite easy,Confident,"i try to recollect how the bee move from one color to another and see which one is closer to each one in term of the color pattern. for example, red and light yellow always stay close or beside each other."
Qv3zugq49xxgutuifdlscq3axQ,unconstrained,60.0,"[[0, 7, 1, 4], [4, 1, 7, 6, 5]]",1.0,3.157,0,Fully conscious/deliberative,Fully clear,Quite easy,Confident,"i try to recollect how the bee move from one color to another and see which one is closer to each one in term of the color pattern. for example, red and light yellow always stay close or beside each other."
Qv3zugq49xxgutuifdlscq3axQ,unconstrained,61.0,"[[4, 1, 7], [1, 7, 6, 2]]",1.0,4.338,0,Fully conscious/deliberative,Fully clear,Quite easy,Confident,"i try to recollect how the bee move from one color to another and see which one is closer to each one in term of the color pattern. for example, red and light yellow always stay close or beside each other."
Qv3zugq49xxgutuifdlscq3axQ,unconstrained,62.0,"[[5, 6, 7], [2, 6, 7, 1]]",1.0,49.087,0,Fully conscious/deliberative,Fully clear,Quite easy,Confident,"i try to recollect how the bee move from one color to another and see which one is closer to each one in term of the color pattern. for example, red and light yellow always stay close or beside each other."
Qv3zugq49xxgutuifdlscq3axQ,unconstrained,63.0,"[[5, 6, 7, 1], [7, 1, 4]]",1.0,1.042,1,Fully conscious/deliberative,Fully clear,Quite easy,Confident,"i try to recollect how the bee move from one color to another and see which one is closer to each one in term of the color pattern. for example, red and light yellow always stay close or beside each other."
Qv3zugq49xxgutuifdlscq3axQ,unconstrained,64.0,"[[4, 1, 7, 6], [5, 6, 7]]",0.0,1.739,0,Fully conscious/deliberative,Fully clear,Quite easy,Confident,"i try to recollect how the bee move from one color to another and see which one is closer to each one in term of the color pattern. for example, red and light yellow always stay close or beside each other."
Qv5vvseu9np9z8inlsxd261d3Q,unconstrained,0.0,"[[1, 7, 6, 2], [3, 5, 6, 7, 1]]",1.0,9.935,0,Fairly intuitive/unconscious,Somewhat clear,Quite easy,Confident,the strategy i was using to track the Bee is puttingbthe two colour like red and green blue and purple
Qv5vvseu9np9z8inlsxd261d3Q,unconstrained,1.0,"[[4, 1, 7], [3, 5, 6, 2]]",0.0,3.88,1,Fairly intuitive/unconscious,Somewhat clear,Quite easy,Confident,the strategy i was using to track the Bee is puttingbthe two colour like red and green blue and purple
Qv5vvseu9np9z8inlsxd261d3Q,unconstrained,2.0,"[[2, 6, 5], [0, 7, 6, 5]]",0.0,1.912,1,Fairly intuitive/unconscious,Somewhat clear,Quite easy,Confident,the strategy i was using to track the Bee is puttingbthe two colour like red and green blue and purple
Qv5vvseu9np9z8inlsxd261d3Q,unconstrained,3.0,"[[5, 6, 7, 0], [4, 1, 7, 6, 2]]",1.0,8.629,0,Fairly intuitive/unconscious,Somewhat clear,Quite easy,Confident,the strategy i was using to track the Bee is puttingbthe two colour like red and green blue and purple
Qv5vvseu9np9z8inlsxd261d3Q,unconstrained,4.0,"[[3, 5, 6], [4, 1, 7, 6]]",1.0,2.987,0,Fairly intuitive/unconscious,Somewhat clear,Quite easy,Confident,the strategy i was using to track the Bee is puttingbthe two colour like red and green blue and purple
Qv5vvseu9np9z8inlsxd261d3Q,unconstrained,5.0,"[[4, 1, 7, 0], [2, 6, 5]]",1.0,8.341,1,Fairly intuitive/unconscious,Somewhat clear,Quite easy,Confident,the strategy i was using to track the Bee is puttingbthe two colour like red and green blue and purple
Qv5vvseu9np9z8inlsxd261d3Q,unconstrained,6.0,"[[3, 5, 6], [2, 6, 7, 1]]",1.0,2.63,0,Fairly intuitive/unconscious,Somewhat clear,Quite easy,Confident,the strategy i was using to track the Bee is puttingbthe two colour like red and green blue and purple
Qv5vvseu9np9z8inlsxd261d3Q,unconstrained,7.0,"[[2, 6, 7], [1, 7, 6, 2]]",0.0,4.313,1,Fairly intuitive/unconscious,Somewhat clear,Quite easy,Confident,the strategy i was using to track the Bee is puttingbthe two colour like red and green blue and purple
Qv5vvseu9np9z8inlsxd261d3Q,unconstrained,8.0,"[[0, 7, 6, 5], [5, 6, 7]]",1.0,9.357,1,Fairly intuitive/unconscious,Somewhat clear,Quite easy,Confident,the strategy i was using to track the Bee is puttingbthe two colour like red and green blue and purple
Qv5vvseu9np9z8inlsxd261d3Q,unconstrained,9.0,"[[6, 7, 1, 4], [0, 7, 6, 5, 3]]",0.0,1.947,1,Fairly intuitive/unconscious,Somewhat clear,Quite easy,Confident,the strategy i was using to track the Bee is puttingbthe two colour like red and green blue and purple
Qv5vvseu9np9z8inlsxd261d3Q,unconstrained,10.0,"[[7, 6, 2], [4, 1, 7, 6]]",1.0,2.781,0,Fairly intuitive/unconscious,Somewhat clear,Quite easy,Confident,the strategy i was using to track the Bee is puttingbthe two colour like red and green blue and purple
Qv5vvseu9np9z8inlsxd261d3Q,unconstrained,11.0,"[[6, 7, 1, 4], [4, 1, 7, 6, 5]]",1.0,3.79,0,Fairly intuitive/unconscious,Somewhat clear,Quite easy,Confident,the strategy i was using to track the Bee is puttingbthe two colour like red and green blue and purple
Qv5vvseu9np9z8inlsxd261d3Q,unconstrained,12.0,"[[0, 7, 1, 4], [7, 6, 2]]",0.0,2.741,0,Fairly intuitive/unconscious,Somewhat clear,Quite easy,Confident,the strategy i was using to track the Bee is puttingbthe two colour like red and green blue and purple
Qv5vvseu9np9z8inlsxd261d3Q,unconstrained,13.0,"[[7, 6, 2], [3, 5, 6, 7]]",0.0,2.807,1,Fairly intuitive/unconscious,Somewhat clear,Quite easy,Confident,the strategy i was using to track the Bee is puttingbthe two colour like red and green blue and purple
Qv5vvseu9np9z8inlsxd261d3Q,unconstrained,14.0,"[[4, 1, 7], [5, 6, 7, 0]]",1.0,17.601,0,Fairly intuitive/unconscious,Somewhat clear,Quite easy,Confident,the strategy i was using to track the Bee is puttingbthe two colour like red and green blue and purple
Qv5vvseu9np9z8inlsxd261d3Q,unconstrained,15.0,"[[0, 7, 1, 4], [3, 5, 6]]",1.0,2.416,1,Fairly intuitive/unconscious,Somewhat clear,Quite easy,Confident,the strategy i was using to track the Bee is puttingbthe two colour like red and green blue and purple
Qv5vvseu9np9z8inlsxd261d3Q,unconstrained,16.0,"[[6, 5, 3], [5, 6, 7, 1]]",0.0,41.689,1,Fairly intuitive/unconscious,Somewhat clear,Quite easy,Confident,the strategy i was using to track the Bee is puttingbthe two colour like red and green blue and purple
Qv5vvseu9np9z8inlsxd261d3Q,unconstrained,17.0,"[[7, 1, 4], [0, 7, 6, 2]]",1.0,4.414,0,Fairly intuitive/unconscious,Somewhat clear,Quite easy,Confident,the strategy i was using to track the Bee is puttingbthe two colour like red and green blue and purple
Qv5vvseu9np9z8inlsxd261d3Q,unconstrained,18.0,"[[7, 1, 4], [1, 7, 6, 2]]",1.0,3.631,0,Fairly intuitive/unconscious,Somewhat clear,Quite easy,Confident,the strategy i was using to track the Bee is puttingbthe two colour like red and green blue and purple
Qv5vvseu9np9z8inlsxd261d3Q,unconstrained,19.0,"[[4, 1, 7, 6, 2], [7, 6, 5, 3]]",1.0,2.114,1,Fairly intuitive/unconscious,Somewhat clear,Quite easy,Confident,the strategy i was using to track the Bee is puttingbthe two colour like red and green blue and purple
Qv5vvseu9np9z8inlsxd261d3Q,unconstrained,20.0,"[[3, 5, 6, 7, 0], [1, 7, 6, 2]]",1.0,2.841,1,Fairly intuitive/unconscious,Somewhat clear,Quite easy,Confident,the strategy i was using to track the Bee is puttingbthe two colour like red and green blue and purple
Qv5vvseu9np9z8inlsxd261d3Q,unconstrained,21.0,"[[0, 7, 1, 4], [5, 6, 7, 1, 4]]",0.0,4.998,1,Fairly intuitive/unconscious,Somewhat clear,Quite easy,Confident,the strategy i was using to track the Bee is puttingbthe two colour like red and green blue and purple
Qv5vvseu9np9z8inlsxd261d3Q,unconstrained,22.0,"[[7, 6, 5, 3], [5, 6, 7, 1, 4]]",1.0,2.164,0,Fairly intuitive/unconscious,Somewhat clear,Quite easy,Confident,the strategy i was using to track the Bee is puttingbthe two colour like red and green blue and purple
Qv5vvseu9np9z8inlsxd261d3Q,unconstrained,23.0,"[[0, 7, 6], [0, 7, 6, 5]]",1.0,1.465,0,Fairly intuitive/unconscious,Somewhat clear,Quite easy,Confident,the strategy i was using to track the Bee is puttingbthe two colour like red and green blue and purple
Qv5vvseu9np9z8inlsxd261d3Q,unconstrained,24.0,"[[0, 7, 6, 2], [3, 5, 6, 7, 0]]",0.0,2.392,1,Fairly intuitive/unconscious,Somewhat clear,Quite easy,Confident,the strategy i was using to track the Bee is puttingbthe two colour like red and green blue and purple
Qv5vvseu9np9z8inlsxd261d3Q,unconstrained,25.0,"[[6, 7, 1, 4], [5, 6, 2]]",1.0,2.592,1,Fairly intuitive/unconscious,Somewhat clear,Quite easy,Confident,the strategy i was using to track the Bee is puttingbthe two colour like red and green blue and purple
Qv5vvseu9np9z8inlsxd261d3Q,unconstrained,26.0,"[[2, 6, 5, 3], [5, 6, 2]]",0.0,2.436,0,Fairly intuitive/unconscious,Somewhat clear,Quite easy,Confident,the strategy i was using to track the Bee is puttingbthe two colour like red and green blue and purple
Qv5vvseu9np9z8inlsxd261d3Q,unconstrained,27.0,"[[0, 7, 6, 2], [7, 6, 5]]",1.0,2.426,1,Fairly intuitive/unconscious,Somewhat clear,Quite easy,Confident,the strategy i was using to track the Bee is puttingbthe two colour like red and green blue and purple
Qv5vvseu9np9z8inlsxd261d3Q,unconstrained,28.0,"[[6, 7, 1], [3, 5, 6, 2]]",0.0,3.151,1,Fairly intuitive/unconscious,Somewhat clear,Quite easy,Confident,the strategy i was using to track the Bee is puttingbthe two colour like red and green blue and purple
Qv5vvseu9np9z8inlsxd261d3Q,unconstrained,29.0,"[[1, 7, 0], [1, 7, 6, 2]]",0.0,3.116,1,Fairly intuitive/unconscious,Somewhat clear,Quite easy,Confident,the strategy i was using to track the Bee is puttingbthe two colour like red and green blue and purple
Qv5vvseu9np9z8inlsxd261d3Q,unconstrained,30.0,"[[0, 7, 1, 4], [4, 1, 7, 6, 2]]",1.0,6.581,0,Fairly intuitive/unconscious,Somewhat clear,Quite easy,Confident,the strategy i was using to track the Bee is puttingbthe two colour like red and green blue and purple
Qv5vvseu9np9z8inlsxd261d3Q,unconstrained,31.0,"[[5, 6, 7], [4, 1, 7, 6]]",1.0,2.215,0,Fairly intuitive/unconscious,Somewhat clear,Quite easy,Confident,the strategy i was using to track the Bee is puttingbthe two colour like red and green blue and purple
Qv5vvseu9np9z8inlsxd261d3Q,unconstrained,32.0,"[[1, 7, 0], [2, 6, 7, 1]]",0.0,3.315,1,Fairly intuitive/unconscious,Somewhat clear,Quite easy,Confident,the strategy i was using to track the Bee is puttingbthe two colour like red and green blue and purple
Qv5vvseu9np9z8inlsxd261d3Q,unconstrained,33.0,"[[5, 6, 7, 1], [2, 6, 5]]",1.0,2.122,1,Fairly intuitive/unconscious,Somewhat clear,Quite easy,Confident,the strategy i was using to track the Bee is puttingbthe two colour like red and green blue and purple
Qv5vvseu9np9z8inlsxd261d3Q,unconstrained,34.0,"[[4, 1, 7, 6], [7, 6, 2]]",0.0,3.196,0,Fairly intuitive/unconscious,Somewhat clear,Quite easy,Confident,the strategy i was using to track the Bee is puttingbthe two colour like red and green blue and purple
Qv5vvseu9np9z8inlsxd261d3Q,unconstrained,35.0,"[[1, 7, 6, 5], [1, 7, 6]]",0.0,2.655,0,Fairly intuitive/unconscious,Somewhat clear,Quite easy,Confident,the strategy i was using to track the Bee is puttingbthe two colour like red and green blue and purple
Qv5vvseu9np9z8inlsxd261d3Q,unconstrained,36.0,"[[1, 7, 6, 5], [0, 7, 1]]",0.0,3.352,0,Fairly intuitive/unconscious,Somewhat clear,Quite easy,Confident,the strategy i was using to track the Bee is puttingbthe two colour like red and green blue and purple
Qv5vvseu9np9z8inlsxd261d3Q,unconstrained,37.0,"[[0, 7, 6, 2], [0, 7, 1]]",0.0,2.699,0,Fairly intuitive/unconscious,Somewhat clear,Quite easy,Confident,the strategy i was using to track the Bee is puttingbthe two colour like red and green blue and purple
Qv5vvseu9np9z8inlsxd261d3Q,unconstrained,38.0,"[[1, 7, 6, 5, 3], [6, 7, 1, 4]]",1.0,1.965,1,Fairly intuitive/unconscious,Somewhat clear,Quite easy,Confident,the strategy i was using to track the Bee is puttingbthe two colour like red and green blue and purple
Qv5vvseu9np9z8inlsxd261d3Q,unconstrained,39.0,"[[3, 5, 6, 7], [5, 6, 7, 1, 4]]",0.0,2.003,1,Fairly intuitive/unconscious,Somewhat clear,Quite easy,Confident,the strategy i was using to track the Bee is puttingbthe two colour like red and green blue and purple
Qv5vvseu9np9z8inlsxd261d3Q,unconstrained,40.0,"[[4, 1, 7, 6, 2], [4, 1, 7, 6, 5, 3]]",0.0,2.265,1,Fairly intuitive/unconscious,Somewhat clear,Quite easy,Confident,the strategy i was using to track the Bee is puttingbthe two colour like red and green blue and purple
Qv5vvseu9np9z8inlsxd261d3Q,unconstrained,41.0,"[[0, 7, 6], [2, 6, 5, 3]]",0.0,2.665,1,Fairly intuitive/unconscious,Somewhat clear,Quite easy,Confident,the strategy i was using to track the Bee is puttingbthe two colour like red and green blue and purple
Qv5vvseu9np9z8inlsxd261d3Q,unconstrained,42.0,"[[7, 6, 5, 3], [5, 6, 2]]",1.0,1.324,1,Fairly intuitive/unconscious,Somewhat clear,Quite easy,Confident,the strategy i was using to track the Bee is puttingbthe two colour like red and green blue and purple
Qv5vvseu9np9z8inlsxd261d3Q,unconstrained,43.0,"[[1, 7, 6, 2], [7, 6, 5]]",1.0,1.758,1,Fairly intuitive/unconscious,Somewhat clear,Quite easy,Confident,the strategy i was using to track the Bee is puttingbthe two colour like red and green blue and purple
Qv5vvseu9np9z8inlsxd261d3Q,unconstrained,44.0,"[[1, 7, 6, 5], [3, 5, 6, 7, 1]]",0.0,2.328,1,Fairly intuitive/unconscious,Somewhat clear,Quite easy,Confident,the strategy i was using to track the Bee is puttingbthe two colour like red and green blue and purple
Qv5vvseu9np9z8inlsxd261d3Q,unconstrained,45.0,"[[5, 6, 2], [2, 6, 7, 1]]",0.0,5.618,1,Fairly intuitive/unconscious,Somewhat clear,Quite easy,Confident,the strategy i was using to track the Bee is puttingbthe two colour like red and green blue and purple
Qv5vvseu9np9z8inlsxd261d3Q,unconstrained,46.0,"[[0, 7, 6, 5], [1, 7, 0]]",1.0,2.205,1,Fairly intuitive/unconscious,Somewhat clear,Quite easy,Confident,the strategy i was using to track the Bee is puttingbthe two colour like red and green blue and purple
Qv5vvseu9np9z8inlsxd261d3Q,unconstrained,47.0,"[[3, 5, 6, 2], [4, 1, 7, 6, 2]]",1.0,2.391,0,Fairly intuitive/unconscious,Somewhat clear,Quite easy,Confident,the strategy i was using to track the Bee is puttingbthe two colour like red and green blue and purple
Qv5vvseu9np9z8inlsxd261d3Q,unconstrained,48.0,"[[6, 7, 1], [5, 6, 7, 0]]",1.0,2.523,0,Fairly intuitive/unconscious,Somewhat clear,Quite easy,Confident,the strategy i was using to track the Bee is puttingbthe two colour like red and green blue and purple
Qv5vvseu9np9z8inlsxd261d3Q,unconstrained,49.0,"[[2, 6, 7], [1, 7, 6, 5]]",0.0,4.006,1,Fairly intuitive/unconscious,Somewhat clear,Quite easy,Confident,the strategy i was using to track the Bee is puttingbthe two colour like red and green blue and purple
Qv5vvseu9np9z8inlsxd261d3Q,unconstrained,50.0,"[[4, 1, 7, 6], [6, 5, 3]]",1.0,1.802,1,Fairly intuitive/unconscious,Somewhat clear,Quite easy,Confident,the strategy i was using to track the Bee is puttingbthe two colour like red and green blue and purple
Qv5vvseu9np9z8inlsxd261d3Q,unconstrained,51.0,"[[2, 6, 5, 3], [3, 5, 6, 7, 1]]",0.0,3.198,1,Fairly intuitive/unconscious,Somewhat clear,Quite easy,Confident,the strategy i was using to track the Bee is puttingbthe two colour like red and green blue and purple
Qv5vvseu9np9z8inlsxd261d3Q,unconstrained,52.0,"[[1, 7, 0], [4, 1, 7, 6]]",1.0,3.35,0,Fairly intuitive/unconscious,Somewhat clear,Quite easy,Confident,the strategy i was using to track the Bee is puttingbthe two colour like red and green blue and purple
Qv5vvseu9np9z8inlsxd261d3Q,unconstrained,53.0,"[[2, 6, 7, 0], [3, 5, 6]]",0.0,7.135,0,Fairly intuitive/unconscious,Somewhat clear,Quite easy,Confident,the strategy i was using to track the Bee is puttingbthe two colour like red and green blue and purple
Qv5vvseu9np9z8inlsxd261d3Q,unconstrained,54.0,"[[1, 7, 6, 2], [1, 7, 6]]",0.0,2.013,0,Fairly intuitive/unconscious,Somewhat clear,Quite easy,Confident,the strategy i was using to track the Bee is puttingbthe two colour like red and green blue and purple
Qv5vvseu9np9z8inlsxd261d3Q,unconstrained,55.0,"[[4, 1, 7, 0], [0, 7, 6]]",1.0,2.328,1,Fairly intuitive/unconscious,Somewhat clear,Quite easy,Confident,the strategy i was using to track the Bee is puttingbthe two colour like red and green blue and purple
Qv5vvseu9np9z8inlsxd261d3Q,unconstrained,56.0,"[[1, 7, 6, 5], [4, 1, 7]]",1.0,4.214,1,Fairly intuitive/unconscious,Somewhat clear,Quite easy,Confident,the strategy i was using to track the Bee is puttingbthe two colour like red and green blue and purple
Qv5vvseu9np9z8inlsxd261d3Q,unconstrained,57.0,"[[2, 6, 7], [4, 1, 7, 0]]",0.0,1.731,1,Fairly intuitive/unconscious,Somewhat clear,Quite easy,Confident,the strategy i was using to track the Bee is puttingbthe two colour like red and green blue and purple
Qv5vvseu9np9z8inlsxd261d3Q,unconstrained,58.0,"[[5, 6, 7, 1], [7, 6, 5]]",0.0,2.75,0,Fairly intuitive/unconscious,Somewhat clear,Quite easy,Confident,the strategy i was using to track the Bee is puttingbthe two colour like red and green blue and purple
Qv5vvseu9np9z8inlsxd261d3Q,unconstrained,59.0,"[[1, 7, 6, 5], [4, 1, 7]]",0.0,1.524,0,Fairly intuitive/unconscious,Somewhat clear,Quite easy,Confident,the strategy i was using to track the Bee is puttingbthe two colour like red and green blue and purple
Qv5vvseu9np9z8inlsxd261d3Q,unconstrained,60.0,"[[7, 6, 5], [4, 1, 7, 0]]",0.0,1.766,1,Fairly intuitive/unconscious,Somewhat clear,Quite easy,Confident,the strategy i was using to track the Bee is puttingbthe two colour like red and green blue and purple
Qv5vvseu9np9z8inlsxd261d3Q,unconstrained,61.0,"[[1, 7, 6, 2], [4, 1, 7]]",1.0,1.283,1,Fairly intuitive/unconscious,Somewhat clear,Quite easy,Confident,the strategy i was using to track the Bee is puttingbthe two colour like red and green blue and purple
Qv5vvseu9np9z8inlsxd261d3Q,unconstrained,62.0,"[[5, 6, 7], [2, 6, 5, 3]]",1.0,2.125,0,Fairly intuitive/unconscious,Somewhat clear,Quite easy,Confident,the strategy i was using to track the Bee is puttingbthe two colour like red and green blue and purple
Qv5vvseu9np9z8inlsxd261d3Q,unconstrained,63.0,"[[0, 7, 1], [3, 5, 6, 2]]",1.0,1.147,0,Fairly intuitive/unconscious,Somewhat clear,Quite easy,Confident,the strategy i was using to track the Bee is puttingbthe two colour like red and green blue and purple
Qv5vvseu9np9z8inlsxd261d3Q,unconstrained,64.0,"[[0, 7, 1, 4], [6, 7, 1]]",1.0,2.941,1,Fairly intuitive/unconscious,Somewhat clear,Quite easy,Confident,the strategy i was using to track the Bee is puttingbthe two colour like red and green blue and purple
Qvnfywrezdv7dqywuiksnv6nsQ,unconstrained,0.0,"[[3, 5, 6, 2], [2, 6, 7, 1, 4]]",1.0,40.295,0,Fully conscious/deliberative,Somewhat clear,Quite hard,Confident,"I tried to related the patterns or what you called the known pairs to things I see in real life like in my room or class or so. For example, the pair red-green is found in my country's flag so it was easy to remember"
Qvnfywrezdv7dqywuiksnv6nsQ,unconstrained,1.0,"[[3, 5, 6, 7, 0], [6, 7, 1, 4]]",1.0,32.298,1,Fully conscious/deliberative,Somewhat clear,Quite hard,Confident,"I tried to related the patterns or what you called the known pairs to things I see in real life like in my room or class or so. For example, the pair red-green is found in my country's flag so it was easy to remember"
Qvnfywrezdv7dqywuiksnv6nsQ,unconstrained,2.0,"[[1, 7, 6, 2], [6, 5, 3]]",1.0,21.898,1,Fully conscious/deliberative,Somewhat clear,Quite hard,Confident,"I tried to related the patterns or what you called the known pairs to things I see in real life like in my room or class or so. For example, the pair red-green is found in my country's flag so it was easy to remember"
Qvnfywrezdv7dqywuiksnv6nsQ,unconstrained,3.0,"[[0, 7, 6, 5], [1, 7, 6]]",1.0,21.46,1,Fully conscious/deliberative,Somewhat clear,Quite hard,Confident,"I tried to related the patterns or what you called the known pairs to things I see in real life like in my room or class or so. For example, the pair red-green is found in my country's flag so it was easy to remember"
Qvnfywrezdv7dqywuiksnv6nsQ,unconstrained,4.0,"[[0, 7, 6, 5], [0, 7, 1]]",1.0,21.362,1,Fully conscious/deliberative,Somewhat clear,Quite hard,Confident,"I tried to related the patterns or what you called the known pairs to things I see in real life like in my room or class or so. For example, the pair red-green is found in my country's flag so it was easy to remember"
Qvnfywrezdv7dqywuiksnv6nsQ,unconstrained,5.0,"[[1, 7, 0], [2, 6, 7, 1]]",1.0,25.512,0,Fully conscious/deliberative,Somewhat clear,Quite hard,Confident,"I tried to related the patterns or what you called the known pairs to things I see in real life like in my room or class or so. For example, the pair red-green is found in my country's flag so it was easy to remember"
Qvnfywrezdv7dqywuiksnv6nsQ,unconstrained,6.0,"[[5, 6, 7, 1, 4], [7, 6, 5, 3]]",1.0,25.191,1,Fully conscious/deliberative,Somewhat clear,Quite hard,Confident,"I tried to related the patterns or what you called the known pairs to things I see in real life like in my room or class or so. For example, the pair red-green is found in my country's flag so it was easy to remember"
Qvnfywrezdv7dqywuiksnv6nsQ,unconstrained,7.0,"[[0, 7, 1, 4], [4, 1, 7, 6, 2]]",1.0,28.97,0,Fully conscious/deliberative,Somewhat clear,Quite hard,Confident,"I tried to related the patterns or what you called the known pairs to things I see in real life like in my room or class or so. For example, the pair red-green is found in my country's flag so it was easy to remember"
Qvnfywrezdv7dqywuiksnv6nsQ,unconstrained,8.0,"[[3, 5, 6, 2], [5, 6, 7]]",1.0,19.137,1,Fully conscious/deliberative,Somewhat clear,Quite hard,Confident,"I tried to related the patterns or what you called the known pairs to things I see in real life like in my room or class or so. For example, the pair red-green is found in my country's flag so it was easy to remember"
Qvnfywrezdv7dqywuiksnv6nsQ,unconstrained,9.0,"[[0, 7, 6, 2], [4, 1, 7]]",1.0,11.732,1,Fully conscious/deliberative,Somewhat clear,Quite hard,Confident,"I tried to related the patterns or what you called the known pairs to things I see in real life like in my room or class or so. For example, the pair red-green is found in my country's flag so it was easy to remember"
Qvnfywrezdv7dqywuiksnv6nsQ,unconstrained,10.0,"[[2, 6, 5], [1, 7, 6, 5]]",1.0,20.04,0,Fully conscious/deliberative,Somewhat clear,Quite hard,Confident,"I tried to related the patterns or what you called the known pairs to things I see in real life like in my room or class or so. For example, the pair red-green is found in my country's flag so it was easy to remember"
Qvnfywrezdv7dqywuiksnv6nsQ,unconstrained,11.0,"[[7, 6, 5, 3], [4, 1, 7, 6, 5]]",1.0,42.648,0,Fully conscious/deliberative,Somewhat clear,Quite hard,Confident,"I tried to related the patterns or what you called the known pairs to things I see in real life like in my room or class or so. For example, the pair red-green is found in my country's flag so it was easy to remember"
Qvnfywrezdv7dqywuiksnv6nsQ,unconstrained,12.0,"[[6, 5, 3], [1, 7, 6, 5]]",1.0,16.123,0,Fully conscious/deliberative,Somewhat clear,Quite hard,Confident,"I tried to related the patterns or what you called the known pairs to things I see in real life like in my room or class or so. For example, the pair red-green is found in my country's flag so it was easy to remember"
Qvnfywrezdv7dqywuiksnv6nsQ,unconstrained,13.0,"[[1, 7, 6, 5, 3], [2, 6, 5, 3]]",1.0,19.001,1,Fully conscious/deliberative,Somewhat clear,Quite hard,Confident,"I tried to related the patterns or what you called the known pairs to things I see in real life like in my room or class or so. For example, the pair red-green is found in my country's flag so it was easy to remember"
Qvnfywrezdv7dqywuiksnv6nsQ,unconstrained,14.0,"[[2, 6, 7, 1], [1, 7, 6]]",1.0,13.743,1,Fully conscious/deliberative,Somewhat clear,Quite hard,Confident,"I tried to related the patterns or what you called the known pairs to things I see in real life like in my room or class or so. For example, the pair red-green is found in my country's flag so it was easy to remember"
Qvnfywrezdv7dqywuiksnv6nsQ,unconstrained,15.0,"[[2, 6, 7, 1, 4], [3, 5, 6, 7, 1, 4]]",1.0,22.595,0,Fully conscious/deliberative,Somewhat clear,Quite hard,Confident,"I tried to related the patterns or what you called the known pairs to things I see in real life like in my room or class or so. For example, the pair red-green is found in my country's flag so it was easy to remember"
Qvnfywrezdv7dqywuiksnv6nsQ,unconstrained,16.0,"[[4, 1, 7, 6], [6, 5, 3]]",1.0,12.874,1,Fully conscious/deliberative,Somewhat clear,Quite hard,Confident,"I tried to related the patterns or what you called the known pairs to things I see in real life like in my room or class or so. For example, the pair red-green is found in my country's flag so it was easy to remember"
Qvnfywrezdv7dqywuiksnv6nsQ,unconstrained,17.0,"[[7, 6, 2], [5, 6, 7, 1]]",1.0,13.873,0,Fully conscious/deliberative,Somewhat clear,Quite hard,Confident,"I tried to related the patterns or what you called the known pairs to things I see in real life like in my room or class or so. For example, the pair red-green is found in my country's flag so it was easy to remember"
Qvnfywrezdv7dqywuiksnv6nsQ,unconstrained,18.0,"[[1, 7, 6, 2], [3, 5, 6, 7, 0]]",1.0,17.365,0,Fully conscious/deliberative,Somewhat clear,Quite hard,Confident,"I tried to related the patterns or what you called the known pairs to things I see in real life like in my room or class or so. For example, the pair red-green is found in my country's flag so it was easy to remember"
Qvnfywrezdv7dqywuiksnv6nsQ,unconstrained,19.0,"[[7, 6, 5, 3], [7, 6, 2]]",1.0,14.711,1,Fully conscious/deliberative,Somewhat clear,Quite hard,Confident,"I tried to related the patterns or what you called the known pairs to things I see in real life like in my room or class or so. For example, the pair red-green is found in my country's flag so it was easy to remember"
Qvnfywrezdv7dqywuiksnv6nsQ,unconstrained,20.0,"[[0, 7, 6], [0, 7, 6, 5]]",1.0,12.553,0,Fully conscious/deliberative,Somewhat clear,Quite hard,Confident,"I tried to related the patterns or what you called the known pairs to things I see in real life like in my room or class or so. For example, the pair red-green is found in my country's flag so it was easy to remember"
Qvnfywrezdv7dqywuiksnv6nsQ,unconstrained,21.0,"[[0, 7, 1, 4], [7, 6, 5]]",1.0,12.149,1,Fully conscious/deliberative,Somewhat clear,Quite hard,Confident,"I tried to related the patterns or what you called the known pairs to things I see in real life like in my room or class or so. For example, the pair red-green is found in my country's flag so it was easy to remember"
Qvnfywrezdv7dqywuiksnv6nsQ,unconstrained,22.0,"[[6, 7, 1], [4, 1, 7, 0]]",1.0,15.957,0,Fully conscious/deliberative,Somewhat clear,Quite hard,Confident,"I tried to related the patterns or what you called the known pairs to things I see in real life like in my room or class or so. For example, the pair red-green is found in my country's flag so it was easy to remember"
Qvnfywrezdv7dqywuiksnv6nsQ,unconstrained,23.0,"[[5, 6, 7, 0], [2, 6, 5]]",1.0,19.655,1,Fully conscious/deliberative,Somewhat clear,Quite hard,Confident,"I tried to related the patterns or what you called the known pairs to things I see in real life like in my room or class or so. For example, the pair red-green is found in my country's flag so it was easy to remember"
Qvnfywrezdv7dqywuiksnv6nsQ,unconstrained,24.0,"[[2, 6, 5], [6, 7, 1, 4]]",1.0,10.111,0,Fully conscious/deliberative,Somewhat clear,Quite hard,Confident,"I tried to related the patterns or what you called the known pairs to things I see in real life like in my room or class or so. For example, the pair red-green is found in my country's flag so it was easy to remember"
Qvnfywrezdv7dqywuiksnv6nsQ,unconstrained,25.0,"[[0, 7, 6], [0, 7, 1, 4]]",1.0,8.121,0,Fully conscious/deliberative,Somewhat clear,Quite hard,Confident,"I tried to related the patterns or what you called the known pairs to things I see in real life like in my room or class or so. For example, the pair red-green is found in my country's flag so it was easy to remember"
Qvnfywrezdv7dqywuiksnv6nsQ,unconstrained,26.0,"[[4, 1, 7, 0], [4, 1, 7, 6, 5]]",1.0,11.563,0,Fully conscious/deliberative,Somewhat clear,Quite hard,Confident,"I tried to related the patterns or what you called the known pairs to things I see in real life like in my room or class or so. For example, the pair red-green is found in my country's flag so it was easy to remember"
Qvnfywrezdv7dqywuiksnv6nsQ,unconstrained,27.0,"[[7, 1, 4], [2, 6, 7, 1]]",1.0,8.945,0,Fully conscious/deliberative,Somewhat clear,Quite hard,Confident,"I tried to related the patterns or what you called the known pairs to things I see in real life like in my room or class or so. For example, the pair red-green is found in my country's flag so it was easy to remember"
Qvnfywrezdv7dqywuiksnv6nsQ,unconstrained,28.0,"[[6, 7, 1, 4], [3, 5, 6]]",1.0,12.721,1,Fully conscious/deliberative,Somewhat clear,Quite hard,Confident,"I tried to related the patterns or what you called the known pairs to things I see in real life like in my room or class or so. For example, the pair red-green is found in my country's flag so it was easy to remember"
Qvnfywrezdv7dqywuiksnv6nsQ,unconstrained,29.0,"[[5, 6, 7, 1], [6, 7, 1]]",1.0,13.646,1,Fully conscious/deliberative,Somewhat clear,Quite hard,Confident,"I tried to related the patterns or what you called the known pairs to things I see in real life like in my room or class or so. For example, the pair red-green is found in my country's flag so it was easy to remember"
Qvnfywrezdv7dqywuiksnv6nsQ,unconstrained,30.0,"[[4, 1, 7, 6, 2], [0, 7, 6, 5]]",1.0,15.295,1,Fully conscious/deliberative,Somewhat clear,Quite hard,Confident,"I tried to related the patterns or what you called the known pairs to things I see in real life like in my room or class or so. For example, the pair red-green is found in my country's flag so it was easy to remember"
Qvnfywrezdv7dqywuiksnv6nsQ,unconstrained,31.0,"[[7, 1, 4], [1, 7, 6, 5]]",1.0,9.398,0,Fully conscious/deliberative,Somewhat clear,Quite hard,Confident,"I tried to related the patterns or what you called the known pairs to things I see in real life like in my room or class or so. For example, the pair red-green is found in my country's flag so it was easy to remember"
Qvnfywrezdv7dqywuiksnv6nsQ,unconstrained,32.0,"[[5, 6, 2], [3, 5, 6, 7]]",1.0,10.937,0,Fully conscious/deliberative,Somewhat clear,Quite hard,Confident,"I tried to related the patterns or what you called the known pairs to things I see in real life like in my room or class or so. For example, the pair red-green is found in my country's flag so it was easy to remember"
Qvnfywrezdv7dqywuiksnv6nsQ,unconstrained,33.0,"[[2, 6, 5, 3], [5, 6, 2]]",1.0,13.061,1,Fully conscious/deliberative,Somewhat clear,Quite hard,Confident,"I tried to related the patterns or what you called the known pairs to things I see in real life like in my room or class or so. For example, the pair red-green is found in my country's flag so it was easy to remember"
Qvnfywrezdv7dqywuiksnv6nsQ,unconstrained,34.0,"[[1, 7, 6, 5], [0, 7, 1]]",1.0,18.275,1,Fully conscious/deliberative,Somewhat clear,Quite hard,Confident,"I tried to related the patterns or what you called the known pairs to things I see in real life like in my room or class or so. For example, the pair red-green is found in my country's flag so it was easy to remember"
Qvnfywrezdv7dqywuiksnv6nsQ,unconstrained,35.0,"[[0, 7, 1], [2, 6, 7, 0]]",1.0,9.304,0,Fully conscious/deliberative,Somewhat clear,Quite hard,Confident,"I tried to related the patterns or what you called the known pairs to things I see in real life like in my room or class or so. For example, the pair red-green is found in my country's flag so it was easy to remember"
Qvnfywrezdv7dqywuiksnv6nsQ,unconstrained,36.0,"[[0, 7, 1], [2, 6, 7, 1]]",1.0,10.565,0,Fully conscious/deliberative,Somewhat clear,Quite hard,Confident,"I tried to related the patterns or what you called the known pairs to things I see in real life like in my room or class or so. For example, the pair red-green is found in my country's flag so it was easy to remember"
Qvnfywrezdv7dqywuiksnv6nsQ,unconstrained,37.0,"[[1, 7, 6, 5], [7, 6, 5]]",1.0,11.395,1,Fully conscious/deliberative,Somewhat clear,Quite hard,Confident,"I tried to related the patterns or what you called the known pairs to things I see in real life like in my room or class or so. For example, the pair red-green is found in my country's flag so it was easy to remember"
Qvnfywrezdv7dqywuiksnv6nsQ,unconstrained,38.0,"[[6, 7, 1, 4], [7, 6, 2]]",1.0,12.995,1,Fully conscious/deliberative,Somewhat clear,Quite hard,Confident,"I tried to related the patterns or what you called the known pairs to things I see in real life like in my room or class or so. For example, the pair red-green is found in my country's flag so it was easy to remember"
Qvnfywrezdv7dqywuiksnv6nsQ,unconstrained,39.0,"[[0, 7, 6, 5], [7, 6, 5]]",1.0,11.601,1,Fully conscious/deliberative,Somewhat clear,Quite hard,Confident,"I tried to related the patterns or what you called the known pairs to things I see in real life like in my room or class or so. For example, the pair red-green is found in my country's flag so it was easy to remember"
Qvnfywrezdv7dqywuiksnv6nsQ,unconstrained,40.0,"[[4, 1, 7, 0], [2, 6, 5]]",1.0,12.06,1,Fully conscious/deliberative,Somewhat clear,Quite hard,Confident,"I tried to related the patterns or what you called the known pairs to things I see in real life like in my room or class or so. For example, the pair red-green is found in my country's flag so it was easy to remember"
Qvnfywrezdv7dqywuiksnv6nsQ,unconstrained,41.0,"[[0, 7, 6, 2], [7, 6, 5]]",1.0,12.452,1,Fully conscious/deliberative,Somewhat clear,Quite hard,Confident,"I tried to related the patterns or what you called the known pairs to things I see in real life like in my room or class or so. For example, the pair red-green is found in my country's flag so it was easy to remember"
Qvnfywrezdv7dqywuiksnv6nsQ,unconstrained,42.0,"[[7, 1, 4], [0, 7, 6, 5]]",1.0,13.765,0,Fully conscious/deliberative,Somewhat clear,Quite hard,Confident,"I tried to related the patterns or what you called the known pairs to things I see in real life like in my room or class or so. For example, the pair red-green is found in my country's flag so it was easy to remember"
Qvnfywrezdv7dqywuiksnv6nsQ,unconstrained,43.0,"[[6, 7, 1, 4], [1, 7, 0]]",1.0,8.946,1,Fully conscious/deliberative,Somewhat clear,Quite hard,Confident,"I tried to related the patterns or what you called the known pairs to things I see in real life like in my room or class or so. For example, the pair red-green is found in my country's flag so it was easy to remember"
Qvnfywrezdv7dqywuiksnv6nsQ,unconstrained,44.0,"[[1, 7, 6, 5, 3], [4, 1, 7, 6]]",1.0,14.199,1,Fully conscious/deliberative,Somewhat clear,Quite hard,Confident,"I tried to related the patterns or what you called the known pairs to things I see in real life like in my room or class or so. For example, the pair red-green is found in my country's flag so it was easy to remember"
Qvnfywrezdv7dqywuiksnv6nsQ,unconstrained,45.0,"[[3, 5, 6, 7, 1], [1, 7, 6, 5]]",1.0,23.603,1,Fully conscious/deliberative,Somewhat clear,Quite hard,Confident,"I tried to related the patterns or what you called the known pairs to things I see in real life like in my room or class or so. For example, the pair red-green is found in my country's flag so it was easy to remember"
Qvnfywrezdv7dqywuiksnv6nsQ,unconstrained,46.0,"[[0, 7, 6, 2], [3, 5, 6]]",1.0,11.513,1,Fully conscious/deliberative,Somewhat clear,Quite hard,Confident,"I tried to related the patterns or what you called the known pairs to things I see in real life like in my room or class or so. For example, the pair red-green is found in my country's flag so it was easy to remember"
Qvnfywrezdv7dqywuiksnv6nsQ,unconstrained,47.0,"[[0, 7, 1, 4], [7, 6, 2]]",1.0,10.834,1,Fully conscious/deliberative,Somewhat clear,Quite hard,Confident,"I tried to related the patterns or what you called the known pairs to things I see in real life like in my room or class or so. For example, the pair red-green is found in my country's flag so it was easy to remember"
Qvnfywrezdv7dqywuiksnv6nsQ,unconstrained,48.0,"[[2, 6, 7, 1], [7, 1, 4]]",1.0,8.954,1,Fully conscious/deliberative,Somewhat clear,Quite hard,Confident,"I tried to related the patterns or what you called the known pairs to things I see in real life like in my room or class or so. For example, the pair red-green is found in my country's flag so it was easy to remember"
Qvnfywrezdv7dqywuiksnv6nsQ,unconstrained,49.0,"[[2, 6, 7, 1], [3, 5, 6, 7, 1]]",1.0,16.814,0,Fully conscious/deliberative,Somewhat clear,Quite hard,Confident,"I tried to related the patterns or what you called the known pairs to things I see in real life like in my room or class or so. For example, the pair red-green is found in my country's flag so it was easy to remember"
Qvnfywrezdv7dqywuiksnv6nsQ,unconstrained,50.0,"[[7, 6, 2], [4, 1, 7, 0]]",1.0,20.766,0,Fully conscious/deliberative,Somewhat clear,Quite hard,Confident,"I tried to related the patterns or what you called the known pairs to things I see in real life like in my room or class or so. For example, the pair red-green is found in my country's flag so it was easy to remember"
Qvnfywrezdv7dqywuiksnv6nsQ,unconstrained,51.0,"[[7, 6, 2], [1, 7, 6, 2]]",1.0,24.135,0,Fully conscious/deliberative,Somewhat clear,Quite hard,Confident,"I tried to related the patterns or what you called the known pairs to things I see in real life like in my room or class or so. For example, the pair red-green is found in my country's flag so it was easy to remember"
Qvnfywrezdv7dqywuiksnv6nsQ,unconstrained,52.0,"[[2, 6, 7, 1], [2, 6, 5]]",1.0,10.506,1,Fully conscious/deliberative,Somewhat clear,Quite hard,Confident,"I tried to related the patterns or what you called the known pairs to things I see in real life like in my room or class or so. For example, the pair red-green is found in my country's flag so it was easy to remember"
Qvnfywrezdv7dqywuiksnv6nsQ,unconstrained,53.0,"[[0, 7, 1], [3, 5, 6, 2]]",1.0,8.024,0,Fully conscious/deliberative,Somewhat clear,Quite hard,Confident,"I tried to related the patterns or what you called the known pairs to things I see in real life like in my room or class or so. For example, the pair red-green is found in my country's flag so it was easy to remember"
Qvnfywrezdv7dqywuiksnv6nsQ,unconstrained,54.0,"[[7, 6, 5, 3], [4, 1, 7, 6, 2]]",1.0,14.395,0,Fully conscious/deliberative,Somewhat clear,Quite hard,Confident,"I tried to related the patterns or what you called the known pairs to things I see in real life like in my room or class or so. For example, the pair red-green is found in my country's flag so it was easy to remember"
Qvnfywrezdv7dqywuiksnv6nsQ,unconstrained,55.0,"[[0, 7, 1, 4], [3, 5, 6]]",1.0,10.485,1,Fully conscious/deliberative,Somewhat clear,Quite hard,Confident,"I tried to related the patterns or what you called the known pairs to things I see in real life like in my room or class or so. For example, the pair red-green is found in my country's flag so it was easy to remember"
Qvnfywrezdv7dqywuiksnv6nsQ,unconstrained,56.0,"[[3, 5, 6, 7, 0], [2, 6, 7, 0]]",1.0,18.087,1,Fully conscious/deliberative,Somewhat clear,Quite hard,Confident,"I tried to related the patterns or what you called the known pairs to things I see in real life like in my room or class or so. For example, the pair red-green is found in my country's flag so it was easy to remember"
Qvnfywrezdv7dqywuiksnv6nsQ,unconstrained,57.0,"[[2, 6, 7], [6, 7, 1, 4]]",1.0,14.93,0,Fully conscious/deliberative,Somewhat clear,Quite hard,Confident,"I tried to related the patterns or what you called the known pairs to things I see in real life like in my room or class or so. For example, the pair red-green is found in my country's flag so it was easy to remember"
Qvnfywrezdv7dqywuiksnv6nsQ,unconstrained,58.0,"[[4, 1, 7, 6], [5, 6, 7]]",1.0,14.33,1,Fully conscious/deliberative,Somewhat clear,Quite hard,Confident,"I tried to related the patterns or what you called the known pairs to things I see in real life like in my room or class or so. For example, the pair red-green is found in my country's flag so it was easy to remember"
Qvnfywrezdv7dqywuiksnv6nsQ,unconstrained,59.0,"[[3, 5, 6, 2], [6, 7, 1]]",1.0,10.78,1,Fully conscious/deliberative,Somewhat clear,Quite hard,Confident,"I tried to related the patterns or what you called the known pairs to things I see in real life like in my room or class or so. For example, the pair red-green is found in my country's flag so it was easy to remember"
Qvnfywrezdv7dqywuiksnv6nsQ,unconstrained,60.0,"[[7, 6, 5], [2, 6, 7, 1]]",1.0,9.924,0,Fully conscious/deliberative,Somewhat clear,Quite hard,Confident,"I tried to related the patterns or what you called the known pairs to things I see in real life like in my room or class or so. For example, the pair red-green is found in my country's flag so it was easy to remember"
Qvnfywrezdv7dqywuiksnv6nsQ,unconstrained,61.0,"[[6, 7, 0], [2, 6, 5, 3]]",1.0,14.543,0,Fully conscious/deliberative,Somewhat clear,Quite hard,Confident,"I tried to related the patterns or what you called the known pairs to things I see in real life like in my room or class or so. For example, the pair red-green is found in my country's flag so it was easy to remember"
Qvnfywrezdv7dqywuiksnv6nsQ,unconstrained,62.0,"[[1, 7, 6, 5], [7, 1, 4]]",1.0,9.138,1,Fully conscious/deliberative,Somewhat clear,Quite hard,Confident,"I tried to related the patterns or what you called the known pairs to things I see in real life like in my room or class or so. For example, the pair red-green is found in my country's flag so it was easy to remember"
Qvnfywrezdv7dqywuiksnv6nsQ,unconstrained,63.0,"[[5, 6, 7, 1, 4], [4, 1, 7, 6]]",1.0,12.258,1,Fully conscious/deliberative,Somewhat clear,Quite hard,Confident,"I tried to related the patterns or what you called the known pairs to things I see in real life like in my room or class or so. For example, the pair red-green is found in my country's flag so it was easy to remember"
Qvnfywrezdv7dqywuiksnv6nsQ,unconstrained,64.0,"[[3, 5, 6, 2], [7, 1, 4]]",1.0,12.476,1,Fully conscious/deliberative,Somewhat clear,Quite hard,Confident,"I tried to related the patterns or what you called the known pairs to things I see in real life like in my room or class or so. For example, the pair red-green is found in my country's flag so it was easy to remember"
Qx5jlbaptoa196ahbqlmo3hn1Q,unconstrained,0.0,"[[6, 7, 1], [2, 6, 5, 3]]",1.0,7.77,0,Fairly conscious/deliberative,Fully clear,Quite hard,Rather unconfident,I tried to remember which colours could go in the middle of the pairs.
Qx5jlbaptoa196ahbqlmo3hn1Q,unconstrained,1.0,"[[2, 6, 5, 3], [4, 1, 7]]",1.0,4.323,1,Fairly conscious/deliberative,Fully clear,Quite hard,Rather unconfident,I tried to remember which colours could go in the middle of the pairs.
Qx5jlbaptoa196ahbqlmo3hn1Q,unconstrained,2.0,"[[5, 6, 7, 0], [4, 1, 7, 6, 2]]",1.0,7.55,0,Fairly conscious/deliberative,Fully clear,Quite hard,Rather unconfident,I tried to remember which colours could go in the middle of the pairs.
Qx5jlbaptoa196ahbqlmo3hn1Q,unconstrained,3.0,"[[0, 7, 1], [2, 6, 7, 1]]",1.0,3.879,0,Fairly conscious/deliberative,Fully clear,Quite hard,Rather unconfident,I tried to remember which colours could go in the middle of the pairs.
Qx5jlbaptoa196ahbqlmo3hn1Q,unconstrained,4.0,"[[0, 7, 1, 4], [6, 7, 1]]",1.0,5.203,1,Fairly conscious/deliberative,Fully clear,Quite hard,Rather unconfident,I tried to remember which colours could go in the middle of the pairs.
Qx5jlbaptoa196ahbqlmo3hn1Q,unconstrained,5.0,"[[2, 6, 5], [0, 7, 6, 5]]",1.0,5.176,0,Fairly conscious/deliberative,Fully clear,Quite hard,Rather unconfident,I tried to remember which colours could go in the middle of the pairs.
Qx5jlbaptoa196ahbqlmo3hn1Q,unconstrained,6.0,"[[0, 7, 6, 2], [0, 7, 1]]",1.0,3.143,1,Fairly conscious/deliberative,Fully clear,Quite hard,Rather unconfident,I tried to remember which colours could go in the middle of the pairs.
Qx5jlbaptoa196ahbqlmo3hn1Q,unconstrained,7.0,"[[4, 1, 7, 6, 2], [3, 5, 6, 2]]",0.0,2.567,0,Fairly conscious/deliberative,Fully clear,Quite hard,Rather unconfident,I tried to remember which colours could go in the middle of the pairs.
Qx5jlbaptoa196ahbqlmo3hn1Q,unconstrained,8.0,"[[4, 1, 7, 0], [5, 6, 2]]",0.0,37.217,0,Fairly conscious/deliberative,Fully clear,Quite hard,Rather unconfident,I tried to remember which colours could go in the middle of the pairs.
Qx5jlbaptoa196ahbqlmo3hn1Q,unconstrained,9.0,"[[1, 7, 6, 5], [7, 1, 4]]",1.0,3.919,1,Fairly conscious/deliberative,Fully clear,Quite hard,Rather unconfident,I tried to remember which colours could go in the middle of the pairs.
Qx5jlbaptoa196ahbqlmo3hn1Q,unconstrained,10.0,"[[6, 7, 0], [3, 5, 6, 2]]",1.0,2.441,0,Fairly conscious/deliberative,Fully clear,Quite hard,Rather unconfident,I tried to remember which colours could go in the middle of the pairs.
Qx5jlbaptoa196ahbqlmo3hn1Q,unconstrained,11.0,"[[2, 6, 7], [4, 1, 7, 6]]",1.0,3.101,0,Fairly conscious/deliberative,Fully clear,Quite hard,Rather unconfident,I tried to remember which colours could go in the middle of the pairs.
Qx5jlbaptoa196ahbqlmo3hn1Q,unconstrained,12.0,"[[3, 5, 6, 7], [2, 6, 7]]",0.0,3.44,0,Fairly conscious/deliberative,Fully clear,Quite hard,Rather unconfident,I tried to remember which colours could go in the middle of the pairs.
Qx5jlbaptoa196ahbqlmo3hn1Q,unconstrained,13.0,"[[6, 7, 1, 4], [0, 7, 1]]",1.0,8.288,1,Fairly conscious/deliberative,Fully clear,Quite hard,Rather unconfident,I tried to remember which colours could go in the middle of the pairs.
Qx5jlbaptoa196ahbqlmo3hn1Q,unconstrained,14.0,"[[2, 6, 7, 0], [0, 7, 6, 5, 3]]",1.0,4.573,0,Fairly conscious/deliberative,Fully clear,Quite hard,Rather unconfident,I tried to remember which colours could go in the middle of the pairs.
Qx5jlbaptoa196ahbqlmo3hn1Q,unconstrained,15.0,"[[2, 6, 7], [0, 7, 1, 4]]",0.0,4.603,1,Fairly conscious/deliberative,Fully clear,Quite hard,Rather unconfident,I tried to remember which colours could go in the middle of the pairs.
Qx5jlbaptoa196ahbqlmo3hn1Q,unconstrained,16.0,"[[7, 1, 4], [0, 7, 6, 5]]",1.0,3.559,0,Fairly conscious/deliberative,Fully clear,Quite hard,Rather unconfident,I tried to remember which colours could go in the middle of the pairs.
Qx5jlbaptoa196ahbqlmo3hn1Q,unconstrained,17.0,"[[4, 1, 7, 0], [5, 6, 7]]",0.0,7.969,0,Fairly conscious/deliberative,Fully clear,Quite hard,Rather unconfident,I tried to remember which colours could go in the middle of the pairs.
Qx5jlbaptoa196ahbqlmo3hn1Q,unconstrained,18.0,"[[0, 7, 1], [0, 7, 6, 5]]",0.0,1.629,1,Fairly conscious/deliberative,Fully clear,Quite hard,Rather unconfident,I tried to remember which colours could go in the middle of the pairs.
Qx5jlbaptoa196ahbqlmo3hn1Q,unconstrained,19.0,"[[0, 7, 1, 4], [6, 7, 0]]",1.0,3.317,1,Fairly conscious/deliberative,Fully clear,Quite hard,Rather unconfident,I tried to remember which colours could go in the middle of the pairs.
Qx5jlbaptoa196ahbqlmo3hn1Q,unconstrained,20.0,"[[5, 6, 7, 1], [7, 6, 5]]",0.0,2.407,0,Fairly conscious/deliberative,Fully clear,Quite hard,Rather unconfident,I tried to remember which colours could go in the middle of the pairs.
Qx5jlbaptoa196ahbqlmo3hn1Q,unconstrained,21.0,"[[3, 5, 6, 2], [3, 5, 6, 7, 1]]",1.0,6.714,0,Fairly conscious/deliberative,Fully clear,Quite hard,Rather unconfident,I tried to remember which colours could go in the middle of the pairs.
Qx5jlbaptoa196ahbqlmo3hn1Q,unconstrained,22.0,"[[5, 6, 7], [2, 6, 7, 0]]",1.0,3.619,0,Fairly conscious/deliberative,Fully clear,Quite hard,Rather unconfident,I tried to remember which colours could go in the middle of the pairs.
Qx5jlbaptoa196ahbqlmo3hn1Q,unconstrained,23.0,"[[6, 7, 1, 4], [1, 7, 6, 5, 3]]",1.0,5.835,0,Fairly conscious/deliberative,Fully clear,Quite hard,Rather unconfident,I tried to remember which colours could go in the middle of the pairs.
Qx5jlbaptoa196ahbqlmo3hn1Q,unconstrained,24.0,"[[2, 6, 7], [5, 6, 7, 1]]",0.0,5.496,1,Fairly conscious/deliberative,Fully clear,Quite hard,Rather unconfident,I tried to remember which colours could go in the middle of the pairs.
Qx5jlbaptoa196ahbqlmo3hn1Q,unconstrained,25.0,"[[0, 7, 6, 5], [5, 6, 7]]",0.0,3.673,0,Fairly conscious/deliberative,Fully clear,Quite hard,Rather unconfident,I tried to remember which colours could go in the middle of the pairs.
Qx5jlbaptoa196ahbqlmo3hn1Q,unconstrained,26.0,"[[2, 6, 7, 1, 4], [4, 1, 7, 6, 5, 3]]",1.0,5.252,0,Fairly conscious/deliberative,Fully clear,Quite hard,Rather unconfident,I tried to remember which colours could go in the middle of the pairs.
Qx5jlbaptoa196ahbqlmo3hn1Q,unconstrained,27.0,"[[3, 5, 6], [0, 7, 1, 4]]",1.0,13.548,0,Fairly conscious/deliberative,Fully clear,Quite hard,Rather unconfident,I tried to remember which colours could go in the middle of the pairs.
Qx5jlbaptoa196ahbqlmo3hn1Q,unconstrained,28.0,"[[4, 1, 7, 6], [7, 6, 2]]",0.0,5.571,0,Fairly conscious/deliberative,Fully clear,Quite hard,Rather unconfident,I tried to remember which colours could go in the middle of the pairs.
Qx5jlbaptoa196ahbqlmo3hn1Q,unconstrained,29.0,"[[5, 6, 7, 1], [3, 5, 6, 7, 1]]",1.0,1.665,0,Fairly conscious/deliberative,Fully clear,Quite hard,Rather unconfident,I tried to remember which colours could go in the middle of the pairs.
Qx5jlbaptoa196ahbqlmo3hn1Q,unconstrained,30.0,"[[3, 5, 6], [6, 7, 1, 4]]",1.0,5.662,0,Fairly conscious/deliberative,Fully clear,Quite hard,Rather unconfident,I tried to remember which colours could go in the middle of the pairs.
Qx5jlbaptoa196ahbqlmo3hn1Q,unconstrained,31.0,"[[5, 6, 2], [6, 7, 1, 4]]",1.0,4.842,0,Fairly conscious/deliberative,Fully clear,Quite hard,Rather unconfident,I tried to remember which colours could go in the middle of the pairs.
Qx5jlbaptoa196ahbqlmo3hn1Q,unconstrained,32.0,"[[1, 7, 6, 2], [7, 6, 2]]",0.0,3.184,0,Fairly conscious/deliberative,Fully clear,Quite hard,Rather unconfident,I tried to remember which colours could go in the middle of the pairs.
Qx5jlbaptoa196ahbqlmo3hn1Q,unconstrained,33.0,"[[3, 5, 6, 2], [0, 7, 1]]",1.0,7.393,1,Fairly conscious/deliberative,Fully clear,Quite hard,Rather unconfident,I tried to remember which colours could go in the middle of the pairs.
Qx5jlbaptoa196ahbqlmo3hn1Q,unconstrained,34.0,"[[1, 7, 6, 2], [4, 1, 7]]",1.0,6.695,1,Fairly conscious/deliberative,Fully clear,Quite hard,Rather unconfident,I tried to remember which colours could go in the middle of the pairs.
Qx5jlbaptoa196ahbqlmo3hn1Q,unconstrained,35.0,"[[7, 6, 5, 3], [2, 6, 7, 1, 4]]",1.0,1.856,0,Fairly conscious/deliberative,Fully clear,Quite hard,Rather unconfident,I tried to remember which colours could go in the middle of the pairs.
Qx5jlbaptoa196ahbqlmo3hn1Q,unconstrained,36.0,"[[0, 7, 6, 5, 3], [6, 7, 1, 4]]",1.0,2.068,1,Fairly conscious/deliberative,Fully clear,Quite hard,Rather unconfident,I tried to remember which colours could go in the middle of the pairs.
Qx5jlbaptoa196ahbqlmo3hn1Q,unconstrained,37.0,"[[3, 5, 6], [0, 7, 6, 2]]",0.0,2.301,1,Fairly conscious/deliberative,Fully clear,Quite hard,Rather unconfident,I tried to remember which colours could go in the middle of the pairs.
Qx5jlbaptoa196ahbqlmo3hn1Q,unconstrained,38.0,"[[1, 7, 6, 2], [1, 7, 0]]",1.0,7.167,1,Fairly conscious/deliberative,Fully clear,Quite hard,Rather unconfident,I tried to remember which colours could go in the middle of the pairs.
Qx5jlbaptoa196ahbqlmo3hn1Q,unconstrained,39.0,"[[4, 1, 7, 0], [7, 6, 2]]",0.0,2.025,0,Fairly conscious/deliberative,Fully clear,Quite hard,Rather unconfident,I tried to remember which colours could go in the middle of the pairs.
Qx5jlbaptoa196ahbqlmo3hn1Q,unconstrained,40.0,"[[3, 5, 6, 7], [5, 6, 7, 1, 4]]",0.0,6.598,1,Fairly conscious/deliberative,Fully clear,Quite hard,Rather unconfident,I tried to remember which colours could go in the middle of the pairs.
Qx5jlbaptoa196ahbqlmo3hn1Q,unconstrained,41.0,"[[5, 6, 7, 0], [1, 7, 6]]",1.0,8.099,1,Fairly conscious/deliberative,Fully clear,Quite hard,Rather unconfident,I tried to remember which colours could go in the middle of the pairs.
Qx5jlbaptoa196ahbqlmo3hn1Q,unconstrained,42.0,"[[1, 7, 6, 5, 3], [2, 6, 7, 1]]",0.0,3.029,0,Fairly conscious/deliberative,Fully clear,Quite hard,Rather unconfident,I tried to remember which colours could go in the middle of the pairs.
Qx5jlbaptoa196ahbqlmo3hn1Q,unconstrained,43.0,"[[1, 7, 6, 2], [1, 7, 6]]",1.0,8.677,1,Fairly conscious/deliberative,Fully clear,Quite hard,Rather unconfident,I tried to remember which colours could go in the middle of the pairs.
Qx5jlbaptoa196ahbqlmo3hn1Q,unconstrained,44.0,"[[2, 6, 7, 1], [5, 6, 2]]",1.0,2.902,1,Fairly conscious/deliberative,Fully clear,Quite hard,Rather unconfident,I tried to remember which colours could go in the middle of the pairs.
Qx5jlbaptoa196ahbqlmo3hn1Q,unconstrained,45.0,"[[6, 7, 1, 4], [5, 6, 7, 1, 4]]",1.0,6.677,0,Fairly conscious/deliberative,Fully clear,Quite hard,Rather unconfident,I tried to remember which colours could go in the middle of the pairs.
Qx5jlbaptoa196ahbqlmo3hn1Q,unconstrained,46.0,"[[4, 1, 7], [2, 6, 7, 1]]",0.0,1.519,1,Fairly conscious/deliberative,Fully clear,Quite hard,Rather unconfident,I tried to remember which colours could go in the middle of the pairs.
Qx5jlbaptoa196ahbqlmo3hn1Q,unconstrained,47.0,"[[5, 6, 7, 1], [0, 7, 1]]",1.0,2.382,1,Fairly conscious/deliberative,Fully clear,Quite hard,Rather unconfident,I tried to remember which colours could go in the middle of the pairs.
Qx5jlbaptoa196ahbqlmo3hn1Q,unconstrained,48.0,"[[0, 7, 1, 4], [4, 1, 7, 6, 2]]",1.0,5.778,0,Fairly conscious/deliberative,Fully clear,Quite hard,Rather unconfident,I tried to remember which colours could go in the middle of the pairs.
Qx5jlbaptoa196ahbqlmo3hn1Q,unconstrained,49.0,"[[7, 1, 4], [0, 7, 6, 2]]",1.0,3.047,0,Fairly conscious/deliberative,Fully clear,Quite hard,Rather unconfident,I tried to remember which colours could go in the middle of the pairs.
Qx5jlbaptoa196ahbqlmo3hn1Q,unconstrained,50.0,"[[3, 5, 6], [6, 7, 1, 4]]",0.0,8.137,1,Fairly conscious/deliberative,Fully clear,Quite hard,Rather unconfident,I tried to remember which colours could go in the middle of the pairs.
Qx5jlbaptoa196ahbqlmo3hn1Q,unconstrained,51.0,"[[5, 6, 7], [2, 6, 5, 3]]",1.0,3.242,0,Fairly conscious/deliberative,Fully clear,Quite hard,Rather unconfident,I tried to remember which colours could go in the middle of the pairs.
Qx5jlbaptoa196ahbqlmo3hn1Q,unconstrained,52.0,"[[3, 5, 6, 7, 0], [1, 7, 6, 2]]",1.0,8.484,1,Fairly conscious/deliberative,Fully clear,Quite hard,Rather unconfident,I tried to remember which colours could go in the middle of the pairs.
Qx5jlbaptoa196ahbqlmo3hn1Q,unconstrained,53.0,"[[5, 6, 7, 0], [0, 7, 6]]",1.0,2.611,1,Fairly conscious/deliberative,Fully clear,Quite hard,Rather unconfident,I tried to remember which colours could go in the middle of the pairs.
Qx5jlbaptoa196ahbqlmo3hn1Q,unconstrained,54.0,"[[3, 5, 6, 7], [4, 1, 7, 6, 5]]",0.0,6.893,1,Fairly conscious/deliberative,Fully clear,Quite hard,Rather unconfident,I tried to remember which colours could go in the middle of the pairs.
Qx5jlbaptoa196ahbqlmo3hn1Q,unconstrained,55.0,"[[6, 7, 1], [5, 6, 7, 1]]",1.0,1.859,0,Fairly conscious/deliberative,Fully clear,Quite hard,Rather unconfident,I tried to remember which colours could go in the middle of the pairs.
Qx5jlbaptoa196ahbqlmo3hn1Q,unconstrained,56.0,"[[7, 1, 4], [1, 7, 6, 5]]",1.0,2.295,0,Fairly conscious/deliberative,Fully clear,Quite hard,Rather unconfident,I tried to remember which colours could go in the middle of the pairs.
Qx5jlbaptoa196ahbqlmo3hn1Q,unconstrained,57.0,"[[6, 5, 3], [1, 7, 6, 2]]",0.0,10.325,1,Fairly conscious/deliberative,Fully clear,Quite hard,Rather unconfident,I tried to remember which colours could go in the middle of the pairs.
Qx5jlbaptoa196ahbqlmo3hn1Q,unconstrained,58.0,"[[4, 1, 7, 0], [5, 6, 7, 1, 4]]",1.0,1.962,0,Fairly conscious/deliberative,Fully clear,Quite hard,Rather unconfident,I tried to remember which colours could go in the middle of the pairs.
Qx5jlbaptoa196ahbqlmo3hn1Q,unconstrained,59.0,"[[7, 6, 5, 3], [5, 6, 2]]",1.0,2.196,1,Fairly conscious/deliberative,Fully clear,Quite hard,Rather unconfident,I tried to remember which colours could go in the middle of the pairs.
Qx5jlbaptoa196ahbqlmo3hn1Q,unconstrained,60.0,"[[5, 6, 7, 1], [3, 5, 6]]",0.0,6.822,0,Fairly conscious/deliberative,Fully clear,Quite hard,Rather unconfident,I tried to remember which colours could go in the middle of the pairs.
Qx5jlbaptoa196ahbqlmo3hn1Q,unconstrained,61.0,"[[1, 7, 6, 2], [7, 6, 5]]",1.0,4.81,1,Fairly conscious/deliberative,Fully clear,Quite hard,Rather unconfident,I tried to remember which colours could go in the middle of the pairs.
Qx5jlbaptoa196ahbqlmo3hn1Q,unconstrained,62.0,"[[2, 6, 5], [2, 6, 5, 3]]",1.0,7.29,0,Fairly conscious/deliberative,Fully clear,Quite hard,Rather unconfident,I tried to remember which colours could go in the middle of the pairs.
Qx5jlbaptoa196ahbqlmo3hn1Q,unconstrained,63.0,"[[1, 7, 6, 5], [2, 6, 5]]",0.0,6.686,0,Fairly conscious/deliberative,Fully clear,Quite hard,Rather unconfident,I tried to remember which colours could go in the middle of the pairs.
Qx5jlbaptoa196ahbqlmo3hn1Q,unconstrained,64.0,"[[7, 6, 5], [6, 7, 1, 4]]",0.0,1.81,1,Fairly conscious/deliberative,Fully clear,Quite hard,Rather unconfident,I tried to remember which colours could go in the middle of the pairs.
Qzck5cevsqxmr5iny2ho5xb9nQ,unconstrained,0.0,"[[7, 1, 4], [1, 7, 6, 5]]",1.0,31.047,0,Fully conscious/deliberative,Fully clear,Hard,Unconfident,"I tried to spot the purple, dark yellow and green colours then choose the block with those two colours,I also tried to remember some of the known pairs from Part1 so I do not choose them as the shortest route."
Qzck5cevsqxmr5iny2ho5xb9nQ,unconstrained,1.0,"[[6, 7, 1, 4], [1, 7, 6, 5, 3]]",0.0,26.366,1,Fully conscious/deliberative,Fully clear,Hard,Unconfident,"I tried to spot the purple, dark yellow and green colours then choose the block with those two colours,I also tried to remember some of the known pairs from Part1 so I do not choose them as the shortest route."
Qzck5cevsqxmr5iny2ho5xb9nQ,unconstrained,2.0,"[[2, 6, 5, 3], [4, 1, 7, 6, 2]]",0.0,26.85,1,Fully conscious/deliberative,Fully clear,Hard,Unconfident,"I tried to spot the purple, dark yellow and green colours then choose the block with those two colours,I also tried to remember some of the known pairs from Part1 so I do not choose them as the shortest route."
Qzck5cevsqxmr5iny2ho5xb9nQ,unconstrained,3.0,"[[2, 6, 5, 3], [1, 7, 6, 5, 3]]",1.0,6.307,0,Fully conscious/deliberative,Fully clear,Hard,Unconfident,"I tried to spot the purple, dark yellow and green colours then choose the block with those two colours,I also tried to remember some of the known pairs from Part1 so I do not choose them as the shortest route."
Qzck5cevsqxmr5iny2ho5xb9nQ,unconstrained,4.0,"[[4, 1, 7], [5, 6, 7, 0]]",1.0,4.567,0,Fully conscious/deliberative,Fully clear,Hard,Unconfident,"I tried to spot the purple, dark yellow and green colours then choose the block with those two colours,I also tried to remember some of the known pairs from Part1 so I do not choose them as the shortest route."
Qzck5cevsqxmr5iny2ho5xb9nQ,unconstrained,5.0,"[[4, 1, 7, 0], [5, 6, 7, 1, 4]]",0.0,2.963,1,Fully conscious/deliberative,Fully clear,Hard,Unconfident,"I tried to spot the purple, dark yellow and green colours then choose the block with those two colours,I also tried to remember some of the known pairs from Part1 so I do not choose them as the shortest route."
Qzck5cevsqxmr5iny2ho5xb9nQ,unconstrained,6.0,"[[5, 6, 7, 0], [2, 6, 7, 1, 4]]",0.0,7.484,1,Fully conscious/deliberative,Fully clear,Hard,Unconfident,"I tried to spot the purple, dark yellow and green colours then choose the block with those two colours,I also tried to remember some of the known pairs from Part1 so I do not choose them as the shortest route."
Qzck5cevsqxmr5iny2ho5xb9nQ,unconstrained,7.0,"[[7, 6, 2], [5, 6, 7, 1]]",0.0,7.389,1,Fully conscious/deliberative,Fully clear,Hard,Unconfident,"I tried to spot the purple, dark yellow and green colours then choose the block with those two colours,I also tried to remember some of the known pairs from Part1 so I do not choose them as the shortest route."
Qzck5cevsqxmr5iny2ho5xb9nQ,unconstrained,8.0,"[[6, 5, 3], [4, 1, 7, 6]]",0.0,5.132,1,Fully conscious/deliberative,Fully clear,Hard,Unconfident,"I tried to spot the purple, dark yellow and green colours then choose the block with those two colours,I also tried to remember some of the known pairs from Part1 so I do not choose them as the shortest route."
Qzck5cevsqxmr5iny2ho5xb9nQ,unconstrained,9.0,"[[5, 6, 2], [5, 6, 7, 1]]",1.0,6.56,0,Fully conscious/deliberative,Fully clear,Hard,Unconfident,"I tried to spot the purple, dark yellow and green colours then choose the block with those two colours,I also tried to remember some of the known pairs from Part1 so I do not choose them as the shortest route."
Qzck5cevsqxmr5iny2ho5xb9nQ,unconstrained,10.0,"[[2, 6, 5], [4, 1, 7, 0]]",0.0,8.76,1,Fully conscious/deliberative,Fully clear,Hard,Unconfident,"I tried to spot the purple, dark yellow and green colours then choose the block with those two colours,I also tried to remember some of the known pairs from Part1 so I do not choose them as the shortest route."
Qzck5cevsqxmr5iny2ho5xb9nQ,unconstrained,11.0,"[[1, 7, 0], [1, 7, 6, 5]]",0.0,6.268,1,Fully conscious/deliberative,Fully clear,Hard,Unconfident,"I tried to spot the purple, dark yellow and green colours then choose the block with those two colours,I also tried to remember some of the known pairs from Part1 so I do not choose them as the shortest route."
Qzck5cevsqxmr5iny2ho5xb9nQ,unconstrained,12.0,"[[5, 6, 2], [5, 6, 7, 0]]",0.0,5.789,1,Fully conscious/deliberative,Fully clear,Hard,Unconfident,"I tried to spot the purple, dark yellow and green colours then choose the block with those two colours,I also tried to remember some of the known pairs from Part1 so I do not choose them as the shortest route."
Qzck5cevsqxmr5iny2ho5xb9nQ,unconstrained,13.0,"[[2, 6, 7], [4, 1, 7, 0]]",0.0,7.783,1,Fully conscious/deliberative,Fully clear,Hard,Unconfident,"I tried to spot the purple, dark yellow and green colours then choose the block with those two colours,I also tried to remember some of the known pairs from Part1 so I do not choose them as the shortest route."
Qzck5cevsqxmr5iny2ho5xb9nQ,unconstrained,14.0,"[[2, 6, 7, 1], [1, 7, 0]]",0.0,10.447,0,Fully conscious/deliberative,Fully clear,Hard,Unconfident,"I tried to spot the purple, dark yellow and green colours then choose the block with those two colours,I also tried to remember some of the known pairs from Part1 so I do not choose them as the shortest route."
Qzck5cevsqxmr5iny2ho5xb9nQ,unconstrained,15.0,"[[6, 7, 1, 4], [7, 6, 5]]",0.0,7.873,0,Fully conscious/deliberative,Fully clear,Hard,Unconfident,"I tried to spot the purple, dark yellow and green colours then choose the block with those two colours,I also tried to remember some of the known pairs from Part1 so I do not choose them as the shortest route."
Qzck5cevsqxmr5iny2ho5xb9nQ,unconstrained,16.0,"[[0, 7, 6, 2], [7, 1, 4]]",1.0,16.25,1,Fully conscious/deliberative,Fully clear,Hard,Unconfident,"I tried to spot the purple, dark yellow and green colours then choose the block with those two colours,I also tried to remember some of the known pairs from Part1 so I do not choose them as the shortest route."
Qzck5cevsqxmr5iny2ho5xb9nQ,unconstrained,17.0,"[[1, 7, 0], [0, 7, 6, 5]]",1.0,12.547,0,Fully conscious/deliberative,Fully clear,Hard,Unconfident,"I tried to spot the purple, dark yellow and green colours then choose the block with those two colours,I also tried to remember some of the known pairs from Part1 so I do not choose them as the shortest route."
Qzck5cevsqxmr5iny2ho5xb9nQ,unconstrained,18.0,"[[4, 1, 7, 0], [6, 7, 0]]",0.0,25.852,0,Fully conscious/deliberative,Fully clear,Hard,Unconfident,"I tried to spot the purple, dark yellow and green colours then choose the block with those two colours,I also tried to remember some of the known pairs from Part1 so I do not choose them as the shortest route."
Qzck5cevsqxmr5iny2ho5xb9nQ,unconstrained,19.0,"[[5, 6, 7, 1, 4], [4, 1, 7, 6]]",0.0,4.26,0,Fully conscious/deliberative,Fully clear,Hard,Unconfident,"I tried to spot the purple, dark yellow and green colours then choose the block with those two colours,I also tried to remember some of the known pairs from Part1 so I do not choose them as the shortest route."
Qzck5cevsqxmr5iny2ho5xb9nQ,unconstrained,20.0,"[[0, 7, 1], [2, 6, 7, 0]]",0.0,8.265,1,Fully conscious/deliberative,Fully clear,Hard,Unconfident,"I tried to spot the purple, dark yellow and green colours then choose the block with those two colours,I also tried to remember some of the known pairs from Part1 so I do not choose them as the shortest route."
Qzck5cevsqxmr5iny2ho5xb9nQ,unconstrained,21.0,"[[7, 1, 4], [1, 7, 6, 2]]",1.0,7.197,0,Fully conscious/deliberative,Fully clear,Hard,Unconfident,"I tried to spot the purple, dark yellow and green colours then choose the block with those two colours,I also tried to remember some of the known pairs from Part1 so I do not choose them as the shortest route."
Qzck5cevsqxmr5iny2ho5xb9nQ,unconstrained,22.0,"[[5, 6, 7, 1], [4, 1, 7]]",1.0,6.582,1,Fully conscious/deliberative,Fully clear,Hard,Unconfident,"I tried to spot the purple, dark yellow and green colours then choose the block with those two colours,I also tried to remember some of the known pairs from Part1 so I do not choose them as the shortest route."
Qzck5cevsqxmr5iny2ho5xb9nQ,unconstrained,23.0,"[[3, 5, 6, 7], [5, 6, 2]]",1.0,7.124,1,Fully conscious/deliberative,Fully clear,Hard,Unconfident,"I tried to spot the purple, dark yellow and green colours then choose the block with those two colours,I also tried to remember some of the known pairs from Part1 so I do not choose them as the shortest route."
Qzck5cevsqxmr5iny2ho5xb9nQ,unconstrained,24.0,"[[7, 1, 4], [3, 5, 6, 2]]",1.0,4.45,0,Fully conscious/deliberative,Fully clear,Hard,Unconfident,"I tried to spot the purple, dark yellow and green colours then choose the block with those two colours,I also tried to remember some of the known pairs from Part1 so I do not choose them as the shortest route."
Qzck5cevsqxmr5iny2ho5xb9nQ,unconstrained,25.0,"[[4, 1, 7, 6], [3, 5, 6, 7, 0]]",1.0,7.913,0,Fully conscious/deliberative,Fully clear,Hard,Unconfident,"I tried to spot the purple, dark yellow and green colours then choose the block with those two colours,I also tried to remember some of the known pairs from Part1 so I do not choose them as the shortest route."
Qzck5cevsqxmr5iny2ho5xb9nQ,unconstrained,26.0,"[[0, 7, 6, 2], [6, 5, 3]]",1.0,11.906,1,Fully conscious/deliberative,Fully clear,Hard,Unconfident,"I tried to spot the purple, dark yellow and green colours then choose the block with those two colours,I also tried to remember some of the known pairs from Part1 so I do not choose them as the shortest route."
Qzck5cevsqxmr5iny2ho5xb9nQ,unconstrained,27.0,"[[0, 7, 6, 5], [1, 7, 6]]",0.0,10.329,0,Fully conscious/deliberative,Fully clear,Hard,Unconfident,"I tried to spot the purple, dark yellow and green colours then choose the block with those two colours,I also tried to remember some of the known pairs from Part1 so I do not choose them as the shortest route."
Qzck5cevsqxmr5iny2ho5xb9nQ,unconstrained,28.0,"[[0, 7, 1], [2, 6, 5, 3]]",0.0,6.757,1,Fully conscious/deliberative,Fully clear,Hard,Unconfident,"I tried to spot the purple, dark yellow and green colours then choose the block with those two colours,I also tried to remember some of the known pairs from Part1 so I do not choose them as the shortest route."
Qzck5cevsqxmr5iny2ho5xb9nQ,unconstrained,29.0,"[[1, 7, 6, 2], [5, 6, 7]]",1.0,8.297,1,Fully conscious/deliberative,Fully clear,Hard,Unconfident,"I tried to spot the purple, dark yellow and green colours then choose the block with those two colours,I also tried to remember some of the known pairs from Part1 so I do not choose them as the shortest route."
Qzck5cevsqxmr5iny2ho5xb9nQ,unconstrained,30.0,"[[7, 6, 5], [0, 7, 6, 5]]",1.0,5.854,0,Fully conscious/deliberative,Fully clear,Hard,Unconfident,"I tried to spot the purple, dark yellow and green colours then choose the block with those two colours,I also tried to remember some of the known pairs from Part1 so I do not choose them as the shortest route."
Qzck5cevsqxmr5iny2ho5xb9nQ,unconstrained,31.0,"[[5, 6, 7, 1], [3, 5, 6, 7, 1]]",0.0,6.667,1,Fully conscious/deliberative,Fully clear,Hard,Unconfident,"I tried to spot the purple, dark yellow and green colours then choose the block with those two colours,I also tried to remember some of the known pairs from Part1 so I do not choose them as the shortest route."
Qzck5cevsqxmr5iny2ho5xb9nQ,unconstrained,32.0,"[[0, 7, 1, 4], [7, 6, 2]]",1.0,5.232,1,Fully conscious/deliberative,Fully clear,Hard,Unconfident,"I tried to spot the purple, dark yellow and green colours then choose the block with those two colours,I also tried to remember some of the known pairs from Part1 so I do not choose them as the shortest route."
Qzck5cevsqxmr5iny2ho5xb9nQ,unconstrained,33.0,"[[2, 6, 7, 0], [0, 7, 6, 5, 3]]",1.0,9.386,0,Fully conscious/deliberative,Fully clear,Hard,Unconfident,"I tried to spot the purple, dark yellow and green colours then choose the block with those two colours,I also tried to remember some of the known pairs from Part1 so I do not choose them as the shortest route."
Qzck5cevsqxmr5iny2ho5xb9nQ,unconstrained,34.0,"[[0, 7, 1, 4], [6, 5, 3]]",1.0,7.319,1,Fully conscious/deliberative,Fully clear,Hard,Unconfident,"I tried to spot the purple, dark yellow and green colours then choose the block with those two colours,I also tried to remember some of the known pairs from Part1 so I do not choose them as the shortest route."
Qzck5cevsqxmr5iny2ho5xb9nQ,unconstrained,35.0,"[[0, 7, 6, 5, 3], [1, 7, 6, 2]]",0.0,12.042,0,Fully conscious/deliberative,Fully clear,Hard,Unconfident,"I tried to spot the purple, dark yellow and green colours then choose the block with those two colours,I also tried to remember some of the known pairs from Part1 so I do not choose them as the shortest route."
Qzck5cevsqxmr5iny2ho5xb9nQ,unconstrained,36.0,"[[2, 6, 5, 3], [5, 6, 2]]",1.0,8.564,1,Fully conscious/deliberative,Fully clear,Hard,Unconfident,"I tried to spot the purple, dark yellow and green colours then choose the block with those two colours,I also tried to remember some of the known pairs from Part1 so I do not choose them as the shortest route."
Qzck5cevsqxmr5iny2ho5xb9nQ,unconstrained,37.0,"[[2, 6, 7, 1], [0, 7, 1]]",0.0,6.811,0,Fully conscious/deliberative,Fully clear,Hard,Unconfident,"I tried to spot the purple, dark yellow and green colours then choose the block with those two colours,I also tried to remember some of the known pairs from Part1 so I do not choose them as the shortest route."
Qzck5cevsqxmr5iny2ho5xb9nQ,unconstrained,38.0,"[[0, 7, 6, 5], [6, 7, 0]]",1.0,7.224,1,Fully conscious/deliberative,Fully clear,Hard,Unconfident,"I tried to spot the purple, dark yellow and green colours then choose the block with those two colours,I also tried to remember some of the known pairs from Part1 so I do not choose them as the shortest route."
Qzck5cevsqxmr5iny2ho5xb9nQ,unconstrained,39.0,"[[6, 7, 1], [1, 7, 6, 5]]",1.0,19.832,0,Fully conscious/deliberative,Fully clear,Hard,Unconfident,"I tried to spot the purple, dark yellow and green colours then choose the block with those two colours,I also tried to remember some of the known pairs from Part1 so I do not choose them as the shortest route."
Qzck5cevsqxmr5iny2ho5xb9nQ,unconstrained,40.0,"[[2, 6, 7, 1], [7, 6, 2]]",1.0,16.209,1,Fully conscious/deliberative,Fully clear,Hard,Unconfident,"I tried to spot the purple, dark yellow and green colours then choose the block with those two colours,I also tried to remember some of the known pairs from Part1 so I do not choose them as the shortest route."
Qzck5cevsqxmr5iny2ho5xb9nQ,unconstrained,41.0,"[[2, 6, 7, 1], [1, 7, 6]]",0.0,11.712,0,Fully conscious/deliberative,Fully clear,Hard,Unconfident,"I tried to spot the purple, dark yellow and green colours then choose the block with those two colours,I also tried to remember some of the known pairs from Part1 so I do not choose them as the shortest route."
Qzck5cevsqxmr5iny2ho5xb9nQ,unconstrained,42.0,"[[0, 7, 6, 2], [5, 6, 7]]",0.0,10.482,0,Fully conscious/deliberative,Fully clear,Hard,Unconfident,"I tried to spot the purple, dark yellow and green colours then choose the block with those two colours,I also tried to remember some of the known pairs from Part1 so I do not choose them as the shortest route."
Qzck5cevsqxmr5iny2ho5xb9nQ,unconstrained,43.0,"[[4, 1, 7, 0], [6, 7, 1]]",0.0,2.809,0,Fully conscious/deliberative,Fully clear,Hard,Unconfident,"I tried to spot the purple, dark yellow and green colours then choose the block with those two colours,I also tried to remember some of the known pairs from Part1 so I do not choose them as the shortest route."
Qzck5cevsqxmr5iny2ho5xb9nQ,unconstrained,44.0,"[[6, 7, 1, 4], [3, 5, 6]]",0.0,5.204,0,Fully conscious/deliberative,Fully clear,Hard,Unconfident,"I tried to spot the purple, dark yellow and green colours then choose the block with those two colours,I also tried to remember some of the known pairs from Part1 so I do not choose them as the shortest route."
Qzck5cevsqxmr5iny2ho5xb9nQ,unconstrained,45.0,"[[5, 6, 7], [3, 5, 6, 2]]",1.0,5.414,0,Fully conscious/deliberative,Fully clear,Hard,Unconfident,"I tried to spot the purple, dark yellow and green colours then choose the block with those two colours,I also tried to remember some of the known pairs from Part1 so I do not choose them as the shortest route."
Qzck5cevsqxmr5iny2ho5xb9nQ,unconstrained,46.0,"[[0, 7, 6], [3, 5, 6, 2]]",1.0,32.503,0,Fully conscious/deliberative,Fully clear,Hard,Unconfident,"I tried to spot the purple, dark yellow and green colours then choose the block with those two colours,I also tried to remember some of the known pairs from Part1 so I do not choose them as the shortest route."
Qzck5cevsqxmr5iny2ho5xb9nQ,unconstrained,47.0,"[[7, 6, 2], [3, 5, 6, 7]]",1.0,7.73,0,Fully conscious/deliberative,Fully clear,Hard,Unconfident,"I tried to spot the purple, dark yellow and green colours then choose the block with those two colours,I also tried to remember some of the known pairs from Part1 so I do not choose them as the shortest route."
Qzck5cevsqxmr5iny2ho5xb9nQ,unconstrained,48.0,"[[6, 7, 1, 4], [2, 6, 7]]",0.0,9.337,0,Fully conscious/deliberative,Fully clear,Hard,Unconfident,"I tried to spot the purple, dark yellow and green colours then choose the block with those two colours,I also tried to remember some of the known pairs from Part1 so I do not choose them as the shortest route."
Qzck5cevsqxmr5iny2ho5xb9nQ,unconstrained,49.0,"[[7, 1, 4], [2, 6, 7, 1]]",0.0,19.463,1,Fully conscious/deliberative,Fully clear,Hard,Unconfident,"I tried to spot the purple, dark yellow and green colours then choose the block with those two colours,I also tried to remember some of the known pairs from Part1 so I do not choose them as the shortest route."
Qzck5cevsqxmr5iny2ho5xb9nQ,unconstrained,50.0,"[[7, 6, 5, 3], [4, 1, 7, 6, 5]]",1.0,6.19,0,Fully conscious/deliberative,Fully clear,Hard,Unconfident,"I tried to spot the purple, dark yellow and green colours then choose the block with those two colours,I also tried to remember some of the known pairs from Part1 so I do not choose them as the shortest route."
Qzck5cevsqxmr5iny2ho5xb9nQ,unconstrained,51.0,"[[3, 5, 6], [1, 7, 6, 5]]",1.0,12.105,0,Fully conscious/deliberative,Fully clear,Hard,Unconfident,"I tried to spot the purple, dark yellow and green colours then choose the block with those two colours,I also tried to remember some of the known pairs from Part1 so I do not choose them as the shortest route."
Qzck5cevsqxmr5iny2ho5xb9nQ,unconstrained,52.0,"[[3, 5, 6], [2, 6, 7, 1]]",0.0,24.504,1,Fully conscious/deliberative,Fully clear,Hard,Unconfident,"I tried to spot the purple, dark yellow and green colours then choose the block with those two colours,I also tried to remember some of the known pairs from Part1 so I do not choose them as the shortest route."
Qzck5cevsqxmr5iny2ho5xb9nQ,unconstrained,53.0,"[[2, 6, 7, 1, 4], [0, 7, 1, 4]]",0.0,12.848,0,Fully conscious/deliberative,Fully clear,Hard,Unconfident,"I tried to spot the purple, dark yellow and green colours then choose the block with those two colours,I also tried to remember some of the known pairs from Part1 so I do not choose them as the shortest route."
Qzck5cevsqxmr5iny2ho5xb9nQ,unconstrained,54.0,"[[2, 6, 5], [2, 6, 7, 1]]",1.0,14.948,0,Fully conscious/deliberative,Fully clear,Hard,Unconfident,"I tried to spot the purple, dark yellow and green colours then choose the block with those two colours,I also tried to remember some of the known pairs from Part1 so I do not choose them as the shortest route."
Qzck5cevsqxmr5iny2ho5xb9nQ,unconstrained,55.0,"[[6, 7, 1, 4], [2, 6, 7]]",1.0,15.424,1,Fully conscious/deliberative,Fully clear,Hard,Unconfident,"I tried to spot the purple, dark yellow and green colours then choose the block with those two colours,I also tried to remember some of the known pairs from Part1 so I do not choose them as the shortest route."
Qzck5cevsqxmr5iny2ho5xb9nQ,unconstrained,56.0,"[[1, 7, 6, 5, 3], [1, 7, 6, 2]]",0.0,6.658,0,Fully conscious/deliberative,Fully clear,Hard,Unconfident,"I tried to spot the purple, dark yellow and green colours then choose the block with those two colours,I also tried to remember some of the known pairs from Part1 so I do not choose them as the shortest route."
Qzck5cevsqxmr5iny2ho5xb9nQ,unconstrained,57.0,"[[5, 6, 7], [4, 1, 7, 0]]",1.0,7.357,0,Fully conscious/deliberative,Fully clear,Hard,Unconfident,"I tried to spot the purple, dark yellow and green colours then choose the block with those two colours,I also tried to remember some of the known pairs from Part1 so I do not choose them as the shortest route."
Qzck5cevsqxmr5iny2ho5xb9nQ,unconstrained,58.0,"[[4, 1, 7, 6], [0, 7, 1]]",0.0,31.2,0,Fully conscious/deliberative,Fully clear,Hard,Unconfident,"I tried to spot the purple, dark yellow and green colours then choose the block with those two colours,I also tried to remember some of the known pairs from Part1 so I do not choose them as the shortest route."
Qzck5cevsqxmr5iny2ho5xb9nQ,unconstrained,59.0,"[[3, 5, 6, 7], [2, 6, 7, 1, 4]]",1.0,18.521,0,Fully conscious/deliberative,Fully clear,Hard,Unconfident,"I tried to spot the purple, dark yellow and green colours then choose the block with those two colours,I also tried to remember some of the known pairs from Part1 so I do not choose them as the shortest route."
Qzck5cevsqxmr5iny2ho5xb9nQ,unconstrained,60.0,"[[6, 7, 1], [3, 5, 6, 2]]",0.0,12.631,1,Fully conscious/deliberative,Fully clear,Hard,Unconfident,"I tried to spot the purple, dark yellow and green colours then choose the block with those two colours,I also tried to remember some of the known pairs from Part1 so I do not choose them as the shortest route."
Qzck5cevsqxmr5iny2ho5xb9nQ,unconstrained,61.0,"[[5, 6, 7], [1, 7, 6, 5]]",1.0,7.092,0,Fully conscious/deliberative,Fully clear,Hard,Unconfident,"I tried to spot the purple, dark yellow and green colours then choose the block with those two colours,I also tried to remember some of the known pairs from Part1 so I do not choose them as the shortest route."
Qzck5cevsqxmr5iny2ho5xb9nQ,unconstrained,62.0,"[[4, 1, 7, 6], [2, 6, 5]]",0.0,9.109,0,Fully conscious/deliberative,Fully clear,Hard,Unconfident,"I tried to spot the purple, dark yellow and green colours then choose the block with those two colours,I also tried to remember some of the known pairs from Part1 so I do not choose them as the shortest route."
Qzck5cevsqxmr5iny2ho5xb9nQ,unconstrained,63.0,"[[4, 1, 7, 6, 5, 3], [4, 1, 7, 6, 2]]",1.0,8.674,1,Fully conscious/deliberative,Fully clear,Hard,Unconfident,"I tried to spot the purple, dark yellow and green colours then choose the block with those two colours,I also tried to remember some of the known pairs from Part1 so I do not choose them as the shortest route."
Qzck5cevsqxmr5iny2ho5xb9nQ,unconstrained,64.0,"[[3, 5, 6, 7], [4, 1, 7, 6, 5]]",1.0,8.613,0,Fully conscious/deliberative,Fully clear,Hard,Unconfident,"I tried to spot the purple, dark yellow and green colours then choose the block with those two colours,I also tried to remember some of the known pairs from Part1 so I do not choose them as the shortest route."
